dataset,series,break_index,break_date,left_mean,right_mean,mean_change,mean_change_pct,t_stat,p_value,effect_size,p_value_bonferroni
price,Cement In Bulk (Ordinary Portland Cement),24,2001-01-01,4.286712039285006,4.514784545034528,0.22807250574952231,5.320453150558796,-17.371554807219038,3.6361825481570767e-31,1.4130335093195938,1.0254034785802956e-28
price,Cement In Bulk (Ordinary Portland Cement),25,2001-02-01,4.285919410810416,4.515597293289001,0.229677882478585,5.358894100977873,-17.803334056863974,1.8290627342796194e-33,1.4281090981420403,5.157956910668527e-31
price,Cement In Bulk (Ordinary Portland Cement),26,2001-03-01,4.285187753756948,4.516415388571464,0.23122763481451614,5.39597441469845,-18.218068017411948,8.582593126627103e-36,1.4430027634862947,2.420291261708843e-33
price,Cement In Bulk (Ordinary Portland Cement),27,2001-04-01,4.284769113842031,4.517215820625976,0.23244670678394552,5.4249529113020785,-18.608945588608215,3.4448846236561915e-38,1.4557090605399627,9.71457463871046e-36
price,Cement In Bulk (Ordinary Portland Cement),28,2001-05-01,4.284330600762157,4.518026168549885,0.23369556778772793,5.45465767151944,-18.98577025304706,1.4098056309530969e-40,1.4688034229713844,3.9756518792877333e-38
price,Cement In Bulk (Ordinary Portland Cement),29,2001-06-01,4.284161960939282,4.518818813475637,0.2346568525363546,5.47731049096256,-19.332593069539474,5.9029860281733834e-43,1.4799416930107423,1.664642059944894e-40
price,Cement In Bulk (Ordinary Portland Cement),30,2001-07-01,4.283304748004723,4.5196867242775465,0.2363819762728232,5.518682190029467,-19.68862452224988,3.880659396783445e-45,1.4969502454613905,1.0943459498929315e-42
price,Cement In Bulk (Ordinary Portland Cement),31,2001-08-01,4.28218186071584,4.520593719201386,0.2384118584855459,5.567532305731903,-20.025769881254682,4.398484777603168e-47,1.5165526467369868,1.2403727072840934e-44
price,Cement In Bulk (Ordinary Portland Cement),32,2001-09-01,4.280543340044355,4.521569707523444,0.24102636747908868,5.6307423691823,-20.307880763973245,2.1572932620578634e-48,1.541017980618978,6.083566999003175e-46
price,Cement In Bulk (Ordinary Portland Cement),33,2001-10-01,4.27900412365599,4.522552268157434,0.24354814450144424,5.691701561001446,-20.59882699322202,8.735689423267364e-50,1.5652522121288335,2.463464417361397e-47
price,Cement In Bulk (Ordinary Portland Cement),34,2001-11-01,4.277555449408117,4.523541467714628,0.24598601830651035,5.7506213821388865,-20.89664117755406,3.03240263652351e-51,1.5893150203632906,8.551375434996299e-49
price,Cement In Bulk (Ordinary Portland Cement),35,2001-12-01,4.275770613136977,4.5245870788597,0.2488164657227223,5.819219229353717,-21.146230577871997,3.61148004953441e-52,1.6170638552408125,1.0184373739687036e-49
price,Cement In Bulk (Ordinary Portland Cement),36,2002-01-01,4.2740849344364555,4.5256398030057605,0.251554868569305,5.885584222777568,-21.41168285250981,3.201195205933942e-53,1.6446893135823681,9.027370480733717e-51
price,Cement In Bulk (Ordinary Portland Cement),37,2002-02-01,4.2727407175271646,4.52666809957304,0.25392738204587584,5.942962581470086,-21.719144282920386,1.0369634508397078e-54,1.669878578501797,2.924236931367976e-52
price,Cement In Bulk (Ordinary Portland Cement),38,2002-03-01,4.270729100875005,4.5277994996238204,0.2570703987488159,6.019356242851981,-21.924441287478245,4.182729021901226e-55,1.7022393355133374,1.1795295841761457e-52
price,Cement In Bulk (Ordinary Portland Cement),39,2002-04-01,4.268778156840709,4.528944369782192,0.260166212941483,6.094629502462365,-22.147473262639284,1.276985405565718e-55,1.735044448196186,3.601098843695325e-53
price,Cement In Bulk (Ordinary Portland Cement),40,2002-05-01,4.26709379378258,4.530073820593457,0.26298002681087684,6.162977415543455,-22.42149680379815,1.3740478709861692e-56,1.7662142550135587,3.874814996180997e-54
price,Cement In Bulk (Ordinary Portland Cement),41,2002-06-01,4.26545138604715,4.531216792025856,0.2657654059787058,6.23065138775369,-22.70419107224267,1.3427772207635232e-57,1.797957413520155,3.786631762553135e-55
price,Cement In Bulk (Ordinary Portland Cement),42,2002-07-01,4.264043806954841,4.532344860525355,0.26830105357051437,6.292173948422005,-23.020195783086173,6.355698216467072e-59,1.8282333625351967,1.7923068970437142e-56
price,Cement In Bulk (Ordinary Portland Cement),43,2002-08-01,4.262183088385789,4.533558491020267,0.27137540263447857,6.367051743365071,-23.2688798858353,1.7021036197452562e-59,1.864486440757296,4.7999322076816225e-57
price,Cement In Bulk (Ordinary Portland Cement),44,2002-09-01,4.260706244278425,4.5347345628501925,0.27402831857176757,6.431523387460753,-23.584338400064645,1.0879466434960388e-60,1.897712228219191,3.0680095346588293e-58
price,Cement In Bulk (Ordinary Portland Cement),45,2002-10-01,4.2596694759963905,4.535859765977432,0.27619028998104156,6.483843207492928,-23.9433076686623,2.170840928466227e-62,1.9269759184380657,6.12177141827476e-60
price,Cement In Bulk (Ordinary Portland Cement),46,2002-11-01,4.258493786105992,4.537022695642711,0.2785289095367185,6.540549864026173,-24.294414755272754,6.449722976799762e-64,1.958849518131519,1.8188218794575328e-61
price,Cement In Bulk (Ordinary Portland Cement),47,2002-12-01,4.257371298106112,4.538193317005012,0.2808220188988999,6.596136423990628,-24.652602618723922,1.7590475929760492e-65,1.9911684325470165,4.960514212192458e-63
price,Cement In Bulk (Ordinary Portland Cement),48,2003-01-01,4.256292474000529,4.539372769402058,0.283080295401529,6.650865680183374,-25.01729850017241,4.51275344442834e-67,2.024065357356709,1.272596471328792e-64
price,Cement In Bulk (Ordinary Portland Cement),49,2003-02-01,4.25559272117143,4.540502193544504,0.28490947237307385,6.694942186446998,-25.39853353712797,5.65588022226186e-69,2.053197034840773,1.5949582226778446e-66
price,Cement In Bulk (Ordinary Portland Cement),50,2003-03-01,4.255067115200653,4.541613585583475,0.286546470382822,6.7342409091309845,-25.779191524266057,5.999009936325876e-71,2.080954250455427,1.6917208020438972e-68
price,Cement In Bulk (Ordinary Portland Cement),51,2003-04-01,4.254718541141958,4.542704351703104,0.28798581056114525,6.768621890646858,-26.15252943953729,5.922033047441676e-73,2.1071588029948494,1.6700133193785524e-70
price,Cement In Bulk (Ordinary Portland Cement),52,2003-05-01,4.254538327576894,4.543773980897148,0.28923565332025447,6.7982852909209575,-26.512152618695644,6.074525608083626e-75,2.1317835474448232,1.7130162214795823e-72
price,Cement In Bulk (Ordinary Portland Cement),53,2003-06-01,4.254662687054064,4.544794358518195,0.2901316714641311,6.819146259160178,-26.827768885548085,8.430167265920078e-77,2.1527203281159997,2.377307168989462e-74
price,Cement In Bulk (Ordinary Portland Cement),54,2003-07-01,4.255126656105828,4.545754783672794,0.29062812756696577,6.8300699616058065,-27.06611466593635,2.510070699684392e-78,2.169167110934157,7.078399373109985e-76
price,Cement In Bulk (Ordinary Portland Cement),55,2003-08-01,4.255573753555709,4.546722193737606,0.2911484401818969,6.8415789983343664,-27.306234274414347,7.962927815408996e-80,2.1861669265522297,2.2455456439453368e-77
price,Cement In Bulk (Ordinary Portland Cement),56,2003-09-01,4.256004883239525,4.547696665189752,0.2916917819502274,6.853652426455902,-27.548359296394818,2.689429349587169e-81,2.2037319173023664,7.584190765835816e-79
price,Cement In Bulk (Ordinary Portland Cement),57,2003-10-01,4.256420885566012,4.548678275626898,0.292257390060886,6.8662709332144,-27.792730422274424,9.65800172750047e-83,2.2218756151936447,2.723556487155133e-80
price,Cement In Bulk (Ordinary Portland Cement),58,2003-11-01,4.2567699413151505,4.54967832032032,0.2929083790051692,6.881000924251821,-28.053677443038907,3.224246856263033e-84,2.2414587574879428,9.092376134661753e-82
price,Cement In Bulk (Ordinary Portland Cement),59,2003-12-01,4.257340949786901,4.550634847549736,0.293293897762835,6.889133410316026,-28.248650888763496,2.2355711493803721e-85,2.257816853356698,6.3043106412526494e-83
price,Cement In Bulk (Ordinary Portland Cement),60,2004-01-01,4.257892924642926,4.551598460166037,0.2937055355231113,6.897907972820663,-28.447679436212493,1.600047767939976e-86,2.274767645758043,4.512134705590733e-84
price,Cement In Bulk (Ordinary Portland Cement),61,2004-02-01,4.258636548066951,4.552521673945433,0.29388512587848226,6.900920577781648,-28.5772183740673,2.523856581654394e-87,2.2887251926905114,7.117275560265392e-85
price,Cement In Bulk (Ordinary Portland Cement),62,2004-03-01,4.259454047682053,4.55342913719074,0.2939750895086872,6.901708205272579,-28.67510293600667,5.87012455384239e-88,2.301552575718688,1.655375124183554e-85
price,Cement In Bulk (Ordinary Portland Cement),63,2004-04-01,4.26041116145201,4.554304331655166,0.2938931702031553,6.898234913622567,-28.711166852442812,2.769050066415424e-88,2.3120051154383177,7.808721187291495e-86
price,Cement In Bulk (Ordinary Portland Cement),64,2004-05-01,4.261384028307816,4.555175119968817,0.29379109166100115,6.894264626454349,-28.73752399581991,1.486215767354064e-88,2.322190112143431,4.1911284639384606e-86
price,Cement In Bulk (Ordinary Portland Cement),65,2004-06-01,4.262463081756928,4.556019092110208,0.2935560103532806,6.88700417394069,-28.712220836084352,1.4264768763673258e-88,2.3304225623845958,4.022664791355859e-86
price,Cement In Bulk (Ordinary Portland Cement),66,2004-07-01,4.2635531984080695,4.5568585175320955,0.293305319124026,6.8793634200117575,-28.679664574351367,1.493279011038775e-88,2.3383825604665653,4.211046811129345e-86
price,Cement In Bulk (Ordinary Portland Cement),67,2004-08-01,4.2648051684304,4.55765480394893,0.2928496355185297,6.866659177922277,-28.564508132945825,3.886616438201765e-88,2.3431864029537586,1.0960258355728976e-85
price,Cement In Bulk (Ordinary Portland Cement),68,2004-09-01,4.266082978966218,4.558440905166805,0.2923579262005864,6.853076408547315,-28.435895347632837,1.1639567772702835e-87,2.3473162969141024,3.282358111902199e-85
price,Cement In Bulk (Ordinary Portland Cement),69,2004-10-01,4.267364775806872,4.55922218464648,0.29185740883960865,6.839288979799585,-28.305501978865436,3.519764004860424e-87,2.35117358517205,9.925734493706395e-85
price,Cement In Bulk (Ordinary Portland Cement),70,2004-11-01,4.268772382620259,4.559965742076875,0.2911933594566154,6.8214777775964475,-28.10870723778951,2.1985067718264903e-86,2.352337070602434,6.199789096550703e-84
price,Cement In Bulk (Ordinary Portland Cement),71,2004-12-01,4.270179645826096,4.560704265906381,0.29052462008028446,6.803569034016142,-27.914657575618303,1.3091320903768562e-85,2.3532371903714777,3.691752494862734e-83
price,Cement In Bulk (Ordinary Portland Cement),72,2005-01-01,4.271645998268238,4.5614211156902815,0.2897751174220433,6.783687541980787,-27.691181954088094,1.0636477248396564e-84,2.3526660623452336,2.999486584047831e-82
price,Cement In Bulk (Ordinary Portland Cement),73,2005-02-01,4.273569625086787,4.562002245494438,0.28843262040765083,6.74922010664079,-27.20492331088625,1.695985824012516e-82,2.3424593127780393,4.782680023715295e-80
price,Cement In Bulk (Ordinary Portland Cement),74,2005-03-01,4.275514825120795,4.562566651033073,0.28705182591227807,6.713854065613445,-26.726377514892494,2.3836493437187772e-80,2.33136687605768,6.721891149286952e-78
price,Cement In Bulk (Ordinary Portland Cement),75,2005-04-01,4.2777949753531646,4.563021712046738,0.28522673669357346,6.6676111954155965,-26.061508222699498,2.8517254888181288e-77,2.312979700298332,8.041865878467123e-75
price,Cement In Bulk (Ordinary Portland Cement),76,2005-05-01,4.280050539943441,4.5634697586130075,0.2834192186695663,6.6218661678072515,-25.45072328659557,1.652857110614567e-74,2.2946453240385387,4.661057051933078e-72
price,Cement In Bulk (Ordinary Portland Cement),77,2005-06-01,4.282212560107143,4.563931986542117,0.2817194264349734,6.578828642451243,-24.926378413354552,3.18631037415911e-72,2.277784456461581,8.98539525512869e-70
price,Cement In Bulk (Ordinary Portland Cement),78,2005-07-01,4.284319143856391,4.564397882946854,0.2800787390904631,6.537298685885462,-24.45579712543108,3.06338130469209e-70,2.261632885355461,8.638735279231694e-68
price,Cement In Bulk (Ordinary Portland Cement),79,2005-08-01,4.286372396371481,4.56486749167354,0.27849509530205907,6.49722118259748,-24.031360812227984,1.6380368014039557e-68,2.2461609409928442,4.6192637799591553e-66
price,Cement In Bulk (Ordinary Portland Cement),80,2005-09-01,4.288440064905447,4.565319818123879,0.2768797532184326,6.456421193437791,-23.614747730383122,7.61425901229307e-67,2.229998997503714,2.1472210414666454e-64
price,Cement In Bulk (Ordinary Portland Cement),81,2005-10-01,4.290504083223999,4.5657603573584815,0.27525627413448284,6.415476335536964,-23.214110387583872,2.827709477973353e-65,2.213527971512156,7.974140727884855e-63
price,Cement In Bulk (Ordinary Portland Cement),82,2005-11-01,4.292517759632341,4.566204449328845,0.273686689696504,6.375901161558516,-22.849489508251875,6.80697671681977e-64,2.1977116836967623,1.919567434143175e-61
price,Cement In Bulk (Ordinary Portland Cement),83,2005-12-01,4.294482913717591,4.566652137185611,0.27216922346801997,6.337648302165723,-22.516422268622705,1.1326689838040665e-62,2.1825236480057493,3.1941265343274675e-60
price,Cement In Bulk (Ordinary Portland Cement),84,2006-01-01,4.296401278419859,4.567103464781048,0.2707021863611887,6.300672791456487,-22.211172409654477,1.3735384603211268e-61,2.1679389911904945,3.8733784581055773e-59
price,Cement In Bulk (Ordinary Portland Cement),85,2006-02-01,4.298425188819797,4.567506198668258,0.2690810098484606,6.259990532075334,-21.868239119118353,2.4447132319449332e-60,2.1508648936837504,6.894091314084712e-58
price,Cement In Bulk (Ordinary Portland Cement),86,2006-03-01,4.300431324343617,4.567901909138749,0.26747058479513175,6.219622280236187,-21.54122638221956,3.6106919374242395e-59,2.1338273139283284,1.0182151263536355e-56
price,Cement In Bulk (Ordinary Portland Cement),87,2006-04-01,4.302421536312087,4.568290066108043,0.26586852979595577,6.17950908696526,-21.22810625674327,4.549167138321207e-58,2.116798973704892,1.2828651330065805e-55
price,Cement In Bulk (Ordinary Portland Cement),88,2006-05-01,4.304366516190363,4.568681430986174,0.2643149147958104,6.140622872183891,-20.93905212530996,4.4270818743308147e-57,2.1003830757732214,1.2484370885612897e-54
price,Cement In Bulk (Ordinary Portland Cement),89,2006-06-01,4.3063100026879795,4.5690604542911855,0.262750451603206,6.10152198609014,-20.655765941867756,4.0419459478184657e-56,2.0837022762669286,1.1398287572848074e-53
price,Cement In Bulk (Ordinary Portland Cement),90,2006-07-01,4.30821030059676,4.569442636123739,0.2612323355269792,6.063592937670525,-20.393048816392813,2.986491553090406e-55,2.0676081243242512,8.421906179714945e-53
price,Cement In Bulk (Ordinary Portland Cement),91,2006-08-01,4.310068833716336,4.569828016130624,0.25975918241428797,6.026798931429405,-20.148787660817053,1.834217691385793e-54,2.052077758562413,5.172493889707936e-52
price,Cement In Bulk (Ordinary Portland Cement),92,2006-09-01,4.311886963942009,4.570216634624963,0.2583296706829534,5.991104888491407,-19.921155158143772,9.57775186199991e-54,2.0370896311173667,2.700926025083975e-51
price,Cement In Bulk (Ordinary Portland Cement),93,2006-10-01,4.313734203989949,4.570581766887514,0.2568475628975655,5.954181475993507,-19.685775990694747,5.435590947209513e-53,2.021253595995181,1.5328366471130826e-50
price,Cement In Bulk (Ordinary Portland Cement),94,2006-11-01,4.3155421410581445,4.570949993491273,0.25540785243312847,5.918325996707891,-19.465726775623736,2.665302541625808e-52,2.005952823340906,7.516153167384778e-50
price,Cement In Bulk (Ordinary Portland Cement),95,2006-12-01,4.317312016293326,4.571321353938467,0.2540093376451411,5.883506605186796,-19.259581866741044,1.148303628265164e-51,1.991167271666914,3.2382162317077625e-49
price,Cement In Bulk (Ordinary Portland Cement),96,2007-01-01,4.319045019127774,4.5716958884065795,0.2526508692788054,5.849692887198198,-19.06609009369241,4.4099783456385694e-51,1.976878011693835,1.2436138934700765e-48
price,Cement In Bulk (Ordinary Portland Cement),97,2007-02-01,4.320892523091839,4.572011094349775,0.251118571257936,5.811729172061116,-18.837544455503863,2.412566793553761e-50,1.960071003904981,6.803438357821606e-48
price,Cement In Bulk (Ordinary Portland Cement),98,2007-03-01,4.322702322893371,4.572329017585584,0.2496266946922132,5.774783365724043,-18.62274245429304,1.1619867139028943e-49,1.9437974886218072,3.276802533206162e-47
price,Cement In Bulk (Ordinary Portland Cement),99,2007-04-01,4.324618428579657,4.572588464476276,0.2479700358966186,5.7339171071807105,-18.376830113885816,7.657677191367537e-49,1.9252091142659282,2.1594649679656455e-46
price,Cement In Bulk (Ordinary Portland Cement),100,2007-05-01,4.326621602226636,4.572795650003227,0.24617404777659146,5.689752199496748,-18.107043626089304,6.419148074391973e-48,1.9047229063112747,1.8101997569785365e-45
price,Cement In Bulk (Ordinary Portland Cement),101,2007-06-01,4.328600117068715,4.5729980257618585,0.24439790869314315,5.646118885628247,-17.848864138350894,4.819755910595483e-47,1.8845626645899247,1.3591711667879262e-44
price,Cement In Bulk (Ordinary Portland Cement),102,2007-07-01,4.330847850360886,4.5730643815201555,0.24221653115926944,5.592820148116857,-17.5122216756375,7.861951041489389e-46,1.859030705240095,2.2170701937000077e-43
price,Cement In Bulk (Ordinary Portland Cement),103,2007-08-01,4.333750908110572,4.57281416822915,0.23906326011857804,5.5163128935531,-16.97203699620827,9.682335228146637e-44,1.8209340795945916,2.7304185343373516e-41
price,Cement In Bulk (Ordinary Portland Cement),104,2007-09-01,4.3370471511294575,4.5723551150705415,0.235307963941084,5.425533911472576,-16.327276944045288,3.195737403802872e-41,1.7758251264462779,9.011979478724098e-39
price,Cement In Bulk (Ordinary Portland Cement),105,2007-10-01,4.340447620120439,4.571814042714487,0.23136642259404816,5.330473786195079,-15.688862803855146,8.971596873722235e-39,1.7294348705533604,2.5299903183896702e-36
price,Cement In Bulk (Ordinary Portland Cement),106,2007-11-01,4.3439295312637585,4.5711992384350335,0.22726970717127504,5.231892127521612,-15.065094872229485,1.9794251505356355e-36,1.682288659675011,5.581978924510492e-34
price,Cement In Bulk (Ordinary Portland Cement),107,2007-12-01,4.347669088773954,4.570424068271716,0.22275497949776213,5.123549537680643,-14.403673831949307,5.635132019261019e-34,1.631440064259765,1.5891072294316073e-31
price,Cement In Bulk (Ordinary Portland Cement),108,2008-01-01,4.351379600489696,4.569622355272608,0.21824275478291177,5.015484164110876,-13.79409333334801,8.856519814511202e-32,1.5820127099169987,2.4975385876921587e-29
price,Cement In Bulk (Ordinary Portland Cement),109,2008-02-01,4.355124801763116,4.568762698331341,0.2136378965682244,4.905436842630453,-13.212291598459712,9.851720659410283e-30,1.532890998999429,2.7781852259537e-27
price,Cement In Bulk (Ordinary Portland Cement),110,2008-03-01,4.358971692689786,4.567810334216043,0.20883864152625708,4.791007059680841,-12.638850094617423,9.314941386404343e-28,1.483017037427338,2.626813470966025e-25
price,Cement In Bulk (Ordinary Portland Cement),111,2008-04-01,4.362809682958923,4.566818652579751,0.20400896962082804,4.676091428367467,-12.099881853170364,6.016781297333423e-26,1.4341888815795294,1.6967323258480254e-23
price,Cement In Bulk (Ordinary Portland Cement),112,2008-05-01,4.366601487064485,4.565806390698089,0.19920490363360432,4.5620124534772435,-11.59908200701836,2.625628417870683e-24,1.3869169247318676,7.404272138395326e-22
price,Cement In Bulk (Ordinary Portland Cement),113,2008-06-01,4.370333551153171,4.564780960567269,0.19444740941409844,4.4492578687224205,-11.134102038046294,8.047146094598334e-23,1.3413110392812397,2.26929519867673e-20
price,Cement In Bulk (Ordinary Portland Cement),114,2008-07-01,4.374259215436023,4.563609301683791,0.18935008624776817,4.32873492223743,-10.650929191381465,2.6806174189414562e-21,1.293619736243981,7.5593411214149065e-19
price,Cement In Bulk (Ordinary Portland Cement),115,2008-08-01,4.378237377336898,4.56236214571936,0.18412476838246228,4.205454216245758,-10.179560607878598,7.606732209029428e-20,1.2459883697808576,2.1450984829462987e-17
price,Cement In Bulk (Ordinary Portland Cement),116,2008-09-01,4.382186037074955,4.561082146835099,0.17889610976014403,4.082348586906515,-9.733719434056637,1.6660200856596298e-18,1.1995518218088825,4.698176641560156e-16
price,Cement In Bulk (Ordinary Portland Cement),117,2008-10-01,4.386087524188472,4.559778964288049,0.17369144009957704,3.960054128917867,-9.313302211960252,2.849467940785975e-17,1.1544766387096144,8.03549959301645e-15
price,Cement In Bulk (Ordinary Portland Cement),118,2008-11-01,4.389875784610892,4.558489703487361,0.16861391887646882,3.8409724363400035,-8.925793891947889,3.651637491352559e-16,1.1115528308899683,1.0297617725614217e-13
price,Cement In Bulk (Ordinary Portland Cement),119,2008-12-01,4.393451879794593,4.557271971695967,0.16382009190137392,3.728733041433311,-8.582012553799789,3.3070296647331572e-15,1.0719386393643835,9.325823654547503e-13
price,Cement In Bulk (Ordinary Portland Cement),120,2009-01-01,4.396763276903594,4.556159840452259,0.15939656354866472,3.6253160224927825,-8.28405737713203,2.12753690167158e-14,1.0361333825576169,5.999654062713856e-12
price,Cement In Bulk (Ordinary Portland Cement),121,2009-02-01,4.399818442661285,4.55515372326024,0.15533528059895474,3.5304929651824053,-8.025670377883882,1.0304150183005879e-13,1.0038600800381015,2.905770351607658e-11
price,Cement In Bulk (Ordinary Portland Cement),122,2009-03-01,4.402423255551913,4.554372704548426,0.15194944899651297,3.4514956917168047,-7.827775730861938,3.3362287748730215e-13,0.977407111263062,9.40816514514192e-11
price,Cement In Bulk (Ordinary Portland Cement),123,2009-04-01,4.40480201680749,4.553693293024563,0.1488912762170731,3.3802035970957545,-7.657684152713945,8.996807461883142e-13,0.9538308322888008,2.5370997042510457e-10
price,Cement In Bulk (Ordinary Portland Cement),124,2009-05-01,4.406918174550233,4.553142262520276,0.14622408797004294,3.3180577033283916,-7.518057320414842,1.999241963176445e-12,0.9335171315916527,5.637862336157575e-10
price,Cement In Bulk (Ordinary Portland Cement),125,2009-06-01,4.40890973555626,4.552641184287187,0.14373144873092691,3.2600224851914033,-7.39147336148864,4.089827407257059e-12,0.9147169983844134,1.1533313288464908e-09
price,Cement In Bulk (Ordinary Portland Cement),126,2009-07-01,4.4107250342909365,4.552224536287979,0.14149950199704264,3.208078057393345,-7.283392225303461,7.465288112425957e-12,0.8980409955927088,2.10521124770412e-09
price,Cement In Bulk (Ordinary Portland Cement),127,2009-08-01,4.412350024232373,4.55190495884677,0.13955493461439694,3.162825565695587,-7.194832125830632,1.211164249036945e-11,0.883638872527664,3.4154831822841848e-09
price,Cement In Bulk (Ordinary Portland Cement),128,2009-09-01,4.413809415556047,4.551671062040752,0.1378616464847049,3.12341638492194,-7.122636616541777,1.7828249415147463e-11,0.8711949623724556,5.027566335071585e-09
price,Cement In Bulk (Ordinary Portland Cement),129,2009-10-01,4.415238378001744,4.551439845578014,0.13620146757626994,3.084804395950015,-7.05189874504804,2.6026769750309635e-11,0.8590556134282088,7.339549069587317e-09
price,Cement In Bulk (Ordinary Portland Cement),130,2009-11-01,4.416433303872642,4.551344151099811,0.13491084722716895,3.0547466234544864,-7.00464264536577,3.3112973268670764e-11,0.8497013614916719,9.337858461765155e-09
price,Cement In Bulk (Ordinary Portland Cement),131,2009-12-01,4.417490522694617,4.551326136936738,0.13383561424212065,3.0296751867275655,-6.9703681775632065,3.9083612893203985e-11,0.8419613894556498,1.1021578835883524e-08
price,Cement In Bulk (Ordinary Portland Cement),132,2010-01-01,4.418395074380528,4.551399039925131,0.13300396554460292,3.010232523474612,-6.950665118161759,4.241225105640823e-11,0.836026712071538,1.1960254797907122e-08
price,Cement In Bulk (Ordinary Portland Cement),133,2010-02-01,4.419040557034794,4.55163840425268,0.1325978472178857,3.00060263096702,-6.95663962287959,3.966474011103868e-11,0.8332190759344809,1.1185456711312908e-08
price,Cement In Bulk (Ordinary Portland Cement),134,2010-03-01,4.419643311611626,4.551902836568611,0.1322595249569849,2.992538438780852,-6.966011101857979,3.6380369678476074e-11,0.8309043406567338,1.0259264249330253e-08
price,Cement In Bulk (Ordinary Portland Cement),135,2010-04-01,4.420220657268638,4.5521813897032795,0.13196073243464124,2.9853878950057435,-6.977060705378266,3.3050029255195645e-11,0.828874410582616,9.320108249965171e-09
price,Cement In Bulk (Ordinary Portland Cement),136,2010-05-01,4.420731971071639,4.55250315287455,0.13177118180291103,2.980754831217874,-6.994112574006667,2.8990446267269207e-11,0.8276398261659104,8.175305847369916e-09
price,Cement In Bulk (Ordinary Portland Cement),137,2010-06-01,4.421235820439561,4.552828250379202,0.1315924299396407,2.9763721114192396,-7.0111278045560566,2.5433699748122725e-11,0.8264786969293474,7.172303328970608e-09
price,Cement In Bulk (Ordinary Portland Cement),138,2010-07-01,4.421724230217043,4.553162583090906,0.13143835287386274,2.9725588035464394,-7.028971636612635,2.220350029667408e-11,0.8254927420590356,6.261387083662091e-09
price,Cement In Bulk (Ordinary Portland Cement),139,2010-08-01,4.422189427481655,4.553512195306051,0.131322767824396,2.9696323501723354,-7.048515617161064,1.9187823895750503e-11,0.8247832417207325,5.410966338601642e-09
price,Cement In Bulk (Ordinary Portland Cement),140,2010-09-01,4.422656018303357,4.5538595640049255,0.13120354570156856,2.966623340331622,-7.067152011820838,1.6669825856311482e-11,0.8240415113062022,4.700890891479838e-09
price,Cement In Bulk (Ordinary Portland Cement),141,2010-10-01,4.423092017163694,4.5542284936683854,0.1311364765046914,2.964814568537568,-7.088366698570418,1.4259759734181324e-11,0.8236765015879202,4.0212522450391334e-09
price,Cement In Bulk (Ordinary Portland Cement),142,2010-11-01,4.423521875195014,4.554601348115499,0.13107947292048472,2.963237814093685,-7.109546939484556,1.2198792974604699e-11,0.8233798655339477,3.4400596188385253e-09
price,Cement In Bulk (Ordinary Portland Cement),143,2010-12-01,4.423929917813535,4.554990275273103,0.13106035745956834,2.9625324065789695,-7.132446028833618,1.0326696607356028e-11,0.8233557208023226,2.9121284432744e-09
price,Cement In Bulk (Ordinary Portland Cement),144,2011-01-01,4.424379268174081,4.555347016700742,0.13096774852666115,2.960138373957956,-7.150043117074406,9.025674709373303e-12,0.8227872263217618,2.5452402680432715e-09
price,Cement In Bulk (Ordinary Portland Cement),145,2011-02-01,4.424922428120624,4.55562923051846,0.13070680239783616,2.953877825454912,-7.156213412519625,8.45772398614697e-12,0.8209789817647788,2.385078164093446e-09
price,Cement In Bulk (Ordinary Portland Cement),146,2011-03-01,4.425541079150348,4.555848707431821,0.13030762828147324,2.944445118708305,-7.152742788189548,8.411104357707644e-12,0.8181538139628307,2.3719314288735554e-09
price,Cement In Bulk (Ordinary Portland Cement),147,2011-04-01,4.426240045561924,4.555999306151928,0.12975926059000376,2.9315911304925724,-7.1388330460850264,8.924420128512823e-12,0.8142352708281209,2.516686476240616e-09
price,Cement In Bulk (Ordinary Portland Cement),148,2011-05-01,4.426994919823631,4.556098415326968,0.12910349550333677,2.916278374868345,-7.117143657289213,9.941373523717363e-12,0.8095340776591445,2.8034673336882965e-09
price,Cement In Bulk (Ordinary Portland Cement),149,2011-06-01,4.427754002168737,4.556186814366098,0.12843281219736102,2.9006311582453304,-7.093691158016234,1.1205364690599938e-11,0.8047283807322008,3.1599128427491823e-09
price,Cement In Bulk (Ordinary Portland Cement),150,2011-07-01,4.428495844710836,4.556282127871001,0.12778628316016505,2.8855459650659108,-7.071027455878681,1.2580850561799084e-11,0.8001028026920589,3.5477998584273414e-09
price,Cement In Bulk (Ordinary Portland Cement),151,2011-08-01,4.429256102575465,4.556354682874359,0.12709858029889354,2.869524302850538,-7.044908903513767,1.4440620127063603e-11,0.7951830919582337,4.072254875831936e-09
price,Cement In Bulk (Ordinary Portland Cement),152,2011-09-01,4.430020339937354,4.556416112656899,0.12639577271954572,2.8531646137167197,-7.017043795810965,1.6767937971950276e-11,0.7901599090450089,4.728558508089977e-09
price,Cement In Bulk (Ordinary Portland Cement),153,2011-10-01,4.43078152196155,4.556472242165473,0.1256907202039228,2.8367618574945737,-6.988279639641477,1.9593560011575395e-11,0.7851269330768461,5.525383923264261e-09
price,Cement In Bulk (Ordinary Portland Cement),154,2011-11-01,4.431614929270155,4.556457162589783,0.12484223331962863,2.817082154296943,-6.949448850871987,2.4365425319745788e-11,0.7790692029211693,6.8710499401683125e-09
price,Cement In Bulk (Ordinary Portland Cement),155,2011-12-01,4.4324779898295485,4.556406121713289,0.12392813188374063,2.7959108238799466,-6.905653284847517,3.124449238048376e-11,0.7725534892008574,8.810946851296421e-09
price,Cement In Bulk (Ordinary Portland Cement),156,2012-01-01,4.433336652443921,4.556348516908931,0.12301186446500978,2.77470163239686,-6.861049055867589,4.0272696233800176e-11,0.7660375618712738,1.1356900337931649e-08
price,Cement In Bulk (Ordinary Portland Cement),157,2012-02-01,4.434321922346528,4.5561654214739935,0.12184349912746573,2.7477368865224228,-6.799459780117909,5.753502100896517e-11,0.7577426123539939,1.6224875924528178e-08
price,Cement In Bulk (Ordinary Portland Cement),158,2012-03-01,4.435346020567979,4.555933072521308,0.1205870519533283,2.71877439537144,-6.73165148377299,8.525589859089705e-11,0.7488518812951894,2.4042163402632966e-08
price,Cement In Bulk (Ordinary Portland Cement),159,2012-04-01,4.436363580276928,4.5556921079495565,0.11932852767262858,2.689782420068912,-6.663249450875432,1.2660268988012297e-10,0.7399798575661188,3.5701958546194675e-08
price,Cement In Bulk (Ordinary Portland Cement),160,2012-05-01,4.437511675390709,4.55531348035819,0.11780180496748027,2.654681577983864,-6.577211487343755,2.0841283691972702e-10,0.7292580686156508,5.877242001136302e-08
price,Cement In Bulk (Ordinary Portland Cement),161,2012-06-01,4.438620982537515,4.554953736892697,0.11633275435518264,2.620921110697683,-6.494610603884585,3.351004563614444e-10,0.718989509554476,9.449832869392732e-08
price,Cement In Bulk (Ordinary Portland Cement),162,2012-07-01,4.439704371085798,4.554601497663728,0.1148971265779295,2.5879454345251736,-6.413853861369406,5.313719472395398e-10,0.7089991449307909,1.498468891215502e-07
price,Cement In Bulk (Ordinary Portland Cement),163,2012-08-01,4.440822916680698,4.554197750326058,0.11337483364535927,2.553014064566698,-6.327351922690032,8.683501608903427e-10,0.6984524378662166,2.448747453710766e-07
price,Cement In Bulk (Ordinary Portland Cement),164,2012-09-01,4.441915818398998,4.553800997023915,0.11188517862491665,2.518849595516276,-6.242683419006622,1.3988653070508634e-09,0.6881786930084586,3.944800165883435e-07
price,Cement In Bulk (Ordinary Portland Cement),165,2012-10-01,4.442989498839957,4.553405408574623,0.11041590973466597,2.4851715216408916,-6.1590594072957785,2.2318103516659857e-09,0.6780901234693292,6.293705191698079e-07
price,Cement In Bulk (Ordinary Portland Cement),166,2012-11-01,4.444068039829201,4.55298698238877,0.10891894255956913,2.4508837754823216,-6.073493500244591,3.586156095851595e-09,0.6678562509258016,1.0112960190301497e-06
price,Cement In Bulk (Ordinary Portland Cement),167,2012-12-01,4.445145428454348,4.552551369150488,0.10740594069614051,2.4162525709195384,-5.986744173976635,5.776494180442755e-09,0.657558253986382,1.6289713588848568e-06
price,Cement In Bulk (Ordinary Portland Cement),168,2013-01-01,4.4462216623633735,4.552098274360241,0.10587661199686771,2.3812715612696054,-5.898821495473422,9.323796313497785e-09,0.6471950015762469,2.6293105604063756e-06
price,Cement In Bulk (Ordinary Portland Cement),169,2013-02-01,4.447232769431361,4.551694544655315,0.10446177522395406,2.3489162955891536,-5.817703956866866,1.4436955779721288e-08,0.6376472956358136,4.0712215298814036e-06
price,Cement In Bulk (Ordinary Portland Cement),170,2013-03-01,4.448260972570321,4.55125496491532,0.10299399234499962,2.315376570306913,-5.733161931935615,2.2679183948630754e-08,0.6277828713542902,6.395529873513872e-06
price,Cement In Bulk (Ordinary Portland Cement),171,2013-04-01,4.449225167792934,4.550865761200087,0.10164059340715248,2.2844560473789626,-5.655323685603825,3.422901414266403e-08,0.6187219964875599,9.652581988231257e-06
price,Cement In Bulk (Ordinary Portland Cement),172,2013-05-01,4.4501896756362385,4.550459085531473,0.10026940989523414,2.253149128545824,-5.576180854347902,5.182044692903423e-08,0.6095765644061514,1.4613366033987653e-05
price,Cement In Bulk (Ordinary Portland Cement),173,2013-06-01,4.451114346456255,4.550078839404289,0.098964492948034,2.2233644261874415,-5.500770176782348,7.663870369504407e-08,0.6009040184640373,2.1612114442002427e-05
price,Cement In Bulk (Ordinary Portland Cement),174,2013-07-01,4.451999724844369,4.549725689746701,0.09772596490233187,2.1951026716594897,-5.42905608798919,1.108022093311896e-07,0.5926998996024663,3.124622303139547e-05
price,Cement In Bulk (Ordinary Portland Cement),175,2013-08-01,4.452863544607072,4.5493808994656,0.09651735485852786,2.1675345289981194,-5.358841347722024,1.58447065441465e-07,0.5847194367271983,4.468207245449313e-05
price,Cement In Bulk (Ordinary Portland Cement),176,2013-09-01,4.453717548236109,4.54903163138864,0.0953140831525312,2.1401016593492836,-5.288667079329489,2.2579828640291883e-07,0.5767992175357111,6.36751167656231e-05
price,Cement In Bulk (Ordinary Portland Cement),177,2013-10-01,4.45455056866749,4.548690908949412,0.09414034028192209,2.1133521514850084,-5.21996052894549,3.1837744188190996e-07,0.5690966809647608,8.978243861069861e-05
price,Cement In Bulk (Ordinary Portland Cement),178,2013-11-01,4.455379867028728,4.548339101265081,0.09295923423635344,2.0864491246702053,-5.150556672885931,4.49015621023213e-07,0.5613693756147434,0.00012662240512854606
price,Cement In Bulk (Ordinary Portland Cement),179,2013-12-01,4.456177440794216,4.548009257094312,0.09183181630009596,2.060775575483569,-5.084025724240979,6.22353768354942e-07,0.5540139857160205,0.00017550376267609364
price,Cement In Bulk (Ordinary Portland Cement),180,2014-01-01,4.4569661526289766,4.547675015001266,0.09070886237228937,2.0352154193224923,-5.017488149012837,8.599640930179427e-07,0.5467083539675958,0.00024250987423105985
price,Cement In Bulk (Ordinary Portland Cement),181,2014-02-01,4.45774614941584,4.547336286437173,0.08959013702133323,2.0097630959329855,-4.9509396538349515,1.18461404578508e-06,0.5394504681320825,0.0003340611609113926
price,Cement In Bulk (Ordinary Portland Cement),182,2014-03-01,4.458500949969239,4.547013424520299,0.08851247455105948,1.9852518939503683,-4.88650881144379,1.6104061985076498e-06,0.532477067577411,0.00045413454797915725
price,Cement In Bulk (Ordinary Portland Cement),183,2014-04-01,4.459219833019561,4.54672061415528,0.08750078113571913,1.962244168538064,-4.8256113383602806,2.146837921534977e-06,0.5259457676673365,0.0006054082938728634
price,Cement In Bulk (Ordinary Portland Cement),184,2014-05-01,4.459941926027277,4.546409899550595,0.08646797352331781,1.9387690458189382,-4.763236707714493,2.873774653815415e-06,0.519295124101951,0.0008104044523759471
price,Cement In Bulk (Ordinary Portland Cement),185,2014-06-01,4.4606562126241,4.546094899227223,0.08543868660312359,1.9153838029777688,-4.7008150082090046,3.836534973909422e-06,0.5126834431132297,0.001081902862642457
price,Cement In Bulk (Ordinary Portland Cement),186,2014-07-01,4.461357368801435,4.545782563377352,0.08442519457591668,1.8923656545944427,-4.639052638808711,5.091546166282958e-06,0.506188629533955,0.0014358160188917943
price,Cement In Bulk (Ordinary Portland Cement),187,2014-08-01,4.4620238393777445,4.545501410907464,0.0834775715297198,1.8708454848004854,-4.580784987545567,6.632727734805328e-06,0.5001282914660964,0.0018704292212151025
price,Cement In Bulk (Ordinary Portland Cement),188,2014-09-01,4.46267236443178,4.5452306704945835,0.08255830606280323,1.8499746188137465,-4.523869345411935,8.566392048092426e-06,0.4942613212625718,0.002415722557562064
price,Cement In Bulk (Ordinary Portland Cement),189,2014-10-01,4.463276059389636,4.545006982260741,0.08173092287110517,1.83118681846182,-4.471881433220475,1.0799737390532554e-05,0.4889888284577926,0.00304552594413018
price,Cement In Bulk (Ordinary Portland Cement),190,2014-11-01,4.4638625589639185,4.544794810859008,0.08093225189508946,1.8130542960505975,-4.42123304604848,1.3507884950884372e-05,0.48390784693119787,0.0038092235561493926
price,Cement In Bulk (Ordinary Portland Cement),191,2014-12-01,4.46441043143854,4.54462422531399,0.08021379387545036,1.7967387879613825,-4.3748132388247996,1.6556578080359774e-05,0.4793423741502676,0.004668955018661456
price,Cement In Bulk (Ordinary Portland Cement),192,2015-01-01,4.464914639079271,4.544503978407143,0.07958933932787193,1.7825500767979832,-4.333373982750086,1.983208632245355e-05,0.47537672996890035,0.0055926483429319
price,Cement In Bulk (Ordinary Portland Cement),193,2015-02-01,4.465381034573944,4.544427883581273,0.07904684900732839,1.7702150924029822,-4.296213576111327,2.3296671609923378e-05,0.47193248426400936,0.006569661393998392
price,Cement In Bulk (Ordinary Portland Cement),194,2015-03-01,4.465804539927437,4.5444049924814935,0.07860045255405623,1.7600513379238352,-4.264105900088511,2.676065576286318e-05,0.4690964794136888,0.007546504925127417
price,Cement In Bulk (Ordinary Portland Cement),195,2015-04-01,4.466218266336217,4.544389613243284,0.07817134690706773,1.7502804888932177,-4.232598921138206,3.063865700424626e-05,0.46637169624475805,0.008640101275197445
price,Cement In Bulk (Ordinary Portland Cement),196,2015-05-01,4.466600646895787,4.544413678595756,0.07781303169996878,1.7421085485680825,-4.204690783421269,3.453019911806689e-05,0.46409354703808525,0.009737516151294864
price,Cement In Bulk (Ordinary Portland Cement),197,2015-06-01,4.466968310533289,4.544454154498855,0.07748584396556524,1.7346405566130956,-4.178139798131025,3.867541276703825e-05,0.4620121178563969,0.010906466400304788
price,Cement In Bulk (Ordinary Portland Cement),198,2015-07-01,4.467299781152581,4.544543962539352,0.0772441813867708,1.7291022579828188,-4.155984057407193,4.251764254210022e-05,0.46046779172163615,0.011989975196872263
price,Cement In Bulk (Ordinary Portland Cement),199,2015-08-01,4.467606260351071,4.544668045141544,0.0770617847904731,1.7249009939478746,-4.136731630334487,4.61718651495178e-05,0.4592950395424239,0.013020465972164018
price,Cement In Bulk (Ordinary Portland Cement),200,2015-09-01,4.4679096747575775,4.544794036706849,0.07688436194927117,1.720812808361951,-4.117328695847893,5.0159708474153874e-05,0.4581533973550021,0.014145037789711393
price,Cement In Bulk (Ordinary Portland Cement),201,2015-10-01,4.468199313085389,4.544938742583277,0.07673942949788781,1.717457618176338,-4.099310737352288,5.417238299513582e-05,0.4572149786684824,0.015276612004628301
price,Cement In Bulk (Ordinary Portland Cement),202,2015-11-01,4.468464606471347,4.545119603251512,0.07665499678016552,1.7154661283240726,-4.084228631205928,5.780154566616659e-05,0.45665466372177155,0.016300035877858977
price,Cement In Bulk (Ordinary Portland Cement),203,2015-12-01,4.468673448343492,4.5453893677927315,0.0767159194492395,1.7167492844588497,-4.076806799271714,5.97834230383904e-05,0.45700262736520564,0.016858925296826092
price,Cement In Bulk (Ordinary Portland Cement),204,2016-01-01,4.468869457349688,4.545680876381505,0.07681141903181743,1.718810982618662,-4.070821378809373,6.147968426061357e-05,0.45756580243153755,0.017337270961493026
price,Cement In Bulk (Ordinary Portland Cement),205,2016-02-01,4.468960397277347,4.546146226252399,0.07718582897505222,1.7271540160006034,-4.080001058519585,5.9467691054455255e-05,0.45987241151653047,0.016769888877356382
price,Cement In Bulk (Ordinary Portland Cement),206,2016-03-01,4.468962290799523,4.546765546925034,0.07780325612551131,1.7409691794824222,-4.10241340404864,5.4519534587551646e-05,0.46370023156887796,0.015374508753689564
price,Cement In Bulk (Ordinary Portland Cement),207,2016-04-01,4.46893084921975,4.547451007600957,0.07852015838120696,1.7570233469805454,-4.129894558409469,4.8955436516671084e-05,0.46815352753436057,0.013805433097701245
price,Cement In Bulk (Ordinary Portland Cement),208,2016-05-01,4.468776140975247,4.548358380332415,0.07958223935716813,1.780850882805699,-4.176727546361628,4.058525665149342e-05,0.4747773123496371,0.011445042375721144
price,Cement In Bulk (Ordinary Portland Cement),209,2016-06-01,4.4686058959047825,4.549310144457077,0.08070424855229419,1.8060274374666816,-4.2264105669388625,3.321103647963523e-05,0.48178778791325594,0.009365512287257134
price,Cement In Bulk (Ordinary Portland Cement),210,2016-07-01,4.468345913926793,4.550437648323162,0.08209173439636874,1.837183959740179,-4.291147531161676,2.5477080386954455e-05,0.49048378003496906,0.007184536669121156
price,Cement In Bulk (Ordinary Portland Cement),211,2016-08-01,4.46800737996111,4.5517277525345525,0.08372037257344278,1.8737742678968337,-4.369784912316706,1.8374248882556495e-05,0.5007241189647453,0.005181538184880931
price,Cement In Bulk (Ordinary Portland Cement),212,2016-09-01,4.467666227042054,4.553050166021105,0.08538393897905117,1.911153041429911,-4.449992022615141,1.3112039062273284e-05,0.5112134559946369,0.003697595015561066
price,Cement In Bulk (Ordinary Portland Cement),213,2016-10-01,4.467293414635399,4.554458653043298,0.08716523840789936,1.9511867772628364,-4.536879845735616,9.051573490937187e-06,0.5224816415435999,0.0025525437244442867
price,Cement In Bulk (Ordinary Portland Cement),214,2016-11-01,4.466900809212216,4.555934366827513,0.08903355761529674,1.9931841206699803,-4.628666211934242,6.0861267024461345e-06,0.534340415589982,0.00171628773008981
price,Cement In Bulk (Ordinary Portland Cement),215,2016-12-01,4.466465168837465,4.557523029768267,0.09105786093080148,2.0387007955667564,-4.729815706090855,3.902990480409169e-06,0.5472391723883144,0.0011006433154753857
price,Cement In Bulk (Ordinary Portland Cement),216,2017-01-01,4.46601601459501,4.559172812025295,0.09315679743028493,2.0859037926833905,-4.835372695915611,2.437942167092019e-06,0.560666216964165,0.0006874996911199493
price,Cement In Bulk (Ordinary Portland Cement),217,2017-02-01,4.465440846970856,4.561101733900266,0.09566088692940955,2.1422495607416088,-4.967198703886875,1.33765507694453e-06,0.5767707075678304,0.00037721873169835747
price,Cement In Bulk (Ordinary Portland Cement),218,2017-03-01,4.464840994178744,4.563123419575354,0.0982824253966097,2.2012525311595694,-5.107168684900688,6.984942336100756e-07,0.5937197958684365,0.00019697537387804132
price,Cement In Bulk (Ordinary Portland Cement),219,2017-04-01,4.464222618335013,4.565228885658,0.10100626732298679,2.262572366085505,-5.254613829309136,3.475798684400516e-07,0.6114292634716624,9.801752290009456e-05
price,Cement In Bulk (Ordinary Portland Cement),220,2017-05-01,4.463645655255456,4.567301050610959,0.10365539535550283,2.32221379923964,-5.397458459004011,1.7478325028128304e-07,0.6287447818510233,4.928887657932182e-05
price,Cement In Bulk (Ordinary Portland Cement),221,2017-06-01,4.46305613402214,4.569447285362504,0.1063911513403637,2.3838183555285735,-5.546960308180272,8.401861514563882e-08,0.6467310589899258,2.3693249471070146e-05
price,Cement In Bulk (Ordinary Portland Cement),222,2017-07-01,4.462489623242006,4.571596882997041,0.1091072597550351,2.444986296142208,-5.695754586576015,4.005818009657842e-08,0.6646904415618197,1.1296406787235114e-05
price,Cement In Bulk (Ordinary Portland Cement),223,2017-08-01,4.461898787892429,4.57384794414387,0.1119491562514412,2.5090025922421293,-5.85450906257529,1.791703586486299e-08,0.6836017128722205,5.052604113891363e-06
price,Cement In Bulk (Ordinary Portland Cement),224,2017-09-01,4.461242176718715,4.576291623947299,0.1150494472285839,2.578865765884152,-6.033975538558606,7.07616978055218e-09,0.704385119351703,1.9954798781157147e-06
price,Cement In Bulk (Ordinary Portland Cement),225,2017-10-01,4.460621012087991,4.578718400034361,0.11809738794636981,2.647554850016032,-6.211217711795428,2.784257944247833e-09,0.7249582329784584,7.851607402778889e-07
price,Cement In Bulk (Ordinary Portland Cement),226,2017-11-01,4.460034628373656,4.581128208759226,0.12109358038557083,2.7150816187659825,-6.386151598931808,1.0936880663608183e-09,0.745319835398722,3.0842003471375075e-07
price,Cement In Bulk (Ordinary Portland Cement),227,2017-12-01,4.4594301025879295,4.583636178989763,0.12420607640183334,2.7852455032259202,-6.572276686313458,3.975859168956033e-10,0.7666328921565385,1.1211922856456013e-07
price,Cement In Bulk (Ordinary Portland Cement),228,2018-01-01,4.458830879659974,4.586193325107173,0.12736244544719888,2.8564089754602087,-6.764333162063842,1.375693798808923e-10,0.788412777093525,3.879456512641163e-08
price,Cement In Bulk (Ordinary Portland Cement),229,2018-02-01,4.458277243787518,4.588709612832317,0.13043236904479905,2.9256226545029884,-6.951570196244236,4.826121677824798e-11,0.8097483284821474,1.3609663131465932e-08
price,Cement In Bulk (Ordinary Portland Cement),230,2018-03-01,4.457705508642544,4.591328927356206,0.133623418713662,2.997582914676499,-7.1517735129782185,1.5452285984394055e-11,0.8321088401511352,4.357544647599124e-09
price,Cement In Bulk (Ordinary Portland Cement),231,2018-04-01,4.45720680893635,4.593842291506151,0.13663548256980107,3.0654956888214753,-7.339019912411249,5.2821344709343794e-12,0.853357620326812,1.489561920803495e-09
price,Cement In Bulk (Ordinary Portland Cement),232,2018-05-01,4.456723604072699,4.596380444678977,0.13965684060627837,3.133621310476948,-7.529511903797818,1.7506995200755336e-12,0.8748317658185017,4.936972646613005e-10
price,Cement In Bulk (Ordinary Portland Cement),233,2018-06-01,4.45627229000882,4.598904290220109,0.14263200021128952,3.200702087506579,-7.718315633235988,5.805954804006177e-13,0.8961281192522114,1.637279254729742e-10
price,Cement In Bulk (Ordinary Portland Cement),234,2018-07-01,4.455835833347177,4.601453903335066,0.14561806998788906,3.2680304085283662,-7.910662801244057,1.8659791878739218e-13,0.9176622181952218,5.2620613098044594e-11
price,Cement In Bulk (Ordinary Portland Cement),235,2018-08-01,4.45546283502592,4.603909405182256,0.14844657015633622,3.3317878670055747,-8.090631632053004,6.44686175932642e-14,0.9381794692464911,1.8180150161300505e-11
price,Cement In Bulk (Ordinary Portland Cement),236,2018-09-01,4.45509836476084,4.606403677019653,0.15130531225881327,3.396228318001138,-8.275631401261975,2.144433722484742e-14,0.959064848411426,6.047303097406973e-12
price,Cement In Bulk (Ordinary Portland Cement),237,2018-10-01,4.454742307841062,4.608937986721223,0.1541956788801606,3.461382684442856,-8.466129681650068,6.846120839672645e-15,0.9803356632476806,1.9306060767876857e-12
price,Cement In Bulk (Ordinary Portland Cement),238,2018-11-01,4.454399853306607,4.611499941700358,0.15710008839375078,3.526851956883297,-8.660700678877395,2.1177697444826407e-15,1.001864222703756,5.972110679441047e-13
price,Cement In Bulk (Ordinary Portland Cement),239,2018-12-01,4.454081316622464,4.61406291264436,0.159981596021896,3.591797828765512,-8.855736663703482,6.507283442773427e-16,1.0233679489810579,1.8350539308621064e-13
price,Cement In Bulk (Ordinary Portland Cement),240,2019-01-01,4.453770659071769,4.616668906068678,0.16289824699690847,3.6575355909964804,-9.057432187932788,1.9057606471620357e-16,1.0452958341324783,5.3742450249969404e-14
price,Cement In Bulk (Ordinary Portland Cement),241,2019-02-01,4.453514253704364,4.61919353461409,0.1656792809097256,3.72019199830597,-9.24759036750387,6.033078115141929e-17,1.0663085985923362,1.701328028470024e-14
price,Cement In Bulk (Ordinary Portland Cement),242,2019-03-01,4.453285459335974,4.621705438228411,0.16841997889243743,3.781926409845517,-9.435925479288942,1.9358331457008623e-17,1.0871350267404312,5.459049470876432e-15
price,Cement In Bulk (Ordinary Portland Cement),243,2019-04-01,4.453058548048804,4.624275086753407,0.17121653870460296,3.8449199995276255,-9.633099632796565,5.85104425602479e-18,1.1085378265420387,1.6499944801989908e-15
price,Cement In Bulk (Ordinary Portland Cement),244,2019-05-01,4.452833496690217,4.626904494546426,0.17407099785620872,3.909218657863479,-9.840039811623221,1.654413138424289e-18,1.1305445460107533,4.665445050356495e-16
price,Cement In Bulk (Ordinary Portland Cement),245,2019-06-01,4.4526552183447965,4.629466249752123,0.17681103140732635,3.970912247570182,-10.03690398741597,5.040070342930004e-19,1.1517575004212517,1.421299836706261e-16
price,Cement In Bulk (Ordinary Portland Cement),246,2019-07-01,4.452493198324454,4.632045630185594,0.1795524318611399,4.032626752326279,-10.236909710212212,1.5089041413078921e-19,1.173104951435216,4.255109678488256e-17
price,Cement In Bulk (Ordinary Portland Cement),247,2019-08-01,4.452356953018673,4.6346143653951,0.18225741237642712,4.093504054136037,-10.435552910708319,4.5897646481931426e-20,1.194270465216428,1.2943136307904663e-17
price,Cement In Bulk (Ordinary Portland Cement),248,2019-09-01,4.452221806465359,4.637245752682887,0.1850239462175276,4.15576658711932,-10.645076782280615,1.2997825666880209e-20,1.2160661164431932,3.665386838060219e-18
price,Cement In Bulk (Ordinary Portland Cement),249,2019-10-01,4.452087745426528,4.639942112496297,0.187854367069769,4.2194668616481135,-10.866717393078924,3.394930991912729e-21,1.2385228220883993,9.573705397193896e-19
price,Cement In Bulk (Ordinary Portland Cement),250,2019-11-01,4.452016921904854,4.642511615589905,0.1904946936850509,4.278840288045115,-11.067326960954983,1.0432402378396416e-21,1.2594799003041448,2.941937470707789e-19
price,Cement In Bulk (Ordinary Portland Cement),251,2019-12-01,4.451970223183312,4.645071312713854,0.19310108953054161,4.337429943376119,-11.266486029071078,3.2763616042260436e-22,1.2802382268798944,9.239339723917443e-20
price,Cement In Bulk (Ordinary Portland Cement),252,2020-01-01,4.45191452494295,4.647726915869003,0.1958123909260534,4.3983861286861226,-11.483249772332812,9.14664800285713e-23,1.3019933117300448,2.5793547368057107e-20
price,Cement In Bulk (Ordinary Portland Cement),253,2020-02-01,4.45188720047217,4.650359714336973,0.1984725138648029,4.4581658278258445,-11.696762542365311,2.6486555276278026e-23,1.3233950920490147,7.469208587910404e-21
price,Cement In Bulk (Ordinary Portland Cement),254,2020-03-01,4.451864709346285,4.653046362492754,0.20118165314646852,4.519042385185379,-11.921353806451178,7.1600708444717e-24,1.3453133673420672,2.0191399781410194e-21
price,Cement In Bulk (Ordinary Portland Cement),255,2020-04-01,4.4518744449812155,4.655695683375944,0.20382123839472843,4.578324050097699,-12.140002517460493,2.053148678251108e-24,1.3666961459583489,5.789879272668124e-22
price,Cement In Bulk (Ordinary Portland Cement),256,2020-05-01,4.45188864406892,4.658400903267056,0.20651225919813587,4.638756170895339,-12.370771399333336,5.461416953211995e-25,1.3886101915831102,1.5401195808057825e-22
price,Cement In Bulk (Ordinary Portland Cement),257,2020-06-01,4.451902732657889,4.661180238771623,0.2092775061137342,4.700855312460762,-12.61846877149948,1.2991896160508087e-25,1.411267508348302,3.6637147172632807e-23
price,Cement In Bulk (Ordinary Portland Cement),258,2020-07-01,4.451916712032988,4.664036778040206,0.212120066007218,4.764690800119493,-12.88538852612395,2.712838338403211e-26,1.434706928934811,7.650204114297055e-24
price,Cement In Bulk (Ordinary Portland Cement),259,2020-08-01,4.451930583459246,4.666973783203677,0.21504319974443042,4.830335866947351,-13.174269381627115,4.858799333207487e-27,1.4589700836880088,1.3701814119645113e-24
price,Cement In Bulk (Ordinary Portland Cement),260,2020-09-01,4.451935403634366,4.6700279254067265,0.21809252177236083,4.898824937898237,-13.496387949426852,6.811842469714146e-28,1.4844949923935777,1.9209395764593892e-25
price,Cement In Bulk (Ordinary Portland Cement),261,2020-10-01,4.451931255825819,4.673204376128509,0.22127312030268964,4.970272620744773,-13.857569059884296,7.081258771792229e-29,1.5113552944594046,1.9969149736454085e-26
price,Cement In Bulk (Ordinary Portland Cement),262,2020-11-01,4.451940477354169,4.676422862597259,0.22448238524308994,5.0423492044642515,-14.241800951765804,6.138825386902573e-30,1.5386021661631697,1.7311487591065255e-27
price,Cement In Bulk (Ordinary Portland Cement),263,2020-12-01,4.451949628756828,4.679737423288957,0.22778779453212916,5.116585171152018,-14.667546852737363,3.7799206567206435e-31,1.5668832737562777,1.0659376251952215e-28
price,Cement In Bulk (Ordinary Portland Cement),264,2021-01-01,4.45194547419943,4.683205371738734,0.23125989753930387,5.194580636252966,-15.159484402111886,1.3139068934383238e-32,1.5969041135936808,3.705217439496073e-30
price,Cement In Bulk (Ordinary Portland Cement),265,2021-02-01,4.451941350997182,4.686780026294657,0.2348386752974747,5.274972349868752,-15.714982226751689,2.5235574528311454e-34,1.6281165547802692,7.11643201698383e-32
price,Cement In Bulk (Ordinary Portland Cement),266,2021-03-01,4.4519372587964545,4.6904663888054525,0.238529130008998,5.357872677511238,-16.349023528063285,2.208618534851077e-36,1.6605946208251687,6.228304268280038e-34
price,Cement In Bulk (Ordinary Portland Cement),267,2021-04-01,4.451937564967606,4.694251267889761,0.24231370292215537,5.442881877520637,-17.074200219042623,7.132430415782943e-39,1.6941873967377963,2.01134537725079e-36
price,Cement In Bulk (Ordinary Portland Cement),268,2021-05-01,4.452049260507442,4.69767674044212,0.2456274799346776,5.517177945750787,-17.710379604732925,4.518478130190267e-41,1.723136561779066,1.2742108327136554e-38
price,Cement In Bulk (Ordinary Portland Cement),269,2021-06-01,4.452226808499349,4.70092046290297,0.24869365440362134,5.585826264036291,-18.31642976877895,3.3367799669446355e-43,1.749578233086486,9.409719506783873e-41
price,Cement In Bulk (Ordinary Portland Cement),270,2021-07-01,4.452452097716315,4.704051555666681,0.2515994579503662,5.650806621353946,-18.91549475645017,2.2965335198657545e-45,1.7743358749623832,6.476224526021428e-43
price,Cement In Bulk (Ordinary Portland Cement),271,2021-08-01,4.45282635894836,4.706596888955938,0.25377053000757854,5.699088838207301,-19.302464344229474,1.297551749938101e-46,1.7913704375756965,3.659095934825445e-44
price,Cement In Bulk (Ordinary Portland Cement),272,2021-09-01,4.453201736193224,4.709211853083604,0.2560101168903799,5.748900051162463,-19.73239789543325,4.4944935181010827e-48,1.8089687292503982,1.2674471721045052e-45
price,Cement In Bulk (Ordinary Portland Cement),273,2021-10-01,4.453574363421642,4.711918570338556,0.25834420691691395,5.800828409619962,-20.221805741994054,7.655026072118336e-50,1.8273971430526426,2.1587173523373707e-47
price,Cement In Bulk (Ordinary Portland Cement),274,2021-11-01,4.453955765666286,4.714665713050776,0.26070994738449027,5.853447162502064,-20.756367816495068,7.072128460590379e-52,1.8459918040174665,1.9943402258864868e-49
price,Cement In Bulk (Ordinary Portland Cement),275,2021-12-01,4.454360978576503,4.717379829361221,0.263018850784718,5.904749346757521,-21.30617867811272,4.7520671802654243e-54,1.8638103749739519,1.3400829448348497e-51
price,Cement In Bulk (Ordinary Portland Cement),276,2022-01-01,4.454815657559936,4.719926634015989,0.26511097645605286,5.951109918682106,-21.80374747388354,5.102695728062727e-56,1.8791496679662631,1.438960195313689e-53
price,Cement In Bulk (Ordinary Portland Cement),277,2022-02-01,4.4555208124121775,4.721243295947784,0.26572248353560646,5.963892768615456,-21.81243068399133,1.43310664265644e-55,1.8787340587679013,4.041360732291161e-53
price,Cement In Bulk (Ordinary Portland Cement),278,2022-03-01,4.456278886055831,4.722300565382397,0.26602167932656595,5.969592256870996,-21.737736093786,9.98815273587869e-55,1.8749759689732792,2.8166590715177904e-52
price,Cement In Bulk (Ordinary Portland Cement),279,2022-04-01,4.45715416017675,4.722728412433181,0.26557425225643083,5.958381575159594,-21.513124282307057,2.89617974996262e-53,1.8635239583955179,8.167226894894589e-51
price,Cement In Bulk (Ordinary Portland Cement),280,2022-05-01,4.458109786108426,4.72268839226093,0.2645786061525044,5.9347709869536525,-21.21631480606056,1.375323528863951e-51,1.8466761146780337,3.8784123513963424e-49
price,Cement In Bulk (Ordinary Portland Cement),281,2022-06-01,4.4592341951345515,4.721639814093808,0.2624056189592565,5.884544463835652,-20.87470060582291,4.406217414162257e-50,1.8184861988688021,1.2425533107937562e-47
price,Cement In Bulk (Ordinary Portland Cement),282,2022-07-01,4.460347633346784,4.720565148325256,0.26021751497847134,5.834018699193169,-20.534999286325682,1.382956199778679e-48,1.7908421595900916,3.899936483375875e-46
price,Cement In Bulk (Ordinary Portland Cement),283,2022-08-01,4.461459171605543,4.719408811894406,0.2579496402888637,5.781732620810592,-20.198594304098652,3.959745906572252e-47,1.7631084597589444,1.116648345653375e-44
price,Cement In Bulk (Ordinary Portland Cement),284,2022-09-01,4.462577707948873,4.7181106666505555,0.25553295870168213,5.726129054212756,-19.868674688142768,9.461346481282914e-46,1.7346590111161109,2.668099707721782e-43
price,Cement In Bulk (Ordinary Portland Cement),285,2022-10-01,4.463676580856294,4.716829648430265,0.2531530675739706,5.671402553215598,-19.538279414254784,2.3699217047692085e-44,1.7072265833648546,6.683179207449168e-42
price,Cement In Bulk (Ordinary Portland Cement),286,2022-11-01,4.464767769337788,4.715490402109052,0.2507226327712635,5.615580601820429,-19.210449053032445,5.595319614024307e-43,1.679980921175868,1.5778801311548545e-40
price,Cement In Bulk (Ordinary Portland Cement),287,2022-12-01,4.4658454730071675,4.714128115589498,0.24828264258233013,5.559588751626554,-18.883188604015977,1.3098413998099565e-41,1.6532741628096324,3.693752747464077e-39
price,Cement In Bulk (Ordinary Portland Cement),288,2023-01-01,4.466912758764034,4.712721076175335,0.24580831741130105,5.502868103457535,-18.557172016973063,2.9552967999473045e-40,1.6268681388179682,8.333936975851399e-38
price,Cement In Bulk (Ordinary Portland Cement),289,2023-02-01,4.467978503406979,4.711204200946071,0.24322569753909207,5.44375263564103,-18.235891076456817,5.886403590828594e-39,1.60012678351873,1.6599658126136634e-36
price,Cement In Bulk (Ordinary Portland Cement),290,2023-03-01,4.46903398692092,4.709632587908475,0.24059860098755514,5.383682507040477,-17.916249380373465,1.1191803460508494e-37,1.5735979651442187,3.1560885758633955e-35
price,Cement In Bulk (Ordinary Portland Cement),291,2023-04-01,4.47007640657058,4.708023728496589,0.23794732192600954,5.323115318034609,-17.596799726158004,2.0859042842105712e-36,1.5474371813841608,5.882250081473811e-34
price,Cement In Bulk (Ordinary Portland Cement),292,2023-05-01,4.471105886768851,4.7063747575500345,0.23526887078118364,5.261983874669678,-17.27728265733728,3.8031199418509977e-35,1.5216027236481866,1.0724798236019813e-32
price,Cement In Bulk (Ordinary Portland Cement),293,2023-06-01,4.472105122230879,4.7048205110745505,0.2327153888436717,5.203710165193596,-16.949074173127492,8.019876364674906e-34,1.4972770611199657,2.2616051348383237e-31
price,Cement In Bulk (Ordinary Portland Cement),294,2023-07-01,4.473083018207277,4.703298676957385,0.2302156587501072,5.146688711410794,-16.61543374949984,1.7872718074588443e-32,1.4738379462505897,5.040106497033941e-30
price,Cement In Bulk (Ordinary Portland Cement),295,2023-08-01,4.47401043085153,4.702059503491545,0.2280490726400144,5.09719581938056,-16.2682997905259,5.111513441461672e-31,1.4533844488310357,1.4414467904921916e-28
price,Cement In Bulk (Ordinary Portland Cement),296,2023-09-01,4.47490803439239,4.700952398331129,0.2260443639387386,5.051374513206755,-15.914506713476518,1.5547112879812936e-29,1.43450211212075,4.384285832107248e-27
price,Cement In Bulk (Ordinary Portland Cement),297,2023-10-01,4.475773000057471,4.700017536555666,0.22424453649819487,5.01018564827384,-15.555554616513707,4.908218658473873e-28,1.417453157766136,1.3841176616896323e-25
price,Cement In Bulk (Ordinary Portland Cement),298,2023-11-01,4.47662327913704,4.699106954392746,0.222483675255706,4.969899439440753,-15.190633013641806,1.4828894343205645e-26,1.4009478147395682,4.181748204783992e-24
price,Cement In Bulk (Ordinary Portland Cement),299,2023-12-01,4.477432227605796,4.698481408686217,0.2210491810804216,4.936963193268088,-14.82615271904611,4.405846817318167e-25,1.3870675816633906,1.2424488024837231e-22
price,Cement In Bulk (Ordinary Portland Cement),300,2024-01-01,4.478226842534027,4.69790356543992,0.21967672290589313,4.905439823177603,-14.455945822549701,1.2132881915280637e-23,1.3738185938037177,3.4214727001091395e-21
price,Cement In Bulk (Ordinary Portland Cement),301,2024-02-01,4.478983298502645,4.697627133589979,0.21864383508733365,4.881550577793576,-14.092336600080646,3.0106106041093736e-22,1.363171484856546,8.489921903588434e-20
price,Cement In Bulk (Ordinary Portland Cement),302,2024-03-01,4.479734744829089,4.697330956607899,0.21759621177880994,4.85734589598143,-13.718534531622241,6.834992160806809e-21,1.3525380464952634,1.9274677893475202e-18
price,Cement In Bulk (Ordinary Portland Cement),303,2024-04-01,4.480487193771279,4.696945926322518,0.2164587325512386,4.831142757246511,-13.330796412886583,1.4215817541680723e-19,1.341389650135237,4.008860546753964e-17
price,Cement In Bulk (Ordinary Portland Cement),304,2024-05-01,4.481216830952029,4.696740119768814,0.21552328881678484,4.8094813740802005,-12.943276523608567,2.6148734615054014e-18,1.3317773936092072,7.373943161445232e-16
price,Cement In Bulk (Ordinary Portland Cement),305,2024-06-01,4.481941683626673,4.696517848690814,0.21457616506414112,4.787571552928185,-12.544661583048386,4.347285850680064e-17,1.322183447144411,1.225934609891778e-14
price,Concreting Sand,24,2001-01-01,2.373328969279051,3.053063770572088,0.6797348012930371,28.640563954331242,-29.67321219764656,2.0466533213633716e-94,1.797326933547719,5.771562366244708e-92
price,Concreting Sand,25,2001-02-01,2.373055747257397,3.055314804512529,0.6822590572551319,28.750233029444697,-29.88314255525959,6.160314704846764e-95,1.8131626356085493,1.7372087467667874e-92
price,Concreting Sand,26,2001-03-01,2.372803542314332,3.0575806478867884,0.6847771055724565,28.85941011806456,-30.091066653599846,1.9697501627390833e-95,1.8292530434035024,5.554695458924215e-93
price,Concreting Sand,27,2001-04-01,2.3725700192189008,3.0598614473229238,0.687291428104023,28.968225280461628,-30.297811412974276,6.56946547577289e-96,1.84561404596008,1.852589264167955e-93
price,Concreting Sand,28,2001-05-01,2.3723531763445718,3.0621573513910865,0.6898041750465147,29.076791007542813,-30.50409803123273,2.253958994426842e-96,1.862261235106447,6.356164364283694e-94
price,Concreting Sand,29,2001-06-01,2.372151288151231,3.0644685106357823,0.6923172224845513,29.185205258308727,-30.710562909993136,7.871410030866756e-97,1.8792100745737494,2.2197376287044253e-94
price,Concreting Sand,30,2001-07-01,2.3719628591707798,3.066795077608776,0.694832218437996,29.293553891518524,-30.917774357194205,2.7750963143469585e-97,1.8964760441300426,7.825771606458423e-95
price,Concreting Sand,31,2001-08-01,2.371786586898745,3.069137206902659,0.6973506200039141,29.40191262805573,-31.12624604070015,9.813346198901056e-98,1.9140747651874672,2.7673636280900977e-95
price,Concreting Sand,32,2001-09-01,2.371621331643713,3.071495055185092,0.699873723541379,29.510348646439,-31.336447927056632,3.462856453160149e-98,1.9320221127997101,9.76525519791162e-96
price,Concreting Sand,33,2001-10-01,2.3733933644209646,3.0736546398379274,0.7002612754169628,29.504644527722657,-31.323564660121267,2.5411022339426323e-98,1.9423529200917784,7.165908299718223e-96
price,Concreting Sand,34,2001-11-01,2.3758278002004167,3.075740756253183,0.6999129560527662,29.459751081022116,-31.185045955787498,2.4687527031402306e-98,1.9500034240253212,6.96188262285545e-96
price,Concreting Sand,35,2001-12-01,2.377328043003251,3.0779353476360765,0.7006073046328254,29.470367234122065,-31.230070142854153,1.752484113661231e-98,1.9616615217746713,4.9420052005246716e-96
price,Concreting Sand,36,2002-01-01,2.3783998689837453,3.0801871216814334,0.701787252697688,29.50669741659342,-31.34005019497057,1.0087298280767894e-98,1.9753397792871317,2.844618115176546e-96
price,Concreting Sand,37,2002-02-01,2.3791713619387327,3.082484875993253,0.7033135140545204,29.561280255214832,-31.48912043174999,4.993529315307709e-99,1.990580608127147,1.408175266916774e-96
price,Concreting Sand,38,2002-03-01,2.3799022500013525,3.0847983683483045,0.704896118346952,29.61870044648058,-31.644185865177292,2.411343512420966e-99,2.0062914669058656,6.799988705027124e-97
price,Concreting Sand,39,2002-04-01,2.3805494149069366,3.087133958338095,0.7065845434311582,29.681574304088993,-31.810426242528543,1.1113376134900747e-99,2.0226928194792846,3.133972070042011e-97
price,Concreting Sand,40,2002-05-01,2.380869165940826,3.089526353172839,0.7086571872320131,29.764642147061434,-32.01268422272099,4.329532738181357e-100,2.0409739717384117,1.2209282321671426e-97
price,Concreting Sand,41,2002-06-01,2.381173319363306,3.0919353043732207,0.7107619850099147,29.849233536681947,-32.2191459989373,1.6581467559403557e-100,2.059737796111247,4.6759738517518034e-98
price,Concreting Sand,42,2002-07-01,2.381462989289478,3.0943609844013826,0.7128979951119048,29.935296005780117,-32.430079431542076,6.228737421737807e-101,2.078999217170222,1.7565039529300616e-98
price,Concreting Sand,43,2002-08-01,2.3817391861958273,3.096803568123121,0.7150643819272937,30.02278276612698,-32.645757890684834,2.290254006799245e-101,2.098774410832162,6.458516299173871e-99
price,Concreting Sand,44,2002-09-01,2.3820028286973427,3.099263232849906,0.7172604041525634,30.11165207326034,-32.866461803770704,8.227438721488897e-102,2.1190808506541763,2.3201377194598687e-99
price,Concreting Sand,45,2002-10-01,2.3822547537543466,3.1017401583817916,0.719485404627445,30.201866676666814,-33.092480214289914,2.8826606492418556e-102,2.139937364873525,8.129103030862033e-100
price,Concreting Sand,46,2002-11-01,2.382495725548002,3.1042345270512257,0.7217388015032236,30.293393342278303,-33.32411236833574,9.83476690898286e-103,2.1613642043926484,2.7734042683331664e-100
price,Concreting Sand,47,2002-12-01,2.382726443222779,3.1067465237677934,0.7240200805450145,30.38620243647166,-33.56166934600533,3.26211906431878e-103,2.183383122111207,9.19917576137896e-101
price,Concreting Sand,48,2003-01-01,2.38271797692674,3.1093154119335917,0.7265974350068518,30.494479079896248,-33.827120892905775,9.195796510374361e-104,2.207330411959469,2.59321461592557e-101
price,Concreting Sand,49,2003-02-01,2.3827098561938045,3.1119025840009247,0.7291927278071202,30.603504908984153,-34.09908588233009,2.5172487125605092e-104,2.2319316942494867,7.098641369420636e-102
price,Concreting Sand,50,2003-03-01,2.3827020602901867,3.114508235868739,0.7318061755785523,30.71328924311361,-34.37799314952613,6.678545408216091e-105,2.25721761567609,1.8833498051169375e-102
price,Concreting Sand,51,2003-04-01,2.3827848873713164,3.117116056637345,0.7343311692660284,30.81818980630438,-34.655626655946925,1.8140892490596017e-105,2.2826612665629336,5.115731682348077e-103
price,Concreting Sand,52,2003-05-01,2.3828645287954795,3.1197426387064437,0.7368781099109643,30.924045450601035,-34.941053096813214,4.755696501004518e-106,2.308848025461009,1.3411064132832741e-103
price,Concreting Sand,53,2003-06-01,2.3829411648828818,3.1223881852670163,0.7394470203841346,31.03085511641146,-35.234738077589256,1.2010621637411981e-106,2.3358135365827093,3.386995301750179e-104
price,Concreting Sand,54,2003-07-01,2.3830149625966763,3.1250529024548395,0.7420379398581631,31.138618577937674,-35.537173726612274,2.916792405932353e-107,2.3635960265129916,8.225354584729236e-105
price,Concreting Sand,55,2003-08-01,2.3830860767572424,3.1277369994040285,0.7446509226467861,31.24733638073458,-35.848881939328926,6.798223299713093e-108,2.3922365388729543,1.9170989705190923e-105
price,Concreting Sand,56,2003-09-01,2.3831546511263584,3.130440688301752,0.7472860371753938,31.357009786259628,-36.170417906207035,1.517601379224376e-108,2.4217791969739544,4.2796358894127404e-106
price,Concreting Sand,57,2003-10-01,2.383220819377261,3.133164184444148,0.749943365066887,31.46764072256,-36.502373977490386,3.2379428639342912e-109,2.4522714983208873,9.130998876294701e-107
price,Concreting Sand,58,2003-11-01,2.383284705964339,3.1359077062934726,0.7526230003291334,31.579231740364087,-36.84538392478259,6.588002559021645e-110,2.483764645476242,1.857816721644104e-107
price,Concreting Sand,59,2003-12-01,2.383346426904398,3.1386714755365195,0.7553250486321215,31.6917859739414,-37.200127667901974,1.2751904981003424e-110,2.516313918573072,3.5960372046429655e-108
price,Concreting Sand,60,2004-01-01,2.383406090479788,3.14145571714433,0.7580496266645418,31.805307106181964,-37.567336545857806,2.3422247229964688e-111,2.5499790956935486,6.605073718850042e-109
price,Concreting Sand,61,2004-02-01,2.383628708150866,3.144223263422132,0.7605945552712661,31.909103656555143,-37.925624633336284,4.548238367528618e-112,2.583441955803436,1.28260321964307e-109
price,Concreting Sand,62,2004-03-01,2.383652217930784,3.1470558639777897,0.7634036460470055,32.02663712031388,-38.32376761825983,7.297480130948056e-113,2.6197708690195354,2.0578893969273519e-110
price,Concreting Sand,63,2004-04-01,2.383747893834184,3.1498924784501967,0.7661445846160126,32.14033608997523,-38.72715963280204,1.1635843482603962e-113,2.656779638926021,3.2813078620943173e-111
price,Concreting Sand,64,2004-05-01,2.384306189937799,3.152638394367433,0.7683322044296341,32.224561076598896,-39.069627891873075,2.262587923407067e-114,2.690848533409784,6.380497944007929e-112
price,Concreting Sand,65,2004-06-01,2.384874658134318,3.155398325581228,0.77052366744691,32.30876997324836,-39.42245011534275,4.1841890594252255e-115,2.7259595620330077,1.1799413147579137e-112
price,Concreting Sand,66,2004-07-01,2.385599826608936,3.1581356837180548,0.7725358571091188,32.383296162762434,-39.75598308180499,7.688022361301092e-116,2.760709671299558,2.168022305886908e-113
price,Concreting Sand,67,2004-08-01,2.3864597728197547,3.1608540086647627,0.774394235845008,32.44949882100932,-40.07138886322219,1.373483485480621e-116,2.7952295386760504,3.873223429055351e-114
price,Concreting Sand,68,2004-09-01,2.387294426494961,3.1635930841835833,0.7762986576886224,32.51792694998196,-40.40447792852894,2.311584947692615e-117,2.831143393563092,6.518669552493175e-115
price,Concreting Sand,69,2004-10-01,2.3881048873100164,3.1663531487868397,0.7782482614768234,32.58852932349422,-40.75593865528623,3.64762727179018e-118,2.86853127575181,1.0286308906448308e-115
price,Concreting Sand,70,2004-11-01,2.3888921921017845,3.169134444656274,0.7802422525544896,32.661258433266525,-41.12656378584096,5.370368193963886e-119,2.9074808587264753,1.514443830697816e-116
price,Concreting Sand,71,2004-12-01,2.3896573192937844,3.1719372177138903,0.7822798984201058,32.73607023501148,-41.517257908119035,7.339749420903436e-120,2.948088330311554,2.069809336694769e-117
price,Concreting Sand,72,2005-01-01,2.390401192952674,3.174761717694433,0.7843605247417589,32.81292391646191,-41.92904669558874,9.262198245348048e-121,2.9904594081628497,2.6119399051881496e-118
price,Concreting Sand,73,2005-02-01,2.3911246865113194,3.177608198219572,0.7864835117082527,32.89178168520111,-42.36308812698287,1.0730636149236709e-121,3.034710514445345,3.026039394084752e-119
price,Concreting Sand,74,2005-03-01,2.391828626190001,3.1804769168738134,0.7886482906838124,32.97260857438889,-42.8206859695992,1.13437535037974e-122,3.0809701393457543,3.1989384880708664e-120
price,Concreting Sand,75,2005-04-01,2.3925137941439183,3.183368135282205,0.7908543411382869,33.055372264688145,-43.30330588608192,1.0870085902453287e-123,3.1293804297124157,3.065364224491827e-121
price,Concreting Sand,76,2005-05-01,2.3934636645166365,3.186197521868078,0.7927338573514415,33.1207809461998,-43.72916738516702,1.0019727443541751e-124,3.175974828115856,2.825563139078774e-122
price,Concreting Sand,77,2005-06-01,2.3943888629316215,3.1890492751463295,0.7946604122147081,33.18844422128444,-44.181549765522774,8.376506577215135e-126,3.2247959205246546,2.3621748547746682e-123
price,Concreting Sand,78,2005-07-01,2.39537725737424,3.1918967578673234,0.7965195004930834,33.25236131557042,-44.63319330303253,6.357923776397159e-127,3.2746264015488746,1.792934504943999e-124
price,Concreting Sand,79,2005-08-01,2.396605123288828,3.194683682541589,0.7980785592527608,33.30037775090661,-45.018608850332846,4.2906823272961354e-128,3.3225556943295214,1.2099724162975102e-125
price,Concreting Sand,80,2005-09-01,2.398179103164709,3.1973723232183184,0.7991932200536094,33.325001414572,-45.280027539734,2.3670597362809066e-129,3.366376802569647,6.675108456312156e-127
price,Concreting Sand,81,2005-10-01,2.3998423592744813,3.200040875327403,0.8001985160529217,33.3437949772183,-45.514882789091146,1.2015776816564196e-130,3.4100720396800943,3.3884490622711033e-128
price,Concreting Sand,82,2005-11-01,2.401465048162064,3.2027309480180124,0.8012658998559483,33.36571150469955,-45.78061951164425,5.996157686353186e-132,3.4559483094484533,1.6909164675515985e-129
price,Concreting Sand,83,2005-12-01,2.403096389614554,3.2054267559503975,0.8023303663358434,33.3873568202786,-46.05567014488469,2.845908082398505e-133,3.5032255517202486,8.025460792363784e-131
price,Concreting Sand,84,2006-01-01,2.4046888896038894,3.2081444810204456,0.8034555914165562,33.41203907458087,-46.362661320741466,1.284224366799988e-134,3.5529353734833924,3.621512714375966e-132
price,Concreting Sand,85,2006-02-01,2.407165533852501,3.210564647674668,0.803399113822167,33.37531642605329,-46.21342126960869,4.3944346540456975e-136,3.5858923180528586,1.2392305724408867e-133
price,Concreting Sand,86,2006-03-01,2.4095845817232373,3.213004651760483,0.8034200700372458,33.342679735387094,-46.10962519755605,2.2763021034338844e-137,3.620580731552965,6.419171931683554e-135
price,Concreting Sand,87,2006-04-01,2.411948019298095,3.215464738184453,0.8035167188863581,33.314014748965896,-46.04843414229851,1.6124006607344185e-138,3.657088143272392,4.54696986327106e-136
price,Concreting Sand,88,2006-05-01,2.4146659628708727,3.217796712087271,0.8031307492163982,33.260532163278214,-45.787927295882255,1.9595172152403385e-139,3.6860999908633865,5.525838546977754e-137
price,Concreting Sand,89,2006-06-01,2.417322829059993,3.22014803847061,0.8028252094106167,33.21133610121928,-45.57792206382865,3.83683740239988e-140,3.7167209900667837,1.0819881474767662e-137
price,Concreting Sand,90,2006-07-01,2.4199206537782443,3.222518959240476,0.8025983054622317,33.166306680722265,-45.414483269245096,1.058972801752289e-140,3.7490224432706483,2.986303300941455e-138
price,Concreting Sand,91,2006-08-01,2.4227143680161376,3.224813395683212,0.8020990276670745,33.10745328694612,-45.14503456210365,6.250055038582853e-141,3.7767123721332645,1.7625155208803646e-138
price,Concreting Sand,92,2006-09-01,2.425691952669765,3.2270325605552013,0.8013406078854364,33.03554711485376,-44.77698146357689,9.378320560925199e-141,3.7996745493503465,2.6446863981809063e-138
price,Concreting Sand,93,2006-10-01,2.4285473411656366,3.2292932756512744,0.8007459344856378,32.97221844978741,-44.4982837769938,1.6666842950336271e-140,3.825614728949838,4.7000497119948284e-138
price,Concreting Sand,94,2006-11-01,2.431869603748185,3.2313629928196055,0.7994933890714204,32.875668491401825,-43.948111434718086,2.1327875109443735e-139,3.8387931990140767,6.014460780863133e-137
price,Concreting Sand,95,2006-12-01,2.4352903486063266,3.233382238043214,0.7980918894368871,32.77193990004604,-43.36283149745141,7.22592829895799e-138,3.8485509754759644,2.037711780306153e-135
price,Concreting Sand,96,2007-01-01,2.4392810559986677,3.235155673854206,0.7958746178555383,32.62742585149536,-42.44943063689848,5.3925142553812547e-135,3.8416334620148476,1.520689020017514e-132
price,Concreting Sand,97,2007-02-01,2.442908726635926,3.2370612127642553,0.7941524861283291,32.50847964434342,-41.81094829220862,1.1094966859452658e-132,3.843631705480445,3.1287806543656494e-130
price,Concreting Sand,98,2007-03-01,2.4515931610310187,3.236815858951364,0.7852226979203452,32.02907849482332,-37.619261033054705,1.6499613732258752e-114,3.707112244241157,4.652891072496968e-112
price,Concreting Sand,99,2007-04-01,2.468186609527898,3.233103613482659,0.764917003954761,30.991052337856672,-29.00975431134187,4.814200225568336e-73,3.3951586975129056,1.3576044636102707e-70
price,Concreting Sand,100,2007-05-01,2.4844481890548398,3.2293590876185747,0.7449108985637349,29.982951620622117,-24.319716532980127,9.401193385381983e-56,3.134729788597016,2.6511365346777193e-53
price,Concreting Sand,101,2007-06-01,2.500079373650587,3.225717870388851,0.7256384967382643,29.024618353564325,-21.335464589742287,1.6155897084497052e-46,2.9174488985837135,4.555962977828169e-44
price,Concreting Sand,102,2007-07-01,2.51471272203093,3.2223539974149187,0.7076412753839887,28.140044355145427,-19.312637733586474,7.396282283410249e-41,2.738195258489096,2.0857516039216903e-38
price,Concreting Sand,103,2007-08-01,2.529133315824328,3.2189280948363463,0.6897947790120185,27.27395881807012,-17.703706217732947,1.4427005546681252e-36,2.577943104796831,4.068415564164113e-34
price,Concreting Sand,104,2007-09-01,2.5426018697448285,3.215782365505726,0.6731804957608976,26.476048168266974,-16.494988753888855,1.785995213401367e-33,2.44231155984563,5.036506501791855e-31
price,Concreting Sand,105,2007-10-01,2.555095127105273,3.2129440920520116,0.6578489649467385,25.74655471602855,-15.563177976696009,3.700208896867396e-31,2.3269999858052617,1.0434589089166058e-28
price,Concreting Sand,106,2007-11-01,2.566092932509629,3.210676599159534,0.644583666649905,25.119264329195772,-14.891996607792393,1.5126346161572254e-29,2.2342222827285694,4.2656296175633755e-27
price,Concreting Sand,107,2007-12-01,2.5766328770247258,3.208509826081213,0.6318769490564873,24.523359718444812,-14.311279416546814,3.670679070189883e-28,2.1501694232451847,1.035131497793547e-25
price,Concreting Sand,108,2008-01-01,2.586767984819638,3.206425525663222,0.6196575408435843,23.954894465990918,-13.800327774146725,6.001579588015453e-27,2.073318020271622,1.6924454438203577e-24
price,Concreting Sand,109,2008-02-01,2.5964085185343784,3.2044745725679142,0.6080660540335359,23.41950620223574,-13.356338781618538,6.699341964573971e-26,2.0037434814638093,1.8892144340098598e-23
price,Concreting Sand,110,2008-03-01,2.6058257965715708,3.202529870158561,0.5967040735869902,22.8988474353144,-12.946943842155957,6.225079870885081e-25,1.9382879435909766,1.7554725235895927e-22
price,Concreting Sand,111,2008-04-01,2.6150256006600774,3.2005916318926375,0.5855660312325601,22.392363236702277,-12.567605148600268,4.932802142798083e-24,1.876552932459463,1.3910502042690595e-21
price,Concreting Sand,112,2008-05-01,2.6240848372118095,3.1986234279359342,0.5745385907241247,21.894817674210334,-12.20912993519651,3.517377390607263e-23,1.8175968451609712,9.919004241512482e-21
price,Concreting Sand,113,2008-06-01,2.633056203988706,3.196599345654527,0.563543141665821,21.402624858980722,-11.86557787382444,2.3346049928215815e-22,1.7607922446486304,6.58358607975686e-20
price,Concreting Sand,114,2008-07-01,2.641655249493205,3.194669956553384,0.553014707060179,20.934401154968025,-11.555671233631005,1.279796660497589e-21,1.708229773417595,3.609026582603201e-19
price,Concreting Sand,115,2008-08-01,2.6500364894556543,3.1927591291644464,0.5427226397087921,20.479817612634953,-11.265571764062758,6.302291270678633e-21,1.6584123169980909,1.7772461383313746e-18
price,Concreting Sand,116,2008-09-01,2.6582497676074204,3.1908431589499795,0.5325933913425591,20.035490939661557,-10.99029270636357,2.869855640574275e-20,1.6107863943140055,8.092992906419456e-18
price,Concreting Sand,117,2008-10-01,2.6663226478420623,3.188909198404859,0.5225865505627967,19.599524123074232,-10.726897436870267,1.2284124456368375e-19,1.5650167751404518,3.4641230966958816e-17
price,Concreting Sand,118,2008-11-01,2.674281759683866,3.1869441576182083,0.5126623979343421,19.170096646620557,-10.472848359988102,5.012511319261471e-19,1.520806809259165,1.4135281920317348e-16
price,Concreting Sand,119,2008-12-01,2.6819457185549163,3.185051509714319,0.5031057911594026,18.75898485486446,-10.238359584790887,1.8282813360374324e-18,1.4793278906687346,5.155753367625559e-16
price,Concreting Sand,120,2009-01-01,2.689055715518391,3.183384396169283,0.49432868065089197,18.382983952253152,-10.03691732658052,5.4854383453645654e-18,1.442183812673486,1.5468936133928074e-15
price,Concreting Sand,121,2009-02-01,2.6960481918708994,3.1817013293845817,0.48565313751368233,18.013518414767933,-9.841752773935903,1.594164849926913e-17,1.4062284180774438,4.4955448767938945e-15
price,Concreting Sand,122,2009-03-01,2.702757026912688,3.1801012104538864,0.47734418354119823,17.661379798037565,-9.661689206415453,4.249549198750113e-17,1.3725011426964961,1.1983728740475318e-14
price,Concreting Sand,123,2009-04-01,2.708857840682446,3.1787820997768863,0.46992425909444036,17.3476899391683,-9.513230852646558,9.402139990061624e-17,1.3430064096439362,2.651403477197378e-14
price,Concreting Sand,124,2009-05-01,2.7146796015148755,3.1775589246112217,0.46287932309634616,17.050974370531428,-9.377638721090038,1.9338436277588446e-16,1.315471613173779,5.453439030279942e-14
price,Concreting Sand,125,2009-06-01,2.7199280700961763,3.1766165868084597,0.4566885167122834,16.790463017506745,-9.269413490042835,3.3896995462786564e-16,1.2916987290504625,9.558952720505811e-14
price,Concreting Sand,126,2009-07-01,2.725010985310825,3.175715808375453,0.450704823064628,16.53955985844288,-9.167267685987564,5.75062151762389e-16,1.2690153740164267,1.621675267969937e-13
price,Concreting Sand,127,2009-08-01,2.7301493831904486,3.17472136646586,0.44457198327541114,16.28379699706706,-9.060083886768883,1.0087614660894682e-15,1.2460153863203072,2.8447073343723004e-13
price,Concreting Sand,128,2009-09-01,2.735365860512371,3.173616727287984,0.4382508667756131,16.02165447416686,-8.946777695469033,1.8412290794867654e-15,1.2225690447973474,5.192266004152678e-13
price,Concreting Sand,129,2009-10-01,2.7402912272849687,3.1726360235721165,0.43234479628714784,15.77733023345505,-8.845807054987386,3.1304739615374243e-15,1.2009535847690425,8.827936571535537e-13
price,Concreting Sand,130,2009-11-01,2.744926385572385,3.171784894666731,0.426858509094346,15.550818096177666,-8.756879670236925,4.966691883278253e-15,1.1811219804870225,1.4006071110844672e-12
price,Concreting Sand,131,2009-12-01,2.7493547033977612,3.1710147885057762,0.421660085108015,15.336692809658603,-8.675775558328645,7.539882791101394e-15,1.1625345222339785,2.1262469470905933e-12
price,Concreting Sand,132,2010-01-01,2.7534100735644915,3.1704408047840578,0.41703073121956624,15.14597245152406,-8.610414199538662,1.044972661517687e-14,1.1461723238909338,2.9468229054798775e-12
price,Concreting Sand,133,2010-02-01,2.7577080130166127,3.1696560574951613,0.4119480444785486,14.93805879861535,-8.531153244639995,1.5757832499030887e-14,1.1283084053756711,4.44370876472671e-12
price,Concreting Sand,134,2010-03-01,2.7621795735371273,3.1687007459376595,0.4065211724005322,14.7174056420944,-8.441232687229785,2.5365415973235624e-14,1.1093780747676152,7.153047304452446e-12
price,Concreting Sand,135,2010-04-01,2.766295397234801,3.1679360534926055,0.40164065625780454,14.519080524057047,-8.366399498147214,3.739429333713827e-14,1.0925413927590215,1.0545190721072993e-11
price,Concreting Sand,136,2010-05-01,2.7704827073752787,3.1670709322408164,0.3965882248655377,14.314769906694725,-8.285936911026843,5.70909694483308e-14,1.0752427335789487,1.6099653384429286e-11
price,Concreting Sand,137,2010-06-01,2.77471206051323,3.166123610194009,0.39141154968077885,14.10638441555556,-8.201271911935528,8.949013133908824e-14,1.0576618570168004,2.5236217037622884e-11
price,Concreting Sand,138,2010-07-01,2.77859489350512,3.1653714258023427,0.38677653229722253,13.919860473410527,-8.131228773848218,1.2881242698046178e-13,1.0420787741180004,3.6325104408490224e-11
price,Concreting Sand,139,2010-08-01,2.7826543676860123,3.164442156803144,0.38178778911713174,13.720273475236423,-8.050530808203805,1.9770702342753634e-13,1.025415342276983,5.575338060656525e-11
price,Concreting Sand,140,2010-09-01,2.786554169979879,3.1635780276872274,0.3770238577073486,13.530110477273478,-7.975455524452229,2.9383598912846563e-13,1.0096396744201344,8.286174893422731e-11
price,Concreting Sand,141,2010-10-01,2.7904240305486403,3.16268582407618,0.37226179352753963,13.340689065609402,-7.89973729184562,4.387765537058027e-13,0.9939898194421071,1.2373498814503636e-10
price,Concreting Sand,142,2010-11-01,2.794264492138718,3.161765165819459,0.36750067368074113,13.151964487064634,-7.82336360782253,6.582703312920401e-13,0.9784609361559587,1.856322334243553e-10
price,Concreting Sand,143,2010-12-01,2.798150083713095,3.1607590753303945,0.36260899161729965,12.958882860783653,-7.742725179433844,1.013264754312636e-12,0.962622190993338,2.8574066071616334e-10
price,Concreting Sand,144,2011-01-01,2.8021976155924806,3.1595750129701026,0.357377397377622,12.753468755702304,-7.652109905797033,1.6543411979913034e-12,0.9458060698033164,4.665242178335475e-10
price,Concreting Sand,145,2011-02-01,2.8059749016040816,3.1585462071630515,0.35257130555896987,12.565019927919408,-7.572620058109032,2.530692823927937e-12,0.9304923972825296,7.136553763476783e-10
price,Concreting Sand,146,2011-03-01,2.809579213991555,3.157602412037985,0.3480231980464299,12.38702209616632,-7.499503938057039,3.730909305321696e-12,0.9161121120504591,1.0521164241007182e-09
price,Concreting Sand,147,2011-04-01,2.8131587402660316,3.156628820976227,0.34347008071019536,12.209409863508608,-7.425583564434912,5.527212662618207e-12,0.9018143145601623,1.5586739708583344e-09
price,Concreting Sand,148,2011-05-01,2.816689894563827,3.1556445311115926,0.3389546365477658,12.03379318404712,-7.352019372231574,8.172073052919552e-12,0.8877316569214398,2.304524600923314e-09
price,Concreting Sand,149,2011-06-01,2.8196523552581736,3.155078497924246,0.3354261426660723,11.896010585863872,-7.304104897070179,1.042634538562507e-11,0.8768144577382369,2.9402293987462698e-09
price,Concreting Sand,150,2011-07-01,2.822600908318643,3.15448484894422,0.3318839406255769,11.758089485745698,-7.255064099418235,1.3395326070458912e-11,0.8659075519683721,3.7774819518694136e-09
price,Concreting Sand,151,2011-08-01,2.825304242672384,3.1540584827610405,0.3287542400886565,11.636065069498361,-7.216166900610664,1.6248313152198645e-11,0.8563243082266674,4.582024308920018e-09
price,Concreting Sand,152,2011-09-01,2.827814104520815,3.153762163879732,0.3259480593589168,11.526502355222888,-7.185030550984786,1.8866464793855072e-11,0.8477725968119756,5.320343071867131e-09
price,Concreting Sand,153,2011-10-01,2.830103253055633,3.1536249228262396,0.3235216697706065,11.43144404435787,-7.163126446690201,2.0797438475760668e-11,0.8404113251698505,5.864877650164509e-09
price,Concreting Sand,154,2011-11-01,2.8323896724546005,3.153462497157658,0.3210728247030574,11.335757499243028,-7.139915576046741,2.3108170214755967e-11,0.8330022048316432,6.516504000561183e-09
price,Concreting Sand,155,2011-12-01,2.834646589667775,3.153298215195721,0.31865162552794635,11.24131758397765,-7.116718800909578,2.568592483110984e-11,0.8256981228778799,7.243430802372975e-09
price,Concreting Sand,156,2012-01-01,2.83698009305164,3.1530374398948298,0.31605734684319,11.140626175604151,-7.088254345973922,2.943375429784293e-11,0.817891578094838,8.300318711991706e-09
price,Concreting Sand,157,2012-02-01,2.8391259425158806,3.152916971576665,0.3137910290607846,11.052381451691426,-7.06772840161005,3.2254104361178006e-11,0.8110971676307098,9.095657429852198e-09
price,Concreting Sand,158,2012-03-01,2.8414015575477465,3.1526509474721647,0.3112493899244182,10.954079654726451,-7.0392474395467,3.6997267893147136e-11,0.8034941238740718,1.0433229545867493e-08
price,Concreting Sand,159,2012-04-01,2.8435969964961663,3.1524297462857653,0.30883274978959907,10.860637079380016,-7.0133748199192825,4.183025963471782e-11,0.7962882502241241,1.1796133216990425e-08
price,Concreting Sand,160,2012-05-01,2.845713339271169,3.1522545574962892,0.30654121822512037,10.772034343544608,-6.990127166681808,4.66129044731031e-11,0.7894758374668905,1.3144839061415075e-08
price,Concreting Sand,161,2012-06-01,2.8478033920738115,3.152077295466702,0.3042739033928905,10.684512289007207,-6.966848075608874,5.1972439092724706e-11,0.7827535691228583,1.4656227824148367e-08
price,Concreting Sand,162,2012-07-01,2.8498932022039893,3.1518732755994643,0.30198007339547495,10.596189119014568,-6.942198862104485,5.84242449430812e-11,0.7759706806565693,1.64756370739489e-08
price,Concreting Sand,163,2012-08-01,2.8519573704920793,3.1516668123805225,0.2997094418884432,10.508903288296032,-6.917501295413169,6.57196596934409e-11,0.769274615259633,1.8532944033550333e-08
price,Concreting Sand,164,2012-09-01,2.8539203039582097,3.151533007280782,0.29761270332257217,10.428206523840274,-6.896767176683025,7.230523417583658e-11,0.7631076706207351,2.0390076037585916e-08
price,Concreting Sand,165,2012-10-01,2.855808514529015,3.1514485100634473,0.2956399955344322,10.352234543400039,-6.878691617706222,7.838585972705326e-11,0.7573190222572979,2.210481244302902e-08
price,Concreting Sand,166,2012-11-01,2.8577497513712977,3.151286282500737,0.2935365311294391,10.271596769051767,-6.856499570363928,8.701891947086912e-11,0.7511609295599501,2.453933529078509e-08
price,Concreting Sand,167,2012-12-01,2.859667739868164,3.1511220644157847,0.29145432454762066,10.191894690571893,-6.834237730216674,9.667344962311638e-11,0.7450797955401544,2.726191279371882e-08
price,Concreting Sand,168,2013-01-01,2.861636838740059,3.1508791367248543,0.2892422979847953,10.10758227840486,-6.807874940176706,1.099690246131095e-10,0.738636330375089,3.101126494089688e-08
price,Concreting Sand,169,2013-02-01,2.8635091286312297,3.1507103498079405,0.28720122117671076,10.029694625558754,-6.785447712556318,1.2236235427954425e-10,0.7327048648373231,3.4506183906831475e-08
price,Concreting Sand,170,2013-03-01,2.865185271172056,3.1507244559906673,0.2855391848186115,9.965819233106926,-6.772560476795065,1.2901675327660823e-10,0.7278820562557275,3.6382724424003524e-08
price,Concreting Sand,171,2013-04-01,2.8669166246273745,3.150658278279718,0.2837416536523434,9.897101688097488,-6.755441407713206,1.393784381391318e-10,0.7226771433753577,3.930471955523517e-08
price,Concreting Sand,172,2013-05-01,2.868652429415245,3.150564501255279,0.2819120718400341,9.827334568290656,-6.7368589303313655,1.518734370165314e-10,0.7173904556581225,4.282830923866186e-08
price,Concreting Sand,173,2013-06-01,2.8703437258465536,3.150496461696194,0.2801527358496405,9.760250430182007,-6.719567644812871,1.6432705179976048e-10,0.7123159729267803,4.634022860753245e-08
price,Concreting Sand,174,2013-07-01,2.871991178118413,3.150454769648413,0.27846359153,9.695837287092074,-6.7035772478215705,1.7654330157759065e-10,0.707452082687322,4.9785211044880567e-08
price,Concreting Sand,175,2013-08-01,2.873421885240521,3.1506359944559037,0.2772141092153828,9.64752550397515,-6.698920487843146,1.779070356982069e-10,0.703851690930198,5.016978406689435e-08
price,Concreting Sand,176,2013-09-01,2.8746841336682665,3.1509935164424765,0.27630938277421,9.611817157164428,-6.703134935919266,1.7051982756128256e-10,0.7012375027105802,4.808659137228168e-08
price,Concreting Sand,177,2013-10-01,2.8760082965224623,3.151267585446277,0.2752592889238148,9.570879515773502,-6.702879220207314,1.67644380860511e-10,0.6982102799650433,4.72757154026641e-08
price,Concreting Sand,178,2013-11-01,2.877292444735629,3.15157469667641,0.27428225194078104,9.532651171507267,-6.704117423629615,1.6344161004209969e-10,0.6953926603743608,4.609053403187211e-08
price,Concreting Sand,179,2013-12-01,2.8785622449240673,3.1518858756049557,0.2733236306808884,9.495144013746984,-6.705359168443427,1.593552113354963e-10,0.692628752152189,4.493816959660996e-08
price,Concreting Sand,180,2014-01-01,2.879842793334828,3.1521713750499147,0.27232858171508667,9.456369713838892,-6.705090151922579,1.567309942656874e-10,0.6897630057385468,4.4198140382923844e-08
price,Concreting Sand,181,2014-02-01,2.8811091920393923,3.1524607067021897,0.2713515146627974,9.41830026479216,-6.704806697849914,1.5418159355323174e-10,0.6869498941021528,4.3479209382011355e-08
price,Concreting Sand,182,2014-03-01,2.882717814384986,3.152315992160059,0.2695981777750731,9.352222282380788,-6.682587361819366,1.7203883125003833e-10,0.6819465561961786,4.851495041251081e-08
price,Concreting Sand,183,2014-04-01,2.884216626443812,3.1522841252961813,0.26806749885236947,9.294291434097028,-6.665900604596994,1.8600765647835966e-10,0.6775805707314974,5.245415912689742e-08
price,Concreting Sand,184,2014-05-01,2.8857222247350496,3.1522227377158023,0.2665005129807527,9.23514088419308,-6.64763796704028,2.0299216381043721e-10,0.6731201050633553,5.72437901945433e-08
price,Concreting Sand,185,2014-06-01,2.887211546288004,3.152160503410176,0.26494895712217215,9.176638180974601,-6.629223690884296,2.2177823265500371e-10,0.668710928610816,6.254146160871105e-08
price,Concreting Sand,186,2014-07-01,2.888592948075016,3.1522161160819673,0.2636231680069514,9.126352267204426,-6.616482081298047,2.34608274265185e-10,0.6649412990149766,6.615953334278217e-08
price,Concreting Sand,187,2014-08-01,2.8899825759493294,3.152242429057564,0.2622598531082345,9.074790114334336,-6.602137375602435,2.505373276454447e-10,0.6610721957693174,7.065152639601541e-08
price,Concreting Sand,188,2014-09-01,2.891357420548384,3.1522691126384506,0.2609116920900667,9.023847769072473,-6.587648709163549,2.6783918589970224e-10,0.6572511190374463,7.553065042371603e-08
price,Concreting Sand,189,2014-10-01,2.8926949594802567,3.152326678836792,0.2596317193565354,8.97542682492815,-6.574493937250064,2.842290252255293e-10,0.6536254249452531,8.015258511359926e-08
price,Concreting Sand,190,2014-11-01,2.8939956839962964,3.1524159221318566,0.25842023813556025,8.9295308754127,-6.562690383302503,2.9937307536073183e-10,0.6501949553707305,8.442320725172637e-08
price,Concreting Sand,191,2014-12-01,2.89526007421584,3.1525376610254012,0.25727758680956114,8.88616498050673,-6.552256561790599,3.129397456986377e-10,0.6469596959920938,8.824900828701583e-08
price,Concreting Sand,192,2015-01-01,2.8964885994051333,3.1526927389273234,0.2562041395221901,8.845335679029017,-6.543212211589802,3.2461021938500267e-10,0.6439197762419421,9.154008186657076e-08
price,Concreting Sand,193,2015-02-01,2.8976817182473886,3.152882025080366,0.25520030683297756,8.807051003080177,-6.535578333972003,3.3408954116015147e-10,0.6410754695433252,9.421325060716271e-08
price,Concreting Sand,194,2015-03-01,2.898907555864305,3.1530098766182433,0.2541023207539381,8.76545097962525,-6.524738982129152,3.50318658006977e-10,0.6379739502581993,9.878986155796751e-08
price,Concreting Sand,195,2015-04-01,2.900209240307891,3.1530119051682766,0.2528026648603854,8.716704344875042,-6.507667248613555,3.8082634805792767e-10,0.6343203307290368,1.073930301523356e-07
price,Concreting Sand,196,2015-05-01,2.901453847646485,3.153078021783919,0.2516241741374339,8.672347979670223,-6.493427226887062,4.074231677543865e-10,0.6310053579277436,1.1489333330673699e-07
price,Concreting Sand,197,2015-06-01,2.902685819377581,3.153145132634383,0.25045931325680204,8.628536770490294,-6.479000892593762,4.3646581905234863e-10,0.6277321241649253,1.230833609727623e-07
price,Concreting Sand,198,2015-07-01,2.903905346949776,3.1532132603159138,0.24930791336613778,8.585263070919565,-6.464382012514058,4.682276381755992e-10,0.6245000159493055,1.3204019396551896e-07
price,Concreting Sand,199,2015-08-01,2.905047214103597,3.1533817820697743,0.24833456796617748,8.548383198749677,-6.454233231493426,4.897295863876548e-10,0.621759308782779,1.3810374336131863e-07
price,Concreting Sand,200,2015-09-01,2.90617766258588,3.153552896466002,0.24737523388012184,8.512047871843132,-6.443915520179933,5.128666706486407e-10,0.6190595566312441,1.4462840112291667e-07
price,Concreting Sand,201,2015-10-01,2.907318540960722,3.153692886237606,0.24637434527688384,8.474281087736246,-6.431844288908562,5.426882569148349e-10,0.6162490009232552,1.5303808844998345e-07
price,Concreting Sand,202,2015-11-01,2.9082280652795225,3.154182342744475,0.24595427746495258,8.45718671108804,-6.4359006811512804,5.237163213184952e-10,0.6150245156847864,1.4768800261181563e-07
price,Concreting Sand,203,2015-12-01,2.9089924143275434,3.1548972358209837,0.24590482149344028,8.453264445871193,-6.450293181607741,4.764091184035403e-10,0.6148091488189347,1.3434737138979837e-07
price,Concreting Sand,204,2016-01-01,2.909703241618477,3.1556979981554525,0.24599475653697533,8.454290218274787,-6.468342200007074,4.2433571196578446e-10,0.6149715177705838,1.1966267077435122e-07
price,Concreting Sand,205,2016-02-01,2.9102194936147288,3.1568193029338945,0.2465998093191657,8.473581111673084,-6.501456344004276,3.464681909902026e-10,0.6165349635904869,9.770402985923713e-08
price,Concreting Sand,206,2016-03-01,2.9107780935282284,3.157880014443075,0.24710192091484684,8.489205050163351,-6.531080409353851,2.884241051255654e-10,0.6178154051015388,8.133559764540945e-08
price,Concreting Sand,207,2016-04-01,2.911331296341113,3.158957973293868,0.2476266769527551,8.5056165632529,-6.561005585274135,2.395346625804084e-10,0.6191549950439688,6.754877484767518e-08
price,Concreting Sand,208,2016-05-01,2.911761048834978,3.160255007377711,0.24849395854273304,8.534146668462295,-6.601133927969557,1.8731496193269418e-10,0.6214259288356138,5.2822819265019756e-08
price,Concreting Sand,209,2016-06-01,2.912090510973299,3.161739605490387,0.24964909451708817,8.57284804769508,-6.650028461177237,1.3897572069306755e-10,0.6244802846896638,3.919115323544505e-08
price,Concreting Sand,210,2016-07-01,2.9123437612356606,3.1633768266522293,0.25103306541656867,8.619623437243527,-6.7060452680294045,9.869751707958146e-11,0.6281585631626367,2.783269981644197e-08
price,Concreting Sand,211,2016-08-01,2.912213225461305,3.1657178023984938,0.25350457693718864,8.704876920440213,-6.798071585516937,5.647517896450891e-11,0.6348127879476552,1.5926000467991513e-08
price,Concreting Sand,212,2016-09-01,2.911671093901724,3.1688401453439883,0.25716905144226443,8.83235238969421,-6.932779873879157,2.4882807470234297e-11,0.6447523162813072,7.0169517066060716e-09
price,Concreting Sand,213,2016-10-01,2.9110764467108163,3.172120734259421,0.26104428754860454,8.967276961879676,-7.077082795492506,1.0227167425379016e-11,0.6553011964824813,2.8840612139568824e-09
price,Concreting Sand,214,2016-11-01,2.910400010554346,3.1756190241303974,0.2652190135760515,9.112802797356197,-7.2349666926678635,3.818935584039274e-12,0.6667118697382611,1.0769398346990754e-09
price,Concreting Sand,215,2016-12-01,2.909816806980783,3.1790156135381546,0.26919880655737183,9.251400497500448,-7.387965869629847,1.4489043072958032e-12,0.677619383943252,4.085910146574165e-10
price,Concreting Sand,216,2017-01-01,2.909239003440309,3.182471792233767,0.27323278879345825,9.391898997309879,-7.545648945651516,5.266604606059574e-13,0.6887128394074467,1.4851824989088e-10
price,Concreting Sand,217,2017-02-01,2.9086948841056195,3.1859346832463427,0.27723979914072316,9.531415641278933,-7.7049929946530105,1.8683549906063278e-13,0.6997664800280922,5.2687610735098445e-11
price,Concreting Sand,218,2017-03-01,2.908266965919001,3.189242950780482,0.280975984861481,9.66128585010055,-7.856072821760268,6.895600022584928e-14,0.7100928408742613,1.9445592063689498e-11
price,Concreting Sand,219,2017-04-01,2.9079242553168876,3.192450424714935,0.2845261693980472,9.784511026303926,-8.00197301654234,2.6004073969765973e-14,0.7199226864788141,7.333148859474004e-12
price,Concreting Sand,220,2017-05-01,2.9073935319191415,3.1960984730504096,0.2887049411312681,9.930026257597707,-8.176987100265896,8.009739926528445e-15,0.7315600526614043,2.2587466592810217e-12
price,Concreting Sand,221,2017-06-01,2.9070311793852492,3.199481820308404,0.29245064092315465,10.060113665000294,-8.336651936912935,2.6919044545350034e-15,0.7420024594000948,7.59117056178871e-13
price,Concreting Sand,222,2017-07-01,2.906591411439201,3.203093664057903,0.2965022526187018,10.201029682114434,-8.51291888204446,7.998229944745994e-16,0.753348059614549,2.2555008444183702e-13
price,Concreting Sand,223,2017-08-01,2.906262361809681,3.20655048947848,0.3002881276687992,10.3324507661385,-8.680793000763456,2.4808004269329195e-16,0.7639656715042537,6.995857203950833e-14
price,Concreting Sand,224,2017-09-01,2.906191421613639,3.2095333077009545,0.3033418860873156,10.437780657919893,-8.81883981573275,9.314550067861898e-17,0.7725023796988948,2.6267031191370552e-14
price,Concreting Sand,225,2017-10-01,2.906071452883347,3.2126793538952683,0.30660790101192115,10.550597464068227,-8.968592957912975,3.198589876901502e-17,0.7816658842460059,9.020023452862236e-15
price,Concreting Sand,226,2017-11-01,2.905851978340592,3.21610444185368,0.3102524635130881,10.676815812561108,-9.138804380886963,9.445707231178568e-18,0.7919438773387345,2.663689439192356e-15
price,Concreting Sand,227,2017-12-01,2.9056596827572827,3.2195403987558557,0.31388071599857303,10.80239086019601,-9.311769856252438,2.706680872060952e-18,0.8021984103661725,7.632840059211884e-16
price,Concreting Sand,228,2018-01-01,2.9055681960471484,3.222822160382417,0.31725396433526853,10.918826987673997,-9.475798710275615,8.167542991086726e-19,0.8117310983698309,2.3032471234864565e-16
price,Concreting Sand,229,2018-02-01,2.905501836055223,3.226113748525845,0.32061191247062215,11.034648420870193,-9.64235245037627,2.398558003231103e-19,0.8212361817872978,6.76393356911171e-17
price,Concreting Sand,230,2018-03-01,2.9053874735388874,3.229582901438123,0.3241954278992356,11.158423131230466,-9.824032608435024,6.276027574914757e-20,0.8314209038951595,1.7698397761259612e-17
price,Concreting Sand,231,2018-04-01,2.9052005185925265,3.233293830938211,0.3280933123456844,11.293310401329363,-10.027019761676184,1.4011957444069432e-20,0.8425540253887721,3.95137199922758e-18
price,Concreting Sand,232,2018-05-01,2.9050151753267373,3.2370804936934015,0.3320653183666642,11.430760196607773,-10.239758764600081,2.897562387498354e-21,0.8539335234522522,8.171125932745359e-19
price,Concreting Sand,233,2018-06-01,2.904831422990268,3.2409452319693184,0.3361138089790505,11.570854209262546,-10.463213451772836,5.524024883781107e-22,0.8655683932424475,1.5577750172262722e-19
price,Concreting Sand,234,2018-07-01,2.904673591704173,3.2448311312393727,0.34015753953519967,11.710697563633273,-10.693388882012165,1.0012449791264554e-22,0.8772177121898995,2.823510841136604e-20
price,Concreting Sand,235,2018-08-01,2.9045171036630664,3.248798838915112,0.34428173525204553,11.85332098123473,-10.93616977735988,1.663258632713037e-23,0.8891363868973542,4.690389344250765e-21
price,Concreting Sand,236,2018-09-01,2.904596105684491,3.2522630650661326,0.3476669593816415,11.969545738260605,-11.140733713043915,3.6007146725271634e-24,0.8988557760902373,1.0154015376526602e-21
price,Concreting Sand,237,2018-10-01,2.9047642190747096,3.255573001473657,0.3508087823989472,12.077014034230103,-11.336050117142443,8.316846834414991e-25,0.9078503788342736,2.3453508073050276e-22
price,Concreting Sand,238,2018-11-01,2.9051464377910095,3.2583973572119134,0.3532509194209039,12.15948755029044,-11.493918299940802,2.4885851171317487e-25,0.914730913301431,7.017810030311531e-23
price,Concreting Sand,239,2018-12-01,2.905709629093017,3.2608000846651133,0.3550904555720962,12.220438409151484,-11.61983728085391,9.292640355225296e-26,0.9197791480148033,2.6205245801735334e-23
price,Concreting Sand,240,2019-01-01,2.906307809973804,3.2631503851560364,0.3568425751822324,12.278209966529623,-11.742705952694733,3.5395126804798364e-26,0.924551357242849,9.981425758953138e-24
price,Concreting Sand,241,2019-02-01,2.9070554399607276,3.265135371092369,0.3580799311316416,12.317616176473022,-11.83836489157494,1.630929009828568e-26,0.9277499501325933,4.5992198077165614e-24
price,Concreting Sand,242,2019-03-01,2.9080529520293683,3.266461303030105,0.35840835100073676,12.32468448521969,-11.88715577379019,1.0524560016108412e-26,0.928180542869972,2.9679259245425723e-24
price,Concreting Sand,243,2019-04-01,2.909215188236434,3.2673346932908345,0.3581195050544004,12.309832098446192,-11.906135007793953,8.473338151764039e-27,0.9267354927051018,2.3894813587974592e-24
price,Concreting Sand,244,2019-05-01,2.9107539110936878,3.2671331947778657,0.3563792836841779,12.243538772752926,-11.864546052631992,1.0972279475083064e-26,0.9209162324380407,3.0941828119734242e-24
price,Concreting Sand,245,2019-06-01,2.912280072948025,3.2669269551234144,0.3546468821753894,12.177636535362124,-11.822528702643128,1.4278843509900885e-26,0.9151463035576338,4.0266338697920494e-24
price,Concreting Sand,246,2019-07-01,2.913747893830968,3.2668503235159285,0.3531024296849603,12.118496264984152,-11.786715639934625,1.769217028544835e-26,0.9099627296821899,4.989192020496435e-24
price,Concreting Sand,247,2019-08-01,2.9152038295245775,3.2667718453636834,0.3515680158391059,12.059809069900988,-11.75048316496199,2.2028871955029823e-26,0.9048297831235782,6.21214189131841e-24
price,Concreting Sand,248,2019-09-01,2.916783195946619,3.2662826397926197,0.3494994438460006,11.98235934476348,-11.694484493129833,3.233626174589752e-26,0.8981360251383476,9.1188258123431e-24
price,Concreting Sand,249,2019-10-01,2.9186747267312914,3.264782741995862,0.3461080152645706,11.858396281526959,-11.59953895575797,6.690683577011741e-26,0.8875821008457949,1.886772768717311e-23
price,Concreting Sand,250,2019-11-01,2.9206048173510144,3.2630775590000334,0.342472741649019,11.72608973368884,-11.499049695581077,1.4594688984033503e-25,0.8763896755956001,4.115702293497448e-23
price,Concreting Sand,251,2019-12-01,2.922370700927777,3.2618020648719526,0.3394313639441755,11.6149318030192,-11.413259320199858,2.780765986777806e-25,0.8670036955873326,7.841760082713413e-23
price,Concreting Sand,252,2020-01-01,2.924053313801743,3.260717615124578,0.336664301322835,11.513617064837877,-11.334723627377139,4.972368654809375e-25,0.8584699790459426,1.4022079606562436e-22
price,Concreting Sand,253,2020-02-01,2.9255519843926527,3.260165675407989,0.3346136910153361,11.437625883950998,-11.277441368933491,7.428281541176533e-25,0.8520480124521516,2.0947753946117823e-22
price,Concreting Sand,254,2020-03-01,2.926951036484759,3.259892707771414,0.3329416712866551,11.375033853880758,-11.232226290341153,1.0064179733359592e-24,0.8467420281783467,2.838098684807405e-22
price,Concreting Sand,255,2020-04-01,2.928264700319441,3.2598654730173173,0.33160077269787624,11.324139264517386,-11.198096115424619,1.2488225008511195e-24,0.8424040036481133,3.521679452400157e-22
price,Concreting Sand,256,2020-05-01,2.9293999000247095,3.260419387181495,0.33101948715678553,11.299907778176458,-11.193323323942058,1.2299508922973893e-24,0.8402462447348095,3.4684615162786375e-22
price,Concreting Sand,257,2020-06-01,2.9305262654910265,3.2609884770761974,0.330462211585171,11.27654836186224,-11.188540057749503,1.2132966850621113e-24,0.8381591877964784,3.4214966518751537e-22
price,Concreting Sand,258,2020-07-01,2.931643899442101,3.261573375023531,0.32992947558143015,11.254077469784667,-11.183737502055875,1.1990711827862786e-24,0.8361438964381973,3.381380735457306e-22
price,Concreting Sand,259,2020-08-01,2.9327529030151744,3.26217474896938,0.32942184595420576,11.232512824913613,-11.178906547688273,1.187510686048812e-24,0.8342015310994364,3.3487801346576495e-22
price,Concreting Sand,260,2020-09-01,2.9336317253575457,3.263616578068492,0.32998485271094635,11.248339382842214,-11.2236866150492,7.993199099816951e-25,0.8352870139292928,2.25408214614838e-22
price,Concreting Sand,261,2020-10-01,2.9346783595271866,3.2644399597269644,0.32976160019977785,11.236720342085684,-11.229505715364905,7.29947194783752e-25,0.8341431241348118,2.0584510892901807e-22
price,Concreting Sand,262,2020-11-01,2.9356072735379533,3.265710343982538,0.33010307044458465,11.244796721284485,-11.26123462027702,5.445492456279582e-25,0.8345882989528188,1.5356288726708423e-22
price,Concreting Sand,263,2020-12-01,2.936449072578304,3.267332880144216,0.33088380756591196,11.268160944994168,-11.315003551550456,3.4195259467817787e-25,0.8362621148579794,9.643063169924616e-23
price,Concreting Sand,264,2021-01-01,2.9373005787883537,3.2689402463277415,0.3316396675393878,11.290627521552128,-11.36688120739869,2.178628559130751e-25,0.837855002157454,6.143732536748718e-23
price,Concreting Sand,265,2021-02-01,2.9380484793058663,3.2709932621800277,0.3329447828741614,11.332174578440647,-11.449453387548896,1.0897055055773953e-25,0.8409800179008282,3.0729695257282547e-23
price,Concreting Sand,266,2021-03-01,2.938855575332399,3.2728410315521583,0.3339854562197595,11.364473267182722,-11.516640477163667,6.142124413890867e-26,0.8433485525719774,1.7320790847172244e-23
price,Concreting Sand,267,2021-04-01,2.9397825306051715,3.2742138632726263,0.33443133266745484,11.376056874472622,-11.550543362896388,4.5114025256728924e-26,0.8440362506520592,1.2722155122397556e-23
price,Concreting Sand,268,2021-05-01,2.9406403778069334,3.2758998033144846,0.33525942550755117,11.400898526652908,-11.604307495532103,2.829803031565572e-26,0.8457849879622887,7.980044549014913e-24
price,Concreting Sand,269,2021-06-01,2.94158440291657,3.2772328634950636,0.3356484605784935,11.410465062491468,-11.633283556337757,2.1696746973461113e-26,0.84629424181842,6.118482646516034e-24
price,Concreting Sand,270,2021-07-01,2.942596563659363,3.278272281162137,0.3356757175027738,11.407466509283664,-11.642459951146817,1.9603838374934554e-26,0.8457856937325866,5.528282421731544e-24
price,Concreting Sand,271,2021-08-01,2.9434807528727847,3.2799004242242646,0.33641967135148,11.429314461225555,-11.68808261691127,1.3207515655209457e-26,0.8472681822066395,3.7245194147690666e-24
price,Concreting Sand,272,2021-09-01,2.9443278032627282,3.281728389143003,0.33740058588027466,11.459341772556286,-11.746384800135017,8.036724711044925e-27,0.8493982242926797,2.2663563685146687e-24
price,Concreting Sand,273,2021-10-01,2.945043938113516,3.2842177886450252,0.3391738505315094,11.51676707237079,-11.854257259075723,3.255927661553388e-27,0.8537172728528879,9.181716005580554e-25
price,Concreting Sand,274,2021-11-01,2.945691094998092,3.287108018362126,0.34141692336403384,11.590384475268781,-11.99637053174037,9.916919943036143e-28,0.8593244922715262,2.7965714239361922e-25
price,Concreting Sand,275,2021-12-01,2.946317490675474,3.2901836204000143,0.3438661297245402,11.671048039215398,-12.156680598713326,2.586471510214694e-28,0.8654853897413177,7.293849658805438e-26
price,Concreting Sand,276,2022-01-01,2.94700291359306,3.2930482390013274,0.34604532540826716,11.742279717883278,-12.299646723015284,7.743650784072091e-29,0.8708753513420106,2.1837095211083296e-26
price,Concreting Sand,277,2022-02-01,2.947667657264422,3.2961031697266314,0.3484355124622094,11.820719055742343,-12.461820452579273,1.9689078535077067e-29,0.8768307428888426,5.552320146891733e-27
price,Concreting Sand,278,2022-03-01,2.948541069829465,3.298134454714711,0.34959338488524594,11.856486872861005,-12.536374722327775,1.0323369487067953e-29,0.8793424668420878,2.9111901953531628e-27
price,Concreting Sand,279,2022-04-01,2.949242185273346,3.3011537130684845,0.35191152779513857,11.932269569191796,-12.696987685527894,2.6356740993152577e-30,0.8850542799106278,7.432600960069026e-28
price,Concreting Sand,280,2022-05-01,2.9501620461960627,3.3030407224571756,0.3528786762611129,11.961331978903141,-12.760215371403044,1.5146060976024376e-30,0.8869991147121645,4.271189195238874e-28
price,Concreting Sand,281,2022-06-01,2.9510025820927406,3.3054221120346146,0.354419529941874,12.01013960789329,-12.863074916247712,6.234067699737024e-31,0.8905146878009477,1.758007091325841e-28
price,Concreting Sand,282,2022-07-01,2.9517780537189275,3.3082499564378893,0.3564719027189618,12.076514434066103,-13.006802239377997,1.8122998445517395e-31,0.8954229540709913,5.110685561635905e-29
price,Concreting Sand,283,2022-08-01,2.952518225656428,3.311377685042279,0.35885945938585095,12.15435204658445,-13.18214198034003,4.022875859088352e-32,0.9012325940324047,1.1344509922629152e-29
price,Concreting Sand,284,2022-09-01,2.953192993448737,3.315013019963366,0.36182002651462897,12.251824629046533,-13.416697474177305,5.453143271646414e-33,0.9085976294651523,1.5377864026042888e-30
price,Concreting Sand,285,2022-10-01,2.9537555278900065,3.3194907468689885,0.365735218978982,12.382040948400432,-13.766254026964742,3.009343116644195e-34,0.9185697344371216,8.48634758893663e-32
price,Concreting Sand,286,2022-11-01,2.954390977848185,3.32367248620853,0.3692815083603449,12.499412269032486,-14.094317872841016,2.1629928900378388e-35,0.9274917467641953,6.099639949906706e-33
price,Concreting Sand,287,2022-12-01,2.954929897642655,3.3286634519607987,0.3737335543181439,12.647797655582156,-14.562972283435512,7.101529148541898e-37,0.9388838514180071,2.002631219888815e-34
price,Concreting Sand,288,2023-01-01,2.9562522576381305,3.328494258523206,0.37224200088507553,12.591685974135194,-14.520363453611612,9.211421323681236e-37,0.933839674856009,2.5976208132781087e-34
price,Concreting Sand,289,2023-02-01,2.9575777584004346,3.3282301678056236,0.37065240940518906,12.532296347996995,-14.472834064722036,1.2504057406162595e-36,0.9285511586753941,3.5261441885378516e-34
price,Concreting Sand,290,2023-03-01,2.958894117778171,3.3279528725521628,0.36905875477399164,12.4728611462149,-14.423938852000049,1.7207674882633103e-36,0.9232779906899916,4.8525643169025354e-34
price,Concreting Sand,291,2023-04-01,2.960321178230048,3.3267678510977508,0.3664466728677027,12.378612008809064,-14.345553894788951,3.210411473525217e-36,0.915262952883667,9.053360355341112e-34
price,Concreting Sand,292,2023-05-01,2.961726715887402,3.3256107373324952,0.36388402144509335,12.286211941606005,-14.267967150774515,5.938519619394336e-36,0.9074319690842143,1.6746625326692027e-33
price,Concreting Sand,293,2023-06-01,2.9631343677419646,3.3242983597124485,0.3611639919704839,12.188579630484536,-14.187422518495131,1.1418200305693188e-35,0.8992255599255414,3.219932486205479e-33
price,Concreting Sand,294,2023-07-01,2.964532443733571,3.3229130722246207,0.3583806284910498,12.08894270152431,-14.105969410300606,2.2272009198470094e-35,0.8909006338542398,6.280706593968566e-33
price,Concreting Sand,295,2023-08-01,2.9658977433479876,3.321644993431425,0.35574725008343755,11.994589189101989,-14.026920833919949,4.2153678526669566e-35,0.8830273303166641,1.1887337344520817e-32
price,Concreting Sand,296,2023-09-01,2.9673000978445985,3.319899414581037,0.3525993167364385,11.882833050575547,-13.941903548828577,8.769889466816164e-35,0.8738350972470331,2.473108829642158e-32
price,Concreting Sand,297,2023-10-01,2.9687044418361848,3.3179451464366507,0.34924070460046597,11.764077948576643,-13.857148394425707,1.865237712622376e-34,0.8641445821904797,5.2599703495951e-32
price,Concreting Sand,298,2023-11-01,2.97007653268916,3.3160813223870766,0.3460047896979166,11.64969272305713,-13.774578956383152,3.862968899543887e-34,0.8548386845741203,1.0893572296713762e-31
price,Concreting Sand,299,2023-12-01,2.9714735153936447,3.313768643711498,0.34229512831785325,11.519373352802974,-13.694421364663107,8.3598587314429e-34,0.8443501927851339,2.3574801622668974e-31
price,Concreting Sand,300,2024-01-01,2.972664025971757,3.313273375540971,0.34060934956921374,11.458050643912552,-13.643346418819126,1.1983453067785892e-33,0.8392045695149072,3.3793337651156215e-31
price,Concreting Sand,301,2024-02-01,2.973870356703877,3.312497644478946,0.3386272877750689,11.38675352850251,-13.582305714310305,1.894663675730233e-33,0.8333124265940735,5.342951565559257e-31
price,Concreting Sand,302,2024-03-01,2.9750921826904504,3.311413210187151,0.3363210274967008,11.304558206749658,-13.512800534071683,3.278988602475077e-33,0.8266094566561693,9.246747858979717e-31
price,Concreting Sand,303,2024-04-01,2.976282537124937,3.3105111225518717,0.3342285854269349,11.229733106917895,-13.447010826982934,5.444091160031756e-33,0.820492243868637,1.5352337071289553e-30
price,Concreting Sand,304,2024-05-01,2.9774415639397467,3.309814370002816,0.3323728060630695,11.163033729645202,-13.385778254153925,8.632973840307623e-33,0.8150131384269929,2.4344986229667497e-30
price,Concreting Sand,305,2024-06-01,2.9785929905787225,3.3090618772498357,0.3304688866711132,11.094798373473145,-13.321293731748064,1.4151344548461483e-32,0.8094357516998714,3.9906791626661384e-30
price,Granite (20mm Aggregate),24,2001-01-01,2.476261867322656,2.91680326978816,0.4405414024655041,17.7905821786861,-23.875618742076455,6.049568648896767e-42,1.9387425958136661,1.7059783589888884e-39
price,Granite (20mm Aggregate),25,2001-02-01,2.478812430590113,2.9180386052661245,0.43922617467601155,17.719217850277126,-24.03986589193957,7.435489703196181e-44,1.9409084500359477,2.096808096301323e-41
price,Granite (20mm Aggregate),26,2001-03-01,2.48116679668315,2.91928206795118,0.43811527126803007,17.65763075073015,-24.22129639564881,7.676777543209453e-46,1.9441042144418006,2.164851267185066e-43
price,Granite (20mm Aggregate),27,2001-04-01,2.4833175447442577,2.920536342121537,0.4372187973772794,17.606238006195298,-24.422486608205777,6.430105260635435e-48,1.9484290413688512,1.8132896834991926e-45
price,Granite (20mm Aggregate),28,2001-05-01,2.4851451377882783,2.921814640771023,0.43666950298274454,17.57118714488323,-24.67010991726732,3.2741524004612404e-50,1.9546995155330538,9.233109769300698e-48
price,Granite (20mm Aggregate),29,2001-06-01,2.4869013377391096,2.9230961680281946,0.436194830289085,17.539691811241624,-24.908712902432693,1.7947459213978192e-52,1.9613886953675375,5.06118349834185e-50
price,Granite (20mm Aggregate),30,2001-07-01,2.4895029383965244,2.924289990730083,0.43478705233355885,17.464813783815128,-24.910375379258312,1.536805986695787e-53,1.9625010895211095,4.333792882482119e-51
price,Granite (20mm Aggregate),31,2001-08-01,2.4921838832936394,2.925466170531164,0.4332822872375246,17.385646787222782,-24.871686841798255,2.3363060887102676e-54,1.9628794094801605,6.588383170162955e-52
price,Granite (20mm Aggregate),32,2001-09-01,2.493604924914886,2.9267675428645785,0.4331626179496926,17.370940104494608,-25.12807290262743,1.2257928989706523e-56,1.9715428231214043,3.456735975097239e-54
price,Granite (20mm Aggregate),33,2001-10-01,2.4947716923802616,2.928096362028189,0.43332466964792715,17.369311627650067,-25.415484809748648,4.654659976196288e-59,1.9819959254555488,1.3126141132873532e-56
price,Granite (20mm Aggregate),34,2001-11-01,2.495752694631077,2.929447614031973,0.4336949194008959,17.37731948898105,-25.72036121147487,1.4987431920496072e-61,1.9938534526394893,4.226455801579892e-59
price,Granite (20mm Aggregate),35,2001-12-01,2.4965175751661692,2.930827017763067,0.43430944259689763,17.396610659469918,-26.04708485174414,3.993925160777264e-64,2.007408270427912,1.1262868953391883e-61
price,Granite (20mm Aggregate),36,2002-01-01,2.4973289937534497,2.932204903387063,0.4348759096336132,17.41364116307323,-26.35470015581137,1.3727832487585073e-66,2.020837519043203,3.871248761498991e-64
price,Granite (20mm Aggregate),37,2002-02-01,2.498118164854135,2.9335894650898213,0.43547130023568625,17.431973649697767,-26.655080209421914,5.513659317535554e-69,2.0346386177794527,1.5548519275450263e-66
price,Granite (20mm Aggregate),38,2002-03-01,2.498865800633732,2.934983510091914,0.43611770945818185,17.4526262813945,-26.952439300880055,2.51888917054083e-71,2.048973307965467,7.103267460925141e-69
price,Granite (20mm Aggregate),39,2002-04-01,2.4996977806842047,2.9363706938977208,0.4366729132135161,17.469028319655195,-27.226102284923343,1.669565265411215e-73,2.0628911931111302,4.708174048459626e-71
price,Granite (20mm Aggregate),40,2002-05-01,2.5006467665464376,2.937745567962287,0.43709880141584945,17.47943001240085,-27.46901086011329,1.779719998067923e-75,2.076100933958898,5.018810394551542e-73
price,Granite (20mm Aggregate),41,2002-06-01,2.5015687336237447,2.9391272224648692,0.4375584888411246,17.491363837414223,-27.70886731595574,2.2281642426717212e-77,2.0897132089451467,6.283423164334253e-75
price,Granite (20mm Aggregate),42,2002-07-01,2.50248438160911,2.9405129907754795,0.43802860916636943,17.50374996884955,-27.94233547566343,3.421728748457254e-79,2.1035752480888026,9.649275070649456e-77
price,Granite (20mm Aggregate),43,2002-08-01,2.503375774635091,2.941905669204222,0.43852989456913116,17.51754167362486,-28.173707840568568,6.140202492428489e-81,2.117845502664673,1.7315371028648339e-78
price,Granite (20mm Aggregate),44,2002-09-01,2.5042087331435905,2.943310843051058,0.4391021099074677,17.534565074224176,-28.410570124875452,1.1811297790184677e-82,2.132834455831632,3.3307859768320787e-80
price,Granite (20mm Aggregate),45,2002-10-01,2.5050046712739347,2.944725877766995,0.43972120649306046,17.553708044362157,-28.649299461096017,2.5457142671793823e-84,2.148391974021679,7.178914233445858e-82
price,Granite (20mm Aggregate),46,2002-11-01,2.5058686273363278,2.9461342553290484,0.4402656279927206,17.56938185784749,-28.86894786684469,7.784765501656241e-86,2.163606720317744,2.1953038714670597e-83
price,Granite (20mm Aggregate),47,2002-12-01,2.5066958193109596,2.947552586089419,0.44085676677845953,17.587166475573497,-29.091718249544613,2.608847272234505e-87,2.1794036135545234,7.356949307701304e-85
price,Granite (20mm Aggregate),48,2003-01-01,2.5074885449533153,2.948980975933197,0.4414924309798818,17.60695704347082,-29.31771302734924,9.562643972096619e-89,2.195789784068339,2.6966656001312463e-86
price,Granite (20mm Aggregate),49,2003-02-01,2.507381743793505,2.950570747064196,0.4431890032706911,17.675370109386495,-29.683316346168933,1.1207906835552417e-90,2.221062570090862,3.1606297276257817e-88
price,Granite (20mm Aggregate),50,2003-03-01,2.507279214680087,2.9521718737032727,0.44489265902318564,17.744041286600428,-30.0507003483645,1.4935795321848076e-92,2.2470183155254912,4.211894280761157e-90
price,Granite (20mm Aggregate),51,2003-04-01,2.507180706316215,2.9537844779526656,0.4466037716364508,17.812986934342,-30.42050665021664,2.2449684169871244e-94,2.2736916720123634,6.330810935903691e-92
price,Granite (20mm Aggregate),52,2003-05-01,2.5072115758789404,2.9553851921770353,0.44817361629809493,17.87538078596263,-30.778185194146847,4.169550003620058e-96,2.299813681823137,1.1758131010208563e-93
price,Granite (20mm Aggregate),53,2003-06-01,2.507225922045734,2.957000402536089,0.4497744804903552,17.939128521907126,-31.14129001269364,8.503932703817093e-98,2.326869570056132,2.39810902247642e-95
price,Granite (20mm Aggregate),54,2003-07-01,2.507254810962997,2.958624368039561,0.4513695570765641,18.002540272450418,-31.506410048967194,1.9408544318911794e-99,2.3545705493555613,5.473209497933125e-97
price,Granite (20mm Aggregate),55,2003-08-01,2.5072826493741776,2.9602601442012397,0.4529774948270622,18.066471083350983,-31.87620455071539,4.8387258113400715e-101,2.383120034445787,1.3645206787979002e-98
price,Granite (20mm Aggregate),56,2003-09-01,2.5073094935563884,2.9619078603349016,0.4545983667785132,18.13092352367346,-32.251334635204145,1.304505232860631e-102,2.412561746965991,3.6787047566669797e-100
price,Granite (20mm Aggregate),57,2003-10-01,2.507335395837468,2.9635676476490294,0.45623225181156135,18.195900419583737,-32.63248147511607,3.764560460994635e-104,2.4429427231170666,1.061606050000487e-101
price,Granite (20mm Aggregate),58,2003-11-01,2.5072478077734193,2.9652636489708177,0.45801584119739847,18.267673413747758,-33.03659523189537,1.0263951594474067e-105,2.475711111991619,2.894434349641687e-103
price,Granite (20mm Aggregate),59,2003-12-01,2.507149301738941,2.9669751902890154,0.45982588855007434,18.340586586971202,-33.45059104482463,2.881103479991807e-107,2.509745086885308,8.124711813576895e-105
price,Granite (20mm Aggregate),60,2004-01-01,2.507067734845336,2.968696375111854,0.4616286402665182,18.41309007532645,-33.871471005295206,8.458631557499079e-109,2.5447560505510585,2.38533409921474e-106
price,Granite (20mm Aggregate),61,2004-02-01,2.5069888422761113,2.9704303568478734,0.4634415145717621,18.485982336921793,-34.30198965202492,2.5383605617955246e-110,2.5809895371993594,7.15817678426338e-108
price,Granite (20mm Aggregate),62,2004-03-01,2.5069124946284744,2.972177278746102,0.4652647841176276,18.559275009181366,-34.74305978810232,7.706572862982977e-112,2.618521661420658,2.1732535473611996e-109
price,Granite (20mm Aggregate),63,2004-04-01,2.506838570715683,2.9739372862016205,0.4670987154859376,18.632979440418637,-35.195651440064054,2.3428306151342743e-113,2.6574352167955664,6.606782334678654e-111
price,Granite (20mm Aggregate),64,2004-05-01,2.506957740736211,2.9756646239240725,0.4687068831878616,18.696241886000752,-35.62519398997959,9.145143889987814e-115,2.694902629420924,2.5789305769765635e-112
price,Granite (20mm Aggregate),65,2004-06-01,2.507160127886771,2.9773836870123795,0.47022355912560876,18.755226437090386,-36.04798522145006,4.0555608914562525e-116,2.732435503431522,1.1436681713906633e-113
price,Granite (20mm Aggregate),66,2004-07-01,2.5071724278084715,2.9791617618771276,0.47198933406865606,18.825563365070334,-36.523368189966185,1.322944030145006e-117,2.7744656812543678,3.7307021650089168e-115
price,Granite (20mm Aggregate),67,2004-08-01,2.5072691984840763,2.9809317455227666,0.4736625470386904,18.891571249113266,-36.995876091403744,4.7457166475274774e-119,2.816754923838095,1.3382920946027487e-116
price,Granite (20mm Aggregate),68,2004-09-01,2.5074462408079183,2.9826936679235967,0.47524742711567836,18.953444320407446,-37.464324151428244,1.877490529108139e-120,2.85932223072971,5.294523292084952e-118
price,Granite (20mm Aggregate),69,2004-10-01,2.5076064778863034,2.984472177765386,0.4768656998790828,19.016767745832254,-37.95212503667017,6.916877603727858e-122,2.903907673402603,1.950559484251256e-119
price,Granite (20mm Aggregate),70,2004-11-01,2.5082264775092495,2.986139353635666,0.47791287612641664,19.053816727148167,-38.312011482487144,6.255213016014457e-123,2.9415043501596605,1.7639700705160768e-120
price,Granite (20mm Aggregate),71,2004-12-01,2.509101027511037,2.987744835589332,0.4786438080782953,19.076306726202155,-38.57848735496408,1.0292504495066362e-123,2.975317699230767,2.902486267608714e-121
price,Granite (20mm Aggregate),72,2005-01-01,2.5109752475612486,2.989077005994228,0.47810175843297964,19.040480741390407,-38.30055740652256,4.846319830586186e-123,2.9897225138647237,1.3666621922253044e-120
price,Granite (20mm Aggregate),73,2005-02-01,2.514017613540923,2.9900731501261997,0.4760555365852768,18.936046192403797,-37.153610631009954,2.338171475775421e-119,2.9799741625428564,6.593643561686687e-117
price,Granite (20mm Aggregate),74,2005-03-01,2.517065333197959,2.991051760602624,0.473986427404665,18.83091476225053,-36.10041062670384,3.5176016063562304e-115,2.9692986471429217,9.91963652992457e-113
price,Granite (20mm Aggregate),75,2005-04-01,2.5200317803308074,2.9920380464553338,0.47200626612452634,18.73017117516532,-35.191569690018135,3.614282173646969e-111,2.9594910336511466,1.0192275729684453e-108
price,Granite (20mm Aggregate),76,2005-05-01,2.523004889016489,2.9930067472664077,0.4700018582499186,18.628654280298818,-34.34254542985208,3.21708670472132e-107,2.9487607891122645,9.072184507314123e-105
price,Granite (20mm Aggregate),77,2005-06-01,2.525900774099945,2.993983105791403,0.46808233169145774,18.53130322818202,-33.60065187585369,1.0638262267281158e-103,2.938867085256062,2.999989959373287e-101
price,Granite (20mm Aggregate),78,2005-07-01,2.5293643677451367,2.994768510661905,0.4654041429167681,18.400043459601036,-32.534221424403825,1.612118452277113e-98,2.916323196392664,4.546174035421458e-96
price,Granite (20mm Aggregate),79,2005-08-01,2.533431989691448,2.9953424628896266,0.46191047319817846,18.23259811503507,-31.155168848961885,9.878766970481751e-92,2.8804791924905033,2.785812285675854e-89
price,Granite (20mm Aggregate),80,2005-09-01,2.537397921089102,2.9959210067351707,0.4585230856460689,18.07060224315395,-29.984671266002078,3.6301567362740776e-86,2.8461580101579993,1.02370419962929e-83
price,Granite (20mm Aggregate),81,2005-10-01,2.5409771272723107,2.9965981448267613,0.4556210175544506,17.93093738091027,-29.13607657516685,2.2371408715169797e-82,2.819139301428913,6.308737257677883e-80
price,Granite (20mm Aggregate),82,2005-11-01,2.544323854005852,2.9973287473485515,0.45300489334269933,17.804529585708053,-28.461062634470533,1.5683631057106095e-79,2.7961990046556107,4.422783958103919e-77
price,Granite (20mm Aggregate),83,2005-12-01,2.5475899367217183,2.998065265680235,0.45047532895851683,17.68241122581117,-27.860105893959563,4.1805248934059146e-77,2.7742482965411654,1.1789080199404679e-74
price,Granite (20mm Aggregate),84,2006-01-01,2.550778255563397,2.9988077719658346,0.4480295164024377,17.56442432521365,-27.322038356985715,5.040160540156431e-75,2.753242995182269,1.4213252723241135e-72
price,Granite (20mm Aggregate),85,2006-02-01,2.553387790465472,2.999731115025941,0.4463433245604689,17.480436235621788,-27.034978912318177,4.312436033412155e-74,2.743317322793484,1.2161069614222276e-71
price,Granite (20mm Aggregate),86,2006-03-01,2.5558491005277224,3.000692880022691,0.44484377949496867,17.40493127716808,-26.806041834462867,2.034120053846336e-73,2.735836182053875,5.736218551846667e-71
price,Granite (20mm Aggregate),87,2006-04-01,2.558253828749461,3.0016625607807312,0.44340873203127007,17.33247604472537,-26.598760649653993,7.676107046412584e-73,2.72897565855543,2.1646621870883487e-70
price,Granite (20mm Aggregate),88,2006-05-01,2.5606039040570683,3.002640255429333,0.44203635137226494,17.262972639848527,-26.411109567212897,2.3787418593252354e-72,2.7227199852237964,6.708052043297164e-70
price,Granite (20mm Aggregate),89,2006-06-01,2.562985755946762,3.0035948261064687,0.44060907015970674,17.19124147051479,-26.21321129248203,8.075657664323685e-72,2.715296901602482,2.277335461339279e-69
price,Granite (20mm Aggregate),90,2006-07-01,2.5652659600353753,3.004575620698904,0.4393096606635285,17.125306596181176,-26.04936238322798,1.976575438760959e-71,2.7094849885182453,5.573942737305905e-69
price,Granite (20mm Aggregate),91,2006-08-01,2.5675785192610965,3.005533222251719,0.43795470299062256,17.057110413770644,-25.874652447492988,5.3468671908500886e-71,2.7025074897654546,1.5078165478197249e-68
price,Granite (20mm Aggregate),92,2006-09-01,2.5701413655833294,3.006382687971657,0.43624132238832747,16.973436878998925,-25.61755518238015,3.147400856912971e-70,2.6897585854222035,8.875670416494577e-68
price,Granite (20mm Aggregate),93,2006-10-01,2.572649096930891,3.0072393221786826,0.43459022524779156,16.892712875854205,-25.381717183291975,1.497342585650578e-69,2.6776526178328854,4.22250609153463e-67
price,Granite (20mm Aggregate),94,2006-11-01,2.5757294350585354,3.0078538918449924,0.43212445678645706,16.776779847477915,-24.953117401539583,4.559790988990579e-68,2.652985736530513,1.2858610588953433e-65
price,Granite (20mm Aggregate),95,2006-12-01,2.5791404081885307,3.008313815289405,0.42917340710087437,16.64017227361057,-24.42057407294787,3.7438186825374583e-66,2.6210244776489158,1.0557568684755633e-63
price,Granite (20mm Aggregate),96,2007-01-01,2.5827630909944173,3.008661660835285,0.42589856984086794,16.490036245519065,-23.835400292229057,4.909091402679292e-64,2.584467984414744,1.3843637755555604e-61
price,Granite (20mm Aggregate),97,2007-02-01,2.5867594969178738,3.0088258118879265,0.42206631497005276,16.31641114966216,-23.14650855213214,1.6910584034201125e-61,2.5403007008018426,4.768784697644717e-59
price,Granite (20mm Aggregate),98,2007-03-01,2.5913818404082094,3.0086925215987765,0.41731068119056713,16.103789672494965,-22.27655263688094,3.211961945518834e-58,2.4841016592160226,9.057732686363112e-56
price,Granite (20mm Aggregate),99,2007-04-01,2.607970626135836,3.003389581746636,0.3954189556108001,15.161940539057465,-16.21679100847788,3.3627763718224187e-34,2.2185633746826054,9.48302936853922e-32
price,Granite (20mm Aggregate),100,2007-05-01,2.6225999731793608,2.9987482089260205,0.3761482357466597,14.342569953230711,-13.485399979540365,4.239348668750765e-26,2.0181979329413315,1.1954963245877158e-23
price,Granite (20mm Aggregate),101,2007-06-01,2.63271167728831,2.9959310304139795,0.36321935312566955,13.796396933969811,-12.390579890733397,2.963686250936457e-23,1.898296147207547,8.357595227640809e-21
price,Granite (20mm Aggregate),102,2007-07-01,2.6397773149406385,2.9943631545919986,0.35458583965136015,13.432414834557127,-11.871346300203845,5.265629855861738e-22,1.8240925800542838,1.48490761935301e-19
price,Granite (20mm Aggregate),103,2007-08-01,2.645243034629936,2.993445166537609,0.3482021319076729,13.16333234221655,-11.567954415802737,2.5665778902083132e-21,1.7720385918806478,7.237749650387444e-19
price,Granite (20mm Aggregate),104,2007-09-01,2.650446011538904,2.992591593676437,0.34214558213753277,12.908981380793188,-11.29787205619982,1.0438250716580669e-20,1.7241066107471803,2.9435867020757484e-18
price,Granite (20mm Aggregate),105,2007-10-01,2.655628269831859,2.99169385350478,0.3360655836729207,12.65484282912076,-11.032758377685868,4.189674794075279e-20,1.6771697954681215,1.1814882919292287e-17
price,Granite (20mm Aggregate),106,2007-11-01,2.6607513344329803,2.9907698389331463,0.330018504500166,12.403207328297542,-10.77621201880884,1.6210752859257776e-19,1.6316333413667934,4.571432306310693e-17
price,Granite (20mm Aggregate),107,2007-12-01,2.665702035516284,2.9898742940389162,0.3241722585226321,12.160858723276155,-10.538803330131573,5.664029016057488e-19,1.588706301200792,1.5972561825282116e-16
price,Granite (20mm Aggregate),108,2008-01-01,2.6704845337105465,2.989007908694512,0.31852337498396555,11.927549887038225,-10.318655781409083,1.8047206325936967e-18,1.5481994859923978,5.089312183914224e-16
price,Granite (20mm Aggregate),109,2008-02-01,2.6751411327622656,2.9881524972843154,0.3130113645220498,11.70074209127218,-10.110622766441862,5.401485385999002e-18,1.5095294270345088,1.5232188788517186e-15
price,Granite (20mm Aggregate),110,2008-03-01,2.6796369913796765,2.987327346905256,0.30769035552557966,11.482538736232245,-9.917094292788475,1.495355972157381e-17,1.4729811945920488,4.216903841483815e-15
price,Granite (20mm Aggregate),111,2008-04-01,2.684013910809959,2.9865138870822614,0.3024999762723022,11.27043250610487,-9.73350580170965,3.931516174545346e-17,1.4380197729928794,1.1086875612217875e-14
price,Granite (20mm Aggregate),112,2008-05-01,2.688237004652282,2.9857318387608496,0.2974948341085675,11.066540397804241,-9.56234670692746,9.66401123872583e-17,1.4049394114522225,2.725251169320684e-14
price,Granite (20mm Aggregate),113,2008-06-01,2.6923702775600082,2.984950433210322,0.2925801556503136,10.867010310166837,-9.397562721615687,2.3009771858259854e-16,1.373012710996417,6.488755664029279e-14
price,Granite (20mm Aggregate),114,2008-07-01,2.6965129138096207,2.984118579614,0.2876056658043793,10.665836767607072,-9.230556206575262,5.581421816382707e-16,1.3412018787826394,1.5739609522199232e-13
price,Granite (20mm Aggregate),115,2008-08-01,2.700914944497696,2.983101705831096,0.2821867613333997,10.44782109515409,-9.04034271079971,1.5615776841732563e-15,1.3070352290774492,4.4036490693685825e-13
price,Granite (20mm Aggregate),116,2008-09-01,2.7058171341070585,2.9817630738995415,0.27594593979248305,10.198247927184756,-8.806756169454285,5.6736809274178786e-15,1.2682898693131344,1.5999780215318418e-12
price,Granite (20mm Aggregate),117,2008-10-01,2.7107002759778713,2.980376305546994,0.26967602956912273,9.94857424699374,-8.57561199070239,2.0291512047077108e-14,1.2301601531720325,5.722206397275744e-12
price,Granite (20mm Aggregate),118,2008-11-01,2.715627615051006,2.9789057867684057,0.26327817171739953,9.69492909330481,-8.341456657477742,7.365880345591007e-14,1.1920272634722415,2.077178257456664e-11
price,Granite (20mm Aggregate),119,2008-12-01,2.7202184360533392,2.9775644145998736,0.2573459785465344,9.460489464217728,-8.135440382231396,2.2587075257095328e-13,1.1574018362980236,6.369555222500883e-11
price,Granite (20mm Aggregate),120,2009-01-01,2.72399893624404,2.976629585817314,0.2526306495732742,9.274256542904952,-7.991930493799634,4.818176378313102e-13,1.130445332960911,1.3587257386842947e-10
price,Granite (20mm Aggregate),121,2009-02-01,2.727542217947508,2.975786971288384,0.24824475334087603,9.101408282790272,-7.864262205732825,9.392865049576926e-13,1.1057307171864326,2.6487879439806933e-10
price,Granite (20mm Aggregate),122,2009-03-01,2.7308860867834235,2.975019147996842,0.2441330612134185,8.939701380989158,-7.749150269689928,1.706164538048805e-12,1.082859682233822,4.81138399729763e-10
price,Granite (20mm Aggregate),123,2009-04-01,2.7338877632232186,2.974414929924951,0.24052716670173258,8.79798980548324,-7.656491173990641,2.732468215747514e-12,1.063062964525372,7.705560368407989e-10
price,Granite (20mm Aggregate),124,2009-05-01,2.736545046761965,2.9739830076331892,0.23743796087122426,8.676559560098392,-7.585832667423398,3.872449827301598e-12,1.0463065665280102,1.0920308512990506e-09
price,Granite (20mm Aggregate),125,2009-06-01,2.7390088658896565,2.9736389128522616,0.23463004696260503,8.566239046706954,-7.526377949127202,5.161743651668831e-12,1.031217082736254,1.4556117097706103e-09
price,Granite (20mm Aggregate),126,2009-07-01,2.740597382208513,2.9738079177090593,0.23321053550054627,8.509478152993541,-7.523770970832428,5.024850902996608e-12,1.0238167293406344,1.4170079546450433e-09
price,Granite (20mm Aggregate),127,2009-08-01,2.742077115607348,2.974030993540825,0.23195387793347733,8.45905742815338,-7.526856963763838,4.741916891305286e-12,1.0173147244555232,1.3372205633480907e-09
price,Granite (20mm Aggregate),128,2009-09-01,2.7432356675002296,2.97444514817273,0.23120948067250024,8.428349172172643,-7.5496408032430935,4.013796226056372e-12,1.0136105401267592,1.131890535747897e-09
price,Granite (20mm Aggregate),129,2009-10-01,2.7442020491633605,2.9749752289992397,0.2307731798358792,8.409482089929792,-7.58400476221005,3.1847729742962107e-12,1.0115789288029629,8.981059787515314e-10
price,Granite (20mm Aggregate),130,2009-11-01,2.745065650371492,2.9755677541131336,0.23050210374164148,8.39696142460008,-7.624418124117716,2.4408101473560138e-12,1.0104382312249696,6.883084615543959e-10
price,Granite (20mm Aggregate),131,2009-12-01,2.7459160668283547,2.9761662342532977,0.2302501674249431,8.385185920518374,-7.665195826292139,1.8640830809464096e-12,1.0093911755030882,5.256714288268875e-10
price,Granite (20mm Aggregate),132,2010-01-01,2.746621842560781,2.976858596731806,0.2302367541710253,8.382542896999857,-7.715078221888547,1.351024354928618e-12,1.0096363259244674,3.809888680898703e-10
price,Granite (20mm Aggregate),133,2010-02-01,2.747702668991874,2.977297616218282,0.2295949472264076,8.35588762268246,-7.739298158379407,1.1290420320259659e-12,1.0064386775905623,3.183898530313224e-10
price,Granite (20mm Aggregate),134,2010-03-01,2.748725788722134,2.9777695391946675,0.22904375047253334,8.332724617795154,-7.766644543207448,9.263184604414101e-13,1.003726863671029,2.6122180584447766e-10
price,Granite (20mm Aggregate),135,2010-04-01,2.7499378248398587,2.9781050206027686,0.2281671957629099,8.29717652893469,-7.7799035307444,8.229150653903949e-13,0.9992342555429774,2.3206204844009135e-10
price,Granite (20mm Aggregate),136,2010-05-01,2.751051676084291,2.978500295997202,0.22744861991291065,8.267697109806734,-7.799080790193486,7.065208895860417e-13,0.9955964622953848,1.9923889086326375e-10
price,Granite (20mm Aggregate),137,2010-06-01,2.7522290409640773,2.9788430402012547,0.2266139992371774,8.233835042951107,-7.812729837480085,6.259113991169647e-13,0.9913228644958527,1.7650701455098404e-10
price,Granite (20mm Aggregate),138,2010-07-01,2.753659905413994,2.978994887623904,0.22533498220991,8.183108660836329,-7.806700389675535,6.213708075042631e-13,0.9846411439703102,1.7522656771620217e-10
price,Granite (20mm Aggregate),139,2010-08-01,2.754956286453,2.979231212324365,0.22427492587136522,8.140779836478591,-7.809267449230768,5.870313973578781e-13,0.9791490267664021,1.6554285405492162e-10
price,Granite (20mm Aggregate),140,2010-09-01,2.7564585491645452,2.979304676252023,0.22284612708747797,8.08450855011117,-7.795109433660269,6.116730952400668e-13,0.9716775218639013,1.7249181285769885e-10
price,Granite (20mm Aggregate),141,2010-10-01,2.758119975991254,2.9792442791330895,0.22112430314183573,8.017211182496323,-7.767269992738963,6.912292109826912e-13,0.9626544548092526,1.949266374971189e-10
price,Granite (20mm Aggregate),142,2010-11-01,2.760103280096743,2.9789224446658675,0.21881916456912442,7.927933934466926,-7.712677081465784,9.159638854909268e-13,0.950559577617144,2.5830181570844137e-10
price,Granite (20mm Aggregate),143,2010-12-01,2.7627889374294394,2.9780388626658336,0.2152499252363942,7.791037611315598,-7.599943168280374,1.7184788648387618e-12,0.9318697174497127,4.846110398845308e-10
price,Granite (20mm Aggregate),144,2011-01-01,2.7654969032970382,2.9770996306244477,0.21160272732740948,7.651526460764998,-7.483458965311003,3.292002624770582e-12,0.912947120885421,9.283447401853042e-10
price,Granite (20mm Aggregate),145,2011-02-01,2.768313327818696,2.9760359612822147,0.2077226334635185,7.503581020837493,-7.356249322204813,6.706052453686898e-12,0.8930020812731411,1.891106791939705e-09
price,Granite (20mm Aggregate),146,2011-03-01,2.771119769616842,2.9749380380807713,0.20381826846392936,7.355086947112032,-7.228001629257546,1.3697075774414745e-11,0.8731304589348592,3.862575368384958e-09
price,Granite (20mm Aggregate),147,2011-04-01,2.773831101664873,2.973873843858931,0.20004274219405804,7.211785247991163,-7.105586494369017,2.6933518842336105e-11,0.8541027585229174,7.595252313538782e-09
price,Granite (20mm Aggregate),148,2011-05-01,2.7764200835532864,2.9728676538738146,0.19644757032052818,7.0755708577468885,-6.991102025825438,5.0399740406358234e-11,0.8361519641936347,1.4212726794593022e-08
price,Granite (20mm Aggregate),149,2011-06-01,2.778283043943385,2.9724194023389856,0.19413635839560062,6.987637880122219,-6.932150900092418,6.846934972825805e-11,0.8247237413552103,1.930835662336877e-08
price,Granite (20mm Aggregate),150,2011-07-01,2.780026151376901,2.972045348135475,0.19201919675857404,6.90710037614107,-6.8807768691499405,8.911151569494031e-11,0.8143117350666612,2.5129447425973167e-08
price,Granite (20mm Aggregate),151,2011-08-01,2.7817777824123087,2.9716404481936434,0.1898626657813347,6.8252276289549325,-6.826980242678238,1.1759603260222416e-10,0.8037526791282243,3.3162081193827216e-08
price,Granite (20mm Aggregate),152,2011-09-01,2.7832508404517484,2.9714492001250283,0.1881983596732799,6.761818120666892,-6.793369438253658,1.3853229560610612e-10,0.7956506011894072,3.906610736092193e-08
price,Granite (20mm Aggregate),153,2011-10-01,2.7847690369249407,2.971200128369518,0.18643109144457748,6.694669790297673,-6.754651141513467,1.680131563259424e-10,0.7870722573474432,4.737971008391576e-08
price,Granite (20mm Aggregate),154,2011-11-01,2.786267516560819,2.9709482262531512,0.1846807096923322,6.628247596278537,-6.715912885667011,2.0385583073052367e-10,0.7786058488971668,5.7487344266007674e-08
price,Granite (20mm Aggregate),155,2011-12-01,2.7875865631103003,2.9708352462218524,0.18324868311155207,6.57373964764305,-6.68992406025379,2.303815759113911e-10,0.7717087969220982,6.49676044070123e-08
price,Granite (20mm Aggregate),156,2012-01-01,2.788856405255109,2.970749920408757,0.18189351515364782,6.522154199509933,-6.666475982791289,2.5679212573744274e-10,0.7652002424221449,7.241537945795885e-08
price,Granite (20mm Aggregate),157,2012-02-01,2.7901421589269266,2.970634487973371,0.1804923290464444,6.468929494110823,-6.640381525675191,2.9060755613563953e-10,0.7584857889188226,8.195133083025035e-08
price,Granite (20mm Aggregate),158,2012-03-01,2.7914116372358095,2.970517713300365,0.17910607606455553,6.416326194079889,-6.6142229693041275,3.291162568436547e-10,0.7518598257358977,9.281078442991063e-08
price,Granite (20mm Aggregate),159,2012-04-01,2.792696672684352,2.9703702597316304,0.17767358704727831,6.362079662468238,-6.585411607090093,3.7842360923349073e-10,0.7450294563747429,1.0671545780384438e-07
price,Granite (20mm Aggregate),160,2012-05-01,2.7941503877037968,2.9700471961077253,0.17589680840392852,6.295180430444857,-6.541279592329928,4.741304228859342e-10,0.736578132807008,1.3370477925383344e-07
price,Granite (20mm Aggregate),161,2012-06-01,2.7957054936045393,2.9696065142046737,0.17390102060013435,6.2202911214343075,-6.487153972982919,6.281006757016088e-10,0.7271190876364161,1.771243905478537e-07
price,Granite (20mm Aggregate),162,2012-07-01,2.797270725375388,2.969132308691118,0.1718615833157302,6.1439024030348985,-6.4305205977226505,8.434266385753295e-10,0.7174928145464481,2.3784631207824294e-07
price,Granite (20mm Aggregate),163,2012-08-01,2.7988746293467988,2.968595932858637,0.16972130351183834,6.063912321483578,-6.368971807241666,1.1631832374960646e-09,0.7074333304104888,3.2801767297389023e-07
price,Granite (20mm Aggregate),164,2012-09-01,2.8004875335704633,2.9680248787070163,0.16753734513655294,5.982434955636182,-6.304959508042725,1.624687700693809e-09,0.6972138377137121,4.581619315956541e-07
price,Granite (20mm Aggregate),165,2012-10-01,2.8023576755419217,2.9671701145848703,0.16481243904294862,5.881206402786436,-6.21752245649687,2.577977977687556e-09,0.6845266933462493,7.269897897078908e-07
price,Granite (20mm Aggregate),166,2012-11-01,2.8043645221707605,2.966143748113259,0.1617792259424986,5.768837277162206,-6.11669223460856,4.387416070759384e-09,0.6704878400553195,1.2372513319541464e-06
price,Granite (20mm Aggregate),167,2012-12-01,2.8061890517317796,2.9652669554092856,0.15907790367750607,5.668823473576541,-6.029397935280867,6.909655983767594e-09,0.6580574743773345,1.9485229874224616e-06
price,Granite (20mm Aggregate),168,2013-01-01,2.807911602665065,2.9644625686616655,0.15655096599660068,5.57535236679153,-5.948920949603906,1.0458614620926499e-08,0.6464894924888439,2.9493293231012726e-06
price,Granite (20mm Aggregate),169,2013-02-01,2.8095599756482446,2.9637046551948285,0.15414467954658395,5.4864349180166,-5.8729648707730195,1.5413682842372254e-08,0.6355263742581395,4.346658561548976e-06
price,Granite (20mm Aggregate),170,2013-03-01,2.811107818819079,2.9630234760729826,0.15191565725390355,5.404120618814327,-5.803848622767859,2.186152191918553e-08,0.6254151890335713,6.16494918121032e-06
price,Granite (20mm Aggregate),171,2013-04-01,2.812555767672274,2.962421692446301,0.14986592477402727,5.328460558777088,-5.741622101295714,2.985437501767845e-08,0.6161537260697112,8.418933754985323e-06
price,Granite (20mm Aggregate),172,2013-05-01,2.813932030886284,2.9618720003701253,0.14793996948384125,5.257410906163417,-5.683959749859972,3.975676188867943e-08,0.607482679134207,1.1211406852607599e-05
price,Granite (20mm Aggregate),173,2013-06-01,2.8151817515185678,2.9614372124726653,0.14625546095409758,5.195240444962544,-5.635743142734882,5.036926182398413e-08,0.599921655858078,1.4204131834363525e-05
price,Granite (20mm Aggregate),174,2013-07-01,2.816276584006433,2.961153588165393,0.14487700415896,5.144274712992076,-5.599677580877207,5.992337325404603e-08,0.5937481460657987,1.689839125764098e-05
price,Granite (20mm Aggregate),175,2013-08-01,2.8172734019934276,2.9609628388520703,0.14368943685864277,5.1003014743607045,-5.570998174710666,6.86376308885889e-08,0.5884387208881333,1.935581191058207e-05
price,Granite (20mm Aggregate),176,2013-09-01,2.8182014999124645,2.960835203807318,0.14263370389485353,5.061160598320732,-5.547266845082618,7.66616409019304e-08,0.5837252943309145,2.1618582734344373e-05
price,Granite (20mm Aggregate),177,2013-10-01,2.8191477170751083,2.960672806853768,0.14152508977865974,5.020137430949994,-5.520752689819564,8.684240033569529e-08,0.5787854891643899,2.4489556894666072e-05
price,Granite (20mm Aggregate),178,2013-11-01,2.8201397651452145,2.960442152467582,0.14030238732236766,4.975015389534895,-5.488888119138371,1.0106932455940855e-07,0.5733500819609451,2.850154952575321e-05
price,Granite (20mm Aggregate),179,2013-12-01,2.8211763173198623,2.960142546825598,0.13896622950573567,4.925825750506604,-5.451704628201292,1.2079941606791234e-07,0.5674252776355377,3.406543533115128e-05
price,Granite (20mm Aggregate),180,2014-01-01,2.8223906108845895,2.959611836077963,0.13722122519337354,4.86187931125401,-5.39692259475692,1.5765620880540713e-07,0.5597153255704097,4.445905088312481e-05
price,Granite (20mm Aggregate),181,2014-02-01,2.8239744249618073,2.9586088218310973,0.13463439686929002,4.767550147735877,-5.307015129347723,2.4481056340586336e-07,0.548340587596941,6.903657888045347e-05
price,Granite (20mm Aggregate),182,2014-03-01,2.8261879940252994,2.9567964220156497,0.13060842799035033,4.621363768668715,-5.159197582641579,5.030958569248325e-07,0.5307507942560356,0.00014187303165280276
price,Granite (20mm Aggregate),183,2014-04-01,2.8282010822125883,2.955178825347055,0.12697774313446653,4.489699969817138,-5.026984285836183,9.449596813325385e-07,0.5149860752616079,0.00026647863013577587
price,Granite (20mm Aggregate),184,2014-05-01,2.82977580408251,2.9540639549297176,0.12428815084720757,4.392155402131059,-4.932068983818415,1.4710150799628943e-06,0.5033611716065467,0.00041482625254953616
price,Granite (20mm Aggregate),185,2014-06-01,2.8313095311372556,2.9529642904174374,0.12165475928018177,4.296766494171217,-4.839018440353219,2.256881265386802e-06,0.4920263766508996,0.0006364405168390781
price,Granite (20mm Aggregate),186,2014-07-01,2.8327303272522357,2.9519739201528106,0.11924359290057485,4.20949328474348,-4.754491703478804,3.3108977376135844e-06,0.4816865707881644,0.0009336731620070308
price,Granite (20mm Aggregate),187,2014-08-01,2.8341359276868427,2.950969698555811,0.1168337708689684,4.12237711422421,-4.669579271691162,4.842774490383079e-06,0.47139010921669905,0.0013656624062880283
price,Granite (20mm Aggregate),188,2014-09-01,2.8353553691461033,2.950177999798966,0.11482263065286258,4.049673346147174,-4.6003149053291885,6.573631609538088e-06,0.4628217255001698,0.0018537641138897407
price,Granite (20mm Aggregate),189,2014-10-01,2.836586573198947,2.9493420073497836,0.11275543415083655,3.9750394088510808,-4.528300764019346,9.00378431826153e-06,0.45404125975296655,0.0025390671777497514
price,Granite (20mm Aggregate),190,2014-11-01,2.8378777489705054,2.948395093332318,0.1105173443618126,3.894365936020496,-4.448926744779471,1.2690185160328255e-05,0.4445658446806518,0.003578632215212568
price,Granite (20mm Aggregate),191,2014-12-01,2.839155404576917,2.94743455465273,0.10827915007581268,3.8137803200648728,-4.36909851690629,1.7842645871303905e-05,0.43511962272085614,0.005031626135707701
price,Granite (20mm Aggregate),192,2015-01-01,2.8403717478587573,2.946526882478546,0.10615513461978887,3.7373676420987847,-4.293411727297244,2.454015286843094e-05,0.4261810545651641,0.006920323108897525
price,Granite (20mm Aggregate),193,2015-02-01,2.8415272876212914,2.945673860292055,0.10414657267076377,3.6651617995879704,-4.221922240559728,3.303002195506711e-05,0.41775077803596666,0.009314466191328925
price,Granite (20mm Aggregate),194,2015-03-01,2.842622513879315,2.9448773358700997,0.10225482199078462,3.597200173133009,-4.154693539464884,4.352311064706058e-05,0.4098301298079666,0.012273517202471084
price,Granite (20mm Aggregate),195,2015-04-01,2.8436578981041563,2.9441392240045197,0.1004813259003634,3.5335237043581613,-4.091796563364615,5.616361253821818e-05,0.4024211338413536,0.015838138735777527
price,Granite (20mm Aggregate),196,2015-05-01,2.8446093052580705,2.943497474181633,0.09888816892356234,3.476335704195798,-4.035778236008968,7.02928610898715e-05,0.3957780450533544,0.019822586827343763
price,Granite (20mm Aggregate),197,2015-06-01,2.8455264716059765,2.942882484695814,0.09735601308983766,3.421370845124883,-3.9817921417455753,8.707137830244562e-05,0.389401263015699,0.024554128681289665
price,Granite (20mm Aggregate),198,2015-07-01,2.8462597708995347,2.9425200813091883,0.09626031040965355,3.3819931474220764,-3.945319990073927,0.00010042482445993535,0.38484353512017067,0.02831980049770177
price,Granite (20mm Aggregate),199,2015-08-01,2.8468318579598924,2.942385844556504,0.09555398659661174,3.356502644490146,-3.9246615769700033,0.00010873546864954153,0.38190261237031975,0.03066340215917071
price,Granite (20mm Aggregate),200,2015-09-01,2.8473982241496474,2.942249542623009,0.0948513184733617,3.3311574639928803,-3.9037368993285035,0.00011783189141666064,0.37897936708067975,0.0332285933794983
price,Granite (20mm Aggregate),201,2015-10-01,2.8477751562718843,2.942397511319938,0.09462235504805383,3.3226764704249705,-3.902511324534146,0.00011817329458963723,0.37801538090553755,0.033324869074277695
price,Granite (20mm Aggregate),202,2015-11-01,2.848121669023431,2.942589908032717,0.09446823900928614,3.3168610750283567,-3.904136407521117,0.0001172029053856596,0.3773605444466468,0.03305121931875601
price,Granite (20mm Aggregate),203,2015-12-01,2.8483842302306193,2.942914067985079,0.09452983775445967,3.3187179156235556,-3.9147390384410667,0.00011221145535562899,0.3775963304012256,0.03164363041028737
price,Granite (20mm Aggregate),204,2016-01-01,2.8485352803633033,2.9434197474349753,0.09488446707167197,3.330991465184534,-3.9378526530539633,0.00010224284714268056,0.379041900349705,0.028832482894235918
price,Granite (20mm Aggregate),205,2016-02-01,2.8483736873831047,2.944443835659074,0.09607014827596938,3.372807040786569,-3.998037106061841,8.031831834558164e-05,0.3839225248856002,0.022649765773454022
price,Granite (20mm Aggregate),206,2016-03-01,2.8480959758317925,2.9456799544320282,0.09758397860023571,3.4262882791980385,-4.073474521836093,5.913083623440322e-05,0.39016627763299166,0.016674895818101707
price,Granite (20mm Aggregate),207,2016-04-01,2.847731206490768,2.9470872002222093,0.09935599373144122,3.488952661858724,-4.1613689692479605,4.1157356982608525e-05,0.39748894030091536,0.011606374669095604
price,Granite (20mm Aggregate),208,2016-05-01,2.8473699445472533,2.9485175156155083,0.101147571068255,3.5523157523648723,-4.250677623596265,2.829784876081907e-05,0.4049042614212899,0.007979993350550978
price,Granite (20mm Aggregate),209,2016-06-01,2.8469215750152297,2.9501279024193203,0.10320632740409064,3.625190391960078,-4.353476128856683,1.8246530515511768e-05,0.4134441651942677,0.0051455216053743185
price,Granite (20mm Aggregate),210,2016-07-01,2.8463545809837214,2.951980194702828,0.1056256137191065,3.710908487114824,-4.475031489380702,1.0748041825279826e-05,0.42350592902657425,0.003030947794728911
price,Granite (20mm Aggregate),211,2016-08-01,2.845730600712807,2.9539741900883896,0.10824358937558243,3.8037187830945505,-4.608005383605838,5.945845191366746e-06,0.4344236978731933,0.0016767283439654223
price,Granite (20mm Aggregate),212,2016-09-01,2.8450178487319446,2.9561720460995624,0.11115419736761778,3.9069771536639184,-4.757976902067091,3.001052156979647e-06,0.4465999998391808,0.0008462967082682604
price,Granite (20mm Aggregate),213,2016-10-01,2.8442479129572145,2.958523759923368,0.11427584696615334,4.0177878463252075,-4.921591602056333,1.3962834713631856e-06,0.45970358444289905,0.0003937519389244184
price,Granite (20mm Aggregate),214,2016-11-01,2.8434851728439288,2.9609160205372396,0.1174308476933108,4.129820996248123,-5.089805360242003,6.226871649509767e-07,0.4729926067548103,0.00017559778051617542
price,Granite (20mm Aggregate),215,2016-12-01,2.8428552427428047,2.963114853749718,0.1202596110069134,4.2302404005237415,-5.242565831228436,2.934934066221178e-07,0.4849412852119482,8.276514066743721e-05
price,Granite (20mm Aggregate),216,2017-01-01,2.842231145327803,2.965352262983468,0.12312111765566502,4.331847459277106,-5.399563310588552,1.3309949782259244e-07,0.4970662726891896,3.753405838597107e-05
price,Granite (20mm Aggregate),217,2017-02-01,2.8416738378739983,2.9675120579846297,0.1258382201106314,4.4283132861151095,-5.550762117906083,6.109005737868777e-08,0.5086115224976562,1.722739618078995e-05
price,Granite (20mm Aggregate),218,2017-03-01,2.8410608854117423,2.969828681706794,0.12876779629505153,4.532384256748858,-5.716895510522623,2.550183536371322e-08,0.5211034201073572,7.191517572567128e-06
price,Granite (20mm Aggregate),219,2017-04-01,2.8404838710665783,2.972127185651712,0.1316433145851339,4.634538358976949,-5.8827666792084266,1.0457622411667176e-08,0.5334035568042819,2.949049520090144e-06
price,Granite (20mm Aggregate),220,2017-05-01,2.840089220345159,2.97411324449987,0.13402402415471126,4.719007529574131,-6.021582679541783,4.879354436644023e-09,0.5436033370659265,1.3759779511336146e-06
price,Granite (20mm Aggregate),221,2017-06-01,2.839811980759843,2.975904932321058,0.13609295156121481,4.792322607386165,-6.143639823976194,2.4656565815174463e-09,0.552476646200105,6.953151559879199e-07
price,Granite (20mm Aggregate),222,2017-07-01,2.8395928507015227,2.977615486251691,0.13802263555016836,4.8606487904091535,-6.258747818856782,1.2823845138195688e-09,0.5607625351736143,3.616324328971184e-07
price,Granite (20mm Aggregate),223,2017-08-01,2.8394031129621893,2.9793008521528273,0.13989773919063797,4.927012249581235,-6.371737482261111,6.689457078333572e-10,0.5688252438753962,1.8864268960900672e-07
price,Granite (20mm Aggregate),224,2017-09-01,2.839269182526476,2.9809036649527365,0.14163448242626053,4.988413331779605,-6.477454022840051,3.607660803039169e-10,0.5762971762844241,1.0173603464570457e-07
price,Granite (20mm Aggregate),225,2017-10-01,2.8391364425835253,2.9825370075202624,0.14340056493673714,5.050851476734493,-6.585848648715931,1.900931174883038e-10,0.5839078326214703,5.360625913170167e-08
price,Granite (20mm Aggregate),226,2017-11-01,2.839057869326117,2.9840866048386374,0.1450287355125206,5.108340237775598,-6.686717878654722,1.0389930701690818e-10,0.5909245920233677,2.9299604578768107e-08
price,Granite (20mm Aggregate),227,2017-12-01,2.8389536880490094,2.9857242542116076,0.1467705661625982,5.169882368298235,-6.795401021822297,5.3830114327085365e-11,0.5984485624985493,1.5180092240238072e-08
price,Granite (20mm Aggregate),228,2018-01-01,2.8387440890128857,2.9876316968233616,0.14888760781047594,5.244840786696222,-6.929267616984885,2.3765128017495243e-11,0.6076345625242695,6.701766100933659e-09
price,Granite (20mm Aggregate),229,2018-02-01,2.8386159606563335,2.9893963404021817,0.15078037974584824,5.311756920826493,-7.050107700700558,1.1236016318191053e-11,0.6158476813742052,3.168556601729877e-09
price,Granite (20mm Aggregate),230,2018-03-01,2.838592471018942,2.9909581703656416,0.15236569934669975,5.367649668006289,-7.152194372636047,5.9124846353837e-12,0.6227125739028111,1.6673206671782035e-09
price,Granite (20mm Aggregate),231,2018-04-01,2.8385691847550336,2.992551552449575,0.15398236769454154,5.42464733716998,-7.257083129494503,3.0370415190144074e-12,0.6297225152409486,8.564457083620629e-10
price,Granite (20mm Aggregate),232,2018-05-01,2.838520669398025,2.994237653781418,0.155716984383393,5.4858499380389025,-7.370662617716494,1.4665317837927983e-12,0.6372625934381243,4.135619630295691e-10
price,Granite (20mm Aggregate),233,2018-06-01,2.838597706036748,2.995657936745963,0.15706023070921482,5.533021828884038,-7.459283273386902,8.241123575975953e-13,0.643069380571299,2.3239968484252188e-10
price,Granite (20mm Aggregate),234,2018-07-01,2.838674084242661,2.9971078089389374,0.15843372469627637,5.581258009707212,-7.550267749897505,4.539399231811725e-13,0.6490124994930726,1.2801105833709064e-10
price,Granite (20mm Aggregate),235,2018-08-01,2.8387498124212907,2.998588204757026,0.15983839233573516,5.630591031176579,-7.643754466674863,2.4479417449004007e-13,0.6550963558030123,6.90319572061913e-11
price,Granite (20mm Aggregate),236,2018-09-01,2.8388248988356932,3.0001000983584785,0.16127519952278524,5.681054847339481,-7.739894054761033,1.2906836238726944e-13,0.6613255546137333,3.639727819320998e-11
price,Granite (20mm Aggregate),237,2018-10-01,2.838850571768114,3.001768815719114,0.16291824395099974,5.738880572693538,-7.850949913344315,6.132800325167435e-14,0.6684796408785721,1.7294496916972167e-11
price,Granite (20mm Aggregate),238,2018-11-01,2.838876028961607,3.0034738095441105,0.16459778058250363,5.797991138158632,-7.965594598648045,2.8251182971393197e-14,0.6758019408099422,7.966833597932881e-12
price,Granite (20mm Aggregate),239,2018-12-01,2.838997463577015,3.0049636436924625,0.1659661801154475,5.845943233296771,-8.059046936920257,1.4903511522002252e-14,0.6817312024025514,4.202790249204635e-12
price,Granite (20mm Aggregate),240,2019-01-01,2.839070266671363,3.0066135707754844,0.16754330410412122,5.901344044596527,-8.167941152379557,7.0451170651774954e-15,0.6885990816178178,1.9867230123800535e-12
price,Granite (20mm Aggregate),241,2019-02-01,2.839166244323887,3.008236185268136,0.1690699409442491,5.9549151544844126,-8.27398631051484,3.3743960883840927e-15,0.6952416319594816,9.515796969243142e-13
price,Granite (20mm Aggregate),242,2019-03-01,2.83926142877267,3.009895677362894,0.17063424859022414,6.009811103022814,-8.383615150635368,1.56730927388689e-15,0.7020551742596906,4.41981215236103e-13
price,Granite (20mm Aggregate),243,2019-04-01,2.839425778684297,3.011397944260191,0.17197216557589412,6.056582526893194,-8.477211876915002,8.091046405860108e-16,0.7078465286609263,2.2816750864525505e-13
price,Granite (20mm Aggregate),244,2019-05-01,2.8396572793383443,3.01274080479494,0.17308352545659567,6.095225882220726,-8.55461152429922,4.660905349638649e-16,0.7126107970873162,1.314375308598099e-13
price,Granite (20mm Aggregate),245,2019-06-01,2.8399981132215313,3.013794678019361,0.17379656479782968,6.119601417646183,-8.603896431033174,3.2680015049623086e-16,0.7155682008167507,9.21576424399371e-14
price,Granite (20mm Aggregate),246,2019-07-01,2.840247802168122,3.01513245282813,0.17488465066000813,6.157372977333484,-8.679062183245968,1.905913705454448e-16,0.7202160533785634,5.374676649381543e-14
price,Granite (20mm Aggregate),247,2019-08-01,2.8405397165909836,3.0163707876258794,0.17583107103489581,6.1900585303526725,-8.743765245813645,1.1956479408810614e-16,0.724216875926531,3.371727193284593e-14
price,Granite (20mm Aggregate),248,2019-09-01,2.8408511319760366,3.0175732273276057,0.17672209535156913,6.220744669174021,-8.80405259858161,7.7361533584072e-17,0.7279602692759242,2.1815952470708306e-14
price,Granite (20mm Aggregate),249,2019-10-01,2.841245954426195,3.01854126813331,0.17729531370711493,6.240055121976255,-8.84144226640081,5.905781004773135e-17,0.7302572355083949,1.665430243346024e-14
price,Granite (20mm Aggregate),250,2019-11-01,2.8417830888734366,3.0190789144070203,0.1772958255335837,6.238893680089735,-8.84048971825654,5.961933897724271e-17,0.7299557239042559,1.6812653591582446e-14
price,Granite (20mm Aggregate),251,2019-12-01,2.8423159433649228,3.019630171978799,0.17731422861387625,6.238371530364069,-8.839374730731366,6.043849173871372e-17,0.7297318092148144,1.704365467031727e-14
price,Granite (20mm Aggregate),252,2020-01-01,2.8427627462842433,3.0204599141960435,0.17769716791180024,6.250861706418063,-8.860383406406951,5.2346121274900806e-17,0.7311495191627743,1.476160619952203e-14
price,Granite (20mm Aggregate),253,2020-02-01,2.8431646286276515,3.0214471990665577,0.17828257043890616,6.270567966546496,-8.89390653999678,4.1501890858441434e-17,0.7334741088752403,1.1703533222080485e-14
price,Granite (20mm Aggregate),254,2020-03-01,2.8435425707278004,3.0225299000797285,0.17898732935192818,6.29451906908208,-8.934651756778194,3.1288833986012656e-17,0.7363295036959284,8.82345118405557e-15
price,Granite (20mm Aggregate),255,2020-04-01,2.8439175485761843,3.023641473119917,0.17972392454373276,6.319589843021718,-8.976567223883583,2.344495715235865e-17,0.7393203835032485,6.6114779169651396e-15
price,Granite (20mm Aggregate),256,2020-05-01,2.8441848654357105,3.025145402964579,0.18096053752886831,6.362474525759996,-9.05496606014076,1.3438164598906822e-17,0.7445588907520146,3.7895624168917235e-15
price,Granite (20mm Aggregate),257,2020-06-01,2.844450102008392,3.0266905363666288,0.18224043435823667,6.406877527208561,-9.136347669743067,7.532837271642098e-18,0.749985050884334,2.124260110603072e-15
price,Granite (20mm Aggregate),258,2020-07-01,2.8447132824836117,3.028278590140958,0.18356530765734647,6.4528579659558005,-9.220944480824201,4.121789056086665e-18,0.7556063881155738,1.1623445138164395e-15
price,Granite (20mm Aggregate),259,2020-08-01,2.8449744306771687,3.029911377824422,0.1849369471472535,6.500478357664336,-9.309014761442898,2.1968265215324417e-18,0.7614308695654256,6.195050790721486e-16
price,Granite (20mm Aggregate),260,2020-09-01,2.845233570038468,3.0315908165845578,0.18635724654608987,6.54980485639252,-9.400846294306522,1.137730088608439e-18,0.7674669375799738,3.208398849875798e-16
price,Granite (20mm Aggregate),261,2020-10-01,2.845511490199563,3.033240383026591,0.1877288928270282,6.597368995823746,-9.488292481732048,6.095780646860054e-19,0.7732737073678648,1.7190101424145352e-16
price,Granite (20mm Aggregate),262,2020-11-01,2.8456827125953517,3.0353413922196855,0.1896586796243338,6.664786583018566,-9.625411468089423,2.2182699092737063e-19,0.7816009490336939,6.255521144151852e-17
price,Granite (20mm Aggregate),263,2020-12-01,2.845852632919689,3.0375051181051114,0.19165248518542244,6.734448683971294,-9.770099276698115,7.560907329968316e-20,0.7902133719597448,2.132175867051065e-17
price,Granite (20mm Aggregate),264,2021-01-01,2.8460212659688424,3.0397344114416107,0.1937131454727683,6.8064546034523215,-9.923170080960544,2.3943493658169575e-20,0.7991241337365316,6.75206521160382e-18
price,Granite (20mm Aggregate),265,2021-02-01,2.846167603504231,3.042118006804609,0.19595040330037827,6.8847106213675575,-10.09668923094281,6.3746285780569246e-21,0.808833623985831,1.7976452590120527e-18
price,Granite (20mm Aggregate),266,2021-03-01,2.8463128407573977,3.0445760895227014,0.19826324876530377,6.9656169176592115,-10.28170280470154,1.5272325410936908e-21,0.8188835960690818,4.306795765884208e-19
price,Granite (20mm Aggregate),267,2021-04-01,2.8464569900910655,3.047112206612796,0.20065521652173057,7.049297327176937,-10.47966367090585,3.242703226436462e-22,0.8292907156092671,9.144423098550824e-20
price,Granite (20mm Aggregate),268,2021-05-01,2.846682527664783,3.0493736767219155,0.2026911490571326,7.120258303738776,-10.64228678491014,9.134607198795727e-23,0.8380616099831517,2.575959230060395e-20
price,Granite (20mm Aggregate),269,2021-06-01,2.8469467960826993,3.0515311020438443,0.20458430596114496,7.1860951614075095,-10.791848472754364,2.852337604403732e-23,0.8461663920859313,8.043592044418525e-21
price,Granite (20mm Aggregate),270,2021-07-01,2.847765707708814,3.051255738159015,0.20349003045020098,7.145602951091086,-10.704452173121519,6.26659508254623e-23,0.8405795332087438,1.767179813278037e-20
price,Granite (20mm Aggregate),271,2021-08-01,2.848438652330816,3.051613738801179,0.2031750864703632,7.132858076620657,-10.65975828304421,9.939175579384304e-23,0.8385659932960654,2.802847513386374e-20
price,Granite (20mm Aggregate),272,2021-09-01,2.8491243667954356,3.0519009931476258,0.20277662635219018,7.117156018719674,-10.60719466944766,1.6973353116761472e-22,0.8361753113259796,4.786485578926735e-20
price,Granite (20mm Aggregate),273,2021-10-01,2.849822626107433,3.052114183220904,0.20229155711347113,7.098391151093524,-10.546682064394526,3.1203896062306963e-22,0.8333965588611468,8.799498689570563e-20
price,Granite (20mm Aggregate),274,2021-11-01,2.850427415431312,3.0527673846918106,0.2023399692604988,7.098583467345783,-10.518525050191803,4.496607555982814e-22,0.8330358510284398,1.2680433307871537e-19
price,Granite (20mm Aggregate),275,2021-12-01,2.850973933248161,3.0537137041395694,0.20273977089140827,7.111246038662428,-10.51342554385061,5.459805160650632e-22,0.8342562792104691,1.5396650553034782e-19
price,Granite (20mm Aggregate),276,2022-01-01,2.8515164907909765,3.054695072455765,0.20317858166478864,7.125281664018339,-10.508305496788598,6.7322363697732e-22,0.83564183320156,1.8984906562760425e-19
price,Granite (20mm Aggregate),277,2022-02-01,2.8520371253857886,3.055807578095421,0.20377045270963245,7.144733527340352,-10.512156615457542,7.844140774921434e-22,0.8377050658478792,2.2120476985278445e-19
price,Granite (20mm Aggregate),278,2022-03-01,2.8525359836819923,3.0570592674485937,0.20452328376660134,7.169875680327337,-10.52600531142679,8.56975398143137e-22,0.8404785740872455,2.416670622763646e-19
price,Granite (20mm Aggregate),279,2022-04-01,2.8530671085256594,3.058163962593369,0.2050968540677096,7.188644580242444,-10.52174104572293,1.104243075462776e-21,0.8424314126757685,3.1139654728050283e-19
price,Granite (20mm Aggregate),280,2022-05-01,2.853629800588238,3.059114824124282,0.2054850235360437,7.200829746510415,-10.49926925242303,1.6767275744697099e-21,0.8435393626139082,4.728371760004582e-19
price,Granite (20mm Aggregate),281,2022-06-01,2.8542406948060575,3.0598051047024204,0.20556440989636293,7.202069897974417,-10.45034452603802,3.1878876968856673e-21,0.8432546969066876,8.989843305217581e-19
price,Granite (20mm Aggregate),282,2022-07-01,2.8548985262392654,3.060222936905163,0.20532441066589735,7.192003806046637,-10.37624817909773,7.444580383978761e-21,0.8415391199636102,2.0993716682820106e-18
price,Granite (20mm Aggregate),283,2022-08-01,2.8555177318012164,3.0608631334292866,0.20534540162807025,7.191179355714999,-10.315056497447857,1.599956584940003e-20,0.8409863498363184,4.511877569530809e-18
price,Granite (20mm Aggregate),284,2022-09-01,2.8560983907953825,3.0617422257615674,0.20564383496618488,7.200166339819828,-10.26876581400417,3.121043227005672e-20,0.8416615473082979,8.801341900155996e-18
price,Granite (20mm Aggregate),285,2022-10-01,2.8567259507810383,3.0623375421849963,0.20561159140395802,7.197455931946959,-10.19511898530901,7.563603655492105e-20,0.8408611542561227,2.1329362308487736e-17
price,Granite (20mm Aggregate),286,2022-11-01,2.857281226830231,3.0634012385789693,0.20612001174873829,7.213851048795806,-10.154402935852872,1.4595248106733954e-19,0.842448843831173,4.115859966098975e-17
price,Granite (20mm Aggregate),287,2022-12-01,2.8578496716362034,3.064400688635589,0.2065510169993856,7.227497619954553,-10.102713015302854,3.102931190507731e-19,0.8436813770128433,8.750265957231802e-17
price,Granite (20mm Aggregate),288,2023-01-01,2.8582047251927127,3.066883917033797,0.2086791918410844,7.301058248268564,-10.19551489748629,2.2513978687950608e-19,0.8523896891128239,6.348941990002071e-17
price,Granite (20mm Aggregate),289,2023-02-01,2.858503113614767,3.069870378933001,0.2113672653182337,7.394333919438896,-10.347218902206091,1.0528990895491204e-19,0.8635442130298132,2.9691754325285197e-17
price,Granite (20mm Aggregate),290,2023-03-01,2.8587074847129377,3.073672870104219,0.2149653853912814,7.519670569333103,-10.616421990964762,1.9151522391724503e-20,0.8786964023952247,5.40072931446631e-18
price,Granite (20mm Aggregate),291,2023-04-01,2.8588730983731936,3.077949070367215,0.2190759719940214,7.663018415146999,-10.972801143311463,1.6247926575045679e-21,0.8960973585721261,4.581915294162881e-19
price,Granite (20mm Aggregate),292,2023-05-01,2.859093264408625,3.0820224253579536,0.2229291609493287,7.797197934200282,-11.306522148908316,1.6115118666843012e-22,0.9123347019998447,4.544463464049729e-20
price,Granite (20mm Aggregate),293,2023-06-01,2.8592564309459587,3.086755435236618,0.22749900429065928,7.956579264049896,-11.7870116091941,3.816405884546882e-24,0.93173204340023,1.0762264594422206e-21
price,Granite (20mm Aggregate),294,2023-07-01,2.859455459181123,3.091449454768627,0.2319939955875041,8.113222916014276,-12.294179938264268,5.852231964715229e-26,0.9507722230028204,1.6503294140496947e-23
price,Granite (20mm Aggregate),295,2023-08-01,2.85965313807232,3.0964117039881796,0.23675856591585953,8.279275649334782,-12.911398945523125,2.2181810453638663e-28,0.9709859922092602,6.255270547926103e-26
price,Granite (20mm Aggregate),296,2023-09-01,2.8598494812953335,3.1016658502206473,0.24181636892531388,8.455562801710323,-13.682522666045438,9.773968486100218e-32,0.9924794579295775,2.7562591130802614e-29
price,Granite (20mm Aggregate),297,2023-10-01,2.8600626533472653,3.1070750705085715,0.24701241716130617,8.636608602689734,-14.619729502747449,3.339931592214348e-36,1.0145569163353312,9.418607090044462e-34
price,Granite (20mm Aggregate),298,2023-11-01,2.8604329614419712,3.111345714412911,0.25091275297093985,8.77184525395947,-15.300945132749455,1.952073375557332e-39,1.0307656438277022,5.504846919071676e-37
price,Granite (20mm Aggregate),299,2023-12-01,2.8609352621931614,3.114594902424691,0.2536596402315294,8.866318772871384,-15.738500814639481,2.0291654936230923e-41,1.0417282694156835,5.72224669201712e-39
price,Granite (20mm Aggregate),300,2024-01-01,2.8615788152581105,3.116614693116248,0.25503587785813764,8.912418434825943,-15.900798021650528,4.8721639318212344e-42,1.04648312822126,1.373950228773588e-39
price,Granite (20mm Aggregate),301,2024-02-01,2.8623861503518246,3.1170294522421167,0.25464330189029205,8.896189700295785,-15.817478679352439,1.7474794912192894e-41,1.0433014443073025,4.927892165238396e-39
price,Granite (20mm Aggregate),302,2024-03-01,2.8631732567707866,3.1176343509336837,0.2544610941628971,8.887380236636101,-15.745699778961065,6.297956019344768e-41,1.0410636342750421,1.7760235974552245e-38
price,Granite (20mm Aggregate),303,2024-04-01,2.8639847673387413,3.1179518839734133,0.253967116634672,8.867614085484893,-15.635517814283016,3.842666005681917e-40,1.0374506951830302,1.0836318136023004e-37
price,Granite (20mm Aggregate),304,2024-05-01,2.864776220993765,3.11846593033908,0.253689709345315,8.855480839523036,-15.533799782266724,2.5363231810818226e-39,1.0348046766913606,7.1524313706507395e-37
price,Granite (20mm Aggregate),305,2024-06-01,2.865532946854519,3.119381463211695,0.25384851635717576,8.858684267993636,-15.465826924876806,1.3769910984700095e-38,1.0340751130340198,3.8831148976854265e-36
price,Ready Mixed Concrete,24,2001-01-01,4.260296678045252,4.539020237314376,0.27872355926912373,6.5423509284102295,-18.130862225618408,3.2249194943880597e-51,1.0982068647914789,9.094272974174328e-49
price,Ready Mixed Concrete,25,2001-02-01,4.260745370148497,4.5398973070084345,0.2791519368599378,6.55171601700781,-18.15429971842419,3.020805621916845e-51,1.101765121790084,8.518671853805503e-49
price,Ready Mixed Concrete,26,2001-03-01,4.2615707905040034,4.540744974796648,0.2791741842926445,6.550969067901542,-18.12767468370942,4.185766160974305e-51,1.1035886102835073,1.1803860573947539e-48
price,Ready Mixed Concrete,27,2001-04-01,4.261287025370279,4.541691627743524,0.2804046023732454,6.580279636265056,-18.20782688088463,2.4197706485111972e-51,1.1106370497020448,6.823753228801576e-49
price,Ready Mixed Concrete,28,2001-05-01,4.258106456638454,4.542915006971551,0.28480855033309727,6.688619771097463,-18.13409654983331,2.2121046259347374e-51,1.131585040535632,6.2381350451359595e-49
price,Ready Mixed Concrete,29,2001-06-01,4.253243615002355,4.544329727761518,0.29108611275916285,6.843861746654304,-17.76217182021005,3.3052473787619433e-49,1.161082398909102,9.32079760810868e-47
price,Ready Mixed Concrete,30,2001-07-01,4.248035750490329,4.5458208012552515,0.29778505076492223,7.009946908534148,-17.418639477288547,5.7009685694072026e-46,1.192940194635298,1.607673136572831e-43
price,Ready Mixed Concrete,31,2001-08-01,4.2423878446530425,4.547402306712512,0.3050144620594697,7.189688289435848,-17.078208562613625,2.5959093774829364e-42,1.2277631856908717,7.32046444450188e-40
price,Ready Mixed Concrete,32,2001-09-01,4.235766877616257,4.549136821501897,0.31336994388563966,7.398186749644575,-16.62002138788987,7.662793685777143e-38,1.2684518929079853,2.1609078193891543e-35
price,Ready Mixed Concrete,33,2001-10-01,4.229102497508708,4.550932425836693,0.3218299283279853,7.6098871691468775,-16.29086325863489,1.1478698769841989e-34,1.3105247064253613,3.2369930530954406e-32
price,Ready Mixed Concrete,34,2001-11-01,4.222835441565706,4.5527395536420645,0.32990411207635884,7.812383803287394,-16.137493864115406,6.923531377001762e-33,1.3517331425767336,1.9524358483144968e-30
price,Ready Mixed Concrete,35,2001-12-01,4.216730135125511,4.554582231057262,0.33785209593175125,8.012182072488617,-16.06907413902489,9.716583137520062e-32,1.3933185559950039,2.7400764447806577e-29
price,Ready Mixed Concrete,36,2002-01-01,4.2108478189017715,4.556451671465379,0.3456038525636078,8.20746480108475,-16.07450603756136,4.528291607589948e-31,1.4349745236960056,1.2769782333403653e-28
price,Ready Mixed Concrete,37,2002-02-01,4.205135290855727,4.558352584060148,0.35321729320442063,8.399665379910818,-16.130552636317777,1.0599105838942985e-30,1.4770181209945483,2.988947846581922e-28
price,Ready Mixed Concrete,38,2002-03-01,4.1997619730601174,4.560261499708907,0.36049952664878937,8.583808533942097,-16.24820388737686,1.1685036990962276e-30,1.5184852682864065,3.2951804314513616e-28
price,Ready Mixed Concrete,39,2002-04-01,4.194589030125114,4.562193610709298,0.3676045805841843,8.763780621750676,-16.400307041143783,8.733119129779508e-31,1.5601688759480878,2.462739594597821e-28
price,Ready Mixed Concrete,40,2002-05-01,4.189578200246153,4.564152361660135,0.3745741614139817,8.940617492041898,-16.577898821113507,5.000463160658106e-31,1.6023202516171045,1.410130611305586e-28
price,Ready Mixed Concrete,41,2002-06-01,4.184905980693686,4.5661113068610515,0.3812053261673656,9.109053534917821,-16.794800161852105,1.8782172796790122e-31,1.6438450870550494,5.296572728694814e-29
price,Ready Mixed Concrete,42,2002-07-01,4.180621713321715,4.568059725457546,0.3874380121358314,9.267473565026107,-17.048972913089024,4.7159307722053623e-32,1.6843544208122816,1.3298924777619122e-29
price,Ready Mixed Concrete,43,2002-08-01,4.17694840662854,4.5699600397430595,0.3930116331145195,9.409061229744568,-17.349388619569627,6.861336443833874e-33,1.722241025986213,1.9348968771611525e-30
price,Ready Mixed Concrete,44,2002-09-01,4.173466471365131,4.571869888640627,0.398403417275496,9.546103221602717,-17.66182932318459,8.799652021471685e-34,1.7601716279589639,2.481501870055015e-31
price,Ready Mixed Concrete,45,2002-10-01,4.170360761416678,4.573758170622929,0.4033974092062511,9.672961939849454,-17.99525472045316,8.617192659449266e-35,1.796811906555748,2.430048329964693e-32
price,Ready Mixed Concrete,46,2002-11-01,4.167474610697537,4.575646059152108,0.40817144845457065,9.7942156001822,-18.339377038401665,7.354477824968257e-36,1.8331765724498326,2.0739627466410485e-33
price,Ready Mixed Concrete,47,2002-12-01,4.164553055862381,4.5775735663100825,0.4130205104477014,9.917523078888342,-18.68260615438753,6.625350082077483e-37,1.8711429538536786,1.8683487231458502e-34
price,Ready Mixed Concrete,48,2003-01-01,4.161764336680783,4.579512853654637,0.4177485169738544,10.03777444320718,-19.03321753727908,5.529444803000257e-38,1.9095210443242143,1.5593034344460725e-35
price,Ready Mixed Concrete,49,2003-02-01,4.159118421354358,4.581460890551322,0.4223424691969644,10.154615147010759,-19.39165918142536,4.236551179330463e-39,1.948238543183442,1.1947074325711906e-36
price,Ready Mixed Concrete,50,2003-03-01,4.1568286323267944,4.583378147410519,0.42654951508372463,10.261416883210856,-19.76475003717804,2.5528658379400847e-40,1.985525911280656,7.199081662991039e-38
price,Ready Mixed Concrete,51,2003-04-01,4.154604582349495,4.585313545489107,0.4307089631396126,10.367026623169991,-20.142275037907332,1.486891291666948e-41,2.02369118759439,4.193033442500793e-39
price,Ready Mixed Concrete,52,2003-05-01,4.152190930323812,4.587314332785781,0.43512340246196946,10.479368838369771,-20.51664833854515,1.0169411186279189e-42,2.065038873104933,2.867773954530731e-40
price,Ready Mixed Concrete,53,2003-06-01,4.150210968519367,4.589264012851115,0.4390530443317475,10.579053635154947,-20.907313615215237,5.116340574306628e-44,2.1041548157967305,1.442808041954469e-41
price,Ready Mixed Concrete,54,2003-07-01,4.14831404181356,4.591225922584612,0.44291188077105215,10.6769129893893,-21.3036305826754,2.4481291920822408e-45,2.144072601210139,6.903724321671919e-43
price,Ready Mixed Concrete,55,2003-08-01,4.146326659547543,4.5932339876951644,0.44690732814762146,10.778391690836752,-21.702704911397735,1.261638615048353e-46,2.186525070476408,3.5578208944363556e-44
price,Ready Mixed Concrete,56,2003-09-01,4.144407109417977,4.595257353152841,0.45085024373486426,10.87852211020311,-22.108579500302795,6.259528451290969e-48,2.2301284190495005,1.7651870232640533e-45
price,Ready Mixed Concrete,57,2003-10-01,4.142480573424965,4.5973110630258684,0.4548304896009032,10.979664998763132,-22.520172557995014,3.175019573390983e-49,2.2757383587258246,8.953555196962572e-47
price,Ready Mixed Concrete,58,2003-11-01,4.140547102025331,4.599395518286089,0.458848416260758,11.081830612102305,-22.938159437993118,1.6549924370815332e-50,2.323520107130165,4.6670786725699236e-48
price,Ready Mixed Concrete,59,2003-12-01,4.138685194112115,4.601494045899153,0.46280885178703723,11.182509180583498,-23.36516015871829,8.299541580093055e-52,2.3727615521008105,2.3404707255862417e-49
price,Ready Mixed Concrete,60,2004-01-01,4.137146758509035,4.603550027336085,0.4664032688270501,11.273549043619976,-23.804692821276483,3.2618771574869505e-53,2.4205528000984593,9.198493584113201e-51
price,Ready Mixed Concrete,61,2004-02-01,4.135892146229836,4.60556837164039,0.469676225410554,11.356104289099939,-24.251759151189155,1.0668881277705566e-54,2.467103092212821,3.0086245203129693e-52
price,Ready Mixed Concrete,62,2004-03-01,4.134827451775221,4.607567204780677,0.472739753005456,11.433119241831793,-24.70424416132592,3.129483750127435e-56,2.5133718795421953,8.825144175359367e-54
price,Ready Mixed Concrete,63,2004-04-01,4.134240324786351,4.609476301235,0.47523597644864957,11.495122177572219,-25.146746937637463,7.663213115027436e-58,2.555372390915005,2.161026098437737e-55
price,Ready Mixed Concrete,64,2004-05-01,4.1338033374160545,4.611368042468638,0.4775647050525835,11.552671137739663,-25.588056603314858,1.7926968686310995e-59,2.5970625185827187,5.0554051695397004e-57
price,Ready Mixed Concrete,65,2004-06-01,4.1335411038720995,4.61323449486641,0.47969339099431085,11.60490192162254,-26.02424929723474,4.069728582444411e-61,2.637970684351035,1.1476634602493239e-58
price,Ready Mixed Concrete,66,2004-07-01,4.133534183973099,4.615053245261594,0.48151906128849475,11.649088645631204,-26.444145114854834,9.358872797546327e-63,2.676721199142879,2.639202128908064e-60
price,Ready Mixed Concrete,67,2004-08-01,4.133591943192643,4.616869401891171,0.48327745869852823,11.69146508267242,-26.863842885295377,2.1418367234970842e-64,2.7159535977744715,6.039979560261778e-62
price,Ready Mixed Concrete,68,2004-09-01,4.133899392337485,4.618634176382963,0.4847347840454779,11.725848600572448,-27.25890189597373,5.378758331947957e-66,2.752674919927736,1.516809849609324e-63
price,Ready Mixed Concrete,69,2004-10-01,4.1343899795012655,4.6203617023206816,0.48597172281941603,11.754375499866105,-27.632276619464697,1.5115201981205503e-67,2.787650311979077,4.262486958699952e-65
price,Ready Mixed Concrete,70,2004-11-01,4.134976745701347,4.62207284881612,0.4870961031147729,11.779899454601527,-27.9942118954048,4.586207697065605e-69,2.822130354572121,1.2933105705725006e-66
price,Ready Mixed Concrete,71,2004-12-01,4.1357489921802095,4.623741831839731,0.48799283965952167,11.799382423406467,-28.326154793527394,1.6906968763534743e-70,2.8544193181168147,4.767765191316797e-68
price,Ready Mixed Concrete,72,2005-01-01,4.136656701994285,4.625379962587972,0.4887232605936864,11.814450552739187,-28.633210153246274,7.480655552246846e-72,2.8851624831671088,2.1095448657336105e-69
price,Ready Mixed Concrete,73,2005-02-01,4.1380925091876835,4.6268737732318455,0.488781264044162,11.81175295039769,-28.815735431023008,8.303368753442925e-73,2.906758134874517,2.3415499884709048e-70
price,Ready Mixed Concrete,74,2005-03-01,4.1397246348884975,4.628311288709127,0.4885866538206294,11.802395012048654,-28.941584117857296,1.4797440540419886e-73,2.9248329487952263,4.172878232398408e-71
price,Ready Mixed Concrete,75,2005-04-01,4.141414646176835,4.629730252658912,0.48831560648207706,11.791033938919103,-29.04713777205334,3.187394916335873e-74,2.9418450402882144,8.988453664067162e-72
price,Ready Mixed Concrete,76,2005-05-01,4.143154004591869,4.631132317095681,0.4879783125038122,11.777942889957373,-29.134344471255808,8.170976971931788e-75,2.9578826666741165,2.304215506084764e-72
price,Ready Mixed Concrete,77,2005-06-01,4.1449095551599635,4.632526787130309,0.48761723197034534,11.764242994477762,-29.21299546423384,2.2989201344835155e-75,2.9735554777430573,6.482954779243514e-73
price,Ready Mixed Concrete,78,2005-07-01,4.146636080612567,4.6339273754107335,0.48729129479816624,11.751484464153421,-29.29708153787706,6.323724534950616e-76,2.98978595053482,1.7832903188560738e-73
price,Ready Mixed Concrete,79,2005-08-01,4.148366138601456,4.635324254748089,0.4869581161466332,11.738551995576794,-29.37669855713308,1.8447008475278228e-76,3.00590474947957,5.20205639002846e-74
price,Ready Mixed Concrete,80,2005-09-01,4.150140592437232,4.636704261985227,0.4865636695479951,11.724028589167705,-29.4389511611973,6.33935152646273e-77,3.020998474903681,1.7876971304624897e-74
price,Ready Mixed Concrete,81,2005-10-01,4.15187123259805,4.638095353617844,0.4862241210197942,11.710963413370061,-29.51193134831547,2.0349837920726716e-77,3.036978990037568,5.738654293644934e-75
price,Ready Mixed Concrete,82,2005-11-01,4.153559662023239,4.63949766373137,0.4859380017081305,11.699314353207711,-29.5952807303451,6.130233267684981e-78,3.053864468904933,1.7287257814871647e-75
price,Ready Mixed Concrete,83,2005-12-01,4.155207406402037,4.640911328582655,0.4857039221806181,11.689041597112128,-29.688702095825622,1.7400598076244662e-78,3.0716753041795832,4.906968657500995e-76
price,Ready Mixed Concrete,84,2006-01-01,4.156815918771817,4.6423364866441155,0.4855205678722987,11.680107499582322,-29.791954074844906,4.670837526418601e-79,3.090434218170834,1.3171761824500455e-76
price,Ready Mixed Concrete,85,2006-02-01,4.158355919200416,4.6437839173846935,0.48542799818427795,11.673555790232065,-29.914564348091922,1.1025264285950318e-79,3.1109237701624366,3.1091245286379896e-77
price,Ready Mixed Concrete,86,2006-03-01,4.159860105665557,4.64524321231167,0.48538310664611295,11.668255525829853,-30.046508548967967,2.483229679474322e-80,3.132434336651026,7.002707696117588e-78
price,Ready Mixed Concrete,87,2006-04-01,4.161392695496612,4.6466919686546495,0.4852992731580379,11.661943696955602,-30.167503119499845,6.248374027156955e-81,3.153362549908924,1.7620414756582612e-78
price,Ready Mixed Concrete,88,2006-05-01,4.162890453740596,4.6481526981905485,0.48526224444995236,11.656858373823322,-30.29801763083782,1.4986728799477163e-81,3.175333069215372,4.22625752145256e-79
price,Ready Mixed Concrete,89,2006-06-01,4.164354554495953,4.649625549963259,0.4852709954673067,11.652970205032005,-30.438000050867085,3.434648363423715e-82,3.1983801933485165,9.685708384854877e-80
price,Ready Mixed Concrete,90,2006-07-01,4.165786119678967,4.6511106755007425,0.4853245558217756,11.650251402229378,-30.587439390470838,7.537858199774392e-83,3.2225414482331676,2.1256760123363788e-80
price,Ready Mixed Concrete,91,2006-08-01,4.167246107657603,4.652585427173403,0.48533931951579934,11.646524034756544,-30.726361442460515,1.8423403414419582e-83,3.246132890461012,5.195399762866322e-81
price,Ready Mixed Concrete,92,2006-09-01,4.16870385357009,4.654061169591752,0.48535731602166177,11.642883089572324,-30.864951024486977,4.641801033550856e-84,3.269995955171614,1.3089878914613414e-81
price,Ready Mixed Concrete,93,2006-10-01,4.170202854625505,4.655520875152376,0.48531802052687034,11.637755702664808,-30.988129574160986,1.3495081393646004e-84,3.2928153747101585,3.805612953008173e-82
price,Ready Mixed Concrete,94,2006-11-01,4.171684270446926,4.65698725198845,0.4853029815415235,11.633262492550314,-31.116348345744473,3.878261442841504e-85,3.3163215210882746,1.093669726881304e-82
price,Ready Mixed Concrete,95,2006-12-01,4.173416482779261,4.658352115009597,0.48493563223033664,11.619631882687077,-31.150232330969764,2.352446623096265e-85,3.332010138367291,6.633899477131468e-83
price,Ready Mixed Concrete,96,2007-01-01,4.175191367561286,4.659696331647016,0.48450496408572974,11.604377414890262,-31.165436241310374,1.6728803072484577e-85,3.3461036743358266,4.717522466440651e-83
price,Ready Mixed Concrete,97,2007-02-01,4.177075890131229,4.660991208362901,0.48391531823167266,11.585025768264646,-31.13483032611214,1.726193289268002e-85,3.3562999331552965,4.867865075735766e-83
price,Ready Mixed Concrete,98,2007-03-01,4.181382790371344,4.661257756184886,0.4798749658135426,11.476465797835397,-29.870657137093726,1.626642444641727e-80,3.286961367134043,4.587131693889671e-78
price,Ready Mixed Concrete,99,2007-04-01,4.192146843722749,4.6587219712672425,0.4665751275444938,11.129741989909913,-24.414084623826636,7.565566868843997e-58,3.031328246988378,2.133489857014007e-55
price,Ready Mixed Concrete,100,2007-05-01,4.202287396061924,4.6563416229786645,0.4540542269167407,10.804930365834737,-21.220405694734698,3.3727454915688274e-47,2.8226310165681925,9.511142286224093e-45
price,Ready Mixed Concrete,101,2007-06-01,4.2115707647128,4.654229981027479,0.44265921631467897,10.510549176178102,-19.172025515243078,3.626784789443646e-41,2.654210278490189,1.022753310623108e-38
price,Ready Mixed Concrete,102,2007-07-01,4.21961807864579,4.652571354690416,0.43295327604462575,10.260484905865562,-17.867652110382696,1.2367581031176495e-37,2.524588734461718,3.487657850791771e-35
price,Ready Mixed Concrete,103,2007-08-01,4.226676446465931,4.651275942314072,0.42459949584814094,10.045706152955312,-16.965973864849335,2.533340481993409e-35,2.4216859659759638,7.144020159221412e-33
price,Ready Mixed Concrete,104,2007-09-01,4.233229878331433,4.650138962587683,0.4169090842562495,9.848486763978386,-16.24860661937377,1.5578255586646695e-33,2.332715484092921,4.393068075434368e-31
price,Ready Mixed Concrete,105,2007-10-01,4.2393946090973165,4.649115017493631,0.4097204083963142,9.664597098771962,-15.653084977275892,4.4643748758995924e-32,2.2539177005050033,1.258953715003685e-29
price,Ready Mixed Concrete,106,2007-11-01,4.245284102229791,4.648157134173782,0.40287303194399104,9.489895664047223,-15.137326889447037,7.90851773883749e-31,2.182303641266175,2.230202002352172e-28
price,Ready Mixed Concrete,107,2007-12-01,4.251027357389902,4.64720800740164,0.39618065001173797,9.31964479887492,-14.668118434650987,1.0752323188306098e-29,2.1151406806452844,3.0321551391023196e-27
price,Ready Mixed Concrete,108,2008-01-01,4.256541423576693,4.646310086238748,0.3897686626620551,9.156933385004855,-14.251942674669488,1.0717203246557237e-28,2.0533078783850125,3.0222513155291406e-26
price,Ready Mixed Concrete,109,2008-02-01,4.261947104561366,4.645407594995912,0.3834604904345458,8.99730759267626,-13.864610026441643,9.143468306104585e-28,1.9945846577183988,2.5784580623214932e-25
price,Ready Mixed Concrete,110,2008-03-01,4.267218695313781,4.644514801848951,0.37729610653516943,8.841733538276639,-13.506543676414347,6.636860591259644e-27,1.9391130100366052,1.8715946867352196e-24
price,Ready Mixed Concrete,111,2008-04-01,4.272366815440292,4.64362829396079,0.3712614785204975,8.689831528013048,-13.173283137327012,4.2072043054522663e-26,1.8865161045155336,1.186431614137539e-23
price,Ready Mixed Concrete,112,2008-05-01,4.277380487763113,4.642755496613837,0.36537500885072394,8.542027296753284,-12.863795361367869,2.3386514091058843e-25,1.836749092535803,6.594996973678594e-23
price,Ready Mixed Concrete,113,2008-06-01,4.28230683045485,4.641873921888881,0.3595670914340312,8.39657468906401,-12.570149130414084,1.1975847742647857e-24,1.7890144664785235,3.3771890634266956e-22
price,Ready Mixed Concrete,114,2008-07-01,4.2872597459896795,4.64092454559473,0.3536647996050508,8.249203933488525,-12.277554676088487,6.209409892901682e-24,1.7417457371690592,1.7510535897982744e-21
price,Ready Mixed Concrete,115,2008-08-01,4.292251935949322,4.639899257009829,0.34764732106050733,8.099415557340013,-11.98454393933336,3.285201211312168e-23,1.6947851299052463,9.264267415900314e-21
price,Ready Mixed Concrete,116,2008-09-01,4.296982802964501,4.638959381997211,0.3419765790327096,7.958527988447592,-11.724969708764283,1.4184251630977477e-22,1.65177741238333,3.9999589599356483e-20
price,Ready Mixed Concrete,117,2008-10-01,4.301612522848193,4.63802182027252,0.33640929742432757,7.820539289335702,-11.478658373715595,5.694626499128996e-22,1.6105828619557647,1.605884672754377e-19
price,Ready Mixed Concrete,118,2008-11-01,4.306042126179181,4.637143122651612,0.33110099647243185,7.689218701773897,-11.255002434807428,1.997302870142451e-21,1.5722558497013719,5.632394093801712e-19
price,Ready Mixed Concrete,119,2008-12-01,4.310274901183699,4.636325116826659,0.3260502156429599,7.56448772103652,-11.05201859942101,6.193983993180013e-21,1.5366089297098755,1.7467034860767637e-18
price,Ready Mixed Concrete,120,2009-01-01,4.314382618977896,4.63553046959018,0.32114785061228446,7.443657157333125,-10.861302635745314,1.7917836890911695e-20,1.5027083459126904,5.052830003237098e-18
price,Ready Mixed Concrete,121,2009-02-01,4.318368024197574,4.634759722312817,0.31639169811524326,7.326649705221319,-10.681911585423327,4.8603293945496716e-20,1.4704483867758977,1.3706128892630074e-17
price,Ready Mixed Concrete,122,2009-03-01,4.321828735663121,4.634250995867233,0.31242226020411223,7.228936621806594,-10.550692424777072,9.756452569588687e-20,1.4441496560350233,2.7513196246240098e-17
price,Ready Mixed Concrete,123,2009-04-01,4.324951429593406,4.633904768363751,0.3089533387703449,7.143510020860281,-10.447962326839003,1.644839218550943e-19,1.4215933429011016,4.63844659631366e-17
price,Ready Mixed Concrete,124,2009-05-01,4.3278765907055545,4.633643765261148,0.30576717455559344,7.065062234266379,-10.360350329443474,2.5339385361405717e-19,1.4011742446036557,7.145706671916412e-17
price,Ready Mixed Concrete,125,2009-06-01,4.330680943161731,4.633425341444238,0.3027443982825071,6.990688121704028,-10.280895181434067,3.7254852146907665e-19,1.3820289000851473,1.0505868305427962e-16
price,Ready Mixed Concrete,126,2009-07-01,4.333201171195753,4.633352771179511,0.3001515999837574,6.926786643993501,-10.223374605209571,4.789797092445221e-19,1.365868595173578,1.3507227800695523e-16
price,Ready Mixed Concrete,127,2009-08-01,4.335567757586653,4.633350776737833,0.2977830191511801,6.868374243029656,-10.17647001789491,5.779892601388058e-19,1.3512726257858285,1.6299297135914324e-16
price,Ready Mixed Concrete,128,2009-09-01,4.337859311922738,4.633372876065222,0.29551356414248353,6.812428502009171,-10.133591343391815,6.820229974183543e-19,1.3373963998179899,1.9233048527197592e-16
price,Ready Mixed Concrete,129,2009-10-01,4.3398300532755805,4.633578288650424,0.29374823537484396,6.768657568817265,-10.115065819289763,6.922855390349607e-19,1.3268239449585064,1.9522452200785891e-16
price,Ready Mixed Concrete,130,2009-11-01,4.341668485255372,4.633852049040434,0.29218356378506183,6.729752968872194,-10.105383626332761,6.658127068662716e-19,1.3175592276684684,1.877591833362886e-16
price,Ready Mixed Concrete,131,2009-12-01,4.343312464838615,4.6342380904393305,0.2909256256007158,6.698243056559039,-10.109673672710159,5.872909722224785e-19,1.310259301480048,1.6561605416673893e-16
price,Ready Mixed Concrete,132,2010-01-01,4.344770856073574,4.634735150957441,0.289964294883867,6.6738685304548255,-10.127338676734016,4.766229214743158e-19,1.3048390522283402,1.3440766385575706e-16
price,Ready Mixed Concrete,133,2010-02-01,4.345928202580372,4.635425695167999,0.28949749258762747,6.661350098138756,-10.167747595616916,3.3562910987107327e-19,1.3025408214515826,9.464740898364266e-17
price,Ready Mixed Concrete,134,2010-03-01,4.347558202497443,4.635788335492999,0.28823013299555633,6.629701537520149,-10.168611599674446,3.024962546217578e-19,1.2951500957977844,8.530394380333569e-17
price,Ready Mixed Concrete,135,2010-04-01,4.34900810308835,4.636262661406963,0.28725455831861346,6.605059165436508,-10.182826087988628,2.5059625369829427e-19,1.2895987566613252,7.066814354291898e-17
price,Ready Mixed Concrete,136,2010-05-01,4.350545385995452,4.636665672143834,0.2861202861483818,6.5766532874111,-10.18828636050639,2.194762526739173e-19,1.2830392288971102,6.189230325404468e-17
price,Ready Mixed Concrete,137,2010-06-01,4.352090767739842,4.6370511798493625,0.2849604121095206,6.547667025279168,-10.191499832370946,1.9507162290593783e-19,1.2763157795319726,5.501019765947447e-17
price,Ready Mixed Concrete,138,2010-07-01,4.353621312769911,4.637435269422071,0.28381395665216047,6.5190317729216805,-10.194403359303315,1.7379963636809215e-19,1.2696744422745523,4.9011497455801987e-17
price,Ready Mixed Concrete,139,2010-08-01,4.354760424219522,4.638092219501422,0.28333179528189945,6.506254482017328,-10.229061293952826,1.2632259594898085e-19,1.2671671202657628,3.56229720576126e-17
price,Ready Mixed Concrete,140,2010-09-01,4.35589109902567,4.6387503106720605,0.2828592116463904,6.493716330733351,-10.263467737476669,9.183995908065913e-20,1.264700308010575,2.5898868460745872e-17
price,Ready Mixed Concrete,141,2010-10-01,4.357090765993636,4.639351930614723,0.28226116462108664,6.478202538815298,-10.290970630183221,6.971369691770488e-20,1.2614340350956936,1.9659262530792774e-17
price,Ready Mixed Concrete,142,2010-11-01,4.358520921303944,4.639773096096411,0.281252174792467,6.452927033520456,-10.297131311579895,6.076526520219413e-20,1.255600977122218,1.7135804787018744e-17
price,Ready Mixed Concrete,143,2010-12-01,4.36034296444977,4.63988379130999,0.2795408268602202,6.410982556632339,-10.266461775240241,6.768653288455234e-20,1.245429085243436,1.908760227344376e-17
price,Ready Mixed Concrete,144,2011-01-01,4.362493507462672,4.6397217624551645,0.27722825499249293,6.354811864321499,-10.203513103578265,9.404700175516475e-20,1.2316159274836886,2.652125449495646e-17
price,Ready Mixed Concrete,145,2011-02-01,4.364672315326569,4.639512579291528,0.2748402639649594,6.296927789970772,-10.135886699175988,1.3534864879681737e-19,1.2174367425608075,3.81683189607025e-17
price,Ready Mixed Concrete,146,2011-03-01,4.366757323521125,4.63935186770218,0.27259454418105467,6.24249354807857,-10.07499915881827,1.8656724280380168e-19,1.204210324367792,5.261196247067207e-17
price,Ready Mixed Concrete,147,2011-04-01,4.3688584890049045,4.639153633921116,0.2702951449162114,6.1868596933606925,-10.010601372940233,2.6420258462726394e-19,1.1907475595549863,7.450512886488844e-17
price,Ready Mixed Concrete,148,2011-05-01,4.371129820301883,4.6387917554209155,0.26766193511903236,6.123403928107238,-9.928236961017127,4.2479496306598947e-19,1.1754020726847454,1.1979217958460904e-16
price,Ready Mixed Concrete,149,2011-06-01,4.373388860261691,4.638410898962947,0.2650220387012565,6.059878212736802,-9.845066230330964,6.8884950220743855e-19,1.1601401029216871,1.9425555962249767e-16
price,Ready Mixed Concrete,150,2011-07-01,4.3755876273683425,4.638050937700188,0.2624633103318459,5.998355710903728,-9.765609236339975,1.0916810235143924e-18,1.1454701796188378,3.078540486310587e-16
price,Ready Mixed Concrete,151,2011-08-01,4.377763273106585,4.637681891911681,0.2599186188050959,5.93724700469357,-9.686376099965887,1.7319549091990184e-18,1.1309927801203115,4.884112843941232e-16
price,Ready Mixed Concrete,152,2011-09-01,4.379880428292789,4.637334201071805,0.2574537727790158,5.878100486852044,-9.610686899712244,2.6878481219368106e-18,1.1170791091637546,7.579731703861806e-16
price,Ready Mixed Concrete,153,2011-10-01,4.381946076142225,4.6370031821555076,0.25505710601328246,5.820635434150058,-9.537888401810527,4.098459072274531e-18,1.1036505913162107,1.1557654583814178e-15
price,Ready Mixed Concrete,154,2011-11-01,4.383949218699346,4.636699620520374,0.2527504018210278,5.765358794370688,-9.4690131530981,6.096069910388579e-18,1.0908188537245131,1.7190917147295793e-15
price,Ready Mixed Concrete,155,2011-12-01,4.385878944544158,4.636434722782519,0.2505557782383603,5.7127837180741325,-9.405088072585768,8.782017341302376e-18,1.0786943169433696,2.47652889024727e-15
price,Ready Mixed Concrete,156,2012-01-01,4.38777799763762,4.636172099194347,0.2483941015567268,5.66104533297861,-9.342145435379699,1.2591906627057117e-17,1.0668257330072044,3.5509176688301068e-15
price,Ready Mixed Concrete,157,2012-02-01,4.389623302414245,4.635933262498548,0.24630996008430284,5.6111867264062285,-9.282355876451506,1.7701929479347498e-17,1.0554531685103603,4.991944113175995e-15
price,Ready Mixed Concrete,158,2012-03-01,4.3914628869462735,4.635675446242871,0.24421255929659758,5.561075331469273,-9.221256263586673,2.5158194584273964e-17,1.0440729969746287,7.0946108727652574e-15
price,Ready Mixed Concrete,159,2012-04-01,4.393320039688628,4.63537676363037,0.24205672394174282,5.509653787000192,-9.15667447650875,3.668818872349001e-17,1.0324420251087207,1.0346069220024184e-14
price,Ready Mixed Concrete,160,2012-05-01,4.395245470963879,4.6349884561003805,0.23974298513650183,5.4545983090206365,-9.083852996888997,5.672410607082125e-17,1.020032452092516,1.5996197911971593e-14
price,Ready Mixed Concrete,161,2012-06-01,4.397186348624433,4.6345580518506,0.23737170322616752,5.398263444086791,-9.007745319726322,8.984429311184003e-17,1.007396964575013,2.5336090657538886e-14
price,Ready Mixed Concrete,162,2012-07-01,4.39912550932315,4.6341010736960415,0.2349755643728919,5.341415330726613,-8.929971551806306,1.4412959389084178e-16,0.9947143510884704,4.0644545477217384e-14
price,Ready Mixed Concrete,163,2012-08-01,4.4010463912186,4.633633240255411,0.23258684903681104,5.284807937968824,-8.852096412280352,2.316305855078974e-16,0.9821559231223355,6.531982511322707e-14
price,Ready Mixed Concrete,164,2012-09-01,4.4029273900606345,4.633176029646633,0.23024863958599884,5.2294443943312,-8.776158198503984,3.6769233215050596e-16,0.9699441704011563,1.0368923766644268e-13
price,Ready Mixed Concrete,165,2012-10-01,4.404818260726614,4.632680605281176,0.22786234455456178,5.17302488019049,-8.697492997525949,5.95202177489174e-16,0.9575624637716323,1.6784701405194707e-13
price,Ready Mixed Concrete,166,2012-11-01,4.4066809494626,4.632184605368864,0.2255036559062642,5.117312973015772,-8.6196839377066,9.584977000324554e-16,0.945403813627376,2.7029635140915244e-13
price,Ready Mixed Concrete,167,2012-12-01,4.408499810224175,4.631704567999069,0.22320475777489435,5.063054721182902,-8.544211816630611,1.520023723472233e-15,0.9336282820626874,4.2864669001916967e-13
price,Ready Mixed Concrete,168,2013-01-01,4.41025939548381,4.63125762006176,0.22099822457794982,5.011002863102706,-8.472545107080538,2.350316976993495e-15,0.9223936919656872,6.627893875121656e-13
price,Ready Mixed Concrete,169,2013-02-01,4.411933488192846,4.630873002401828,0.21893951420898272,4.962439139096398,-8.407181943066714,3.4845782620708895e-15,0.9119693855878725,9.826510699039907e-13
price,Ready Mixed Concrete,170,2013-03-01,4.4135878856935395,4.630483577021147,0.21689569132760766,4.914271493962224,-8.341945856044463,5.1651747467231785e-15,0.9016756659876832,1.4565792785759363e-12
price,Ready Mixed Concrete,171,2013-04-01,4.4151853259700715,4.63012969905914,0.2149443730890681,4.868297867923407,-8.28038210450924,7.47416261209042e-15,0.8918970614147796,2.1077138566094985e-12
price,Ready Mixed Concrete,172,2013-05-01,4.41678024462386,4.629753865923933,0.21297362130007258,4.821920256487874,-8.217354348301562,1.0928333229481468e-14,0.8820711308793451,3.081789970713774e-12
price,Ready Mixed Concrete,173,2013-06-01,4.4183460894959765,4.629384964385232,0.21103887488925555,4.776422457963899,-8.15539452124252,1.587272813163019e-14,0.872471997527069,4.476109333119713e-12
price,Ready Mixed Concrete,174,2013-07-01,4.41986209603407,4.629046847316392,0.20918475128232217,4.732834344990607,-8.096508188725702,2.259700839249037e-14,0.8633148794322252,6.372356366682285e-12
price,Ready Mixed Concrete,175,2013-08-01,4.421302277302623,4.628770415247265,0.20746813794464192,4.692466719810332,-8.04323376110781,3.1009085490088546e-14,0.8548705981717687,8.74456210820497e-12
price,Ready Mixed Concrete,176,2013-09-01,4.422624198171117,4.628606844241355,0.20598264607023786,4.657475671467127,-7.999760693130954,3.990832995822517e-14,0.8475837574932404,1.1254149048219498e-11
price,Ready Mixed Concrete,177,2013-10-01,4.423947301114443,4.628422487542671,0.20447518642822793,4.6220077345116275,-7.954622493560542,5.1967232095087354e-14,0.8402163173974406,1.4654759450814632e-11
price,Ready Mixed Concrete,178,2013-11-01,4.425212693082367,4.628285878438314,0.20307318535594732,4.5890039516834475,-7.913568632263818,6.592193628540459e-14,0.8333831593145343,1.8589986032484096e-11
price,Ready Mixed Concrete,179,2013-12-01,4.4264478854635785,4.628166499293409,0.20171861382983014,4.557121625497333,-7.873970032134571,8.288989266742081e-14,0.8267999046393508,2.337494973221267e-11
price,Ready Mixed Concrete,180,2014-01-01,4.427658679984011,4.628058336627755,0.20039965664374382,4.5260863839772645,-7.835289971651068,1.0367578448280102e-13,0.8204075188719643,2.9236571224149886e-11
price,Ready Mixed Concrete,181,2014-02-01,4.429155927769046,4.627584496409985,0.1984285686409386,4.480053804312249,-7.766929115420299,1.576458775131258e-13,0.8109301988093407,4.4456137458701474e-11
price,Ready Mixed Concrete,182,2014-03-01,4.431032459069577,4.626617603652853,0.19558514458327547,4.413985823618728,-7.660329008169222,3.0798740342972447e-13,0.7973757377047546,8.68524477671823e-11
price,Ready Mixed Concrete,183,2014-04-01,4.432766731719875,4.625789122357471,0.19302239063759608,4.354445029926153,-7.5656484594589335,5.545451023437911e-13,0.78523364072202,1.563817188609491e-10
price,Ready Mixed Concrete,184,2014-05-01,4.434425343488908,4.625020888283056,0.19059554479414853,4.298088929921914,-7.47655739341732,9.60346978331575e-13,0.7738015528245327,2.708178478895042e-10
price,Ready Mixed Concrete,185,2014-06-01,4.43598014669956,4.624351625874942,0.1883714791753821,4.246445496730491,-7.395831120023997,1.5723917420092464e-12,0.7633768197760707,4.434144712466075e-10
price,Ready Mixed Concrete,186,2014-07-01,4.437489455377095,4.6237102374385115,0.18622078206141612,4.196534638200987,-7.317867375554141,2.524953927624699e-12,0.7533458942563389,7.120370075901651e-10
price,Ready Mixed Concrete,187,2014-08-01,4.43895865218407,4.6230912233067425,0.18413257112267267,4.1481028671459965,-7.242170104030122,3.989927550937441e-12,0.743652701787206,1.1251595693643585e-09
price,Ready Mixed Concrete,188,2014-09-01,4.440397862551774,4.62248249810952,0.18208463555774568,4.10063785259789,-7.16777219423599,6.243168319895202e-12,0.7341907385847164,1.760573466210447e-09
price,Ready Mixed Concrete,189,2014-10-01,4.441807523806604,4.621884332566221,0.18007680875961718,4.054133543483495,-7.094651591491829,9.675083412893143e-12,0.7249558996507804,2.7283735224358663e-09
price,Ready Mixed Concrete,190,2014-11-01,4.443144981835287,4.621355473875576,0.17821049204028938,4.010908776752941,-7.027070161035773,1.4463040130457763e-11,0.7164039878655852,4.0785773167890894e-09
price,Ready Mixed Concrete,191,2014-12-01,4.444318073956085,4.621025617019232,0.17670754306314684,3.976032770891477,-6.974430146432287,1.9693044373732697e-11,0.7095267501268354,5.553438513392621e-09
price,Ready Mixed Concrete,192,2015-01-01,4.44532494532155,4.620905241953243,0.1755802966316926,3.949774173797594,-6.93735763980511,2.436394944964598e-11,0.7043620841184489,6.870633744800166e-09
price,Ready Mixed Concrete,193,2015-02-01,4.446158337761962,4.621012800753477,0.1748544629915152,3.9327088625352626,-6.917148442417286,2.7199330078728083e-11,0.7010116032306548,7.67021108220132e-09
price,Ready Mixed Concrete,194,2015-03-01,4.44700369544102,4.621092617468584,0.17408892202756387,3.914746511365313,-6.894517078324721,3.083457472163194e-11,0.6974873720052417,8.695350071500207e-09
price,Ready Mixed Concrete,195,2015-04-01,4.447840382784908,4.621173616653542,0.1733332338686342,3.897020103048432,-6.871641090712495,3.502709775935322e-11,0.6940121621611206,9.877641568137609e-09
price,Ready Mixed Concrete,196,2015-05-01,4.448688798828656,4.6212261814990185,0.17253738267036223,3.8783873287740755,-6.846329036411122,4.0405363498650844e-11,0.6903624938827315,1.1394312506619537e-08
price,Ready Mixed Concrete,197,2015-06-01,4.449467869276063,4.621369493563164,0.1719016242871012,3.863419836652735,-6.827363303218729,4.487055335674883e-11,0.6874317472399388,1.265349604660317e-08
price,Ready Mixed Concrete,198,2015-07-01,4.450249191581004,4.621499795138229,0.1712506035572252,3.848112682795329,-6.807039808574732,5.0271350711649125e-11,0.6844361104587777,1.4176520900685054e-08
price,Ready Mixed Concrete,199,2015-08-01,4.451017628725408,4.621639731106327,0.17062210238091868,3.8333279401047435,-6.787018554980022,5.62521461388269e-11,0.6815437860227908,1.5863105211149185e-08
price,Ready Mixed Concrete,200,2015-09-01,4.451768351404735,4.621797250848756,0.1700288994440209,3.819356400033013,-6.767858881156819,6.265452771180798e-11,0.6788109893213745,1.766857681472985e-08
price,Ready Mixed Concrete,201,2015-10-01,4.452521584399325,4.621941662224969,0.1694200778256434,3.805036643039638,-6.747317899547344,7.041243457341566e-11,0.6760116023319498,1.9856306549703218e-08
price,Ready Mixed Concrete,202,2015-11-01,4.453217505292169,4.622167006423961,0.16894950113179164,3.793874899014327,-6.732171594313586,7.664457992482342e-11,0.6738261327458719,2.1613771538800206e-08
price,Ready Mixed Concrete,203,2015-12-01,4.453871544017683,4.622451885477918,0.1685803414602356,3.785029267102866,-6.7208137790483615,8.160196630909003e-11,0.6720894906965165,2.3011754499163387e-08
price,Ready Mixed Concrete,204,2016-01-01,4.454407987340583,4.62292129741116,0.16851331007057713,3.783068604166739,-6.722287068806716,8.048123772427044e-11,0.6716857056383869,2.2695709038244262e-08
price,Ready Mixed Concrete,205,2016-02-01,4.454784161284384,4.623652478623892,0.16886831733950824,3.790718275581299,-6.742391735757426,7.099511417631961e-11,0.6731415471106067,2.002062219772213e-08
price,Ready Mixed Concrete,206,2016-03-01,4.4550456910141065,4.624579843083704,0.16953415206959743,3.8054413765396466,-6.776431007772907,5.758490281917919e-11,0.6759666785517031,1.623894259500853e-08
price,Ready Mixed Concrete,207,2016-04-01,4.455109259322806,4.625851188711092,0.17074192938828592,3.832497015218867,-6.836098245816255,3.995591430534062e-11,0.6811865651162159,1.1267567834106055e-08
price,Ready Mixed Concrete,208,2016-05-01,4.455155647654289,4.627171624419614,0.17201597676532554,3.8610542564521784,-6.898719604588013,2.717768676085584e-11,0.6867039879370176,7.664107666561346e-09
price,Ready Mixed Concrete,209,2016-06-01,4.455140639801847,4.628619166716522,0.1734785269146748,3.8938956351867415,-6.970515540363997,1.7432932214279394e-11,0.6930634657672772,4.916086884426789e-09
price,Ready Mixed Concrete,210,2016-07-01,4.45505870469142,4.630208207550724,0.17514950285930375,3.9314746329798473,-7.052825290474153,1.044453259678321e-11,0.7003591824976784,2.945358192292865e-09
price,Ready Mixed Concrete,211,2016-08-01,4.454926857643098,4.631913831332702,0.17698697368960392,3.9728368017076665,-7.143846839278139,5.90199085975301e-12,0.7084109090806182,1.664361422450349e-09
price,Ready Mixed Concrete,212,2016-09-01,4.45474525954757,4.633739981925426,0.17899472237785563,4.018068642516151,-7.244128987692467,3.1301235252035208e-12,0.717242017540743,8.826948341073928e-10
price,Ready Mixed Concrete,213,2016-10-01,4.454531222188484,4.635659509103745,0.1811282869152615,4.066158207917427,-7.351630105914488,1.5760354990469426e-12,0.7266598198800702,4.444420107312378e-10
price,Ready Mixed Concrete,214,2016-11-01,4.454284951346342,4.637675287096277,0.18339033574993557,4.1171666777740485,-7.466812471130606,7.501272133524669e-13,0.7366822371126249,2.1153587416539568e-10
price,Ready Mixed Concrete,215,2016-12-01,4.453995146761136,4.639811794240357,0.18581664747922133,4.171909518454322,-7.5920918227386185,3.316790151072744e-13,0.7474780704969388,9.353348226025138e-11
price,Ready Mixed Concrete,216,2017-01-01,4.453708025551719,4.641985783965912,0.18827775841419303,4.22743829038657,-7.720402542084733,1.425101994990955e-13,0.7584666999254364,4.018787625874493e-11
price,Ready Mixed Concrete,217,2017-02-01,4.453457644203593,4.6441327796381024,0.19067513543450954,4.281507778179572,-7.846026515581706,6.180976889917685e-14,0.7691991793068326,1.743035482956787e-11
price,Ready Mixed Concrete,218,2017-03-01,4.453192622721565,4.646351081589144,0.19315845886757899,4.33752759496692,-7.977819352084039,2.5498131840860796e-14,0.7803592653480751,7.190473179122745e-12
price,Ready Mixed Concrete,219,2017-04-01,4.452907444422726,4.648653896961336,0.1957464525386099,4.395924572467426,-8.117253593160381,9.891596117722622e-15,0.7920383413788908,2.7894301051977794e-12
price,Ready Mixed Concrete,220,2017-05-01,4.452602272497862,4.651043754015959,0.19844148151809637,4.456752913769072,-8.264910946196052,3.588175304115436e-15,0.8042538561291149,1.0118654357605529e-12
price,Ready Mixed Concrete,221,2017-06-01,4.452294223820824,4.653488893824615,0.20119467000379032,4.518898794409214,-8.418108359450631,1.238230158122763e-15,0.8167849763091355,3.491809045906192e-13
price,Ready Mixed Concrete,222,2017-07-01,4.4520225244591405,4.65591030056811,0.2038877761089699,4.579666319943866,-8.569341430472933,4.28469184322155e-16,0.8290814715370938,1.2082830997884771e-13
price,Ready Mixed Concrete,223,2017-08-01,4.451775406623753,4.658330815085872,0.20655540846211906,4.6398434241491,-8.72079064364845,1.464657895792779e-16,0.8413018034851607,4.130335266135637e-14
price,Ready Mixed Concrete,224,2017-09-01,4.451535989703798,4.6607853886569295,0.20924939895313166,4.700611192116971,-8.875970628849918,4.821655814646038e-17,0.8536890642077614,1.3597069397301828e-14
price,Ready Mixed Concrete,225,2017-10-01,4.451347631092057,4.663181865672119,0.21183423458006168,4.7588787067635065,-9.025680549834346,1.6355400430092677e-17,0.8656002675942798,4.612222921286135e-15
price,Ready Mixed Concrete,226,2017-11-01,4.451160939370685,4.665624428783753,0.2144634894130677,4.81814727290874,-9.180378194431656,5.294886958799148e-18,0.8777610729812032,1.4931581223813598e-15
price,Ready Mixed Concrete,227,2017-12-01,4.450981248482194,4.668102616367254,0.21712136788506076,4.8780562254469215,-9.339209481198392,1.6452076572556776e-18,0.8900981114599816,4.639485593461011e-16
price,Ready Mixed Concrete,228,2018-01-01,4.450856105064171,4.670510989575043,0.21965488451087278,4.935115387373457,-9.49121119501656,5.332256999692489e-19,0.9018746971474357,1.5036964739132818e-16
price,Ready Mixed Concrete,229,2018-02-01,4.450778981990738,4.672860653617883,0.2220816716271452,4.98972590024708,-9.637320303180628,1.793226139243328e-19,0.9131671714040238,5.0568977126661846e-17
price,Ready Mixed Concrete,230,2018-03-01,4.450676634145106,4.675316870379108,0.2246402362340021,5.047327736879078,-9.795024465653176,5.469181055199712e-20,0.9251284541848861,1.5423090575663185e-17
price,Ready Mixed Concrete,231,2018-04-01,4.450606094018971,4.6777505573020495,0.22714446328307858,5.103674836295462,-9.950759754942682,1.6794453824903583e-20,0.9368564381265033,4.73603597862281e-18
price,Ready Mixed Concrete,232,2018-05-01,4.450536161997371,4.680233911305052,0.2296977493076815,5.161125332921566,-10.112454932809383,4.879158705242991e-21,0.9488543724469656,1.3759227548785235e-18
price,Ready Mixed Concrete,233,2018-06-01,4.450466830250635,4.682768468483374,0.2323016382327392,5.219713955707805,-10.280606706024647,1.3344016481617111e-21,0.9611321854619632,3.7630126478160254e-19
price,Ready Mixed Concrete,234,2018-07-01,4.45042839975092,4.6852819515580215,0.23485355180710155,5.277099881446149,-10.447188210824203,3.6626734868085013e-22,0.9731836438270703,1.0328739232799974e-19
price,Ready Mixed Concrete,235,2018-08-01,4.450395305524279,4.6878359588745235,0.23744065335024445,5.335271072560884,-10.61934213288438,9.523693384441293e-23,0.9854381638719965,2.6856815344124448e-20
price,Ready Mixed Concrete,236,2018-09-01,4.450372450135766,4.690419304885579,0.24004685474981358,5.393859894636247,-10.79603967179888,2.3638013595375565e-23,0.997816407830552,6.6659198338959094e-21
price,Ready Mixed Concrete,237,2018-10-01,4.450364618599087,4.693020411648406,0.24265579304931872,5.45249241006467,-10.976117457019454,5.6513317710618384e-24,1.010236087753313,1.5936755594394384e-21
price,Ready Mixed Concrete,238,2018-11-01,4.450405710176141,4.695551672493086,0.2451459623169452,5.508395824596465,-11.148895556431402,1.4235495776825624e-24,1.0220822169705603,4.014409809064826e-22
price,Ready Mixed Concrete,239,2018-12-01,4.45046094411543,4.698100519205468,0.2476395750900382,5.564357899095301,-11.324930066454732,3.4610302193354247e-25,1.033965289033487,9.760105218525898e-23
price,Ready Mixed Concrete,240,2019-01-01,4.450530093864359,4.700667670709323,0.2501375768449643,5.62039962812097,-11.50448761834094,8.10045770141445e-26,1.0458887659518328,2.2843290717988748e-23
price,Ready Mixed Concrete,241,2019-02-01,4.450608186681709,4.703266740460602,0.25265855377889324,5.676944435031715,-11.689538982246884,1.793496043697038e-26,1.0579463551146095,5.0576588432256476e-24
price,Ready Mixed Concrete,242,2019-03-01,4.450802305642975,4.705604033246425,0.25480172760345,5.724849366605166,-11.842253466357612,5.219292060317222e-27,1.0680796670687123,1.4718403610094566e-24
price,Ready Mixed Concrete,243,2019-04-01,4.451085474334265,4.707741869288034,0.2566563949537688,5.766152917837554,-11.970256279736915,1.8788133636589158e-27,1.076727584901082,5.2982536855181425e-25
price,Ready Mixed Concrete,244,2019-05-01,4.451463381334002,4.7096540447184765,0.2581906633844744,5.800130008192958,-12.070421966543357,8.631966611889018e-28,1.0837135157891287,2.4342145845527034e-25
price,Ready Mixed Concrete,245,2019-06-01,4.451877096943315,4.711499107531448,0.2596220105881324,5.83174254218272,-12.161471962518315,4.311694379352507e-28,1.0901504521849708,1.215897814977407e-25
price,Ready Mixed Concrete,246,2019-07-01,4.452287449011089,4.713388100411395,0.261100651400306,5.864415862419213,-12.256327234414668,2.0930914300437767e-28,1.0968112284063118,5.90251783272345e-26
price,Ready Mixed Concrete,247,2019-08-01,4.452698742300926,4.7153099222042965,0.26261117990337013,5.897798056907532,-12.35375541706659,9.982575157976237e-29,1.1036159393636331,2.815086194549299e-26
price,Ready Mixed Concrete,248,2019-09-01,4.453106718709392,4.717278617699464,0.26417189899007276,5.932305594208521,-12.455530798284538,4.604614568164333e-29,1.1106588014293228,1.298501308222342e-26
price,Ready Mixed Concrete,249,2019-10-01,4.453536703052154,4.719218195448132,0.26568149239597805,5.9656293438403205,-12.552427049221667,2.2308850250140898e-29,1.117414240999787,6.2910957705397335e-27
price,Ready Mixed Concrete,250,2019-11-01,4.453984113503852,4.721141056441531,0.267156942937679,5.99815661954646,-12.645819432946126,1.1226183630768728e-29,1.1239682911316093,3.1657837838767814e-27
price,Ready Mixed Concrete,251,2019-12-01,4.454432102524439,4.723099432375327,0.2686673298508877,6.031460883613584,-12.742025773848997,5.547794295672353e-30,1.1306780323374004,1.5644779913796036e-27
price,Ready Mixed Concrete,252,2020-01-01,4.454864141728269,4.725148066355916,0.2702839246276474,6.067164250777589,-12.848029258991737,2.527162850628747e-30,1.1379132989518066,7.126599238773067e-28
price,Ready Mixed Concrete,253,2020-02-01,4.45528451388926,4.727277024380553,0.2719925104912928,6.104941438495378,-12.963007887324023,1.0680042571466424e-30,1.145600540399321,3.0117720051535313e-28
price,Ready Mixed Concrete,254,2020-03-01,4.455701576033235,4.729462007616364,0.27376043158312946,6.144047731016345,-13.084167311464459,4.292447154979465e-31,1.1535697896296473,1.2104700977042093e-28
price,Ready Mixed Concrete,255,2020-04-01,4.456107162980111,4.73173315108476,0.27562598810464944,6.185353673593412,-13.215886466881226,1.574315837660581e-31,1.1620206315235837,4.439570662202838e-29
price,Ready Mixed Concrete,256,2020-05-01,4.45647259389057,4.734193633179718,0.2777210392891476,6.231857897429428,-13.373439986057718,4.556135985586867e-32,1.1716433807927984,1.2848303479354966e-29
price,Ready Mixed Concrete,257,2020-06-01,4.456835180980716,4.7367215257430315,0.2798863447623159,6.279934828120065,-13.540936885052355,1.2030890421148193e-32,1.18160798205368,3.3927110987637905e-30
price,Ready Mixed Concrete,258,2020-07-01,4.457194957318224,4.739319637544216,0.2821246802259916,6.3296464015506855,-13.719472052888742,2.8625433045506576e-33,1.1919289873117593,8.072372118832855e-31
price,Ready Mixed Concrete,259,2020-08-01,4.457551955460076,4.741990935593319,0.28443898013324276,6.381058100395939,-13.910308643957018,6.046969890353777e-34,1.202621844104502,1.705245509079765e-31
price,Ready Mixed Concrete,260,2020-09-01,4.45789399097615,4.744783931964089,0.28688994098793863,6.435548749447,-14.122316042806025,1.036129776100302e-34,1.2140070427831422,2.9218859686028513e-32
price,Ready Mixed Concrete,261,2020-10-01,4.458241522943674,4.747627179753428,0.2893856568097535,6.491026906471384,-14.345370572818798,1.582444707062743e-35,1.225600455716499,4.462494073916935e-33
price,Ready Mixed Concrete,262,2020-11-01,4.458582360921566,4.750569622497574,0.29198726157600774,6.548881190021473,-14.588990340056805,1.950690906335869e-36,1.2377251666935767,5.50094835586715e-34
price,Ready Mixed Concrete,263,2020-12-01,4.458916577000341,4.753615718510383,0.2946991415100415,6.60920957862583,-14.856122415060021,1.869946135619556e-37,1.2504055844618018,5.273248102447148e-35
price,Ready Mixed Concrete,264,2021-01-01,4.45925628630905,4.756722019783272,0.29746573347422167,6.6707476398589245,-15.141003374191785,1.4670332607532722e-38,1.2633463177538375,4.137033795324227e-36
price,Ready Mixed Concrete,265,2021-02-01,4.459605392433397,4.759875136868231,0.3002697444348339,6.733101205418331,-15.442849576896771,9.43789469685816e-40,1.2764533087558028,2.6614863045140013e-37
price,Ready Mixed Concrete,266,2021-03-01,4.459955837219797,4.763110315481549,0.30315447826175124,6.797252917435358,-15.770901102441231,4.48997595825539e-41,1.2899565497448489,1.26617322022802e-38
price,Ready Mixed Concrete,267,2021-04-01,4.460315478060911,4.766398099190822,0.306082621129911,6.86235363026335,-16.121963685092965,1.6221294652375558e-42,1.3036544088938438,4.574405091969907e-40
price,Ready Mixed Concrete,268,2021-05-01,4.4606724350151525,4.769791940439103,0.3091195054239506,6.92988579473894,-16.511399077417938,3.7566562428846787e-44,1.3178969604029813,1.0593770604934794e-41
price,Ready Mixed Concrete,269,2021-06-01,4.461065583426516,4.773125753271358,0.312060169844842,6.99519350274045,-16.90413207835447,8.138732675159779e-46,1.3315743952714267,2.2951226143950577e-43
price,Ready Mixed Concrete,270,2021-07-01,4.461588176365557,4.775975087876417,0.3143869115108604,7.046524669763724,-17.199807603235115,4.890525762106769e-47,1.3418706905993634,1.379128264914109e-44
price,Ready Mixed Concrete,271,2021-08-01,4.462219900264654,4.7784020325349825,0.31618213227032843,7.085758643395761,-17.4121624544483,7.051334938840449e-48,1.349220266341201,1.9884764527530067e-45
price,Ready Mixed Concrete,272,2021-09-01,4.462910796041735,4.780613385654019,0.31770258961228404,7.118730445924715,-17.583797161906627,1.558375815485908e-48,1.3550145681981134,4.39461979967026e-46
price,Ready Mixed Concrete,273,2021-10-01,4.463579078750817,4.782986392847582,0.3194073140967655,7.155856510245926,-17.789937293952352,2.374706557281593e-49,1.361736128357228,6.696672491534093e-47
price,Ready Mixed Concrete,274,2021-11-01,4.464203713456944,4.785633846501475,0.3214301330445313,7.200167234205931,-18.060358097210877,1.793307351876015e-50,1.3701014622361722,5.0571267322903624e-48
price,Ready Mixed Concrete,275,2021-12-01,4.464865925878262,4.788166968632059,0.3233010427537977,7.241002263471164,-18.311584332823784,1.6489915178655597e-51,1.3775696748526625,4.650156080380879e-49
price,Ready Mixed Concrete,276,2022-01-01,4.465523339658845,4.790793910100815,0.32527057044196983,7.284041437051803,-18.591439487731027,1.1027486207671183e-52,1.3854898605231274,3.1097511105632736e-50
price,Ready Mixed Concrete,277,2022-02-01,4.466213917563108,4.79332184389253,0.32710792632942187,7.324054162365361,-18.85560576602246,8.676912975831705e-54,1.3926163986994686,2.446889459184541e-51
price,Ready Mixed Concrete,278,2022-03-01,4.466913165675745,4.795874092950536,0.32896092727479065,7.364390465491087,-19.133316227193834,5.8832696683780915e-55,1.3997436329429696,1.6590820464826219e-52
price,Ready Mixed Concrete,279,2022-04-01,4.467837238275639,4.797269086517298,0.3294318482416596,7.373407549841807,-19.17176692221682,4.9644713978328665e-55,1.3993907077972296,1.3999809341888683e-52
price,Ready Mixed Concrete,280,2022-05-01,4.468882330533204,4.798005206839761,0.329122876306557,7.364769353130131,-19.10726717254035,1.2391062295957577e-54,1.3948612053446965,3.494279567460037e-52
price,Ready Mixed Concrete,281,2022-06-01,4.469953342906905,4.798580072131525,0.3286267292246201,7.351905132211228,-19.018906080054425,4.149978040289782e-54,1.3893601449217987,1.1702938073617187e-51
price,Ready Mixed Concrete,282,2022-07-01,4.471043726112655,4.7990204609899205,0.3279767348772653,7.335574308114055,-18.911342220297946,1.7906906315041462e-53,1.3830833663369662,5.0497475808416924e-51
price,Ready Mixed Concrete,283,2022-08-01,4.472120449647818,4.799515439169204,0.3273949895213857,7.320799902586886,-18.805514649207044,8.153923710241843e-53,1.3772008371202147,2.2994064862882e-50
price,Ready Mixed Concrete,284,2022-09-01,4.473180672610271,4.800086997173222,0.3269063245629509,7.308140414820058,-18.703648732477642,3.84221379406662e-52,1.3718323020021064,1.0835042899267868e-49
price,Ready Mixed Concrete,285,2022-10-01,4.474242342132914,4.800627675186769,0.32638533305385486,7.29476206463738,-18.5933878053265,2.1257684497989503e-51,1.3663260688566679,5.99466702843304e-49
price,Ready Mixed Concrete,286,2022-11-01,4.475293638001593,4.80121210051885,0.3259184625172571,7.2826162678968585,-18.48269285573865,1.2798804798673825e-50,1.361124416566173,3.609262953226019e-48
price,Ready Mixed Concrete,287,2022-12-01,4.476328775517169,4.801882658554824,0.32555388303765476,7.272787575797359,-18.376023679713448,8.0307321647755e-50,1.3564641941354076,2.264666470466691e-47
price,Ready Mixed Concrete,288,2023-01-01,4.4773508444371295,4.802625468890279,0.3252746244531499,7.264890238773368,-18.271554601524933,5.3541337559451415e-49,1.3522497268334097,1.50986571917653e-46
price,Ready Mixed Concrete,289,2023-02-01,4.478354090772865,4.803487333120177,0.3251332423473121,7.260105738784968,-18.1746850036578,3.5848446091980754e-48,1.3487338520543712,1.0109261797938573e-45
price,Ready Mixed Concrete,290,2023-03-01,4.4793650481260725,4.804286223368098,0.32492117524202513,7.253732878456844,-18.06304076663508,3.051196578068988e-47,1.3448725554096381,8.604374350154546e-45
price,Ready Mixed Concrete,291,2023-04-01,4.480331020711187,4.805409893957174,0.32507887324598705,7.2556887369091205,-17.984523001045293,1.9813554082007296e-46,1.3428355440721162,5.587422251126058e-44
price,Ready Mixed Concrete,292,2023-05-01,4.481302085288008,4.806502736504917,0.32520065121690855,7.25683395200099,-17.89349566085753,1.6024848599300463e-45,1.3406090058077131,4.51900730500273e-43
price,Ready Mixed Concrete,293,2023-06-01,4.482278149964379,4.8075625662627655,0.3252844162983868,7.257122503675322,-17.789213487816617,1.6241510928031836e-44,1.3381862581699187,4.5801060817049774e-42
price,Ready Mixed Concrete,294,2023-07-01,4.483238886718443,4.808752227668413,0.3255133409499704,7.260673570491659,-17.692096379133595,1.6526423403764644e-43,1.3364542522668479,4.66045139986163e-41
price,Ready Mixed Concrete,295,2023-08-01,4.484164087304227,4.810254489615379,0.32609040231115216,7.272044375771048,-17.628160091509667,1.2647084015018039e-42,1.3363739861343835,3.5664776922350867e-40
price,Ready Mixed Concrete,296,2023-09-01,4.485085940169069,4.811819841212969,0.32673390104390077,7.2848972216479835,-17.562367957322923,1.068749532980324e-41,1.3365739012445823,3.013873683004513e-39
price,Ready Mixed Concrete,297,2023-10-01,4.486007365535221,4.8134280402219565,0.32742067468673586,7.298710144843278,-17.49092154968777,1.0375298989323968e-40,1.3369389881068117,2.925834314989359e-38
price,Ready Mixed Concrete,298,2023-11-01,4.486916845970664,4.8151903997508505,0.3282735537801864,7.316238857312059,-17.429889233821623,9.679495445385016e-40,1.338045507247143,2.7296177155985743e-37
price,Ready Mixed Concrete,299,2023-12-01,4.487791386131546,4.817344788321071,0.329553402189525,7.3433315819432154,-17.419246736225947,5.586065859226817e-39,1.3411056948225597,1.5752705723019623e-36
price,Ready Mixed Concrete,300,2024-01-01,4.488660096024687,4.819642802795974,0.3309827067712865,7.373752961700448,-17.419755683142075,3.091774044994825e-38,1.344792520605573,8.718802806885407e-36
price,Ready Mixed Concrete,301,2024-02-01,4.489599868872456,4.821301805540549,0.3317019366680931,7.38822938248612,-17.301731956867588,6.513342759387791e-37,1.34509886528868,1.836762658147357e-34
price,Ready Mixed Concrete,302,2024-03-01,4.490530613096275,4.823109562007509,0.33257894891123385,7.406228296079172,-17.187715631332452,1.3738899517877936e-35,1.3460901053803784,3.8743696640415777e-33
price,Ready Mixed Concrete,303,2024-04-01,4.491455213793864,4.825051226360911,0.33359601256704696,7.427348079582952,-17.07447726465863,2.9754905755590335e-34,1.3476722279773174,8.390883423076474e-32
price,Ready Mixed Concrete,304,2024-05-01,4.492407014915039,4.8267530906582055,0.33434607574316644,7.442470698516831,-16.905792539197677,1.0954858707787344e-32,1.347974879314874,3.089270155596031e-30
price,Ready Mixed Concrete,305,2024-06-01,4.493385416613267,4.828190432969544,0.3348050163562766,7.4510638486164895,-16.68070331046075,6.309685085939531e-31,1.3469109508859851,1.7793311942349477e-28
price,Steel Reinforcement Bars (16-32mm High Tensile),24,2001-01-01,6.145041044017682,6.612413718619143,0.46737267460146104,7.605688412064513,-28.255022547369556,7.042615687675751e-90,1.7377077124950653,1.9860176239245618e-87
price,Steel Reinforcement Bars (16-32mm High Tensile),25,2001-02-01,6.144623017874421,6.613980352482038,0.46935733460761675,7.638504969992108,-28.488922421789972,1.0836574819419477e-90,1.7535678925765366,3.0559140990762925e-88
price,Steel Reinforcement Bars (16-32mm High Tensile),26,2001-03-01,6.143720370828134,6.615601491159048,0.4718811203309148,7.680706344831711,-28.72434546463477,1.750750220674793e-91,1.7721896747907973,4.937115622302916e-89
price,Steel Reinforcement Bars (16-32mm High Tensile),27,2001-04-01,6.143483194230497,6.617179989140788,0.4736967949102908,7.71055734888559,-28.94661312812623,3.696868717315474e-92,1.7878513513887933,1.0425169782829638e-89
price,Steel Reinforcement Bars (16-32mm High Tensile),28,2001-05-01,6.142624505455723,6.618828135103053,0.47620362964732976,7.752445704997559,-29.181075757283978,6.741871607025929e-93,1.8070710611144123,1.901207793181312e-90
price,Steel Reinforcement Bars (16-32mm High Tensile),29,2001-06-01,6.139999606781063,6.620663104176848,0.48066349739578484,7.828396224405884,-29.231517424728636,2.4710495496296544e-93,1.8361465400615118,6.968359729955625e-91
price,Steel Reinforcement Bars (16-32mm High Tensile),30,2001-07-01,6.137797711491592,6.622485505363781,0.4846877938721894,7.896770415954323,-29.382698121890687,7.13257073639392e-94,1.8638190735423263,2.0113849476630854e-91
price,Steel Reinforcement Bars (16-32mm High Tensile),31,2001-08-01,6.134570416961518,6.624441137217643,0.48987072025612477,7.985411967913477,-29.342845687445596,2.6406382356786697e-93,1.898066760787764,7.446599824613848e-91
price,Steel Reinforcement Bars (16-32mm High Tensile),32,2001-09-01,6.13177965216823,6.626384678135902,0.49460502596767153,8.06625570429258,-29.441206889753246,4.094946562743535e-93,1.9309975899095513,1.1547749306936768e-90
price,Steel Reinforcement Bars (16-32mm High Tensile),33,2001-10-01,6.1297896048329426,6.62827113129426,0.49848152646131716,8.132114780388168,-29.691883209413152,6.85439914764351e-94,1.9603391658052356,1.9329405596354698e-91
price,Steel Reinforcement Bars (16-32mm High Tensile),34,2001-11-01,6.127785304153422,6.6301854142319785,0.5024001100785567,8.198722460756404,-29.94961037247425,1.1267305546647078e-94,1.9907134031873088,3.177380164154476e-92
price,Steel Reinforcement Bars (16-32mm High Tensile),35,2001-12-01,6.12359100478197,6.6323860941915695,0.5087950894095998,8.308769952341313,-29.709149766302122,2.521772656497383e-91,2.0357325472111336,7.11139889132262e-89
price,Steel Reinforcement Bars (16-32mm High Tensile),36,2002-01-01,6.119704709087721,6.634592562675933,0.5148878535882124,8.413606179781967,-29.63385501600155,1.2275272858459039e-88,2.0806855883986386,3.4616269460854486e-86
price,Steel Reinforcement Bars (16-32mm High Tensile),37,2002-02-01,6.116091058617158,6.636806190392652,0.5207151317754937,8.513855120614028,-29.678438403835283,8.889591931718659e-87,2.125759286970274,2.5068649247446617e-84
price,Steel Reinforcement Bars (16-32mm High Tensile),38,2002-03-01,6.112736306498946,6.639026038722336,0.5262897322233897,8.609724120830279,-29.817226275917644,1.1055064861285486e-85,2.1710140037152574,3.117528290882507e-83
price,Steel Reinforcement Bars (16-32mm High Tensile),39,2002-04-01,6.109808182249741,6.641227023526262,0.5314188412765208,8.697799103094638,-30.067594257902645,1.3080331075170544e-85,2.215215562455261,3.6886533631980936e-83
price,Steel Reinforcement Bars (16-32mm High Tensile),40,2002-05-01,6.107383842014602,6.643393894045856,0.5360100520312541,8.776426468300118,-30.416468653265913,1.725081354467889e-86,2.25762088408688,4.864729419599447e-84
price,Steel Reinforcement Bars (16-32mm High Tensile),41,2002-06-01,6.1056732654351515,6.645491277062425,0.5398180116272737,8.841252850578156,-30.854610896776773,2.3791581341415046e-88,2.296369165008573,6.709225938279042e-86
price,Steel Reinforcement Bars (16-32mm High Tensile),42,2002-07-01,6.105329125311575,6.647415832259708,0.5420867069481332,8.878910470211036,-31.313196508190963,5.451208507042637e-91,2.3258715441631,1.5372407989860236e-88
price,Steel Reinforcement Bars (16-32mm High Tensile),43,2002-08-01,6.105682846768838,6.649251639522028,0.5435687927531898,8.902669961654649,-31.705524166306766,2.1607445454103825e-93,2.350663858164681,6.093299618057279e-91
price,Steel Reinforcement Bars (16-32mm High Tensile),44,2002-09-01,6.106398849148037,6.651042075494296,0.5446432263462588,8.919221292304668,-32.03959876110076,1.854712115589199e-95,2.3731127167603594,5.230288165961541e-93
price,Steel Reinforcement Bars (16-32mm High Tensile),45,2002-10-01,6.107397262555735,6.6527954601364,0.5453981975806652,8.930124800043462,-32.315400165064275,3.641859378018932e-97,2.3936876183949187,1.0270043446013387e-94
price,Steel Reinforcement Bars (16-32mm High Tensile),46,2002-11-01,6.108755186130824,6.654495930957268,0.5457407448264444,8.933747190679396,-32.50233599092741,2.3840936258187447e-98,2.4115492248769517,6.72314402480886e-96
price,Steel Reinforcement Bars (16-32mm High Tensile),47,2002-12-01,6.110524490478891,6.656130501418283,0.5456060109393919,8.928955473290834,-32.56816339216185,7.792488496242644e-99,2.4260186864587236,2.197481755940426e-96
price,Steel Reinforcement Bars (16-32mm High Tensile),48,2003-01-01,6.112340773184473,6.6577561200036435,0.54541534681917,8.92318290256277,-32.61576827914291,3.3423000658083534e-99,2.4401800526378663,9.425286185579558e-97
price,Steel Reinforcement Bars (16-32mm High Tensile),49,2003-02-01,6.115125592959461,6.659211490743304,0.5440858977838428,8.897378958336787,-32.30471242484856,1.641112734178251e-97,2.445420629293038,4.627937910382668e-95
price,Steel Reinforcement Bars (16-32mm High Tensile),50,2003-03-01,6.119620741097009,6.660351949639399,0.5407312085423897,8.836024835837419,-31.175786640103013,8.251750105367647e-91,2.4343062526808694,2.3269935297136765e-88
price,Steel Reinforcement Bars (16-32mm High Tensile),51,2003-04-01,6.124328418083329,6.661429511224489,0.5371010931411595,8.76995903020581,-30.04816043405833,2.795464720700824e-84,2.42052237467968,7.883210512376324e-82
price,Steel Reinforcement Bars (16-32mm High Tensile),52,2003-05-01,6.129016690300228,6.66248458654054,0.5334678962403121,8.703971994146753,-29.04205724237764,8.522337929892898e-79,2.406239423436755,2.403299296229797e-76
price,Steel Reinforcement Bars (16-32mm High Tensile),53,2003-06-01,6.133403351048995,6.663571138441463,0.5301677873924682,8.643941333188101,-28.26020605102425,6.755163285170087e-75,2.3941684085853607,1.9049560464179645e-72
price,Steel Reinforcement Bars (16-32mm High Tensile),54,2003-07-01,6.137389712177115,6.664712096001152,0.5273223838240364,8.591965127744501,-27.69334775239781,2.3180056721243083e-72,2.3853298029936782,6.536775995390549e-70
price,Steel Reinforcement Bars (16-32mm High Tensile),55,2003-08-01,6.140880159877901,6.665931542402173,0.5250513825242713,8.55009980417385,-27.33155843461257,5.391358769763659e-71,2.3807582946961308,1.5203631730733518e-68
price,Steel Reinforcement Bars (16-32mm High Tensile),56,2003-09-01,6.144213759047923,6.667166468785396,0.5229527097374733,8.51130397225157,-27.03139561081178,5.62163701392377e-70,2.377261420447558,1.585301637926503e-67
price,Steel Reinforcement Bars (16-32mm High Tensile),57,2003-10-01,6.147629518518075,6.668368865928029,0.520739347409954,8.470571394085594,-26.711208306182204,7.007544992997746e-69,2.3725048089021903,1.9761276880253644e-66
price,Steel Reinforcement Bars (16-32mm High Tensile),58,2003-11-01,6.151292081654664,6.669502361095263,0.5182102794405985,8.42441348194285,-26.319345616558195,1.8602815962832195e-67,2.3648058917553523,5.245994101518679e-65
price,Steel Reinforcement Bars (16-32mm High Tensile),59,2003-12-01,6.155248522848796,6.670553210722521,0.5153046878737255,8.371793372125781,-25.84424740765462,1.1528925219812817e-65,2.353626974206125,3.2511569119872143e-63
price,Steel Reinforcement Bars (16-32mm High Tensile),60,2004-01-01,6.16306943711481,6.670723765655531,0.5076543285407205,8.237037302931551,-23.82964402959383,1.4692860524354678e-56,2.3030349182206926,4.143386667868019e-54
price,Steel Reinforcement Bars (16-32mm High Tensile),61,2004-02-01,6.1729944170252,6.6703603104659654,0.4973658934407652,8.057125275685063,-21.291556724519427,1.7925068925137543e-46,2.2319205545788057,5.054869436888787e-44
price,Steel Reinforcement Bars (16-32mm High Tensile),62,2004-03-01,6.1841501430158745,6.669635351070514,0.4854852080546399,7.850475761862397,-18.893222542758572,1.9961470875593398e-38,2.1502271159598894,5.629134786917338e-36
price,Steel Reinforcement Bars (16-32mm High Tensile),63,2004-04-01,6.19495702119242,6.6689037101826205,0.47394668899020065,7.650524246881284,-17.148744837889286,2.0895180670325923e-33,2.073374548733136,5.89244094903191e-31
price,Steel Reinforcement Bars (16-32mm High Tensile),64,2004-05-01,6.205346890697616,6.668185646425694,0.462838755728078,7.458708818066493,-15.823490216450926,5.9112125731283425e-30,2.0016362537821726,1.6669619456221925e-27
price,Steel Reinforcement Bars (16-32mm High Tensile),65,2004-06-01,6.214505552779662,6.667685743483789,0.45318019070412685,7.292296818391701,-14.932786274762146,7.850003972209558e-28,1.9416104575077122,2.2137011201630955e-25
price,Steel Reinforcement Bars (16-32mm High Tensile),66,2004-07-01,6.2216639379002165,6.667612738835105,0.44594880093488865,7.167677415334561,-14.450127004919969,8.000569966827649e-27,1.8990023013419877,2.256160730645397e-24
price,Steel Reinforcement Bars (16-32mm High Tensile),67,2004-08-01,6.228816580593705,6.667486205528912,0.43866962493520756,7.042583759841511,-13.990057155039349,7.337194218143474e-26,1.8564881515555793,2.0690887695164597e-23
price,Steel Reinforcement Bars (16-32mm High Tensile),68,2004-09-01,6.236410988959744,6.667189449254273,0.4307784602945297,6.907473882929341,-13.488954055617977,8.926405658776097e-25,1.8104475410367888,2.5172463957748593e-22
price,Steel Reinforcement Bars (16-32mm High Tensile),69,2004-10-01,6.24367831147028,6.666918695258365,0.4232403837880847,6.778702596040999,-13.054864272210237,7.440281522916289e-24,1.767251657045139,2.0981593894623935e-21
price,Steel Reinforcement Bars (16-32mm High Tensile),70,2004-11-01,6.250384537690571,6.666741020444393,0.4163564827538222,6.6612938810907165,-12.704951364027886,3.850207653643813e-23,1.7286542499707123,1.0857585583275553e-20
price,Steel Reinforcement Bars (16-32mm High Tensile),71,2004-12-01,6.256566280477349,6.666653965405368,0.41008768492801906,6.5545167515868,-12.42200123322942,1.3748331323054732e-22,1.6942153819279533,3.877029433101434e-20
price,Steel Reinforcement Bars (16-32mm High Tensile),72,2005-01-01,6.262292628952661,6.666645401818956,0.4043527728662948,6.456944713775231,-12.189975241959495,3.723522411610523e-22,1.6632841655654176,1.0500333200741675e-19
price,Steel Reinforcement Bars (16-32mm High Tensile),73,2005-02-01,6.267598647854294,6.666711601791902,0.3991129539376077,6.367876699862451,-11.999766812850805,8.053593927061645e-22,1.635512074100786,2.2711134874313836e-19
price,Steel Reinforcement Bars (16-32mm High Tensile),74,2005-03-01,6.272739376602473,6.66678464486445,0.3940452682619764,6.281868966719363,-11.823774057284666,1.6356606951124921e-21,1.6088909473097643,4.612563160217228e-19
price,Steel Reinforcement Bars (16-32mm High Tensile),75,2005-04-01,6.277612725054251,6.666896582646326,0.3892838575920754,6.2011448402738365,-11.670358211568807,2.9603124953571676e-21,1.5841852020332896,8.348081236907213e-19
price,Steel Reinforcement Bars (16-32mm High Tensile),76,2005-05-01,6.28222797879492,6.667048254194757,0.38482027539983754,6.125538211901301,-11.537201044624696,4.829319260069113e-21,1.5613010712249755,1.3618680313394898e-18
price,Steel Reinforcement Bars (16-32mm High Tensile),77,2005-06-01,6.286658797208272,6.6672207729993875,0.3805619757911156,6.053485453355803,-11.416867925190846,7.410616039564937e-21,1.539665606322826,2.0897937231573123e-18
price,Steel Reinforcement Bars (16-32mm High Tensile),78,2005-07-01,6.290597878983279,6.667511699972962,0.3769138209896825,5.991701078985538,-11.333985601736039,9.194236925229755e-21,1.5215764540834102,2.592774812914791e-18
price,Steel Reinforcement Bars (16-32mm High Tensile),79,2005-08-01,6.2942076899788555,6.66787719301017,0.37366950303131485,5.936720258313723,-11.273460040583215,1.0073217268976116e-20,1.5057941343989576,2.8406472698512646e-18
price,Steel Reinforcement Bars (16-32mm High Tensile),80,2005-09-01,6.29790026884219,6.668190245786028,0.37028997694383836,5.879578290176905,-11.202599959842793,1.1870132068382214e-20,1.4892283151330166,3.347377243283784e-18
price,Steel Reinforcement Bars (16-32mm High Tensile),81,2005-10-01,6.301544025203921,6.668492035792628,0.36694801058870663,5.823144440807616,-11.13189462133861,1.411859555689647e-20,1.4728719632475535,3.981443947044805e-18
price,Steel Reinforcement Bars (16-32mm High Tensile),82,2005-11-01,6.305004660464513,6.668827422563678,0.363822762099165,5.770380541992507,-11.071846202846071,1.5874410071240625e-20,1.4577309247737744,4.476583640089856e-18
price,Steel Reinforcement Bars (16-32mm High Tensile),83,2005-12-01,6.308193323976811,6.669228894995169,0.36103557101835815,5.7232800657217995,-11.028931532951189,1.6181203327865598e-20,1.4444678204046348,4.563099338458099e-18
price,Steel Reinforcement Bars (16-32mm High Tensile),84,2006-01-01,6.3111167659442655,6.669698270790909,0.35858150484664364,5.68174410560114,-11.00216860134278,1.5015292825957496e-20,1.4330347532379333,4.234312576920014e-18
price,Steel Reinforcement Bars (16-32mm High Tensile),85,2006-02-01,6.3137918810841756,6.670233767598887,0.35644188651471165,5.645448776710472,-10.989984933179313,1.2785475010908344e-20,1.4233127721873844,3.605503953076153e-18
price,Steel Reinforcement Bars (16-32mm High Tensile),86,2006-03-01,6.316256656037372,6.670825862847001,0.35456920680962867,5.6135972003404095,-10.989487066171742,1.0155274973413546e-20,1.4150285816654662,2.86378754250262e-18
price,Steel Reinforcement Bars (16-32mm High Tensile),87,2006-04-01,6.318904432743961,6.6713370259471505,0.3524325932031891,5.577431925966739,-10.972796412817479,8.968162895567559e-21,1.4052412221964241,2.5290219365500518e-18
price,Steel Reinforcement Bars (16-32mm High Tensile),88,2006-05-01,6.3219219508819515,6.67169607965401,0.3497741287720588,5.532718238055168,-10.925374126556969,9.70659880436214e-21,1.3925460107985579,2.7372608628301235e-18
price,Steel Reinforcement Bars (16-32mm High Tensile),89,2006-06-01,6.32516856936379,6.671948465894211,0.3467798965304212,5.482539994428981,-10.85701161512305,1.2142860579199204e-20,1.3780026620329355,3.4242866833341752e-18
price,Steel Reinforcement Bars (16-32mm High Tensile),90,2006-07-01,6.328548510297941,6.672125904279449,0.34357739398150766,5.429007827346692,-10.77503524421589,1.677235742485492e-20,1.3623390184430832,4.729804793809088e-18
price,Steel Reinforcement Bars (16-32mm High Tensile),91,2006-08-01,6.331854166815957,6.672304827504728,0.34045066068877095,5.376792511631238,-10.696042843747868,2.292423807506027e-20,1.347113789193781,6.464635137166996e-18
price,Steel Reinforcement Bars (16-32mm High Tensile),92,2006-09-01,6.334914276072084,6.672552393089288,0.33763811701720403,5.329797725795809,-10.633323471445003,2.835541931737997e-20,1.3336027351831001,7.996228247501152e-18
price,Steel Reinforcement Bars (16-32mm High Tensile),93,2006-10-01,6.33789413369317,6.672807715276022,0.33491358158285234,5.284303816348129,-10.573848988186533,3.4587977497684703e-20,1.3205727978153536,9.753809654347086e-18
price,Steel Reinforcement Bars (16-32mm High Tensile),94,2006-11-01,6.340781954006725,6.6730766071069905,0.3322946531002655,5.240594228134424,-10.518518844882491,4.1337138829500364e-20,1.3081131860852868,1.1657073149919103e-17
price,Steel Reinforcement Bars (16-32mm High Tensile),95,2006-12-01,6.343623154961578,6.673342056308647,0.3297189013470696,5.197643259896113,-10.463898593865565,4.951481199391095e-20,1.295887976968025,1.3963176982282887e-17
price,Steel Reinforcement Bars (16-32mm High Tensile),96,2007-01-01,6.346475028117962,6.673581112198965,0.32710608408100317,5.154138047211476,-10.40569465468372,6.119037571276342e-20,1.2834738964712622,1.7255685950999283e-17
price,Steel Reinforcement Bars (16-32mm High Tensile),97,2007-02-01,6.34932979800848,6.673796534536736,0.3244667365282563,5.1102517407432195,-10.3445552231415,7.768607212903088e-20,1.2709315718184917,2.1907472340386707e-17
price,Steel Reinforcement Bars (16-32mm High Tensile),98,2007-03-01,6.352325053400094,6.67392986086497,0.3216048074648761,5.062788896370102,-10.269966256457103,1.0892180084014485e-19,1.2572443752717828,3.0715947836920846e-17
price,Steel Reinforcement Bars (16-32mm High Tensile),99,2007-04-01,6.355507391766216,6.673958230168947,0.3184508384027307,5.010628086363254,-10.178212212456293,1.7320976695979114e-19,1.2420760043181696,4.88451542826611e-17
price,Steel Reinforcement Bars (16-32mm High Tensile),100,2007-05-01,6.3590071174832765,6.673821179154586,0.3148140616713091,4.950679498467113,-10.058725643934693,3.3653371779606326e-19,1.224481110636923,9.490250841848984e-17
price,Steel Reinforcement Bars (16-32mm High Tensile),101,2007-06-01,6.362772756194899,6.673535085494312,0.31076232929941305,4.884070847836735,-9.915577911686203,7.768488047141817e-19,1.2048681790005795,2.1907136292939923e-16
price,Steel Reinforcement Bars (16-32mm High Tensile),102,2007-07-01,6.366859110940622,6.673069972096222,0.30621086115560026,4.809449303337286,-9.744345443858109,2.195260853050818e-18,1.1828728267201536,6.190635605603307e-16
price,Steel Reinforcement Bars (16-32mm High Tensile),103,2007-08-01,6.370738363289407,6.672658729229398,0.30192036593999116,4.739173840190487,-9.589598666573888,5.550565507852666e-18,1.1623567727289283,1.5652594732144518e-15
price,Steel Reinforcement Bars (16-32mm High Tensile),104,2007-09-01,6.374446175419537,6.672288410222346,0.29784223480280847,4.6724409714418185,-9.44758024006282,1.2900760612064973e-17,1.1430405983310814,3.638014492602322e-15
price,Steel Reinforcement Bars (16-32mm High Tensile),105,2007-10-01,6.37813529968695,6.671890562163345,0.2937552624763944,4.6056605680787674,-9.305680020019203,3.0076555358710527e-17,1.123814703069512,8.481588611156369e-15
price,Steel Reinforcement Bars (16-32mm High Tensile),106,2007-11-01,6.382259598638875,6.671250292402506,0.2889906937636315,4.5280310099774645,-9.127658628340034,9.015814355480257e-17,1.1014500993535605,2.5424596482454323e-14
price,Steel Reinforcement Bars (16-32mm High Tensile),107,2007-12-01,6.387049617460851,6.670247864957719,0.28319824749686795,4.4339446921261345,-8.894520794689788,3.9377958969075133e-16,1.0743874023339584,1.1104584429279188e-13
price,Steel Reinforcement Bars (16-32mm High Tensile),108,2008-01-01,6.39236302713603,6.668938630735095,0.2765756035990652,4.326656706213059,-8.61925085125684,2.2641794098308e-15,1.0437493045303368,6.384985935722857e-13
price,Steel Reinforcement Bars (16-32mm High Tensile),109,2008-02-01,6.399031243853572,6.666901255085262,0.2678700112316905,4.186102568087729,-8.230761661882696,2.7058505470828625e-14,1.003949788151531,7.630498542773672e-12
price,Steel Reinforcement Bars (16-32mm High Tensile),110,2008-03-01,6.405952313352734,6.664658311295826,0.2587059979430917,4.038525191700821,-7.833071697001909,3.2211666226560677e-13,0.9628296753764585,9.08368987589011e-11
price,Steel Reinforcement Bars (16-32mm High Tensile),111,2008-04-01,6.413528762099974,6.661999499364317,0.2484707372643431,3.874165790487336,-7.393557242034805,4.627640406829735e-12,0.91778147023172,1.3049945947259852e-09
price,Steel Reinforcement Bars (16-32mm High Tensile),112,2008-05-01,6.421581344319024,6.6590021669273,0.2374208226082759,3.6972329692329575,-6.932742758975808,6.842888480107658e-11,0.8701657534039872,1.9296945513903597e-08
price,Steel Reinforcement Bars (16-32mm High Tensile),113,2008-06-01,6.429859791419124,6.655785375684428,0.22592558426530474,3.5136937910654047,-6.474215611387151,8.900951460146014e-10,0.8217017554641128,2.510068311761176e-07
price,Steel Reinforcement Bars (16-32mm High Tensile),114,2008-07-01,6.43848599238174,6.652278610288721,0.21379261790698045,3.3205417882394705,-6.009243657168153,1.0625761751300184e-08,0.7716498185058029,2.9964648138666517e-06
price,Steel Reinforcement Bars (16-32mm High Tensile),115,2008-08-01,6.447250600186915,6.648584948522729,0.20133434833581454,3.1227938980683887,-5.554505121504497,1.0575242615545836e-07,0.7213529492957653,2.9822184175839256e-05
price,Steel Reinforcement Bars (16-32mm High Tensile),116,2008-09-01,6.455809137937421,6.6448865558558,0.18907741791837918,2.928795041465366,-5.132032203431545,7.935306979624029e-07,0.672873958456405,0.00022377565682539762
price,Steel Reinforcement Bars (16-32mm High Tensile),117,2008-10-01,6.462930334775917,6.641862599930046,0.17893226515412852,2.7685934380465893,-4.813093158787967,3.3434228982489776e-06,0.6334593034408008,0.0009428452573062117
price,Steel Reinforcement Bars (16-32mm High Tensile),118,2008-11-01,6.4688711512976695,6.639399939154514,0.17052878785684467,2.6361444503750273,-4.567346310623107,9.643615530111399e-06,0.6012627101661063,0.0027194995794914143
price,Steel Reinforcement Bars (16-32mm High Tensile),119,2008-12-01,6.47310421936493,6.637820762319694,0.16471654295476412,2.544629861852036,-4.414763275448081,1.816893405679289e-05,0.5792340304268635,0.0051236394040155946
price,Steel Reinforcement Bars (16-32mm High Tensile),120,2009-01-01,6.475967816541848,6.636968785566001,0.16100096902415295,2.48612985093751,-4.330269681839822,2.5538883729528854e-05,0.5652637040747509,0.007201965211727137
price,Steel Reinforcement Bars (16-32mm High Tensile),121,2009-02-01,6.478304240008179,6.63638645891336,0.15808221890518048,2.440178988953765,-4.269825213681903,3.243298508828781e-05,0.5543459610019403,0.009146101794897162
price,Steel Reinforcement Bars (16-32mm High Tensile),122,2009-03-01,6.480360686041439,6.635940284888589,0.15557959884715,2.4007861041170933,-4.221287983558339,3.918839180371299e-05,0.545020928874155,0.011051126488647063
price,Steel Reinforcement Bars (16-32mm High Tensile),123,2009-04-01,6.481663187816725,6.635917926823308,0.15425473900658293,2.3798635402180146,-4.207491562682031,4.114384560965395e-05,0.540122769765408,0.011602564461922414
price,Steel Reinforcement Bars (16-32mm High Tensile),124,2009-05-01,6.482551475792496,6.636132038619477,0.1535805628269813,2.369137574926946,-4.21231092326343,4.008457451443515e-05,0.5376608627675746,0.011303850013070712
price,Steel Reinforcement Bars (16-32mm High Tensile),125,2009-06-01,6.48340137531808,6.636362980678642,0.15296160536056203,2.359280206573014,-4.218236417416098,3.887958221195665e-05,0.5354045364267424,0.010964042183771776
price,Steel Reinforcement Bars (16-32mm High Tensile),126,2009-07-01,6.484149953815475,6.6366504351624105,0.1525004813469355,2.3518962768157374,-4.22833080226195,3.708012539379086e-05,0.5337369554457949,0.010456595361049023
price,Steel Reinforcement Bars (16-32mm High Tensile),127,2009-08-01,6.4851315290945,6.636787580093007,0.15165605099850765,2.338519277799181,-4.226504783081469,3.711336672992554e-05,0.5306365022971319,0.010465969417839003
price,Steel Reinforcement Bars (16-32mm High Tensile),128,2009-09-01,6.48658872907426,6.636614978378104,0.15002624930384378,2.3128682204159863,-4.200202018843651,4.1026220677569964e-05,0.5246080197210945,0.011569394231074729
price,Steel Reinforcement Bars (16-32mm High Tensile),129,2009-10-01,6.488046860216865,6.636425562118938,0.14837870190207347,2.286954843250221,-4.1726224426991205,4.5579783572726796e-05,0.5185217926958459,0.012853498967508956
price,Steel Reinforcement Bars (16-32mm High Tensile),130,2009-11-01,6.4892468852606715,6.636387439349973,0.14714055408930182,2.267451935347213,-4.156907484294653,4.8270635634115584e-05,0.5139645273566309,0.013612319248820594
price,Steel Reinforcement Bars (16-32mm High Tensile),131,2009-12-01,6.4901131194815465,6.636556604531657,0.14644348505011084,2.2564088229915056,-4.157069470116798,4.7961726831904474e-05,0.5114189474107256,0.013525206966597062
price,Steel Reinforcement Bars (16-32mm High Tensile),132,2010-01-01,6.4908146672126446,6.636828519605117,0.1460138523924721,2.249545856393631,-4.164839794159045,4.62193403696781e-05,0.5098655034966888,0.013033853984249224
price,Steel Reinforcement Bars (16-32mm High Tensile),133,2010-02-01,6.491709956793543,6.6369652725905635,0.14525531579702022,2.2375509189995655,-4.162102731035704,4.647114698448303e-05,0.5070910272209836,0.013104863449624216
price,Steel Reinforcement Bars (16-32mm High Tensile),134,2010-03-01,6.492857501970195,6.636921824948347,0.14406432297815197,2.218812332388891,-4.145455899236288,4.942956176776535e-05,0.5027147703565112,0.013939136418509829
price,Steel Reinforcement Bars (16-32mm High Tensile),135,2010-04-01,6.494226801851725,6.636712639507177,0.1424858376554523,2.1940385207185056,-4.116075576933434,5.534243016703263e-05,0.49690928323031763,0.015606565307103202
price,Steel Reinforcement Bars (16-32mm High Tensile),136,2010-05-01,6.496630336192935,6.635762150678572,0.13913181448563616,2.1415996799221957,-4.029351622779905,7.785491178697072e-05,0.484566960699179,0.021955085123925744
price,Steel Reinforcement Bars (16-32mm High Tensile),137,2010-06-01,6.498905051844676,6.634868346379075,0.13596329453439893,2.092095413762147,-3.94801174726389,0.00010671237955468199,0.47295050789926996,0.03009289103442032
price,Steel Reinforcement Bars (16-32mm High Tensile),138,2010-07-01,6.500505287191043,6.634426319382907,0.13392103219186424,2.060163422307335,-3.9019536577269998,0.0001270771685763406,0.4654930802827547,0.03583576153852805
price,Steel Reinforcement Bars (16-32mm High Tensile),139,2010-08-01,6.502052916644324,6.634001191310583,0.13194827466625902,2.0293325255549726,-3.8574251556775474,0.00015025809195293847,0.4583042820057175,0.042372781930728645
price,Steel Reinforcement Bars (16-32mm High Tensile),140,2010-09-01,6.503605220151179,6.63355185333009,0.12994663317891053,1.9980707435358425,-3.811330617623128,0.00017852402517425206,0.45102380049284996,0.05034377509913908
price,Steel Reinforcement Bars (16-32mm High Tensile),141,2010-10-01,6.505189243895905,6.633057669653753,0.12786842575784796,1.965637292993933,-3.762169679236947,0.00021430084209415076,0.4434788491181,0.06043283747055052
price,Steel Reinforcement Bars (16-32mm High Tensile),142,2010-11-01,6.506787986590069,6.63253025988347,0.12574227329340104,1.932478414119917,-3.710856916065206,0.000258929369119045,0.43577501130036855,0.07301808209157068
price,Steel Reinforcement Bars (16-32mm High Tensile),143,2010-12-01,6.508448872906426,6.631932588921194,0.1234837160147686,1.8972833377982037,-3.6547207487192126,0.00031793410171371245,0.42760762205709446,0.0896574166832669
price,Steel Reinforcement Bars (16-32mm High Tensile),144,2011-01-01,6.510234752343333,6.631213863529259,0.12097911118592553,1.8582910722594077,-3.590150390584255,0.0004017286817803373,0.4185696390346411,0.1132874882620551
price,Steel Reinforcement Bars (16-32mm High Tensile),145,2011-02-01,6.512619621936106,6.62999858255755,0.11737896062144415,1.802330973331882,-3.4899218443778084,0.0005751097545829148,0.405611132611887,0.16218095079238198
price,Steel Reinforcement Bars (16-32mm High Tensile),146,2011-03-01,6.514947978248285,6.6287890115740895,0.1138410333258042,1.7473820774300848,-3.39126148380041,0.0008126010453300237,0.39292120949583803,0.22915349478306668
price,Steel Reinforcement Bars (16-32mm High Tensile),147,2011-04-01,6.5170824278632065,6.627696535836016,0.11061410797280935,1.6972949045402368,-3.3020967116709916,0.0011032308137404643,0.3813848533125504,0.3111110894748109
price,Steel Reinforcement Bars (16-32mm High Tensile),148,2011-05-01,6.519148430187724,6.626624259813732,0.10747582962600788,1.648617618956607,-3.2152710470759716,0.0014770422213084126,0.3701985278470002,0.41652590640897236
price,Steel Reinforcement Bars (16-32mm High Tensile),149,2011-06-01,6.521183777849652,6.625542541736376,0.10435876388672405,1.6003039853162389,-3.128635489017313,0.0019647360684526254,0.3591190276948123,0.5540555713036404
price,Steel Reinforcement Bars (16-32mm High Tensile),150,2011-07-01,6.523170170134825,6.624466985742547,0.1012968156077223,1.5528770975727686,-3.043269420631133,0.0025875407192232553,0.3482649363226566,0.729686482820958
price,Steel Reinforcement Bars (16-32mm High Tensile),151,2011-08-01,6.525238626721842,6.623287990608289,0.0980493638864468,1.502617291035454,-2.9515639288555815,0.0034562470815546454,0.3367838425188214,0.97466167699841
price,Steel Reinforcement Bars (16-32mm High Tensile),152,2011-09-01,6.527393444773998,6.621998760383338,0.09460531560934005,1.4493582531796598,-2.8532039209990425,0.004679824715398089,0.32464120980420796,1.0
price,Steel Reinforcement Bars (16-32mm High Tensile),153,2011-10-01,6.529516641664703,6.620697947904986,0.09118130624028353,1.3964480258532097,-2.7550669288721865,0.006282904617612756,0.31260261800462674,1.0
price,Steel Reinforcement Bars (16-32mm High Tensile),154,2011-11-01,6.531604022334952,6.619389565422156,0.08778554308720388,1.3440120189010147,-2.6574122147092,0.008357440274845517,0.30069502704455864,1.0
price,Steel Reinforcement Bars (16-32mm High Tensile),155,2011-12-01,6.533508268124873,6.618204579397298,0.08469631127242483,1.2963374009279827,-2.5689784765737116,0.010747840805968563,0.28988891535222044,1.0
price,Steel Reinforcement Bars (16-32mm High Tensile),156,2012-01-01,6.535326637564783,6.617061077550438,0.081734439985655,1.2506557746608848,-2.4841076057949922,0.013599795004784008,0.27955107332991547,1.0
price,Steel Reinforcement Bars (16-32mm High Tensile),157,2012-02-01,6.5371099773802355,6.615915124307429,0.07880514692719309,1.205504377314675,-2.399827263427962,0.01707971427197686,0.26934800741065357,1.0
price,Steel Reinforcement Bars (16-32mm High Tensile),158,2012-03-01,6.538921907462412,6.6147088463652395,0.0757869389028274,1.159012754324793,-2.312343138402491,0.02150313264419706,0.25885631352699173,1.0
price,Steel Reinforcement Bars (16-32mm High Tensile),159,2012-04-01,6.540701458609346,6.613497374473662,0.07279591586431522,1.1129680252948397,-2.2252999777620555,0.026870812003269476,0.24847948668925954,1.0
price,Steel Reinforcement Bars (16-32mm High Tensile),160,2012-05-01,6.542425304483961,6.612303142567342,0.06987783808338044,1.0680723864816384,-2.1401331597460604,0.03321410731710258,0.23837451112990213,1.0
price,Steel Reinforcement Bars (16-32mm High Tensile),161,2012-06-01,6.544135896204273,6.611087003934875,0.06695110773060176,1.0230702539266445,-2.0542995232453367,0.04087277430595875,0.22825742694608342,1.0
price,Steel Reinforcement Bars (16-32mm High Tensile),162,2012-07-01,6.545740366244021,6.609938354894945,0.06419798865092385,0.9807597774881038,-1.9734947916212016,0.04941108224022352,0.21875615235652726,1.0
price,Steel Reinforcement Bars (16-32mm High Tensile),163,2012-08-01,6.547286921049907,6.608813262411661,0.06152634136175372,0.9397226989387462,-1.894848606548417,0.059121511185126596,0.2095499420989541,1.0
price,Steel Reinforcement Bars (16-32mm High Tensile),164,2012-09-01,6.548784594929501,6.60770427340629,0.05891967847678892,0.8997040232840824,-1.8178555365815359,0.07012356717555197,0.20058029763100244,1.0
price,Steel Reinforcement Bars (16-32mm High Tensile),165,2012-10-01,6.550087533314496,6.606758423981759,0.05667089066726305,0.8651928753475188,-1.75166286305396,0.08088480318838841,0.19285173409399084,1.0
price,Steel Reinforcement Bars (16-32mm High Tensile),166,2012-11-01,6.5512702115991885,6.605906877002543,0.0546366654033541,0.8339858323446728,-1.6918188571034571,0.09174068172471794,0.18586792886117184,1.0
price,Steel Reinforcement Bars (16-32mm High Tensile),167,2012-12-01,6.552339396382963,6.60514664882164,0.052807252438677565,0.8059297488135053,-1.6380412070205472,0.1024736649705553,0.17959301843484984,1.0
price,Steel Reinforcement Bars (16-32mm High Tensile),168,2013-01-01,6.553327906566703,6.60444749784368,0.05111959127697663,0.7800554467258186,-1.588383004892146,0.11325577229987531,0.17380897260958283,1.0
price,Steel Reinforcement Bars (16-32mm High Tensile),169,2013-02-01,6.554294699022334,6.60375017900067,0.049455479978336214,0.7545507525884242,-1.539167069058776,0.12481111752064819,0.1681098762518125,1.0
price,Steel Reinforcement Bars (16-32mm High Tensile),170,2013-03-01,6.5552029325468135,6.603094277630774,0.047891345083960424,0.7305852401026093,-1.4927990512860103,0.1365254936307907,0.1627568775467373,1.0
price,Steel Reinforcement Bars (16-32mm High Tensile),171,2013-04-01,6.556037407046503,6.602498027351762,0.046460620305259326,0.7086692375385614,-1.4503448850762448,0.14798361169516733,0.15786349336996058,1.0
price,Steel Reinforcement Bars (16-32mm High Tensile),172,2013-05-01,6.556800898594696,6.601960939212622,0.045160040617926,0.6887511351397759,-1.4117227759481008,0.15903677927007567,0.15341767251718458,1.0
price,Steel Reinforcement Bars (16-32mm High Tensile),173,2013-06-01,6.557375530701932,6.601615389442344,0.04423985874041225,0.674658002020461,-1.3848144374744888,0.16709973423196922,0.15027348659679265,1.0
price,Steel Reinforcement Bars (16-32mm High Tensile),174,2013-07-01,6.557745050226025,6.601486821888166,0.043741771662141105,0.6670245843216102,-1.370981090929621,0.17136016724093178,0.14857190700752582,1.0
price,Steel Reinforcement Bars (16-32mm High Tensile),175,2013-08-01,6.558039161157277,6.601436966137796,0.04339780498051926,0.661749707710818,-1.3618280991831608,0.1742220161503304,0.14739692898179693,1.0
price,Steel Reinforcement Bars (16-32mm High Tensile),176,2013-09-01,6.558420342519072,6.60128313422419,0.04286279170511875,0.6535535916664845,-1.346482098847007,0.17910591233347903,0.1455697927647004,1.0
price,Steel Reinforcement Bars (16-32mm High Tensile),177,2013-10-01,6.558772429008081,6.601155967447397,0.042383538439316304,0.6462114503601736,-1.3327233475604905,0.183571174191874,0.14393335362672527,1.0
price,Steel Reinforcement Bars (16-32mm High Tensile),178,2013-11-01,6.558960349510139,6.601214741717613,0.04225439220747429,0.6442239311696722,-1.3298645956942377,0.18450551045033267,0.14349217249699844,1.0
price,Steel Reinforcement Bars (16-32mm High Tensile),179,2013-12-01,6.559082234842053,6.60135008554407,0.04226785070201622,0.644417148446288,-1.3313723021449437,0.18400534584952308,0.14353774284418822,1.0
price,Steel Reinforcement Bars (16-32mm High Tensile),180,2014-01-01,6.559185017731316,6.601508531748301,0.042323514016985087,0.645255681957023,-1.3340754488384663,0.18311510208225926,0.14372734706758192,1.0
price,Steel Reinforcement Bars (16-32mm High Tensile),181,2014-02-01,6.559321908901408,6.601626291561926,0.04230438266051806,0.6449505489753198,-1.33426470793215,0.1830499316005885,0.1436616193363664,1.0
price,Steel Reinforcement Bars (16-32mm High Tensile),182,2014-03-01,6.559396194164725,6.601820781188529,0.04242458702380425,0.6467757971617174,-1.3387297256603543,0.18159039124574794,0.1440714740518727,1.0
price,Steel Reinforcement Bars (16-32mm High Tensile),183,2014-04-01,6.559396617062193,6.602108857357148,0.04271224029495535,0.651161117226133,-1.3483720101941319,0.17847165307615948,0.14505293220589727,1.0
price,Steel Reinforcement Bars (16-32mm High Tensile),184,2014-05-01,6.559282663803647,6.602545019274048,0.043262355470401026,0.6595592488967951,-1.366226054345064,0.17280505398731835,0.14693056887477685,1.0
price,Steel Reinforcement Bars (16-32mm High Tensile),185,2014-06-01,6.5590289170086375,6.603167126257131,0.04413820924849343,0.6729381712898965,-1.3943329991150284,0.16416105355163593,0.1499210245102598,1.0
price,Steel Reinforcement Bars (16-32mm High Tensile),186,2014-07-01,6.558633053493558,6.603984965306114,0.04535191181255538,0.6914842078014712,-1.4331163680122565,0.15277704214291285,0.15406675141702508,1.0
price,Steel Reinforcement Bars (16-32mm High Tensile),187,2014-08-01,6.558027541489138,6.6050939349329605,0.04706639344382246,0.7176913049855086,-1.487860537332603,0.13774869767442882,0.15992645798229924,1.0
price,Steel Reinforcement Bars (16-32mm High Tensile),188,2014-09-01,6.557352767536381,6.606318751105933,0.04896598356955195,0.7467340145549106,-1.5484850096159126,0.12247096860728884,0.16642340349499338,1.0
price,Steel Reinforcement Bars (16-32mm High Tensile),189,2014-10-01,6.556604419322575,6.607669132637697,0.05106471331512186,0.7788286443609761,-1.6154718285259493,0.10717239638933286,0.17360726369108714,1.0
price,Steel Reinforcement Bars (16-32mm High Tensile),190,2014-11-01,6.555776292223796,6.609157767366863,0.053381475143067014,0.8142662708974072,-1.689473761443114,0.09208299286733526,0.18154483682849332,1.0
price,Steel Reinforcement Bars (16-32mm High Tensile),191,2014-12-01,6.554995866379436,6.610614190470574,0.05561832409113876,0.8484875539953437,-1.7608215297815184,0.07920662784559913,0.18921610786916906,1.0
price,Steel Reinforcement Bars (16-32mm High Tensile),192,2015-01-01,6.554279996983808,6.612013214007181,0.05773321702337331,0.8808475843256828,-1.8281091621193724,0.06845000298220136,0.19647608178406645,1.0
price,Steel Reinforcement Bars (16-32mm High Tensile),193,2015-02-01,6.553462118917438,6.613586817538807,0.06012469862136882,0.9174493959125956,-1.9043430956441787,0.05775145358572233,0.20469432654221706,1.0
price,Steel Reinforcement Bars (16-32mm High Tensile),194,2015-03-01,6.5525651200615505,6.615308453396628,0.06274333333507798,0.9575384934822075,-1.9879806336423558,0.047658531458964565,0.2137042531450615,1.0
price,Steel Reinforcement Bars (16-32mm High Tensile),195,2015-04-01,6.5514633004487015,6.617364736047299,0.0659014355985974,1.0059040641208186,-2.0894979539822596,0.037448523649697425,0.2245867319650927,1.0
price,Steel Reinforcement Bars (16-32mm High Tensile),196,2015-05-01,6.550164636369429,6.619756076309507,0.0695914399400781,1.0624380271859957,-2.209008802733226,0.027881084572041803,0.23732583996112624,1.0
price,Steel Reinforcement Bars (16-32mm High Tensile),197,2015-06-01,6.5486496442374715,6.622523331121054,0.07387368688358276,1.1280751131431868,-2.3490664870369113,0.01942899609358364,0.25214347495132666,1.0
price,Steel Reinforcement Bars (16-32mm High Tensile),198,2015-07-01,6.547028796223986,6.625514252284338,0.07848545606035184,1.1987950336436355,-2.501231572328103,0.012877233260244371,0.26814423347023364,1.0
price,Steel Reinforcement Bars (16-32mm High Tensile),199,2015-08-01,6.545219763733676,6.628861450159395,0.08364168642571901,1.2779049358918115,-2.6736139973634927,0.007890714365830904,0.28609039926591157,1.0
price,Steel Reinforcement Bars (16-32mm High Tensile),200,2015-09-01,6.543298646559875,6.632460412630055,0.08916176607017956,1.3626424665341565,-2.860677960819275,0.004506845002815766,0.3053730370711948,1.0
price,Steel Reinforcement Bars (16-32mm High Tensile),201,2015-10-01,6.541270120413218,6.636312315897872,0.09504219548465365,1.4529624023331076,-3.063150614743078,0.002377098944199836,0.3259996357389577,0.6703419022643538
price,Steel Reinforcement Bars (16-32mm High Tensile),202,2015-11-01,6.539126992582358,6.640436956658171,0.10130996407581261,1.5492888300033523,-3.2831118748675996,0.0011406204604382797,0.34808841225446896,0.3216549698435949
price,Steel Reinforcement Bars (16-32mm High Tensile),203,2015-12-01,6.536723152960125,6.6450770307321,0.10835387777197525,1.6576176661682192,-3.537447545039705,0.0004637507759728854,0.373050107074075,0.13077771882435368
price,Steel Reinforcement Bars (16-32mm High Tensile),204,2016-01-01,6.534014647985503,6.65032218067333,0.11630753268782712,1.7800317102699763,-3.835458169591607,0.00015077894048355736,0.40142454012183687,0.04251966121636318
price,Steel Reinforcement Bars (16-32mm High Tensile),205,2016-02-01,6.531264532193653,6.655762830833465,0.12449829863981243,1.9061898048400934,-4.152911654917418,4.20249744475353e-05,0.43086878966642556,0.011851042794204954
price,Steel Reinforcement Bars (16-32mm High Tensile),206,2016-03-01,6.52876992732326,6.660911112300732,0.1321411849774723,2.0239828704095424,-4.456152154609504,1.1492573589293713e-05,0.4585606229432108,0.0032409057521808273
price,Steel Reinforcement Bars (16-32mm High Tensile),207,2016-04-01,6.5267066104734175,6.665457842161664,0.13875123168824643,2.125899630076708,-4.721375188664807,3.4833884680359282e-06,0.4826857318795269,0.0009823155479861318
price,Steel Reinforcement Bars (16-32mm High Tensile),208,2016-05-01,6.525526923550302,6.668606416847701,0.14307949329739866,2.1926121058673727,-4.890763625309194,1.5803047793934345e-06,0.4985606273134176,0.00044564594778894855
price,Steel Reinforcement Bars (16-32mm High Tensile),209,2016-06-01,6.524478745696244,6.671599381019566,0.1471206353233221,2.2549025149383404,-5.049823958196111,7.375450651355853e-07,0.5134453943258065,0.00020798770836823505
price,Steel Reinforcement Bars (16-32mm High Tensile),210,2016-07-01,6.522936999255929,6.6755234425844785,0.15258644332854931,2.3392291439570063,-5.275794176339092,2.4147435985465803e-07,0.5337039059090007,6.809576947901357e-05
price,Steel Reinforcement Bars (16-32mm High Tensile),211,2016-08-01,6.521372233400749,6.679580182406086,0.1582079490053374,2.425991698419514,-5.514436146900288,7.123849349526134e-08,0.5546766016913605,2.0089255165663698e-05
price,Steel Reinforcement Bars (16-32mm High Tensile),212,2016-09-01,6.519928062104019,6.683515540574833,0.16358747847081379,2.5090380892641804,-5.746989850216278,2.083137783356333e-08,0.5748763769581671,5.87444854906486e-06
price,Steel Reinforcement Bars (16-32mm High Tensile),213,2016-10-01,6.518456925318202,6.687591947530814,0.169135022212612,2.59470951715088,-5.9939192165188855,5.410398184644845e-09,0.5958504498568038,1.5257322880698462e-06
price,Steel Reinforcement Bars (16-32mm High Tensile),214,2016-11-01,6.516976871800786,6.691780451625122,0.17480357982433592,2.6822801931478053,-6.254131991085097,1.2478740038990252e-09,0.6174374604010668,3.5190046909952513e-07
price,Steel Reinforcement Bars (16-32mm High Tensile),215,2016-12-01,6.51603995061567,6.695052118013161,0.1790121673974907,2.74725398791603,-6.444097407629814,4.1571905321489736e-10,0.633537975288205,1.1723277300660106e-07
price,Steel Reinforcement Bars (16-32mm High Tensile),216,2017-01-01,6.515856232274149,6.69697049809356,0.18111426581941092,2.7795927252403305,-6.533421587272861,2.4625772164566974e-10,0.6415495077611816,6.944467750407887e-08
price,Steel Reinforcement Bars (16-32mm High Tensile),217,2017-02-01,6.515645029407848,6.698978863472384,0.18333383406453585,2.8137480362584686,-6.628348185677947,1.4041375373130841e-10,0.6500320762152159,3.959667855222897e-08
price,Steel Reinforcement Bars (16-32mm High Tensile),218,2017-03-01,6.515449954931545,6.700995471239336,0.18554551630779148,2.8477774764788433,-6.723082855620458,7.974072100755319e-11,0.6585009376590867,2.248688332413e-08
price,Steel Reinforcement Bars (16-32mm High Tensile),219,2017-04-01,6.515223396387854,6.703114046350832,0.187890649962978,2.8838711818714864,-6.824428184250457,4.327251538511111e-11,0.6675079027801306,1.2202849338601333e-08
price,Steel Reinforcement Bars (16-32mm High Tensile),220,2017-05-01,6.5149441194352224,6.705380697073939,0.19043657763871646,2.9230730785642614,-6.935990849699606,2.1917370603512304e-11,0.6773216170589346,6.18069851019047e-09
price,Steel Reinforcement Bars (16-32mm High Tensile),221,2017-06-01,6.514486393882494,6.708055870695878,0.19356947681338355,2.9713697306230813,-7.078253998536507,9.090357080758786e-12,0.689470470035246,2.5634806967739776e-09
price,Steel Reinforcement Bars (16-32mm High Tensile),222,2017-07-01,6.514018003708444,6.710810982690809,0.1967929789823648,3.021069006415551,-7.226881280229236,3.5774943244410707e-12,0.7020200578553296,1.008853399492382e-09
price,Steel Reinforcement Bars (16-32mm High Tensile),223,2017-08-01,6.513810990209989,6.71308160875752,0.1992706185475308,3.0592017307076764,-7.3376333812672305,1.7761579921630478e-12,0.7116522138952085,5.008765537899795e-10
price,Steel Reinforcement Bars (16-32mm High Tensile),224,2017-09-01,6.5142972640213275,6.713933922765138,0.19963665874381054,3.0645923981149923,-7.3470084091057215,1.6896507501581676e-12,0.712909932975319,4.764815115446032e-10
price,Steel Reinforcement Bars (16-32mm High Tensile),225,2017-10-01,6.5149194156383885,6.714502042240426,0.1995826266020373,3.0634703803543584,-7.337177633769843,1.8209873597879854e-12,0.7124965685823595,5.135184354602119e-10
price,Steel Reinforcement Bars (16-32mm High Tensile),226,2017-11-01,6.515451448507017,6.7152649576086185,0.19981350910160156,3.06676384101347,-7.338650679126817,1.8283115151977227e-12,0.7132094434489192,5.155838472857578e-10
price,Steel Reinforcement Bars (16-32mm High Tensile),227,2017-12-01,6.51597126593021,6.7160592775507215,0.2000880116205117,3.0707319516079457,-7.34102389884654,1.828208951613432e-12,0.7140907348449544,5.155549243549879e-10
price,Steel Reinforcement Bars (16-32mm High Tensile),228,2018-01-01,6.516616710798897,6.716578165605231,0.19996145480633398,3.068485744680539,-7.325135804796237,2.0579406375961472e-12,0.7133796470563226,5.803392598021135e-10
price,Steel Reinforcement Bars (16-32mm High Tensile),229,2018-02-01,6.517292619632507,6.717025475822156,0.19973285618964898,3.064659941583402,-7.303958442310832,2.399160799291304e-12,0.7122630170755486,6.765633454001477e-10
price,Steel Reinforcement Bars (16-32mm High Tensile),230,2018-03-01,6.517933365155228,6.717549089681796,0.19961572452656817,3.062561602634829,-7.286427888970508,2.736488020706836e-12,0.7115852721419859,7.716896218393277e-10
price,Steel Reinforcement Bars (16-32mm High Tensile),231,2018-04-01,6.518599914895554,6.718010127404133,0.19941021250857904,3.059095743135114,-7.26416950956867,3.2202894625728035e-12,0.7105567831959796,9.081216284455305e-10
price,Steel Reinforcement Bars (16-32mm High Tensile),232,2018-05-01,6.519207459646317,6.7186066562850675,0.19939919663875028,3.058641681109626,-7.249002076580875,3.628567882392302e-12,0.7102930770186461,1.0232561428346293e-09
price,Steel Reinforcement Bars (16-32mm High Tensile),233,2018-06-01,6.519815836210078,6.719200959968391,0.1993851237583124,3.0581404255463376,-7.232620411029445,4.126062972441238e-12,0.7100143180095672,1.163549758228429e-09
price,Steel Reinforcement Bars (16-32mm High Tensile),234,2018-07-01,6.520486843492722,6.719642308089426,0.1991554645967044,3.0543036030424084,-7.206195840907774,5.002900898553967e-12,0.7088850284134389,1.4108180533922186e-09
price,Steel Reinforcement Bars (16-32mm High Tensile),235,2018-08-01,6.521185779136822,6.7200097353339885,0.19882395619716675,3.0488926850276625,-7.1745641078600935,6.271372800242454e-12,0.7073549522313989,1.768527129668372e-09
price,Steel Reinforcement Bars (16-32mm High Tensile),236,2018-09-01,6.521886199445774,6.720366381751908,0.19848018230613373,3.043294167307005,-7.1413929013326785,7.941481858542182e-12,0.7057769580593239,2.2394978841088952e-09
price,Steel Reinforcement Bars (16-32mm High Tensile),237,2018-10-01,6.522549534245496,6.720810143416124,0.19826060917062716,3.039618298484278,-7.112178244853228,9.820025697143377e-12,0.704685342379094,2.769247246594432e-09
price,Steel Reinforcement Bars (16-32mm High Tensile),238,2018-11-01,6.5232041249194825,6.7212717524244034,0.1980676275049209,3.0363548911228606,-7.082943302238615,1.2153281271767187e-11,0.7036966523654166,3.4272253186383468e-09
price,Steel Reinforcement Bars (16-32mm High Tensile),239,2018-12-01,6.523746630795776,6.722023496633977,0.19827686583820103,3.0393097258287445,-7.069147606926111,1.3700074804825054e-11,0.7042773042261963,3.863421094960665e-09
price,Steel Reinforcement Bars (16-32mm High Tensile),240,2019-01-01,6.524153543383144,6.723141472688083,0.19898792930493947,3.0500191018152054,-7.075658433431037,1.3664003829787112e-11,0.7068130385580095,3.853249079999965e-09
price,Steel Reinforcement Bars (16-32mm High Tensile),241,2019-02-01,6.524530473330878,6.724356616642027,0.19982614331114945,3.0626900146752627,-7.086468313584643,1.3304545705620935e-11,0.7098396908685625,3.751881888985104e-09
price,Steel Reinforcement Bars (16-32mm High Tensile),242,2019-03-01,6.524909269081502,6.7255856799563505,0.20067641087484844,3.0755433156099232,-7.096459448240016,1.3051284366461154e-11,0.7129075702460854,3.6804621913420455e-09
price,Steel Reinforcement Bars (16-32mm High Tensile),243,2019-04-01,6.525318411170808,6.726749529188229,0.20143111801742108,3.086916305457027,-7.100842733243988,1.3281110076677086e-11,0.7155959321781401,3.7452730416229384e-09
price,Steel Reinforcement Bars (16-32mm High Tensile),244,2019-05-01,6.525702376578181,6.728002361265186,0.20229998468700483,3.100049205631761,-7.108841805620463,1.3253081452572938e-11,0.718724147162927,3.737368969625569e-09
price,Steel Reinforcement Bars (16-32mm High Tensile),245,2019-06-01,6.526125482198014,6.729162821357276,0.2030373391592617,3.1111467242410153,-7.1096020785761755,1.3853811457092432e-11,0.7213318913668331,3.9067748309000655e-09
price,Steel Reinforcement Bars (16-32mm High Tensile),246,2019-07-01,6.526521451287288,6.730420308776298,0.20389885748901015,3.1241582366789467,-7.114319927352514,1.4173620958771043e-11,0.7244182655742901,3.996961110373434e-09
price,Steel Reinforcement Bars (16-32mm High Tensile),247,2019-08-01,6.526911523524313,6.73171610413707,0.2048045806127572,3.137848274403597,-7.119456092400404,1.4501708483801357e-11,0.7276706097436828,4.089481792431982e-09
price,Steel Reinforcement Bars (16-32mm High Tensile),248,2019-09-01,6.527263990665545,6.733147722790573,0.2058837321250282,3.154211817071543,-7.130725625655421,1.433829856035744e-11,0.7315940851450778,4.043400194020798e-09
price,Steel Reinforcement Bars (16-32mm High Tensile),249,2019-10-01,6.527580639295454,6.734716095917457,0.2071354566220025,3.173234741445636,-7.148154796387643,1.3701859097048137e-11,0.7361857950255414,3.8639242653675746e-09
price,Steel Reinforcement Bars (16-32mm High Tensile),250,2019-11-01,6.527808929783468,6.736591881350186,0.2087829515667181,3.1983618670904264,-7.182247538658568,1.188253095385893e-11,0.7423207892133007,3.3508737289882182e-09
price,Steel Reinforcement Bars (16-32mm High Tensile),251,2019-12-01,6.528024378768974,6.738550175732529,0.21052579696355522,3.22495420893718,-7.219181145441858,1.016657605463133e-11,0.748825187613663,2.8669744474060355e-09
price,Steel Reinforcement Bars (16-32mm High Tensile),252,2020-01-01,6.528193896696511,6.740701551107198,0.21250765441068697,3.2552289005726855,-7.2659260127070775,8.229466312151063e-12,0.7562640834970595,2.3207095000266e-09
price,Steel Reinforcement Bars (16-32mm High Tensile),253,2020-02-01,6.528367607273887,6.742890627449202,0.21452302017531455,3.286013182472961,-7.31259098907567,6.691869836102083e-12,0.7638324454236795,1.8871072937807872e-09
price,Steel Reinforcement Bars (16-32mm High Tensile),254,2020-03-01,6.528523947053958,6.745190794765482,0.2166668477115241,3.3187723514332292,-7.363824820509618,5.3160589519499956e-12,0.7719043507606257,1.4991286244498988e-09
price,Steel Reinforcement Bars (16-32mm High Tensile),255,2020-04-01,6.528711969100995,6.7474404111083786,0.21872844200738317,3.3502541242832944,-7.409172180267536,4.3962234511981695e-12,0.7796497565231686,1.2397350132378837e-09
price,Steel Reinforcement Bars (16-32mm High Tensile),256,2020-05-01,6.528889262478024,6.749782861614973,0.22089359913694917,3.3833258653419027,-7.457748939912733,3.5824773985341693e-12,0.787800852312559,1.0102586263866357e-09
price,Steel Reinforcement Bars (16-32mm High Tensile),257,2020-06-01,6.529065176140057,6.752189488847775,0.22312431270771782,3.4174006031232103,-7.507654826919146,2.910794751270416e-12,0.7962082420566596,8.208441198582573e-10
price,Steel Reinforcement Bars (16-32mm High Tensile),258,2020-07-01,6.5292408081986935,6.75465908942527,0.2254182812265766,3.4524424484929614,-7.5587394333529785,2.360946767386699e-12,0.8048631643159507,6.657869884030491e-10
price,Steel Reinforcement Bars (16-32mm High Tensile),259,2020-08-01,6.529425309004829,6.757160956642696,0.2277356476378669,3.4878360171115403,-7.608930997596127,1.936246316089876e-12,0.8136075015968655,5.46021461137345e-10
price,Steel Reinforcement Bars (16-32mm High Tensile),260,2020-09-01,6.529578831501439,6.759844096621539,0.23026526512010026,3.5264949097360403,-7.6678881006905995,1.515343414860073e-12,0.8231926363361823,4.2732684299054055e-10
price,Steel Reinforcement Bars (16-32mm High Tensile),261,2020-10-01,6.529757422103785,6.762505736011512,0.23274831390772732,3.564425121212841,-7.722263042547299,1.2269183665873878e-12,0.8325895619809395,3.4599097937764335e-10
price,Steel Reinforcement Bars (16-32mm High Tensile),262,2020-11-01,6.529946859772299,6.765198613140287,0.23525175336798743,3.6026595379704314,-7.775407985324413,1.007435676574313e-12,0.8420636239523929,2.840968607939563e-10
price,Steel Reinforcement Bars (16-32mm High Tensile),263,2020-12-01,6.530205998045866,6.76769261892268,0.2374866208768136,3.6367401112289626,-7.8123613687658615,9.173178071358978e-13,0.8504570821837023,2.586836216123232e-10
price,Steel Reinforcement Bars (16-32mm High Tensile),264,2021-01-01,6.530830995840687,6.76879090987789,0.2379599140372024,3.6436391354906097,-7.765982265415482,1.3641837564286449e-12,0.851789258355039,3.8469981931287787e-10
price,Steel Reinforcement Bars (16-32mm High Tensile),265,2021-02-01,6.531899576543491,6.768095310305492,0.23619573376200087,3.6160343709232197,-7.639010815586987,3.1458331976717147e-12,0.844192267387624,8.871249617434236e-10
price,Steel Reinforcement Bars (16-32mm High Tensile),266,2021-03-01,6.532971707128167,6.767329825902964,0.2343581187747965,3.587312624040402,-7.509424207762684,7.252919163764522e-12,0.8363454821959403,2.045323204181595e-09
price,Steel Reinforcement Bars (16-32mm High Tensile),267,2021-04-01,6.534116816756324,6.76619671238006,0.23207989562373577,3.551817363114503,-7.367349996891905,1.7554220333782538e-11,0.8268047172573677,4.950290134126676e-09
price,Steel Reinforcement Bars (16-32mm High Tensile),268,2021-05-01,6.535366822646663,6.764536685235106,0.22916986258844307,3.5066105515961676,-7.20959606358974,4.50938175484452e-11,0.8148460431957754,1.2716456548661548e-08
price,Steel Reinforcement Bars (16-32mm High Tensile),269,2021-06-01,6.537054985835859,6.760849045312068,0.22379405947620956,3.4234691303823293,-7.008741604458855,1.3678288483072643e-10,0.7933800299099598,3.857277352226485e-08
price,Steel Reinforcement Bars (16-32mm High Tensile),270,2021-07-01,6.538784988752276,6.756793933179463,0.21800894442718644,3.334089510546617,-6.804071622964801,4.1091632024264196e-10,0.7705539565044336,1.1587840230842503e-07
price,Steel Reinforcement Bars (16-32mm High Tensile),271,2021-08-01,6.540511929024205,6.752556782852925,0.2120448538287203,3.2420222779160315,-6.5983448106177525,1.2108319889173846e-09,0.7472760909670578,3.4145462087470245e-07
price,Steel Reinforcement Bars (16-32mm High Tensile),272,2021-09-01,6.542252052603929,6.7480521490623,0.20580009645837105,3.1457072397028645,-6.390606290861185,3.5090476898948164e-09,0.7231665268418985,9.895514485503381e-07
price,Steel Reinforcement Bars (16-32mm High Tensile),273,2021-10-01,6.543957951822959,6.743492317652882,0.19953436582992268,3.0491388743464976,-6.183321166644801,9.925138517801533e-09,0.6992125635993187,2.7988890620200323e-06
price,Steel Reinforcement Bars (16-32mm High Tensile),274,2021-11-01,6.5456760779111205,6.738648885825624,0.19297280791450344,2.948095897468938,-5.97385869101532,2.761108221137332e-08,0.6743797365796262,7.786325183607277e-06
price,Steel Reinforcement Bars (16-32mm High Tensile),275,2021-12-01,6.5473835705160255,6.733620019308636,0.18623644879261025,2.844440787481345,-5.763305701093901,7.528221007000016e-08,0.6491269599241414,2.1229583239740046e-05
price,Steel Reinforcement Bars (16-32mm High Tensile),276,2022-01-01,6.549052662652915,6.728537927068101,0.17948526441518542,2.7406294262791717,-5.552957554101555,2.003472874033774e-07,0.6240404920166995,5.649793504775243e-05
price,Steel Reinforcement Bars (16-32mm High Tensile),277,2022-02-01,6.550712641417167,6.723248703421262,0.17253606200409433,2.6338517875631964,-5.341066988620253,5.229538173755496e-07,0.5984407917499586,0.000147472976499905
price,Steel Reinforcement Bars (16-32mm High Tensile),278,2022-03-01,6.552488430032622,6.717073065477172,0.16458463544454993,2.51178826490092,-5.121780986235456,1.3587851863214927e-06,0.5694248978370916,0.0003831774225426609
price,Steel Reinforcement Bars (16-32mm High Tensile),279,2022-04-01,6.554537129584292,6.709092623526759,0.1545554939424676,2.3579925002617226,-4.896709506926202,3.434258895284532e-06,0.5332045277825115,0.000968461008470238
price,Steel Reinforcement Bars (16-32mm High Tensile),280,2022-05-01,6.556653772999821,6.700330530278644,0.1436767572788229,2.1913122494050414,-4.672641604805936,8.346890331621789e-06,0.4942926243573716,0.0023538230735173442
price,Steel Reinforcement Bars (16-32mm High Tensile),281,2022-06-01,6.558686543289758,6.691605393662452,0.13291885037269413,2.0266077589679052,-4.447151475571832,1.9984341654025353e-05,0.4561428157140508,0.00563558434643515
price,Steel Reinforcement Bars (16-32mm High Tensile),282,2022-07-01,6.560702875883419,6.68252858239079,0.12182570650737112,1.856900225663198,-4.221615811164795,4.651010673937927e-05,0.4171137445421978,0.013115850100504955
price,Steel Reinforcement Bars (16-32mm High Tensile),283,2022-08-01,6.562537317016766,6.674074941236966,0.1115376242202002,1.6996112758243878,-3.992087264289415,0.000108269347840828,0.38115840896413283,0.030531956091113498
price,Steel Reinforcement Bars (16-32mm High Tensile),284,2022-09-01,6.564108581368964,6.666798822719488,0.1026902413505244,1.5644202114814507,-3.7623090237562122,0.00024873554037465554,0.35040079636016497,0.07014342238565287
price,Steel Reinforcement Bars (16-32mm High Tensile),285,2022-10-01,6.56556027366784,6.659886776856615,0.09432650318877478,1.4366862728697398,-3.5321439661925713,0.000556124699266632,0.3214532707167854,0.1568271651931902
price,Steel Reinforcement Bars (16-32mm High Tensile),286,2022-11-01,6.56689557566842,6.653351098016225,0.08645552234780496,1.3165356651648137,-3.3027246247074245,0.0012018628028578145,0.2943135124537099,0.3389253104059037
price,Steel Reinforcement Bars (16-32mm High Tensile),287,2022-12-01,6.568098884409141,6.647330305312999,0.07923142090385848,1.2063067608791955,-3.077505268654647,0.0024792464591425665,0.26948190156584584,0.6991475014782037
price,Steel Reinforcement Bars (16-32mm High Tensile),288,2023-01-01,6.569108541446608,6.642293405172832,0.07318486372622335,1.1140760312373683,-2.8689677046970705,0.004706947695094851,0.248747785776477,1.0
price,Steel Reinforcement Bars (16-32mm High Tensile),289,2023-02-01,6.570001576843414,6.6377835913691525,0.06778201452573818,1.0316894711965099,-2.6719948038833885,0.008374704502713732,0.23025694908222247,1.0
price,Steel Reinforcement Bars (16-32mm High Tensile),290,2023-03-01,6.570960576323453,6.632525395502016,0.061564819178562935,0.9369226685120265,-2.4550373333997064,0.015220488109614919,0.20902035148484516,1.0
price,Steel Reinforcement Bars (16-32mm High Tensile),291,2023-04-01,6.571929359970013,6.626875364169448,0.05494600419943474,0.836071132080541,-2.225776366354027,0.027472679000315057,0.18645232773250658,1.0
price,Steel Reinforcement Bars (16-32mm High Tensile),292,2023-05-01,6.572867910972117,6.621109288158525,0.04824137718640831,0.7339471573113278,-1.9895669168240881,0.04834040677528476,0.16362757656549995,1.0
price,Steel Reinforcement Bars (16-32mm High Tensile),293,2023-06-01,6.5737366639254535,6.615533524965523,0.04179686104006919,0.635815871199053,-1.7539722216353801,0.08128497126245894,0.14171689965351716,1.0
price,Steel Reinforcement Bars (16-32mm High Tensile),294,2023-07-01,6.574459166623744,6.6107941101805965,0.036334943556852295,0.5526681759818699,-1.540946219812639,0.12522337950184664,0.1231651868342115,1.0
price,Steel Reinforcement Bars (16-32mm High Tensile),295,2023-08-01,6.575074565122493,6.606645321221339,0.031570756098846076,0.48015814552603353,-1.3469931051560582,0.17982688289931564,0.1069950287572725,1.0
price,Steel Reinforcement Bars (16-32mm High Tensile),296,2023-09-01,6.575579560965865,6.603177438470176,0.027597877504311086,0.419702586645569,-1.1787545670187909,0.24024365679148454,0.09351769667277952,1.0
price,Steel Reinforcement Bars (16-32mm High Tensile),297,2023-10-01,6.57607103104834,6.599590507046213,0.023519475997873407,0.3576524019711508,-1.006045007992091,0.3159578127094184,0.07968821225192133,1.0
price,Steel Reinforcement Bars (16-32mm High Tensile),298,2023-11-01,6.576548270051625,6.595881202453054,0.019332932401428415,0.29396777165716226,-0.8285711859900204,0.4086561303905945,0.06549699918975455,1.0
price,Steel Reinforcement Bars (16-32mm High Tensile),299,2023-12-01,6.577019486112518,6.591959890523841,0.014940404411322383,0.22716071379854183,-0.642316969136889,0.5216680707153456,0.05061177842057503,1.0
price,Steel Reinforcement Bars (16-32mm High Tensile),300,2024-01-01,6.577459215891007,6.588060606219336,0.010601390328329074,0.1611775912303087,-0.456972085036543,0.6483858813544882,0.03591101874454873,1.0
price,Steel Reinforcement Bars (16-32mm High Tensile),301,2024-02-01,6.577952287018999,6.5833084331435705,0.005356146124571914,0.08142573692943608,-0.23310055072497768,0.8160176349071621,0.018142611397178824,1.0
price,Steel Reinforcement Bars (16-32mm High Tensile),302,2024-03-01,6.578425768376271,6.578392889437436,-3.2878938835523286e-05,-0.0004997994960067578,0.001447456903781894,0.99884710557792,-0.00011136774090147076,1.0
price,Steel Reinforcement Bars (16-32mm High Tensile),303,2024-04-01,6.578864545922677,6.573467612567077,-0.005396933355600098,-0.08203441973805199,0.24049371543581963,0.8102869839253944,-0.01828075623133658,1.0
price,Steel Reinforcement Bars (16-32mm High Tensile),304,2024-05-01,6.579291216380539,6.568271275930703,-0.011019940449835453,-0.1674943407642297,0.4988550620602325,0.6186160265616746,-0.03732870806463735,1.0
price,Steel Reinforcement Bars (16-32mm High Tensile),305,2024-06-01,6.5796873629307795,6.562997490399777,-0.016689872531002514,-0.2536575312838021,0.7691119703925432,0.44299424132351306,-0.05653840208644137,1.0
demand,Cement,24,2001-01-01,5.994881635576756,5.859344368312978,-0.13553726726377846,-2.260883125021678,3.188526710643709,0.002040290512977778,-0.27216181696014563,0.5733216341467556
demand,Cement,25,2001-02-01,5.979642139601419,5.8601517700633705,-0.11949036953804892,-1.9982862978822626,2.6926942321030065,0.008764351227731589,-0.23982265810492814,1.0
demand,Cement,26,2001-03-01,5.976600313914754,5.860018427153521,-0.11658188676123338,-1.9506388354229875,2.674573683214706,0.009035486265863904,-0.23397889249202047,1.0
demand,Cement,27,2001-04-01,5.975344538686006,5.859744665711187,-0.1155998729748191,-1.9346143511289446,2.7009723746002283,0.008251441530556645,-0.2320162170528846,1.0
demand,Cement,28,2001-05-01,5.971664910630648,5.859702903958944,-0.1119620066717042,-1.8748876292839454,2.6510378041160054,0.009344072149447038,-0.22470084336968094,1.0
demand,Cement,29,2001-06-01,5.962674971588355,5.860198724710793,-0.10247624687756218,-1.7186287591702194,2.409596112313142,0.01777859387105381,-0.20560852625792528,1.0
demand,Cement,30,2001-07-01,5.956442471008533,5.860481329294463,-0.09596114171406978,-1.6110479062147616,2.26643046573417,0.02543530368147392,-0.19250505439109522,1.0
demand,Cement,31,2001-08-01,5.959901388810093,5.859799491732173,-0.10010189707791994,-1.6795898211649019,2.3909203189085058,0.01841768927842947,-0.20084915978265772,1.0
demand,Cement,32,2001-09-01,5.9517640541533225,5.860339198169677,-0.09142485598364569,-1.5360967799092546,2.1717393073544633,0.03187085312475302,-0.18339409060965672,1.0
demand,Cement,33,2001-10-01,5.951094504859013,5.8601049761113275,-0.09098952874768518,-1.5289545254808687,2.1896107046198265,0.03035566540241229,-0.18252572862689165,1.0
demand,Cement,34,2001-11-01,5.953530701724828,5.859515755019173,-0.0940149467056548,-1.5791460801305222,2.286076073552034,0.023765870324577717,-0.18862219934816635,1.0
demand,Cement,35,2001-12-01,5.949047102064574,5.859729738153199,-0.08931736391137512,-1.5013726127731981,2.1830446189961297,0.030623868848411423,-0.17917543809964634,1.0
demand,Cement,36,2002-01-01,5.945460642323676,5.859865557903236,-0.08559508442044006,-1.4396711974025744,2.105904347377132,0.03681712892917229,-0.1716929023442442,1.0
demand,Cement,37,2002-02-01,5.9390797290973625,5.860380964427048,-0.07869876467031478,-1.3251003229464244,1.9313379090641485,0.05521233683294038,-0.1578291685350429,1.0
demand,Cement,38,2002-03-01,5.923749712640805,5.862112379755841,-0.0616373328849642,-1.0405121059290385,1.4286759755960774,0.1554009523274639,-0.12355522598925064,1.0
demand,Cement,39,2002-04-01,5.924492635875439,5.861799926862615,-0.06269270901282464,-1.0581954078766576,1.4689106699245962,0.14402419275538933,-0.12567651228770899,1.0
demand,Cement,40,2002-05-01,5.922368729869399,5.861876963302852,-0.06049176656654698,-1.0214116905868666,1.4300206133552815,0.15473359141966392,-0.12125953535761341,1.0
demand,Cement,41,2002-06-01,5.916030687417473,5.862569213212444,-0.05346147420502945,-0.9036713470525792,1.2616962289646039,0.20891423758611757,-0.10714976199501286,1.0
demand,Cement,42,2002-07-01,5.908634660877409,5.863465281646164,-0.04516937923124509,-0.7644639045010377,1.059739099310331,0.29086020330640844,-0.09051492253180458,1.0
demand,Cement,43,2002-08-01,5.9036611888918005,5.8640551065278075,-0.03960608236399299,-0.6708732275916329,0.9312570805196453,0.3530720036935035,-0.07935877887075861,1.0
demand,Cement,44,2002-09-01,5.904550693124412,5.863778810848514,-0.04077188227589801,-0.6905162542405651,0.9667212938259583,0.33501062375024426,-0.0816970642323378,1.0
demand,Cement,45,2002-10-01,5.897162410691842,5.864805926437209,-0.03235648425463289,-0.5486788730113488,0.7617795836821256,0.447206973112308,-0.06482559623348547,1.0
demand,Cement,46,2002-11-01,5.899554855181132,5.864302714667732,-0.035252140513400754,-0.5975389902924874,0.8352292659502756,0.40466277918048643,-0.0706306744972296,1.0
demand,Cement,47,2002-12-01,5.898733627390644,5.864314578375674,-0.034419049014970504,-0.583498953998302,0.8213762792051449,0.4124335582676425,-0.06896089208392583,1.0
demand,Cement,48,2003-01-01,5.902752230445152,5.863505638889442,-0.03924659155571053,-0.6648863110547801,0.938854834317159,0.3489264437809303,-0.07864064459672322,1.0
demand,Cement,49,2003-02-01,5.901646577161736,5.8635589618156265,-0.03808761534610916,-0.6453726913011206,0.9167723251018698,0.3603059596534819,-0.07631709524404796,1.0
demand,Cement,50,2003-03-01,5.894434210085596,5.864714985967816,-0.029719224117780385,-0.5041912939995103,0.7092410412096523,0.4789586922333913,-0.05954072001266603,1.0
demand,Cement,51,2003-04-01,5.890748158752069,5.865284300334333,-0.025463858417735352,-0.4322686648877172,0.609057809183691,0.5431216280516032,-0.05101236827944123,1.0
demand,Cement,52,2003-05-01,5.886236303029533,5.866039364013591,-0.02019693901594266,-0.3431214442673272,0.48310351441542676,0.6294967273241666,-0.04045851681720958,1.0
demand,Cement,53,2003-06-01,5.882299304528731,5.8667222045263685,-0.015577100002362343,-0.264813114667077,0.3730314192275601,0.7094705173687808,-0.03120269969654122,1.0
demand,Cement,54,2003-07-01,5.878655810242299,5.867381010313514,-0.011274799928785662,-0.19179214250206206,0.27041051523428256,0.7870818353337542,-0.022584004422744,1.0
demand,Cement,55,2003-08-01,5.877657088918599,5.867540334667072,-0.010116754251527027,-0.1721222265688242,0.24376936931753718,0.8076147068073272,-0.02026424884398544,1.0
demand,Cement,56,2003-09-01,5.875283434848358,5.8679901803582135,-0.007293254490144285,-0.12413451318595875,0.17626245047797615,0.8602300230304081,-0.014608471319807406,1.0
demand,Cement,57,2003-10-01,5.8748229632541005,5.86805986280815,-0.006763100445950521,-0.11512007235371051,0.16414061147451056,0.8697485239809399,-0.01354654048523021,1.0
demand,Cement,58,2003-11-01,5.873903198671665,5.868231756702375,-0.005671441969290036,-0.09655320793459085,0.13815676581728115,0.8902208451556808,-0.011359897318183635,1.0
demand,Cement,59,2003-12-01,5.866693755978836,5.8697861480983295,0.0030923921194938586,0.052710985916767095,-0.07450988927497346,0.9406613050245232,0.0061940201026607035,1.0
demand,Cement,60,2004-01-01,5.862819160233693,5.870661866079104,0.007842705845410691,0.13377021584779838,-0.18889029049291053,0.8503220840614382,0.015709081197840712,1.0
demand,Cement,61,2004-02-01,5.859957578311799,5.8713424601204505,0.011384881808651492,0.19428266598358848,-0.27456141856089716,0.7838609208085271,0.0228046024106855,1.0
demand,Cement,62,2004-03-01,5.8528629790402205,5.873032535164069,0.02016955612384841,0.3446100856295103,-0.4813948392498511,0.6306261005946434,0.040404310477667696,1.0
demand,Cement,63,2004-04-01,5.847365952470161,5.874410287908572,0.02704433543841045,0.46250458169093794,-0.6424992424891725,0.5210925531659024,0.054181672603662176,1.0
demand,Cement,64,2004-05-01,5.842505089298999,5.875686286317602,0.033181197018602226,0.5679275672241374,-0.7860591852745931,0.43251423229763986,0.06648445741509122,1.0
demand,Cement,65,2004-06-01,5.835314137238247,5.877582472230358,0.042268334992111356,0.7243540621467934,-0.9912352059365623,0.32245783025362124,0.08471110848568676,1.0
demand,Cement,66,2004-07-01,5.833359568560543,5.878233688457432,0.04487411989688894,0.7692671670497111,-1.0548953047213523,0.29239558857193665,0.08994064400415953,1.0
demand,Cement,67,2004-08-01,5.828596513399498,5.879622996914253,0.051026483514754695,0.8754506062900169,-1.1963958099658598,0.23256045410629828,0.10229228632087008,1.0
demand,Cement,68,2004-09-01,5.825464311492924,5.880634553286519,0.05517024179359531,0.9470531247569608,-1.2943303715294858,0.19660771784992193,0.11061641843230928,1.0
demand,Cement,69,2004-10-01,5.823937035124471,5.881252062175815,0.05731502705134339,0.9841285492214878,-1.347747740275271,0.17879836888978165,0.1149272649846994,1.0
demand,Cement,70,2004-11-01,5.821743128409989,5.882066303477225,0.060323175067235724,1.0361703314057236,-1.4205636738430374,0.15650780965575511,0.12097507563087984,1.0
demand,Cement,71,2004-12-01,5.81980626487051,5.882833127067807,0.06302686219729647,1.082971826360251,-1.486516472410586,0.13820244101542212,0.1264132358505142,1.0
demand,Cement,72,2005-01-01,5.813589763613802,5.884819955677458,0.07123019206365644,1.2252359550629668,-1.667650949953642,0.0964426061463076,0.14292313092105413,1.0
demand,Cement,73,2005-02-01,5.810329222242507,5.886027962365613,0.07569874012310596,1.3028304804712922,-1.771817271835121,0.0774428074768346,0.15192679529580835,1.0
demand,Cement,74,2005-03-01,5.805174274055375,5.887820765918441,0.08264649186306627,1.4236694362894835,-1.926210416955864,0.055023579415977096,0.16593862287848032,1.0
demand,Cement,75,2005-04-01,5.800486182958885,5.88953042467474,0.08904424171585568,1.535116866194022,-2.0689328134066844,0.039405835626752934,0.17885835908072706,1.0
demand,Cement,76,2005-05-01,5.8017675213195625,5.889497470233255,0.0877299489136929,1.5121245136299337,-2.04160499130203,0.042050712491770156,0.17620831305833637,1.0
demand,Cement,77,2005-06-01,5.797524850194314,5.891141976683881,0.09361712648956644,1.6147774939926078,-2.1735824090363365,0.030501517510735175,0.18811074920796145,1.0
demand,Cement,78,2005-07-01,5.791989776238785,5.893235016106275,0.1012452398674899,1.7480217296453302,-2.3382699092245995,0.02001623820621751,0.20355541072077554,1.0
demand,Cement,79,2005-08-01,5.789910981453892,5.894296896217771,0.1043859147638786,1.8028932586052726,-2.4129631121620876,0.016404182732056155,0.20992705877601267,1.0
demand,Cement,80,2005-09-01,5.787017216956224,5.895645840292379,0.10862862333615464,1.8771090401782082,-2.5106220391898137,0.012557399076267529,0.21854100682837094,1.0
demand,Cement,81,2005-10-01,5.783869896864164,5.897111814287512,0.11324191742334744,1.9578918516950685,-2.6156341263703857,0.009336342214007868,0.22791878595633905,1.0
demand,Cement,82,2005-11-01,5.78375663715805,5.897607883977085,0.11385124681903491,1.968465375731606,-2.633390164167111,0.008868329669224398,0.2291664429573561,1.0
demand,Cement,83,2005-12-01,5.779888329268,5.899375854715676,0.11948752544767594,2.0672981663437873,-2.758243532808377,0.006147562562331063,0.24064282218836025,1.0
demand,Cement,84,2006-01-01,5.775089168120222,5.901508985580414,0.12641981746019226,2.1890539484317886,-2.907151133612874,0.0039034250678857893,0.2547838342005108,1.0
demand,Cement,85,2006-02-01,5.773243275257803,5.902670136034373,0.12942686077656962,2.241839718261138,-2.977842441353131,0.0031243617803530426,0.2609353736417627,0.877945660279205
demand,Cement,86,2006-03-01,5.765842064741921,5.905822115314794,0.13998005057287255,2.4277468754971534,-3.186009234933557,0.001585718501015266,0.28254292863591646,0.44558689878528973
demand,Cement,87,2006-04-01,5.76332901381708,5.907303997467827,0.14397498365074757,2.498121889372966,-3.2770066186818485,0.0011645139756067961,0.29075486053666205,0.3272284271455097
demand,Cement,88,2006-05-01,5.760383820236654,5.908976827421056,0.14859300718440238,2.579567817380227,-3.3802395096246496,0.0008136192182520556,0.30026217337178923,0.2286270003288276
demand,Cement,89,2006-06-01,5.758798758414104,5.910183758710188,0.15138500029608437,2.628760035674068,-3.4457672224532345,0.0006447904752872078,0.30602737030444155,0.1811861235557054
demand,Cement,90,2006-07-01,5.756613684459161,5.911639999949689,0.15502631549052825,2.693012315713402,-3.5287631298563555,0.00047791915864733197,0.31355178562468344,0.13429528357990028
demand,Cement,91,2006-08-01,5.754815730549111,5.912978823988786,0.1581630934396756,2.7483606920735246,-3.6009705515833192,0.00036655450998878287,0.3200472882190081,0.10300181730684799
demand,Cement,92,2006-09-01,5.755505140796395,5.913378559645704,0.1578734188493085,2.7429984855762526,-3.5957570190930306,0.00037353080333336745,0.3194711928729482,0.10496215573667625
demand,Cement,93,2006-10-01,5.750819454700965,5.915893992805554,0.16507453810458905,2.8704524529917226,-3.745872701871507,0.0002125328555449661,0.33439116123563306,0.05972173240813547
demand,Cement,94,2006-11-01,5.748176265231379,5.917653713436386,0.169477448205007,2.948369019755261,-3.8431639962723305,0.00014597518300161648,0.3435487505579328,0.04101902642345423
demand,Cement,95,2006-12-01,5.74722355428884,5.918764760392566,0.17154120610372647,2.9847665482877312,-3.8911406066862018,0.0001209277472893828,0.34786288057120635,0.033980696988316565
demand,Cement,96,2007-01-01,5.746595262654907,5.919759855684245,0.1731645930293384,3.01334242476887,-3.928908628537774,0.00010414196986160888,0.3512662052716425,0.029263893531112094
demand,Cement,97,2007-02-01,5.746119127246252,5.920705328648335,0.17458620140208314,3.0383324385714774,-3.961668339494129,9.14069261764305e-05,0.35425296661597266,0.02568534625557697
demand,Cement,98,2007-03-01,5.738301979214339,5.924777478901708,0.18647549968736943,3.2496634084931997,-4.183203624964848,3.697007886436452e-05,0.3791128732608558,0.010388592160886431
demand,Cement,99,2007-04-01,5.737008061522241,5.926145189124339,0.18913712760209833,3.296790340432487,-4.24334968444457,2.8714297629681866e-05,0.3847262926472611,0.008068717633940604
demand,Cement,100,2007-05-01,5.736938004663341,5.92700170796055,0.19006370329720923,3.3129816487944197,-4.2646273154948116,2.6243562830885924e-05,0.38670547938472977,0.007374441155478945
demand,Cement,101,2007-06-01,5.734640845698577,5.9288529218146655,0.19421207611608882,3.3866475920939823,-4.354850601092436,1.7844476397897545e-05,0.3954604035129295,0.00501429786780921
demand,Cement,102,2007-07-01,5.733019839831693,5.930436863112192,0.19741702328049904,3.4435084614375713,-4.4253203996957176,1.3146459608879414e-05,0.4022486021241406,0.0036941551500951153
demand,Cement,103,2007-08-01,5.73485857122816,5.930472383861947,0.19561381263378674,3.4109614074038914,-4.379444944449594,1.605945336704275e-05,0.3984847779543621,0.004512706396139013
demand,Cement,104,2007-09-01,5.738465941295483,5.929674371975866,0.1912084306803834,3.3320478440831747,-4.265477827975178,2.618428337303575e-05,0.389246357617009,0.007357783627823046
demand,Cement,105,2007-10-01,5.736136982499028,5.931619680477242,0.19548269797821405,3.407915441605254,-4.356671163659821,1.773759257441122e-05,0.3982795549682545,0.004984263513409554
demand,Cement,106,2007-11-01,5.738593724042967,5.931328506012312,0.19273478196934501,3.3585716507834444,-4.28636573081929,2.399025555662809e-05,0.39252412585927315,0.006741261811412494
demand,Cement,107,2007-12-01,5.740793667865525,5.931136347422023,0.19034267955649842,3.31561610761164,-4.225091427741728,3.111676267782697e-05,0.38752196898395674,0.00874381031246938
demand,Cement,108,2008-01-01,5.744248797156793,5.930309147042382,0.18606034988558928,3.239071921426572,-4.115301198737744,4.916742997517476e-05,0.3785531440241212,0.013816047823024107
demand,Cement,109,2008-02-01,5.7429985222728215,5.93177433027983,0.18877580800700855,3.287060013595468,-4.172355508514783,3.886043527141155e-05,0.38428711276475624,0.010919782311266646
demand,Cement,110,2008-03-01,5.740373944324908,5.933954601431782,0.19358065710687367,3.37226562214214,-4.272238257818762,2.5558669933891312e-05,0.39443440171839783,0.007181986251423459
demand,Cement,111,2008-04-01,5.743413017333885,5.93329516818917,0.18988215085528548,3.3060856024494916,-4.177358164361627,3.8117137392043564e-05,0.3866726429570246,0.010710915607164242
demand,Cement,112,2008-05-01,5.742085987949479,5.934855119534371,0.19276913158489162,3.357127218043111,-4.236932104477944,2.973610949645231e-05,0.392783886245724,0.008355846768503098
demand,Cement,113,2008-06-01,5.744152163255912,5.934666653432326,0.19051449017641442,3.316668583313201,-4.178132279855704,3.8086999267895054e-05,0.3880608787571589,0.01070244679427851
demand,Cement,114,2008-07-01,5.744785102749264,5.935217162213415,0.19043205946415132,3.3148682859001437,-4.17090750727941,3.9310207146289374e-05,0.38791491087839425,0.011046168208107315
demand,Cement,115,2008-08-01,5.747132125101245,5.934845781320827,0.18771365621958225,3.266214385427504,-4.100451960118272,5.264409579811798e-05,0.38221774646399564,0.014792990919271153
demand,Cement,116,2008-09-01,5.749563275868266,5.93440305910132,0.18483978323305372,3.214849100084741,-4.026353612866531,7.125176094344474e-05,0.37619934407376215,0.020021744825107973
demand,Cement,117,2008-10-01,5.752677483023718,5.933556255073231,0.18087877204951308,3.144253655507204,-3.925754542281792,0.00010661276116615753,0.3679064128121786,0.029958185887690267
demand,Cement,118,2008-11-01,5.755412351871342,5.932884047717924,0.17747169584658273,3.083561784915007,-3.8394256699542337,0.00014970028355135588,0.36078694510918796,0.042065779677931
demand,Cement,119,2008-12-01,5.757103776868278,5.932770676866548,0.17566689999827023,3.0513068168770907,-3.79165231167284,0.00018028123873151748,0.35702858706907137,0.050659028083556414
demand,Cement,120,2009-01-01,5.7611383289724465,5.931294699103382,0.1701563701309352,2.953519954124834,-3.654480204779176,0.0003032514317215802,0.34553039855343215,0.08521365231376403
demand,Cement,121,2009-02-01,5.762234450424199,5.931475110999866,0.16924066057566733,2.937066549994479,-3.6275362736536336,0.00033562770059353654,0.34363616864657276,0.09431138386678377
demand,Cement,122,2009-03-01,5.763372709904554,5.931621840487654,0.1682491305831002,2.9192824939806217,-3.5986591307524773,0.00037388457701566864,0.34158372162439016,0.10506156614140288
demand,Cement,123,2009-04-01,5.765512690710885,5.931160828310004,0.16564813759911878,2.873085994000205,-3.5327450181745825,0.00047626014456247315,0.336176743493753,0.13382910062205497
demand,Cement,124,2009-05-01,5.769275445781197,5.929692860060642,0.16041741427944434,2.7805469818008106,-3.4051814230231066,0.0007518568427138711,0.3253053223086782,0.21127177280259776
demand,Cement,125,2009-06-01,5.770404579560984,5.929787348745966,0.1593827691849814,2.76207269329991,-3.3754745349904822,0.0008353552435769614,0.3231678037003024,0.23473482344512617
demand,Cement,126,2009-07-01,5.771465282025556,5.929914118493005,0.158448836467449,2.745383169173977,-3.3478510018159056,0.0009207375932341832,0.3212397038659486,0.25872726369880544
demand,Cement,127,2009-08-01,5.77467406658267,5.928681114521292,0.15400704793862197,2.6669392274421484,-3.240620374621874,0.0013306116445568454,0.3120336136713445,0.37390187212047354
demand,Cement,128,2009-09-01,5.7763903656735875,5.928354352154632,0.1519639864810447,2.630777645917012,-3.1885526048870427,0.0015865032999483946,0.30781003725495165,0.4458074272854989
demand,Cement,129,2009-10-01,5.777963629174613,5.928099417128878,0.15013578795426508,2.598420439965838,-3.141321330661729,0.0018573746398060041,0.30403397644586067,0.5219222737854872
demand,Cement,130,2009-11-01,5.779885234858353,5.9275985480287146,0.14771331317036118,2.555644397219267,-3.0810172272719747,0.002264506708647806,0.29903094562420734,0.6363263851300335
demand,Cement,131,2009-12-01,5.7801553034267545,5.92816589313331,0.14801058970655578,2.5606680432757227,-3.079870219940767,0.0022749520395568272,0.29965423575792627,0.6392615231154685
demand,Cement,132,2010-01-01,5.782145029087498,5.927583998729698,0.1454389696422007,2.51531168641671,-3.016388147367416,0.0027928672407093345,0.2943459653699065,0.784795694639323
demand,Cement,133,2010-02-01,5.7822813354465765,5.928233540688294,0.14595220524171726,2.5241283980251903,-3.0194732851285813,0.0027678347609092157,0.2954142129019324,0.7777615678154896
demand,Cement,134,2010-03-01,5.781923111660395,5.929228177573371,0.14730506591297665,2.5476828914571135,-3.0398995933560022,0.002594811067903813,0.29821883715641045,0.7291419100809715
demand,Cement,135,2010-04-01,5.783102529079265,5.929166753420616,0.1460642243413508,2.5257069817955635,-3.005131852383925,0.0029021602935553883,0.29566039822075607,0.8155070424890641
demand,Cement,136,2010-05-01,5.783082232547126,5.929937865092701,0.14685563254557543,2.539400732001933,-3.013272202520236,0.002830432310939072,0.2973038084887518,0.7953514793738793
demand,Cement,137,2010-06-01,5.784606008052716,5.92961546086499,0.14500945281227384,2.506816412568238,-2.9653875259050895,0.0032963754904989317,0.2934938103427405,0.9262815128301998
demand,Cement,138,2010-07-01,5.785700227025909,5.9295840851294495,0.14388385810354087,2.4868875409658613,-2.9329058756086113,0.0036523078293164866,0.29117443204615623,1.0
demand,Cement,139,2010-08-01,5.787842155065459,5.928774379132639,0.1409322240671802,2.4349700681425426,-2.861684743307275,0.00455350436777692,0.2850866723922106,1.0
demand,Cement,140,2010-09-01,5.787952754707794,5.929438126614863,0.141485371907069,2.4444804217171243,-2.864268906504117,0.004521246435673621,0.2862335233963797,1.0
demand,Cement,141,2010-10-01,5.78693329817172,5.930955300782382,0.14402200261066245,2.4887448185408267,-2.907127118983823,0.003965791205461543,0.2914770694464717,1.0
demand,Cement,142,2010-11-01,5.788150621882845,5.930801087069177,0.14265046518633273,2.4645257959774645,-2.8692546729625517,0.004459502133759313,0.2886491804336421,1.0
demand,Cement,143,2010-12-01,5.788698890535118,5.931146506681605,0.14244761614648738,2.4607881467007737,-2.855579249673995,0.004653567245076963,0.2882351952066963,1.0
demand,Cement,144,2011-01-01,5.790762387644722,5.930310312261948,0.13954792461722665,2.409836827616493,-2.786004769913921,0.005745053961343847,0.28225542434518675,1.0
demand,Cement,145,2011-02-01,5.790562645514782,5.93122613037857,0.1406634848637882,2.4291850978029306,-2.79905917578762,0.005529002577575992,0.284561145258468,1.0
demand,Cement,146,2011-03-01,5.790992901005825,5.931651519357648,0.14065861835182325,2.4289205798783238,-2.7891256434339255,0.005700461734240656,0.2845551717694622,1.0
demand,Cement,147,2011-04-01,5.793495992740457,5.930402640969521,0.13690664822906395,2.363109397169082,-2.702521529213795,0.007366482097704795,0.2768219455746196,1.0
demand,Cement,148,2011-05-01,5.793264379151295,5.931348416988445,0.1380840378371504,2.3835272965287926,-2.7163122348898168,0.007080419686952674,0.27925200551030893,1.0
demand,Cement,149,2011-06-01,5.793173092613309,5.932191115499539,0.1390180228862299,2.3996870223589095,-2.7249323633415203,0.006908790293853249,0.28118119742868247,1.0
demand,Cement,150,2011-07-01,5.79487893372228,5.931538276709264,0.13665934298698446,2.358277792340396,-2.66733273165054,0.00817505129329203,0.2763218102930595,1.0
demand,Cement,151,2011-08-01,5.797170301316468,5.930362225227604,0.1331919239111361,2.2975333997155443,-2.5878110886320354,0.0102624321733825,0.26918484463017284,1.0
demand,Cement,152,2011-09-01,5.798740498148778,5.9297663043541595,0.13102580620538173,2.259556299289667,-2.534847074362184,0.01190819527208983,0.2647320030007701,1.0
demand,Cement,153,2011-10-01,5.8000509150522,5.929371599922237,0.129320684870037,2.229647407653371,-2.4912791985478164,0.013435396856025798,0.26122968103974004,1.0
demand,Cement,154,2011-11-01,5.799954936977201,5.93019503597035,0.13024009899314848,2.245536394822863,-2.4992570176319493,0.01315225356162457,0.2631208413617365,1.0
demand,Cement,155,2011-12-01,5.802278788433001,5.9288734447252,0.12659465629219913,2.1818092668102915,-2.417804591656122,0.0164081323502313,0.25563526908607137,1.0
demand,Cement,156,2012-01-01,5.80498215402037,5.927167488798395,0.12218533477802573,2.1048356659185172,-2.322144844128729,0.021121922280395125,0.24659446920540498,1.0
demand,Cement,157,2012-02-01,5.808232379673242,5.924911092910472,0.11667871323723045,2.0088506383726084,-2.2061288620602895,0.0283941394637463,0.23532389235192702,1.0
demand,Cement,158,2012-03-01,5.8082439631397,5.9255827217147825,0.11733875857508291,2.0202105717276786,-2.2094993572100696,0.028166834379104472,0.23667463329342683,1.0
demand,Cement,159,2012-04-01,5.811485797711195,5.923240880901295,0.11175508319009975,1.9230036359051854,-2.0935780374381237,0.037443444270948395,0.22526572679032952,1.0
demand,Cement,160,2012-05-01,5.813851048886605,5.921662862529251,0.10781181364264647,1.8543958683512063,-2.009980725399338,0.04566399334364835,0.21722174430900373,1.0
demand,Cement,161,2012-06-01,5.815243069581467,5.920970579682644,0.10572751010117631,1.818109902477141,-1.9620943077452777,0.05103488856064287,0.21297424739360235,1.0
demand,Cement,162,2012-07-01,5.817708409264434,5.9192121514279155,0.10150374216348101,1.7447375327687609,-1.8744906101691496,0.06222154211466041,0.2043750296791219,1.0
demand,Cement,163,2012-08-01,5.820188486504943,5.9173883631867135,0.09719987668177055,1.6700468877793964,-1.7862013039701177,0.07548886829899461,0.1956241932799314,1.0
demand,Cement,164,2012-09-01,5.823731364249629,5.914456047590068,0.09072468334043915,1.557844578775978,-1.6586635973785804,0.0986600681084069,0.18247922331258193,1.0
demand,Cement,165,2012-10-01,5.825664530830726,5.913064292696529,0.0873997618658029,1.5002539436190276,-1.5902075621431293,0.11328911915693014,0.17573869122237196,1.0
demand,Cement,166,2012-11-01,5.827578806421911,5.91165097989732,0.08407217347540819,1.4426604301388737,-1.5222737689272092,0.12945515470985303,0.16899868815233773,1.0
demand,Cement,167,2012-12-01,5.830654626439478,5.908999191196959,0.0783445647574812,1.3436667025726876,-1.411475781518123,0.1596024365379172,0.15741080326036802,1.0
demand,Cement,168,2013-01-01,5.831542678233099,5.908559140659253,0.07701646242615379,1.320687623767662,-1.3809592104089274,0.16879340409852026,0.15472605738513592,1.0
demand,Cement,169,2013-02-01,5.835004855165615,5.905383569164446,0.07037871399883056,1.2061466227663147,-1.2556259679992499,0.21068488660846446,0.14132058405236939,1.0
demand,Cement,170,2013-03-01,5.834761433539088,5.906086464702234,0.07132503116314659,1.2224155516138084,-1.2665561105155279,0.20677149267899736,0.14323038667089066,1.0
demand,Cement,171,2013-04-01,5.837185179909842,5.9039147204096025,0.0667295404997601,1.1431801192366962,-1.1790400437533979,0.2397788697745533,0.13395883376640505,1.0
demand,Cement,172,2013-05-01,5.83967676827969,5.901610111115881,0.06193334283619034,1.0605611456545612,-1.088830099445897,0.27754521217644795,0.12429158662726464,1.0
demand,Cement,173,2013-06-01,5.842195303128575,5.89921412915421,0.057018826025634795,0.9759828808718606,-0.9974206624676729,0.31978039338892905,0.11439492752830407,1.0
demand,Cement,174,2013-07-01,5.842674900271921,5.899043606077329,0.05636870580540787,0.9647756681239349,-0.9811228741664245,0.32774559211366044,0.11308628392370833,1.0
demand,Cement,175,2013-08-01,5.844459168191827,5.897382059452795,0.05292289126096783,0.9055224741580535,-0.9164548567217712,0.3605690266499498,0.10615305103482206,1.0
demand,Cement,176,2013-09-01,5.847669535723622,5.894034988901588,0.04636545317796603,0.7928877118434587,-0.7989328150885746,0.42531395630653923,0.0929695228769319,1.0
demand,Cement,177,2013-10-01,5.8503634050276805,5.891203084864479,0.04083967983679848,0.698070820723747,-0.7001955894627259,0.48465655037022254,0.08186962845986775,1.0
demand,Cement,178,2013-11-01,5.851461822455293,5.890178723127539,0.03871690067224609,0.6616620230464112,-0.660349885777532,0.5098329549514565,0.07760753825827978,1.0
demand,Cement,179,2013-12-01,5.851914311528325,5.88989686550487,0.03798255397654504,0.6490620326022044,-0.6444145808109958,0.5200965125195876,0.07613333990952337,1.0
demand,Cement,180,2014-01-01,5.854392628170544,5.887157842406729,0.032765214236184725,0.5596688899634602,-0.5530550821353121,0.5808916265501963,0.06566336178050194,1.0
demand,Cement,181,2014-02-01,5.85619085517299,5.885180045966142,0.028989190793152098,0.49501786246506757,-0.4867405737350246,0.6270223774261827,0.05808918510274491,1.0
demand,Cement,182,2014-03-01,5.856723682392775,5.884717560502145,0.027993878109370485,0.47797846761200685,-0.4674708938430316,0.6407233377557963,0.05609313717110448,1.0
demand,Cement,183,2014-04-01,5.859714921321514,5.881160006763449,0.02144508544193524,0.3659748934867779,-0.3563315026407021,0.7220084807553856,0.04296394213020349,1.0
demand,Cement,184,2014-05-01,5.862200178372355,5.878154198405429,0.015954020033074556,0.272150720678805,-0.26372859082263034,0.7922923144984526,0.03195964524266312,1.0
demand,Cement,185,2014-06-01,5.864021853928406,5.875924643142674,0.01190278921426735,0.20297996001316865,-0.19570294914914077,0.8450667344593498,0.02384273802788865,1.0
demand,Cement,186,2014-07-01,5.865180698774649,5.874500570749759,0.009319871975109528,0.15890170233044365,-0.15238165479411914,0.8790610410961367,0.01866833023288344,1.0
demand,Cement,187,2014-08-01,5.867914784888296,5.870965681797104,0.0030508969088076654,0.051992863234222024,-0.049630705385124055,0.9604735539108057,0.0061109165549285685,1.0
demand,Cement,188,2014-09-01,5.868374597703545,5.8703742356101705,0.0019996379066258285,0.034074817026989744,-0.03234166368661961,0.97423705037548,0.004005244551924191,1.0
demand,Cement,189,2014-10-01,5.870253822149513,5.867851565736017,-0.0024022564134957847,-0.040922530545981564,0.038640382777260035,0.9692223122986714,-0.004811687535639387,1.0
demand,Cement,190,2014-11-01,5.871271796363762,5.866442807771119,-0.004828988592643135,-0.08224774393230883,0.07722379718072268,0.9385370655437308,-0.009672483235666687,1.0
demand,Cement,191,2014-12-01,5.872991408874564,5.8640277716975255,-0.008963637177038741,-0.1526247282346431,0.1425372102928324,0.8868275703501678,-0.017954703521440626,1.0
demand,Cement,192,2015-01-01,5.875869737392541,5.859928481824325,-0.01594125556821524,-0.2713003568947273,0.2522316954837348,0.8011744359091771,-0.03193401164711414,1.0
demand,Cement,193,2015-02-01,5.878484202289516,5.856101033436939,-0.02238316885257685,-0.3807642936908666,0.3523431040688433,0.7250320560499757,-0.044844057921923176,1.0
demand,Cement,194,2015-03-01,5.879353418246512,5.854686136662792,-0.02466728158371989,-0.41955772733724833,0.38596195239081454,0.700029345924714,-0.04942278269466247,1.0
demand,Cement,195,2015-04-01,5.880975031385463,5.852142242306978,-0.028832789078485632,-0.4902722579948293,0.44853293528923754,0.6543719198256134,-0.05777493291306941,1.0
demand,Cement,196,2015-05-01,5.88235850965644,5.8498866443356246,-0.03247186532081514,-0.5520211878876398,0.5021463010705629,0.6162583343303898,-0.06507388724284238,1.0
demand,Cement,197,2015-06-01,5.88396318075713,5.847245795304135,-0.03671738545299519,-0.6240247317161238,0.5644691588237906,0.5732374915895669,-0.07359234504486377,1.0
demand,Cement,198,2015-07-01,5.885224157754553,5.845059605754952,-0.04016455199960145,-0.6824642685305264,0.6137048402139742,0.5403050255942183,-0.08051167177440889,1.0
demand,Cement,199,2015-08-01,5.886838788134336,5.842279021158211,-0.04455976697612485,-0.7569388016186321,0.6768176190790812,0.49953538912984685,-0.08933797088552128,1.0
demand,Cement,200,2015-09-01,5.889053555214807,5.838499849196425,-0.05055370601838227,-0.8584351550618271,0.7636149004919993,0.4462739212483485,-0.10138283051669081,1.0
demand,Cement,201,2015-10-01,5.890887837095826,5.83522450260187,-0.05566333449395611,-0.9449056922020402,0.8358872416032802,0.40453639514284573,-0.11165868737396227,1.0
demand,Cement,202,2015-11-01,5.893089225544597,5.8312847876322165,-0.06180443791238055,-1.0487612786257963,0.9229610973800189,0.3575106381877061,-0.12401992234154463,1.0
demand,Cement,203,2015-12-01,5.894405637502252,5.828673390288437,-0.06573224721381443,-1.1151632794934079,0.9754787126331301,0.33091174505690724,-0.13193258618287684,1.0
demand,Cement,204,2016-01-01,5.895736496783164,5.825975569964277,-0.06976092681888701,-1.183243634734185,1.0287495375364215,0.3052912645627146,-0.14005425495231028,1.0
demand,Cement,205,2016-02-01,5.8966629551890755,5.823881336899515,-0.07278161828956087,-1.234284863195596,1.0662144434122567,0.28809929232300757,-0.14614759308034736,1.0
demand,Cement,206,2016-03-01,5.897507081394114,5.821875876602544,-0.07563120479156993,-1.2824266889000742,1.1005259531451403,0.2729484312907437,-0.15189891478162373,1.0
demand,Cement,207,2016-04-01,5.898165180007124,5.82013933875267,-0.07802584125445478,-1.3228832844311853,1.1275642703909627,0.26141084631855294,-0.15673423465731043,1.0
demand,Cement,208,2016-05-01,5.898986298631959,5.818082987387213,-0.0809033112447457,-1.3714782023397492,1.1611214907375533,0.24756884408010987,-0.1625478385292222,1.0
demand,Cement,209,2016-06-01,5.899986801313336,5.8156662509567765,-0.08432055035655939,-1.4291650675860774,1.201907998504822,0.23145211125287188,-0.16945681746040847,1.0
demand,Cement,210,2016-07-01,5.901363460074658,5.8125282770892595,-0.08883518298539883,-1.5053331926834916,1.2579025938554156,0.21056911292913771,-0.17859311229835065,1.0
demand,Cement,211,2016-08-01,5.900735000074867,5.812899208250028,-0.08783579182483958,-1.4885567954454002,1.2344026632915834,0.21919375063597216,-0.17656696186975507,1.0
demand,Cement,212,2016-09-01,5.901077410614159,5.811528038795714,-0.08954937181844436,-1.5175088477465752,1.2491608640275835,0.213790301025553,-0.18003463099724504,1.0
demand,Cement,213,2016-10-01,5.902055361302399,5.808960341654215,-0.09309501964818434,-1.5773321995346579,1.2893659888501685,0.19952446464564821,-0.18721655537225085,1.0
demand,Cement,214,2016-11-01,5.902425134907047,5.807462719297323,-0.09496241560972418,-1.6088711578587378,1.3052830064956347,0.194093423330055,-0.19099991770971508,1.0
demand,Cement,215,2016-12-01,5.902769683963144,5.805979908221267,-0.0967897757418772,-1.6397349197756965,1.3202075173943673,0.18910492564767356,-0.19470346586150483,1.0
demand,Cement,216,2017-01-01,5.904405451498171,5.801996584652172,-0.10240886684599904,-1.7344484163094531,1.3874567315694608,0.16772229005954065,-0.20610911796581557,1.0
demand,Cement,217,2017-02-01,5.9048618435367395,5.800197960194893,-0.10466388334184629,-1.7725035083828051,1.4070000874843944,0.16188931948058083,-0.21068827759513511,1.0
demand,Cement,218,2017-03-01,5.90219592990987,5.804490800621159,-0.09770512928871078,-1.6554030135391116,1.3041188974682947,0.19459286345505966,-0.1965499220546328,1.0
demand,Cement,219,2017-04-01,5.903505738934441,5.800994861478706,-0.1025108774557344,-1.736440718261031,1.3582993889331951,0.17684696676369796,-0.20630342908999091,1.0
demand,Cement,220,2017-05-01,5.900584454494377,5.805950565142543,-0.09463388935183392,-1.6038053532095937,1.245278836180873,0.21541020104291797,-0.19031347472947543,1.0
demand,Cement,221,2017-06-01,5.901605600145758,5.802984758861924,-0.09862084128383408,-1.6710849210492538,1.2877229663544671,0.20030326656777805,-0.19839628351651495,1.0
demand,Cement,222,2017-07-01,5.902866693137641,5.799446595446204,-0.10342009769143701,-1.7520317342024294,1.3401784428173653,0.18273168321971311,-0.20813682916955487,1.0
demand,Cement,223,2017-08-01,5.901897962468531,5.800508924139792,-0.10138903832873858,-1.7179056461750748,1.302596600932795,0.1952498312392683,-0.2040067249550005,1.0
demand,Cement,224,2017-09-01,5.903194679106952,5.796776985422317,-0.1064176936846355,-1.8027136062660667,1.356694769765469,0.17749965275031598,-0.21421917462432719,1.0
demand,Cement,225,2017-10-01,5.903037740467973,5.796093269076986,-0.10694447139098617,-1.8116853744273704,1.3514679467664927,0.17919559981764288,-0.21528473339727586,1.0
demand,Cement,226,2017-11-01,5.902122025988122,5.797064210834802,-0.10505781515332036,-1.7800007300887983,1.3158175532832228,0.19088250437891208,-0.21144416731606053,1.0
demand,Cement,227,2017-12-01,5.902972363575773,5.794141814290194,-0.108830549285579,-1.8436567644652502,1.3516167505590506,0.17921458997544465,-0.21910878175906823,1.0
demand,Cement,228,2018-01-01,5.903845778942524,5.791092613766383,-0.11275316517614087,-1.9098257203516724,1.388476420820085,0.16777463539047668,-0.2270854480709432,1.0
demand,Cement,229,2018-02-01,5.904031898602938,5.789538868092275,-0.11449303051066284,-1.9392346192735705,1.3971358313594773,0.16519786720740623,-0.23062183681968854,1.0
demand,Cement,230,2018-03-01,5.901307634582345,5.79471147106425,-0.10659616351809476,-1.8063142970793271,1.2904873595792838,0.19962842482780563,-0.21454761637274053,1.0
demand,Cement,231,2018-04-01,5.9022164568803746,5.791481531121774,-0.11073492575860033,-1.8761583308167835,1.3288647673206504,0.1867195545075795,-0.2229569556528737,1.0
demand,Cement,232,2018-05-01,5.901865501648366,5.791179332029686,-0.11068616961868027,-1.8754437827796329,1.3155715722467094,0.19116676169315266,-0.2228508696755232,1.0
demand,Cement,233,2018-06-01,5.901257470798296,5.791502092638513,-0.10975537815978242,-1.8598642527104516,1.291849036865298,0.19926625992702338,-0.22095081466747668,1.0
demand,Cement,234,2018-07-01,5.90149879261165,5.789752359138674,-0.11174643347297586,-1.893526329495758,1.302654165948346,0.19560122317641027,-0.22499355370430502,1.0
demand,Cement,235,2018-08-01,5.9028988863319505,5.785063332992466,-0.11783555333948481,-1.9962319465158176,1.3618514041692924,0.176256634255737,-0.23738389773897287,1.0
demand,Cement,236,2018-09-01,5.902639270463375,5.784455094192941,-0.1181841762704341,-2.00222596799747,1.3521728471755965,0.1793621966527521,-0.23808546653743426,1.0
demand,Cement,237,2018-10-01,5.901960152111443,5.784919951509653,-0.11704020060179054,-1.9830733787641563,1.3254246253537372,0.18808281854264436,-0.23574586478222048,1.0
demand,Cement,238,2018-11-01,5.9030472979612,5.780790490928955,-0.12225680703224473,-2.071079577398438,1.3716172063241783,0.17332564965351804,-0.24636964161264488,1.0
demand,Cement,239,2018-12-01,5.9020106660261975,5.78218491565599,-0.11982575037020737,-2.0302530298693213,1.3303723470581572,0.18653516966195788,-0.24140287615630493,1.0
demand,Cement,240,2019-01-01,5.902072154668606,5.780672746840841,-0.12139940782776559,-2.0568946743854575,1.333768076023515,0.18546647732811958,-0.24460066739436037,1.0
demand,Cement,241,2019-02-01,5.902425717543266,5.77832492797015,-0.12410078957311566,-2.102538778323998,1.3492676259632261,0.18049956551686508,-0.2500993293642272,1.0
demand,Cement,242,2019-03-01,5.900797076649825,5.781428724598192,-0.11936835205163288,-2.022919115859585,1.2842510074712985,0.2022593444598557,-0.24044125521708476,1.0
demand,Cement,243,2019-04-01,5.900766452688294,5.780127251000524,-0.1206392016877702,-2.0444666409871033,1.283767935190743,0.20247236582628836,-0.24302012651102145,1.0
demand,Cement,244,2019-05-01,5.900076037478871,5.780689864052419,-0.1193861734264523,-2.023468386984832,1.2562563010460204,0.21227343722161723,-0.24045726668571688,1.0
demand,Cement,245,2019-06-01,5.9006643924997775,5.777552564605417,-0.12311182789436081,-2.0864062028480372,1.28149459856695,0.20335712829943484,-0.2480374533316246,1.0
demand,Cement,246,2019-07-01,5.900703376642795,5.775953746206898,-0.12474963043589682,-2.114148474734433,1.2838466885823085,0.20258399191781973,-0.25136485130893105,1.0
demand,Cement,247,2019-08-01,5.900839551173334,5.77402222499374,-0.1268173261795944,-2.1491403906140407,1.2902256106182046,0.20041940247003842,-0.25556966565045985,1.0
demand,Cement,248,2019-09-01,5.9009415114742465,5.7721444042430505,-0.12879710723119597,-2.1826535135241203,1.2951780887886095,0.19876347569485503,-0.2595961680816185,1.0
demand,Cement,249,2019-10-01,5.900830389149591,5.770880308638153,-0.12995008051143753,-2.2022337864580703,1.2912785569275433,0.2001566271801945,-0.26193564316577633,1.0
demand,Cement,250,2019-11-01,5.901734893659173,5.766373014867179,-0.13536187879199346,-2.293594701067077,1.3300577543012788,0.18715890355498846,-0.2729754096740521,1.0
demand,Cement,251,2019-12-01,5.9020385339914245,5.76366050714683,-0.13837802684459444,-2.34458019966556,1.3434788396132504,0.18284934272980516,-0.279126537958601,1.0
demand,Cement,252,2020-01-01,5.902458145807304,5.7604901148812955,-0.14196803092600874,-2.405235707208749,1.3618108419867,0.17706954788612528,-0.2864557969261359,1.0
demand,Cement,253,2020-02-01,5.903186669843292,5.75619689630194,-0.14698977354135145,-2.4900072073318578,1.3933276167420985,0.16742660007897747,-0.29672517901412054,1.0
demand,Cement,254,2020-03-01,5.9033380760727425,5.753724270224312,-0.1496138058484302,-2.534393319854762,1.4004186512365058,0.16536083375300642,-0.3020850878536355,1.0
demand,Cement,255,2020-04-01,5.903340452047276,5.751694274557364,-0.15164617748991205,-2.5688197846919234,1.4012463386094183,0.16517519676162318,-0.3062323086356763,1.0
demand,Cement,256,2020-05-01,5.900370630286453,5.760031647068058,-0.14033898321839455,-2.378477421368043,1.2830050525052388,0.2034082323289594,-0.28304549787888317,1.0
demand,Cement,257,2020-06-01,5.875795198090936,5.845803134443471,-0.029992063647465095,-0.5104341222990483,0.4107666053551359,0.6821111103281188,-0.06009218495867394,1.0
demand,Cement,258,2020-07-01,5.869052914106128,5.869880841548165,0.0008279274420370797,0.014106661741746714,-0.011827293364396993,0.9905858157470238,0.0016583232836091968,1.0
demand,Cement,259,2020-08-01,5.8540036726735165,5.925574862383708,0.07157118971019116,1.2226024053296278,-1.5835346850373528,0.11456134707635732,0.14360461490051335,1.0
demand,Cement,260,2020-09-01,5.8477075222976875,5.950336750607268,0.10262922830958043,1.755033539523797,-2.678047393377383,0.007779627449473666,0.20629249613265996,1.0
demand,Cement,261,2020-10-01,5.847238587843935,5.953645884735778,0.10640729689184258,1.8197871575320543,-2.787621495970753,0.005620358357268359,0.21393488901624472,1.0
demand,Cement,262,2020-11-01,5.847367158010213,5.954731286427228,0.10736412841701526,1.8361106035549501,-2.814180741103057,0.005186317877171793,0.2158642791002907,1.0
demand,Cement,263,2020-12-01,5.847585079147144,5.955489632933351,0.10790455378620667,1.8452840330789044,-2.8287651973573977,0.004961316998696543,0.21694987014580747,1.0
demand,Cement,264,2021-01-01,5.8483684401989,5.953968051950627,0.10559961175172639,1.8056251556568312,-2.7694421809828347,0.005936302402519978,0.21227275086712927,1.0
demand,Cement,265,2021-02-01,5.848512724977364,5.955020616723421,0.10650789174605713,1.8211107123216417,-2.793302378179857,0.005525871784828337,0.21410271461442457,1.0
demand,Cement,266,2021-03-01,5.847994477058635,5.958899376058783,0.11090489900014777,1.8964603922801513,-2.9223691446768987,0.003716765549601289,0.22299910458251845,1.0
demand,Cement,267,2021-04-01,5.848924197690188,5.956684367839037,0.10776017014884864,1.8423930026551627,-2.8419771959287123,0.0047670151545386496,0.21661938470892853,1.0
demand,Cement,268,2021-05-01,5.849158602564383,5.9574210836400905,0.10826248107570713,1.8509069155389766,-2.8536177623749817,0.00460136203780014,0.21762660301123243,1.0
demand,Cement,269,2021-06-01,5.849259210107251,5.958774401174162,0.10951519106691165,1.8722916378483354,-2.885784867769884,0.004168604375864747,0.2201528956124834,1.0
demand,Cement,270,2021-07-01,5.849435274740146,5.959824871346794,0.11038959660664815,1.8871838292381495,-2.9065868465574494,0.003909918099845292,0.22191293845218638,1.0
demand,Cement,271,2021-08-01,5.84975501159998,5.960234197339753,0.11047918573977356,1.8886121815476875,-2.9050050441578534,0.003931820674109042,0.2220835586718737,1.0
demand,Cement,272,2021-09-01,5.850237102614553,5.9598719241779285,0.10963482156337534,1.8740235590516152,-2.8780174396365057,0.004278141270960613,0.2203634972790084,1.0
demand,Cement,273,2021-10-01,5.850828482291018,5.958946712925938,0.10811823063492021,1.8479131795123858,-2.833371620447346,0.004910286514541058,0.21728399627891262,1.0
demand,Cement,274,2021-11-01,5.851462365206577,5.957754609503605,0.10629224429702866,1.8165073559911067,-2.780541639539821,0.0057665776466029,0.21358046436710765,1.0
demand,Cement,275,2021-12-01,5.851122338255079,5.961454603132477,0.11033226487739789,1.885659852914666,-2.8931379114246365,0.004092989537674005,0.22174210005377018,1.0
demand,Cement,276,2022-01-01,5.851308774301617,5.962565469472721,0.11125669517110381,1.9013984642159456,-2.9111141101714155,0.0038761725755245852,0.22360122324300255,1.0
demand,Cement,277,2022-02-01,5.852012570965487,5.9609559506127034,0.10894337964721679,1.8616395355631115,-2.844513048841624,0.004765798837709668,0.2189104303596013,1.0
demand,Cement,278,2022-03-01,5.851922712879818,5.963581909974722,0.11165919709490346,1.908077098303889,-2.913231432514743,0.003861893362052357,0.22439205838583492,1.0
demand,Cement,279,2022-04-01,5.851969867997254,5.965551968361332,0.11358210036407801,1.9409207997673734,-2.957211283484775,0.003372241835095199,0.22827006267643074,0.9475999556617509
demand,Cement,280,2022-05-01,5.852605732599836,5.964236458394824,0.11163072579498756,1.9073679467794786,-2.896791796768284,0.004080079427740829,0.2243104349143426,1.0
demand,Cement,281,2022-06-01,5.852795124854151,5.965453364693417,0.11265823983926548,1.9248621801377828,-2.9128027337841598,0.0038927735751332873,0.2263760419633762,1.0
demand,Cement,282,2022-07-01,5.85240522341338,5.970189757164408,0.11778453375102771,2.012583361107907,-3.0551363531508793,0.0024860126493837916,0.23673321216873947,0.6985695544768454
demand,Cement,283,2022-08-01,5.852345427661551,5.973118164371334,0.12077273670978261,2.063663845591567,-3.12722495130009,0.0019734243412166596,0.2427665278965408,0.5545322398818814
demand,Cement,284,2022-09-01,5.8528568723283705,5.972574218845403,0.11971734651703247,2.045451462909374,-3.0842431466970366,0.0022795721584877135,0.2406147369159611,0.6405597765350475
demand,Cement,285,2022-10-01,5.852840533227456,5.975400900442626,0.12256036721517027,2.0940322313477813,-3.1486417545909693,0.0018558770172729946,0.24635284296026308,0.5215014418537115
demand,Cement,286,2022-11-01,5.853041091713643,5.9769171943999675,0.12387610268632443,2.11643999666601,-3.165930943892116,0.0017633465308745982,0.24899918913456628,0.4955003751757621
demand,Cement,287,2022-12-01,5.852477786357775,5.983715878681407,0.13123809232363204,2.2424364023995147,-3.3853526859510725,0.0008399898352851851,0.26389092408492104,0.236037143715137
demand,Cement,288,2023-01-01,5.8527391563743665,5.98508084276787,0.1323416863935032,2.2611922871937065,-3.393806015335793,0.0008225949871370971,0.26610599759586484,0.23114919138552428
demand,Cement,289,2023-02-01,5.853554704079129,5.982497052760806,0.12894234868167676,2.2028041967698964,-3.2901055807018293,0.001181563692126901,0.25919962661551066,0.3320193974876592
demand,Cement,290,2023-03-01,5.852830871139993,5.991185614325702,0.13835474318570906,2.3638944338530123,-3.5956403870902736,0.00040318100602458287,0.278247403588611,0.11329386269290778
demand,Cement,291,2023-04-01,5.853538735538571,5.989405777567794,0.13586704202922295,2.321109471853903,-3.5085650657015073,0.0005569049874422707,0.2731808480861429,0.15649030147127807
demand,Cement,292,2023-05-01,5.853200563141398,5.995746679784114,0.14254611664271621,2.435353361037266,-3.703658623911058,0.000275724975538394,0.2866930936181516,0.07747871812628872
demand,Cement,293,2023-06-01,5.853662370732319,5.995947693464741,0.14228532273242145,2.4307060045661792,-3.666685429775694,0.0003210187877783612,0.2861363822688877,0.0902062793657195
demand,Cement,294,2023-07-01,5.85352790869522,6.001142469511588,0.14761456081636748,2.5218050228664834,-3.8058521991216425,0.00019386867663887184,0.2969130772613204,0.05447709813552299
demand,Cement,295,2023-08-01,5.8542088052651025,5.999576295179269,0.14536748991416637,2.4831278615041397,-3.7155265287883394,0.00027634862036133976,0.2923258731391487,0.07765396232153647
demand,Cement,296,2023-09-01,5.854484071232582,6.001512318316853,0.14702824708427098,2.5113783775880387,-3.7243856262177157,0.00027362207125861864,0.29566115522557046,0.07688780202367183
demand,Cement,297,2023-10-01,5.85531428846323,5.9984014973662765,0.14308720890304638,2.443715261962491,-3.595259218499747,0.00044377637141873653,0.28764648527674247,0.12470116036866497
demand,Cement,298,2023-11-01,5.8551807926416615,6.004300496196295,0.1491197035546339,2.5467993019453132,-3.7450445642482513,0.0002635773335361972,0.2998345772961846,0.07406523072367142
demand,Cement,299,2023-12-01,5.855482335380289,6.0062657770198,0.1507834416395104,2.5750814877954484,-3.743739294217689,0.0002733394977083293,0.3031713987747366,0.07680839885604053
demand,Cement,300,2024-01-01,5.856454536366647,6.001407954458839,0.1449534180921912,2.4751053251088755,-3.57571450005983,0.0005054990796821118,0.2913336276846041,0.1420452413906734
demand,Cement,301,2024-02-01,5.857177547419532,5.998812493429325,0.14163494600979298,2.4181432927911226,-3.4493108089726,0.000800325412051774,0.2845906694360034,0.2248914407865485
demand,Cement,302,2024-03-01,5.85734403813263,6.002196002712817,0.14485196458018734,2.472997379651398,-3.4834971960982313,0.0007371120350496501,0.2910657300387441,0.20712848184895166
demand,Cement,303,2024-04-01,5.857036072841768,6.011356212240174,0.15432013939840594,2.634782123230659,-3.742481643793358,0.00030756219255214897,0.3101872927395347,0.08642497610715386
demand,Cement,304,2024-05-01,5.857444048304107,6.012568036194076,0.1551239878899695,2.648322145473711,-3.6959787424314463,0.00038095451042516706,0.3117753586156291,0.10704821742947195
demand,Granite,24,2001-01-01,7.356579916198733,7.232949264606929,-0.12363065159180398,-1.6805452125868563,3.772189278626029,0.0003229775439825232,-0.3299119137426003,0.09075668985908902
demand,Granite,25,2001-02-01,7.3440448628770705,7.23357342803275,-0.1104714348443201,-1.5042314815196036,3.20571706812058,0.0020562458086708247,-0.294609677196487,0.5778050722365018
demand,Granite,26,2001-03-01,7.3387596560428765,7.233662351936529,-0.10509730410634788,-1.432085379983915,3.0785462793688483,0.0029318905150583804,-0.28022462336810683,0.8238612347314049
demand,Granite,27,2001-04-01,7.337887264446642,7.233392342893456,-0.10449492155318563,-1.4240464289971033,3.1223911517645413,0.0024914001855410248,-0.27863705878069756,0.7000834521370279
demand,Granite,28,2001-05-01,7.331133363587247,7.233673453533024,-0.09745991005422283,-1.329397587258378,2.9061227772401814,0.004680330130679793,-0.2598010058911244,1.0
demand,Granite,29,2001-06-01,7.329571604105244,7.233499557249437,-0.09607204685580673,-1.3107457303779857,2.913048868030251,0.004493187290568175,-0.2561034360968586,1.0
demand,Granite,30,2001-07-01,7.328121269609986,7.233323764567169,-0.09479750504281714,-1.2936126676280073,2.919276519820589,0.004330036081220587,-0.25270842109834235,1.0
demand,Granite,31,2001-08-01,7.327139956894576,7.233107735000507,-0.09403222189406879,-1.2833414189882895,2.9388020549360268,0.004016096863126618,-0.2506772389189787,1.0
demand,Granite,32,2001-09-01,7.323535360360169,7.23317950223016,-0.09035585813000857,-1.233773767504072,2.845336118038253,0.005236790732823836,-0.24084401017004267,1.0
demand,Granite,33,2001-10-01,7.321445830560423,7.233107200288476,-0.08833863027194688,-1.2065735691605188,2.8124498443177246,0.005700084502218412,-0.2354564608215449,1.0
demand,Granite,34,2001-11-01,7.324108220236811,7.232500895612987,-0.0916073246238236,-1.2507642141429425,2.9421119123720314,0.0038352359301108765,-0.24423285936143208,1.0
demand,Granite,35,2001-12-01,7.320770326135095,7.232586674418893,-0.08818365171620268,-1.2045679318935565,2.847917876878355,0.005047133640568168,-0.23507281721476822,1.0
demand,Granite,36,2002-01-01,7.316189394118485,7.232848551213712,-0.08334084290477328,-1.1391291069059986,2.6906542455042155,0.007947831944589704,-0.22211370122145588,1.0
demand,Granite,37,2002-02-01,7.314247760136983,7.232809166331557,-0.08143859380542562,-1.1134240522896974,2.651006930289479,0.00883923851683972,-0.2170324477142916,1.0
demand,Granite,38,2002-03-01,7.305398136976141,7.233684929514741,-0.07171320746139997,-0.9816468057835872,2.2638578736947133,0.025045411634862406,-0.19102125621036026,1.0
demand,Granite,39,2002-04-01,7.304327900785664,7.233581570907731,-0.07074632987793272,-0.9685535868443577,2.254772458979766,0.02552887891159691,-0.18844417351204235,1.0
demand,Granite,40,2002-05-01,7.302391650197729,7.233604767079494,-0.06878688311823478,-0.9419774563361336,2.208768700783805,0.028555042885724354,-0.18321333865003978,1.0
demand,Granite,41,2002-06-01,7.299950299586683,7.233713477120934,-0.06623682246574969,-0.907359909964044,2.1389736433493174,0.03382052855563864,-0.17640445035544475,1.0
demand,Granite,42,2002-07-01,7.295716542887386,7.23410226094987,-0.0616142819375165,-0.844526806590155,1.9874964344714,0.04838200179366927,-0.16406083579739603,1.0
demand,Granite,43,2002-08-01,7.293364692819751,7.234240426232984,-0.059124266586767504,-0.8106583048695588,1.9167416342073904,0.056779492374004856,-0.15741627959311671,1.0
demand,Granite,44,2002-09-01,7.288051869028693,7.234853198093407,-0.053198670935286074,-0.7299436377690883,1.7122241439572536,0.08849002281133045,-0.14160460290585378,1.0
demand,Granite,45,2002-10-01,7.281599934292587,7.235688192432101,-0.04591174186048619,-0.6305172252634413,1.4575182604618657,0.1466592229886932,-0.12217380802604866,1.0
demand,Granite,46,2002-11-01,7.279263230606208,7.2359057776890365,-0.043357452917171635,-0.5956296886595881,1.3828598917043926,0.16829466690729877,-0.11536733188923266,1.0
demand,Granite,47,2002-12-01,7.273966523250866,7.236634812415221,-0.03733171083564546,-0.5132235722602865,1.1823431557827413,0.23850944780903863,-0.09931417649449581,1.0
demand,Granite,48,2003-01-01,7.266562152613891,7.237766762876927,-0.02879538973696416,-0.3962725306987986,0.8942721668256098,0.3723221385336458,-0.07658650225899948,1.0
demand,Granite,49,2003-02-01,7.261168521678137,7.23860780761305,-0.02256071406508653,-0.31070362845500377,0.696092078625895,0.4872283982955307,-0.059995979419801754,1.0
demand,Granite,50,2003-03-01,7.249289375504329,7.240655824081242,-0.008633551423087304,-0.11909514127357722,0.2521266942327292,0.8012603689731267,-0.0229548238763521,1.0
demand,Granite,51,2003-04-01,7.2473324275880096,7.240983776571562,-0.0063486510164478815,-0.0875998317985364,0.18663336035184303,0.8521697576453768,-0.016879487520522925,1.0
demand,Granite,52,2003-05-01,7.2445256383513215,7.241487763536513,-0.003037874814808106,-0.041933384826828395,0.08970540418024987,0.9286225797240172,-0.008076838867688972,1.0
demand,Granite,53,2003-06-01,7.242069123053689,7.241948478884194,-0.0001206441694945326,-0.0016658798396508789,0.0035798658142370283,0.9971475584115559,-0.0003207568870285457,1.0
demand,Granite,54,2003-07-01,7.240102186154629,7.242334275060121,0.002232088905492091,0.03082952212691905,-0.06659130144759086,0.9469764312194536,0.005934473477735234,1.0
demand,Granite,55,2003-08-01,7.238043651437964,7.242755630893412,0.004711979455447768,0.06510018013654353,-0.1412593781022825,0.8878078004016671,0.01252788652411925,1.0
demand,Granite,56,2003-09-01,7.233451033211931,7.243714966424963,0.010263933213032317,0.14189538528575255,-0.3068492040644181,0.759274239894125,0.027290182898217604,1.0
demand,Granite,57,2003-10-01,7.226732167389426,7.245160699090756,0.018428531701330186,0.2550050461879409,-0.543856722058908,0.5871500237832835,0.04900444999844718,1.0
demand,Granite,58,2003-11-01,7.220672355512572,7.246525634959977,0.025853279447405342,0.3580453200825244,-0.7562376693440832,0.450406975124261,0.06875989947320917,1.0
demand,Granite,59,2003-12-01,7.2169095169673065,7.247443637751154,0.030534120783847207,0.4230913621967963,-0.8936333506977769,0.3725805021299605,0.08122076472188129,1.0
demand,Granite,60,2004-01-01,7.213256119454192,7.248372031697514,0.035115912243322,0.4868246969439251,-1.0284101654186968,0.30495832093012587,0.09342384824101176,1.0
demand,Granite,61,2004-02-01,7.206510301583643,7.250038489915227,0.04352818833158345,0.604012018438634,-1.2591041459546157,0.20943490276051618,0.11584642161671851,1.0
demand,Granite,62,2004-03-01,7.199181024576514,7.25190344633011,0.05272242175359576,0.73233915876837,-1.5025069286843244,0.1345522908104926,0.1403855822651734,1.0
demand,Granite,63,2004-04-01,7.1960719747135995,7.252838004838068,0.05676603012446879,0.7888474479402084,-1.6217471085214044,0.10640063281868958,0.1511924137915798,1.0
demand,Granite,64,2004-05-01,7.192768674530878,7.253849994429836,0.06108131989895771,0.8492045645127259,-1.7481146428842584,0.08191193155203684,0.16273566618465699,1.0
demand,Granite,65,2004-06-01,7.189763486240002,7.254821276849556,0.06505779060955419,0.9048669088220197,-1.8661551565435452,0.06338558237212431,0.17338347094274695,1.0
demand,Granite,66,2004-07-01,7.183919158526525,7.256535282247651,0.07261612372112669,1.0108148786020137,-2.0675503827131054,0.03988713863944134,0.19364780181001273,1.0
demand,Granite,67,2004-08-01,7.180382262810689,7.257716916357126,0.07733465354643698,1.0770269703742084,-2.2037712880139066,0.028587471352645267,0.2063226246350212,1.0
demand,Granite,68,2004-09-01,7.175674814174469,7.2592396794253595,0.08356486525089046,1.1645575839894613,-2.3744788686967806,0.018433969571206812,0.2230842284776456,1.0
demand,Granite,69,2004-10-01,7.171057539250967,7.260786436482947,0.0897288972319803,1.2512644995643514,-2.543125230505163,0.011667630764904026,0.23970253450681175,1.0
demand,Granite,70,2004-11-01,7.16692560150389,7.262249620033245,0.09532401852935468,1.330054528671989,-2.698965079871914,0.00748394296360469,0.25482102746897917,1.0
demand,Granite,71,2004-12-01,7.161311934878495,7.2641639392151545,0.10285200433665942,1.436217347770154,-2.8939258858549883,0.00417976157914899,0.2752104336685567,1.0
demand,Granite,72,2005-01-01,7.157606464285739,7.265602250059571,0.10799578577383162,1.5088254196804123,-3.039357406101571,0.0026477039085201245,0.2891862472377183,0.744004798294155
demand,Granite,73,2005-02-01,7.15354736757733,7.267181585393508,0.11363421781617777,1.5885016478846903,-3.195374224954029,0.0015916231271089225,0.30454348620807414,0.44724609871760723
demand,Granite,74,2005-03-01,7.147084988250356,7.269502566915125,0.12241757866476899,1.712832278698528,-3.409150355044153,0.0007705460123407041,0.3285383495120584,0.21652342946773784
demand,Granite,75,2005-04-01,7.144222509872282,7.27082974587977,0.12660723600748813,1.7721625527835287,-3.5334856984781893,0.0004946399592891618,0.3400393829931834,0.13899382856025447
demand,Granite,76,2005-05-01,7.139083677684482,7.2728738505528145,0.1337901728683324,1.8740524541901211,-3.7184902433024902,0.0002511396046643323,0.35979971583002607,0.07057022891067738
demand,Granite,77,2005-06-01,7.133397175292127,7.275142306334877,0.14174513104275022,1.9870634924648714,-3.915993518579322,0.00011841287222740768,0.38177951340950195,0.03327401709590156
demand,Granite,78,2005-07-01,7.127203021442631,7.277631904467561,0.1504288830249294,2.110629970443592,-4.123841404015757,5.206691144752126e-05,0.4058968015825892,0.014630802116753475
demand,Granite,79,2005-08-01,7.123871758514128,7.279286299085067,0.15541454057093862,2.1816021657772575,-4.266372382907874,2.8872018745163364e-05,0.41983281004221906,0.008113037267390905
demand,Granite,80,2005-09-01,7.121412442040969,7.280700595705244,0.15928815366427518,2.236749450487154,-4.385196753872979,1.739408715304121e-05,0.4307117913901852,0.004887738490004579
demand,Granite,81,2005-10-01,7.118825458991351,7.282187828691869,0.16336236970051843,2.294793862296279,-4.50863971009096,1.0155748486491291e-05,0.44218945960540224,0.0028537653247040526
demand,Granite,82,2005-11-01,7.116469351762485,7.2836314042484185,0.1671620524859332,2.3489464258640185,-4.626075218183755,6.012578477126631e-06,0.45293532311678686,0.0016895345520725833
demand,Granite,83,2005-12-01,7.1128737984558565,7.285524058626207,0.17265026017035012,2.4272926114312754,-4.77936045177043,3.0009240941131186e-06,0.4684883968804027,0.0008432596704457863
demand,Granite,84,2006-01-01,7.109138136073695,7.287509552096704,0.1783714160230092,2.509044171161962,-4.937395323928567,1.439525969776351e-06,0.48477917253652353,0.0004045067975071546
demand,Granite,85,2006-02-01,7.104918644986816,7.289710487172146,0.18479184218533007,2.6009001850530407,-5.1085368992760545,6.377569263989594e-07,0.5031527244045966,0.00017920969631810758
demand,Granite,86,2006-03-01,7.100951390763952,7.291874996247667,0.19092360548371534,2.6887045830512992,-5.274830799141407,2.8291854260643133e-07,0.5208099969706341,7.95001104724072e-05
demand,Granite,87,2006-04-01,7.1003954280120505,7.29286380767287,0.1924683796608191,2.7106712803839694,-5.337742349362349,2.0421598246670006e-07,0.5253538676570892,5.738469107314272e-05
demand,Granite,88,2006-05-01,7.096407023586155,7.295118778499176,0.1987117549130204,2.8001741480240208,-5.506441903354671,8.699071152505537e-08,0.5434787107598458,2.444438993854056e-05
demand,Granite,89,2006-06-01,7.0938763185876486,7.2968852139149245,0.20300889532727595,2.8617484462668767,-5.636934179866629,4.39790281893802e-08,0.556060885964117,1.2358106921215836e-05
demand,Granite,90,2006-07-01,7.09222484530771,7.2983565172225475,0.2061316719148376,2.9064458108828357,-5.740507116984267,2.5226311220093634e-08,0.5652784089368256,7.088593452846311e-06
demand,Granite,91,2006-08-01,7.090402921944404,7.2999192344409325,0.2095163124965289,2.9549281585689235,-5.850319925392276,1.3888518248537984e-08,0.5752997386574489,3.902673627839173e-06
demand,Granite,92,2006-09-01,7.089253450001561,7.301249478032655,0.21199602803109396,2.990385793458228,-5.93752668189093,8.550608901567622e-09,0.5827051725782181,2.402721101340502e-06
demand,Granite,93,2006-10-01,7.087246877739128,7.302938491797219,0.21569161405809112,3.0433766140639644,-6.054548450411936,4.455118185956033e-09,0.5937218209917211,1.2518882102536453e-06
demand,Granite,94,2006-11-01,7.085594681654356,7.304517206886695,0.21892252523233946,3.0896845652089304,-6.1604289715355325,2.4427901431201346e-09,0.6034153944364467,6.864240302167578e-07
demand,Granite,95,2006-12-01,7.0843177568971285,7.305971182857503,0.2216534259603744,3.128790005848873,-6.253591111628406,1.426139143688611e-09,0.6116655463564811,4.007450993764997e-07
demand,Granite,96,2007-01-01,7.082664499223671,7.307603655658416,0.22493915643474516,3.1759115013763632,-6.360570803195703,7.654596925957855e-10,0.6216045691670871,2.1509417361941574e-07
demand,Granite,97,2007-02-01,7.080793355948506,7.309355552443439,0.22856219649493248,3.2279179041839936,-6.475754377790771,3.889189974399894e-10,0.6326020374548438,1.0928623828063703e-07
demand,Granite,98,2007-03-01,7.075085124424184,7.312766673161526,0.23768154873734204,3.359416099699381,-6.691677577280754,1.1109015843490082e-10,0.6602737725943939,3.121633452020713e-08
demand,Granite,99,2007-04-01,7.067283545993812,7.317158141915198,0.24987459592138617,3.535652620914454,-6.936484294834629,2.687944743159732e-11,0.6977290121196613,7.553124728278847e-09
demand,Granite,100,2007-05-01,7.0647167646137055,7.31937016258739,0.25465339797368447,3.60458043058728,-7.081839000990886,1.0898736453571364e-11,0.7127104176394217,3.0625449434535532e-09
demand,Granite,101,2007-06-01,7.0653493531702525,7.320206837823191,0.25485748465293856,3.6071462558122893,-7.104945391996617,9.212294291782375e-12,0.713559483083783,2.5886546959908475e-09
demand,Granite,102,2007-07-01,7.064515345499822,7.321704310365203,0.25718896486538156,3.6405747922851344,-7.190022634476871,5.310605791390321e-12,0.7210289747982627,1.4922802273806802e-09
demand,Granite,103,2007-08-01,7.066048754997656,7.322143459863381,0.25609470486572494,3.624298582494141,-7.168020245809347,5.9602268168457364e-12,0.7178334716015867,1.6748237355336519e-09
demand,Granite,104,2007-09-01,7.067161209510197,7.322767457354765,0.2556062478445682,3.6168164311944917,-7.165620119995576,5.9252070073105954e-12,0.7165206495614072,1.6649831690542774e-09
demand,Granite,105,2007-10-01,7.067221564703864,7.323880265178469,0.25665870047460526,3.631677571231771,-7.21137708817511,4.361964468665994e-12,0.7200107057945951,1.2257120156951445e-09
demand,Granite,106,2007-11-01,7.068134649960717,7.324597178466577,0.2564625285058604,3.6284329771120833,-7.216664173465218,4.143504696870647e-12,0.7196023556427161,1.1643248198206517e-09
demand,Granite,107,2007-12-01,7.068606738237176,7.325524877038311,0.2569181388011348,3.6346361923256043,-7.242076425476755,3.4712764814179988e-12,0.7212287964361652,9.754286912784576e-10
demand,Granite,108,2008-01-01,7.06792202291411,7.327022014566331,0.25909999165222075,3.6658580953811035,-7.318641336336884,2.10526735467277e-12,0.7282718279484446,5.915801266630484e-10
demand,Granite,109,2008-02-01,7.067405156845742,7.328455825444079,0.2610506685983376,3.6937272280969284,-7.38806454390462,1.3323808413420937e-12,0.7346143548151818,3.7439901641712833e-10
demand,Granite,110,2008-03-01,7.065013026149701,7.330849364463087,0.2658363383133864,3.762715473127191,-7.531882458266649,5.223867992919569e-13,0.7499674571575066,1.4679069060103987e-10
demand,Granite,111,2008-04-01,7.064965347677732,7.332093073860802,0.26712772618307046,3.7810196234136644,-7.580909333060823,3.746126790191935e-13,0.7542886042431619,1.0526616280439337e-10
demand,Granite,112,2008-05-01,7.06527051366645,7.333166572180832,0.26789605851438214,3.7917310879489627,-7.6127398458353,3.00645943641433e-13,0.7569507108164291,8.448151016324268e-11
demand,Granite,113,2008-06-01,7.066215247336864,7.33391259604082,0.26769734870395645,3.788412032945742,-7.61184409956856,2.9948605602079243e-13,0.7565258587993636,8.415558174184267e-11
demand,Granite,114,2008-07-01,7.067455274556081,7.334500197183671,0.2670449226275906,3.7785159191455113,-7.5944595641406885,3.3302451135935914e-13,0.7546472947773912,9.357988769197991e-11
demand,Granite,115,2008-08-01,7.070257615940311,7.334242139536201,0.26398452359589,3.7337327426474727,-7.487743330077204,6.654193869566903e-13,0.7450905961044929,1.8698284773482999e-10
demand,Granite,116,2008-09-01,7.071907881904126,7.3345827671033055,0.26267488519917936,3.714342573258372,-7.4460754664271205,8.676451782407502e-13,0.7411139988052188,2.4380829508565084e-10
demand,Granite,117,2008-10-01,7.073913268471838,7.3347150532201795,0.2608017847483417,3.686810607513741,-7.383567087470401,1.294646775906693e-12,0.7353479150926385,3.637957440297807e-10
demand,Granite,118,2008-11-01,7.07520434177204,7.335229058600862,0.26002471682882167,3.6751548685828688,-7.359169918352622,1.5106570809519386e-12,0.7330571731651235,4.2449463974749473e-10
demand,Granite,119,2008-12-01,7.076064995185733,7.335979567937049,0.2599145727513168,3.673151291404928,-7.356459644982552,1.534970731734358e-12,0.7328763178843141,4.3132677561735457e-10
demand,Granite,120,2009-01-01,7.076499781033107,7.336973540525886,0.26047375949277907,3.6808276344601567,-7.374747628444052,1.3644289643526704e-12,0.734816382359224,3.834045389831004e-10
demand,Granite,121,2009-02-01,7.07776878202458,7.33748760129283,0.25971881926825,3.669501325443949,-7.348645876552457,1.615167843482025e-12,0.7325806087123315,4.5386216401844903e-10
demand,Granite,122,2009-03-01,7.078024413598508,7.3385916194921,0.26056720589359195,3.6813550034241556,-7.374531998318982,1.3706497999464355e-12,0.7354346622960025,3.851525937849484e-10
demand,Granite,123,2009-04-01,7.078454547063434,7.33959968157806,0.26114513451462606,3.6892959159138017,-7.390989210624826,1.2370643194813135e-12,0.7374302095754425,3.476150737742491e-10
demand,Granite,124,2009-05-01,7.078431506478336,7.340887497027167,0.2624559905488315,3.70782694313883,-7.429850671723677,9.671266734045976e-13,0.7417654702715053,2.7176259522669193e-10
demand,Granite,125,2009-06-01,7.078173889914476,7.3423318992871245,0.26415800937264855,3.732007908834242,-7.480100039102946,7.024748561461982e-13,0.7473632271293594,1.973954345770817e-10
demand,Granite,126,2009-07-01,7.0791374404199106,7.343035104438296,0.2638976640183852,3.727822298117886,-7.466623726515037,7.71797773641573e-13,0.7466801641315841,2.16875174393282e-10
demand,Granite,127,2009-08-01,7.080103381756621,7.343734228766296,0.2636308470096749,3.7235451630406318,-7.452188265312861,8.539281988354374e-13,0.7459719070377323,2.3995382387275793e-10
demand,Granite,128,2009-09-01,7.080692400492616,7.344670728511582,0.2639783280189665,3.7281428579018776,-7.4572789285254535,8.336751137430601e-13,0.7472293534203739,2.342627069617999e-10
demand,Granite,129,2009-10-01,7.0803652132894985,7.346201655897688,0.2658364426081894,3.7545583398611617,-7.509386784785267,6.00674871926357e-13,0.7533427920554655,1.6878963901130632e-10
demand,Granite,130,2009-11-01,7.079946954304559,7.3478107519311076,0.267863797626549,3.783415318721981,-7.5660670963953605,4.1997540206116305e-13,0.7600229519665052,1.180130879791868e-10
demand,Granite,131,2009-12-01,7.078763520818977,7.349946578114125,0.2711830572951479,3.8309382210266776,-7.660832838288833,2.2824443437236607e-13,0.7709216520533229,6.413668605863486e-11
demand,Granite,132,2010-01-01,7.0777547795592355,7.351999049705909,0.2742442701466734,3.8747354025135055,-7.747806604038018,1.302232923222793e-13,0.7810414647662025,3.659274514256048e-11
demand,Granite,133,2010-02-01,7.076500759456414,7.3542491973784685,0.27774843792205406,3.9249404100027183,-7.847606986453053,6.797763510345904e-14,0.7926734822285152,1.910171546407199e-11
demand,Granite,134,2010-03-01,7.074368454710443,7.357138824424018,0.2827703697135746,3.9971111417768035,-7.990816397840366,2.6263408665822846e-14,0.8094094380857159,7.38001783509622e-12
demand,Granite,135,2010-04-01,7.073922053608157,7.3589070435916595,0.28498498998350286,4.028670203372429,-8.05138561891072,1.7760889047845536e-14,0.8169231202834955,4.990809822444596e-12
demand,Granite,136,2010-05-01,7.072776533080207,7.361190855932512,0.2884143228523053,4.077809068381527,-8.148736974463967,9.327914072637137e-15,0.8285375640755087,2.6211438544110352e-12
demand,Granite,137,2010-06-01,7.072701647441187,7.362746447887711,0.29004480044652414,4.100905352786352,-8.18969330945691,7.209081814264659e-15,0.834164801320021,2.0257519898083693e-12
demand,Granite,138,2010-07-01,7.072782487213078,7.364206599259048,0.29142411204596996,4.120360163384597,-8.221785420064737,5.925570528389944e-15,0.8389603784090661,1.6650853184775743e-12
demand,Granite,139,2010-08-01,7.0729497050919665,7.36561807729526,0.2926683722032939,4.137854564307106,-8.248707351318558,5.051561544071813e-15,0.8433096472961171,1.4194887938841795e-12
demand,Granite,140,2010-09-01,7.072551311103814,7.367461693858989,0.2949103827551758,4.169787814648588,-8.307140265287268,3.4716750589434353e-15,0.851056233855194,9.755406915631054e-13
demand,Granite,141,2010-10-01,7.071852842419878,7.36955421762064,0.297701375200762,4.209665865995215,-8.382422596740577,2.1230069687204514e-15,0.8607116614964079,5.965649582104468e-13
demand,Granite,142,2010-11-01,7.071654591798291,7.371296746837035,0.29964215503874403,4.23722837631619,-8.429995858976183,1.5741175376080287e-15,0.8674984969745485,4.4232702806785607e-13
demand,Granite,143,2010-12-01,7.071573240295247,7.372970270600337,0.3013970303050906,4.262093031684515,-8.470821760906798,1.2242139568767067e-15,0.8736689724668767,3.4400412188235456e-13
demand,Granite,144,2011-01-01,7.072274875782737,7.374053305844155,0.30177843006141813,4.2670630788798105,-8.465136389986089,1.31313291583688e-15,0.8751144436305854,3.6899034935016327e-13
demand,Granite,145,2011-02-01,7.0726118722340825,7.375427838151853,0.3028159659177705,4.2815295309301,-8.480737044915756,1.2184490398073999e-15,0.878823369347386,3.423841801858794e-13
demand,Granite,146,2011-03-01,7.069685338952412,7.379417400037326,0.30973206108491436,4.381129374717129,-8.679334524228008,3.078072253742292e-16,0.9030287794442722,8.649383033015839e-14
demand,Granite,147,2011-04-01,7.06885940621998,7.381786324063437,0.3129269178434573,4.426837483400913,-8.76519949451115,1.745169066242166e-16,0.9143930521987615,4.903925076140486e-14
demand,Granite,148,2011-05-01,7.070701156753389,7.38200924030045,0.3113080835470612,4.402789435524704,-8.687235647016056,3.092145502834077e-16,0.9088069196680885,8.688928862963757e-14
demand,Granite,149,2011-06-01,7.072269751625741,7.382440281675819,0.3101705300500779,4.385728216585309,-8.626188382226134,4.86993368586742e-16,0.9049177718730319,1.368451365728745e-13
demand,Granite,150,2011-07-01,7.074456761311732,7.382340388252085,0.30788362694035243,4.352046204085714,-8.524848762940303,1.0014032988971206e-15,0.8970023898220606,2.813943269900909e-13
demand,Granite,151,2011-08-01,7.077313085841947,7.381647009728926,0.3043339238869791,4.3001336834425805,-8.379864193698305,2.723856236836317e-15,0.8847166572411213,7.654036025510051e-13
demand,Granite,152,2011-09-01,7.079230929834849,7.381719448355852,0.30248851852100334,4.2729008492460645,-8.295348584618269,4.9463913985282475e-15,0.8783961267722677,1.3899359829864376e-12
demand,Granite,153,2011-10-01,7.081262075560716,7.381672421210758,0.3004103456500422,4.242327743903686,-8.203210224544678,9.39594557055274e-15,0.8712849006629412,2.64026070532532e-12
demand,Granite,154,2011-11-01,7.083627935168263,7.381307095302688,0.2976791601344253,4.202354540058918,-8.089563205496866,2.0384116952755292e-14,0.8619482110744033,5.727936863724237e-12
demand,Granite,155,2011-12-01,7.085254411462139,7.381569022512938,0.29631461105079904,4.182130857170597,-8.02200318029846,3.2689289600189534e-14,0.85732626314154,9.18569037765326e-12
demand,Granite,156,2012-01-01,7.0876824127344635,7.381092412180965,0.29340999944650115,4.139717080428581,-7.903925114679741,7.200058037021599e-14,0.847451565812998,2.0232163084030692e-11
demand,Granite,157,2012-02-01,7.089351684098019,7.38127458889822,0.29192290480020144,4.117765880553052,-7.832799814257167,1.1710573931683737e-13,0.8424339768219271,3.29067127480313e-11
demand,Granite,158,2012-03-01,7.091908428178805,7.380619368664514,0.2887109404857089,4.070990811705243,-7.70632515123548,2.679419369354205e-13,0.8315829771515313,7.529168427885315e-11
demand,Granite,159,2012-04-01,7.09502480202271,7.379402942189837,0.28437814016712704,4.008134546422644,-7.545417584175856,7.489947068605159e-13,0.8170228625578179,2.1046751262780494e-10
demand,Granite,160,2012-05-01,7.097569976444914,7.378676020489329,0.28110604404441464,3.9605955978924663,-7.420092689739685,1.6665380260394675e-12,0.8061013263201805,4.682971853170904e-10
demand,Granite,161,2012-06-01,7.100352286381215,7.377682890395877,0.27733060401466236,3.9058710445479523,-7.280461150682497,4.000385176837888e-12,0.7935663459705977,1.1241082346914466e-09
demand,Granite,162,2012-07-01,7.103597325525756,7.376195670411438,0.27259834488568213,3.8374689948448957,-7.113317210174391,1.115511838448127e-11,0.7779573582436654,3.134588266039237e-09
demand,Granite,163,2012-08-01,7.106421817280314,7.37506438239272,0.2686425651124065,3.7802789085663675,-6.971945098468751,2.6376786648285902e-11,0.7650010061769048,7.4118770481683385e-09
demand,Granite,164,2012-09-01,7.108480560153099,7.374646253507725,0.26616569335462614,3.7443401737163025,-6.875995349254828,4.7417281390760765e-11,0.756929981756671,1.3324256070803775e-08
demand,Granite,165,2012-10-01,7.111712215266389,7.373017854725175,0.2613056394587856,3.6742999653142974,-6.71095768510097,1.2548924804111923e-10,0.7411788060166471,3.52624786995545e-08
demand,Granite,166,2012-11-01,7.115210339500929,7.371058449918581,0.2558481104176522,3.5957912445297824,-6.53116691395379,3.546001941834762e-10,0.7236317383727201,9.964265456555681e-08
demand,Granite,167,2012-12-01,7.117700645230172,7.370070592224963,0.25236994699479176,3.5456667760242766,-6.410155691808685,7.122257627679977e-10,0.7125215700322665,2.0013543933780734e-07
demand,Granite,168,2013-01-01,7.119950494177194,7.369290438957234,0.24933994478003996,3.5019898661367668,-6.302845660955976,1.3143854553357e-09,0.7028870881041175,3.6934231294933173e-07
demand,Granite,169,2013-02-01,7.122172271292121,7.368502061534467,0.24632979024234558,3.4586328560914725,-6.196904547166371,2.3884085536813652e-09,0.6933564028911589,6.711428035844636e-07
demand,Granite,170,2013-03-01,7.123523776450363,7.368606299983154,0.24508252353279047,3.4404675442090626,-6.140476487812314,3.3003008682807202e-09,0.6894098289125634,9.273845439868824e-07
demand,Granite,171,2013-04-01,7.126109966120024,7.367358477768094,0.24124851164807026,3.3854166269542376,-6.013237947707205,6.626779753239393e-09,0.6773532030643825,1.8621251106602693e-06
demand,Granite,172,2013-05-01,7.12870736749439,7.366049531750626,0.2373421642562361,3.329385707968225,-5.885346023903414,1.3204021263708464e-08,0.6651363992563137,3.7103299751020783e-06
demand,Granite,173,2013-06-01,7.131199167426862,7.364807613647668,0.23360844622080545,3.275864840346311,-5.763322020913251,2.5244782909245405e-08,0.6535204118806724,7.093783997497959e-06
demand,Granite,174,2013-07-01,7.133687869271738,7.3635209963909745,0.2298331271192362,3.2217995983429444,-5.64136960821741,4.77442074814169e-08,0.641835403264166,1.3416122302278148e-05
demand,Granite,175,2013-08-01,7.136658520498968,7.361637679263401,0.22497915876443297,3.152443936027127,-5.49277935456553,1.0192187599046261e-07,0.626905759063398,2.8640047153319993e-05
demand,Granite,176,2013-09-01,7.13875985205341,7.360690913284201,0.22193106123079076,3.1088181397074726,-5.3921058172063825,1.6974655962193082e-07,0.617570477578592,4.7698783253762565e-05
demand,Granite,177,2013-10-01,7.141750834995768,7.358668065129157,0.21691723013338926,3.037311650113285,-5.242477726015706,3.54765092557097e-07,0.602311047333645,9.968899100854425e-05
demand,Granite,178,2013-11-01,7.143994962508621,7.3574592077307805,0.21346424522215912,2.988023456657099,-5.133540112499169,6.030188439494398e-07,0.5918507850928532,0.0001694482951497926
demand,Granite,179,2013-12-01,7.145862397293679,7.356653830522094,0.21079143322841531,2.949838962869582,-5.045003225886586,9.239327956357079e-07,0.5837788898426896,0.0002596251155736339
demand,Granite,180,2014-01-01,7.14811180550789,7.355351132231294,0.20723932672340428,2.8992177565510175,-4.935217222709776,1.551015588907337e-06,0.5731012670984672,0.00043583538048296174
demand,Granite,181,2014-02-01,7.148898127682532,7.355789747184761,0.20689161950222879,2.894035077952595,-4.906086773014958,1.7885570345620933e-06,0.5720333569195538,0.0005025845267119482
demand,Granite,182,2014-03-01,7.150587458526176,7.355105620694687,0.20451816216851082,2.8601588800182935,-4.826221141745969,2.593783019367301e-06,0.5649177199878107,0.0007288530284422116
demand,Granite,183,2014-04-01,7.153663940249078,7.3526502919746655,0.19898635172558787,2.781600497138527,-4.671263591199267,5.209802875985647e-06,0.5484500010399253,0.0014639546081519669
demand,Granite,184,2014-05-01,7.155628855771268,7.35152920159979,0.19590034582852223,2.7377097076593295,-4.575748655098399,7.96794375066138e-06,0.53929696575132,0.002238992193935848
demand,Granite,185,2014-06-01,7.157017601057443,7.351105468737889,0.19408786768044628,2.711853994208006,-4.511403051301748,1.0591923369378406e-05,0.5339245168608099,0.002976330466795332
demand,Granite,186,2014-07-01,7.158711117777694,7.3502599705400815,0.19154885276238787,2.6757449715592254,-4.429947156110517,1.5083610395896448e-05,0.5264285943914598,0.004238494521246902
demand,Granite,187,2014-08-01,7.160617025098889,7.349099014087255,0.18848198898836532,2.632203179247145,-4.336595843339092,2.244642821713998e-05,0.5174089177031405,0.0063074463290163345
demand,Granite,188,2014-09-01,7.16289254524423,7.347401738921755,0.18450919367752583,2.575903414885511,-4.223075486424684,3.600652234273997e-05,0.5057788166325019,0.010117832778309932
demand,Granite,189,2014-10-01,7.1654132743299135,7.345316677468067,0.17990340313815345,2.510719148365904,-4.096300312702476,6.0266793585297244e-05,0.4923622745696126,0.016934968997468526
demand,Granite,190,2014-11-01,7.167456092692168,7.343818604909142,0.17636251221697385,2.4606012221936098,-3.994689391743789,9.036711728346278e-05,0.4820856018025166,0.02539315995665304
demand,Granite,191,2014-12-01,7.170022188962021,7.341544968131425,0.17152277916940406,2.392221037104417,-3.8650507304408177,0.0001494891715510629,0.46810912696294343,0.042006457205848675
demand,Granite,192,2015-01-01,7.171649364113293,7.340516538570297,0.16886717445700405,2.354649061651146,-3.785180800594098,0.00020289768330249085,0.46045748283603605,0.05701424900799993
demand,Granite,193,2015-02-01,7.173629258197721,7.338948506336197,0.1653192481384762,2.304541288491545,-3.6859966281076715,0.0002940352768319192,0.4502744080373963,0.0826239127897693
demand,Granite,194,2015-03-01,7.174641628568691,7.338718279641162,0.16407665107247116,2.2868968175237447,-3.639032857932507,0.0003502410478466481,0.44670052043491415,0.09841773444490812
demand,Granite,195,2015-04-01,7.176289606861704,7.33754455489441,0.16125494803270612,2.247051845267227,-3.557001803650459,0.000471955565947785,0.4386317204679176,0.13261951403132757
demand,Granite,196,2015-05-01,7.178219611528008,7.335912780709724,0.15769316918171583,2.196828429830501,-3.45948955637617,0.000667510452620234,0.42848342649432153,0.18757043718628574
demand,Granite,197,2015-06-01,7.179868425760231,7.334646695599374,0.15477826983914245,2.155725713354614,-3.3767402597303375,0.0008908643159319679,0.42019877578967185,0.250332872776883
demand,Granite,198,2015-07-01,7.181287712676058,7.333683027358958,0.15239531468290046,2.1221168233365684,-3.3060888623064444,0.0011352385534150738,0.41343825351253205,0.31900203350963574
demand,Granite,199,2015-08-01,7.182935587038513,7.332332783640144,0.14939719660163053,2.07989052374652,-3.222731743326116,0.001502271595246092,0.40495859078451674,0.4221383182641518
demand,Granite,200,2015-09-01,7.184420624777402,7.331188517351959,0.14676789257455702,2.0428633043615037,-3.1478529962759176,0.0019232118670280652,0.397537722251612,0.5404225346348863
demand,Granite,201,2015-10-01,7.1858073132453475,7.330157607277876,0.1443502940325283,2.0088250037884046,-3.0779981614681446,0.0024118464373551326,0.39072756047247786,0.6777288488967923
demand,Granite,202,2015-11-01,7.187207101991855,7.329067788122268,0.14186068613041325,1.9737943281347512,-3.007116963895503,0.0030219695253268426,0.38372976955837473,0.8491734366168427
demand,Granite,203,2015-12-01,7.188939916974525,7.327401909111541,0.1384619921370156,1.9260418606376044,-2.917914519294217,0.003987691750724916,0.3742069655964083,1.0
demand,Granite,204,2016-01-01,7.190123044777599,7.326578740474022,0.1364556956964229,1.8978214259564687,-2.8582493996114047,0.004785877547306589,0.36859011265814773,1.0
demand,Granite,205,2016-02-01,7.19144886512617,7.3254873092178885,0.1340384440917184,1.8638586827991963,-2.790480043991339,0.0058651297619380476,0.36183855523011277,1.0
demand,Granite,206,2016-03-01,7.19115446687647,7.327070109896994,0.13591564302052372,1.8900392648575615,-2.8138399959143476,0.0054819196814885045,0.3670474131598138,1.0
demand,Granite,207,2016-04-01,7.192425856614725,7.326026978480614,0.13360112186588857,1.8575251873193575,-2.7485305077443116,0.006652495689656418,0.3605854842937454,1.0
demand,Granite,208,2016-05-01,7.193981465522208,7.324457015415402,0.13047554989319377,1.8136764810767079,-2.6674291732380473,0.00841463132615554,0.3518839966919618,1.0
demand,Granite,209,2016-06-01,7.195142515141548,7.3235221502441625,0.12837963510261474,1.7842542358605271,-2.607618854553209,0.009975848444258431,0.3460547990985255,1.0
demand,Granite,210,2016-07-01,7.196148739428193,7.322825280789597,0.1266765413614035,1.7603380078476425,-2.5561153877200358,0.0115247816606955,0.3413218225078064,1.0
demand,Granite,211,2016-08-01,7.19669592905618,7.322920361551091,0.12622443249491155,1.753921990580272,-2.5301141881427953,0.012392956539794652,0.34005404476425494,1.0
demand,Granite,212,2016-09-01,7.19777921535559,7.322036325115365,0.12425710975977466,1.7263256629862607,-2.4738697510745467,0.014451423892784147,0.3345991714800748,1.0
demand,Granite,213,2016-10-01,7.198440661230704,7.321892955618474,0.1234522943877705,1.7149866227648267,-2.4409910816632387,0.015797721891820892,0.33236020094362134,1.0
demand,Granite,214,2016-11-01,7.198989894520673,7.321944402317034,0.12295450779636141,1.7079411083761222,-2.4142739674358817,0.016975292058225188,0.330969749799859,1.0
demand,Granite,215,2016-12-01,7.199546864628829,7.3219725245498655,0.12242565992103671,1.7004634072529,-2.386941418501842,0.018258508110293743,0.32949413127767246,1.0
demand,Granite,216,2017-01-01,7.200472384901567,7.321286801372956,0.12081441647138913,1.6778679232868234,-2.338634519084875,0.020718521965302446,0.32503628148698366,1.0
demand,Granite,217,2017-02-01,7.201178015760218,7.320998341731388,0.11982032597117076,1.6638989580445958,-2.302496996234706,0.022749600581837455,0.3222823255603208,1.0
demand,Granite,218,2017-03-01,7.201006484185318,7.32241468595931,0.12140820177399192,1.6859893410820526,-2.3167847295582025,0.0219564663248576,0.32663834950950005,1.0
demand,Granite,219,2017-04-01,7.202045807812411,7.3214491980269525,0.11940339021454172,1.6579093413293626,-2.2615442762441025,0.025278146402188686,0.3211017812863973,1.0
demand,Granite,220,2017-05-01,7.202731694937287,7.321160282639262,0.11842858770197484,1.6442176762632552,-2.2260178506114388,0.02764737706710267,0.3184040534183885,1.0
demand,Granite,221,2017-06-01,7.203165093413671,7.32136998193946,0.11820488852578936,1.641013179523983,-2.20475500037897,0.029165677257413643,0.31777236574078793,1.0
demand,Granite,222,2017-07-01,7.203595806232944,7.321581072057655,0.1179852658247107,1.6378662684353196,-2.1835101622924284,0.03075369725621908,0.31715185748761665,1.0
demand,Granite,223,2017-08-01,7.204840999801795,7.320074535264929,0.1152335354631342,1.5993904024572405,-2.116040349225297,0.036232460724373465,0.3095805836293362,1.0
demand,Granite,224,2017-09-01,7.206553654108636,7.317518334986176,0.11096468087754019,1.5397745746925293,-2.0226073712738186,0.045174277512214124,0.2978696138186134,1.0
demand,Granite,225,2017-10-01,7.207968220190778,7.315524943759209,0.1075567235684316,1.4921919781381172,-1.9452571559079397,0.053942147919660094,0.28853880476183835,1.0
demand,Granite,226,2017-11-01,7.209644258260455,7.312891663369127,0.10324740510867247,1.4320735033545753,-1.8532528176223202,0.06618503264629058,0.2767696003209521,1.0
demand,Granite,227,2017-12-01,7.210679045688461,7.311600983554925,0.10092193786646408,1.3996176674485206,-1.796614295640304,0.07482726958466879,0.270424650273528,1.0
demand,Granite,228,2018-01-01,7.211838095191641,7.309983742477115,0.09814564728547381,1.3608964315340162,-1.7327979619532594,0.08564934884667776,0.26286259826271663,1.0
demand,Granite,229,2018-02-01,7.212858092840158,7.308629404334869,0.09577131149471096,1.327785882683292,-1.6766136537314318,0.09620686146391112,0.2564027889090343,1.0
demand,Granite,230,2018-03-01,7.212539152084782,7.3103377647917505,0.09779861270696877,1.3559526076014452,-1.6979692013109315,0.09213002297462516,0.2618979233345528,1.0
demand,Granite,231,2018-04-01,7.213358114827587,7.309405297639905,0.09604718281231772,1.331518292636625,-1.6529161954922522,0.10102645335232115,0.2571310399727453,1.0
demand,Granite,232,2018-05-01,7.214098143649573,7.30862550894002,0.09452736529044703,1.3103143789866178,-1.6122305873169165,0.10964430942072041,0.2529969496726507,1.0
demand,Granite,233,2018-06-01,7.214220397571639,7.309313448538449,0.09509305096681064,1.318133432668895,-1.6072698103668817,0.1107711505582357,0.25452100792702836,1.0
demand,Granite,234,2018-07-01,7.21498211713156,7.308438192474714,0.09345607534315459,1.295305710061963,-1.5650998479230782,0.12038310890336289,0.2500720572114703,1.0
demand,Granite,235,2018-08-01,7.216614746099036,7.3053508336235,0.08873608752446405,1.229608211695527,-1.4736047180112601,0.14343383173881263,0.23728260285031536,1.0
demand,Granite,236,2018-09-01,7.218063483374235,7.302628619543695,0.08456513616946015,1.1715765089105092,-1.392072404663439,0.166738167284419,0.22600185690756328,1.0
demand,Granite,237,2018-10-01,7.218813095716968,7.301616739227842,0.0828036435108741,1.1470534340333978,-1.3500762821106855,0.1798351356262211,0.22123947133290775,1.0
demand,Granite,238,2018-11-01,7.219962729698014,7.299519934348962,0.07955720465094807,1.1019060295658294,-1.2850395285436895,0.20158909133410322,0.21247793560055594,1.0
demand,Granite,239,2018-12-01,7.22023582434593,7.2996786852800595,0.07944286093412956,1.100280695351473,-1.2705046164335587,0.20674009554050704,0.21216321254990403,1.0
demand,Granite,240,2019-01-01,7.2212852697117835,7.297741336663538,0.07645606695175466,1.0587598203942188,-1.2108894830897003,0.22872412392407004,0.20411287777815282,1.0
demand,Granite,241,2019-02-01,7.22191452083689,7.296886865593096,0.07497234475620562,1.0381228487251284,-1.1753589984390502,0.24261851779214197,0.20011435004138267,1.0
demand,Granite,242,2019-03-01,7.221242807375225,7.29961706102389,0.07837425364866579,1.085329156480105,-1.2170540050601595,0.22646787523863746,0.20926476006536848,1.0
demand,Granite,243,2019-04-01,7.222554062314851,7.296823331992723,0.07426926967787217,1.0282964867703412,-1.1420677901187362,0.2562128659729285,0.198211893386893,1.0
demand,Granite,244,2019-05-01,7.2237419516535235,7.294287146946159,0.07054519529263548,0.9765741324202146,-1.0739121931657263,0.28554344190882036,0.1881978834573503,1.0
demand,Granite,245,2019-06-01,7.2248402131148435,7.291923708104126,0.06708349498928268,0.9285118149396551,-1.0107169812368304,0.31472176633753934,0.1789001659046412,1.0
demand,Granite,246,2019-07-01,7.225366985857878,7.291170664733073,0.065803678875195,0.9107313027004958,-0.9806155909889408,0.3293156432827621,0.17546275024183391,1.0
demand,Granite,247,2019-08-01,7.22653303798806,7.288460772083323,0.06192773409526353,0.8569494357768112,-0.9132117755213383,0.36351900517971397,0.16506914785700488,1.0
demand,Granite,248,2019-09-01,7.227518649134993,7.286207638375367,0.058688989240374134,0.8120212771418884,-0.8560765287979377,0.394215743589223,0.15639242641617548,1.0
demand,Granite,249,2019-10-01,7.228570878943923,7.283666185460577,0.05509530651665351,0.7621880927686607,-0.7949119316631619,0.4287769054822654,0.1467738505725738,1.0
demand,Granite,250,2019-11-01,7.23047061212096,7.278351780552445,0.047881168431485044,0.6622137202413684,-0.6845653063826369,0.4954205937945783,0.12749154155131404,1.0
demand,Granite,251,2019-12-01,7.231433969510696,7.275865607008952,0.04443163749825629,0.614423607898375,-0.6280985242752238,0.5315955651024117,0.11828076242485669,1.0
demand,Granite,252,2020-01-01,7.232520847586522,7.27288558574129,0.04036473815476782,0.5581005434396702,-0.5642146784532966,0.5740929660755588,0.10742944427105218,1.0
demand,Granite,253,2020-02-01,7.233248508186712,7.270994356876905,0.03774584869019293,0.5218381291265127,-0.5213516547367357,0.6034994175721646,0.1004454009653731,1.0
demand,Granite,254,2020-03-01,7.234318167872577,7.267875054056649,0.03355688618407182,0.463856930333768,-0.45814794627586103,0.6480537107173122,0.08928069879117832,1.0
demand,Granite,255,2020-04-01,7.235442170804063,7.264455272146578,0.02901310134251478,0.4009858783694846,-0.3915276684338944,0.6964359877577623,0.07717747191392504,1.0
demand,Granite,256,2020-05-01,7.234534449272745,7.268035954521375,0.033501505248629826,0.4630775550733272,-0.44682939507794844,0.6562114961733568,0.08913195469820843,1.0
demand,Granite,257,2020-06-01,7.223666510144513,7.30729375814921,0.08362724800469667,1.1576842298472008,-1.2748131311655795,0.20581835926937272,0.2232912404018769,1.0
demand,Granite,258,2020-07-01,7.213210930565068,7.34646512124078,0.13325419067571254,1.8473630115412927,-2.456300859125517,0.0157539241375639,0.3581307399044483,1.0
demand,Granite,259,2020-08-01,7.2030276504289,7.3860468890399735,0.18301923861107383,2.540865417893767,-4.723028048521965,4.822381863398097e-06,0.49660198374501047,0.001355089303614865
demand,Granite,260,2020-09-01,7.197513151991154,7.409478611249028,0.21196545925787458,2.9449818955764666,-6.741024633304069,8.80473596468373e-11,0.579096036303588,2.4741308060761282e-08
demand,Granite,261,2020-10-01,7.196340391348893,7.417097081644437,0.220756690295544,3.067624351968224,-7.214148189609052,4.575599359130132e-12,0.6043498073813727,1.285743419915567e-09
demand,Granite,262,2020-11-01,7.1965007453987475,7.419764901483746,0.2232641560849986,3.102398846102362,-7.305936675146901,2.6275096147816583e-12,0.6114292377967131,7.38330201753646e-10
demand,Granite,263,2020-12-01,7.196889909762718,7.421596930701333,0.22470702093861483,3.1222795368009657,-7.346291693372625,2.1047574008495873e-12,0.6154117499162863,5.914368296387341e-10
demand,Granite,264,2021-01-01,7.197581878921314,7.422243502440864,0.22466162351955,3.1213486320661286,-7.323307223392202,2.5378181496979114e-12,0.6150655924681913,7.131269000651131e-10
demand,Granite,265,2021-02-01,7.197816738285245,7.424781375754578,0.22696463746933304,3.153242791833061,-7.400817351893745,1.6107114575947654e-12,0.621534040448237,4.5260991958412906e-10
demand,Granite,266,2021-03-01,7.197666056879097,7.429020199429255,0.23135414255015796,3.214293921416979,-7.5933867014326335,4.758173727067737e-13,0.6340698314747192,1.3370468173060342e-10
demand,Granite,267,2021-04-01,7.198027762360796,7.4311940507024286,0.233166288341633,3.2393079887921905,-7.646503055300347,3.544038535664775e-13,0.6391036479786749,9.958748285218018e-11
demand,Granite,268,2021-05-01,7.198123678249705,7.434595047917408,0.23647136966770255,3.285180697606503,-7.776760739557094,1.5758080071578495e-13,0.6484838649466758,4.4280205001135574e-11
demand,Granite,269,2021-06-01,7.198051747440367,7.438858727207075,0.24080697976670784,3.3454466321715315,-7.970618657983,4.485576303618864e-14,0.6608765511013774,1.2604469413169007e-11
demand,Granite,270,2021-07-01,7.197956263462447,7.443377162017328,0.24542089855488136,3.4095914113935732,-8.187238440765281,1.0663347165438823e-14,0.674095271897368,2.996400553488309e-12
demand,Granite,271,2021-08-01,7.198651203294495,7.444361510363364,0.24571030706886887,3.4132825737746324,-8.168315568982395,1.3160394505820859e-14,0.6746410319901823,3.698070856135661e-12
demand,Granite,272,2021-09-01,7.199070942646606,7.446669250772037,0.24759830812543093,3.4393091844488195,-8.22162648691004,9.948448580922104e-15,0.6798610793355305,2.7955140512391113e-12
demand,Granite,273,2021-10-01,7.199479046561382,7.449101142546888,0.24962209598550622,3.467224425144078,-8.279973805170147,7.314991246908923e-15,0.6854694926660185,2.055512540381407e-12
demand,Granite,274,2021-11-01,7.199968102691077,7.451203337391418,0.25123523470034126,3.489393718375488,-8.31497662811847,6.3864374673623214e-15,0.6898651780234264,1.7945889283288124e-12
demand,Granite,275,2021-12-01,7.200597985838591,7.452648103486488,0.2520501176478964,3.500405357216208,-8.309219214796462,7.461043027944545e-15,0.6919137625417036,2.096553090852417e-12
demand,Granite,276,2022-01-01,7.20163853571204,7.451985053535091,0.2503465178230506,3.4762438656371466,-8.207183280715597,1.6512211517697974e-14,0.686597226421197,4.6399314364731304e-12
demand,Granite,277,2022-02-01,7.202086323772133,7.454414077096197,0.25232775332406376,3.503536919450664,-8.251824880321807,1.3881577282522474e-14,0.6920383491939306,3.900723216388815e-12
demand,Granite,278,2022-03-01,7.202062316676267,7.459492542311388,0.25743022563512064,3.574395975983779,-8.48996995196573,2.9672636791775377e-15,0.7065881833119748,8.338010938488881e-13
demand,Granite,279,2022-04-01,7.202920503094341,7.459852466611238,0.2569319635168972,3.567052606043901,-8.420283002749258,5.542434545933367e-15,0.7047596425959497,1.5574241074072762e-12
demand,Granite,280,2022-05-01,7.203782598180857,7.460169718433528,0.2563871202526711,3.559062433636122,-8.345819867025162,1.0710469258977442e-14,0.7027978664462398,3.0096418617726614e-12
demand,Granite,281,2022-06-01,7.204251820187071,7.462764212944077,0.2585123927570061,3.5883308802813803,-8.387109226098088,9.637468519617258e-15,0.7086114403618387,2.7081286540124493e-12
demand,Granite,282,2022-07-01,7.2048417371516535,7.4647249748322695,0.25988323768061594,3.6070637935116894,-8.386411063780711,1.169719536689846e-14,0.7122144228152913,3.286911898098467e-12
demand,Granite,283,2022-08-01,7.2058133483142415,7.464397089585926,0.2585837412716847,3.588543426984254,-8.27665611793149,2.870615850583628e-14,0.7080426977033315,8.066430540139996e-12
demand,Granite,284,2022-09-01,7.206171532312976,7.467882855933284,0.26171132362030747,3.631766499683995,-8.360913645575597,2.013611640556921e-14,0.7167284543914865,5.658248709964948e-12
demand,Granite,285,2022-10-01,7.206662420704723,7.470651222569014,0.26398880186429086,3.663121518025483,-8.393735425484962,2.0330494206209774e-14,0.722929711554666,5.712868871944946e-12
demand,Granite,286,2022-11-01,7.207159787169039,7.473482431710181,0.26632264454114196,3.6952510060242894,-8.42495235423292,2.1112128699569083e-14,0.7292791162358859,5.932508164578912e-12
demand,Granite,287,2022-12-01,7.2076026592486535,7.47679715451236,0.2691944952637062,3.7348686933828286,-8.481170119939074,1.8924207842808944e-14,0.737174834792109,5.317702403829313e-12
demand,Granite,288,2023-01-01,7.2083878084876325,7.4778476792547455,0.269459870767113,3.7381433675062974,-8.405843748723555,4.0036022934066787e-14,0.7374868510705085,1.1250122444472767e-11
demand,Granite,289,2023-02-01,7.208280850762959,7.485356945584691,0.2770760948217319,3.843858203615982,-8.80214144289469,3.570146472486568e-15,0.7591279684197516,1.0032111587687256e-12
demand,Granite,290,2023-03-01,7.208537916469868,7.490549946605677,0.28201203013580933,3.912194586526015,-8.98981743532496,1.3727111956360285e-15,0.7729755184152606,3.8573184597372404e-13
demand,Granite,291,2023-04-01,7.209035511718033,7.49416078378777,0.28512527206973637,3.955109828579361,-9.049756990813798,1.3211605981296197e-15,0.7814945829588374,3.7124612807442313e-13
demand,Granite,292,2023-05-01,7.209144270421585,7.501008560291365,0.2918642898697801,4.048528908864687,-9.387511576939128,1.7880767779673162e-16,0.8005627052649037,5.0244957460881583e-14
demand,Granite,293,2023-06-01,7.210205827022409,7.500476010453244,0.29027018343083544,4.025823816886903,-9.22334959991307,7.673942258513845e-16,0.7953120120659953,2.1563777746423906e-13
demand,Granite,294,2023-07-01,7.210899518446376,7.50294243630423,0.2920429178578541,4.050020626563607,-9.190286845903035,1.488169243699893e-15,0.7998589791959281,4.181755574796699e-13
demand,Granite,295,2023-08-01,7.211619013117619,7.5052892595348695,0.2936702464172507,4.072181931450863,-9.141332063348742,3.2392985216759905e-15,0.8039624718576373,9.102428845909532e-13
demand,Granite,296,2023-09-01,7.212493064051414,7.506348385898928,0.29385532184751373,4.074254480911054,-9.018189532934176,1.1001728520024164e-14,0.8038664287371062,3.09148571412679e-12
demand,Granite,297,2023-10-01,7.213311369581632,7.507936466504321,0.29462509692268934,4.0844638727937985,-8.911332561066128,3.371171986622161e-14,0.8054543724513519,9.472993282408272e-12
demand,Granite,298,2023-11-01,7.214148928614528,7.50938912795979,0.2952401993452618,4.092516002465761,-8.789138311559089,1.1101991837727348e-13,0.806583150004095,3.1196597064013846e-11
demand,Granite,299,2023-12-01,7.214739936245072,7.513340091886865,0.2986001556417923,4.1387514765667275,-8.794049371907724,1.8031737092563678e-13,0.8156078587460145,5.0669181230103937e-11
demand,Granite,300,2024-01-01,7.215137914819825,7.519519629239152,0.3043817144193275,4.218654140957311,-8.950010543568526,1.2669590869327167e-13,0.8315802366578278,3.560155034280934e-11
demand,Granite,301,2024-02-01,7.215809483398546,7.52317104253287,0.30736155913432395,4.259557570657491,-8.911864425663522,2.7840822482010463e-13,0.8394348666951987,7.82327111744494e-11
demand,Granite,302,2024-03-01,7.215396459732026,7.539174550178193,0.3237780904461669,4.487322245605223,-10.421243378848718,2.4251530588205594e-17,0.8860718375851417,6.814680095285772e-15
demand,Granite,303,2024-04-01,7.216110184492764,7.543309915099068,0.3271997306063046,4.534295101389228,-10.434568385811628,5.322092994269063e-17,0.8950810485035048,1.4955081313896068e-14
demand,Granite,304,2024-05-01,7.216364288352965,7.553308001383269,0.3369437130303039,4.669161638279858,-11.142781731478095,7.397624587429356e-19,0.9223596858821974,2.078732509067649e-16
demand,Ready-Mixed Concrete,24,2001-01-01,6.691903809753317,6.780395006678747,0.08849119692543006,1.3223620578116484,-3.0678698888658187,0.0025199094373108246,0.22115881169089016,0.7080945518843417
demand,Ready-Mixed Concrete,25,2001-02-01,6.678652804382776,6.781775816978711,0.10312301259593504,1.544069075252152,-3.2809893267345513,0.0013707363649793165,0.2579029130117932,0.38517691855918795
demand,Ready-Mixed Concrete,26,2001-03-01,6.6717386341272515,6.782709452091712,0.11097081796446062,1.6632968413484175,-3.498723323998348,0.0006645860925567442,0.2776604114877046,0.1867486920084451
demand,Ready-Mixed Concrete,27,2001-04-01,6.668920310367248,6.783328874474111,0.11440856410686262,1.7155485263335273,-3.645614782466773,0.00038820145683368266,0.2863429707709795,0.10908460937026483
demand,Ready-Mixed Concrete,28,2001-05-01,6.662881984612091,6.784270674092886,0.12138868948079473,1.8218646189613084,-3.848895447710893,0.0001856196125453693,0.30396743393917486,0.05215911112524878
demand,Ready-Mixed Concrete,29,2001-06-01,6.658932044086685,6.785057130641945,0.12612508655526078,1.894073790214804,-4.019725134201625,9.55067828532835e-05,0.3159586120478981,0.026837405981772665
demand,Ready-Mixed Concrete,30,2001-07-01,6.65598680233748,6.785774462879507,0.12978766054202673,1.9499386701975925,-4.1685932849212,5.192965318349701e-05,0.3252543292064003,0.01459223254456266
demand,Ready-Mixed Concrete,31,2001-08-01,6.652633583556639,6.786558816714233,0.1339252331575933,2.0131160310499774,-4.325085782592701,2.695592682116594e-05,0.3357663518882592,0.007574615436747628
demand,Ready-Mixed Concrete,32,2001-09-01,6.646636218288089,6.787655924194876,0.14101970590678725,2.12167028968389,-4.518371054508974,1.2146421889642355e-05,0.3537940248654878,0.0034131445509895018
demand,Ready-Mixed Concrete,33,2001-10-01,6.644167861958819,6.788407530494784,0.14423966853596504,2.170921498865331,-4.6550751525966785,6.524477717385532e-06,0.362023000753518,0.0018333782385853343
demand,Ready-Mixed Concrete,34,2001-11-01,6.642977627560395,6.789033658081504,0.14605603052110894,2.198653054545171,-4.755321565116685,4.025099418420903e-06,0.36669715217002496,0.0011310529365762738
demand,Ready-Mixed Concrete,35,2001-12-01,6.64038992462158,6.7898385071746326,0.1494485825530525,2.250599501678649,-4.891484263855886,2.113722622034843e-06,0.37538918178484804,0.0005939560567917909
demand,Ready-Mixed Concrete,36,2002-01-01,6.63753637507527,6.79069917736651,0.15316280229123969,2.3075248651952256,-5.032513872028549,1.0720096933053786e-06,0.3849175675977082,0.0003012347238188114
demand,Ready-Mixed Concrete,37,2002-02-01,6.635868599943743,6.7914350351821176,0.15556643523837455,2.3443266378073457,-5.142829387121906,6.135550550300831e-07,0.3911192256693106,0.00017240897046345334
demand,Ready-Mixed Concrete,38,2002-03-01,6.626585904959765,6.793181800971223,0.16659589601145797,2.514053215348296,-5.305756337455531,3.1436715674431314e-07,0.41940931382737234,8.833717104515199e-05
demand,Ready-Mixed Concrete,39,2002-04-01,6.627476458982973,6.793636505416418,0.16616004643344517,2.507138991165024,-5.33193790982375,2.622478758549649e-07,0.41837803513066213,7.369165311524514e-05
demand,Ready-Mixed Concrete,40,2002-05-01,6.62657899014466,6.794335670814224,0.16775668066956406,2.531572941619789,-5.421164963946412,1.614361099402139e-07,0.4225609429886032,4.5363546893200105e-05
demand,Ready-Mixed Concrete,41,2002-06-01,6.624765070143911,6.795176390955545,0.1704113208116338,2.5723375698201463,-5.535852621706903,8.748766479021033e-08,0.42947038303700463,2.4584033806049103e-05
demand,Ready-Mixed Concrete,42,2002-07-01,6.623697274582229,6.7959264213890025,0.1722291468067736,2.600196531741956,-5.627341574114264,5.263904504560601e-08,0.43423951534144545,1.4791571657815289e-05
demand,Ready-Mixed Concrete,43,2002-08-01,6.6225629754480995,6.79669916268122,0.1741361872331204,2.62943799671966,-5.719316798500998,3.1442945700417544e-08,0.43924710359445446,8.83546774181733e-06
demand,Ready-Mixed Concrete,44,2002-09-01,6.620919531009729,6.797563891602347,0.17664436059261757,2.6679732288738185,-5.825123821133025,1.7423003148727274e-08,0.44581606370106597,4.895863884792364e-06
demand,Ready-Mixed Concrete,45,2002-10-01,6.619289634669826,6.798444137010405,0.1791545023405785,2.7065517937487082,-5.929454453913545,9.658434562653051e-09,0.4524044008121639,2.714020112105507e-06
demand,Ready-Mixed Concrete,46,2002-11-01,6.619888945613004,6.798979777289396,0.17909083167639128,2.7053449559010296,-5.952525768729512,8.222983480835946e-09,0.45234205411914935,2.3106583581149005e-06
demand,Ready-Mixed Concrete,47,2002-12-01,6.6179615647089145,6.79993608131127,0.18197451660235586,2.749706459051638,-6.062354068960903,4.401895328685124e-09,0.45991706544795835,1.2369325873605198e-06
demand,Ready-Mixed Concrete,48,2003-01-01,6.616041361916209,6.800911683626759,0.18487032171054985,2.7942739713617164,-6.17127239888438,2.3495792960253627e-09,0.4675423688910321,6.602317821831269e-07
demand,Ready-Mixed Concrete,49,2003-02-01,6.613648252774462,6.80199072887553,0.18834247610106747,2.847784897269926,-6.2915432389458665,1.1715578731730998e-09,0.4766879699306095,3.2920776236164104e-07
demand,Ready-Mixed Concrete,50,2003-03-01,6.604682804449812,6.804272502683177,0.19958969823336492,3.0219422210388993,-6.4219397802884135,6.379810233355724e-10,0.5061955639815674,1.7927266755729585e-07
demand,Ready-Mixed Concrete,51,2003-04-01,6.6045133385414285,6.805021540307497,0.20050820176606887,3.035926971272497,-6.479898119149896,4.3798488935266085e-10,0.5087424744149944,1.230737539080977e-07
demand,Ready-Mixed Concrete,52,2003-05-01,6.602948961872579,6.806039070230048,0.20309010835746832,3.07574857128492,-6.583094537288419,2.3269430548323335e-10,0.5156653531586282,6.538709984078857e-08
demand,Ready-Mixed Concrete,53,2003-06-01,6.601564906090102,6.807040682783774,0.2054757766936719,3.112531340926688,-6.680161381405991,1.2722292392037586e-10,0.522090496265112,3.5749641621625615e-08
demand,Ready-Mixed Concrete,54,2003-07-01,6.600407511329852,6.808015137670128,0.20760762634027596,3.145375887532846,-6.769308727390533,7.246168527279435e-11,0.5278629847337971,2.0361733561655214e-08
demand,Ready-Mixed Concrete,55,2003-08-01,6.599258260494075,6.809003518773442,0.20974525827936663,3.1783156530634606,-6.85726867434803,4.1414037954597026e-11,0.533665870145735,1.1637344665241764e-08
demand,Ready-Mixed Concrete,56,2003-09-01,6.596285422058644,6.810381629435214,0.21409620737656976,3.2457086629485503,-6.991562912445892,1.805001240687604e-11,0.5453565274678249,5.0720534863321675e-09
demand,Ready-Mixed Concrete,57,2003-10-01,6.593818763179941,6.811685657977356,0.21786689479741472,3.3041080233201017,-7.115398140573491,8.251285790947639e-12,0.5555506537038682,2.3186113072562865e-09
demand,Ready-Mixed Concrete,58,2003-11-01,6.590982789785867,6.813096555953937,0.22211376616806966,3.369964286847817,-7.247127486705728,3.5708570834898e-12,0.5670577437082978,1.003410840460634e-09
demand,Ready-Mixed Concrete,59,2003-12-01,6.588283377767493,6.814509071047462,0.2262256932799689,3.4337577834520494,-7.376269091646,1.5520342360998611e-12,0.5782535613864012,4.36121620344061e-10
demand,Ready-Mixed Concrete,60,2004-01-01,6.586724518618629,6.815697759680221,0.2289732410615919,3.4762838557215425,-7.476761807089769,7.951977348013371e-13,0.5858270736443741,2.234505634791757e-10
demand,Ready-Mixed Concrete,61,2004-02-01,6.582062846716845,6.817613189631976,0.23555034291513088,3.5786705232178724,-7.6320077056614535,2.9560290034626564e-13,0.6037733454268219,8.306441499730064e-11
demand,Ready-Mixed Concrete,62,2004-03-01,6.579913866947294,6.818994414683014,0.2390805477357203,3.6334905375689983,-7.750117579763591,1.3333627153025075e-13,0.6135563662122426,3.746749230000046e-11
demand,Ready-Mixed Concrete,63,2004-04-01,6.578991402984036,6.82011169204174,0.24112028905770444,3.6650038628769055,-7.831503135293395,7.562714407058206e-14,0.61932342367337,2.1251227483833558e-11
demand,Ready-Mixed Concrete,64,2004-05-01,6.577841698221944,6.821299244471293,0.24345754624934912,3.701176729673475,-7.919870411181722,4.091453922738122e-14,0.6259210432983996,1.1496985522894122e-11
demand,Ready-Mixed Concrete,65,2004-06-01,6.576054701363629,6.822661412433566,0.24660671106993703,3.750070859641724,-8.027304253566856,1.9475588170025632e-14,0.6347654511611386,5.472640275777202e-12
demand,Ready-Mixed Concrete,66,2004-07-01,6.574449836910763,6.824001822186261,0.24955198527549793,3.795785068956564,-8.12933948725929,9.559824237091632e-15,0.6430877521002936,2.6863106106227484e-12
demand,Ready-Mixed Concrete,67,2004-08-01,6.573196339861458,6.82527486145183,0.2520785215903718,3.834945870423898,-8.220157078472441,5.041275841581479e-15,0.6502904226274281,1.4165985114843955e-12
demand,Ready-Mixed Concrete,68,2004-09-01,6.571917301961951,6.826573915470056,0.2546566135081054,3.8749211502110867,-8.311437690252363,2.6439498359097857e-15,0.6576639432120865,7.429499038906498e-13
demand,Ready-Mixed Concrete,69,2004-10-01,6.571139901971216,6.82775967398109,0.2566197720098744,3.905255036997362,-8.384775766249174,1.5665712376609946e-15,0.6633604854310344,4.4020651778273946e-13
demand,Ready-Mixed Concrete,70,2004-11-01,6.570647369252541,6.828883600862622,0.25823623161008147,3.930148995949812,-8.446470119156057,1.0069728345726925e-15,0.6681119542028222,2.829593665149266e-13
demand,Ready-Mixed Concrete,71,2004-12-01,6.568485073382811,6.830479566902781,0.2619944935199703,3.9886593421919962,-8.56257014325624,4.421372049036147e-16,0.678857272755824,1.2424055457791574e-13
demand,Ready-Mixed Concrete,72,2005-01-01,6.567338504367232,6.8318202185083905,0.2644817141411586,4.02722828989674,-8.648207447336924,2.3947754853493117e-16,0.6860944552829581,6.729319113831566e-14
demand,Ready-Mixed Concrete,73,2005-02-01,6.5666299767249665,6.833055391289744,0.2664254145647771,4.057262484853057,-8.717431021440941,1.4569626369795186e-16,0.6918327365648943,4.094065009912447e-14
demand,Ready-Mixed Concrete,74,2005-03-01,6.561867247447568,6.835482322195989,0.27361507474842117,4.169774614913946,-8.873023749966087,4.768488777459132e-17,0.712429104085139,1.3399453464660162e-14
demand,Ready-Mixed Concrete,75,2005-04-01,6.56066477038399,6.836914609024794,0.2762498386408039,4.210698889658939,-8.962627905485043,2.4803269010008564e-17,0.7202221286490689,6.9697185918124066e-15
demand,Ready-Mixed Concrete,76,2005-05-01,6.558630208241834,6.838617678437619,0.27998747019578474,4.268993087061707,-9.078133558731833,1.065489084695589e-17,0.7312048721117493,2.9940243279946052e-15
demand,Ready-Mixed Concrete,77,2005-06-01,6.556033596787119,6.840522148882894,0.28448855209577495,4.3393394480954575,-9.208402716202114,4.0817083569289954e-18,0.7444501653065531,1.1469600482970477e-15
demand,Ready-Mixed Concrete,78,2005-07-01,6.554543595836192,6.842118597593124,0.28757500175693185,4.387414585809077,-9.30883522491171,1.9408632191179638e-18,0.7536946378305742,5.453825645721478e-16
demand,Ready-Mixed Concrete,79,2005-08-01,6.553047787055721,6.84374157317478,0.29069378611905883,4.436008946757083,-9.409639678391107,9.18125123397725e-19,0.7630837225735578,2.579931596747607e-16
demand,Ready-Mixed Concrete,80,2005-09-01,6.552136396995431,6.84520183418258,0.29306543718714906,4.472822594498156,-9.489744293814365,5.070411032017698e-19,0.7703449045905427,1.4247854999969731e-16
demand,Ready-Mixed Concrete,81,2005-10-01,6.5507825707383525,6.846825726779397,0.29604315604104414,4.519202902008034,-9.585890697314618,2.477819661142899e-19,0.7794161668500675,6.962673247811546e-17
demand,Ready-Mixed Concrete,82,2005-11-01,6.549377188272156,6.84849084628656,0.29911365801440404,4.567054994939383,-9.684014367665618,1.1907662521156635e-19,0.7888114527820246,3.3460531684450145e-17
demand,Ready-Mixed Concrete,83,2005-12-01,6.547723807943829,6.850264603299835,0.3025407953560064,4.620549128675188,-9.790748620259668,5.3416301455381015e-20,0.7993175108994495,1.5009980708962065e-17
demand,Ready-Mixed Concrete,84,2006-01-01,6.546852739474582,6.851798115735641,0.3049453762610588,4.657892706557688,-9.869560210046494,2.974492228665271e-20,0.806846313446295,8.358323162549411e-18
demand,Ready-Mixed Concrete,85,2006-02-01,6.542717579187299,6.854488419017117,0.31177083982981824,4.765158148069487,-10.030602307456675,8.453002404471796e-21,0.8276618157744873,2.3752936756565746e-18
demand,Ready-Mixed Concrete,86,2006-03-01,6.539298548833439,6.856981453791858,0.3176829049584189,4.858057826631743,-10.184869913622467,2.5379486396815227e-21,0.8459409331681593,7.131635677505078e-19
demand,Ready-Mixed Concrete,87,2006-04-01,6.537472445687269,6.858950684695475,0.32147823900820605,4.917469888844936,-10.302543703901737,1.0243470496529412e-21,0.8579385505145336,2.878415209524765e-19
demand,Ready-Mixed Concrete,88,2006-05-01,6.535303848135842,6.861076472344991,0.325772624209149,4.984812210408148,-10.431508964563127,3.7568319303661694e-22,0.8715615587388577,1.0556697724328936e-19
demand,Ready-Mixed Concrete,89,2006-06-01,6.533927249842613,6.862944346812935,0.3290170969703228,5.0355182172903445,-10.535684515074784,1.6827879246127533e-22,0.8820483653551927,4.7286340681618365e-20
demand,Ready-Mixed Concrete,90,2006-07-01,6.532661516118355,6.864797623516508,0.3321361073981528,5.0842387375904465,-10.636227335990919,7.759696433892532e-23,0.8922176601764117,2.1804746979238017e-20
demand,Ready-Mixed Concrete,91,2006-08-01,6.531623121031696,6.866590186795012,0.3349670657633155,5.128389369018065,-10.72826971068543,3.83603352407745e-23,0.9015545075505348,1.0779254202657634e-20
demand,Ready-Mixed Concrete,92,2006-09-01,6.531057482035029,6.868223122885546,0.33716564085051637,5.1624969122987725,-10.800227508425124,2.235909278647686e-23,0.9089604571652224,6.282905072999997e-21
demand,Ready-Mixed Concrete,93,2006-10-01,6.529972334324687,6.870079412622462,0.3401070782977751,5.208399988312479,-10.894504840919954,1.0876932639328289e-23,0.9187570573333111,3.0564180716512493e-21
demand,Ready-Mixed Concrete,94,2006-11-01,6.5285580504511955,6.872092390334829,0.34353433988363324,5.262024741587328,-11.002210953750701,4.731788984148779e-24,0.9301688354496495,1.3296327045458068e-21
demand,Ready-Mixed Concrete,95,2006-12-01,6.527424705632351,6.874020604427452,0.3465958987951012,5.309841391139025,-11.099522309646822,2.2467298230350955e-24,0.9404952641532579,6.313310802728619e-22
demand,Ready-Mixed Concrete,96,2007-01-01,6.525241263857022,6.876407755969198,0.351166492112176,5.381662959456675,-11.235694593737367,7.62279033961178e-25,0.9557774496436388,2.1420040854309103e-22
demand,Ready-Mixed Concrete,97,2007-02-01,6.5223775645934765,6.879118727179009,0.3567411625855321,5.46949573299912,-11.393071210457022,2.1187361144647127e-25,0.9744988403611158,5.953648481645843e-23
demand,Ready-Mixed Concrete,98,2007-03-01,6.51633602792208,6.883226137379799,0.36689010945771905,5.630312922562903,-11.58631412818192,3.707552237889143e-26,1.0086551492670943,1.0418221788468492e-23
demand,Ready-Mixed Concrete,99,2007-04-01,6.51493699510998,6.885423504153084,0.3704865090431042,5.686724358519295,-11.704531175477241,1.4461992099709216e-26,1.021350089977527,4.0638197800182894e-24
demand,Ready-Mixed Concrete,100,2007-05-01,6.512914043545816,6.887924734133256,0.3750106905874402,5.75795547246734,-11.847193358492868,4.54687427018463e-27,1.0373117493525679,1.277671669921881e-24
demand,Ready-Mixed Concrete,101,2007-06-01,6.511598772700306,6.890152159773536,0.3785533870732305,5.81352445516614,-11.964627067571238,1.7850924347667362e-27,1.0500831026102757,5.016109741694529e-25
demand,Ready-Mixed Concrete,102,2007-07-01,6.511328135797272,6.891941403611345,0.38061326781407345,5.845401427729916,-12.033701534133714,1.062748310442123e-27,1.057851929060004,2.9863227523423657e-25
demand,Ready-Mixed Concrete,103,2007-08-01,6.511783318819715,6.893418082445428,0.3816347636257129,5.860679708471713,-12.061822572487902,8.933870517030124e-28,1.0620679344644666,2.510417615285465e-25
demand,Ready-Mixed Concrete,104,2007-09-01,6.512329608440249,6.89486172974805,0.38253212130780145,5.873967448023883,-12.083707882256745,7.935438168179712e-28,1.0658633298355564,2.229858125258499e-25
demand,Ready-Mixed Concrete,105,2007-10-01,6.512659671706749,6.896414745276288,0.38375507356953875,5.892447831055932,-12.117858990304356,6.396753699773697e-28,1.0708020453555682,1.7974877896364088e-25
demand,Ready-Mixed Concrete,106,2007-11-01,6.513526849127082,6.897723419119402,0.3841965699923202,5.898441487867801,-12.118060414648488,6.824473948334699e-28,1.0730203385205732,1.9176771794820503e-25
demand,Ready-Mixed Concrete,107,2007-12-01,6.513897555105344,6.899275360697413,0.3853778055920687,5.916239890663068,-12.1484552359036,5.712751042796351e-28,1.077833251301885,1.6052830430257748e-25
demand,Ready-Mixed Concrete,108,2008-01-01,6.514205260005728,6.900868780047416,0.38666352004168836,5.9356975196287936,-12.18207635471336,4.673522035798905e-28,1.0830297829580113,1.3132596920594925e-25
demand,Ready-Mixed Concrete,109,2008-02-01,6.5156123677842,6.901929183557361,0.3863168157731609,5.92909451893219,-12.143270307393008,6.849821097978516e-28,1.0824660115463678,1.9247997285319632e-25
demand,Ready-Mixed Concrete,110,2008-03-01,6.514429355675457,6.904287394277611,0.38985803860215373,5.984530913095315,-12.25623027423537,2.877692087309468e-28,1.0956972539070673,8.086314765339606e-26
demand,Ready-Mixed Concrete,111,2008-04-01,6.515220275669362,6.905673017760542,0.3904527420911794,5.992932327235321,-12.258271994573628,3.065147569332462e-28,1.0984840165522742,8.613064669824218e-26
demand,Ready-Mixed Concrete,112,2008-05-01,6.516827727563085,6.906642686562358,0.3898149589992732,5.981667389342536,-12.203014910247745,5.126559858828811e-28,1.096853746638785,1.440563320330896e-25
demand,Ready-Mixed Concrete,113,2008-06-01,6.518062129341401,6.907801610442216,0.3897394811008148,5.979376590265716,-12.173586188616314,7.012302621020136e-28,1.0972215842060469,1.970457036506658e-25
demand,Ready-Mixed Concrete,114,2008-07-01,6.5196324933749255,6.908781694076073,0.3891492007011479,5.968882465332069,-12.119561706441978,1.1599825591234705e-27,1.0957303152881106,3.259550991136952e-25
demand,Ready-Mixed Concrete,115,2008-08-01,6.52232935965564,6.909150897713544,0.3868215380579034,5.93072684201778,-11.978650541943685,3.678881371776543e-27,1.0880020345575585,1.0337656654692084e-24
demand,Ready-Mixed Concrete,116,2008-09-01,6.524433110958523,6.909821256337598,0.38538814537907484,5.906844913955388,-11.88469091230908,8.194008174641978e-27,1.0834651669744095,2.302516297074396e-24
demand,Ready-Mixed Concrete,117,2008-10-01,6.526797447961537,6.910334278583005,0.38353683062146793,5.876340328919736,-11.7707131023679,2.1114350306811927e-26,1.077427640659765,5.933132436214152e-24
demand,Ready-Mixed Concrete,118,2008-11-01,6.529153051231747,6.910834637088867,0.38168158585712053,5.845805464540534,-11.657569556273664,5.38541336060562e-26,1.0713706515818897,1.513301154330179e-23
demand,Ready-Mixed Concrete,119,2008-12-01,6.531438549068096,6.9113570530094925,0.37991850394139615,5.8167661088322244,-11.549863975230098,1.3141493623456242e-25,1.0656355988955253,3.692759708191204e-23
demand,Ready-Mixed Concrete,120,2009-01-01,6.534197625834575,6.911590685985398,0.37739306015082263,5.775660329872872,-11.406115179463466,4.157207460784625e-25,1.0572007769761398,1.1681752964804796e-22
demand,Ready-Mixed Concrete,121,2009-02-01,6.535885553012494,6.912423156522045,0.3765376035095507,5.7610801238096725,-11.341917272705066,7.287678060434554e-25,1.0546621001468603,2.0478375349821097e-22
demand,Ready-Mixed Concrete,122,2009-03-01,6.537413481222519,6.913341660685749,0.3759281794632301,5.7504115433881084,-11.28826969337523,1.1785199391530726e-24,1.0529786470212281,3.311641029020134e-22
demand,Ready-Mixed Concrete,123,2009-04-01,6.539327146363377,6.914023929458262,0.3746967830948851,5.729898118084823,-11.207050347780859,2.3337372647266163e-24,1.0490877890975676,6.5578017138817915e-22
demand,Ready-Mixed Concrete,124,2009-05-01,6.540875158052867,6.914915360353862,0.37404020230099544,5.718503919777341,-11.150953614883282,3.8290515131466956e-24,1.047211931214914,1.0759634751942214e-21
demand,Ready-Mixed Concrete,125,2009-06-01,6.541972176263067,6.9160766982265365,0.37410452196346977,5.718528172908974,-11.124562163846218,5.028467350561775e-24,1.04786621726973,1.4129993255078587e-21
demand,Ready-Mixed Concrete,126,2009-07-01,6.543384640530336,6.917042875686083,0.37365823515574714,5.710473335791284,-11.076459267542539,7.757666837458196e-24,1.046707031486569,2.179904381325753e-21
demand,Ready-Mixed Concrete,127,2009-08-01,6.5449546394087115,6.917905590426686,0.37295095101797493,5.698296956442594,-11.01704860022251,1.2985249021851374e-23,1.0446139196703257,3.648854975140236e-21
demand,Ready-Mixed Concrete,128,2009-09-01,6.545848716276822,6.919191705411263,0.3733429891344411,5.7035077545573465,-11.002072701498982,1.5632717750262386e-23,1.0463921121787554,4.392793687823731e-21
demand,Ready-Mixed Concrete,129,2009-10-01,6.546416240642334,6.92069236714118,0.3742761264988461,5.717267474915743,-11.007401509370148,1.6167503954063252e-23,1.0500828004812408,4.543068611091774e-21
demand,Ready-Mixed Concrete,130,2009-11-01,6.547484185133939,6.9218754995160054,0.3743913143820663,5.718094214448378,-10.979921410508886,2.1367460345223513e-23,1.0508688281218885,6.004256357007807e-21
demand,Ready-Mixed Concrete,131,2009-12-01,6.547900990826424,6.923490599357757,0.3755896085313335,5.736030661696514,-10.993781018903725,2.0754152910671528e-23,1.0555023372496006,5.8319169678986996e-21
demand,Ready-Mixed Concrete,132,2010-01-01,6.549131961483256,6.924572332768059,0.3754403712848031,5.732673787806421,-10.954329357930634,2.9931856189059636e-23,1.055330717916094,8.410851589125758e-21
demand,Ready-Mixed Concrete,133,2010-02-01,6.550126790467567,6.9258127823413815,0.3756859918738149,5.735552973120348,-10.930029790440871,3.862057238626552e-23,1.056557874869135,1.0852380840540612e-20
demand,Ready-Mixed Concrete,134,2010-03-01,6.549365026618733,6.928262845662497,0.37889781904376374,5.785260364994175,-11.013958207994119,2.192397110664068e-23,1.0684252442392768,6.160635880966031e-21
demand,Ready-Mixed Concrete,135,2010-04-01,6.55054081378297,6.929397724795857,0.3788569110128872,5.783597443065093,-10.976853136922958,3.109458302158455e-23,1.0686180390836222,8.737577829065259e-21
demand,Ready-Mixed Concrete,136,2010-05-01,6.551369634282778,6.930776674656163,0.37940704037338513,5.791262919863037,-10.962330688986002,3.740553809346247e-23,1.0709332589303528,1.0510956204262955e-20
demand,Ready-Mixed Concrete,137,2010-06-01,6.552936501268518,6.93163472811099,0.3786982268424719,5.779061444730366,-10.897507123922898,6.448920014966808e-23,1.0686922137216177,1.8121465242056728e-20
demand,Ready-Mixed Concrete,138,2010-07-01,6.554644453056965,6.932383423817989,0.37773897076102436,5.762920833712863,-10.822555117727369,1.1905333086447471e-22,1.065536408966662,3.3453985972917397e-20
demand,Ready-Mixed Concrete,139,2010-08-01,6.556547946411898,6.932978967999177,0.3764310215872788,5.74129899855735,-10.733730880649908,2.4122374131494554e-22,1.0611160381087434,6.77838713094997e-20
demand,Ready-Mixed Concrete,140,2010-09-01,6.557960801482905,6.933924107214236,0.3759633057313305,5.732930054207042,-10.678421866252519,3.8597428887299924e-22,1.0597104718802295,1.0845877517331278e-19
demand,Ready-Mixed Concrete,141,2010-10-01,6.559319054061097,6.934905222598312,0.3755861685372146,5.725993284389428,-10.626376794149774,6.02410869257882e-22,1.0586189718638375,1.6927745426146484e-19
demand,Ready-Mixed Concrete,142,2010-11-01,6.5611729177115174,6.935505958053807,0.37433304034228954,5.705276252235306,-10.540158665427153,1.1878010807286492e-21,1.0543683437655462,3.3377210368475044e-19
demand,Ready-Mixed Concrete,143,2010-12-01,6.56295386445276,6.936149278786842,0.37319541433408165,5.686393993342506,-10.458776317910718,2.2580976495839375e-21,1.050526903763014,6.3452543953308645e-19
demand,Ready-Mixed Concrete,144,2011-01-01,6.5654039976897245,6.9362594205609565,0.37085542287123197,5.648630655504686,-10.33105751835782,5.8388657539096644e-21,1.0423851317315693,1.6407212768486156e-18
demand,Ready-Mixed Concrete,145,2011-02-01,6.567220960294044,6.936843093632939,0.36962213333889515,5.62828836693117,-10.247149278127594,1.1205758046197786e-20,1.0381998240805754,3.148818010981578e-18
demand,Ready-Mixed Concrete,146,2011-03-01,6.566929568030055,6.939095363599504,0.3721657955694493,5.667272531462393,-10.299105261426051,8.251179765397823e-21,1.0474823300230482,2.3185815140767883e-18
demand,Ready-Mixed Concrete,147,2011-04-01,6.569295428326096,6.939229343445941,0.3699339151198453,5.631257098359894,-10.177062852353256,2.0345086814375825e-20,1.0396963335890599,5.7169693948396066e-18
demand,Ready-Mixed Concrete,148,2011-05-01,6.571190141277868,6.939723909182172,0.3685337679043039,5.608326041112499,-10.087298994608291,4.030607503338983e-20,1.0348860972217802,1.1326007084382543e-17
demand,Ready-Mixed Concrete,149,2011-06-01,6.57306418551315,6.940220026831323,0.3671558413181728,5.5857638227141315,-9.998808233829724,7.886762499349358e-20,1.0301547089329193,2.2161802623171695e-17
demand,Ready-Mixed Concrete,150,2011-07-01,6.57541151016731,6.940304144949725,0.3648926347824153,5.549350549668193,-9.878565216064388,1.8937235084025225e-19,1.0222932015064128,5.321363058611088e-17
demand,Ready-Mixed Concrete,151,2011-08-01,6.577760400190066,6.940361505856166,0.3626011056661005,5.512531372465666,-9.758567307220666,4.515205257084979e-19,1.014354264434646,1.268772677240879e-16
demand,Ready-Mixed Concrete,152,2011-09-01,6.579681330693972,6.940760487037366,0.3610791563433944,5.487790946029154,-9.667067819086691,8.892976027418903e-19,1.0091350515913615,2.4989262637047116e-16
demand,Ready-Mixed Concrete,153,2011-10-01,6.581857292632619,6.940920469876741,0.3590631772441224,5.4553473477165575,-9.55882995914643,1.9446130211400284e-18,1.0021932709795935,5.46436258940348e-16
demand,Ready-Mixed Concrete,154,2011-11-01,6.583794243147476,6.94126774300792,0.3574734998604443,5.429597078197101,-9.466226378578764,3.823440040734429e-18,0.9967512887764762,1.0743866514463744e-15
demand,Ready-Mixed Concrete,155,2011-12-01,6.586048403386775,6.941314172104293,0.35526576871751736,5.394217396501783,-9.353088440063285,8.541108001258285e-18,0.9891709514089835,2.400051348353578e-15
demand,Ready-Mixed Concrete,156,2012-01-01,6.588723279393298,6.940955704541868,0.35223242514857045,5.345989051478342,-9.213085257756713,2.2487895457575954e-17,0.9787647718147828,6.319098623578843e-15
demand,Ready-Mixed Concrete,157,2012-02-01,6.59069266641529,6.941205929324981,0.35051326290969076,5.31830690112177,-9.118660183111917,4.40678011841244e-17,0.972918496776017,1.2383052132738956e-14
demand,Ready-Mixed Concrete,158,2012-03-01,6.593498019727377,6.940663633650125,0.3471656139227477,5.265272134518697,-8.971313623085868,1.1983532456993827e-16,0.961515397827094,3.3673726204152653e-14
demand,Ready-Mixed Concrete,159,2012-04-01,6.596773285365838,6.939642447634876,0.34286916226903763,5.197528358745515,-8.795252801786319,3.855341244451757e-16,0.9469630568677458,1.0833508896909438e-13
demand,Ready-Mixed Concrete,160,2012-05-01,6.599537384365209,6.939054360784993,0.33951697641978384,5.144557211299759,-8.652456711104605,1.0023871024562315e-15,0.9356940855956405,2.8167077579020103e-13
demand,Ready-Mixed Concrete,161,2012-06-01,6.602526074508964,6.938211133780677,0.33568505927171355,5.084191345608261,-8.49658315218428,2.7989482214548825e-15,0.9228864255262346,7.86504450228822e-13
demand,Ready-Mixed Concrete,162,2012-07-01,6.605891253977405,6.936956798363817,0.3310655443864121,5.011671122909837,-8.318831982983058,8.829091535513704e-15,0.9075549536415127,2.480974721479351e-12
demand,Ready-Mixed Concrete,163,2012-08-01,6.609010312495572,6.935888479122401,0.32687816662682856,4.945947292725571,-8.157317258442415,2.499086247462606e-14,0.8937657134096965,7.022432355369923e-12
demand,Ready-Mixed Concrete,164,2012-09-01,6.611853190753633,6.93504391022728,0.3231907194736463,4.88805044742393,-8.013211650507978,6.308746296717547e-14,0.8817049034782065,1.7727577093776306e-11
demand,Ready-Mixed Concrete,165,2012-10-01,6.614990722418883,6.93385792239013,0.3188671999712476,4.820372595392672,-7.85248035828847,1.740084413841744e-13,0.8676582565978452,4.889637202895301e-11
demand,Ready-Mixed Concrete,166,2012-11-01,6.618094408355973,6.932653353889603,0.31455894553362995,4.753013875662901,-7.694689982305231,4.663995058517225e-13,0.8537626348181548,1.31058261144334e-10
demand,Ready-Mixed Concrete,167,2012-12-01,6.6206381939873715,6.9319727782420095,0.311334584254638,4.7024860010834155,-7.569954701735539,1.0193766947820332e-12,0.8434246834347852,2.864448512337513e-10
demand,Ready-Mixed Concrete,168,2013-01-01,6.623249376736203,6.9311818209901555,0.30793244425395283,4.649265439642791,-7.441630154025174,2.2557345586936278e-12,0.8325748846975073,6.338614109929094e-10
demand,Ready-Mixed Concrete,169,2013-02-01,6.626278443922434,6.929906946551284,0.3036285026288503,4.5821875008487725,-7.289999222630513,5.652785650146142e-12,0.8189391207520326,1.588432767691066e-09
demand,Ready-Mixed Concrete,170,2013-03-01,6.627340312922896,6.9306812281396555,0.30334091521675965,4.577113908354216,-7.2503461804985,7.35536865149148e-12,0.8180074730678538,2.066858591069106e-09
demand,Ready-Mixed Concrete,171,2013-04-01,6.6303545799187065,6.929338831044293,0.2989842511255869,4.509325218158283,-7.100052826167167,1.7995822589124864e-11,0.8043041418633371,5.056826147544087e-09
demand,Ready-Mixed Concrete,172,2013-05-01,6.6334660772109855,6.927834415228074,0.2943683380170885,4.43762483429861,-6.945052085093045,4.4662257608826025e-11,0.7898911645458547,1.2550094388080113e-08
demand,Ready-Mixed Concrete,173,2013-06-01,6.636629245570228,6.926213519150307,0.2895842735800791,4.363424004337275,-6.787942926381688,1.1071519792749271e-10,0.7750649523420985,3.111097061762545e-08
demand,Ready-Mixed Concrete,174,2013-07-01,6.639787682626015,6.924536204478518,0.284748521852503,4.288518480757895,-6.63180289274925,2.6941713174700837e-10,0.7601906749710624,7.570621402090935e-08
demand,Ready-Mixed Concrete,175,2013-08-01,6.643276456924828,6.922420704605534,0.2791442476807058,4.201906235434941,-6.458733353342696,7.077663014350137e-10,0.743095768560878,1.9888233070323886e-07
demand,Ready-Mixed Concrete,176,2013-09-01,6.646228914524266,6.920848885717821,0.2746199711935553,4.131966784854754,-6.314951736631298,1.5684824618290412e-09,0.7293919474164389,4.407435717739606e-07
demand,Ready-Mixed Concrete,177,2013-10-01,6.64892009708049,6.919521784788489,0.2706016877079991,4.069859221602303,-6.185403982109678,3.1876720726386833e-09,0.7172920709614748,8.957358524114701e-07
demand,Ready-Mixed Concrete,178,2013-11-01,6.65170785455996,6.918027618274334,0.2663197637143746,4.003780225131262,-6.050954459308287,6.574095171256818e-09,0.7044779874053826,1.8473207431231658e-06
demand,Ready-Mixed Concrete,179,2013-12-01,6.654246025226996,6.916774199703099,0.26252817447610255,3.9452730404140253,-5.929832135379971,1.2526357624009704e-08,0.6931910412024682,3.519906492346727e-06
demand,Ready-Mixed Concrete,180,2014-01-01,6.656854399320934,6.91538507780758,0.2585306784866459,3.8836763278616795,-5.80510414949886,2.4069760372688408e-08,0.6813580661843245,6.7636026647254425e-06
demand,Ready-Mixed Concrete,181,2014-02-01,6.659381441245939,6.914041402740421,0.25465996149448156,3.8240783132980574,-5.684698247496486,4.480867025750368e-08,0.669960761024413,1.2591236342358534e-05
demand,Ready-Mixed Concrete,182,2014-03-01,6.660589413217385,6.9142781990852615,0.2536887858678769,3.8088038479665576,-5.634018308595685,5.858555947478799e-08,0.6670751386679753,1.6462542212415425e-05
demand,Ready-Mixed Concrete,183,2014-04-01,6.663347058059655,6.912559293466988,0.24921223540733362,3.740045854371323,-5.501545706149691,1.1394648300393934e-07,0.6539925800344052,3.201896172410695e-05
demand,Ready-Mixed Concrete,184,2014-05-01,6.6658364205814635,6.911119083338674,0.24528266275721045,3.6796981996119,-5.382959489321619,2.050378813133405e-07,0.6425666545466784,5.761564464904868e-05
demand,Ready-Mixed Concrete,185,2014-06-01,6.668406710901097,6.909520326072182,0.2411136151710851,3.615760490087198,-5.260234059498832,3.725403776803268e-07,0.6305112454545565,0.00010468384612817184
demand,Ready-Mixed Concrete,186,2014-07-01,6.670800606458777,6.9080926969913605,0.23729209053258327,3.5571755855336646,-5.146524556686088,6.42530277812373e-07,0.6195132954798549,0.0001805510080652768
demand,Ready-Mixed Concrete,187,2014-08-01,6.673246373700215,6.906542933726458,0.23329656002624333,3.4959980039952265,-5.030116835220182,1.1116046747755731e-06,0.6080732753361567,0.000312360913611936
demand,Ready-Mixed Concrete,188,2014-09-01,6.675704937822281,6.904919433762471,0.22921449594019006,3.4335624188771203,-4.913013382762413,1.9105531627797227e-06,0.5964448183757299,0.0005368654387411021
demand,Ready-Mixed Concrete,189,2014-10-01,6.678397658536012,6.902921507198506,0.22452384866249453,3.361941892985644,-4.7841031400719265,3.424449398021497e-06,0.5831604119443897,0.0009622702808440406
demand,Ready-Mixed Concrete,190,2014-11-01,6.681078886629621,6.900871798643662,0.21979291201404116,3.2897817215404754,-4.655779837977447,6.050419091898194e-06,0.5698367347988966,0.0017001677648233926
demand,Ready-Mixed Concrete,191,2014-12-01,6.683662174739716,6.898889080404431,0.21522690566471514,3.2201942593410147,-4.5323158176027745,1.0349800408930094e-05,0.5570449133367921,0.0029082939149093563
demand,Ready-Mixed Concrete,192,2015-01-01,6.6865814882624965,6.896368779012395,0.20978729074989833,3.1374371361233706,-4.392223157979587,1.8751101976843925e-05,0.541899139231433,0.005269059655493143
demand,Ready-Mixed Concrete,193,2015-02-01,6.689792342379561,6.8933547528811925,0.2035624105016316,3.0428808561376717,-4.237986748561866,3.544854200372964e-05,0.5246819868655813,0.009961040303048029
demand,Ready-Mixed Concrete,194,2015-03-01,6.691463729100112,6.892460777967967,0.20099704886785563,3.00378298388963,-4.160166530516862,4.8742536184391945e-05,0.5175971830651503,0.013696652667814137
demand,Ready-Mixed Concrete,195,2015-04-01,6.694356944376828,6.889750479982206,0.19539353560537798,2.9187797607581407,-4.021204722671688,8.460778246826727e-05,0.5022322793613102,0.023774786873583104
demand,Ready-Mixed Concrete,196,2015-05-01,6.697034654135899,6.887273505717752,0.19023885158185294,2.840643081701344,-3.8926667786329627,0.00013918421275860749,0.4881713332437649,0.0391107637851687
demand,Ready-Mixed Concrete,197,2015-06-01,6.699624252693932,6.884849929472672,0.18522567677874058,2.7647173899978195,-3.7682991229771163,0.00022265833052349975,0.4745631176866025,0.06256699087710343
demand,Ready-Mixed Concrete,198,2015-07-01,6.702264192907076,6.882273727293863,0.18000953438678735,2.6858018306304494,-3.6412953860996087,0.0003553237906933955,0.4604735168984694,0.09984598518484414
demand,Ready-Mixed Concrete,199,2015-08-01,6.705158694499137,6.879227602044377,0.17406890754523996,2.596044560258429,-3.5017418859071783,0.0005850617510548607,0.44451233763999415,0.16440235204641584
demand,Ready-Mixed Concrete,200,2015-09-01,6.707588805052544,6.876809360159599,0.1692205551070547,2.522822433295076,-3.3845960790753775,0.0008795197573972145,0.43154233956199467,0.2471450518286173
demand,Ready-Mixed Concrete,201,2015-10-01,6.709885933011401,6.87452418699848,0.16463825398707854,2.4536669569461487,-3.273749356920905,0.0012808914908092686,0.41933199958441925,0.35993050891740447
demand,Ready-Mixed Concrete,202,2015-11-01,6.7124360797339335,6.871764412321598,0.15932833258766443,2.37362904756301,-3.150212624993792,0.0019243935391756348,0.4052443776175457,0.5407545845083533
demand,Ready-Mixed Concrete,203,2015-12-01,6.71444226786686,6.869796730905753,0.15535446303889255,2.3137359268448634,-3.053246606388947,0.0026279549482703716,0.3947347230633068,0.7384553404639744
demand,Ready-Mixed Concrete,204,2016-01-01,6.716695285826598,6.867362641299769,0.15066735547317123,2.243176875853006,-2.943741641663885,0.0037010218499836274,0.3823844207209199,1.0
demand,Ready-Mixed Concrete,205,2016-02-01,6.718584117474822,6.865455035393214,0.1468709179183918,2.186039727275056,-2.8520588587178235,0.004894862476866483,0.3724090937214196,1.0
demand,Ready-Mixed Concrete,206,2016-03-01,6.719417313378778,6.86525367410625,0.14583636072747197,2.170372130885556,-2.814042087490576,0.005491122240138842,0.3696815649015261,1.0
demand,Ready-Mixed Concrete,207,2016-04-01,6.721592202775055,6.8627588729234485,0.1411666701483938,2.1001968862394267,-2.707547751894919,0.007504632339583685,0.35746414904333135,1.0
demand,Ready-Mixed Concrete,208,2016-05-01,6.723581513458674,6.860505898113164,0.13692438465449008,2.0364798787730454,-2.6099780735568614,0.009912351846142425,0.3463977314084702,1.0
demand,Ready-Mixed Concrete,209,2016-06-01,6.725170313195498,6.858879775110316,0.13370946191481803,1.988194435053427,-2.532278885768657,0.012306131702455423,0.3380285567121347,1.0
demand,Ready-Mixed Concrete,210,2016-07-01,6.726831277704223,6.857072270195047,0.13024099249082433,1.9361418045744982,-2.4506459682961714,0.015362483150778743,0.3290207481326252,1.0
demand,Ready-Mixed Concrete,211,2016-08-01,6.7283858946249735,6.855396141569729,0.1270102469447556,1.8876778016881997,-2.3741328793758676,0.018820200594819515,0.3206475167283647,1.0
demand,Ready-Mixed Concrete,212,2016-09-01,6.7300517579026495,6.853463211929364,0.12341145402671483,1.8337370716622055,-2.291696518387994,0.023293127498000343,0.31134201518151955,1.0
demand,Ready-Mixed Concrete,213,2016-10-01,6.731396215965776,6.852058400606785,0.12066218464100853,1.7925283369119986,-2.2253855673712355,0.027544309973620982,0.30424384571845164,1.0
demand,Ready-Mixed Concrete,214,2016-11-01,6.73271358306518,6.850656188653468,0.11794260558828817,1.7517840931916318,-2.1602213353918556,0.032362363608088016,0.29723381208525584,1.0
demand,Ready-Mixed Concrete,215,2016-12-01,6.734064092242375,6.849143759991112,0.1150796677487369,1.7089185100169806,-2.093111552465731,0.03806553842904049,0.28986699380789593,1.0
demand,Ready-Mixed Concrete,216,2017-01-01,6.735634880980287,6.847159594507565,0.11152471352727833,1.6557416709476882,-2.01446475857035,0.045817899052973,0.28073874718722736,1.0
demand,Ready-Mixed Concrete,217,2017-02-01,6.736440488167153,6.846594486953795,0.11015399878664223,1.6351959017545312,-1.9751886830488525,0.050181825199818834,0.2772174333895463,1.0
demand,Ready-Mixed Concrete,218,2017-03-01,6.7369580930343815,6.8465703080144324,0.10961221498005091,1.6270283036699233,-1.950938324618863,0.053058549031200664,0.2758201293142384,1.0
demand,Ready-Mixed Concrete,219,2017-04-01,6.738245185893749,6.84500429782151,0.10675911192776066,1.5843755901203573,-1.8862198263108243,0.06136232908208381,0.26851305595226305,1.0
demand,Ready-Mixed Concrete,220,2017-05-01,6.7390358687169964,6.844387865627137,0.10535199691014085,1.5633096330469327,-1.84719812723484,0.06688695169721766,0.26490847995459177,1.0
demand,Ready-Mixed Concrete,221,2017-06-01,6.740015763466676,6.843358192082978,0.10334242861630205,1.533266868253564,-1.7980729890740796,0.07441105835240716,0.25976951870682236,1.0
demand,Ready-Mixed Concrete,222,2017-07-01,6.741112592871699,6.842048344425984,0.10093575155428525,1.4973159128215487,-1.7426492941561011,0.08371576872674433,0.25362388109592154,1.0
demand,Ready-Mixed Concrete,223,2017-08-01,6.742452158012808,6.840182426738121,0.09773026872531254,1.4494766360213436,-1.6743945072990132,0.096445420682011,0.24545247647941038,1.0
demand,Ready-Mixed Concrete,224,2017-09-01,6.743859629653637,6.838110585035071,0.09425095538143413,1.3975818085981548,-1.6023901737831234,0.111517653308724,0.23659732024665014,1.0
demand,Ready-Mixed Concrete,225,2017-10-01,6.745087370583238,6.836360673941045,0.09127330335780748,1.3531819284635183,-1.5395045985813225,0.12616760515427386,0.22902870921365384,1.0
demand,Ready-Mixed Concrete,226,2017-11-01,6.746189674990888,6.834828174011228,0.08863849902034016,1.3139046378867174,-1.482982619884398,0.14059049434644974,0.22233889971165033,1.0
demand,Ready-Mixed Concrete,227,2017-12-01,6.746969609681813,6.833961441895354,0.08699183221354101,1.2893467326236192,-1.443294101193699,0.15147063611749145,0.21815950782759175,1.0
demand,Ready-Mixed Concrete,228,2018-01-01,6.747906726826115,6.8327072747994375,0.08480054797332226,1.2566941335481128,-1.3951392582875948,0.16551566281711655,0.21260438296325154,1.0
demand,Ready-Mixed Concrete,229,2018-02-01,6.748737223559531,6.831653442759649,0.0829162192001176,1.2286182800340915,-1.3524783686363384,0.17876813200277844,0.20783063996002604,1.0
demand,Ready-Mixed Concrete,230,2018-03-01,6.748141138794964,6.833875823719754,0.0857346849247893,1.2704933575248132,-1.3870917847938191,0.16802558957976615,0.21495749568121847,1.0
demand,Ready-Mixed Concrete,231,2018-04-01,6.748479141618362,6.833953946502612,0.08547480488424952,1.266578781537905,-1.3706202841197666,0.17313187239194308,0.21429353347604163,1.0
demand,Ready-Mixed Concrete,232,2018-05-01,6.74890172277307,6.833824420492217,0.08492269771914707,1.2583187784849386,-1.3495010841952466,0.17983600067087857,0.21289009382048577,1.0
demand,Ready-Mixed Concrete,233,2018-06-01,6.7494069545878785,6.8334827922095975,0.084075837621719,1.2456774082139,-1.323837784655126,0.1882315548781523,0.2107413865321809,1.0
demand,Ready-Mixed Concrete,234,2018-07-01,6.749932732277053,6.833072727560704,0.08313999528365112,1.231715908605867,-1.2969730588696955,0.1973253827110817,0.20836853942904715,1.0
demand,Ready-Mixed Concrete,235,2018-08-01,6.750703160672049,6.832031124608145,0.0813279639360962,1.2047332255681615,-1.2568722755940647,0.21147347924589815,0.2037822440248436,1.0
demand,Ready-Mixed Concrete,236,2018-09-01,6.751197867542967,6.831650233666204,0.0804523661232377,1.1916754285934972,-1.2314849373654946,0.22081928347870822,0.20156446319973895,1.0
demand,Ready-Mixed Concrete,237,2018-10-01,6.751756378819921,6.831085942291044,0.07932956347112352,1.1749470659216652,-1.2025655998710427,0.2318174755857759,0.19872332715273788,1.0
demand,Ready-Mixed Concrete,238,2018-11-01,6.752546218929229,6.829891960065283,0.07734574113605408,1.1454307549829554,-1.1611053335608605,0.24824040219017884,0.19371056675975803,1.0
demand,Ready-Mixed Concrete,239,2018-12-01,6.7529282705367715,6.8297367979200985,0.076808527383327,1.137410680318417,-1.1415556099276885,0.25628416688822575,0.19235017525794734,1.0
demand,Ready-Mixed Concrete,240,2019-01-01,6.753749603539419,6.828384984512771,0.07463538097335132,1.1050954707328409,-1.0982025060731626,0.27471403022615676,0.18686490205230563,1.0
demand,Ready-Mixed Concrete,241,2019-02-01,6.754760276231543,6.826465248855627,0.07170497262408482,1.0615472598842364,-1.044583006563293,0.2987342646209749,0.17947605282821677,1.0
demand,Ready-Mixed Concrete,242,2019-03-01,6.7545623508611765,6.82783999497348,0.07327764411230309,1.0848614655686837,-1.0566108164009405,0.2932749271766092,0.18343382849229584,1.0
demand,Ready-Mixed Concrete,243,2019-04-01,6.755523560902608,6.825976083392601,0.07045252248999301,1.0428876733956622,-1.0054329276038996,0.3171907259061983,0.17631391453714976,1.0
demand,Ready-Mixed Concrete,244,2019-05-01,6.756219367858736,6.824807561336068,0.06858819347733203,1.0151860048183994,-0.9684439077630436,0.33526955391490265,0.1716174889658802,1.0
demand,Ready-Mixed Concrete,245,2019-06-01,6.756956151611225,6.823475134837467,0.06651898322624206,0.9844519001411652,-0.9291461289632794,0.3551931600477566,0.16640852851018498,1.0
demand,Ready-Mixed Concrete,246,2019-07-01,6.757356365623415,6.823090391900448,0.06573402627703295,0.9727772625910416,-0.9080644063759956,0.3662032342353817,0.1644312601221067,1.0
demand,Ready-Mixed Concrete,247,2019-08-01,6.758358493656165,6.820873421195418,0.0625149275392527,0.925001649408407,-0.8542578679592465,0.39520280147538905,0.1563375691733353,1.0
demand,Ready-Mixed Concrete,248,2019-09-01,6.759300985324551,6.8187595569210915,0.05945857159654011,0.8796556289715981,-0.8035419099592851,0.4237860050868711,0.1486590654370741,1.0
demand,Ready-Mixed Concrete,249,2019-10-01,6.760061259572205,6.817136435470225,0.057075175898019914,0.8442996846693042,-0.7625904420678975,0.44774056302276455,0.14267467686635127,1.0
demand,Ready-Mixed Concrete,250,2019-11-01,6.760952836580096,6.815037459823708,0.05408462324361185,0.7999556357054779,-0.7144138922768946,0.47688622787700774,0.1351710454531467,1.0
demand,Ready-Mixed Concrete,251,2019-12-01,6.761941621666514,6.8125489927282326,0.05060737106171853,0.7484147881366372,-0.6608481500011769,0.5104860473354595,0.1264525126054741,1.0
demand,Ready-Mixed Concrete,252,2020-01-01,6.762891240715732,6.810098387152372,0.047207146436639924,0.6980320214589741,-0.6092832936071875,0.5439780399960814,0.11793277249921125,1.0
demand,Ready-Mixed Concrete,253,2020-02-01,6.763344248601483,6.8092114944068625,0.04586724580537904,0.6781740529452337,-0.5847731196416078,0.560290730595201,0.11457616393743683,1.0
demand,Ready-Mixed Concrete,254,2020-03-01,6.7641127493779125,6.80722040172143,0.04310765234351788,0.6372994351326039,-0.5429083305618291,0.5886758015772946,0.10766693941712001,1.0
demand,Ready-Mixed Concrete,255,2020-04-01,6.764940648376811,6.804950042365002,0.04000939398819092,0.5914226904236156,-0.4977035759772704,0.6200565561307256,0.09991359426712164,1.0
demand,Ready-Mixed Concrete,256,2020-05-01,6.759596365817772,6.824239709886951,0.0646433440691796,0.9563195873065874,-0.8158966595549055,0.4169844696808664,0.1616553301049865,1.0
demand,Ready-Mixed Concrete,257,2020-06-01,6.744989697485435,6.8772752252408385,0.13228552775540336,1.9612413611946664,-2.1561952948345735,0.03357776191739521,0.333198058305164,1.0
demand,Ready-Mixed Concrete,258,2020-07-01,6.73328699876354,6.921663701269065,0.18837670250552474,2.7976930515529355,-4.252265344677113,3.713377267315381e-05,0.47911013582478135,0.010434590121156221
demand,Ready-Mixed Concrete,259,2020-08-01,6.726109958895402,6.950909844531253,0.22479988563585085,3.3421976002421565,-6.58231105909874,2.3465617201271933e-10,0.5763783037883381,6.593838433557413e-08
demand,Ready-Mixed Concrete,260,2020-09-01,6.723862698779253,6.962635750557844,0.23877305177859132,3.55112920170041,-7.411948568488154,1.2272067800268537e-12,0.6142087781675382,3.448451051875459e-10
demand,Ready-Mixed Concrete,261,2020-10-01,6.723207806276432,6.968660750484535,0.24545294420810304,3.650830842666519,-7.74207585279461,1.3894427444086683e-13,0.6322959034930333,3.904334111788358e-11
demand,Ready-Mixed Concrete,262,2020-11-01,6.723288740148606,6.972007739584513,0.24871899943590758,3.6993651328800454,-7.875960625595064,5.773407095198591e-14,0.6410385272506126,1.6223273937508042e-11
demand,Ready-Mixed Concrete,263,2020-12-01,6.7234254950174845,6.97523126184089,0.2518057668234057,3.7452005233048378,-8.001416319950852,2.523464096447863e-14,0.6492888412220306,7.090934111018495e-12
demand,Ready-Mixed Concrete,264,2021-01-01,6.723839445432794,6.977423921182147,0.2535844757493537,3.771423720142551,-8.061341610649094,1.7319131225664243e-14,0.6539333222837532,4.866675874411652e-12
demand,Ready-Mixed Concrete,265,2021-02-01,6.724172598649903,6.980006716076136,0.2558341174262324,3.804692899727164,-8.143073379343003,1.0232097834834533e-14,0.6598687179133582,2.875219491588504e-12
demand,Ready-Mixed Concrete,266,2021-03-01,6.72418530120445,6.984013942074815,0.2598286408703645,3.864091027114072,-8.32090957141291,3.0490406928354006e-15,0.6706134672531069,8.567804346867476e-13
demand,Ready-Mixed Concrete,267,2021-04-01,6.724956531097488,6.984883462388185,0.2599269312906962,3.86510946336596,-8.305369115231874,3.568358635709437e-15,0.6705988320941993,1.002708776634352e-12
demand,Ready-Mixed Concrete,268,2021-05-01,6.72545977070244,6.986933605292506,0.261473834590066,3.887820959529082,-8.350538106540991,2.7433838384610366e-15,0.6745744882622601,7.708908586075513e-13
demand,Ready-Mixed Concrete,269,2021-06-01,6.725829904013521,6.989632071524329,0.263802167510808,3.9222247852772587,-8.432986058371888,1.6239829006845487e-15,0.6806975545698252,4.563391950923582e-13
demand,Ready-Mixed Concrete,270,2021-07-01,6.726518486962552,6.9909521523933575,0.26443366543080593,3.9312114572097823,-8.43371505042325,1.7295066852942e-15,0.6821307478069345,4.859913785676702e-13
demand,Ready-Mixed Concrete,271,2021-08-01,6.72714718824921,6.992573800957946,0.2654266127087359,3.945604359190707,-8.447880994230802,1.6876816967538038e-15,0.6845533958718595,4.742385567878188e-13
demand,Ready-Mixed Concrete,272,2021-09-01,6.727619513015066,6.994976507561391,0.26735699454632567,3.974020736890727,-8.504123697207822,1.229479183643683e-15,0.6895505052548836,3.454836506038749e-13
demand,Ready-Mixed Concrete,273,2021-10-01,6.728108005961616,6.997369336492431,0.26926133053081536,4.002036386636917,-8.557146406611427,9.233903714342871e-16,0.6944659833178307,2.5947269437303466e-13
demand,Ready-Mixed Concrete,274,2021-11-01,6.72882266236374,6.9987047087896785,0.2698820464259386,4.010836069963135,-8.548380235019767,1.0870356636589668e-15,0.6958354248195527,3.0545702148816966e-13
demand,Ready-Mixed Concrete,275,2021-12-01,6.729499775456776,7.000254263342289,0.2707544878855135,4.023396937659242,-8.547708371080242,1.2199990315786019e-15,0.6978903862954574,3.428197278735871e-13
demand,Ready-Mixed Concrete,276,2022-01-01,6.7304731251062435,7.00029407437309,0.26982094926684663,4.008944753978011,-8.474797986655188,2.2669160754609662e-15,0.6949766505602559,6.370034172045315e-13
demand,Ready-Mixed Concrete,277,2022-02-01,6.7312373257582045,7.001412100693737,0.27017477493553255,4.013746089469519,-8.446349762883568,3.1368564170470646e-15,0.6955973214918808,8.814566531902251e-13
demand,Ready-Mixed Concrete,278,2022-03-01,6.730986367878594,7.008077611781334,0.2770912439027402,4.1166513904272115,-8.814772812786789,2.370673478609069e-16,0.7142229081515262,6.661592474891483e-14
demand,Ready-Mixed Concrete,279,2022-04-01,6.731936055770491,7.0083201782226014,0.27638412245211086,4.105566662582891,-8.74340612370536,4.53442548532215e-16,0.7118956072123043,1.2741735613755242e-13
demand,Ready-Mixed Concrete,280,2022-05-01,6.732562195406812,7.010382729738565,0.27782053433175236,4.126520131092011,-8.757537516876083,4.82022589771928e-16,0.715448815585052,1.3544834772591177e-13
demand,Ready-Mixed Concrete,281,2022-06-01,6.732776540834234,7.014915843680775,0.28213930284654154,4.190534189503677,-8.93516954525906,1.5526215606868785e-16,0.7269002724577375,4.362866585530129e-14
demand,Ready-Mixed Concrete,282,2022-07-01,6.733501851261147,7.016566945009647,0.2830650937484993,4.2038318248250395,-8.920214109027542,2.0944626337832805e-16,0.7290225696838569,5.885440000931019e-14
demand,Ready-Mixed Concrete,283,2022-08-01,6.7340845718007865,7.0191355359016185,0.2850509641008321,4.232957888507859,-8.953004247466689,2.036345369191035e-16,0.7340415496074999,5.722130487426809e-14
demand,Ready-Mixed Concrete,284,2022-09-01,6.73463428147661,7.022000722927553,0.2873664414509429,4.266994010964113,-8.999522596982528,1.823958208147294e-16,0.7399494704292513,5.1253225648938964e-14
demand,Ready-Mixed Concrete,285,2022-10-01,6.735218488919405,7.024747707478787,0.2895292185593821,4.298735357074273,-9.033783845972748,1.8203138778258858e-16,0.7454226309764186,5.115081996690739e-14
demand,Ready-Mixed Concrete,286,2022-11-01,6.735570651514763,7.029138654369186,0.29356800285442297,4.3584726230791215,-9.17724211536762,8.263871038150408e-17,0.7560229837441276,2.3221477617202646e-14
demand,Ready-Mixed Concrete,287,2022-12-01,6.736027998068264,7.033003167273942,0.29697516920567857,4.40875794000328,-9.278007372153098,5.26363722287434e-17,0.7648734675710533,1.4790820596276895e-14
demand,Ready-Mixed Concrete,288,2023-01-01,6.736598483363697,7.036239152740297,0.2996406693765996,4.447952035683504,-9.330026537528337,4.931637985581969e-17,0.7716691773926925,1.3857902739485332e-14
demand,Ready-Mixed Concrete,289,2023-02-01,6.736453456823475,7.044777986227819,0.3083245294043442,4.576956277966067,-9.882000392258345,8.696403830026005e-19,0.7949833202848653,2.4436894762373077e-16
demand,Ready-Mixed Concrete,290,2023-03-01,6.736670480263064,7.051069979354072,0.3143994990910075,4.666986458846809,-10.209364216667275,8.789048816374462e-20,0.8111238277431336,2.4697227174012238e-17
demand,Ready-Mixed Concrete,291,2023-04-01,6.737493151874407,7.053043717780121,0.3155505659057143,4.683501100374794,-10.17979454270596,1.673450179026472e-19,0.813668441574427,4.702395003064386e-17
demand,Ready-Mixed Concrete,292,2023-05-01,6.737784726784308,7.059271033785927,0.32148630700161895,4.771394754178386,-10.50012661923965,1.8165379000023852e-20,0.8293730786699687,5.1044714990067025e-18
demand,Ready-Mixed Concrete,293,2023-06-01,6.738503936834376,7.062347638295139,0.32384370146076336,4.805869440701093,-10.53531027462185,2.2336010080543092e-20,0.8351857731419803,6.276418832632609e-18
demand,Ready-Mixed Concrete,294,2023-07-01,6.739147977799842,7.06619037136982,0.327042393569978,4.852874497597083,-10.622453991140526,1.8650890592912946e-20,0.8432882769810132,5.240900256608538e-18
demand,Ready-Mixed Concrete,295,2023-08-01,6.739871980060265,7.069527480979966,0.3296555009197011,4.891124073201661,-10.662185406755006,2.4000668400460887e-20,0.8497480388854272,6.744187820529509e-18
demand,Ready-Mixed Concrete,296,2023-09-01,6.740802356771877,7.071171844443073,0.330369487671196,4.901041006480534,-10.5817732693369,8.149229204548544e-20,0.8509614653931574,2.2899334064781407e-17
demand,Ready-Mixed Concrete,297,2023-10-01,6.741629222908799,7.073821539599503,0.3321923166907048,4.927478295037033,-10.552627565949214,1.940645607778427e-19,0.855199661130879,5.45321415785738e-17
demand,Ready-Mixed Concrete,298,2023-11-01,6.742510184487187,7.076068822384377,0.3335586378971902,4.947098762484993,-10.4874236964231,6.211898258385534e-19,0.8581635230611016,1.745543410606335e-16
demand,Ready-Mixed Concrete,299,2023-12-01,6.743289126771363,7.079423985548658,0.336134858777295,4.9847315228234015,-10.483408356704148,1.3120260141777564e-18,0.8644102011126904,3.6867930998394957e-16
demand,Ready-Mixed Concrete,300,2024-01-01,6.744159892840173,7.082006917898114,0.3378470250579406,5.009475315325936,-10.4155856994657,4.5134920875616314e-18,0.8682672191955614,1.2682912766048185e-15
demand,Ready-Mixed Concrete,301,2024-02-01,6.744933452836448,7.085757113118797,0.3408236602823491,5.0530322154479155,-10.412549448108667,1.0168151027138963e-17,0.8755404403231549,2.857250438626049e-15
demand,Ready-Mixed Concrete,302,2024-03-01,6.74503025180675,7.097297497239205,0.35226724543245425,5.2226192067573685,-11.340432481251055,1.3092618609797452e-20,0.9058508018772294,3.679025829353084e-18
demand,Ready-Mixed Concrete,303,2024-04-01,6.74591766178366,7.100504498101847,0.35458683631818655,5.256317288409235,-11.298355787905287,4.9638328277334616e-20,0.9112184020453434,1.3948370245931028e-17
demand,Ready-Mixed Concrete,304,2024-05-01,6.746807801033628,7.103863878274979,0.35705607724135024,5.292222452026102,-11.250515237693314,2.045818272808414e-19,0.9169562115223169,5.748749346591643e-17
demand,Steel Reinforcement Bars,24,2001-01-01,4.499699725609485,4.490359080767218,-0.009340644842267487,-0.20758373695707652,0.14748913890493198,0.883343426728817,-0.015265483543531737,1.0
demand,Steel Reinforcement Bars,25,2001-02-01,4.471477335175963,4.4926492752277305,0.021171940051767812,0.47348870327964326,-0.3123624355121356,0.7561671107932146,0.03460264403759622,1.0
demand,Steel Reinforcement Bars,26,2001-03-01,4.440423373638232,4.495383845986915,0.05496047234868229,1.2377304532484428,-0.7544558383099215,0.4546259421791984,0.08984813073038574,1.0
demand,Steel Reinforcement Bars,27,2001-04-01,4.435652292035977,4.495992387959132,0.06034009592315481,1.3603432359090197,-0.8497980490769704,0.39973378099424195,0.09864983601902974,1.0
demand,Steel Reinforcement Bars,28,2001-05-01,4.4325293989696615,4.4964833550746794,0.06395395610501797,1.4428320795770475,-0.9236748763182827,0.3600126407606152,0.10456433828798746,1.0
demand,Steel Reinforcement Bars,29,2001-06-01,4.434301009298123,4.496525279263278,0.06222426996515562,1.4032486706400815,-0.9207766567432757,0.36118722045731666,0.10173531794247441,1.0
demand,Steel Reinforcement Bars,30,2001-07-01,4.42472747990844,4.497693941977847,0.07296646206940682,1.6490611546299503,-1.093747621819793,0.27855759318411166,0.1193194286716134,1.0
demand,Steel Reinforcement Bars,31,2001-08-01,4.4123700377572534,4.499224301604545,0.08685426384729134,1.9684265622345254,-1.3079845243591068,0.1957808328378847,0.14206837851182283,1.0
demand,Steel Reinforcement Bars,32,2001-09-01,4.392547047996866,4.50165255054791,0.10910550255104479,2.483877835771849,-1.6061933007924547,0.1134029384727957,0.17856144532345233,1.0
demand,Steel Reinforcement Bars,33,2001-10-01,4.384820279310357,4.502882580511444,0.1180623012010873,2.6925231521611215,-1.763136773268199,0.08260791958638057,0.1932754779676943,1.0
demand,Steel Reinforcement Bars,34,2001-11-01,4.385707263295745,4.503180563039233,0.11747329974348819,2.6785485827252877,-1.7893698098583601,0.07793243589957656,0.19231665997222908,1.0
demand,Steel Reinforcement Bars,35,2001-12-01,4.3694662748839335,4.505513583087386,0.13604730820345257,3.113590989029121,-2.0487641839503894,0.04423497898602699,0.22286886724976376,1.0
demand,Steel Reinforcement Bars,36,2002-01-01,4.3721324406597395,4.5056503248630655,0.133517884203326,3.053838967951726,-2.046305391612716,0.04424763389994218,0.21871864336389857,1.0
demand,Steel Reinforcement Bars,37,2002-02-01,4.3688294772375995,4.506526104078212,0.13769662684061235,3.151796781221079,-2.144831633174841,0.035021421427179934,0.22561123410873307,1.0
demand,Steel Reinforcement Bars,38,2002-03-01,4.336430432295627,4.5112300914824575,0.1747996591868306,4.030957302693194,-2.4683835585350495,0.01605125605359786,0.2868798375443512,1.0
demand,Steel Reinforcement Bars,39,2002-04-01,4.336749076936313,4.5117899967176305,0.17504091978131786,4.036224293266586,-2.5166488168178733,0.01404017956262566,0.287306920720252,1.0
demand,Steel Reinforcement Bars,40,2002-05-01,4.328509133775897,4.513536151202745,0.18502701742684735,4.274613075967853,-2.6876027396230042,0.008827182906586468,0.30388516165466684,1.0
demand,Steel Reinforcement Bars,41,2002-06-01,4.323746586883306,4.514856607591714,0.19111002070840755,4.420009750066451,-2.8156182537070684,0.006119677079591892,0.314015592159675,1.0
demand,Steel Reinforcement Bars,42,2002-07-01,4.320528657984305,4.515993412589855,0.1954647546055499,4.524093463524018,-2.922520253080222,0.004449234488028838,0.3212889657457496,1.0
demand,Steel Reinforcement Bars,43,2002-08-01,4.317678073957719,4.517105440099466,0.19942736614174716,4.6188567726853655,-3.0245622619758077,0.003249623627479426,0.3279200294429072,0.9131442393217187
demand,Steel Reinforcement Bars,44,2002-09-01,4.319837142137603,4.517471855419559,0.19763471328195603,4.575050095156125,-3.0391149771901476,0.0030699051593405372,0.32497520927064416,0.8626433497746909
demand,Steel Reinforcement Bars,45,2002-10-01,4.329068162763129,4.51670509057848,0.18763692781535113,4.3343491199636714,-2.8955729117784506,0.004669983593919467,0.30838122967473586,1.0
demand,Steel Reinforcement Bars,46,2002-11-01,4.332377685284924,4.5168301750018465,0.1844524897169224,4.257534848437197,-2.880556322276721,0.004832955845219643,0.30312079788288177,1.0
demand,Steel Reinforcement Bars,47,2002-12-01,4.335599291977191,4.516947327396103,0.1813480354189121,4.1827674378139035,-2.864452873187378,0.005021165794160915,0.2979928168560445,1.0
demand,Steel Reinforcement Bars,48,2003-01-01,4.33483507189331,4.517723237002669,0.18288816510935924,4.219033990363094,-2.9239444745317495,0.004172974404422019,0.30058114654542306,1.0
demand,Steel Reinforcement Bars,49,2003-02-01,4.343688410323662,4.516827074795605,0.17313866447194304,3.9859826054844003,-2.772202175741543,0.00648048762781594,0.2844153079689647,1.0
demand,Steel Reinforcement Bars,50,2003-03-01,4.334866213049192,4.519028682423547,0.1841624693743542,4.248400304027199,-2.9537537025268055,0.003777905349687719,0.30275904188080005,1.0
demand,Steel Reinforcement Bars,51,2003-04-01,4.332916091273732,4.5200488935024055,0.1871328022286738,4.318865131165349,-3.0330732946023096,0.002940362284562482,0.3077325480615646,0.8262418019620574
demand,Steel Reinforcement Bars,52,2003-05-01,4.330831075031682,4.521115874176829,0.19028479914514662,4.393724803587602,-3.114972919504211,0.002257241251739258,0.31301444427974195,0.6342847917387315
demand,Steel Reinforcement Bars,53,2003-06-01,4.337729966906459,4.520480524647053,0.18275055774059368,4.2130459741579065,-3.002099270956153,0.003190043797906777,0.3004960867044341,0.8964023072118044
demand,Steel Reinforcement Bars,54,2003-07-01,4.346014081431585,4.51951837327754,0.17350429184595484,3.9922625328632666,-2.8511440930212806,0.005016654768662962,0.28514382067249044,1.0
demand,Steel Reinforcement Bars,55,2003-08-01,4.3436308882877475,4.52062997880585,0.1769990905181027,4.074910945940792,-2.9338937351874406,0.0038886433244691796,0.2909789410339425,1.0
demand,Steel Reinforcement Bars,56,2003-09-01,4.3175203925531775,4.526634326247806,0.2091139336946286,4.843380335974939,-3.218617862253108,0.0016399487462854213,0.3446255746619767,0.4608255977062034
demand,Steel Reinforcement Bars,57,2003-10-01,4.310677974723763,4.5288370165050535,0.21815904178129042,5.060898611784391,-3.3747082831489266,0.0009760448010905961,0.3598473735798727,0.2742685891064575
demand,Steel Reinforcement Bars,58,2003-11-01,4.30723590248997,4.530378711085649,0.2231428085956786,5.180649809932211,-3.4815805216637585,0.0006731149277757703,0.3682764328606106,0.18914529470499147
demand,Steel Reinforcement Bars,59,2003-12-01,4.300421730923699,4.532694188607892,0.2322724576841928,5.4011553335328895,-3.6396651092245538,0.00038492376040618964,0.3837172613035762,0.10816357667413928
demand,Steel Reinforcement Bars,60,2004-01-01,4.306372668168495,4.532230308395983,0.22585764022748744,5.2447304873766285,-3.55583685291265,0.0005118542409020888,0.372949151068897,0.14383104169348696
demand,Steel Reinforcement Bars,61,2004-02-01,4.312331045728254,4.531716862907483,0.21938581717922823,5.08740666829253,-3.4690131559230797,0.0006856617175533795,0.3620950733658625,0.19267094263249965
demand,Steel Reinforcement Bars,62,2004-03-01,4.29974398375927,4.535461370994585,0.2357173872353151,5.4821261015923834,-3.6918666748351727,0.00031362571059430946,0.3897067732657957,0.08812882467700096
demand,Steel Reinforcement Bars,63,2004-04-01,4.301056008848471,4.5360367838014115,0.23498077495294023,5.463327482123443,-3.7110094182958404,0.0002891446782425819,0.38851621367067163,0.08124965458616552
demand,Steel Reinforcement Bars,64,2004-05-01,4.3027050913447145,4.536525234726669,0.2338201433819549,5.434259109514746,-3.721659163021142,0.0002749383201718523,0.3866066888430644,0.0772576679682905
demand,Steel Reinforcement Bars,65,2004-06-01,4.302696880853633,4.53741293861039,0.2347160577567573,5.45509163801915,-3.76555652082899,0.00023143016871858156,0.3881774927898396,0.06503187740992142
demand,Steel Reinforcement Bars,66,2004-07-01,4.302092696480003,4.538457015516916,0.23636431903691335,5.4941707609022,-3.8208123073636324,0.00018641615396780233,0.39102464684633115,0.05238293926495245
demand,Steel Reinforcement Bars,67,2004-08-01,4.30162796070281,4.539478014051683,0.23785005334887366,5.529303220123508,-3.8728803134118808,0.00015155155022275921,0.3935992981773012,0.04258598561259534
demand,Steel Reinforcement Bars,68,2004-09-01,4.297100892269397,4.541568783043333,0.24446789077393571,5.6891354637202065,-3.9993685177884077,9.248234548530337e-05,0.4048992693400282,0.025987539081370248
demand,Steel Reinforcement Bars,69,2004-10-01,4.295611614343476,4.542904275611267,0.24729266126779148,5.756867321106419,-4.072167251687974,6.873229994684548e-05,0.40976796662750087,0.01931377628506358
demand,Steel Reinforcement Bars,70,2004-11-01,4.289485968604142,4.545514653460769,0.2560286848566271,5.968749792645723,-4.225021211072247,3.699401606381746e-05,0.4247390401565908,0.010395318513932706
demand,Steel Reinforcement Bars,71,2004-12-01,4.287153819250051,4.547148805743705,0.2599949864936537,6.0645126686668425,-4.315265523561269,2.523301161708521e-05,0.4315940259740058,0.007090476264400944
demand,Steel Reinforcement Bars,72,2005-01-01,4.289430657463318,4.547522590316226,0.2580919328529081,6.01692750071261,-4.305921295762093,2.5886046179696503e-05,0.4284038273685776,0.007273978976494717
demand,Steel Reinforcement Bars,73,2005-02-01,4.286048385628099,4.549495237881945,0.26344685225384534,6.146614049837389,-4.4153707657419945,1.619102347437847e-05,0.43765372782748024,0.00454967759630035
demand,Steel Reinforcement Bars,74,2005-03-01,4.275726574696706,4.553523711847346,0.2777971371506398,6.497074410571846,-4.622257837013254,6.677305426297087e-06,0.46243849409663434,0.0018763228247894814
demand,Steel Reinforcement Bars,75,2005-04-01,4.275241024800381,4.554760772396065,0.27951974759568454,6.538105009149416,-4.677066799512306,5.165230843060912e-06,0.46549901953194944,0.0014514298669001163
demand,Steel Reinforcement Bars,76,2005-05-01,4.277504024446685,4.555185799172652,0.2776817747259672,6.491677696595192,-4.667157242734444,5.31728514403218e-06,0.46240367105196734,0.0014941571254730426
demand,Steel Reinforcement Bars,77,2005-06-01,4.2735509605550135,4.557495591610687,0.28394463105567347,6.644231779999579,-4.7890558097033535,3.0462341333050396e-06,0.47333215016617797,0.0008559917914587161
demand,Steel Reinforcement Bars,78,2005-07-01,4.273494382247836,4.558644427224295,0.2851500449764588,6.67252649637207,-4.8331991147761055,2.454781317389016e-06,0.4755102207772708,0.0006897935501863135
demand,Steel Reinforcement Bars,79,2005-08-01,4.2764432408655715,4.558853188080996,0.2824099472154247,6.603851175124299,-4.802403762753244,2.786778117085977e-06,0.47083910262358214,0.0007830846509011595
demand,Steel Reinforcement Bars,80,2005-09-01,4.27203709505842,4.561402993750825,0.28936589869240503,6.773487501480789,-4.932689419813173,1.514954809482215e-06,0.48301550447708713,0.0004257023014645024
demand,Steel Reinforcement Bars,81,2005-10-01,4.270971298430983,4.562917894660159,0.2919465962291756,6.835601923534989,-4.9982192159627115,1.0990814302390759e-06,0.48760244477970366,0.0003088418818971803
demand,Steel Reinforcement Bars,82,2005-11-01,4.265327951336734,4.565973364530434,0.3006454131937,7.048588446744853,-5.150397460091636,5.284116153632253e-07,0.5029045616304234,0.0001484836639170663
demand,Steel Reinforcement Bars,83,2005-12-01,4.264015324852455,4.567638378397868,0.3036230535454134,7.120590110822819,-5.222145359701274,3.675953237753793e-07,0.5082263013425256,0.00010329428598088159
demand,Steel Reinforcement Bars,84,2006-01-01,4.264636022062821,4.568664845695316,0.3040288236324944,7.129068508065419,-5.248622260611097,3.180610407924503e-07,0.5090381551809267,8.937515246267853e-05
demand,Steel Reinforcement Bars,85,2006-02-01,4.262704919365709,4.570583585666163,0.3078786663004536,7.222612686647471,-5.333272873436288,2.0649944809202863e-07,0.5159119723632617,5.802634491386004e-05
demand,Steel Reinforcement Bars,86,2006-03-01,4.24951155356543,4.576519833094658,0.3270082795292284,7.695196857503811,-5.567723033069651,6.511521076138422e-08,0.5498997348457189,1.8297374223948966e-05
demand,Steel Reinforcement Bars,87,2006-04-01,4.247716524925465,4.578516427190553,0.3307999022650874,7.787711357948774,-5.652933611698194,4.125998521713633e-08,0.5567823124928454,1.159405584601531e-05
demand,Steel Reinforcement Bars,88,2006-05-01,4.2443212616814066,4.581128805065001,0.3368075433835944,7.935486562347701,-5.771048964724934,2.192387553187741e-08,0.5676562083880246,6.1606090244575524e-06
demand,Steel Reinforcement Bars,89,2006-06-01,4.243807027461644,4.582722865018928,0.33891583755728405,7.986127440860581,-5.827845076923577,1.592989071711953e-08,0.5715693721202892,4.476299291510588e-06
demand,Steel Reinforcement Bars,90,2006-07-01,4.242999741272757,4.58444492189992,0.3414451806271632,8.047259048965701,-5.891211756298256,1.1150766705052545e-08,0.5762483598881849,3.1333654441197653e-06
demand,Steel Reinforcement Bars,91,2006-08-01,4.243374279268675,4.58573635981168,0.34236208054300477,8.068156566241175,-5.925283071418215,9.118322115277474e-09,0.5780317660046875,2.56224851439297e-06
demand,Steel Reinforcement Bars,92,2006-09-01,4.243918782838494,4.586969557078008,0.34305077423951325,8.083349182522948,-5.954226808514838,7.665377189595233e-09,0.5794049353728606,2.1539709902762607e-06
demand,Steel Reinforcement Bars,93,2006-10-01,4.245965497367214,4.587616617768976,0.34165112040176204,8.04648838087848,-5.941411222955109,8.09781279165849e-09,0.5770096852912414,2.2754853944560356e-06
demand,Steel Reinforcement Bars,94,2006-11-01,4.234524647011469,4.593646792466175,0.3591221454547062,8.480813677827049,-6.17215306234279,2.3280105731653307e-09,0.6088372797653943,6.541709710594579e-07
demand,Steel Reinforcement Bars,95,2006-12-01,4.229644599826613,4.597162718226927,0.367518118400314,8.689101642615075,-6.322042757938528,9.91986367705308e-10,0.6243543993784251,2.7874816932519157e-07
demand,Steel Reinforcement Bars,96,2007-01-01,4.229060986735884,4.598980507819674,0.36991952108379067,8.747084098432586,-6.381975801260597,6.917920006514756e-10,0.6289255863174236,1.9439355218306465e-07
demand,Steel Reinforcement Bars,97,2007-02-01,4.230175409690501,4.600109044433839,0.3699336347433375,8.7451133561954,-6.397063924117572,6.231457282847983e-10,0.6291088739249215,1.751039496480283e-07
demand,Steel Reinforcement Bars,98,2007-03-01,4.226987969287372,4.603062736183839,0.37607476689646635,8.89699165526295,-6.515975250573377,3.0903717021319656e-10,0.6406042365293059,8.683944482990823e-08
demand,Steel Reinforcement Bars,99,2007-04-01,4.226933185882781,4.604721424548843,0.3777882386660618,8.937643962005565,-6.561755899756896,2.3248563361593135e-10,0.6439406175705945,6.532846304607671e-08
demand,Steel Reinforcement Bars,100,2007-05-01,4.229284932055416,4.60534419145453,0.37605925939911433,8.891792949413578,-6.538954381192973,2.618668541504022e-10,0.6408958457037455,7.358458601626302e-08
demand,Steel Reinforcement Bars,101,2007-06-01,4.2276063992375645,4.6077371347615586,0.380130735523994,8.9916302424121,-6.624247836619439,1.5633611953180557e-10,0.6486143284571282,4.3930449588437366e-08
demand,Steel Reinforcement Bars,102,2007-07-01,4.2273934535289115,4.609507404355419,0.3821139508265077,9.038996606940607,-6.672679690719838,1.1564318050942788e-10,0.6524682031427919,3.2495733723149237e-08
demand,Steel Reinforcement Bars,103,2007-08-01,4.225528488170266,4.612048136137575,0.386519647967309,9.147249842224571,-6.76262292861341,6.668927808001466e-11,0.6608596441851453,1.8739687140484117e-08
demand,Steel Reinforcement Bars,104,2007-09-01,4.226714344757881,4.613217871972485,0.3865035272146038,9.144302067490294,-6.771337775981478,6.252255128787757e-11,0.6609931645579441,1.7568836911893596e-08
demand,Steel Reinforcement Bars,105,2007-10-01,4.222652276619672,4.616847428587336,0.3941951519676641,9.335250125857538,-6.910930754821459,2.6589426116523896e-11,0.6756105145302622,7.471628738743214e-09
demand,Steel Reinforcement Bars,106,2007-11-01,4.223376876944174,4.618270690997968,0.39489381405379387,9.35019122279988,-6.93253320608439,2.303900052023892e-11,0.6770979684880951,6.473959146187137e-09
demand,Steel Reinforcement Bars,107,2007-12-01,4.222343814027483,4.6205474096742725,0.3982035956467893,9.430866200991879,-7.001992366071339,1.487393147599532e-11,0.6835247381504596,4.179574744754685e-09
demand,Steel Reinforcement Bars,108,2008-01-01,4.225774844963456,4.620672532998081,0.3948976880346251,9.34497701658878,-6.937164749644166,2.204394659942378e-11,0.6774373596628632,6.1943489944380825e-09
demand,Steel Reinforcement Bars,109,2008-02-01,4.226096609806197,4.622308102635245,0.3962114928290479,9.375353415009073,-6.968239078998346,1.8069599625853844e-11,0.680085567160467,5.07755749486493e-09
demand,Steel Reinforcement Bars,110,2008-03-01,4.231313133924146,4.621497115602617,0.39018398167847135,9.221344989814364,-6.838411183395194,3.9976351627920856e-11,0.6688524670563801,1.123335480744576e-08
demand,Steel Reinforcement Bars,111,2008-04-01,4.2383430587935615,4.619707493222678,0.3813644344291163,8.997960503406516,-6.640569428026339,1.3193705987000127e-10,0.6524147487819839,3.707431382347036e-08
demand,Steel Reinforcement Bars,112,2008-05-01,4.242203183163174,4.61947261075739,0.3772694275942152,8.893242763372461,-6.558174533493522,2.1462091798911733e-10,0.6448824294572381,6.030847795494198e-08
demand,Steel Reinforcement Bars,113,2008-06-01,4.245379811317399,4.619557381341496,0.3741775700240968,8.813759584633829,-6.497559864713374,3.0598595681705893e-10,0.6392337252969646,8.598205386559356e-08
demand,Steel Reinforcement Bars,114,2008-07-01,4.245022906125062,4.621486984885451,0.3764640787603897,8.86836389545029,-6.543225853398971,2.3311746844788354e-10,0.643632055112341,6.550600863385528e-08
demand,Steel Reinforcement Bars,115,2008-08-01,4.248934255271093,4.6211442695909035,0.37221001431981016,8.760079397746816,-6.456062589419364,3.888084319426497e-10,0.6358046351035657,1.0925516937588457e-07
demand,Steel Reinforcement Bars,116,2008-09-01,4.255669101771369,4.619223930719015,0.36355482894764535,8.542835926701166,-6.267779934237129,1.1572712444632023e-09,0.6198127007471328,3.2519321969415985e-07
demand,Steel Reinforcement Bars,117,2008-10-01,4.263672982697611,4.616521575816078,0.35284859311846706,8.275695498936248,-6.033501628369695,4.350446790315304e-09,0.600122294808897,1.2224755480786006e-06
demand,Steel Reinforcement Bars,118,2008-11-01,4.263971658504842,4.618026812061886,0.3540551535570433,8.303412450006585,-6.057287955038814,3.805527506832462e-09,0.6024412456710602,1.0693532294199218e-06
demand,Steel Reinforcement Bars,119,2008-12-01,4.267134453483757,4.617920538495534,0.35078608501177744,8.220647575925105,-5.993081522856169,5.437283054766827e-09,0.5965092748680259,1.5278765383894785e-06
demand,Steel Reinforcement Bars,120,2009-01-01,4.269579054524405,4.618195342132539,0.34861628760813446,8.165120803623752,-5.950791078612676,6.86921797620729e-09,0.5926046682896882,1.9302502513142484e-06
demand,Steel Reinforcement Bars,121,2009-02-01,4.2695892747790625,4.619865436540206,0.3502761617611432,8.20397792898402,-5.980852551080839,5.82180274795629e-09,0.5957454918036432,1.6359265721757173e-06
demand,Steel Reinforcement Bars,122,2009-03-01,4.2705944812124335,4.620965151404407,0.35037067019197377,8.204259892465899,-5.981240270708154,5.816127264934058e-09,0.5960041842685965,1.6343317614464703e-06
demand,Steel Reinforcement Bars,123,2009-04-01,4.272822792792488,4.6213354831803555,0.34851269038786725,8.156497643097856,-5.943276792169489,7.183014787850715e-09,0.592663613110473,2.018427155386051e-06
demand,Steel Reinforcement Bars,124,2009-05-01,4.274808637100086,4.621834351454724,0.347025714354638,8.11792395437029,-5.912084319342989,8.542994833634816e-09,0.5900054488930875,2.400581548251383e-06
demand,Steel Reinforcement Bars,125,2009-06-01,4.275506799978198,4.623107662016443,0.34760086203824425,8.130050501615779,-5.919592134749051,8.220088524562457e-09,0.5911407387168854,2.3098448754020503e-06
demand,Steel Reinforcement Bars,126,2009-07-01,4.274813400307804,4.625250367536187,0.3504369672283829,8.197713780983985,-5.967531787462364,6.333860727375983e-09,0.5964456197452227,1.7798148643926512e-06
demand,Steel Reinforcement Bars,127,2009-08-01,4.275874083761938,4.626318338667639,0.3504442549057014,8.195850673820091,-5.963109769732907,6.514124330067508e-09,0.5965340384424591,1.8304689367489697e-06
demand,Steel Reinforcement Bars,128,2009-09-01,4.273532285692193,4.62955313671656,0.3560208510243674,8.33083330659106,-6.05717932511188,3.87987858109204e-09,0.6069300410888592,1.0902458812868632e-06
demand,Steel Reinforcement Bars,129,2009-10-01,4.280348539755039,4.626936757101145,0.3465882173461061,8.097196154169751,-5.857714500190095,1.162876769079844e-08,0.589562146284669,3.2676837211143615e-06
demand,Steel Reinforcement Bars,130,2009-11-01,4.280336222412461,4.628686452939744,0.34835023052728253,8.13838475359179,-5.884585152271182,1.0088373197417797e-08,0.5928791052320155,2.8348328684744013e-06
demand,Steel Reinforcement Bars,131,2009-12-01,4.281197883493774,4.629875708641134,0.34867782514736056,8.144398708868222,-5.884580327942948,1.0136003221403603e-08,0.5935499330146943,2.8482169052144123e-06
demand,Steel Reinforcement Bars,132,2010-01-01,4.28265791391714,4.630667352342977,0.3480094384258372,8.12601532555118,-5.865356143941637,1.1309581382743546e-08,0.5923795582829243,3.1779923685509362e-06
demand,Steel Reinforcement Bars,133,2010-02-01,4.282873537827922,4.632296594477119,0.34942305664919715,8.15861251944433,-5.884087230470597,1.0270318226503875e-08,0.595053922224298,2.885959421647589e-06
demand,Steel Reinforcement Bars,134,2010-03-01,4.278474252914183,4.637111605939122,0.35863735302493893,8.382365577650992,-6.03464392240276,4.498647430906736e-09,0.6122164804402784,1.2641199280847928e-06
demand,Steel Reinforcement Bars,135,2010-04-01,4.282989932087693,4.635817898024693,0.35282796593700017,8.237889220650544,-5.9131864220331485,8.80571041345294e-09,0.6014811202484843,2.474404626180276e-06
demand,Steel Reinforcement Bars,136,2010-05-01,4.284071640365765,4.636883782170389,0.35281214180462417,8.235439820387827,-5.904529408531051,9.289444406590347e-09,0.6015104255720811,2.6103338782518874e-06
demand,Steel Reinforcement Bars,137,2010-06-01,4.282464441200594,4.639868148979936,0.3574037077793415,8.345748404606551,-5.977679864631602,6.261149010408196e-09,0.6101035027113382,1.7593828719247032e-06
demand,Steel Reinforcement Bars,138,2010-07-01,4.281782018982218,4.64223243156588,0.3604504125836616,8.418233599601617,-6.023361214514056,4.9024226126697225e-09,0.615842924507665,1.377580754160192e-06
demand,Steel Reinforcement Bars,139,2010-08-01,4.282509495479357,4.643597332510518,0.3610878370311612,8.431687948674199,-6.024953382389507,4.897889260703733e-09,0.6170902598186633,1.376306882257749e-06
demand,Steel Reinforcement Bars,140,2010-09-01,4.285741353536811,4.643113881235321,0.3573725276985096,8.338639647574336,-5.9439109802477486,7.68994685025121e-09,0.6102101031873496,2.16087506492059e-06
demand,Steel Reinforcement Bars,141,2010-10-01,4.2869913610742225,4.644077293282786,0.35708593220856333,8.329523018191614,-5.927615994953452,8.471567614220966e-09,0.6097265484407913,2.3805104995960914e-06
demand,Steel Reinforcement Bars,142,2010-11-01,4.284883583245172,4.647587402287779,0.36270381904260685,8.464729834454728,-6.015769350946358,5.2642810682370746e-09,0.6202716452156457,1.4792629801746179e-06
demand,Steel Reinforcement Bars,143,2010-12-01,4.28581781760483,4.6488191673717125,0.3630013497668827,8.46982688521626,-6.009088830024848,5.510636526402988e-09,0.6208777836444135,1.5484888639192396e-06
demand,Steel Reinforcement Bars,144,2011-01-01,4.288400108836364,4.6487713371686095,0.36037122833224533,8.403395653070959,-5.947551864702811,7.776033711615092e-09,0.616001191968955,2.1850654729638406e-06
demand,Steel Reinforcement Bars,145,2011-02-01,4.2912783097472165,4.648461728996102,0.3571834192488854,8.323473647411271,-5.87552324496873,1.1573531253133718e-08,0.6100897068024463,3.2521622821305745e-06
demand,Steel Reinforcement Bars,146,2011-03-01,4.291526886042631,4.650215233259043,0.35868834721641196,8.35805895526315,-5.889357558884848,1.0840412723896383e-08,0.612939788776982,3.0461559754148837e-06
demand,Steel Reinforcement Bars,147,2011-04-01,4.2952789760437415,4.649155514121974,0.3538765380782323,8.238732339666976,-5.786656379287183,1.8908423978817786e-08,0.6040036320854668,5.313267138047798e-06
demand,Steel Reinforcement Bars,148,2011-05-01,4.298287731766379,4.648650435067431,0.3503627033010517,8.151215673899763,-5.70873349585134,2.8764081543725253e-08,0.5975045315256061,8.082706913786797e-06
demand,Steel Reinforcement Bars,149,2011-06-01,4.299121025842933,4.64990711221129,0.3507860863683572,8.159483863322462,-5.70216193532343,3.003991282570315e-08,0.598322729089822,8.441215504022585e-06
demand,Steel Reinforcement Bars,150,2011-07-01,4.3006177836573505,4.650612544692886,0.3499947610355356,8.13824382081896,-5.673419153719973,3.5230125468701633e-08,0.5968826279696339,9.89966525670516e-06
demand,Steel Reinforcement Bars,151,2011-08-01,4.3028214330394,4.650709419436404,0.34788798639700413,8.085113263723455,-5.620778399505308,4.672198607263468e-08,0.5930005258449623,1.3128878086410344e-05
demand,Steel Reinforcement Bars,152,2011-09-01,4.306866789323117,4.649200910008561,0.342334120685444,7.948565336037394,-5.505929212207305,8.481051929203085e-08,0.582747253842741,2.383175592106067e-05
demand,Steel Reinforcement Bars,153,2011-10-01,4.306835215595368,4.651173437855329,0.34433822225996114,7.9951566526875,-5.525601405653209,7.735283304514361e-08,0.5864737783940286,2.1736146085685354e-05
demand,Steel Reinforcement Bars,154,2011-11-01,4.308123554113339,4.652007346943856,0.34388379283051673,7.982217513287916,-5.501859681205537,8.806883270501026e-08,0.5856538462956351,2.4747341990107883e-05
demand,Steel Reinforcement Bars,155,2011-12-01,4.312966565609274,4.649669513673514,0.3367029480642394,7.806759986247999,-5.358912744983332,1.8162826555654496e-07,0.5724265194815266,5.103754262138913e-05
demand,Steel Reinforcement Bars,156,2012-01-01,4.315160964518134,4.649637009154914,0.33447604463678005,7.7511834989944655,-5.304443243317137,2.39837569903823e-07,0.5683482680145788,6.739435714297426e-05
demand,Steel Reinforcement Bars,157,2012-02-01,4.3146704887202745,4.652029339067128,0.3373588503468534,7.818878665909748,-5.3375656227747195,2.0511415202272218e-07,0.573663332500521,5.763707671838493e-05
demand,Steel Reinforcement Bars,158,2012-03-01,4.315734451056057,4.65301912153083,0.33728467047477295,7.815232246095206,-5.319600044069181,2.2607402963598277e-07,0.5735390523893094,6.352680232771116e-05
demand,Steel Reinforcement Bars,159,2012-04-01,4.317401372930884,4.65344408678011,0.3360427138492259,7.783448533558557,-5.281291629691572,2.7527252795615743e-07,0.5712641283425088,7.735158035568023e-05
demand,Steel Reinforcement Bars,160,2012-05-01,4.321623953633432,4.651434795664377,0.3298108420309447,7.631641382255255,-5.1575968945561925,5.050735235958923e-07,0.5598355407210719,0.00014192566013044572
demand,Steel Reinforcement Bars,161,2012-06-01,4.322336090874876,4.652715490581988,0.3303793997071125,7.643537956351771,-5.149985674307005,5.280251243155533e-07,0.560883432886276,0.00014837505993267047
demand,Steel Reinforcement Bars,162,2012-07-01,4.323503206401411,4.653561638392817,0.3300584319914055,7.634050820240367,-5.127006244020017,5.942387552361024e-07,0.56030040225388,0.0001669810902213448
demand,Steel Reinforcement Bars,163,2012-08-01,4.326108898563542,4.65299134086007,0.32688244229652774,7.556038231147326,-5.055993079418253,8.392102321237679e-07,0.5544930392927404,0.0002358180752267788
demand,Steel Reinforcement Bars,164,2012-09-01,4.328325327486709,4.652769450550355,0.3244441230636461,7.495834959615622,-4.997487733215395,1.113487720952267e-06,0.5500424450599724,0.00031289004958758704
demand,Steel Reinforcement Bars,165,2012-10-01,4.330785045905285,4.6522730516722985,0.321488005767014,7.423319383421668,-4.9305542029651654,1.5317206869109172e-06,0.5446550355802834,0.0004304135130219677
demand,Steel Reinforcement Bars,166,2012-11-01,4.334308419463114,4.65065714980216,0.31634873033904576,7.298712960030461,-4.828221131911288,2.4659724739689864e-06,0.5353137671091464,0.0006929382651852852
demand,Steel Reinforcement Bars,167,2012-12-01,4.336637762544204,4.650208683356462,0.3135709208122579,7.230738142820884,-4.76492277720269,3.307078707033057e-06,0.5302764751805543,0.0009292891166762891
demand,Steel Reinforcement Bars,168,2013-01-01,4.340064684938751,4.64858040980695,0.3085157248681991,7.108551306593096,-4.665269625769841,5.192502689586398e-06,0.5211347771613658,0.0014590932557737779
demand,Steel Reinforcement Bars,169,2013-02-01,4.344224671916828,4.646114646841783,0.30188997492495506,6.949225643795959,-4.541555020129085,8.977300866886347e-06,0.5091997265786611,0.0025226215435950636
demand,Steel Reinforcement Bars,170,2013-03-01,4.34699599779326,4.645050273105501,0.29805427531224105,6.856557389598413,-4.462922861730261,1.2668948230520326e-05,0.5023110263615516,0.0035599744527762115
demand,Steel Reinforcement Bars,171,2013-04-01,4.350049521383596,4.643631929696419,0.29358240831282245,6.7489440492494515,-4.374814443864109,1.8512636167985303e-05,0.4943014448141021,0.0052020507632038705
demand,Steel Reinforcement Bars,172,2013-05-01,4.354416715981835,4.640717438851933,0.2863007228700978,6.574950023026049,-4.244061297796954,3.203726563743827e-05,0.48131119021458796,0.009002471644120155
demand,Steel Reinforcement Bars,173,2013-06-01,4.358613928152321,4.637898099219728,0.279284171067407,6.407637282657873,-4.118755921605905,5.3540311108553394e-05,0.4688482268910647,0.015044827421503504
demand,Steel Reinforcement Bars,174,2013-07-01,4.358010543047246,4.640377281021989,0.2823667379747423,6.479257798612469,-4.149558769602243,4.746375887939141e-05,0.4743045251074464,0.013337316245108987
demand,Steel Reinforcement Bars,175,2013-08-01,4.360854011783147,4.638979616795965,0.2781256050128187,6.377778395271103,-4.067279507990242,6.629081851458307e-05,0.4667787745390464,0.018627720002597842
demand,Steel Reinforcement Bars,176,2013-09-01,4.364130358080163,4.637028562264838,0.27289820418467503,6.2532092717946774,-3.9707862147870174,9.732243347005739e-05,0.45753110420675747,0.027347603805086128
demand,Steel Reinforcement Bars,177,2013-10-01,4.3673237059411605,4.635105375638446,0.26778166969728545,6.131482063786668,-3.876730783429186,0.00014050408632130057,0.44850657822513434,0.03948164825628546
demand,Steel Reinforcement Bars,178,2013-11-01,4.371589188510557,4.631850579428808,0.2602613909182514,5.953473203801316,-3.748295757232707,0.00022896159932448855,0.4352950046029605,0.06433820941018129
demand,Steel Reinforcement Bars,179,2013-12-01,4.374264918106273,4.63039261805071,0.25612769994443685,5.855331232551888,-3.6704061682412514,0.00030639731203481387,0.42805189864986015,0.0860976446817827
demand,Steel Reinforcement Bars,180,2014-01-01,4.3754873987981995,4.630634773590289,0.2551473747920898,5.831290357782091,-3.6392458983436162,0.0003444267861973981,0.4263282598719626,0.09678392692146887
demand,Steel Reinforcement Bars,181,2014-02-01,4.37847544971437,4.628704436826542,0.25022898711217234,5.714979791162151,-3.550769410839568,0.0004752657142903842,0.41773802837899454,0.13354966571559795
demand,Steel Reinforcement Bars,182,2014-03-01,4.382353032392886,4.625605858184516,0.24325282579162977,5.550735506555185,-3.4337934241706063,0.0007196206330782167,0.40559710975444196,0.20221339789497889
demand,Steel Reinforcement Bars,183,2014-04-01,4.386604525469618,4.621943047175953,0.23533852170633462,5.36493591660488,-3.304882087239321,0.0011219628466906022,0.39187802018386175,0.31527155992005923
demand,Steel Reinforcement Bars,184,2014-05-01,4.390832840715198,4.618200485220914,0.22736764450571556,5.178235035444458,-3.1765405411537757,0.00172284248281833,0.37811576453133167,0.48411873767195074
demand,Steel Reinforcement Bars,185,2014-06-01,4.392897533616047,4.617126870344865,0.2242293367288184,5.104360732590143,-3.1166419450131064,0.0020975291111146365,0.37270598519900533,0.5894056802232128
demand,Steel Reinforcement Bars,186,2014-07-01,4.396146537595337,4.614468930460814,0.21832239286547672,4.966221917272522,-3.0186724749889597,0.002871545893699387,0.36255431152633955,0.8069043961295278
demand,Steel Reinforcement Bars,187,2014-08-01,4.400582326918625,4.610164914893285,0.20958258797466023,4.762610318471513,-2.8831833811984255,0.0043729957482835325,0.3475892092512652,1.0
demand,Steel Reinforcement Bars,188,2014-09-01,4.403682062475271,4.607518335484241,0.20383627300897,4.628769064549483,-2.789419254808767,0.0058026318346004946,0.3377785164782927,1.0
demand,Steel Reinforcement Bars,189,2014-10-01,4.405840007844515,4.606061082614398,0.2002210747698836,4.544447243054531,-2.725391117531376,0.007012643674647824,0.3316157712396407,1.0
demand,Steel Reinforcement Bars,190,2014-11-01,4.407765592313099,4.60486942812331,0.19710383581021063,4.471740424535026,-2.668556775087472,0.008273619735827914,0.3263084649180663,1.0
demand,Steel Reinforcement Bars,191,2014-12-01,4.411419714972554,4.601240199194721,0.18982048422216735,4.30293412295158,-2.556475153733067,0.011359096444135694,0.3139457909330267,1.0
demand,Steel Reinforcement Bars,192,2015-01-01,4.414635591781848,4.59811882793076,0.18348323614891182,4.156248739770926,-2.457919228692341,0.01488412379764932,0.3032172834678596,1.0
demand,Steel Reinforcement Bars,193,2015-02-01,4.419493631246904,4.592573839838064,0.17308020859116002,3.916290485576006,-2.307664920745998,0.02211650244212949,0.2856660193474794,1.0
demand,Steel Reinforcement Bars,194,2015-03-01,4.423304915985613,4.588378958129039,0.16507404214342625,3.7319164126998468,-2.1896586854302322,0.029802016586820523,0.27220175016886744,1.0
demand,Steel Reinforcement Bars,195,2015-04-01,4.428063810012938,4.5826855977321355,0.1546217877191971,3.4918599720618144,-2.0416218969053936,0.04261862176098384,0.2546802030414114,1.0
demand,Steel Reinforcement Bars,196,2015-05-01,4.433948121321251,4.575176550899728,0.1412284295784776,3.1851619756072744,-1.8581327616572185,0.06475099719413782,0.23231306870434,1.0
demand,Steel Reinforcement Bars,197,2015-06-01,4.435472581412627,4.573971322048042,0.13849874063541456,3.1225250093036294,-1.8120304165278522,0.0716373940361932,0.2277623588692903,1.0
demand,Steel Reinforcement Bars,198,2015-07-01,4.438888716350798,4.569865245886803,0.1309765295360057,2.9506603545511108,-1.7047885697359004,0.08996520125918255,0.21524639833668255,1.0
demand,Steel Reinforcement Bars,199,2015-08-01,4.44228321791882,4.56567655909834,0.12339334117952028,2.7777009057366957,-1.5978082804297813,0.11186348517099703,0.20265435089857095,1.0
demand,Steel Reinforcement Bars,200,2015-09-01,4.44720777279657,4.5589981278241485,0.11179035502757806,2.513720085474669,-1.4417580436122095,0.15114067031195222,0.1834339812183813,1.0
demand,Steel Reinforcement Bars,201,2015-10-01,4.448364554609783,4.55805498103174,0.10969042642195692,2.465859645165236,-1.4064369605305527,0.16137552930905805,0.1799592910431415,1.0
demand,Steel Reinforcement Bars,202,2015-11-01,4.450905943560855,4.554876475979028,0.103970532418173,2.3359409013930663,-1.3256634140210821,0.18670794076918656,0.1705064139827981,1.0
demand,Steel Reinforcement Bars,203,2015-12-01,4.453576093746393,4.551399730302473,0.09782363655607984,2.1965188086365357,-1.2403576654524857,0.21655144876864638,0.16036058827643515,1.0
demand,Steel Reinforcement Bars,204,2016-01-01,4.452575694965198,4.553814970205832,0.10123927524063436,2.27372384382172,-1.2763980121362895,0.2035793897000604,0.16599418583063733,1.0
demand,Steel Reinforcement Bars,205,2016-02-01,4.453866343711397,4.552497682159619,0.09863133844822247,2.214510513713198,-1.2358822590240124,0.21825476568167454,0.1616897320800539,1.0
demand,Steel Reinforcement Bars,206,2016-03-01,4.454538291364046,4.55217418721655,0.09763589585250365,2.1918297580197943,-1.2157360560706179,0.22584303943730535,0.1600463791126965,1.0
demand,Steel Reinforcement Bars,207,2016-04-01,4.457186596825906,4.548481045128415,0.09129444830250844,2.0482527782777122,-1.1301532914421033,0.2600917016300255,0.14959336464162665,1.0
demand,Steel Reinforcement Bars,208,2016-05-01,4.457454667235135,4.548774729452239,0.09132006221710398,2.048704227736945,-1.123200859754985,0.26304794345627935,0.14963421655413622,1.0
demand,Steel Reinforcement Bars,209,2016-06-01,4.458166700317414,4.548295605685746,0.09012890536833229,2.0216584849084995,-1.1012841490497776,0.2724641579845956,0.14767108356340392,1.0
demand,Steel Reinforcement Bars,210,2016-07-01,4.460079668033698,4.545677166063467,0.08559749802976935,1.9191921311016953,-1.0392273884746142,0.30032357769679235,0.14021054601538308,1.0
demand,Steel Reinforcement Bars,211,2016-08-01,4.463351040525369,4.540552910998102,0.07720187047273264,1.7296840372126636,-0.9320721978224251,0.3527699435151746,0.12640363567638552,1.0
demand,Steel Reinforcement Bars,212,2016-09-01,4.466463206837301,4.5355736170865075,0.06911041024920639,1.547318472105884,-0.8296250518307566,0.40805978844683427,0.11311321594880748,1.0
demand,Steel Reinforcement Bars,213,2016-10-01,4.471319290984221,4.527252621284397,0.05593333030017611,1.2509357229969622,-0.6690438438705852,0.5044946360545757,0.09149936229294008,1.0
demand,Steel Reinforcement Bars,214,2016-11-01,4.474238727829686,4.522306306896315,0.04806757906662895,1.0743186045851656,-0.5716238410772119,0.5684413981151653,0.07861207668250131,1.0
demand,Steel Reinforcement Bars,215,2016-12-01,4.475782120390269,4.51981716811159,0.04403504772132116,0.9838514596300656,-0.5201259857215769,0.6037615823759632,0.07200872225997942,1.0
demand,Steel Reinforcement Bars,216,2017-01-01,4.472929779671128,4.5256591207050025,0.05272934103387428,1.178854657489195,-0.6195064428849207,0.5365571779173305,0.08624794772052696,1.0
demand,Steel Reinforcement Bars,217,2017-02-01,4.475006711180048,4.522105863594274,0.04709915241422635,1.0524934475865049,-0.5496766153754064,0.5834001781279679,0.07702544263754296,1.0
demand,Steel Reinforcement Bars,218,2017-03-01,4.472175386773606,4.5280907993872335,0.055915412613627424,1.2502956118178292,-0.6490230699987436,0.5173786601574714,0.09146818112404767,1.0
demand,Steel Reinforcement Bars,219,2017-04-01,4.477375206579616,4.51824675279721,0.040871546217593924,0.9128461281853741,-0.47313789362111325,0.6368497750080552,0.06682952658916015,1.0
demand,Steel Reinforcement Bars,220,2017-05-01,4.480800295141666,4.511708698325343,0.030908403183676825,0.6897964905329399,-0.3558755450526305,0.7224739320932241,0.050527797619006984,1.0
demand,Steel Reinforcement Bars,221,2017-06-01,4.479639219369442,4.5143707922961305,0.03473157292668816,0.7753207619156661,-0.397022434922157,0.6919696329904143,0.05678190863744118,1.0
demand,Steel Reinforcement Bars,222,2017-07-01,4.479318435086375,4.515360938873399,0.03604250378702378,0.8046425881380495,-0.40886791596088784,0.683285801421691,0.058926634173341895,1.0
demand,Steel Reinforcement Bars,223,2017-08-01,4.479515702908892,4.515285955659868,0.035770252750976006,0.7985294644183889,-0.4026146917782055,0.6878796684734656,0.05848108010302506,1.0
demand,Steel Reinforcement Bars,224,2017-09-01,4.476032707413654,4.523057015123529,0.04702430770987487,1.0505800735546122,-0.5267202601516028,0.5992768239844705,0.07690122163014163,1.0
demand,Steel Reinforcement Bars,225,2017-10-01,4.4774154880646195,4.52051757917394,0.043102091109320284,0.9626556039799499,-0.47905887256395613,0.6327057288109733,0.07047954478163099,1.0
demand,Steel Reinforcement Bars,226,2017-11-01,4.481045362963637,4.512971466202399,0.03192610323876188,0.7124699852992976,-0.35292297802314576,0.7247269659213199,0.052192022392164555,1.0
demand,Steel Reinforcement Bars,227,2017-12-01,4.48304633047072,4.508831333644859,0.02578500317413912,0.5751670019308431,-0.2829226755198164,0.7776998793348202,0.042148338498958535,1.0
demand,Steel Reinforcement Bars,228,2018-01-01,4.483184674669343,4.508774328950681,0.025589654281337637,0.5707918843032046,-0.2784374429299008,0.7811396678071287,0.041828856333933205,1.0
demand,Steel Reinforcement Bars,229,2018-02-01,4.486596540797658,4.501217052059655,0.014620511261997038,0.3258708718078248,-0.15816643087332694,0.8745855454660626,0.023895670102650937,1.0
demand,Steel Reinforcement Bars,230,2018-03-01,4.48585780711317,4.503080983965657,0.017223176852486866,0.383943887502994,-0.18475741500650983,0.8537289599952191,0.02815009990915741,1.0
demand,Steel Reinforcement Bars,231,2018-04-01,4.485760484053677,4.503486135022753,0.017725650969075524,0.39515375446567014,-0.18849482942586052,0.8508098920985651,0.028971488258715473,1.0
demand,Steel Reinforcement Bars,232,2018-05-01,4.485074645981553,4.505309228669162,0.02023458268760958,0.45115375517192247,-0.21330854680563505,0.8314570978108088,0.03307304590817386,1.0
demand,Steel Reinforcement Bars,233,2018-06-01,4.483431181296161,4.509508831318995,0.026077650022834575,0.5816449270287566,-0.2726672832892371,0.7855962044358463,0.042626604073811476,1.0
demand,Steel Reinforcement Bars,234,2018-07-01,4.485021056030884,4.505867220393707,0.020846164362823494,0.4647952395851572,-0.2161115356369926,0.8292880392602809,0.03407285350612517,1.0
demand,Steel Reinforcement Bars,235,2018-08-01,4.488073080889464,4.498458925953243,0.010385845063779264,0.2314098918754896,-0.1069397047454031,0.915027703376828,0.01697402933688801,1.0
demand,Steel Reinforcement Bars,236,2018-09-01,4.4798286571789205,4.519491934993587,0.03966327781466639,0.8853748848431072,-0.41291410809636425,0.6804513636244821,0.0648492692124081,1.0
demand,Steel Reinforcement Bars,237,2018-10-01,4.482500060226976,4.513041291030823,0.03054123080384663,0.6813436786055534,-0.31557643004567265,0.7529139388700453,0.04992596508637202,1.0
demand,Steel Reinforcement Bars,238,2018-11-01,4.483694865751174,4.510252032965381,0.02655716721420731,0.5923054090291684,-0.27190580290037797,0.7862054781924459,0.04341045869065122,1.0
demand,Steel Reinforcement Bars,239,2018-12-01,4.488079279082803,4.498904059420435,0.010824780337632234,0.24118959725338046,-0.11040443073361238,0.9122924009241834,0.017691430208276918,1.0
demand,Steel Reinforcement Bars,240,2019-01-01,4.487593938083222,4.500334470883773,0.012740532800551208,0.28390565136544077,-0.12869294542039791,0.8978426582753698,0.02082267620401077,1.0
demand,Steel Reinforcement Bars,241,2019-02-01,4.4869929919530875,4.502125022590172,0.015132030637084348,0.3372421277283456,-0.15136238760599324,0.8799802233913516,0.02473168214913264,1.0
demand,Steel Reinforcement Bars,242,2019-03-01,4.482711779067153,4.514207615107796,0.031495836040642544,0.7026067611064833,-0.3139087421146225,0.7542196626768521,0.05148681493424758,1.0
demand,Steel Reinforcement Bars,243,2019-04-01,4.48452772848404,4.509442732872182,0.024915004388141426,0.5555769948726296,-0.24603855418676193,0.8061455866176243,0.04072500796088869,1.0
demand,Steel Reinforcement Bars,244,2019-05-01,4.48480892540785,4.508928649989575,0.024119724581725066,0.5378094135756656,-0.23573252720563795,0.8141198857084343,0.039424633417265396,1.0
demand,Steel Reinforcement Bars,245,2019-06-01,4.485208145228706,4.508051398423765,0.022843253195059532,0.5093019644887569,-0.2209251740687382,0.8256066233637311,0.037337575876729076,1.0
demand,Steel Reinforcement Bars,246,2019-07-01,4.486304382277437,4.505077530221445,0.018773147944008528,0.418454619757175,-0.17969378487946439,0.8577672777669649,0.0306835894141206,1.0
demand,Steel Reinforcement Bars,247,2019-08-01,4.4892031578071405,4.496574793539824,0.0073716357326834014,0.16420811163031113,-0.07000344444980056,0.9443369635646862,0.012047586778254725,1.0
demand,Steel Reinforcement Bars,248,2019-09-01,4.4912817107538965,4.4903018368106515,-0.0009798739432449466,-0.021817245195257795,0.009217747132741734,0.9926649023594447,-0.0016014027728315093,1.0
demand,Steel Reinforcement Bars,249,2019-10-01,4.492662788936005,4.48599098254455,-0.006671806391454815,-0.14850449955615067,0.06210886996522357,0.9506099958440093,-0.0109038151004366,1.0
demand,Steel Reinforcement Bars,250,2019-11-01,4.495887006926538,4.4757033078100585,-0.02018369911647966,-0.44893697473677313,0.18654265715773702,0.8524332318905975,-0.032989399168723704,1.0
demand,Steel Reinforcement Bars,251,2019-12-01,4.494503062839621,4.4798980035369755,-0.014605059302645884,-0.3249538179960306,0.13352293406167476,0.8940788985302807,-0.023870202463773436,1.0
demand,Steel Reinforcement Bars,252,2020-01-01,4.494647833573587,4.4792345323127964,-0.015413301260790213,-0.34292567140984365,0.13926939812846717,0.8895550708609544,-0.025191311785589275,1.0
demand,Steel Reinforcement Bars,253,2020-02-01,4.497262575730951,4.470327386693401,-0.02693518903754999,-0.5989240917998244,0.2412065777808972,0.8099643537568642,-0.044027650342831716,1.0
demand,Steel Reinforcement Bars,254,2020-03-01,4.498985296222877,4.464133970773579,-0.03485132544929748,-0.7746485741697557,0.3087742868463544,0.758246556332378,-0.056973688698599506,1.0
demand,Steel Reinforcement Bars,255,2020-04-01,4.500920003049159,4.456996111771536,-0.04392389127762275,-0.9758869575079407,0.3851041275507328,0.7011359401356342,-0.0718170274681176,1.0
demand,Steel Reinforcement Bars,256,2020-05-01,4.502385898340151,4.451253740733566,-0.05113215760658463,-1.1356680382602256,0.4432477268565947,0.6587490441083313,-0.08361572232016538,1.0
demand,Steel Reinforcement Bars,257,2020-06-01,4.498329068797042,4.465024199552629,-0.03330486924441267,-0.7403831230452682,0.2869354705562746,0.77489282285457,-0.05444383065400849,1.0
demand,Steel Reinforcement Bars,258,2020-07-01,4.498409027790732,4.464264561670708,-0.034144466120023864,-0.7590342698736973,0.29039639002828704,0.7722674849901779,-0.05581690486439361,1.0
demand,Steel Reinforcement Bars,259,2020-08-01,4.48987258928646,4.495361606049089,0.005489016762629362,0.12225328566621282,-0.04764742431432996,0.9621162702171363,0.00897072957551808,1.0
demand,Steel Reinforcement Bars,260,2020-09-01,4.488298401046788,4.501372880818321,0.013074479771533198,0.2913014822829937,-0.11214614057671922,0.9109944668149607,0.021368361085415618,1.0
demand,Steel Reinforcement Bars,261,2020-10-01,4.477403790530408,4.543381231179306,0.06597744064889799,1.473564675771226,-0.5957753277529586,0.5530088359100456,0.10793011116951193,1.0
demand,Steel Reinforcement Bars,262,2020-11-01,4.470901630801818,4.569792325053025,0.09889069425120667,2.211873631258388,-0.9057950997438273,0.36777676193387865,0.16196199874165526,1.0
demand,Steel Reinforcement Bars,263,2020-12-01,4.462421813533659,4.605081455898132,0.14265964236447282,3.1969107432160224,-1.3581828257909698,0.17819225062266564,0.2341770119863103,1.0
demand,Steel Reinforcement Bars,264,2021-01-01,4.457594473941491,4.626882645047316,0.1692881711058254,3.79774724002961,-1.6240023868429285,0.10831231393102975,0.2783712559257485,1.0
demand,Steel Reinforcement Bars,265,2021-02-01,4.44586043120322,4.678114043433998,0.23225361223077723,5.224041911003502,-2.5051346268128536,0.014113289066492226,0.38395612518375766,1.0
demand,Steel Reinforcement Bars,266,2021-03-01,4.442584979611148,4.6956302932073655,0.2530453135962176,5.695902605297294,-2.7421889846878,0.007432609169086383,0.41917158404467053,1.0
demand,Steel Reinforcement Bars,267,2021-04-01,4.446274464975351,4.6838230790356485,0.23754861406029715,5.34264395802687,-2.559738650091028,0.012268238812490935,0.39280589912816066,1.0
demand,Steel Reinforcement Bars,268,2021-05-01,4.449786397112977,4.672287846268054,0.22250144915507697,5.000272581610569,-2.38255029203581,0.019500223462702027,0.3673420976464674,1.0
demand,Steel Reinforcement Bars,269,2021-06-01,4.450089852876124,4.674635710415866,0.22454585753974232,5.045872442207359,-2.3724985985605382,0.020070223055614286,0.3707382613073192,1.0
demand,Steel Reinforcement Bars,270,2021-07-01,4.4490487352922035,4.683206008809052,0.2341572735168489,5.263086278632773,-2.4495531910007378,0.01654603211135306,0.38689973511435954,1.0
demand,Steel Reinforcement Bars,271,2021-08-01,4.448969138105066,4.687615114175109,0.23864597607004256,5.364073533935284,-2.463543171484055,0.01602339454272117,0.3944252362257707,1.0
demand,Steel Reinforcement Bars,272,2021-09-01,4.445171773605253,4.709922642596497,0.26475086899124367,5.955919871607519,-2.7657115520693893,0.007143556285423009,0.43863843501622335,1.0
demand,Steel Reinforcement Bars,273,2021-10-01,4.443354050476472,4.723511736938431,0.28015768646195927,6.305094828802067,-2.912475912252622,0.004746152975992983,0.46483622424678284,1.0
demand,Steel Reinforcement Bars,274,2021-11-01,4.4421881720603675,4.734413707347063,0.29222553528669515,6.578414150140687,-3.011271044279003,0.003592001245881802,0.485399649626639,1.0
demand,Steel Reinforcement Bars,275,2021-12-01,4.436469676876183,4.7689472575496055,0.33247758067342215,7.4941925650109935,-3.6038316982665526,0.0005693389487686744,0.5547886709571038,0.1599842446039975
demand,Steel Reinforcement Bars,276,2022-01-01,4.427943281409091,4.819622026032453,0.3916787446233627,8.84561340855116,-4.979966077776585,3.36420091596883e-06,0.6587314793629033,0.0009453404573872412
demand,Steel Reinforcement Bars,277,2022-02-01,4.4282283078903575,4.825635995442313,0.3974076875519552,8.97441730463268,-4.995590478817595,3.321372759591567e-06,0.6686368506451903,0.0009333057454452303
demand,Steel Reinforcement Bars,278,2022-03-01,4.4253270215469405,4.849243158011368,0.4239161364644275,9.57931774082181,-5.496927579635603,4.267444960499115e-07,0.7158127248123466,0.00011991520339002512
demand,Steel Reinforcement Bars,279,2022-04-01,4.424346734722885,4.863191481218887,0.43884474649600147,9.918859727965877,-5.70150729311052,1.9060058006840438e-07,0.7423865094878436,5.355876299922163e-05
demand,Steel Reinforcement Bars,280,2022-05-01,4.426201355046274,4.861549666034129,0.4353483109878553,9.835709586314199,-5.570852560915597,3.5572896992639336e-07,0.7356284375937737,9.995984054931653e-05
demand,Steel Reinforcement Bars,281,2022-06-01,4.4207179310641616,4.902720300408328,0.4820023693441664,10.903259987640471,-7.13458208586952,2.2072670956077759e-10,0.8202876402301161,6.202420538657851e-08
demand,Steel Reinforcement Bars,282,2022-07-01,4.422065516306955,4.904890158512078,0.4828246422051228,10.918532084715675,-7.049013946566936,3.938839427034741e-10,0.8212024544705274,1.1068138789967623e-07
demand,Steel Reinforcement Bars,283,2022-08-01,4.424767853671647,4.898761096946805,0.47399324327515746,10.712273704525323,-6.841907621133908,1.1707330716226157e-09,0.8043990746240103,3.28975993125955e-07
demand,Steel Reinforcement Bars,284,2022-09-01,4.425488300928736,4.904747457441513,0.47925915651277684,10.829520358514996,-6.839113458355241,1.391660912134123e-09,0.8134519960333207,3.9105671630968854e-07
demand,Steel Reinforcement Bars,285,2022-10-01,4.428070880627337,4.898911637950864,0.4708407573235265,10.63308989437001,-6.632718189791333,3.9918628252080334e-09,0.7975054796524312,1.1217134538834575e-06
demand,Steel Reinforcement Bars,286,2022-11-01,4.428967933867531,4.903894975872447,0.4749270420049161,10.723198927976727,-6.597587850208326,5.456112046908932e-09,0.8043611391445457,1.53316748518141e-06
demand,Steel Reinforcement Bars,287,2022-12-01,4.427250048472433,4.926941646120018,0.4996915976475851,11.286726346527397,-7.20694333635779,3.612405796222835e-10,0.8489778115965038,1.0150860287386167e-07
demand,Steel Reinforcement Bars,288,2023-01-01,4.426654085490995,4.943315522615183,0.5166614371241884,11.671601781978442,-7.542613969569405,8.8653236158694e-11,0.8794894367628867,2.4911559360593013e-08
demand,Steel Reinforcement Bars,289,2023-02-01,4.426463140976266,4.957611632662204,0.5311484916859381,11.999388106703904,-7.795541117655361,3.334675869255019e-11,0.9054836222007137,9.370439192606603e-09
demand,Steel Reinforcement Bars,290,2023-03-01,4.427096227455868,4.966523258626342,0.5394270311704741,12.184669215569958,-7.846036426475077,3.447136327481783e-11,0.9199658205216794,9.686453080223811e-09
demand,Steel Reinforcement Bars,291,2023-04-01,4.425782508862075,4.990779025520141,0.5649965166580664,12.766025341885456,-8.630339330145883,8.992560544043504e-13,0.9667008066941644,2.5269095128762246e-10
demand,Steel Reinforcement Bars,292,2023-05-01,4.425035559336962,5.011944046546925,0.5869084872099632,13.263362053025048,-9.312271624720832,3.5895621978189577e-14,1.0068201424982726,1.0086669775871272e-11
demand,Steel Reinforcement Bars,293,2023-06-01,4.427083886593243,5.011575952133573,0.5844920655403305,13.202642654013781,-9.103528747875194,1.5141138679699523e-13,1.0010600321239804,4.254659968995566e-11
demand,Steel Reinforcement Bars,294,2023-07-01,4.428712401249448,5.014596202322608,0.5858838010731597,13.229213098323287,-8.960710519238527,4.62176379490981e-13,1.002468613281361,1.2987156263696567e-10
demand,Steel Reinforcement Bars,295,2023-08-01,4.430487273506512,5.01642845188847,0.5859411783819581,13.225208475053684,-8.784480034520657,1.5836066256850463e-12,1.0013607075958895,4.4499346181749803e-10
demand,Steel Reinforcement Bars,296,2023-09-01,4.432947681033848,5.012115135230608,0.5791674541967593,13.065064058272089,-8.514447143109097,7.327136352895812e-12,0.9875479433524282,2.0589253151637234e-09
demand,Steel Reinforcement Bars,297,2023-10-01,4.434677490305789,5.014159325869059,0.5794818355632705,13.067057003130863,-8.333639295376651,2.3610326134373488e-11,0.9869498424209671,6.63450164375895e-09
demand,Steel Reinforcement Bars,298,2023-11-01,4.436880692333647,5.011673120425884,0.5747924280922376,12.95487681436655,-8.076751604635572,9.61943335510971e-11,0.9771293878685123,2.7030607727858283e-08
demand,Steel Reinforcement Bars,299,2023-12-01,4.4395392972505565,5.004335439023757,0.5647961417732006,12.721953877578773,-7.780300211434964,4.10798230582148e-10,0.95768588739567,1.1543430279358359e-07
demand,Steel Reinforcement Bars,300,2024-01-01,4.440767869693004,5.011101797956136,0.5703339282631319,12.843137605896969,-7.688971083267219,8.422289543121355e-10,0.9666699071976168,2.366663361617101e-07
demand,Steel Reinforcement Bars,301,2024-02-01,4.443264066704461,5.004636748949511,0.5613726822450502,12.634240815253111,-7.389295906834589,3.393608446458402e-09,0.9492792213571022,9.536039734548109e-07
demand,Steel Reinforcement Bars,302,2024-03-01,4.442152562473559,5.037860710430154,0.5957081479565947,13.410348689710057,-8.488109930036824,6.165486449213474e-11,1.0105363219721832,1.7325016922289862e-08
demand,Steel Reinforcement Bars,303,2024-04-01,4.442387649034232,5.058032899663723,0.6156452506294912,13.858431529795277,-8.909977134185391,1.8695639472787872e-11,1.0456486645801404,5.253474691853392e-09
demand,Steel Reinforcement Bars,304,2024-05-01,4.443294734611907,5.071628549064382,0.6283338144524748,14.141168929397066,-9.009716369152141,2.254361628343758e-11,1.0674085451575719,6.33475617564596e-09
