check,pass,detail
pareto_nonempty,True,rows=5
decisions_nonempty,True,rows=240
q_finite_nonnegative,True,
s1_complete_q_grid,True,48
s1_no_repeated_availability_Cement_1,True,
s1_no_repeated_availability_Cement_2,True,
s1_no_repeated_availability_Cement_3,True,
s1_no_repeated_availability_Cement_4,True,
s1_no_repeated_availability_Cement_5,True,
s1_no_repeated_availability_Cement_6,True,
s1_no_repeated_availability_Cement_7,True,
s1_no_repeated_availability_Cement_8,True,
s1_no_repeated_availability_Cement_9,True,
s1_no_repeated_availability_Cement_10,True,
s1_no_repeated_availability_Cement_11,True,
s1_no_repeated_availability_Cement_12,True,
s1_no_repeated_availability_Cement_13,True,
s1_no_repeated_availability_Cement_14,True,
s1_no_repeated_availability_Cement_15,True,
s1_no_repeated_availability_Cement_16,True,
s1_no_repeated_availability_Cement_17,True,
s1_no_repeated_availability_Cement_18,True,
s1_no_repeated_availability_Cement_19,True,
s1_no_repeated_availability_Cement_20,True,
s1_no_repeated_availability_Cement_21,True,
s1_no_repeated_availability_Cement_22,True,
s1_no_repeated_availability_Cement_23,True,
s1_no_repeated_availability_Cement_24,True,
s1_no_repeated_availability_Cement_25,True,
s1_no_repeated_availability_Cement_26,True,
s1_no_repeated_availability_Cement_27,True,
s1_no_repeated_availability_Cement_28,True,
s1_no_repeated_availability_Cement_29,True,
s1_no_repeated_availability_Cement_30,True,
s1_no_repeated_availability_Cement_31,True,
s1_no_repeated_availability_Cement_32,True,
s1_no_repeated_availability_Cement_33,True,
s1_no_repeated_availability_Cement_34,True,
s1_no_repeated_availability_Cement_35,True,
s1_no_repeated_availability_Cement_36,True,
s1_no_repeated_availability_Cement_37,True,
s1_no_repeated_availability_Cement_38,True,
s1_no_repeated_availability_Cement_39,True,
s1_no_repeated_availability_Cement_40,True,
s1_no_repeated_availability_Cement_41,True,
s1_no_repeated_availability_Cement_42,True,
s1_no_repeated_availability_Cement_43,True,
s1_no_repeated_availability_Cement_44,True,
s1_no_repeated_availability_Cement_45,True,
s1_no_repeated_availability_Cement_46,True,
s1_no_repeated_availability_Cement_47,True,
s1_no_repeated_availability_Cement_48,True,
s1_no_repeated_availability_Cement_49,True,
s1_no_repeated_availability_Cement_50,True,
s1_no_repeated_availability_Cement_51,True,
s1_no_repeated_availability_Cement_52,True,
s1_no_repeated_availability_Cement_53,True,
s1_no_repeated_availability_Cement_54,True,
s1_no_repeated_availability_Cement_55,True,
s1_no_repeated_availability_Cement_56,True,
s1_no_repeated_availability_Cement_57,True,
s1_no_repeated_availability_Cement_58,True,
s1_no_repeated_availability_Cement_59,True,
s1_no_repeated_availability_Cement_60,True,
s1_no_repeated_availability_Cement_61,True,
s1_no_repeated_availability_Cement_62,True,
s1_no_repeated_availability_Cement_63,True,
s1_no_repeated_availability_Cement_64,True,
s1_no_repeated_availability_Cement_65,True,
s1_no_repeated_availability_Cement_66,True,
s1_no_repeated_availability_Cement_67,True,
s1_no_repeated_availability_Cement_68,True,
s1_no_repeated_availability_Cement_69,True,
s1_no_repeated_availability_Cement_70,True,
s1_no_repeated_availability_Cement_71,True,
s1_no_repeated_availability_Cement_72,True,
s1_no_repeated_availability_Cement_73,True,
s1_no_repeated_availability_Cement_74,True,
s1_no_repeated_availability_Cement_75,True,
s1_no_repeated_availability_Cement_76,True,
s1_no_repeated_availability_Cement_77,True,
s1_no_repeated_availability_Cement_78,True,
s1_no_repeated_availability_Cement_79,True,
s1_no_repeated_availability_Cement_80,True,
s1_no_repeated_availability_Cement_81,True,
s1_no_repeated_availability_Cement_82,True,
s1_no_repeated_availability_Cement_83,True,
s1_no_repeated_availability_Cement_84,True,
s1_no_repeated_availability_Cement_85,True,
s1_no_repeated_availability_Cement_86,True,
s1_no_repeated_availability_Cement_87,True,
s1_no_repeated_availability_Cement_88,True,
s1_no_repeated_availability_Cement_89,True,
s1_no_repeated_availability_Cement_90,True,
s1_no_repeated_availability_Cement_91,True,
s1_no_repeated_availability_Cement_92,True,
s1_no_repeated_availability_Cement_93,True,
s1_no_repeated_availability_Cement_94,True,
s1_no_repeated_availability_Cement_95,True,
s1_no_repeated_availability_Cement_96,True,
s1_no_repeated_availability_Cement_97,True,
s1_no_repeated_availability_Cement_98,True,
s1_no_repeated_availability_Cement_99,True,
s1_no_repeated_availability_Cement_100,True,
s1_no_repeated_availability_Granite_1,True,
s1_no_repeated_availability_Granite_2,True,
s1_no_repeated_availability_Granite_3,True,
s1_no_repeated_availability_Granite_4,True,
s1_no_repeated_availability_Granite_5,True,
s1_no_repeated_availability_Granite_6,True,
s1_no_repeated_availability_Granite_7,True,
s1_no_repeated_availability_Granite_8,True,
s1_no_repeated_availability_Granite_9,True,
s1_no_repeated_availability_Granite_10,True,
s1_no_repeated_availability_Granite_11,True,
s1_no_repeated_availability_Granite_12,True,
s1_no_repeated_availability_Granite_13,True,
s1_no_repeated_availability_Granite_14,True,
s1_no_repeated_availability_Granite_15,True,
s1_no_repeated_availability_Granite_16,True,
s1_no_repeated_availability_Granite_17,True,
s1_no_repeated_availability_Granite_18,True,
s1_no_repeated_availability_Granite_19,True,
s1_no_repeated_availability_Granite_20,True,
s1_no_repeated_availability_Granite_21,True,
s1_no_repeated_availability_Granite_22,True,
s1_no_repeated_availability_Granite_23,True,
s1_no_repeated_availability_Granite_24,True,
s1_no_repeated_availability_Granite_25,True,
s1_no_repeated_availability_Granite_26,True,
s1_no_repeated_availability_Granite_27,True,
s1_no_repeated_availability_Granite_28,True,
s1_no_repeated_availability_Granite_29,True,
s1_no_repeated_availability_Granite_30,True,
s1_no_repeated_availability_Granite_31,True,
s1_no_repeated_availability_Granite_32,True,
s1_no_repeated_availability_Granite_33,True,
s1_no_repeated_availability_Granite_34,True,
s1_no_repeated_availability_Granite_35,True,
s1_no_repeated_availability_Granite_36,True,
s1_no_repeated_availability_Granite_37,True,
s1_no_repeated_availability_Granite_38,True,
s1_no_repeated_availability_Granite_39,True,
s1_no_repeated_availability_Granite_40,True,
s1_no_repeated_availability_Granite_41,True,
s1_no_repeated_availability_Granite_42,True,
s1_no_repeated_availability_Granite_43,True,
s1_no_repeated_availability_Granite_44,True,
s1_no_repeated_availability_Granite_45,True,
s1_no_repeated_availability_Granite_46,True,
s1_no_repeated_availability_Granite_47,True,
s1_no_repeated_availability_Granite_48,True,
s1_no_repeated_availability_Granite_49,True,
s1_no_repeated_availability_Granite_50,True,
s1_no_repeated_availability_Granite_51,True,
s1_no_repeated_availability_Granite_52,True,
s1_no_repeated_availability_Granite_53,True,
s1_no_repeated_availability_Granite_54,True,
s1_no_repeated_availability_Granite_55,True,
s1_no_repeated_availability_Granite_56,True,
s1_no_repeated_availability_Granite_57,True,
s1_no_repeated_availability_Granite_58,True,
s1_no_repeated_availability_Granite_59,True,
s1_no_repeated_availability_Granite_60,True,
s1_no_repeated_availability_Granite_61,True,
s1_no_repeated_availability_Granite_62,True,
s1_no_repeated_availability_Granite_63,True,
s1_no_repeated_availability_Granite_64,True,
s1_no_repeated_availability_Granite_65,True,
s1_no_repeated_availability_Granite_66,True,
s1_no_repeated_availability_Granite_67,True,
s1_no_repeated_availability_Granite_68,True,
s1_no_repeated_availability_Granite_69,True,
s1_no_repeated_availability_Granite_70,True,
s1_no_repeated_availability_Granite_71,True,
s1_no_repeated_availability_Granite_72,True,
s1_no_repeated_availability_Granite_73,True,
s1_no_repeated_availability_Granite_74,True,
s1_no_repeated_availability_Granite_75,True,
s1_no_repeated_availability_Granite_76,True,
s1_no_repeated_availability_Granite_77,True,
s1_no_repeated_availability_Granite_78,True,
s1_no_repeated_availability_Granite_79,True,
s1_no_repeated_availability_Granite_80,True,
s1_no_repeated_availability_Granite_81,True,
s1_no_repeated_availability_Granite_82,True,
s1_no_repeated_availability_Granite_83,True,
s1_no_repeated_availability_Granite_84,True,
s1_no_repeated_availability_Granite_85,True,
s1_no_repeated_availability_Granite_86,True,
s1_no_repeated_availability_Granite_87,True,
s1_no_repeated_availability_Granite_88,True,
s1_no_repeated_availability_Granite_89,True,
s1_no_repeated_availability_Granite_90,True,
s1_no_repeated_availability_Granite_91,True,
s1_no_repeated_availability_Granite_92,True,
s1_no_repeated_availability_Granite_93,True,
s1_no_repeated_availability_Granite_94,True,
s1_no_repeated_availability_Granite_95,True,
s1_no_repeated_availability_Granite_96,True,
s1_no_repeated_availability_Granite_97,True,
s1_no_repeated_availability_Granite_98,True,
s1_no_repeated_availability_Granite_99,True,
s1_no_repeated_availability_Granite_100,True,
s1_no_repeated_availability_Ready Mixed Concrete_1,True,
s1_no_repeated_availability_Ready Mixed Concrete_2,True,
s1_no_repeated_availability_Ready Mixed Concrete_3,True,
s1_no_repeated_availability_Ready Mixed Concrete_4,True,
s1_no_repeated_availability_Ready Mixed Concrete_5,True,
s1_no_repeated_availability_Ready Mixed Concrete_6,True,
s1_no_repeated_availability_Ready Mixed Concrete_7,True,
s1_no_repeated_availability_Ready Mixed Concrete_8,True,
s1_no_repeated_availability_Ready Mixed Concrete_9,True,
s1_no_repeated_availability_Ready Mixed Concrete_10,True,
s1_no_repeated_availability_Ready Mixed Concrete_11,True,
s1_no_repeated_availability_Ready Mixed Concrete_12,True,
s1_no_repeated_availability_Ready Mixed Concrete_13,True,
s1_no_repeated_availability_Ready Mixed Concrete_14,True,
s1_no_repeated_availability_Ready Mixed Concrete_15,True,
s1_no_repeated_availability_Ready Mixed Concrete_16,True,
s1_no_repeated_availability_Ready Mixed Concrete_17,True,
s1_no_repeated_availability_Ready Mixed Concrete_18,True,
s1_no_repeated_availability_Ready Mixed Concrete_19,True,
s1_no_repeated_availability_Ready Mixed Concrete_20,True,
s1_no_repeated_availability_Ready Mixed Concrete_21,True,
s1_no_repeated_availability_Ready Mixed Concrete_22,True,
s1_no_repeated_availability_Ready Mixed Concrete_23,True,
s1_no_repeated_availability_Ready Mixed Concrete_24,True,
s1_no_repeated_availability_Ready Mixed Concrete_25,True,
s1_no_repeated_availability_Ready Mixed Concrete_26,True,
s1_no_repeated_availability_Ready Mixed Concrete_27,True,
s1_no_repeated_availability_Ready Mixed Concrete_28,True,
s1_no_repeated_availability_Ready Mixed Concrete_29,True,
s1_no_repeated_availability_Ready Mixed Concrete_30,True,
s1_no_repeated_availability_Ready Mixed Concrete_31,True,
s1_no_repeated_availability_Ready Mixed Concrete_32,True,
s1_no_repeated_availability_Ready Mixed Concrete_33,True,
s1_no_repeated_availability_Ready Mixed Concrete_34,True,
s1_no_repeated_availability_Ready Mixed Concrete_35,True,
s1_no_repeated_availability_Ready Mixed Concrete_36,True,
s1_no_repeated_availability_Ready Mixed Concrete_37,True,
s1_no_repeated_availability_Ready Mixed Concrete_38,True,
s1_no_repeated_availability_Ready Mixed Concrete_39,True,
s1_no_repeated_availability_Ready Mixed Concrete_40,True,
s1_no_repeated_availability_Ready Mixed Concrete_41,True,
s1_no_repeated_availability_Ready Mixed Concrete_42,True,
s1_no_repeated_availability_Ready Mixed Concrete_43,True,
s1_no_repeated_availability_Ready Mixed Concrete_44,True,
s1_no_repeated_availability_Ready Mixed Concrete_45,True,
s1_no_repeated_availability_Ready Mixed Concrete_46,True,
s1_no_repeated_availability_Ready Mixed Concrete_47,True,
s1_no_repeated_availability_Ready Mixed Concrete_48,True,
s1_no_repeated_availability_Ready Mixed Concrete_49,True,
s1_no_repeated_availability_Ready Mixed Concrete_50,True,
s1_no_repeated_availability_Ready Mixed Concrete_51,True,
s1_no_repeated_availability_Ready Mixed Concrete_52,True,
s1_no_repeated_availability_Ready Mixed Concrete_53,True,
s1_no_repeated_availability_Ready Mixed Concrete_54,True,
s1_no_repeated_availability_Ready Mixed Concrete_55,True,
s1_no_repeated_availability_Ready Mixed Concrete_56,True,
s1_no_repeated_availability_Ready Mixed Concrete_57,True,
s1_no_repeated_availability_Ready Mixed Concrete_58,True,
s1_no_repeated_availability_Ready Mixed Concrete_59,True,
s1_no_repeated_availability_Ready Mixed Concrete_60,True,
s1_no_repeated_availability_Ready Mixed Concrete_61,True,
s1_no_repeated_availability_Ready Mixed Concrete_62,True,
s1_no_repeated_availability_Ready Mixed Concrete_63,True,
s1_no_repeated_availability_Ready Mixed Concrete_64,True,
s1_no_repeated_availability_Ready Mixed Concrete_65,True,
s1_no_repeated_availability_Ready Mixed Concrete_66,True,
s1_no_repeated_availability_Ready Mixed Concrete_67,True,
s1_no_repeated_availability_Ready Mixed Concrete_68,True,
s1_no_repeated_availability_Ready Mixed Concrete_69,True,
s1_no_repeated_availability_Ready Mixed Concrete_70,True,
s1_no_repeated_availability_Ready Mixed Concrete_71,True,
s1_no_repeated_availability_Ready Mixed Concrete_72,True,
s1_no_repeated_availability_Ready Mixed Concrete_73,True,
s1_no_repeated_availability_Ready Mixed Concrete_74,True,
s1_no_repeated_availability_Ready Mixed Concrete_75,True,
s1_no_repeated_availability_Ready Mixed Concrete_76,True,
s1_no_repeated_availability_Ready Mixed Concrete_77,True,
s1_no_repeated_availability_Ready Mixed Concrete_78,True,
s1_no_repeated_availability_Ready Mixed Concrete_79,True,
s1_no_repeated_availability_Ready Mixed Concrete_80,True,
s1_no_repeated_availability_Ready Mixed Concrete_81,True,
s1_no_repeated_availability_Ready Mixed Concrete_82,True,
s1_no_repeated_availability_Ready Mixed Concrete_83,True,
s1_no_repeated_availability_Ready Mixed Concrete_84,True,
s1_no_repeated_availability_Ready Mixed Concrete_85,True,
s1_no_repeated_availability_Ready Mixed Concrete_86,True,
s1_no_repeated_availability_Ready Mixed Concrete_87,True,
s1_no_repeated_availability_Ready Mixed Concrete_88,True,
s1_no_repeated_availability_Ready Mixed Concrete_89,True,
s1_no_repeated_availability_Ready Mixed Concrete_90,True,
s1_no_repeated_availability_Ready Mixed Concrete_91,True,
s1_no_repeated_availability_Ready Mixed Concrete_92,True,
s1_no_repeated_availability_Ready Mixed Concrete_93,True,
s1_no_repeated_availability_Ready Mixed Concrete_94,True,
s1_no_repeated_availability_Ready Mixed Concrete_95,True,
s1_no_repeated_availability_Ready Mixed Concrete_96,True,
s1_no_repeated_availability_Ready Mixed Concrete_97,True,
s1_no_repeated_availability_Ready Mixed Concrete_98,True,
s1_no_repeated_availability_Ready Mixed Concrete_99,True,
s1_no_repeated_availability_Ready Mixed Concrete_100,True,
s1_no_repeated_availability_Steel Reinforcement Bars_1,True,
s1_no_repeated_availability_Steel Reinforcement Bars_2,True,
s1_no_repeated_availability_Steel Reinforcement Bars_3,True,
s1_no_repeated_availability_Steel Reinforcement Bars_4,True,
s1_no_repeated_availability_Steel Reinforcement Bars_5,True,
s1_no_repeated_availability_Steel Reinforcement Bars_6,True,
s1_no_repeated_availability_Steel Reinforcement Bars_7,True,
s1_no_repeated_availability_Steel Reinforcement Bars_8,True,
s1_no_repeated_availability_Steel Reinforcement Bars_9,True,
s1_no_repeated_availability_Steel Reinforcement Bars_10,True,
s1_no_repeated_availability_Steel Reinforcement Bars_11,True,
s1_no_repeated_availability_Steel Reinforcement Bars_12,True,
s1_no_repeated_availability_Steel Reinforcement Bars_13,True,
s1_no_repeated_availability_Steel Reinforcement Bars_14,True,
s1_no_repeated_availability_Steel Reinforcement Bars_15,True,
s1_no_repeated_availability_Steel Reinforcement Bars_16,True,
s1_no_repeated_availability_Steel Reinforcement Bars_17,True,
s1_no_repeated_availability_Steel Reinforcement Bars_18,True,
s1_no_repeated_availability_Steel Reinforcement Bars_19,True,
s1_no_repeated_availability_Steel Reinforcement Bars_20,True,
s1_no_repeated_availability_Steel Reinforcement Bars_21,True,
s1_no_repeated_availability_Steel Reinforcement Bars_22,True,
s1_no_repeated_availability_Steel Reinforcement Bars_23,True,
s1_no_repeated_availability_Steel Reinforcement Bars_24,True,
s1_no_repeated_availability_Steel Reinforcement Bars_25,True,
s1_no_repeated_availability_Steel Reinforcement Bars_26,True,
s1_no_repeated_availability_Steel Reinforcement Bars_27,True,
s1_no_repeated_availability_Steel Reinforcement Bars_28,True,
s1_no_repeated_availability_Steel Reinforcement Bars_29,True,
s1_no_repeated_availability_Steel Reinforcement Bars_30,True,
s1_no_repeated_availability_Steel Reinforcement Bars_31,True,
s1_no_repeated_availability_Steel Reinforcement Bars_32,True,
s1_no_repeated_availability_Steel Reinforcement Bars_33,True,
s1_no_repeated_availability_Steel Reinforcement Bars_34,True,
s1_no_repeated_availability_Steel Reinforcement Bars_35,True,
s1_no_repeated_availability_Steel Reinforcement Bars_36,True,
s1_no_repeated_availability_Steel Reinforcement Bars_37,True,
s1_no_repeated_availability_Steel Reinforcement Bars_38,True,
s1_no_repeated_availability_Steel Reinforcement Bars_39,True,
s1_no_repeated_availability_Steel Reinforcement Bars_40,True,
s1_no_repeated_availability_Steel Reinforcement Bars_41,True,
s1_no_repeated_availability_Steel Reinforcement Bars_42,True,
s1_no_repeated_availability_Steel Reinforcement Bars_43,True,
s1_no_repeated_availability_Steel Reinforcement Bars_44,True,
s1_no_repeated_availability_Steel Reinforcement Bars_45,True,
s1_no_repeated_availability_Steel Reinforcement Bars_46,True,
s1_no_repeated_availability_Steel Reinforcement Bars_47,True,
s1_no_repeated_availability_Steel Reinforcement Bars_48,True,
s1_no_repeated_availability_Steel Reinforcement Bars_49,True,
s1_no_repeated_availability_Steel Reinforcement Bars_50,True,
s1_no_repeated_availability_Steel Reinforcement Bars_51,True,
s1_no_repeated_availability_Steel Reinforcement Bars_52,True,
s1_no_repeated_availability_Steel Reinforcement Bars_53,True,
s1_no_repeated_availability_Steel Reinforcement Bars_54,True,
s1_no_repeated_availability_Steel Reinforcement Bars_55,True,
s1_no_repeated_availability_Steel Reinforcement Bars_56,True,
s1_no_repeated_availability_Steel Reinforcement Bars_57,True,
s1_no_repeated_availability_Steel Reinforcement Bars_58,True,
s1_no_repeated_availability_Steel Reinforcement Bars_59,True,
s1_no_repeated_availability_Steel Reinforcement Bars_60,True,
s1_no_repeated_availability_Steel Reinforcement Bars_61,True,
s1_no_repeated_availability_Steel Reinforcement Bars_62,True,
s1_no_repeated_availability_Steel Reinforcement Bars_63,True,
s1_no_repeated_availability_Steel Reinforcement Bars_64,True,
s1_no_repeated_availability_Steel Reinforcement Bars_65,True,
s1_no_repeated_availability_Steel Reinforcement Bars_66,True,
s1_no_repeated_availability_Steel Reinforcement Bars_67,True,
s1_no_repeated_availability_Steel Reinforcement Bars_68,True,
s1_no_repeated_availability_Steel Reinforcement Bars_69,True,
s1_no_repeated_availability_Steel Reinforcement Bars_70,True,
s1_no_repeated_availability_Steel Reinforcement Bars_71,True,
s1_no_repeated_availability_Steel Reinforcement Bars_72,True,
s1_no_repeated_availability_Steel Reinforcement Bars_73,True,
s1_no_repeated_availability_Steel Reinforcement Bars_74,True,
s1_no_repeated_availability_Steel Reinforcement Bars_75,True,
s1_no_repeated_availability_Steel Reinforcement Bars_76,True,
s1_no_repeated_availability_Steel Reinforcement Bars_77,True,
s1_no_repeated_availability_Steel Reinforcement Bars_78,True,
s1_no_repeated_availability_Steel Reinforcement Bars_79,True,
s1_no_repeated_availability_Steel Reinforcement Bars_80,True,
s1_no_repeated_availability_Steel Reinforcement Bars_81,True,
s1_no_repeated_availability_Steel Reinforcement Bars_82,True,
s1_no_repeated_availability_Steel Reinforcement Bars_83,True,
s1_no_repeated_availability_Steel Reinforcement Bars_84,True,
s1_no_repeated_availability_Steel Reinforcement Bars_85,True,
s1_no_repeated_availability_Steel Reinforcement Bars_86,True,
s1_no_repeated_availability_Steel Reinforcement Bars_87,True,
s1_no_repeated_availability_Steel Reinforcement Bars_88,True,
s1_no_repeated_availability_Steel Reinforcement Bars_89,True,
s1_no_repeated_availability_Steel Reinforcement Bars_90,True,
s1_no_repeated_availability_Steel Reinforcement Bars_91,True,
s1_no_repeated_availability_Steel Reinforcement Bars_92,True,
s1_no_repeated_availability_Steel Reinforcement Bars_93,True,
s1_no_repeated_availability_Steel Reinforcement Bars_94,True,
s1_no_repeated_availability_Steel Reinforcement Bars_95,True,
s1_no_repeated_availability_Steel Reinforcement Bars_96,True,
s1_no_repeated_availability_Steel Reinforcement Bars_97,True,
s1_no_repeated_availability_Steel Reinforcement Bars_98,True,
s1_no_repeated_availability_Steel Reinforcement Bars_99,True,
s1_no_repeated_availability_Steel Reinforcement Bars_100,True,
s1_scenario_count,True,"cost=100, shortage=100, expected=100"
s1_scenario_costs_finite_nonnegative,True,
s1_scenario_shortages_finite_nonnegative,True,
s1_Z1_consistent,True,0.0 vs 0.0
s1_Z2_consistent,True,37125.51688874257 vs 37125.516888742575
s1_Z3_consistent,True,38541.63089859103 vs 38541.63089859103
s2_complete_q_grid,True,48
s2_no_repeated_availability_Cement_1,True,
s2_no_repeated_availability_Cement_2,True,
s2_no_repeated_availability_Cement_3,True,
s2_no_repeated_availability_Cement_4,True,
s2_no_repeated_availability_Cement_5,True,
s2_no_repeated_availability_Cement_6,True,
s2_no_repeated_availability_Cement_7,True,
s2_no_repeated_availability_Cement_8,True,
s2_no_repeated_availability_Cement_9,True,
s2_no_repeated_availability_Cement_10,True,
s2_no_repeated_availability_Cement_11,True,
s2_no_repeated_availability_Cement_12,True,
s2_no_repeated_availability_Cement_13,True,
s2_no_repeated_availability_Cement_14,True,
s2_no_repeated_availability_Cement_15,True,
s2_no_repeated_availability_Cement_16,True,
s2_no_repeated_availability_Cement_17,True,
s2_no_repeated_availability_Cement_18,True,
s2_no_repeated_availability_Cement_19,True,
s2_no_repeated_availability_Cement_20,True,
s2_no_repeated_availability_Cement_21,True,
s2_no_repeated_availability_Cement_22,True,
s2_no_repeated_availability_Cement_23,True,
s2_no_repeated_availability_Cement_24,True,
s2_no_repeated_availability_Cement_25,True,
s2_no_repeated_availability_Cement_26,True,
s2_no_repeated_availability_Cement_27,True,
s2_no_repeated_availability_Cement_28,True,
s2_no_repeated_availability_Cement_29,True,
s2_no_repeated_availability_Cement_30,True,
s2_no_repeated_availability_Cement_31,True,
s2_no_repeated_availability_Cement_32,True,
s2_no_repeated_availability_Cement_33,True,
s2_no_repeated_availability_Cement_34,True,
s2_no_repeated_availability_Cement_35,True,
s2_no_repeated_availability_Cement_36,True,
s2_no_repeated_availability_Cement_37,True,
s2_no_repeated_availability_Cement_38,True,
s2_no_repeated_availability_Cement_39,True,
s2_no_repeated_availability_Cement_40,True,
s2_no_repeated_availability_Cement_41,True,
s2_no_repeated_availability_Cement_42,True,
s2_no_repeated_availability_Cement_43,True,
s2_no_repeated_availability_Cement_44,True,
s2_no_repeated_availability_Cement_45,True,
s2_no_repeated_availability_Cement_46,True,
s2_no_repeated_availability_Cement_47,True,
s2_no_repeated_availability_Cement_48,True,
s2_no_repeated_availability_Cement_49,True,
s2_no_repeated_availability_Cement_50,True,
s2_no_repeated_availability_Cement_51,True,
s2_no_repeated_availability_Cement_52,True,
s2_no_repeated_availability_Cement_53,True,
s2_no_repeated_availability_Cement_54,True,
s2_no_repeated_availability_Cement_55,True,
s2_no_repeated_availability_Cement_56,True,
s2_no_repeated_availability_Cement_57,True,
s2_no_repeated_availability_Cement_58,True,
s2_no_repeated_availability_Cement_59,True,
s2_no_repeated_availability_Cement_60,True,
s2_no_repeated_availability_Cement_61,True,
s2_no_repeated_availability_Cement_62,True,
s2_no_repeated_availability_Cement_63,True,
s2_no_repeated_availability_Cement_64,True,
s2_no_repeated_availability_Cement_65,True,
s2_no_repeated_availability_Cement_66,True,
s2_no_repeated_availability_Cement_67,True,
s2_no_repeated_availability_Cement_68,True,
s2_no_repeated_availability_Cement_69,True,
s2_no_repeated_availability_Cement_70,True,
s2_no_repeated_availability_Cement_71,True,
s2_no_repeated_availability_Cement_72,True,
s2_no_repeated_availability_Cement_73,True,
s2_no_repeated_availability_Cement_74,True,
s2_no_repeated_availability_Cement_75,True,
s2_no_repeated_availability_Cement_76,True,
s2_no_repeated_availability_Cement_77,True,
s2_no_repeated_availability_Cement_78,True,
s2_no_repeated_availability_Cement_79,True,
s2_no_repeated_availability_Cement_80,True,
s2_no_repeated_availability_Cement_81,True,
s2_no_repeated_availability_Cement_82,True,
s2_no_repeated_availability_Cement_83,True,
s2_no_repeated_availability_Cement_84,True,
s2_no_repeated_availability_Cement_85,True,
s2_no_repeated_availability_Cement_86,True,
s2_no_repeated_availability_Cement_87,True,
s2_no_repeated_availability_Cement_88,True,
s2_no_repeated_availability_Cement_89,True,
s2_no_repeated_availability_Cement_90,True,
s2_no_repeated_availability_Cement_91,True,
s2_no_repeated_availability_Cement_92,True,
s2_no_repeated_availability_Cement_93,True,
s2_no_repeated_availability_Cement_94,True,
s2_no_repeated_availability_Cement_95,True,
s2_no_repeated_availability_Cement_96,True,
s2_no_repeated_availability_Cement_97,True,
s2_no_repeated_availability_Cement_98,True,
s2_no_repeated_availability_Cement_99,True,
s2_no_repeated_availability_Cement_100,True,
s2_no_repeated_availability_Granite_1,True,
s2_no_repeated_availability_Granite_2,True,
s2_no_repeated_availability_Granite_3,True,
s2_no_repeated_availability_Granite_4,True,
s2_no_repeated_availability_Granite_5,True,
s2_no_repeated_availability_Granite_6,True,
s2_no_repeated_availability_Granite_7,True,
s2_no_repeated_availability_Granite_8,True,
s2_no_repeated_availability_Granite_9,True,
s2_no_repeated_availability_Granite_10,True,
s2_no_repeated_availability_Granite_11,True,
s2_no_repeated_availability_Granite_12,True,
s2_no_repeated_availability_Granite_13,True,
s2_no_repeated_availability_Granite_14,True,
s2_no_repeated_availability_Granite_15,True,
s2_no_repeated_availability_Granite_16,True,
s2_no_repeated_availability_Granite_17,True,
s2_no_repeated_availability_Granite_18,True,
s2_no_repeated_availability_Granite_19,True,
s2_no_repeated_availability_Granite_20,True,
s2_no_repeated_availability_Granite_21,True,
s2_no_repeated_availability_Granite_22,True,
s2_no_repeated_availability_Granite_23,True,
s2_no_repeated_availability_Granite_24,True,
s2_no_repeated_availability_Granite_25,True,
s2_no_repeated_availability_Granite_26,True,
s2_no_repeated_availability_Granite_27,True,
s2_no_repeated_availability_Granite_28,True,
s2_no_repeated_availability_Granite_29,True,
s2_no_repeated_availability_Granite_30,True,
s2_no_repeated_availability_Granite_31,True,
s2_no_repeated_availability_Granite_32,True,
s2_no_repeated_availability_Granite_33,True,
s2_no_repeated_availability_Granite_34,True,
s2_no_repeated_availability_Granite_35,True,
s2_no_repeated_availability_Granite_36,True,
s2_no_repeated_availability_Granite_37,True,
s2_no_repeated_availability_Granite_38,True,
s2_no_repeated_availability_Granite_39,True,
s2_no_repeated_availability_Granite_40,True,
s2_no_repeated_availability_Granite_41,True,
s2_no_repeated_availability_Granite_42,True,
s2_no_repeated_availability_Granite_43,True,
s2_no_repeated_availability_Granite_44,True,
s2_no_repeated_availability_Granite_45,True,
s2_no_repeated_availability_Granite_46,True,
s2_no_repeated_availability_Granite_47,True,
s2_no_repeated_availability_Granite_48,True,
s2_no_repeated_availability_Granite_49,True,
s2_no_repeated_availability_Granite_50,True,
s2_no_repeated_availability_Granite_51,True,
s2_no_repeated_availability_Granite_52,True,
s2_no_repeated_availability_Granite_53,True,
s2_no_repeated_availability_Granite_54,True,
s2_no_repeated_availability_Granite_55,True,
s2_no_repeated_availability_Granite_56,True,
s2_no_repeated_availability_Granite_57,True,
s2_no_repeated_availability_Granite_58,True,
s2_no_repeated_availability_Granite_59,True,
s2_no_repeated_availability_Granite_60,True,
s2_no_repeated_availability_Granite_61,True,
s2_no_repeated_availability_Granite_62,True,
s2_no_repeated_availability_Granite_63,True,
s2_no_repeated_availability_Granite_64,True,
s2_no_repeated_availability_Granite_65,True,
s2_no_repeated_availability_Granite_66,True,
s2_no_repeated_availability_Granite_67,True,
s2_no_repeated_availability_Granite_68,True,
s2_no_repeated_availability_Granite_69,True,
s2_no_repeated_availability_Granite_70,True,
s2_no_repeated_availability_Granite_71,True,
s2_no_repeated_availability_Granite_72,True,
s2_no_repeated_availability_Granite_73,True,
s2_no_repeated_availability_Granite_74,True,
s2_no_repeated_availability_Granite_75,True,
s2_no_repeated_availability_Granite_76,True,
s2_no_repeated_availability_Granite_77,True,
s2_no_repeated_availability_Granite_78,True,
s2_no_repeated_availability_Granite_79,True,
s2_no_repeated_availability_Granite_80,True,
s2_no_repeated_availability_Granite_81,True,
s2_no_repeated_availability_Granite_82,True,
s2_no_repeated_availability_Granite_83,True,
s2_no_repeated_availability_Granite_84,True,
s2_no_repeated_availability_Granite_85,True,
s2_no_repeated_availability_Granite_86,True,
s2_no_repeated_availability_Granite_87,True,
s2_no_repeated_availability_Granite_88,True,
s2_no_repeated_availability_Granite_89,True,
s2_no_repeated_availability_Granite_90,True,
s2_no_repeated_availability_Granite_91,True,
s2_no_repeated_availability_Granite_92,True,
s2_no_repeated_availability_Granite_93,True,
s2_no_repeated_availability_Granite_94,True,
s2_no_repeated_availability_Granite_95,True,
s2_no_repeated_availability_Granite_96,True,
s2_no_repeated_availability_Granite_97,True,
s2_no_repeated_availability_Granite_98,True,
s2_no_repeated_availability_Granite_99,True,
s2_no_repeated_availability_Granite_100,True,
s2_no_repeated_availability_Ready Mixed Concrete_1,True,
s2_no_repeated_availability_Ready Mixed Concrete_2,True,
s2_no_repeated_availability_Ready Mixed Concrete_3,True,
s2_no_repeated_availability_Ready Mixed Concrete_4,True,
s2_no_repeated_availability_Ready Mixed Concrete_5,True,
s2_no_repeated_availability_Ready Mixed Concrete_6,True,
s2_no_repeated_availability_Ready Mixed Concrete_7,True,
s2_no_repeated_availability_Ready Mixed Concrete_8,True,
s2_no_repeated_availability_Ready Mixed Concrete_9,True,
s2_no_repeated_availability_Ready Mixed Concrete_10,True,
s2_no_repeated_availability_Ready Mixed Concrete_11,True,
s2_no_repeated_availability_Ready Mixed Concrete_12,True,
s2_no_repeated_availability_Ready Mixed Concrete_13,True,
s2_no_repeated_availability_Ready Mixed Concrete_14,True,
s2_no_repeated_availability_Ready Mixed Concrete_15,True,
s2_no_repeated_availability_Ready Mixed Concrete_16,True,
s2_no_repeated_availability_Ready Mixed Concrete_17,True,
s2_no_repeated_availability_Ready Mixed Concrete_18,True,
s2_no_repeated_availability_Ready Mixed Concrete_19,True,
s2_no_repeated_availability_Ready Mixed Concrete_20,True,
s2_no_repeated_availability_Ready Mixed Concrete_21,True,
s2_no_repeated_availability_Ready Mixed Concrete_22,True,
s2_no_repeated_availability_Ready Mixed Concrete_23,True,
s2_no_repeated_availability_Ready Mixed Concrete_24,True,
s2_no_repeated_availability_Ready Mixed Concrete_25,True,
s2_no_repeated_availability_Ready Mixed Concrete_26,True,
s2_no_repeated_availability_Ready Mixed Concrete_27,True,
s2_no_repeated_availability_Ready Mixed Concrete_28,True,
s2_no_repeated_availability_Ready Mixed Concrete_29,True,
s2_no_repeated_availability_Ready Mixed Concrete_30,True,
s2_no_repeated_availability_Ready Mixed Concrete_31,True,
s2_no_repeated_availability_Ready Mixed Concrete_32,True,
s2_no_repeated_availability_Ready Mixed Concrete_33,True,
s2_no_repeated_availability_Ready Mixed Concrete_34,True,
s2_no_repeated_availability_Ready Mixed Concrete_35,True,
s2_no_repeated_availability_Ready Mixed Concrete_36,True,
s2_no_repeated_availability_Ready Mixed Concrete_37,True,
s2_no_repeated_availability_Ready Mixed Concrete_38,True,
s2_no_repeated_availability_Ready Mixed Concrete_39,True,
s2_no_repeated_availability_Ready Mixed Concrete_40,True,
s2_no_repeated_availability_Ready Mixed Concrete_41,True,
s2_no_repeated_availability_Ready Mixed Concrete_42,True,
s2_no_repeated_availability_Ready Mixed Concrete_43,True,
s2_no_repeated_availability_Ready Mixed Concrete_44,True,
s2_no_repeated_availability_Ready Mixed Concrete_45,True,
s2_no_repeated_availability_Ready Mixed Concrete_46,True,
s2_no_repeated_availability_Ready Mixed Concrete_47,True,
s2_no_repeated_availability_Ready Mixed Concrete_48,True,
s2_no_repeated_availability_Ready Mixed Concrete_49,True,
s2_no_repeated_availability_Ready Mixed Concrete_50,True,
s2_no_repeated_availability_Ready Mixed Concrete_51,True,
s2_no_repeated_availability_Ready Mixed Concrete_52,True,
s2_no_repeated_availability_Ready Mixed Concrete_53,True,
s2_no_repeated_availability_Ready Mixed Concrete_54,True,
s2_no_repeated_availability_Ready Mixed Concrete_55,True,
s2_no_repeated_availability_Ready Mixed Concrete_56,True,
s2_no_repeated_availability_Ready Mixed Concrete_57,True,
s2_no_repeated_availability_Ready Mixed Concrete_58,True,
s2_no_repeated_availability_Ready Mixed Concrete_59,True,
s2_no_repeated_availability_Ready Mixed Concrete_60,True,
s2_no_repeated_availability_Ready Mixed Concrete_61,True,
s2_no_repeated_availability_Ready Mixed Concrete_62,True,
s2_no_repeated_availability_Ready Mixed Concrete_63,True,
s2_no_repeated_availability_Ready Mixed Concrete_64,True,
s2_no_repeated_availability_Ready Mixed Concrete_65,True,
s2_no_repeated_availability_Ready Mixed Concrete_66,True,
s2_no_repeated_availability_Ready Mixed Concrete_67,True,
s2_no_repeated_availability_Ready Mixed Concrete_68,True,
s2_no_repeated_availability_Ready Mixed Concrete_69,True,
s2_no_repeated_availability_Ready Mixed Concrete_70,True,
s2_no_repeated_availability_Ready Mixed Concrete_71,True,
s2_no_repeated_availability_Ready Mixed Concrete_72,True,
s2_no_repeated_availability_Ready Mixed Concrete_73,True,
s2_no_repeated_availability_Ready Mixed Concrete_74,True,
s2_no_repeated_availability_Ready Mixed Concrete_75,True,
s2_no_repeated_availability_Ready Mixed Concrete_76,True,
s2_no_repeated_availability_Ready Mixed Concrete_77,True,
s2_no_repeated_availability_Ready Mixed Concrete_78,True,
s2_no_repeated_availability_Ready Mixed Concrete_79,True,
s2_no_repeated_availability_Ready Mixed Concrete_80,True,
s2_no_repeated_availability_Ready Mixed Concrete_81,True,
s2_no_repeated_availability_Ready Mixed Concrete_82,True,
s2_no_repeated_availability_Ready Mixed Concrete_83,True,
s2_no_repeated_availability_Ready Mixed Concrete_84,True,
s2_no_repeated_availability_Ready Mixed Concrete_85,True,
s2_no_repeated_availability_Ready Mixed Concrete_86,True,
s2_no_repeated_availability_Ready Mixed Concrete_87,True,
s2_no_repeated_availability_Ready Mixed Concrete_88,True,
s2_no_repeated_availability_Ready Mixed Concrete_89,True,
s2_no_repeated_availability_Ready Mixed Concrete_90,True,
s2_no_repeated_availability_Ready Mixed Concrete_91,True,
s2_no_repeated_availability_Ready Mixed Concrete_92,True,
s2_no_repeated_availability_Ready Mixed Concrete_93,True,
s2_no_repeated_availability_Ready Mixed Concrete_94,True,
s2_no_repeated_availability_Ready Mixed Concrete_95,True,
s2_no_repeated_availability_Ready Mixed Concrete_96,True,
s2_no_repeated_availability_Ready Mixed Concrete_97,True,
s2_no_repeated_availability_Ready Mixed Concrete_98,True,
s2_no_repeated_availability_Ready Mixed Concrete_99,True,
s2_no_repeated_availability_Ready Mixed Concrete_100,True,
s2_no_repeated_availability_Steel Reinforcement Bars_1,True,
s2_no_repeated_availability_Steel Reinforcement Bars_2,True,
s2_no_repeated_availability_Steel Reinforcement Bars_3,True,
s2_no_repeated_availability_Steel Reinforcement Bars_4,True,
s2_no_repeated_availability_Steel Reinforcement Bars_5,True,
s2_no_repeated_availability_Steel Reinforcement Bars_6,True,
s2_no_repeated_availability_Steel Reinforcement Bars_7,True,
s2_no_repeated_availability_Steel Reinforcement Bars_8,True,
s2_no_repeated_availability_Steel Reinforcement Bars_9,True,
s2_no_repeated_availability_Steel Reinforcement Bars_10,True,
s2_no_repeated_availability_Steel Reinforcement Bars_11,True,
s2_no_repeated_availability_Steel Reinforcement Bars_12,True,
s2_no_repeated_availability_Steel Reinforcement Bars_13,True,
s2_no_repeated_availability_Steel Reinforcement Bars_14,True,
s2_no_repeated_availability_Steel Reinforcement Bars_15,True,
s2_no_repeated_availability_Steel Reinforcement Bars_16,True,
s2_no_repeated_availability_Steel Reinforcement Bars_17,True,
s2_no_repeated_availability_Steel Reinforcement Bars_18,True,
s2_no_repeated_availability_Steel Reinforcement Bars_19,True,
s2_no_repeated_availability_Steel Reinforcement Bars_20,True,
s2_no_repeated_availability_Steel Reinforcement Bars_21,True,
s2_no_repeated_availability_Steel Reinforcement Bars_22,True,
s2_no_repeated_availability_Steel Reinforcement Bars_23,True,
s2_no_repeated_availability_Steel Reinforcement Bars_24,True,
s2_no_repeated_availability_Steel Reinforcement Bars_25,True,
s2_no_repeated_availability_Steel Reinforcement Bars_26,True,
s2_no_repeated_availability_Steel Reinforcement Bars_27,True,
s2_no_repeated_availability_Steel Reinforcement Bars_28,True,
s2_no_repeated_availability_Steel Reinforcement Bars_29,True,
s2_no_repeated_availability_Steel Reinforcement Bars_30,True,
s2_no_repeated_availability_Steel Reinforcement Bars_31,True,
s2_no_repeated_availability_Steel Reinforcement Bars_32,True,
s2_no_repeated_availability_Steel Reinforcement Bars_33,True,
s2_no_repeated_availability_Steel Reinforcement Bars_34,True,
s2_no_repeated_availability_Steel Reinforcement Bars_35,True,
s2_no_repeated_availability_Steel Reinforcement Bars_36,True,
s2_no_repeated_availability_Steel Reinforcement Bars_37,True,
s2_no_repeated_availability_Steel Reinforcement Bars_38,True,
s2_no_repeated_availability_Steel Reinforcement Bars_39,True,
s2_no_repeated_availability_Steel Reinforcement Bars_40,True,
s2_no_repeated_availability_Steel Reinforcement Bars_41,True,
s2_no_repeated_availability_Steel Reinforcement Bars_42,True,
s2_no_repeated_availability_Steel Reinforcement Bars_43,True,
s2_no_repeated_availability_Steel Reinforcement Bars_44,True,
s2_no_repeated_availability_Steel Reinforcement Bars_45,True,
s2_no_repeated_availability_Steel Reinforcement Bars_46,True,
s2_no_repeated_availability_Steel Reinforcement Bars_47,True,
s2_no_repeated_availability_Steel Reinforcement Bars_48,True,
s2_no_repeated_availability_Steel Reinforcement Bars_49,True,
s2_no_repeated_availability_Steel Reinforcement Bars_50,True,
s2_no_repeated_availability_Steel Reinforcement Bars_51,True,
s2_no_repeated_availability_Steel Reinforcement Bars_52,True,
s2_no_repeated_availability_Steel Reinforcement Bars_53,True,
s2_no_repeated_availability_Steel Reinforcement Bars_54,True,
s2_no_repeated_availability_Steel Reinforcement Bars_55,True,
s2_no_repeated_availability_Steel Reinforcement Bars_56,True,
s2_no_repeated_availability_Steel Reinforcement Bars_57,True,
s2_no_repeated_availability_Steel Reinforcement Bars_58,True,
s2_no_repeated_availability_Steel Reinforcement Bars_59,True,
s2_no_repeated_availability_Steel Reinforcement Bars_60,True,
s2_no_repeated_availability_Steel Reinforcement Bars_61,True,
s2_no_repeated_availability_Steel Reinforcement Bars_62,True,
s2_no_repeated_availability_Steel Reinforcement Bars_63,True,
s2_no_repeated_availability_Steel Reinforcement Bars_64,True,
s2_no_repeated_availability_Steel Reinforcement Bars_65,True,
s2_no_repeated_availability_Steel Reinforcement Bars_66,True,
s2_no_repeated_availability_Steel Reinforcement Bars_67,True,
s2_no_repeated_availability_Steel Reinforcement Bars_68,True,
s2_no_repeated_availability_Steel Reinforcement Bars_69,True,
s2_no_repeated_availability_Steel Reinforcement Bars_70,True,
s2_no_repeated_availability_Steel Reinforcement Bars_71,True,
s2_no_repeated_availability_Steel Reinforcement Bars_72,True,
s2_no_repeated_availability_Steel Reinforcement Bars_73,True,
s2_no_repeated_availability_Steel Reinforcement Bars_74,True,
s2_no_repeated_availability_Steel Reinforcement Bars_75,True,
s2_no_repeated_availability_Steel Reinforcement Bars_76,True,
s2_no_repeated_availability_Steel Reinforcement Bars_77,True,
s2_no_repeated_availability_Steel Reinforcement Bars_78,True,
s2_no_repeated_availability_Steel Reinforcement Bars_79,True,
s2_no_repeated_availability_Steel Reinforcement Bars_80,True,
s2_no_repeated_availability_Steel Reinforcement Bars_81,True,
s2_no_repeated_availability_Steel Reinforcement Bars_82,True,
s2_no_repeated_availability_Steel Reinforcement Bars_83,True,
s2_no_repeated_availability_Steel Reinforcement Bars_84,True,
s2_no_repeated_availability_Steel Reinforcement Bars_85,True,
s2_no_repeated_availability_Steel Reinforcement Bars_86,True,
s2_no_repeated_availability_Steel Reinforcement Bars_87,True,
s2_no_repeated_availability_Steel Reinforcement Bars_88,True,
s2_no_repeated_availability_Steel Reinforcement Bars_89,True,
s2_no_repeated_availability_Steel Reinforcement Bars_90,True,
s2_no_repeated_availability_Steel Reinforcement Bars_91,True,
s2_no_repeated_availability_Steel Reinforcement Bars_92,True,
s2_no_repeated_availability_Steel Reinforcement Bars_93,True,
s2_no_repeated_availability_Steel Reinforcement Bars_94,True,
s2_no_repeated_availability_Steel Reinforcement Bars_95,True,
s2_no_repeated_availability_Steel Reinforcement Bars_96,True,
s2_no_repeated_availability_Steel Reinforcement Bars_97,True,
s2_no_repeated_availability_Steel Reinforcement Bars_98,True,
s2_no_repeated_availability_Steel Reinforcement Bars_99,True,
s2_no_repeated_availability_Steel Reinforcement Bars_100,True,
s2_scenario_count,True,"cost=100, shortage=100, expected=100"
s2_scenario_costs_finite_nonnegative,True,
s2_scenario_shortages_finite_nonnegative,True,
s2_Z1_consistent,True,333545.5429578107 vs 333545.54295781074
s2_Z2_consistent,True,21431.308285882893 vs 21431.30828588289
s2_Z3_consistent,True,22827.59394081081 vs 22827.5939408108
s3_complete_q_grid,True,48
s3_no_repeated_availability_Cement_1,True,
s3_no_repeated_availability_Cement_2,True,
s3_no_repeated_availability_Cement_3,True,
s3_no_repeated_availability_Cement_4,True,
s3_no_repeated_availability_Cement_5,True,
s3_no_repeated_availability_Cement_6,True,
s3_no_repeated_availability_Cement_7,True,
s3_no_repeated_availability_Cement_8,True,
s3_no_repeated_availability_Cement_9,True,
s3_no_repeated_availability_Cement_10,True,
s3_no_repeated_availability_Cement_11,True,
s3_no_repeated_availability_Cement_12,True,
s3_no_repeated_availability_Cement_13,True,
s3_no_repeated_availability_Cement_14,True,
s3_no_repeated_availability_Cement_15,True,
s3_no_repeated_availability_Cement_16,True,
s3_no_repeated_availability_Cement_17,True,
s3_no_repeated_availability_Cement_18,True,
s3_no_repeated_availability_Cement_19,True,
s3_no_repeated_availability_Cement_20,True,
s3_no_repeated_availability_Cement_21,True,
s3_no_repeated_availability_Cement_22,True,
s3_no_repeated_availability_Cement_23,True,
s3_no_repeated_availability_Cement_24,True,
s3_no_repeated_availability_Cement_25,True,
s3_no_repeated_availability_Cement_26,True,
s3_no_repeated_availability_Cement_27,True,
s3_no_repeated_availability_Cement_28,True,
s3_no_repeated_availability_Cement_29,True,
s3_no_repeated_availability_Cement_30,True,
s3_no_repeated_availability_Cement_31,True,
s3_no_repeated_availability_Cement_32,True,
s3_no_repeated_availability_Cement_33,True,
s3_no_repeated_availability_Cement_34,True,
s3_no_repeated_availability_Cement_35,True,
s3_no_repeated_availability_Cement_36,True,
s3_no_repeated_availability_Cement_37,True,
s3_no_repeated_availability_Cement_38,True,
s3_no_repeated_availability_Cement_39,True,
s3_no_repeated_availability_Cement_40,True,
s3_no_repeated_availability_Cement_41,True,
s3_no_repeated_availability_Cement_42,True,
s3_no_repeated_availability_Cement_43,True,
s3_no_repeated_availability_Cement_44,True,
s3_no_repeated_availability_Cement_45,True,
s3_no_repeated_availability_Cement_46,True,
s3_no_repeated_availability_Cement_47,True,
s3_no_repeated_availability_Cement_48,True,
s3_no_repeated_availability_Cement_49,True,
s3_no_repeated_availability_Cement_50,True,
s3_no_repeated_availability_Cement_51,True,
s3_no_repeated_availability_Cement_52,True,
s3_no_repeated_availability_Cement_53,True,
s3_no_repeated_availability_Cement_54,True,
s3_no_repeated_availability_Cement_55,True,
s3_no_repeated_availability_Cement_56,True,
s3_no_repeated_availability_Cement_57,True,
s3_no_repeated_availability_Cement_58,True,
s3_no_repeated_availability_Cement_59,True,
s3_no_repeated_availability_Cement_60,True,
s3_no_repeated_availability_Cement_61,True,
s3_no_repeated_availability_Cement_62,True,
s3_no_repeated_availability_Cement_63,True,
s3_no_repeated_availability_Cement_64,True,
s3_no_repeated_availability_Cement_65,True,
s3_no_repeated_availability_Cement_66,True,
s3_no_repeated_availability_Cement_67,True,
s3_no_repeated_availability_Cement_68,True,
s3_no_repeated_availability_Cement_69,True,
s3_no_repeated_availability_Cement_70,True,
s3_no_repeated_availability_Cement_71,True,
s3_no_repeated_availability_Cement_72,True,
s3_no_repeated_availability_Cement_73,True,
s3_no_repeated_availability_Cement_74,True,
s3_no_repeated_availability_Cement_75,True,
s3_no_repeated_availability_Cement_76,True,
s3_no_repeated_availability_Cement_77,True,
s3_no_repeated_availability_Cement_78,True,
s3_no_repeated_availability_Cement_79,True,
s3_no_repeated_availability_Cement_80,True,
s3_no_repeated_availability_Cement_81,True,
s3_no_repeated_availability_Cement_82,True,
s3_no_repeated_availability_Cement_83,True,
s3_no_repeated_availability_Cement_84,True,
s3_no_repeated_availability_Cement_85,True,
s3_no_repeated_availability_Cement_86,True,
s3_no_repeated_availability_Cement_87,True,
s3_no_repeated_availability_Cement_88,True,
s3_no_repeated_availability_Cement_89,True,
s3_no_repeated_availability_Cement_90,True,
s3_no_repeated_availability_Cement_91,True,
s3_no_repeated_availability_Cement_92,True,
s3_no_repeated_availability_Cement_93,True,
s3_no_repeated_availability_Cement_94,True,
s3_no_repeated_availability_Cement_95,True,
s3_no_repeated_availability_Cement_96,True,
s3_no_repeated_availability_Cement_97,True,
s3_no_repeated_availability_Cement_98,True,
s3_no_repeated_availability_Cement_99,True,
s3_no_repeated_availability_Cement_100,True,
s3_no_repeated_availability_Granite_1,True,
s3_no_repeated_availability_Granite_2,True,
s3_no_repeated_availability_Granite_3,True,
s3_no_repeated_availability_Granite_4,True,
s3_no_repeated_availability_Granite_5,True,
s3_no_repeated_availability_Granite_6,True,
s3_no_repeated_availability_Granite_7,True,
s3_no_repeated_availability_Granite_8,True,
s3_no_repeated_availability_Granite_9,True,
s3_no_repeated_availability_Granite_10,True,
s3_no_repeated_availability_Granite_11,True,
s3_no_repeated_availability_Granite_12,True,
s3_no_repeated_availability_Granite_13,True,
s3_no_repeated_availability_Granite_14,True,
s3_no_repeated_availability_Granite_15,True,
s3_no_repeated_availability_Granite_16,True,
s3_no_repeated_availability_Granite_17,True,
s3_no_repeated_availability_Granite_18,True,
s3_no_repeated_availability_Granite_19,True,
s3_no_repeated_availability_Granite_20,True,
s3_no_repeated_availability_Granite_21,True,
s3_no_repeated_availability_Granite_22,True,
s3_no_repeated_availability_Granite_23,True,
s3_no_repeated_availability_Granite_24,True,
s3_no_repeated_availability_Granite_25,True,
s3_no_repeated_availability_Granite_26,True,
s3_no_repeated_availability_Granite_27,True,
s3_no_repeated_availability_Granite_28,True,
s3_no_repeated_availability_Granite_29,True,
s3_no_repeated_availability_Granite_30,True,
s3_no_repeated_availability_Granite_31,True,
s3_no_repeated_availability_Granite_32,True,
s3_no_repeated_availability_Granite_33,True,
s3_no_repeated_availability_Granite_34,True,
s3_no_repeated_availability_Granite_35,True,
s3_no_repeated_availability_Granite_36,True,
s3_no_repeated_availability_Granite_37,True,
s3_no_repeated_availability_Granite_38,True,
s3_no_repeated_availability_Granite_39,True,
s3_no_repeated_availability_Granite_40,True,
s3_no_repeated_availability_Granite_41,True,
s3_no_repeated_availability_Granite_42,True,
s3_no_repeated_availability_Granite_43,True,
s3_no_repeated_availability_Granite_44,True,
s3_no_repeated_availability_Granite_45,True,
s3_no_repeated_availability_Granite_46,True,
s3_no_repeated_availability_Granite_47,True,
s3_no_repeated_availability_Granite_48,True,
s3_no_repeated_availability_Granite_49,True,
s3_no_repeated_availability_Granite_50,True,
s3_no_repeated_availability_Granite_51,True,
s3_no_repeated_availability_Granite_52,True,
s3_no_repeated_availability_Granite_53,True,
s3_no_repeated_availability_Granite_54,True,
s3_no_repeated_availability_Granite_55,True,
s3_no_repeated_availability_Granite_56,True,
s3_no_repeated_availability_Granite_57,True,
s3_no_repeated_availability_Granite_58,True,
s3_no_repeated_availability_Granite_59,True,
s3_no_repeated_availability_Granite_60,True,
s3_no_repeated_availability_Granite_61,True,
s3_no_repeated_availability_Granite_62,True,
s3_no_repeated_availability_Granite_63,True,
s3_no_repeated_availability_Granite_64,True,
s3_no_repeated_availability_Granite_65,True,
s3_no_repeated_availability_Granite_66,True,
s3_no_repeated_availability_Granite_67,True,
s3_no_repeated_availability_Granite_68,True,
s3_no_repeated_availability_Granite_69,True,
s3_no_repeated_availability_Granite_70,True,
s3_no_repeated_availability_Granite_71,True,
s3_no_repeated_availability_Granite_72,True,
s3_no_repeated_availability_Granite_73,True,
s3_no_repeated_availability_Granite_74,True,
s3_no_repeated_availability_Granite_75,True,
s3_no_repeated_availability_Granite_76,True,
s3_no_repeated_availability_Granite_77,True,
s3_no_repeated_availability_Granite_78,True,
s3_no_repeated_availability_Granite_79,True,
s3_no_repeated_availability_Granite_80,True,
s3_no_repeated_availability_Granite_81,True,
s3_no_repeated_availability_Granite_82,True,
s3_no_repeated_availability_Granite_83,True,
s3_no_repeated_availability_Granite_84,True,
s3_no_repeated_availability_Granite_85,True,
s3_no_repeated_availability_Granite_86,True,
s3_no_repeated_availability_Granite_87,True,
s3_no_repeated_availability_Granite_88,True,
s3_no_repeated_availability_Granite_89,True,
s3_no_repeated_availability_Granite_90,True,
s3_no_repeated_availability_Granite_91,True,
s3_no_repeated_availability_Granite_92,True,
s3_no_repeated_availability_Granite_93,True,
s3_no_repeated_availability_Granite_94,True,
s3_no_repeated_availability_Granite_95,True,
s3_no_repeated_availability_Granite_96,True,
s3_no_repeated_availability_Granite_97,True,
s3_no_repeated_availability_Granite_98,True,
s3_no_repeated_availability_Granite_99,True,
s3_no_repeated_availability_Granite_100,True,
s3_no_repeated_availability_Ready Mixed Concrete_1,True,
s3_no_repeated_availability_Ready Mixed Concrete_2,True,
s3_no_repeated_availability_Ready Mixed Concrete_3,True,
s3_no_repeated_availability_Ready Mixed Concrete_4,True,
s3_no_repeated_availability_Ready Mixed Concrete_5,True,
s3_no_repeated_availability_Ready Mixed Concrete_6,True,
s3_no_repeated_availability_Ready Mixed Concrete_7,True,
s3_no_repeated_availability_Ready Mixed Concrete_8,True,
s3_no_repeated_availability_Ready Mixed Concrete_9,True,
s3_no_repeated_availability_Ready Mixed Concrete_10,True,
s3_no_repeated_availability_Ready Mixed Concrete_11,True,
s3_no_repeated_availability_Ready Mixed Concrete_12,True,
s3_no_repeated_availability_Ready Mixed Concrete_13,True,
s3_no_repeated_availability_Ready Mixed Concrete_14,True,
s3_no_repeated_availability_Ready Mixed Concrete_15,True,
s3_no_repeated_availability_Ready Mixed Concrete_16,True,
s3_no_repeated_availability_Ready Mixed Concrete_17,True,
s3_no_repeated_availability_Ready Mixed Concrete_18,True,
s3_no_repeated_availability_Ready Mixed Concrete_19,True,
s3_no_repeated_availability_Ready Mixed Concrete_20,True,
s3_no_repeated_availability_Ready Mixed Concrete_21,True,
s3_no_repeated_availability_Ready Mixed Concrete_22,True,
s3_no_repeated_availability_Ready Mixed Concrete_23,True,
s3_no_repeated_availability_Ready Mixed Concrete_24,True,
s3_no_repeated_availability_Ready Mixed Concrete_25,True,
s3_no_repeated_availability_Ready Mixed Concrete_26,True,
s3_no_repeated_availability_Ready Mixed Concrete_27,True,
s3_no_repeated_availability_Ready Mixed Concrete_28,True,
s3_no_repeated_availability_Ready Mixed Concrete_29,True,
s3_no_repeated_availability_Ready Mixed Concrete_30,True,
s3_no_repeated_availability_Ready Mixed Concrete_31,True,
s3_no_repeated_availability_Ready Mixed Concrete_32,True,
s3_no_repeated_availability_Ready Mixed Concrete_33,True,
s3_no_repeated_availability_Ready Mixed Concrete_34,True,
s3_no_repeated_availability_Ready Mixed Concrete_35,True,
s3_no_repeated_availability_Ready Mixed Concrete_36,True,
s3_no_repeated_availability_Ready Mixed Concrete_37,True,
s3_no_repeated_availability_Ready Mixed Concrete_38,True,
s3_no_repeated_availability_Ready Mixed Concrete_39,True,
s3_no_repeated_availability_Ready Mixed Concrete_40,True,
s3_no_repeated_availability_Ready Mixed Concrete_41,True,
s3_no_repeated_availability_Ready Mixed Concrete_42,True,
s3_no_repeated_availability_Ready Mixed Concrete_43,True,
s3_no_repeated_availability_Ready Mixed Concrete_44,True,
s3_no_repeated_availability_Ready Mixed Concrete_45,True,
s3_no_repeated_availability_Ready Mixed Concrete_46,True,
s3_no_repeated_availability_Ready Mixed Concrete_47,True,
s3_no_repeated_availability_Ready Mixed Concrete_48,True,
s3_no_repeated_availability_Ready Mixed Concrete_49,True,
s3_no_repeated_availability_Ready Mixed Concrete_50,True,
s3_no_repeated_availability_Ready Mixed Concrete_51,True,
s3_no_repeated_availability_Ready Mixed Concrete_52,True,
s3_no_repeated_availability_Ready Mixed Concrete_53,True,
s3_no_repeated_availability_Ready Mixed Concrete_54,True,
s3_no_repeated_availability_Ready Mixed Concrete_55,True,
s3_no_repeated_availability_Ready Mixed Concrete_56,True,
s3_no_repeated_availability_Ready Mixed Concrete_57,True,
s3_no_repeated_availability_Ready Mixed Concrete_58,True,
s3_no_repeated_availability_Ready Mixed Concrete_59,True,
s3_no_repeated_availability_Ready Mixed Concrete_60,True,
s3_no_repeated_availability_Ready Mixed Concrete_61,True,
s3_no_repeated_availability_Ready Mixed Concrete_62,True,
s3_no_repeated_availability_Ready Mixed Concrete_63,True,
s3_no_repeated_availability_Ready Mixed Concrete_64,True,
s3_no_repeated_availability_Ready Mixed Concrete_65,True,
s3_no_repeated_availability_Ready Mixed Concrete_66,True,
s3_no_repeated_availability_Ready Mixed Concrete_67,True,
s3_no_repeated_availability_Ready Mixed Concrete_68,True,
s3_no_repeated_availability_Ready Mixed Concrete_69,True,
s3_no_repeated_availability_Ready Mixed Concrete_70,True,
s3_no_repeated_availability_Ready Mixed Concrete_71,True,
s3_no_repeated_availability_Ready Mixed Concrete_72,True,
s3_no_repeated_availability_Ready Mixed Concrete_73,True,
s3_no_repeated_availability_Ready Mixed Concrete_74,True,
s3_no_repeated_availability_Ready Mixed Concrete_75,True,
s3_no_repeated_availability_Ready Mixed Concrete_76,True,
s3_no_repeated_availability_Ready Mixed Concrete_77,True,
s3_no_repeated_availability_Ready Mixed Concrete_78,True,
s3_no_repeated_availability_Ready Mixed Concrete_79,True,
s3_no_repeated_availability_Ready Mixed Concrete_80,True,
s3_no_repeated_availability_Ready Mixed Concrete_81,True,
s3_no_repeated_availability_Ready Mixed Concrete_82,True,
s3_no_repeated_availability_Ready Mixed Concrete_83,True,
s3_no_repeated_availability_Ready Mixed Concrete_84,True,
s3_no_repeated_availability_Ready Mixed Concrete_85,True,
s3_no_repeated_availability_Ready Mixed Concrete_86,True,
s3_no_repeated_availability_Ready Mixed Concrete_87,True,
s3_no_repeated_availability_Ready Mixed Concrete_88,True,
s3_no_repeated_availability_Ready Mixed Concrete_89,True,
s3_no_repeated_availability_Ready Mixed Concrete_90,True,
s3_no_repeated_availability_Ready Mixed Concrete_91,True,
s3_no_repeated_availability_Ready Mixed Concrete_92,True,
s3_no_repeated_availability_Ready Mixed Concrete_93,True,
s3_no_repeated_availability_Ready Mixed Concrete_94,True,
s3_no_repeated_availability_Ready Mixed Concrete_95,True,
s3_no_repeated_availability_Ready Mixed Concrete_96,True,
s3_no_repeated_availability_Ready Mixed Concrete_97,True,
s3_no_repeated_availability_Ready Mixed Concrete_98,True,
s3_no_repeated_availability_Ready Mixed Concrete_99,True,
s3_no_repeated_availability_Ready Mixed Concrete_100,True,
s3_no_repeated_availability_Steel Reinforcement Bars_1,True,
s3_no_repeated_availability_Steel Reinforcement Bars_2,True,
s3_no_repeated_availability_Steel Reinforcement Bars_3,True,
s3_no_repeated_availability_Steel Reinforcement Bars_4,True,
s3_no_repeated_availability_Steel Reinforcement Bars_5,True,
s3_no_repeated_availability_Steel Reinforcement Bars_6,True,
s3_no_repeated_availability_Steel Reinforcement Bars_7,True,
s3_no_repeated_availability_Steel Reinforcement Bars_8,True,
s3_no_repeated_availability_Steel Reinforcement Bars_9,True,
s3_no_repeated_availability_Steel Reinforcement Bars_10,True,
s3_no_repeated_availability_Steel Reinforcement Bars_11,True,
s3_no_repeated_availability_Steel Reinforcement Bars_12,True,
s3_no_repeated_availability_Steel Reinforcement Bars_13,True,
s3_no_repeated_availability_Steel Reinforcement Bars_14,True,
s3_no_repeated_availability_Steel Reinforcement Bars_15,True,
s3_no_repeated_availability_Steel Reinforcement Bars_16,True,
s3_no_repeated_availability_Steel Reinforcement Bars_17,True,
s3_no_repeated_availability_Steel Reinforcement Bars_18,True,
s3_no_repeated_availability_Steel Reinforcement Bars_19,True,
s3_no_repeated_availability_Steel Reinforcement Bars_20,True,
s3_no_repeated_availability_Steel Reinforcement Bars_21,True,
s3_no_repeated_availability_Steel Reinforcement Bars_22,True,
s3_no_repeated_availability_Steel Reinforcement Bars_23,True,
s3_no_repeated_availability_Steel Reinforcement Bars_24,True,
s3_no_repeated_availability_Steel Reinforcement Bars_25,True,
s3_no_repeated_availability_Steel Reinforcement Bars_26,True,
s3_no_repeated_availability_Steel Reinforcement Bars_27,True,
s3_no_repeated_availability_Steel Reinforcement Bars_28,True,
s3_no_repeated_availability_Steel Reinforcement Bars_29,True,
s3_no_repeated_availability_Steel Reinforcement Bars_30,True,
s3_no_repeated_availability_Steel Reinforcement Bars_31,True,
s3_no_repeated_availability_Steel Reinforcement Bars_32,True,
s3_no_repeated_availability_Steel Reinforcement Bars_33,True,
s3_no_repeated_availability_Steel Reinforcement Bars_34,True,
s3_no_repeated_availability_Steel Reinforcement Bars_35,True,
s3_no_repeated_availability_Steel Reinforcement Bars_36,True,
s3_no_repeated_availability_Steel Reinforcement Bars_37,True,
s3_no_repeated_availability_Steel Reinforcement Bars_38,True,
s3_no_repeated_availability_Steel Reinforcement Bars_39,True,
s3_no_repeated_availability_Steel Reinforcement Bars_40,True,
s3_no_repeated_availability_Steel Reinforcement Bars_41,True,
s3_no_repeated_availability_Steel Reinforcement Bars_42,True,
s3_no_repeated_availability_Steel Reinforcement Bars_43,True,
s3_no_repeated_availability_Steel Reinforcement Bars_44,True,
s3_no_repeated_availability_Steel Reinforcement Bars_45,True,
s3_no_repeated_availability_Steel Reinforcement Bars_46,True,
s3_no_repeated_availability_Steel Reinforcement Bars_47,True,
s3_no_repeated_availability_Steel Reinforcement Bars_48,True,
s3_no_repeated_availability_Steel Reinforcement Bars_49,True,
s3_no_repeated_availability_Steel Reinforcement Bars_50,True,
s3_no_repeated_availability_Steel Reinforcement Bars_51,True,
s3_no_repeated_availability_Steel Reinforcement Bars_52,True,
s3_no_repeated_availability_Steel Reinforcement Bars_53,True,
s3_no_repeated_availability_Steel Reinforcement Bars_54,True,
s3_no_repeated_availability_Steel Reinforcement Bars_55,True,
s3_no_repeated_availability_Steel Reinforcement Bars_56,True,
s3_no_repeated_availability_Steel Reinforcement Bars_57,True,
s3_no_repeated_availability_Steel Reinforcement Bars_58,True,
s3_no_repeated_availability_Steel Reinforcement Bars_59,True,
s3_no_repeated_availability_Steel Reinforcement Bars_60,True,
s3_no_repeated_availability_Steel Reinforcement Bars_61,True,
s3_no_repeated_availability_Steel Reinforcement Bars_62,True,
s3_no_repeated_availability_Steel Reinforcement Bars_63,True,
s3_no_repeated_availability_Steel Reinforcement Bars_64,True,
s3_no_repeated_availability_Steel Reinforcement Bars_65,True,
s3_no_repeated_availability_Steel Reinforcement Bars_66,True,
s3_no_repeated_availability_Steel Reinforcement Bars_67,True,
s3_no_repeated_availability_Steel Reinforcement Bars_68,True,
s3_no_repeated_availability_Steel Reinforcement Bars_69,True,
s3_no_repeated_availability_Steel Reinforcement Bars_70,True,
s3_no_repeated_availability_Steel Reinforcement Bars_71,True,
s3_no_repeated_availability_Steel Reinforcement Bars_72,True,
s3_no_repeated_availability_Steel Reinforcement Bars_73,True,
s3_no_repeated_availability_Steel Reinforcement Bars_74,True,
s3_no_repeated_availability_Steel Reinforcement Bars_75,True,
s3_no_repeated_availability_Steel Reinforcement Bars_76,True,
s3_no_repeated_availability_Steel Reinforcement Bars_77,True,
s3_no_repeated_availability_Steel Reinforcement Bars_78,True,
s3_no_repeated_availability_Steel Reinforcement Bars_79,True,
s3_no_repeated_availability_Steel Reinforcement Bars_80,True,
s3_no_repeated_availability_Steel Reinforcement Bars_81,True,
s3_no_repeated_availability_Steel Reinforcement Bars_82,True,
s3_no_repeated_availability_Steel Reinforcement Bars_83,True,
s3_no_repeated_availability_Steel Reinforcement Bars_84,True,
s3_no_repeated_availability_Steel Reinforcement Bars_85,True,
s3_no_repeated_availability_Steel Reinforcement Bars_86,True,
s3_no_repeated_availability_Steel Reinforcement Bars_87,True,
s3_no_repeated_availability_Steel Reinforcement Bars_88,True,
s3_no_repeated_availability_Steel Reinforcement Bars_89,True,
s3_no_repeated_availability_Steel Reinforcement Bars_90,True,
s3_no_repeated_availability_Steel Reinforcement Bars_91,True,
s3_no_repeated_availability_Steel Reinforcement Bars_92,True,
s3_no_repeated_availability_Steel Reinforcement Bars_93,True,
s3_no_repeated_availability_Steel Reinforcement Bars_94,True,
s3_no_repeated_availability_Steel Reinforcement Bars_95,True,
s3_no_repeated_availability_Steel Reinforcement Bars_96,True,
s3_no_repeated_availability_Steel Reinforcement Bars_97,True,
s3_no_repeated_availability_Steel Reinforcement Bars_98,True,
s3_no_repeated_availability_Steel Reinforcement Bars_99,True,
s3_no_repeated_availability_Steel Reinforcement Bars_100,True,
s3_scenario_count,True,"cost=100, shortage=100, expected=100"
s3_scenario_costs_finite_nonnegative,True,
s3_scenario_shortages_finite_nonnegative,True,
s3_Z1_consistent,True,354042.3570419798 vs 354042.3570419799
s3_Z2_consistent,True,20542.811269582693 vs 20542.811269582693
s3_Z3_consistent,True,22268.99650413398 vs 22268.99650413397
s4_complete_q_grid,True,48
s4_no_repeated_availability_Cement_1,True,
s4_no_repeated_availability_Cement_2,True,
s4_no_repeated_availability_Cement_3,True,
s4_no_repeated_availability_Cement_4,True,
s4_no_repeated_availability_Cement_5,True,
s4_no_repeated_availability_Cement_6,True,
s4_no_repeated_availability_Cement_7,True,
s4_no_repeated_availability_Cement_8,True,
s4_no_repeated_availability_Cement_9,True,
s4_no_repeated_availability_Cement_10,True,
s4_no_repeated_availability_Cement_11,True,
s4_no_repeated_availability_Cement_12,True,
s4_no_repeated_availability_Cement_13,True,
s4_no_repeated_availability_Cement_14,True,
s4_no_repeated_availability_Cement_15,True,
s4_no_repeated_availability_Cement_16,True,
s4_no_repeated_availability_Cement_17,True,
s4_no_repeated_availability_Cement_18,True,
s4_no_repeated_availability_Cement_19,True,
s4_no_repeated_availability_Cement_20,True,
s4_no_repeated_availability_Cement_21,True,
s4_no_repeated_availability_Cement_22,True,
s4_no_repeated_availability_Cement_23,True,
s4_no_repeated_availability_Cement_24,True,
s4_no_repeated_availability_Cement_25,True,
s4_no_repeated_availability_Cement_26,True,
s4_no_repeated_availability_Cement_27,True,
s4_no_repeated_availability_Cement_28,True,
s4_no_repeated_availability_Cement_29,True,
s4_no_repeated_availability_Cement_30,True,
s4_no_repeated_availability_Cement_31,True,
s4_no_repeated_availability_Cement_32,True,
s4_no_repeated_availability_Cement_33,True,
s4_no_repeated_availability_Cement_34,True,
s4_no_repeated_availability_Cement_35,True,
s4_no_repeated_availability_Cement_36,True,
s4_no_repeated_availability_Cement_37,True,
s4_no_repeated_availability_Cement_38,True,
s4_no_repeated_availability_Cement_39,True,
s4_no_repeated_availability_Cement_40,True,
s4_no_repeated_availability_Cement_41,True,
s4_no_repeated_availability_Cement_42,True,
s4_no_repeated_availability_Cement_43,True,
s4_no_repeated_availability_Cement_44,True,
s4_no_repeated_availability_Cement_45,True,
s4_no_repeated_availability_Cement_46,True,
s4_no_repeated_availability_Cement_47,True,
s4_no_repeated_availability_Cement_48,True,
s4_no_repeated_availability_Cement_49,True,
s4_no_repeated_availability_Cement_50,True,
s4_no_repeated_availability_Cement_51,True,
s4_no_repeated_availability_Cement_52,True,
s4_no_repeated_availability_Cement_53,True,
s4_no_repeated_availability_Cement_54,True,
s4_no_repeated_availability_Cement_55,True,
s4_no_repeated_availability_Cement_56,True,
s4_no_repeated_availability_Cement_57,True,
s4_no_repeated_availability_Cement_58,True,
s4_no_repeated_availability_Cement_59,True,
s4_no_repeated_availability_Cement_60,True,
s4_no_repeated_availability_Cement_61,True,
s4_no_repeated_availability_Cement_62,True,
s4_no_repeated_availability_Cement_63,True,
s4_no_repeated_availability_Cement_64,True,
s4_no_repeated_availability_Cement_65,True,
s4_no_repeated_availability_Cement_66,True,
s4_no_repeated_availability_Cement_67,True,
s4_no_repeated_availability_Cement_68,True,
s4_no_repeated_availability_Cement_69,True,
s4_no_repeated_availability_Cement_70,True,
s4_no_repeated_availability_Cement_71,True,
s4_no_repeated_availability_Cement_72,True,
s4_no_repeated_availability_Cement_73,True,
s4_no_repeated_availability_Cement_74,True,
s4_no_repeated_availability_Cement_75,True,
s4_no_repeated_availability_Cement_76,True,
s4_no_repeated_availability_Cement_77,True,
s4_no_repeated_availability_Cement_78,True,
s4_no_repeated_availability_Cement_79,True,
s4_no_repeated_availability_Cement_80,True,
s4_no_repeated_availability_Cement_81,True,
s4_no_repeated_availability_Cement_82,True,
s4_no_repeated_availability_Cement_83,True,
s4_no_repeated_availability_Cement_84,True,
s4_no_repeated_availability_Cement_85,True,
s4_no_repeated_availability_Cement_86,True,
s4_no_repeated_availability_Cement_87,True,
s4_no_repeated_availability_Cement_88,True,
s4_no_repeated_availability_Cement_89,True,
s4_no_repeated_availability_Cement_90,True,
s4_no_repeated_availability_Cement_91,True,
s4_no_repeated_availability_Cement_92,True,
s4_no_repeated_availability_Cement_93,True,
s4_no_repeated_availability_Cement_94,True,
s4_no_repeated_availability_Cement_95,True,
s4_no_repeated_availability_Cement_96,True,
s4_no_repeated_availability_Cement_97,True,
s4_no_repeated_availability_Cement_98,True,
s4_no_repeated_availability_Cement_99,True,
s4_no_repeated_availability_Cement_100,True,
s4_no_repeated_availability_Granite_1,True,
s4_no_repeated_availability_Granite_2,True,
s4_no_repeated_availability_Granite_3,True,
s4_no_repeated_availability_Granite_4,True,
s4_no_repeated_availability_Granite_5,True,
s4_no_repeated_availability_Granite_6,True,
s4_no_repeated_availability_Granite_7,True,
s4_no_repeated_availability_Granite_8,True,
s4_no_repeated_availability_Granite_9,True,
s4_no_repeated_availability_Granite_10,True,
s4_no_repeated_availability_Granite_11,True,
s4_no_repeated_availability_Granite_12,True,
s4_no_repeated_availability_Granite_13,True,
s4_no_repeated_availability_Granite_14,True,
s4_no_repeated_availability_Granite_15,True,
s4_no_repeated_availability_Granite_16,True,
s4_no_repeated_availability_Granite_17,True,
s4_no_repeated_availability_Granite_18,True,
s4_no_repeated_availability_Granite_19,True,
s4_no_repeated_availability_Granite_20,True,
s4_no_repeated_availability_Granite_21,True,
s4_no_repeated_availability_Granite_22,True,
s4_no_repeated_availability_Granite_23,True,
s4_no_repeated_availability_Granite_24,True,
s4_no_repeated_availability_Granite_25,True,
s4_no_repeated_availability_Granite_26,True,
s4_no_repeated_availability_Granite_27,True,
s4_no_repeated_availability_Granite_28,True,
s4_no_repeated_availability_Granite_29,True,
s4_no_repeated_availability_Granite_30,True,
s4_no_repeated_availability_Granite_31,True,
s4_no_repeated_availability_Granite_32,True,
s4_no_repeated_availability_Granite_33,True,
s4_no_repeated_availability_Granite_34,True,
s4_no_repeated_availability_Granite_35,True,
s4_no_repeated_availability_Granite_36,True,
s4_no_repeated_availability_Granite_37,True,
s4_no_repeated_availability_Granite_38,True,
s4_no_repeated_availability_Granite_39,True,
s4_no_repeated_availability_Granite_40,True,
s4_no_repeated_availability_Granite_41,True,
s4_no_repeated_availability_Granite_42,True,
s4_no_repeated_availability_Granite_43,True,
s4_no_repeated_availability_Granite_44,True,
s4_no_repeated_availability_Granite_45,True,
s4_no_repeated_availability_Granite_46,True,
s4_no_repeated_availability_Granite_47,True,
s4_no_repeated_availability_Granite_48,True,
s4_no_repeated_availability_Granite_49,True,
s4_no_repeated_availability_Granite_50,True,
s4_no_repeated_availability_Granite_51,True,
s4_no_repeated_availability_Granite_52,True,
s4_no_repeated_availability_Granite_53,True,
s4_no_repeated_availability_Granite_54,True,
s4_no_repeated_availability_Granite_55,True,
s4_no_repeated_availability_Granite_56,True,
s4_no_repeated_availability_Granite_57,True,
s4_no_repeated_availability_Granite_58,True,
s4_no_repeated_availability_Granite_59,True,
s4_no_repeated_availability_Granite_60,True,
s4_no_repeated_availability_Granite_61,True,
s4_no_repeated_availability_Granite_62,True,
s4_no_repeated_availability_Granite_63,True,
s4_no_repeated_availability_Granite_64,True,
s4_no_repeated_availability_Granite_65,True,
s4_no_repeated_availability_Granite_66,True,
s4_no_repeated_availability_Granite_67,True,
s4_no_repeated_availability_Granite_68,True,
s4_no_repeated_availability_Granite_69,True,
s4_no_repeated_availability_Granite_70,True,
s4_no_repeated_availability_Granite_71,True,
s4_no_repeated_availability_Granite_72,True,
s4_no_repeated_availability_Granite_73,True,
s4_no_repeated_availability_Granite_74,True,
s4_no_repeated_availability_Granite_75,True,
s4_no_repeated_availability_Granite_76,True,
s4_no_repeated_availability_Granite_77,True,
s4_no_repeated_availability_Granite_78,True,
s4_no_repeated_availability_Granite_79,True,
s4_no_repeated_availability_Granite_80,True,
s4_no_repeated_availability_Granite_81,True,
s4_no_repeated_availability_Granite_82,True,
s4_no_repeated_availability_Granite_83,True,
s4_no_repeated_availability_Granite_84,True,
s4_no_repeated_availability_Granite_85,True,
s4_no_repeated_availability_Granite_86,True,
s4_no_repeated_availability_Granite_87,True,
s4_no_repeated_availability_Granite_88,True,
s4_no_repeated_availability_Granite_89,True,
s4_no_repeated_availability_Granite_90,True,
s4_no_repeated_availability_Granite_91,True,
s4_no_repeated_availability_Granite_92,True,
s4_no_repeated_availability_Granite_93,True,
s4_no_repeated_availability_Granite_94,True,
s4_no_repeated_availability_Granite_95,True,
s4_no_repeated_availability_Granite_96,True,
s4_no_repeated_availability_Granite_97,True,
s4_no_repeated_availability_Granite_98,True,
s4_no_repeated_availability_Granite_99,True,
s4_no_repeated_availability_Granite_100,True,
s4_no_repeated_availability_Ready Mixed Concrete_1,True,
s4_no_repeated_availability_Ready Mixed Concrete_2,True,
s4_no_repeated_availability_Ready Mixed Concrete_3,True,
s4_no_repeated_availability_Ready Mixed Concrete_4,True,
s4_no_repeated_availability_Ready Mixed Concrete_5,True,
s4_no_repeated_availability_Ready Mixed Concrete_6,True,
s4_no_repeated_availability_Ready Mixed Concrete_7,True,
s4_no_repeated_availability_Ready Mixed Concrete_8,True,
s4_no_repeated_availability_Ready Mixed Concrete_9,True,
s4_no_repeated_availability_Ready Mixed Concrete_10,True,
s4_no_repeated_availability_Ready Mixed Concrete_11,True,
s4_no_repeated_availability_Ready Mixed Concrete_12,True,
s4_no_repeated_availability_Ready Mixed Concrete_13,True,
s4_no_repeated_availability_Ready Mixed Concrete_14,True,
s4_no_repeated_availability_Ready Mixed Concrete_15,True,
s4_no_repeated_availability_Ready Mixed Concrete_16,True,
s4_no_repeated_availability_Ready Mixed Concrete_17,True,
s4_no_repeated_availability_Ready Mixed Concrete_18,True,
s4_no_repeated_availability_Ready Mixed Concrete_19,True,
s4_no_repeated_availability_Ready Mixed Concrete_20,True,
s4_no_repeated_availability_Ready Mixed Concrete_21,True,
s4_no_repeated_availability_Ready Mixed Concrete_22,True,
s4_no_repeated_availability_Ready Mixed Concrete_23,True,
s4_no_repeated_availability_Ready Mixed Concrete_24,True,
s4_no_repeated_availability_Ready Mixed Concrete_25,True,
s4_no_repeated_availability_Ready Mixed Concrete_26,True,
s4_no_repeated_availability_Ready Mixed Concrete_27,True,
s4_no_repeated_availability_Ready Mixed Concrete_28,True,
s4_no_repeated_availability_Ready Mixed Concrete_29,True,
s4_no_repeated_availability_Ready Mixed Concrete_30,True,
s4_no_repeated_availability_Ready Mixed Concrete_31,True,
s4_no_repeated_availability_Ready Mixed Concrete_32,True,
s4_no_repeated_availability_Ready Mixed Concrete_33,True,
s4_no_repeated_availability_Ready Mixed Concrete_34,True,
s4_no_repeated_availability_Ready Mixed Concrete_35,True,
s4_no_repeated_availability_Ready Mixed Concrete_36,True,
s4_no_repeated_availability_Ready Mixed Concrete_37,True,
s4_no_repeated_availability_Ready Mixed Concrete_38,True,
s4_no_repeated_availability_Ready Mixed Concrete_39,True,
s4_no_repeated_availability_Ready Mixed Concrete_40,True,
s4_no_repeated_availability_Ready Mixed Concrete_41,True,
s4_no_repeated_availability_Ready Mixed Concrete_42,True,
s4_no_repeated_availability_Ready Mixed Concrete_43,True,
s4_no_repeated_availability_Ready Mixed Concrete_44,True,
s4_no_repeated_availability_Ready Mixed Concrete_45,True,
s4_no_repeated_availability_Ready Mixed Concrete_46,True,
s4_no_repeated_availability_Ready Mixed Concrete_47,True,
s4_no_repeated_availability_Ready Mixed Concrete_48,True,
s4_no_repeated_availability_Ready Mixed Concrete_49,True,
s4_no_repeated_availability_Ready Mixed Concrete_50,True,
s4_no_repeated_availability_Ready Mixed Concrete_51,True,
s4_no_repeated_availability_Ready Mixed Concrete_52,True,
s4_no_repeated_availability_Ready Mixed Concrete_53,True,
s4_no_repeated_availability_Ready Mixed Concrete_54,True,
s4_no_repeated_availability_Ready Mixed Concrete_55,True,
s4_no_repeated_availability_Ready Mixed Concrete_56,True,
s4_no_repeated_availability_Ready Mixed Concrete_57,True,
s4_no_repeated_availability_Ready Mixed Concrete_58,True,
s4_no_repeated_availability_Ready Mixed Concrete_59,True,
s4_no_repeated_availability_Ready Mixed Concrete_60,True,
s4_no_repeated_availability_Ready Mixed Concrete_61,True,
s4_no_repeated_availability_Ready Mixed Concrete_62,True,
s4_no_repeated_availability_Ready Mixed Concrete_63,True,
s4_no_repeated_availability_Ready Mixed Concrete_64,True,
s4_no_repeated_availability_Ready Mixed Concrete_65,True,
s4_no_repeated_availability_Ready Mixed Concrete_66,True,
s4_no_repeated_availability_Ready Mixed Concrete_67,True,
s4_no_repeated_availability_Ready Mixed Concrete_68,True,
s4_no_repeated_availability_Ready Mixed Concrete_69,True,
s4_no_repeated_availability_Ready Mixed Concrete_70,True,
s4_no_repeated_availability_Ready Mixed Concrete_71,True,
s4_no_repeated_availability_Ready Mixed Concrete_72,True,
s4_no_repeated_availability_Ready Mixed Concrete_73,True,
s4_no_repeated_availability_Ready Mixed Concrete_74,True,
s4_no_repeated_availability_Ready Mixed Concrete_75,True,
s4_no_repeated_availability_Ready Mixed Concrete_76,True,
s4_no_repeated_availability_Ready Mixed Concrete_77,True,
s4_no_repeated_availability_Ready Mixed Concrete_78,True,
s4_no_repeated_availability_Ready Mixed Concrete_79,True,
s4_no_repeated_availability_Ready Mixed Concrete_80,True,
s4_no_repeated_availability_Ready Mixed Concrete_81,True,
s4_no_repeated_availability_Ready Mixed Concrete_82,True,
s4_no_repeated_availability_Ready Mixed Concrete_83,True,
s4_no_repeated_availability_Ready Mixed Concrete_84,True,
s4_no_repeated_availability_Ready Mixed Concrete_85,True,
s4_no_repeated_availability_Ready Mixed Concrete_86,True,
s4_no_repeated_availability_Ready Mixed Concrete_87,True,
s4_no_repeated_availability_Ready Mixed Concrete_88,True,
s4_no_repeated_availability_Ready Mixed Concrete_89,True,
s4_no_repeated_availability_Ready Mixed Concrete_90,True,
s4_no_repeated_availability_Ready Mixed Concrete_91,True,
s4_no_repeated_availability_Ready Mixed Concrete_92,True,
s4_no_repeated_availability_Ready Mixed Concrete_93,True,
s4_no_repeated_availability_Ready Mixed Concrete_94,True,
s4_no_repeated_availability_Ready Mixed Concrete_95,True,
s4_no_repeated_availability_Ready Mixed Concrete_96,True,
s4_no_repeated_availability_Ready Mixed Concrete_97,True,
s4_no_repeated_availability_Ready Mixed Concrete_98,True,
s4_no_repeated_availability_Ready Mixed Concrete_99,True,
s4_no_repeated_availability_Ready Mixed Concrete_100,True,
s4_no_repeated_availability_Steel Reinforcement Bars_1,True,
s4_no_repeated_availability_Steel Reinforcement Bars_2,True,
s4_no_repeated_availability_Steel Reinforcement Bars_3,True,
s4_no_repeated_availability_Steel Reinforcement Bars_4,True,
s4_no_repeated_availability_Steel Reinforcement Bars_5,True,
s4_no_repeated_availability_Steel Reinforcement Bars_6,True,
s4_no_repeated_availability_Steel Reinforcement Bars_7,True,
s4_no_repeated_availability_Steel Reinforcement Bars_8,True,
s4_no_repeated_availability_Steel Reinforcement Bars_9,True,
s4_no_repeated_availability_Steel Reinforcement Bars_10,True,
s4_no_repeated_availability_Steel Reinforcement Bars_11,True,
s4_no_repeated_availability_Steel Reinforcement Bars_12,True,
s4_no_repeated_availability_Steel Reinforcement Bars_13,True,
s4_no_repeated_availability_Steel Reinforcement Bars_14,True,
s4_no_repeated_availability_Steel Reinforcement Bars_15,True,
s4_no_repeated_availability_Steel Reinforcement Bars_16,True,
s4_no_repeated_availability_Steel Reinforcement Bars_17,True,
s4_no_repeated_availability_Steel Reinforcement Bars_18,True,
s4_no_repeated_availability_Steel Reinforcement Bars_19,True,
s4_no_repeated_availability_Steel Reinforcement Bars_20,True,
s4_no_repeated_availability_Steel Reinforcement Bars_21,True,
s4_no_repeated_availability_Steel Reinforcement Bars_22,True,
s4_no_repeated_availability_Steel Reinforcement Bars_23,True,
s4_no_repeated_availability_Steel Reinforcement Bars_24,True,
s4_no_repeated_availability_Steel Reinforcement Bars_25,True,
s4_no_repeated_availability_Steel Reinforcement Bars_26,True,
s4_no_repeated_availability_Steel Reinforcement Bars_27,True,
s4_no_repeated_availability_Steel Reinforcement Bars_28,True,
s4_no_repeated_availability_Steel Reinforcement Bars_29,True,
s4_no_repeated_availability_Steel Reinforcement Bars_30,True,
s4_no_repeated_availability_Steel Reinforcement Bars_31,True,
s4_no_repeated_availability_Steel Reinforcement Bars_32,True,
s4_no_repeated_availability_Steel Reinforcement Bars_33,True,
s4_no_repeated_availability_Steel Reinforcement Bars_34,True,
s4_no_repeated_availability_Steel Reinforcement Bars_35,True,
s4_no_repeated_availability_Steel Reinforcement Bars_36,True,
s4_no_repeated_availability_Steel Reinforcement Bars_37,True,
s4_no_repeated_availability_Steel Reinforcement Bars_38,True,
s4_no_repeated_availability_Steel Reinforcement Bars_39,True,
s4_no_repeated_availability_Steel Reinforcement Bars_40,True,
s4_no_repeated_availability_Steel Reinforcement Bars_41,True,
s4_no_repeated_availability_Steel Reinforcement Bars_42,True,
s4_no_repeated_availability_Steel Reinforcement Bars_43,True,
s4_no_repeated_availability_Steel Reinforcement Bars_44,True,
s4_no_repeated_availability_Steel Reinforcement Bars_45,True,
s4_no_repeated_availability_Steel Reinforcement Bars_46,True,
s4_no_repeated_availability_Steel Reinforcement Bars_47,True,
s4_no_repeated_availability_Steel Reinforcement Bars_48,True,
s4_no_repeated_availability_Steel Reinforcement Bars_49,True,
s4_no_repeated_availability_Steel Reinforcement Bars_50,True,
s4_no_repeated_availability_Steel Reinforcement Bars_51,True,
s4_no_repeated_availability_Steel Reinforcement Bars_52,True,
s4_no_repeated_availability_Steel Reinforcement Bars_53,True,
s4_no_repeated_availability_Steel Reinforcement Bars_54,True,
s4_no_repeated_availability_Steel Reinforcement Bars_55,True,
s4_no_repeated_availability_Steel Reinforcement Bars_56,True,
s4_no_repeated_availability_Steel Reinforcement Bars_57,True,
s4_no_repeated_availability_Steel Reinforcement Bars_58,True,
s4_no_repeated_availability_Steel Reinforcement Bars_59,True,
s4_no_repeated_availability_Steel Reinforcement Bars_60,True,
s4_no_repeated_availability_Steel Reinforcement Bars_61,True,
s4_no_repeated_availability_Steel Reinforcement Bars_62,True,
s4_no_repeated_availability_Steel Reinforcement Bars_63,True,
s4_no_repeated_availability_Steel Reinforcement Bars_64,True,
s4_no_repeated_availability_Steel Reinforcement Bars_65,True,
s4_no_repeated_availability_Steel Reinforcement Bars_66,True,
s4_no_repeated_availability_Steel Reinforcement Bars_67,True,
s4_no_repeated_availability_Steel Reinforcement Bars_68,True,
s4_no_repeated_availability_Steel Reinforcement Bars_69,True,
s4_no_repeated_availability_Steel Reinforcement Bars_70,True,
s4_no_repeated_availability_Steel Reinforcement Bars_71,True,
s4_no_repeated_availability_Steel Reinforcement Bars_72,True,
s4_no_repeated_availability_Steel Reinforcement Bars_73,True,
s4_no_repeated_availability_Steel Reinforcement Bars_74,True,
s4_no_repeated_availability_Steel Reinforcement Bars_75,True,
s4_no_repeated_availability_Steel Reinforcement Bars_76,True,
s4_no_repeated_availability_Steel Reinforcement Bars_77,True,
s4_no_repeated_availability_Steel Reinforcement Bars_78,True,
s4_no_repeated_availability_Steel Reinforcement Bars_79,True,
s4_no_repeated_availability_Steel Reinforcement Bars_80,True,
s4_no_repeated_availability_Steel Reinforcement Bars_81,True,
s4_no_repeated_availability_Steel Reinforcement Bars_82,True,
s4_no_repeated_availability_Steel Reinforcement Bars_83,True,
s4_no_repeated_availability_Steel Reinforcement Bars_84,True,
s4_no_repeated_availability_Steel Reinforcement Bars_85,True,
s4_no_repeated_availability_Steel Reinforcement Bars_86,True,
s4_no_repeated_availability_Steel Reinforcement Bars_87,True,
s4_no_repeated_availability_Steel Reinforcement Bars_88,True,
s4_no_repeated_availability_Steel Reinforcement Bars_89,True,
s4_no_repeated_availability_Steel Reinforcement Bars_90,True,
s4_no_repeated_availability_Steel Reinforcement Bars_91,True,
s4_no_repeated_availability_Steel Reinforcement Bars_92,True,
s4_no_repeated_availability_Steel Reinforcement Bars_93,True,
s4_no_repeated_availability_Steel Reinforcement Bars_94,True,
s4_no_repeated_availability_Steel Reinforcement Bars_95,True,
s4_no_repeated_availability_Steel Reinforcement Bars_96,True,
s4_no_repeated_availability_Steel Reinforcement Bars_97,True,
s4_no_repeated_availability_Steel Reinforcement Bars_98,True,
s4_no_repeated_availability_Steel Reinforcement Bars_99,True,
s4_no_repeated_availability_Steel Reinforcement Bars_100,True,
s4_scenario_count,True,"cost=100, shortage=100, expected=100"
s4_scenario_costs_finite_nonnegative,True,
s4_scenario_shortages_finite_nonnegative,True,
s4_Z1_consistent,True,3042693.193393349 vs 3042693.193393349
s4_Z2_consistent,True,4919.534504081516 vs 4919.534504081516
s4_Z3_consistent,True,7113.556982930581 vs 7113.556982930581
s5_complete_q_grid,True,48
s5_no_repeated_availability_Cement_1,True,
s5_no_repeated_availability_Cement_2,True,
s5_no_repeated_availability_Cement_3,True,
s5_no_repeated_availability_Cement_4,True,
s5_no_repeated_availability_Cement_5,True,
s5_no_repeated_availability_Cement_6,True,
s5_no_repeated_availability_Cement_7,True,
s5_no_repeated_availability_Cement_8,True,
s5_no_repeated_availability_Cement_9,True,
s5_no_repeated_availability_Cement_10,True,
s5_no_repeated_availability_Cement_11,True,
s5_no_repeated_availability_Cement_12,True,
s5_no_repeated_availability_Cement_13,True,
s5_no_repeated_availability_Cement_14,True,
s5_no_repeated_availability_Cement_15,True,
s5_no_repeated_availability_Cement_16,True,
s5_no_repeated_availability_Cement_17,True,
s5_no_repeated_availability_Cement_18,True,
s5_no_repeated_availability_Cement_19,True,
s5_no_repeated_availability_Cement_20,True,
s5_no_repeated_availability_Cement_21,True,
s5_no_repeated_availability_Cement_22,True,
s5_no_repeated_availability_Cement_23,True,
s5_no_repeated_availability_Cement_24,True,
s5_no_repeated_availability_Cement_25,True,
s5_no_repeated_availability_Cement_26,True,
s5_no_repeated_availability_Cement_27,True,
s5_no_repeated_availability_Cement_28,True,
s5_no_repeated_availability_Cement_29,True,
s5_no_repeated_availability_Cement_30,True,
s5_no_repeated_availability_Cement_31,True,
s5_no_repeated_availability_Cement_32,True,
s5_no_repeated_availability_Cement_33,True,
s5_no_repeated_availability_Cement_34,True,
s5_no_repeated_availability_Cement_35,True,
s5_no_repeated_availability_Cement_36,True,
s5_no_repeated_availability_Cement_37,True,
s5_no_repeated_availability_Cement_38,True,
s5_no_repeated_availability_Cement_39,True,
s5_no_repeated_availability_Cement_40,True,
s5_no_repeated_availability_Cement_41,True,
s5_no_repeated_availability_Cement_42,True,
s5_no_repeated_availability_Cement_43,True,
s5_no_repeated_availability_Cement_44,True,
s5_no_repeated_availability_Cement_45,True,
s5_no_repeated_availability_Cement_46,True,
s5_no_repeated_availability_Cement_47,True,
s5_no_repeated_availability_Cement_48,True,
s5_no_repeated_availability_Cement_49,True,
s5_no_repeated_availability_Cement_50,True,
s5_no_repeated_availability_Cement_51,True,
s5_no_repeated_availability_Cement_52,True,
s5_no_repeated_availability_Cement_53,True,
s5_no_repeated_availability_Cement_54,True,
s5_no_repeated_availability_Cement_55,True,
s5_no_repeated_availability_Cement_56,True,
s5_no_repeated_availability_Cement_57,True,
s5_no_repeated_availability_Cement_58,True,
s5_no_repeated_availability_Cement_59,True,
s5_no_repeated_availability_Cement_60,True,
s5_no_repeated_availability_Cement_61,True,
s5_no_repeated_availability_Cement_62,True,
s5_no_repeated_availability_Cement_63,True,
s5_no_repeated_availability_Cement_64,True,
s5_no_repeated_availability_Cement_65,True,
s5_no_repeated_availability_Cement_66,True,
s5_no_repeated_availability_Cement_67,True,
s5_no_repeated_availability_Cement_68,True,
s5_no_repeated_availability_Cement_69,True,
s5_no_repeated_availability_Cement_70,True,
s5_no_repeated_availability_Cement_71,True,
s5_no_repeated_availability_Cement_72,True,
s5_no_repeated_availability_Cement_73,True,
s5_no_repeated_availability_Cement_74,True,
s5_no_repeated_availability_Cement_75,True,
s5_no_repeated_availability_Cement_76,True,
s5_no_repeated_availability_Cement_77,True,
s5_no_repeated_availability_Cement_78,True,
s5_no_repeated_availability_Cement_79,True,
s5_no_repeated_availability_Cement_80,True,
s5_no_repeated_availability_Cement_81,True,
s5_no_repeated_availability_Cement_82,True,
s5_no_repeated_availability_Cement_83,True,
s5_no_repeated_availability_Cement_84,True,
s5_no_repeated_availability_Cement_85,True,
s5_no_repeated_availability_Cement_86,True,
s5_no_repeated_availability_Cement_87,True,
s5_no_repeated_availability_Cement_88,True,
s5_no_repeated_availability_Cement_89,True,
s5_no_repeated_availability_Cement_90,True,
s5_no_repeated_availability_Cement_91,True,
s5_no_repeated_availability_Cement_92,True,
s5_no_repeated_availability_Cement_93,True,
s5_no_repeated_availability_Cement_94,True,
s5_no_repeated_availability_Cement_95,True,
s5_no_repeated_availability_Cement_96,True,
s5_no_repeated_availability_Cement_97,True,
s5_no_repeated_availability_Cement_98,True,
s5_no_repeated_availability_Cement_99,True,
s5_no_repeated_availability_Cement_100,True,
s5_no_repeated_availability_Granite_1,True,
s5_no_repeated_availability_Granite_2,True,
s5_no_repeated_availability_Granite_3,True,
s5_no_repeated_availability_Granite_4,True,
s5_no_repeated_availability_Granite_5,True,
s5_no_repeated_availability_Granite_6,True,
s5_no_repeated_availability_Granite_7,True,
s5_no_repeated_availability_Granite_8,True,
s5_no_repeated_availability_Granite_9,True,
s5_no_repeated_availability_Granite_10,True,
s5_no_repeated_availability_Granite_11,True,
s5_no_repeated_availability_Granite_12,True,
s5_no_repeated_availability_Granite_13,True,
s5_no_repeated_availability_Granite_14,True,
s5_no_repeated_availability_Granite_15,True,
s5_no_repeated_availability_Granite_16,True,
s5_no_repeated_availability_Granite_17,True,
s5_no_repeated_availability_Granite_18,True,
s5_no_repeated_availability_Granite_19,True,
s5_no_repeated_availability_Granite_20,True,
s5_no_repeated_availability_Granite_21,True,
s5_no_repeated_availability_Granite_22,True,
s5_no_repeated_availability_Granite_23,True,
s5_no_repeated_availability_Granite_24,True,
s5_no_repeated_availability_Granite_25,True,
s5_no_repeated_availability_Granite_26,True,
s5_no_repeated_availability_Granite_27,True,
s5_no_repeated_availability_Granite_28,True,
s5_no_repeated_availability_Granite_29,True,
s5_no_repeated_availability_Granite_30,True,
s5_no_repeated_availability_Granite_31,True,
s5_no_repeated_availability_Granite_32,True,
s5_no_repeated_availability_Granite_33,True,
s5_no_repeated_availability_Granite_34,True,
s5_no_repeated_availability_Granite_35,True,
s5_no_repeated_availability_Granite_36,True,
s5_no_repeated_availability_Granite_37,True,
s5_no_repeated_availability_Granite_38,True,
s5_no_repeated_availability_Granite_39,True,
s5_no_repeated_availability_Granite_40,True,
s5_no_repeated_availability_Granite_41,True,
s5_no_repeated_availability_Granite_42,True,
s5_no_repeated_availability_Granite_43,True,
s5_no_repeated_availability_Granite_44,True,
s5_no_repeated_availability_Granite_45,True,
s5_no_repeated_availability_Granite_46,True,
s5_no_repeated_availability_Granite_47,True,
s5_no_repeated_availability_Granite_48,True,
s5_no_repeated_availability_Granite_49,True,
s5_no_repeated_availability_Granite_50,True,
s5_no_repeated_availability_Granite_51,True,
s5_no_repeated_availability_Granite_52,True,
s5_no_repeated_availability_Granite_53,True,
s5_no_repeated_availability_Granite_54,True,
s5_no_repeated_availability_Granite_55,True,
s5_no_repeated_availability_Granite_56,True,
s5_no_repeated_availability_Granite_57,True,
s5_no_repeated_availability_Granite_58,True,
s5_no_repeated_availability_Granite_59,True,
s5_no_repeated_availability_Granite_60,True,
s5_no_repeated_availability_Granite_61,True,
s5_no_repeated_availability_Granite_62,True,
s5_no_repeated_availability_Granite_63,True,
s5_no_repeated_availability_Granite_64,True,
s5_no_repeated_availability_Granite_65,True,
s5_no_repeated_availability_Granite_66,True,
s5_no_repeated_availability_Granite_67,True,
s5_no_repeated_availability_Granite_68,True,
s5_no_repeated_availability_Granite_69,True,
s5_no_repeated_availability_Granite_70,True,
s5_no_repeated_availability_Granite_71,True,
s5_no_repeated_availability_Granite_72,True,
s5_no_repeated_availability_Granite_73,True,
s5_no_repeated_availability_Granite_74,True,
s5_no_repeated_availability_Granite_75,True,
s5_no_repeated_availability_Granite_76,True,
s5_no_repeated_availability_Granite_77,True,
s5_no_repeated_availability_Granite_78,True,
s5_no_repeated_availability_Granite_79,True,
s5_no_repeated_availability_Granite_80,True,
s5_no_repeated_availability_Granite_81,True,
s5_no_repeated_availability_Granite_82,True,
s5_no_repeated_availability_Granite_83,True,
s5_no_repeated_availability_Granite_84,True,
s5_no_repeated_availability_Granite_85,True,
s5_no_repeated_availability_Granite_86,True,
s5_no_repeated_availability_Granite_87,True,
s5_no_repeated_availability_Granite_88,True,
s5_no_repeated_availability_Granite_89,True,
s5_no_repeated_availability_Granite_90,True,
s5_no_repeated_availability_Granite_91,True,
s5_no_repeated_availability_Granite_92,True,
s5_no_repeated_availability_Granite_93,True,
s5_no_repeated_availability_Granite_94,True,
s5_no_repeated_availability_Granite_95,True,
s5_no_repeated_availability_Granite_96,True,
s5_no_repeated_availability_Granite_97,True,
s5_no_repeated_availability_Granite_98,True,
s5_no_repeated_availability_Granite_99,True,
s5_no_repeated_availability_Granite_100,True,
s5_no_repeated_availability_Ready Mixed Concrete_1,True,
s5_no_repeated_availability_Ready Mixed Concrete_2,True,
s5_no_repeated_availability_Ready Mixed Concrete_3,True,
s5_no_repeated_availability_Ready Mixed Concrete_4,True,
s5_no_repeated_availability_Ready Mixed Concrete_5,True,
s5_no_repeated_availability_Ready Mixed Concrete_6,True,
s5_no_repeated_availability_Ready Mixed Concrete_7,True,
s5_no_repeated_availability_Ready Mixed Concrete_8,True,
s5_no_repeated_availability_Ready Mixed Concrete_9,True,
s5_no_repeated_availability_Ready Mixed Concrete_10,True,
s5_no_repeated_availability_Ready Mixed Concrete_11,True,
s5_no_repeated_availability_Ready Mixed Concrete_12,True,
s5_no_repeated_availability_Ready Mixed Concrete_13,True,
s5_no_repeated_availability_Ready Mixed Concrete_14,True,
s5_no_repeated_availability_Ready Mixed Concrete_15,True,
s5_no_repeated_availability_Ready Mixed Concrete_16,True,
s5_no_repeated_availability_Ready Mixed Concrete_17,True,
s5_no_repeated_availability_Ready Mixed Concrete_18,True,
s5_no_repeated_availability_Ready Mixed Concrete_19,True,
s5_no_repeated_availability_Ready Mixed Concrete_20,True,
s5_no_repeated_availability_Ready Mixed Concrete_21,True,
s5_no_repeated_availability_Ready Mixed Concrete_22,True,
s5_no_repeated_availability_Ready Mixed Concrete_23,True,
s5_no_repeated_availability_Ready Mixed Concrete_24,True,
s5_no_repeated_availability_Ready Mixed Concrete_25,True,
s5_no_repeated_availability_Ready Mixed Concrete_26,True,
s5_no_repeated_availability_Ready Mixed Concrete_27,True,
s5_no_repeated_availability_Ready Mixed Concrete_28,True,
s5_no_repeated_availability_Ready Mixed Concrete_29,True,
s5_no_repeated_availability_Ready Mixed Concrete_30,True,
s5_no_repeated_availability_Ready Mixed Concrete_31,True,
s5_no_repeated_availability_Ready Mixed Concrete_32,True,
s5_no_repeated_availability_Ready Mixed Concrete_33,True,
s5_no_repeated_availability_Ready Mixed Concrete_34,True,
s5_no_repeated_availability_Ready Mixed Concrete_35,True,
s5_no_repeated_availability_Ready Mixed Concrete_36,True,
s5_no_repeated_availability_Ready Mixed Concrete_37,True,
s5_no_repeated_availability_Ready Mixed Concrete_38,True,
s5_no_repeated_availability_Ready Mixed Concrete_39,True,
s5_no_repeated_availability_Ready Mixed Concrete_40,True,
s5_no_repeated_availability_Ready Mixed Concrete_41,True,
s5_no_repeated_availability_Ready Mixed Concrete_42,True,
s5_no_repeated_availability_Ready Mixed Concrete_43,True,
s5_no_repeated_availability_Ready Mixed Concrete_44,True,
s5_no_repeated_availability_Ready Mixed Concrete_45,True,
s5_no_repeated_availability_Ready Mixed Concrete_46,True,
s5_no_repeated_availability_Ready Mixed Concrete_47,True,
s5_no_repeated_availability_Ready Mixed Concrete_48,True,
s5_no_repeated_availability_Ready Mixed Concrete_49,True,
s5_no_repeated_availability_Ready Mixed Concrete_50,True,
s5_no_repeated_availability_Ready Mixed Concrete_51,True,
s5_no_repeated_availability_Ready Mixed Concrete_52,True,
s5_no_repeated_availability_Ready Mixed Concrete_53,True,
s5_no_repeated_availability_Ready Mixed Concrete_54,True,
s5_no_repeated_availability_Ready Mixed Concrete_55,True,
s5_no_repeated_availability_Ready Mixed Concrete_56,True,
s5_no_repeated_availability_Ready Mixed Concrete_57,True,
s5_no_repeated_availability_Ready Mixed Concrete_58,True,
s5_no_repeated_availability_Ready Mixed Concrete_59,True,
s5_no_repeated_availability_Ready Mixed Concrete_60,True,
s5_no_repeated_availability_Ready Mixed Concrete_61,True,
s5_no_repeated_availability_Ready Mixed Concrete_62,True,
s5_no_repeated_availability_Ready Mixed Concrete_63,True,
s5_no_repeated_availability_Ready Mixed Concrete_64,True,
s5_no_repeated_availability_Ready Mixed Concrete_65,True,
s5_no_repeated_availability_Ready Mixed Concrete_66,True,
s5_no_repeated_availability_Ready Mixed Concrete_67,True,
s5_no_repeated_availability_Ready Mixed Concrete_68,True,
s5_no_repeated_availability_Ready Mixed Concrete_69,True,
s5_no_repeated_availability_Ready Mixed Concrete_70,True,
s5_no_repeated_availability_Ready Mixed Concrete_71,True,
s5_no_repeated_availability_Ready Mixed Concrete_72,True,
s5_no_repeated_availability_Ready Mixed Concrete_73,True,
s5_no_repeated_availability_Ready Mixed Concrete_74,True,
s5_no_repeated_availability_Ready Mixed Concrete_75,True,
s5_no_repeated_availability_Ready Mixed Concrete_76,True,
s5_no_repeated_availability_Ready Mixed Concrete_77,True,
s5_no_repeated_availability_Ready Mixed Concrete_78,True,
s5_no_repeated_availability_Ready Mixed Concrete_79,True,
s5_no_repeated_availability_Ready Mixed Concrete_80,True,
s5_no_repeated_availability_Ready Mixed Concrete_81,True,
s5_no_repeated_availability_Ready Mixed Concrete_82,True,
s5_no_repeated_availability_Ready Mixed Concrete_83,True,
s5_no_repeated_availability_Ready Mixed Concrete_84,True,
s5_no_repeated_availability_Ready Mixed Concrete_85,True,
s5_no_repeated_availability_Ready Mixed Concrete_86,True,
s5_no_repeated_availability_Ready Mixed Concrete_87,True,
s5_no_repeated_availability_Ready Mixed Concrete_88,True,
s5_no_repeated_availability_Ready Mixed Concrete_89,True,
s5_no_repeated_availability_Ready Mixed Concrete_90,True,
s5_no_repeated_availability_Ready Mixed Concrete_91,True,
s5_no_repeated_availability_Ready Mixed Concrete_92,True,
s5_no_repeated_availability_Ready Mixed Concrete_93,True,
s5_no_repeated_availability_Ready Mixed Concrete_94,True,
s5_no_repeated_availability_Ready Mixed Concrete_95,True,
s5_no_repeated_availability_Ready Mixed Concrete_96,True,
s5_no_repeated_availability_Ready Mixed Concrete_97,True,
s5_no_repeated_availability_Ready Mixed Concrete_98,True,
s5_no_repeated_availability_Ready Mixed Concrete_99,True,
s5_no_repeated_availability_Ready Mixed Concrete_100,True,
s5_no_repeated_availability_Steel Reinforcement Bars_1,True,
s5_no_repeated_availability_Steel Reinforcement Bars_2,True,
s5_no_repeated_availability_Steel Reinforcement Bars_3,True,
s5_no_repeated_availability_Steel Reinforcement Bars_4,True,
s5_no_repeated_availability_Steel Reinforcement Bars_5,True,
s5_no_repeated_availability_Steel Reinforcement Bars_6,True,
s5_no_repeated_availability_Steel Reinforcement Bars_7,True,
s5_no_repeated_availability_Steel Reinforcement Bars_8,True,
s5_no_repeated_availability_Steel Reinforcement Bars_9,True,
s5_no_repeated_availability_Steel Reinforcement Bars_10,True,
s5_no_repeated_availability_Steel Reinforcement Bars_11,True,
s5_no_repeated_availability_Steel Reinforcement Bars_12,True,
s5_no_repeated_availability_Steel Reinforcement Bars_13,True,
s5_no_repeated_availability_Steel Reinforcement Bars_14,True,
s5_no_repeated_availability_Steel Reinforcement Bars_15,True,
s5_no_repeated_availability_Steel Reinforcement Bars_16,True,
s5_no_repeated_availability_Steel Reinforcement Bars_17,True,
s5_no_repeated_availability_Steel Reinforcement Bars_18,True,
s5_no_repeated_availability_Steel Reinforcement Bars_19,True,
s5_no_repeated_availability_Steel Reinforcement Bars_20,True,
s5_no_repeated_availability_Steel Reinforcement Bars_21,True,
s5_no_repeated_availability_Steel Reinforcement Bars_22,True,
s5_no_repeated_availability_Steel Reinforcement Bars_23,True,
s5_no_repeated_availability_Steel Reinforcement Bars_24,True,
s5_no_repeated_availability_Steel Reinforcement Bars_25,True,
s5_no_repeated_availability_Steel Reinforcement Bars_26,True,
s5_no_repeated_availability_Steel Reinforcement Bars_27,True,
s5_no_repeated_availability_Steel Reinforcement Bars_28,True,
s5_no_repeated_availability_Steel Reinforcement Bars_29,True,
s5_no_repeated_availability_Steel Reinforcement Bars_30,True,
s5_no_repeated_availability_Steel Reinforcement Bars_31,True,
s5_no_repeated_availability_Steel Reinforcement Bars_32,True,
s5_no_repeated_availability_Steel Reinforcement Bars_33,True,
s5_no_repeated_availability_Steel Reinforcement Bars_34,True,
s5_no_repeated_availability_Steel Reinforcement Bars_35,True,
s5_no_repeated_availability_Steel Reinforcement Bars_36,True,
s5_no_repeated_availability_Steel Reinforcement Bars_37,True,
s5_no_repeated_availability_Steel Reinforcement Bars_38,True,
s5_no_repeated_availability_Steel Reinforcement Bars_39,True,
s5_no_repeated_availability_Steel Reinforcement Bars_40,True,
s5_no_repeated_availability_Steel Reinforcement Bars_41,True,
s5_no_repeated_availability_Steel Reinforcement Bars_42,True,
s5_no_repeated_availability_Steel Reinforcement Bars_43,True,
s5_no_repeated_availability_Steel Reinforcement Bars_44,True,
s5_no_repeated_availability_Steel Reinforcement Bars_45,True,
s5_no_repeated_availability_Steel Reinforcement Bars_46,True,
s5_no_repeated_availability_Steel Reinforcement Bars_47,True,
s5_no_repeated_availability_Steel Reinforcement Bars_48,True,
s5_no_repeated_availability_Steel Reinforcement Bars_49,True,
s5_no_repeated_availability_Steel Reinforcement Bars_50,True,
s5_no_repeated_availability_Steel Reinforcement Bars_51,True,
s5_no_repeated_availability_Steel Reinforcement Bars_52,True,
s5_no_repeated_availability_Steel Reinforcement Bars_53,True,
s5_no_repeated_availability_Steel Reinforcement Bars_54,True,
s5_no_repeated_availability_Steel Reinforcement Bars_55,True,
s5_no_repeated_availability_Steel Reinforcement Bars_56,True,
s5_no_repeated_availability_Steel Reinforcement Bars_57,True,
s5_no_repeated_availability_Steel Reinforcement Bars_58,True,
s5_no_repeated_availability_Steel Reinforcement Bars_59,True,
s5_no_repeated_availability_Steel Reinforcement Bars_60,True,
s5_no_repeated_availability_Steel Reinforcement Bars_61,True,
s5_no_repeated_availability_Steel Reinforcement Bars_62,True,
s5_no_repeated_availability_Steel Reinforcement Bars_63,True,
s5_no_repeated_availability_Steel Reinforcement Bars_64,True,
s5_no_repeated_availability_Steel Reinforcement Bars_65,True,
s5_no_repeated_availability_Steel Reinforcement Bars_66,True,
s5_no_repeated_availability_Steel Reinforcement Bars_67,True,
s5_no_repeated_availability_Steel Reinforcement Bars_68,True,
s5_no_repeated_availability_Steel Reinforcement Bars_69,True,
s5_no_repeated_availability_Steel Reinforcement Bars_70,True,
s5_no_repeated_availability_Steel Reinforcement Bars_71,True,
s5_no_repeated_availability_Steel Reinforcement Bars_72,True,
s5_no_repeated_availability_Steel Reinforcement Bars_73,True,
s5_no_repeated_availability_Steel Reinforcement Bars_74,True,
s5_no_repeated_availability_Steel Reinforcement Bars_75,True,
s5_no_repeated_availability_Steel Reinforcement Bars_76,True,
s5_no_repeated_availability_Steel Reinforcement Bars_77,True,
s5_no_repeated_availability_Steel Reinforcement Bars_78,True,
s5_no_repeated_availability_Steel Reinforcement Bars_79,True,
s5_no_repeated_availability_Steel Reinforcement Bars_80,True,
s5_no_repeated_availability_Steel Reinforcement Bars_81,True,
s5_no_repeated_availability_Steel Reinforcement Bars_82,True,
s5_no_repeated_availability_Steel Reinforcement Bars_83,True,
s5_no_repeated_availability_Steel Reinforcement Bars_84,True,
s5_no_repeated_availability_Steel Reinforcement Bars_85,True,
s5_no_repeated_availability_Steel Reinforcement Bars_86,True,
s5_no_repeated_availability_Steel Reinforcement Bars_87,True,
s5_no_repeated_availability_Steel Reinforcement Bars_88,True,
s5_no_repeated_availability_Steel Reinforcement Bars_89,True,
s5_no_repeated_availability_Steel Reinforcement Bars_90,True,
s5_no_repeated_availability_Steel Reinforcement Bars_91,True,
s5_no_repeated_availability_Steel Reinforcement Bars_92,True,
s5_no_repeated_availability_Steel Reinforcement Bars_93,True,
s5_no_repeated_availability_Steel Reinforcement Bars_94,True,
s5_no_repeated_availability_Steel Reinforcement Bars_95,True,
s5_no_repeated_availability_Steel Reinforcement Bars_96,True,
s5_no_repeated_availability_Steel Reinforcement Bars_97,True,
s5_no_repeated_availability_Steel Reinforcement Bars_98,True,
s5_no_repeated_availability_Steel Reinforcement Bars_99,True,
s5_no_repeated_availability_Steel Reinforcement Bars_100,True,
s5_scenario_count,True,"cost=100, shortage=100, expected=100"
s5_scenario_costs_finite_nonnegative,True,
s5_scenario_shortages_finite_nonnegative,True,
s5_Z1_consistent,True,3450450.2692767 vs 3450450.2692767
s5_Z2_consistent,True,3960.1056503228674 vs 3960.1056503228674
s5_Z3_consistent,True,7113.556982830582 vs 7113.556982830582
s1_nondominated,True,
s2_nondominated,True,
s3_nondominated,True,
s4_nondominated,True,
s5_nondominated,True,
