material,forecast_origin,metric,n_from,n_to,value_from,value_to,change,threshold,criterion,pass
Cement,2022-07-01,mean_demand,100,250,365.6465941031154,364.3595547003569,0.003519899880143587,0.01,relative,True
Cement,2022-07-01,q90_demand,100,250,429.3627458834813,425.07783566074966,0.009979697269530833,0.02,relative,True
Cement,2022-07-01,mean_price,100,250,113.42314999835547,113.4808170583499,0.000508424073879675,0.01,relative,True
Cement,2022-07-01,q90_price,100,250,121.38388395820854,121.43710343997189,0.00043843943716344243,0.02,relative,True
Cement,2022-07-01,mean_internal_duration,100,250,12.03,11.304,0.7259999999999991,1.0,absolute_days,True
Cement,2022-07-01,q90_internal_duration,100,250,20.0,18.0,2.0,2.0,absolute_days,True
Cement,2022-07-01,mean_podn_duration,100,250,41.94,41.212,0.7279999999999944,1.0,absolute_days,True
Cement,2022-07-01,q90_podn_duration,100,250,75.0,75.0,0.0,2.0,absolute_days,True
Cement,2022-07-01,mean_total_duration,100,250,53.97,52.516,1.4540000000000006,1.0,absolute_days,False
Cement,2022-07-01,q90_total_duration,100,250,80.0,80.0,0.0,2.0,absolute_days,True
Cement,2022-08-01,mean_demand,100,250,338.26780847266616,338.49817774137296,0.0006810262843128631,0.01,relative,True
Cement,2022-08-01,q90_demand,100,250,394.89505474737064,393.69868797672785,0.0030295815464393295,0.02,relative,True
Cement,2022-08-01,mean_price,100,250,113.48315862426158,113.52256164195408,0.00034721467194060915,0.01,relative,True
Cement,2022-08-01,q90_price,100,250,121.6397850453324,121.61022955272104,0.00024297554127007532,0.02,relative,True
Cement,2022-08-01,mean_internal_duration,100,250,10.98,10.996,0.016000000000000014,1.0,absolute_days,True
Cement,2022-08-01,q90_internal_duration,100,250,17.100000000000136,18.0,0.8999999999998636,2.0,absolute_days,True
Cement,2022-08-01,mean_podn_duration,100,250,43.86,44.7,0.8400000000000034,1.0,absolute_days,True
Cement,2022-08-01,q90_podn_duration,100,250,75.0,85.0,10.0,2.0,absolute_days,False
Cement,2022-08-01,mean_total_duration,100,250,54.84,55.696,0.8559999999999945,1.0,absolute_days,True
Cement,2022-08-01,q90_total_duration,100,250,86.0,95.0,9.0,2.0,absolute_days,False
Cement,2022-09-01,mean_demand,100,250,361.59177113112077,359.52014176675385,0.005729193885929713,0.01,relative,True
Cement,2022-09-01,q90_demand,100,250,421.6398727687746,421.21195298756544,0.0010148940099026411,0.02,relative,True
Cement,2022-09-01,mean_price,100,250,112.05573144498402,112.10356623887355,0.00042688395562364264,0.01,relative,True
Cement,2022-09-01,q90_price,100,250,121.78910527444633,122.0022792471661,0.0017503533853820052,0.02,relative,True
Cement,2022-09-01,mean_internal_duration,100,250,11.89,11.876,0.014000000000001123,1.0,absolute_days,True
Cement,2022-09-01,q90_internal_duration,100,250,18.0,18.0,0.0,2.0,absolute_days,True
Cement,2022-09-01,mean_podn_duration,100,250,40.52,41.164,0.6439999999999984,1.0,absolute_days,True
Cement,2022-09-01,q90_podn_duration,100,250,75.0,75.0,0.0,2.0,absolute_days,True
Cement,2022-09-01,mean_total_duration,100,250,52.41,53.04,0.6300000000000026,1.0,absolute_days,True
Cement,2022-09-01,q90_total_duration,100,250,80.0,80.59999999999945,0.5999999999994543,2.0,absolute_days,True
Cement,2022-10-01,mean_demand,100,250,355.030272564706,355.9024285421716,0.0024565679178995274,0.01,relative,True
Cement,2022-10-01,q90_demand,100,250,407.24750907464164,406.4153002544379,0.0020434964036850677,0.02,relative,True
Cement,2022-10-01,mean_price,100,250,111.57116075793917,111.4750565527844,0.0008613713839840553,0.01,relative,True
Cement,2022-10-01,q90_price,100,250,121.7213928765809,121.80116496950848,0.00065536625109498,0.02,relative,True
Cement,2022-10-01,mean_internal_duration,100,250,11.65,12.012,0.3620000000000001,1.0,absolute_days,True
Cement,2022-10-01,q90_internal_duration,100,250,20.100000000000136,21.0,0.8999999999998636,2.0,absolute_days,True
Cement,2022-10-01,mean_podn_duration,100,250,44.03,40.632,3.3980000000000032,1.0,absolute_days,False
Cement,2022-10-01,q90_podn_duration,100,250,75.0,71.0,4.0,2.0,absolute_days,False
Cement,2022-10-01,mean_total_duration,100,250,55.68,52.644,3.0360000000000014,1.0,absolute_days,False
Cement,2022-10-01,q90_total_duration,100,250,86.0,80.0,6.0,2.0,absolute_days,False
Cement,2022-11-01,mean_demand,100,250,340.0402517194547,339.58873165076733,0.0013278430021276036,0.01,relative,True
Cement,2022-11-01,q90_demand,100,250,394.52547555180365,394.59589257870533,0.000178485373607854,0.02,relative,True
Cement,2022-11-01,mean_price,100,250,112.17889347167356,111.97921917862939,0.0017799631184148594,0.01,relative,True
Cement,2022-11-01,q90_price,100,250,122.33797288536756,122.09676761626203,0.0019716304219912807,0.02,relative,True
Cement,2022-11-01,mean_internal_duration,100,250,11.9,11.876,0.02400000000000091,1.0,absolute_days,True
Cement,2022-11-01,q90_internal_duration,100,250,21.30000000000041,20.09999999999991,1.2000000000005002,2.0,absolute_days,True
Cement,2022-11-01,mean_podn_duration,100,250,38.97,40.372,1.402000000000001,1.0,absolute_days,False
Cement,2022-11-01,q90_podn_duration,100,250,71.0,71.0,0.0,2.0,absolute_days,True
Cement,2022-11-01,mean_total_duration,100,250,50.87,52.248,1.3780000000000001,1.0,absolute_days,False
Cement,2022-11-01,q90_total_duration,100,250,79.0,80.0,1.0,2.0,absolute_days,True
Cement,2022-12-01,mean_demand,100,250,321.8349094962886,322.4738255888475,0.0019852293014417086,0.01,relative,True
Cement,2022-12-01,q90_demand,100,250,371.33873994108643,371.8418882842642,0.0013549578566933132,0.02,relative,True
Cement,2022-12-01,mean_price,100,250,112.00719385365204,111.93826333313974,0.0006154115476043489,0.01,relative,True
Cement,2022-12-01,q90_price,100,250,121.74860866173915,121.90285653292543,0.0012669374449676603,0.02,relative,True
Cement,2022-12-01,mean_internal_duration,100,250,11.19,11.4,0.21000000000000085,1.0,absolute_days,True
Cement,2022-12-01,q90_internal_duration,100,250,18.0,18.0,0.0,2.0,absolute_days,True
Cement,2022-12-01,mean_podn_duration,100,250,41.34,41.88,0.5399999999999991,1.0,absolute_days,True
Cement,2022-12-01,q90_podn_duration,100,250,71.0,75.0,4.0,2.0,absolute_days,False
Cement,2022-12-01,mean_total_duration,100,250,52.53,53.28,0.75,1.0,absolute_days,True
Cement,2022-12-01,q90_total_duration,100,250,80.60000000000082,86.0,5.3999999999991815,2.0,absolute_days,False
Cement,2023-01-01,mean_demand,100,250,336.57054652663174,337.05947168102387,0.001452667678255778,0.01,relative,True
Cement,2023-01-01,q90_demand,100,250,399.8370457559008,401.0550109722918,0.0030461540002838343,0.02,relative,True
Cement,2023-01-01,mean_price,100,250,111.09773065264645,111.15902674679417,0.0005517312890878664,0.01,relative,True
Cement,2023-01-01,q90_price,100,250,121.37392381767525,121.40968456758355,0.00029463288969733547,0.02,relative,True
Cement,2023-01-01,mean_internal_duration,100,250,11.3,11.192,0.10800000000000054,1.0,absolute_days,True
Cement,2023-01-01,q90_internal_duration,100,250,17.100000000000136,18.0,0.8999999999998636,2.0,absolute_days,True
Cement,2023-01-01,mean_podn_duration,100,250,39.2,40.872,1.671999999999997,1.0,absolute_days,False
Cement,2023-01-01,q90_podn_duration,100,250,71.0,71.0,0.0,2.0,absolute_days,True
Cement,2023-01-01,mean_total_duration,100,250,50.5,52.064,1.564,1.0,absolute_days,False
Cement,2023-01-01,q90_total_duration,100,250,79.10000000000014,86.0,6.899999999999864,2.0,absolute_days,False
Cement,2023-02-01,mean_demand,100,250,368.6120651519512,368.3906010670056,0.0006008053069404751,0.01,relative,True
Cement,2023-02-01,q90_demand,100,250,440.16612094825865,438.46869227919063,0.0038563364790802457,0.02,relative,True
Cement,2023-02-01,mean_price,100,250,106.53712001609553,106.55454670366458,0.00016357385638379835,0.01,relative,True
Cement,2023-02-01,q90_price,100,250,114.7711967143466,114.78410173178064,0.00011244125532781197,0.02,relative,True
Cement,2023-02-01,mean_internal_duration,100,250,11.77,12.42,0.6500000000000004,1.0,absolute_days,True
Cement,2023-02-01,q90_internal_duration,100,250,18.0,21.0,3.0,2.0,absolute_days,False
Cement,2023-02-01,mean_podn_duration,100,250,42.93,41.152,1.7779999999999987,1.0,absolute_days,False
Cement,2023-02-01,q90_podn_duration,100,250,71.40000000000055,71.0,0.4000000000005457,2.0,absolute_days,True
Cement,2023-02-01,mean_total_duration,100,250,54.7,53.572,1.1280000000000001,1.0,absolute_days,False
Cement,2023-02-01,q90_total_duration,100,250,86.0,86.0,0.0,2.0,absolute_days,True
Cement,2023-03-01,mean_demand,100,250,350.03906343145684,350.1045150772794,0.00018698383312122416,0.01,relative,True
Cement,2023-03-01,q90_demand,100,250,415.6789537622157,414.36845182204723,0.00315267811446171,0.02,relative,True
Cement,2023-03-01,mean_price,100,250,105.72447903676017,105.72105006226259,3.243311793845389e-05,0.01,relative,True
Cement,2023-03-01,q90_price,100,250,113.66421080178145,113.66421080178144,1.2502488351398713e-16,0.02,relative,True
Cement,2023-03-01,mean_internal_duration,100,250,11.31,11.928,0.6180000000000003,1.0,absolute_days,True
Cement,2023-03-01,q90_internal_duration,100,250,17.100000000000136,20.0,2.8999999999998636,2.0,absolute_days,False
Cement,2023-03-01,mean_podn_duration,100,250,41.92,40.26,1.6600000000000037,1.0,absolute_days,False
Cement,2023-03-01,q90_podn_duration,100,250,75.0,71.0,4.0,2.0,absolute_days,False
Cement,2023-03-01,mean_total_duration,100,250,53.23,52.188,1.0419999999999945,1.0,absolute_days,False
Cement,2023-03-01,q90_total_duration,100,250,80.60000000000082,80.59999999999945,1.3642420526593924e-12,2.0,absolute_days,True
Cement,2023-04-01,mean_demand,100,250,367.59428565376567,368.0602455954435,0.0012675929954926888,0.01,relative,True
Cement,2023-04-01,q90_demand,100,250,442.08068400993426,443.71276794761025,0.0036918236799491355,0.02,relative,True
Cement,2023-04-01,mean_price,100,250,103.09833652960923,103.14525686804954,0.00045510276906204596,0.01,relative,True
Cement,2023-04-01,q90_price,100,250,111.38544569320088,111.18543519091932,0.001795661013311063,0.02,relative,True
Cement,2023-04-01,mean_internal_duration,100,250,11.09,11.688,0.5980000000000008,1.0,absolute_days,True
Cement,2023-04-01,q90_internal_duration,100,250,18.0,20.0,2.0,2.0,absolute_days,True
Cement,2023-04-01,mean_podn_duration,100,250,42.7,42.94,0.23999999999999488,1.0,absolute_days,True
Cement,2023-04-01,q90_podn_duration,100,250,76.00000000000136,75.0,1.0000000000013642,2.0,absolute_days,True
Cement,2023-04-01,mean_total_duration,100,250,53.79,54.628,0.838000000000001,1.0,absolute_days,True
Cement,2023-04-01,q90_total_duration,100,250,81.50000000000205,86.0,4.499999999997954,2.0,absolute_days,False
Cement,2023-05-01,mean_demand,100,250,356.44497645414214,356.07548748148196,0.0010365946978290904,0.01,relative,True
Cement,2023-05-01,q90_demand,100,250,423.98957796922826,424.5985617732738,0.0014363178617794233,0.02,relative,True
Cement,2023-05-01,mean_price,100,250,102.57688263677855,102.6101404774423,0.00032422354636683464,0.01,relative,True
Cement,2023-05-01,q90_price,100,250,111.04076926980284,111.08439128516498,0.00039284684039026316,0.02,relative,True
Cement,2023-05-01,mean_internal_duration,100,250,11.39,11.596,0.20599999999999952,1.0,absolute_days,True
Cement,2023-05-01,q90_internal_duration,100,250,15.200000000000273,18.0,2.799999999999727,2.0,absolute_days,False
Cement,2023-05-01,mean_podn_duration,100,250,42.34,43.196,0.8559999999999945,1.0,absolute_days,True
Cement,2023-05-01,q90_podn_duration,100,250,75.0,75.0,0.0,2.0,absolute_days,True
Cement,2023-05-01,mean_total_duration,100,250,53.73,54.792,1.0620000000000047,1.0,absolute_days,False
Cement,2023-05-01,q90_total_duration,100,250,80.60000000000082,86.0,5.3999999999991815,2.0,absolute_days,False
Granite,2022-07-01,mean_demand,100,250,1652.9997377215252,1653.8706387382726,0.0005268609527717641,0.01,relative,True
Granite,2022-07-01,q90_demand,100,250,1831.595054868017,1834.2222468004497,0.0014343737855428773,0.02,relative,True
Granite,2022-07-01,mean_price,100,250,20.89232180936835,20.838162310055356,0.002592315962159317,0.01,relative,True
Granite,2022-07-01,q90_price,100,250,22.303618894779316,22.277521856198213,0.0011700809049966065,0.02,relative,True
Granite,2022-07-01,mean_internal_duration,100,250,11.16,11.596,0.43599999999999994,1.0,absolute_days,True
Granite,2022-07-01,q90_internal_duration,100,250,17.100000000000136,20.0,2.8999999999998636,2.0,absolute_days,False
Granite,2022-07-01,mean_podn_duration,100,250,41.69,43.06,1.3700000000000045,1.0,absolute_days,False
Granite,2022-07-01,q90_podn_duration,100,250,71.0,75.0,4.0,2.0,absolute_days,False
Granite,2022-07-01,mean_total_duration,100,250,52.85,54.656,1.8059999999999974,1.0,absolute_days,False
Granite,2022-07-01,q90_total_duration,100,250,80.0,86.0,6.0,2.0,absolute_days,False
Granite,2022-08-01,mean_demand,100,250,1587.2098172157575,1586.3405035437854,0.0005476992786606184,0.01,relative,True
Granite,2022-08-01,q90_demand,100,250,1764.9336680009187,1767.997626935991,0.0017360193137132582,0.02,relative,True
Granite,2022-08-01,mean_price,100,250,20.33703672385744,20.353264941815176,0.0007979637435919045,0.01,relative,True
Granite,2022-08-01,q90_price,100,250,21.738281997344075,21.759246116572452,0.0009643871227238168,0.02,relative,True
Granite,2022-08-01,mean_internal_duration,100,250,11.72,11.48,0.2400000000000002,1.0,absolute_days,True
Granite,2022-08-01,q90_internal_duration,100,250,20.0,20.0,0.0,2.0,absolute_days,True
Granite,2022-08-01,mean_podn_duration,100,250,40.17,40.096,0.07400000000000517,1.0,absolute_days,True
Granite,2022-08-01,q90_podn_duration,100,250,71.0,71.0,0.0,2.0,absolute_days,True
Granite,2022-08-01,mean_total_duration,100,250,51.89,51.576,0.31400000000000006,1.0,absolute_days,True
Granite,2022-08-01,q90_total_duration,100,250,79.10000000000014,80.0,0.8999999999998636,2.0,absolute_days,True
Granite,2022-09-01,mean_demand,100,250,1642.377956792634,1643.6465887291286,0.0007724360469206751,0.01,relative,True
Granite,2022-09-01,q90_demand,100,250,1806.6688969809086,1809.305877815905,0.001459581686164523,0.02,relative,True
Granite,2022-09-01,mean_price,100,250,20.303400973218874,20.296256501365825,0.00035188547290541266,0.01,relative,True
Granite,2022-09-01,q90_price,100,250,21.583945043560174,21.59402457132241,0.0004669919119000026,0.02,relative,True
Granite,2022-09-01,mean_internal_duration,100,250,11.83,11.3,0.5299999999999994,1.0,absolute_days,True
Granite,2022-09-01,q90_internal_duration,100,250,21.0,20.0,1.0,2.0,absolute_days,True
Granite,2022-09-01,mean_podn_duration,100,250,40.91,41.724,0.8140000000000001,1.0,absolute_days,True
Granite,2022-09-01,q90_podn_duration,100,250,75.0,75.0,0.0,2.0,absolute_days,True
Granite,2022-09-01,mean_total_duration,100,250,52.74,53.024,0.2839999999999989,1.0,absolute_days,True
Granite,2022-09-01,q90_total_duration,100,250,86.0,86.0,0.0,2.0,absolute_days,True
Granite,2022-10-01,mean_demand,100,250,1600.962333504815,1598.3614636705609,0.0016245665371528895,0.01,relative,True
Granite,2022-10-01,q90_demand,100,250,1767.4057167928113,1766.7784719535932,0.0003548957849679714,0.02,relative,True
Granite,2022-10-01,mean_price,100,250,20.585276783585346,20.58520734488896,3.373221410417463e-06,0.01,relative,True
Granite,2022-10-01,q90_price,100,250,21.854725397595015,21.826146367795133,0.0013076819442914256,0.02,relative,True
Granite,2022-10-01,mean_internal_duration,100,250,12.92,12.568,0.3520000000000003,1.0,absolute_days,True
Granite,2022-10-01,q90_internal_duration,100,250,21.0,21.0,0.0,2.0,absolute_days,True
Granite,2022-10-01,mean_podn_duration,100,250,40.57,42.228,1.6580000000000013,1.0,absolute_days,False
Granite,2022-10-01,q90_podn_duration,100,250,71.0,71.0,0.0,2.0,absolute_days,True
Granite,2022-10-01,mean_total_duration,100,250,53.49,54.796,1.3059999999999974,1.0,absolute_days,False
Granite,2022-10-01,q90_total_duration,100,250,80.60000000000082,86.0,5.3999999999991815,2.0,absolute_days,False
Granite,2022-11-01,mean_demand,100,250,1509.6511398156958,1508.9302952315286,0.00047749083556831306,0.01,relative,True
Granite,2022-11-01,q90_demand,100,250,1664.3377372059051,1662.758040270943,0.0009491444552679298,0.02,relative,True
Granite,2022-11-01,mean_price,100,250,20.218403561657336,20.235278543633637,0.000834634738832837,0.01,relative,True
Granite,2022-11-01,q90_price,100,250,21.509992488155277,21.5378817911338,0.00129657427792594,0.02,relative,True
Granite,2022-11-01,mean_internal_duration,100,250,11.21,11.368,0.15799999999999947,1.0,absolute_days,True
Granite,2022-11-01,q90_internal_duration,100,250,17.0,18.0,1.0,2.0,absolute_days,True
Granite,2022-11-01,mean_podn_duration,100,250,41.25,41.788,0.5379999999999967,1.0,absolute_days,True
Granite,2022-11-01,q90_podn_duration,100,250,71.0,71.0,0.0,2.0,absolute_days,True
Granite,2022-11-01,mean_total_duration,100,250,52.46,53.156,0.695999999999998,1.0,absolute_days,True
Granite,2022-11-01,q90_total_duration,100,250,80.0,80.0,0.0,2.0,absolute_days,True
Granite,2022-12-01,mean_demand,100,250,1522.5824642809553,1521.1474984821116,0.0009424552249269106,0.01,relative,True
Granite,2022-12-01,q90_demand,100,250,1682.7696696777325,1681.9823958302193,0.00046784409161831675,0.02,relative,True
Granite,2022-12-01,mean_price,100,250,20.27174430636792,20.27898631796352,0.00035724659339365293,0.01,relative,True
Granite,2022-12-01,q90_price,100,250,21.551675035639565,21.558315693434665,0.0003081272237131331,0.02,relative,True
Granite,2022-12-01,mean_internal_duration,100,250,12.36,11.612,0.7479999999999993,1.0,absolute_days,True
Granite,2022-12-01,q90_internal_duration,100,250,20.100000000000136,20.0,0.10000000000013642,2.0,absolute_days,True
Granite,2022-12-01,mean_podn_duration,100,250,42.46,41.572,0.8879999999999981,1.0,absolute_days,True
Granite,2022-12-01,q90_podn_duration,100,250,76.00000000000136,75.0,1.0000000000013642,2.0,absolute_days,True
Granite,2022-12-01,mean_total_duration,100,250,54.82,53.184,1.6360000000000028,1.0,absolute_days,False
Granite,2022-12-01,q90_total_duration,100,250,86.90000000000123,80.0,6.900000000001228,2.0,absolute_days,False
Granite,2023-01-01,mean_demand,100,250,1570.180227960589,1570.320177406991,8.912954316315293e-05,0.01,relative,True
Granite,2023-01-01,q90_demand,100,250,1730.193656198662,1734.1713004886194,0.0022989590071070686,0.02,relative,True
Granite,2023-01-01,mean_price,100,250,18.922717359104844,18.875035326832474,0.002519830073423731,0.01,relative,True
Granite,2023-01-01,q90_price,100,250,21.02951153370046,21.047314940039648,0.0008465915297488699,0.02,relative,True
Granite,2023-01-01,mean_internal_duration,100,250,11.17,11.428,0.2580000000000009,1.0,absolute_days,True
Granite,2023-01-01,q90_internal_duration,100,250,18.200000000000273,18.0,0.20000000000027285,2.0,absolute_days,True
Granite,2023-01-01,mean_podn_duration,100,250,43.05,43.136,0.08600000000000563,1.0,absolute_days,True
Granite,2023-01-01,q90_podn_duration,100,250,76.00000000000136,75.0,1.0000000000013642,2.0,absolute_days,True
Granite,2023-01-01,mean_total_duration,100,250,54.22,54.564,0.3440000000000012,1.0,absolute_days,True
Granite,2023-01-01,q90_total_duration,100,250,81.50000000000205,86.0,4.499999999997954,2.0,absolute_days,False
Granite,2023-02-01,mean_demand,100,250,1508.6275653018893,1511.0349358618316,0.001595735498483106,0.01,relative,True
Granite,2023-02-01,q90_demand,100,250,1651.5299723895678,1654.3413406364325,0.001702281093207782,0.02,relative,True
Granite,2023-02-01,mean_price,100,250,18.571684124928638,18.588800652639726,0.0009216465020591936,0.01,relative,True
Granite,2023-02-01,q90_price,100,250,20.99782839765983,20.93062833769286,0.0032003338009210926,0.02,relative,True
Granite,2023-02-01,mean_internal_duration,100,250,11.77,11.656,0.11399999999999899,1.0,absolute_days,True
Granite,2023-02-01,q90_internal_duration,100,250,18.200000000000273,18.199999999999818,4.547473508864641e-13,2.0,absolute_days,True
Granite,2023-02-01,mean_podn_duration,100,250,45.43,44.772,0.6580000000000013,1.0,absolute_days,True
Granite,2023-02-01,q90_podn_duration,100,250,75.0,75.0,0.0,2.0,absolute_days,True
Granite,2023-02-01,mean_total_duration,100,250,57.2,56.428,0.7720000000000056,1.0,absolute_days,True
Granite,2023-02-01,q90_total_duration,100,250,80.60000000000082,86.0,5.3999999999991815,2.0,absolute_days,False
Granite,2023-03-01,mean_demand,100,250,1530.931851829813,1532.397593329755,0.0009574178616703584,0.01,relative,True
Granite,2023-03-01,q90_demand,100,250,1665.1003647471348,1660.5018143494513,0.00276172565632816,0.02,relative,True
Granite,2023-03-01,mean_price,100,250,18.358974197307745,18.3743404186768,0.0008369869255171381,0.01,relative,True
Granite,2023-03-01,q90_price,100,250,20.52663759028231,20.591134859184063,0.0031421253782103974,0.02,relative,True
Granite,2023-03-01,mean_internal_duration,100,250,11.98,11.624,0.35599999999999987,1.0,absolute_days,True
Granite,2023-03-01,q90_internal_duration,100,250,21.0,20.0,1.0,2.0,absolute_days,True
Granite,2023-03-01,mean_podn_duration,100,250,41.25,43.604,2.353999999999999,1.0,absolute_days,False
Granite,2023-03-01,q90_podn_duration,100,250,71.0,75.0,4.0,2.0,absolute_days,False
Granite,2023-03-01,mean_total_duration,100,250,53.23,55.228,1.9980000000000047,1.0,absolute_days,False
Granite,2023-03-01,q90_total_duration,100,250,80.0,86.0,6.0,2.0,absolute_days,False
Granite,2023-04-01,mean_demand,100,250,1532.410092858306,1532.322467150118,5.718163081561309e-05,0.01,relative,True
Granite,2023-04-01,q90_demand,100,250,1648.4511283871223,1645.6946848122811,0.0016721415196203446,0.02,relative,True
Granite,2023-04-01,mean_price,100,250,18.241615527196416,18.265980796083802,0.0013356968767958288,0.01,relative,True
Granite,2023-04-01,q90_price,100,250,20.989232563303222,20.90241519150917,0.004136281378188151,0.02,relative,True
Granite,2023-04-01,mean_internal_duration,100,250,11.24,11.316,0.07600000000000051,1.0,absolute_days,True
Granite,2023-04-01,q90_internal_duration,100,250,18.0,18.0,0.0,2.0,absolute_days,True
Granite,2023-04-01,mean_podn_duration,100,250,48.94,45.816,3.1239999999999952,1.0,absolute_days,False
Granite,2023-04-01,q90_podn_duration,100,250,85.0,85.0,0.0,2.0,absolute_days,True
Granite,2023-04-01,mean_total_duration,100,250,60.18,57.132,3.048000000000002,1.0,absolute_days,False
Granite,2023-04-01,q90_total_duration,100,250,95.0,95.0,0.0,2.0,absolute_days,True
Granite,2023-05-01,mean_demand,100,250,1460.8186306520547,1461.4330095594355,0.00042057165379014974,0.01,relative,True
Granite,2023-05-01,q90_demand,100,250,1610.1523702405516,1610.1523702405514,1.4121252102946205e-16,0.02,relative,True
Granite,2023-05-01,mean_price,100,250,19.082005064598473,19.105763499953007,0.0012450701733965623,0.01,relative,True
Granite,2023-05-01,q90_price,100,250,21.261775037497014,21.25245896635718,0.00043816055448814566,0.02,relative,True
Granite,2023-05-01,mean_internal_duration,100,250,11.28,11.52,0.2400000000000002,1.0,absolute_days,True
Granite,2023-05-01,q90_internal_duration,100,250,17.100000000000136,20.0,2.8999999999998636,2.0,absolute_days,False
Granite,2023-05-01,mean_podn_duration,100,250,45.2,43.364,1.8360000000000056,1.0,absolute_days,False
Granite,2023-05-01,q90_podn_duration,100,250,76.00000000000136,75.0,1.0000000000013642,2.0,absolute_days,True
Granite,2023-05-01,mean_total_duration,100,250,56.48,54.884,1.5959999999999965,1.0,absolute_days,False
Granite,2023-05-01,q90_total_duration,100,250,86.90000000000123,86.0,0.9000000000012278,2.0,absolute_days,True
Ready Mixed Concrete,2022-07-01,mean_demand,100,250,993.1617227836439,993.3798052955875,0.0002195840888152546,0.01,relative,True
Ready Mixed Concrete,2022-07-01,q90_demand,100,250,1096.0366019510166,1098.5871472294468,0.0023270621381531664,0.02,relative,True
Ready Mixed Concrete,2022-07-01,mean_price,100,250,110.73703080749377,110.75146395283903,0.00013033711704222756,0.01,relative,True
Ready Mixed Concrete,2022-07-01,q90_price,100,250,114.53993312170394,114.49705848643168,0.00037432041475612943,0.02,relative,True
Ready Mixed Concrete,2022-07-01,mean_internal_duration,100,250,12.44,12.136,0.30400000000000027,1.0,absolute_days,True
Ready Mixed Concrete,2022-07-01,q90_internal_duration,100,250,20.0,20.0,0.0,2.0,absolute_days,True
Ready Mixed Concrete,2022-07-01,mean_podn_duration,100,250,42.7,42.892,0.19200000000000017,1.0,absolute_days,True
Ready Mixed Concrete,2022-07-01,q90_podn_duration,100,250,75.0,75.0,0.0,2.0,absolute_days,True
Ready Mixed Concrete,2022-07-01,mean_total_duration,100,250,55.14,55.028,0.11200000000000188,1.0,absolute_days,True
Ready Mixed Concrete,2022-07-01,q90_total_duration,100,250,86.0,86.0,0.0,2.0,absolute_days,True
Ready Mixed Concrete,2022-08-01,mean_demand,100,250,964.2171210372702,964.8787839303131,0.0006862177393522643,0.01,relative,True
Ready Mixed Concrete,2022-08-01,q90_demand,100,250,1082.0920128427108,1077.345501110153,0.004386421557708816,0.02,relative,True
Ready Mixed Concrete,2022-08-01,mean_price,100,250,110.11951033498869,110.10927656469056,9.293330734033568e-05,0.01,relative,True
Ready Mixed Concrete,2022-08-01,q90_price,100,250,114.79045510312483,114.82424835503141,0.00029439078254571194,0.02,relative,True
Ready Mixed Concrete,2022-08-01,mean_internal_duration,100,250,11.26,11.528,0.2680000000000007,1.0,absolute_days,True
Ready Mixed Concrete,2022-08-01,q90_internal_duration,100,250,17.0,18.0,1.0,2.0,absolute_days,True
Ready Mixed Concrete,2022-08-01,mean_podn_duration,100,250,47.32,43.0,4.32,1.0,absolute_days,False
Ready Mixed Concrete,2022-08-01,q90_podn_duration,100,250,86.90000000000259,75.0,11.900000000002592,2.0,absolute_days,False
Ready Mixed Concrete,2022-08-01,mean_total_duration,100,250,58.58,54.528,4.052,1.0,absolute_days,False
Ready Mixed Concrete,2022-08-01,q90_total_duration,100,250,96.90000000000259,86.0,10.900000000002592,2.0,absolute_days,False
Ready Mixed Concrete,2022-09-01,mean_demand,100,250,1005.1524976996421,1007.5456415534832,0.0023808763936993566,0.01,relative,True
Ready Mixed Concrete,2022-09-01,q90_demand,100,250,1144.0500073569517,1142.9548714047107,0.00095724482775978,0.02,relative,True
Ready Mixed Concrete,2022-09-01,mean_price,100,250,109.34787916292555,109.21708768002735,0.0011961044320148867,0.01,relative,True
Ready Mixed Concrete,2022-09-01,q90_price,100,250,114.51634756104684,114.28845786903908,0.0019900188650906793,0.02,relative,True
Ready Mixed Concrete,2022-09-01,mean_internal_duration,100,250,11.46,11.928,0.46799999999999997,1.0,absolute_days,True
Ready Mixed Concrete,2022-09-01,q90_internal_duration,100,250,17.100000000000136,20.0,2.8999999999998636,2.0,absolute_days,False
Ready Mixed Concrete,2022-09-01,mean_podn_duration,100,250,40.21,40.668,0.4579999999999984,1.0,absolute_days,True
Ready Mixed Concrete,2022-09-01,q90_podn_duration,100,250,71.0,71.0,0.0,2.0,absolute_days,True
Ready Mixed Concrete,2022-09-01,mean_total_duration,100,250,51.67,52.596,0.9259999999999948,1.0,absolute_days,True
Ready Mixed Concrete,2022-09-01,q90_total_duration,100,250,86.0,80.0,6.0,2.0,absolute_days,False
Ready Mixed Concrete,2022-10-01,mean_demand,100,250,981.2386170554483,981.8450437486987,0.0006180216337898911,0.01,relative,True
Ready Mixed Concrete,2022-10-01,q90_demand,100,250,1106.2909210852768,1107.3327165679736,0.0009417011952650679,0.02,relative,True
Ready Mixed Concrete,2022-10-01,mean_price,100,250,110.25516443915825,110.28455506936118,0.000266569192948274,0.01,relative,True
Ready Mixed Concrete,2022-10-01,q90_price,100,250,114.77339346201971,114.75859060220462,0.00012897466362698465,0.02,relative,True
Ready Mixed Concrete,2022-10-01,mean_internal_duration,100,250,10.77,11.428,0.6580000000000013,1.0,absolute_days,True
Ready Mixed Concrete,2022-10-01,q90_internal_duration,100,250,20.100000000000136,21.0,0.8999999999998636,2.0,absolute_days,True
Ready Mixed Concrete,2022-10-01,mean_podn_duration,100,250,44.85,43.036,1.814,1.0,absolute_days,False
Ready Mixed Concrete,2022-10-01,q90_podn_duration,100,250,76.00000000000136,75.0,1.0000000000013642,2.0,absolute_days,True
Ready Mixed Concrete,2022-10-01,mean_total_duration,100,250,55.62,54.464,1.1559999999999988,1.0,absolute_days,False
Ready Mixed Concrete,2022-10-01,q90_total_duration,100,250,86.90000000000123,86.0,0.9000000000012278,2.0,absolute_days,True
Ready Mixed Concrete,2022-11-01,mean_demand,100,250,968.480377055757,971.1419076939258,0.002748151331945394,0.01,relative,True
Ready Mixed Concrete,2022-11-01,q90_demand,100,250,1073.594265522299,1069.9326106690592,0.0034106505323578382,0.02,relative,True
Ready Mixed Concrete,2022-11-01,mean_price,100,250,110.10289606656154,110.16797976041127,0.0005911170021393767,0.01,relative,True
Ready Mixed Concrete,2022-11-01,q90_price,100,250,114.79401763739826,114.95361224788651,0.0013902694040413312,0.02,relative,True
Ready Mixed Concrete,2022-11-01,mean_internal_duration,100,250,11.3,11.912,0.6120000000000001,1.0,absolute_days,True
Ready Mixed Concrete,2022-11-01,q90_internal_duration,100,250,20.0,21.0,1.0,2.0,absolute_days,True
Ready Mixed Concrete,2022-11-01,mean_podn_duration,100,250,47.43,43.536,3.8939999999999984,1.0,absolute_days,False
Ready Mixed Concrete,2022-11-01,q90_podn_duration,100,250,85.0,85.0,0.0,2.0,absolute_days,True
Ready Mixed Concrete,2022-11-01,mean_total_duration,100,250,58.73,55.448,3.2819999999999965,1.0,absolute_days,False
Ready Mixed Concrete,2022-11-01,q90_total_duration,100,250,95.0,95.0,0.0,2.0,absolute_days,True
Ready Mixed Concrete,2022-12-01,mean_demand,100,250,996.6886941190336,999.0572939169908,0.002376469013778504,0.01,relative,True
Ready Mixed Concrete,2022-12-01,q90_demand,100,250,1085.6275124561823,1088.7111863804491,0.002840452999657437,0.02,relative,True
Ready Mixed Concrete,2022-12-01,mean_price,100,250,110.70211199773995,110.78079074308796,0.0007107248807468164,0.01,relative,True
Ready Mixed Concrete,2022-12-01,q90_price,100,250,114.99918133425435,115.10178522006977,0.0008922140542653094,0.02,relative,True
Ready Mixed Concrete,2022-12-01,mean_internal_duration,100,250,11.87,11.672,0.19799999999999862,1.0,absolute_days,True
Ready Mixed Concrete,2022-12-01,q90_internal_duration,100,250,21.0,20.0,1.0,2.0,absolute_days,True
Ready Mixed Concrete,2022-12-01,mean_podn_duration,100,250,44.57,43.608,0.9620000000000033,1.0,absolute_days,True
Ready Mixed Concrete,2022-12-01,q90_podn_duration,100,250,71.0,71.0,0.0,2.0,absolute_days,True
Ready Mixed Concrete,2022-12-01,mean_total_duration,100,250,56.44,55.28,1.1599999999999966,1.0,absolute_days,False
Ready Mixed Concrete,2022-12-01,q90_total_duration,100,250,79.0,80.59999999999945,1.5999999999994543,2.0,absolute_days,True
Ready Mixed Concrete,2023-01-01,mean_demand,100,250,964.4711922139471,960.927281937774,0.0036744594393100594,0.01,relative,True
Ready Mixed Concrete,2023-01-01,q90_demand,100,250,1073.7039786770877,1072.7263555820243,0.0009105145500791262,0.02,relative,True
Ready Mixed Concrete,2023-01-01,mean_price,100,250,111.19554950223093,111.2701170843853,0.0006705986209715767,0.01,relative,True
Ready Mixed Concrete,2023-01-01,q90_price,100,250,115.48637868198743,115.60432867134114,0.0010213324783392916,0.02,relative,True
Ready Mixed Concrete,2023-01-01,mean_internal_duration,100,250,11.33,10.9,0.4299999999999997,1.0,absolute_days,True
Ready Mixed Concrete,2023-01-01,q90_internal_duration,100,250,15.30000000000041,15.0,0.3000000000004093,2.0,absolute_days,True
Ready Mixed Concrete,2023-01-01,mean_podn_duration,100,250,45.28,44.0,1.2800000000000011,1.0,absolute_days,False
Ready Mixed Concrete,2023-01-01,q90_podn_duration,100,250,85.0,85.0,0.0,2.0,absolute_days,True
Ready Mixed Concrete,2023-01-01,mean_total_duration,100,250,56.61,54.9,1.7100000000000009,1.0,absolute_days,False
Ready Mixed Concrete,2023-01-01,q90_total_duration,100,250,95.0,95.0,0.0,2.0,absolute_days,True
Ready Mixed Concrete,2023-02-01,mean_demand,100,250,927.7561623089466,927.9303932754062,0.00018779823140813387,0.01,relative,True
Ready Mixed Concrete,2023-02-01,q90_demand,100,250,1016.2110139179009,1016.4743736787558,0.00025915853818541594,0.02,relative,True
Ready Mixed Concrete,2023-02-01,mean_price,100,250,109.84043042758213,109.71902871115562,0.0011052552867275851,0.01,relative,True
Ready Mixed Concrete,2023-02-01,q90_price,100,250,115.49184741409574,115.46224126775952,0.0002563483656995108,0.02,relative,True
Ready Mixed Concrete,2023-02-01,mean_internal_duration,100,250,11.31,11.62,0.3099999999999987,1.0,absolute_days,True
Ready Mixed Concrete,2023-02-01,q90_internal_duration,100,250,17.100000000000136,20.0,2.8999999999998636,2.0,absolute_days,False
Ready Mixed Concrete,2023-02-01,mean_podn_duration,100,250,42.11,41.98,0.13000000000000256,1.0,absolute_days,True
Ready Mixed Concrete,2023-02-01,q90_podn_duration,100,250,71.40000000000055,75.0,3.5999999999994543,2.0,absolute_days,False
Ready Mixed Concrete,2023-02-01,mean_total_duration,100,250,53.42,53.6,0.17999999999999972,1.0,absolute_days,True
Ready Mixed Concrete,2023-02-01,q90_total_duration,100,250,80.0,80.0,0.0,2.0,absolute_days,True
Ready Mixed Concrete,2023-03-01,mean_demand,100,250,973.6210199938986,973.4835707508742,0.00014117324934633793,0.01,relative,True
Ready Mixed Concrete,2023-03-01,q90_demand,100,250,1046.9469667396015,1043.8770017208813,0.0029323023192671755,0.02,relative,True
Ready Mixed Concrete,2023-03-01,mean_price,100,250,110.36864808677599,110.35477940208985,0.00012565782879972017,0.01,relative,True
Ready Mixed Concrete,2023-03-01,q90_price,100,250,115.86716930400158,115.74972771809843,0.0010135881165355724,0.02,relative,True
Ready Mixed Concrete,2023-03-01,mean_internal_duration,100,250,11.84,11.716,0.12400000000000055,1.0,absolute_days,True
Ready Mixed Concrete,2023-03-01,q90_internal_duration,100,250,18.200000000000273,20.0,1.7999999999997272,2.0,absolute_days,True
Ready Mixed Concrete,2023-03-01,mean_podn_duration,100,250,40.84,40.208,0.632000000000005,1.0,absolute_days,True
Ready Mixed Concrete,2023-03-01,q90_podn_duration,100,250,71.0,71.0,0.0,2.0,absolute_days,True
Ready Mixed Concrete,2023-03-01,mean_total_duration,100,250,52.68,51.924,0.7560000000000002,1.0,absolute_days,True
Ready Mixed Concrete,2023-03-01,q90_total_duration,100,250,86.0,86.0,0.0,2.0,absolute_days,True
Ready Mixed Concrete,2023-04-01,mean_demand,100,250,938.5107015803501,936.7482855088552,0.0018778859617979028,0.01,relative,True
Ready Mixed Concrete,2023-04-01,q90_demand,100,250,1021.9499477517194,1022.5624643076586,0.0005993606216104497,0.02,relative,True
Ready Mixed Concrete,2023-04-01,mean_price,100,250,109.51840706098902,109.43005925352385,0.0008066936858930907,0.01,relative,True
Ready Mixed Concrete,2023-04-01,q90_price,100,250,114.79316675669182,114.78484410643286,7.250126897014012e-05,0.02,relative,True
Ready Mixed Concrete,2023-04-01,mean_internal_duration,100,250,11.17,11.724,0.5540000000000003,1.0,absolute_days,True
Ready Mixed Concrete,2023-04-01,q90_internal_duration,100,250,18.0,18.0,0.0,2.0,absolute_days,True
Ready Mixed Concrete,2023-04-01,mean_podn_duration,100,250,44.8,43.092,1.7079999999999984,1.0,absolute_days,False
Ready Mixed Concrete,2023-04-01,q90_podn_duration,100,250,75.0,75.0,0.0,2.0,absolute_days,True
Ready Mixed Concrete,2023-04-01,mean_total_duration,100,250,55.97,54.816,1.1539999999999964,1.0,absolute_days,False
Ready Mixed Concrete,2023-04-01,q90_total_duration,100,250,80.0,80.0,0.0,2.0,absolute_days,True
Ready Mixed Concrete,2023-05-01,mean_demand,100,250,954.7488087220746,954.5619014692176,0.00019576589271394674,0.01,relative,True
Ready Mixed Concrete,2023-05-01,q90_demand,100,250,1037.5438201748173,1039.2959159843806,0.0016886957210810914,0.02,relative,True
Ready Mixed Concrete,2023-05-01,mean_price,100,250,110.24992350971839,110.19111810668578,0.0005333827104870881,0.01,relative,True
Ready Mixed Concrete,2023-05-01,q90_price,100,250,115.81471218188429,115.65903954385347,0.0013441525268943532,0.02,relative,True
Ready Mixed Concrete,2023-05-01,mean_internal_duration,100,250,11.51,12.04,0.5299999999999994,1.0,absolute_days,True
Ready Mixed Concrete,2023-05-01,q90_internal_duration,100,250,18.0,20.09999999999991,2.099999999999909,2.0,absolute_days,False
Ready Mixed Concrete,2023-05-01,mean_podn_duration,100,250,42.67,41.464,1.206000000000003,1.0,absolute_days,False
Ready Mixed Concrete,2023-05-01,q90_podn_duration,100,250,71.0,71.0,0.0,2.0,absolute_days,True
Ready Mixed Concrete,2023-05-01,mean_total_duration,100,250,54.18,53.504,0.6760000000000019,1.0,absolute_days,True
Ready Mixed Concrete,2023-05-01,q90_total_duration,100,250,80.0,80.0,0.0,2.0,absolute_days,True
Steel Reinforcement Bars,2022-07-01,mean_demand,100,250,81.98501945359662,82.23667227782873,0.0030694976461467472,0.01,relative,True
Steel Reinforcement Bars,2022-07-01,q90_demand,100,250,116.59998313307983,117.48685909902984,0.007606141460053106,0.02,relative,True
Steel Reinforcement Bars,2022-07-01,mean_price,100,250,982.0718796648931,985.9726924600291,0.003972023714259083,0.01,relative,True
Steel Reinforcement Bars,2022-07-01,q90_price,100,250,1154.4221370556359,1154.7516954846324,0.00028547480026418074,0.02,relative,True
Steel Reinforcement Bars,2022-07-01,mean_internal_duration,100,250,11.46,11.592,0.13199999999999967,1.0,absolute_days,True
Steel Reinforcement Bars,2022-07-01,q90_internal_duration,100,250,18.0,18.0,0.0,2.0,absolute_days,True
Steel Reinforcement Bars,2022-07-01,mean_podn_duration,100,250,42.62,41.32,1.2999999999999972,1.0,absolute_days,False
Steel Reinforcement Bars,2022-07-01,q90_podn_duration,100,250,75.0,71.0,4.0,2.0,absolute_days,False
Steel Reinforcement Bars,2022-07-01,mean_total_duration,100,250,54.08,52.912,1.1679999999999993,1.0,absolute_days,False
Steel Reinforcement Bars,2022-07-01,q90_total_duration,100,250,86.0,80.0,6.0,2.0,absolute_days,False
Steel Reinforcement Bars,2022-08-01,mean_demand,100,250,74.8853672017494,75.24635418605696,0.004820527665104719,0.01,relative,True
Steel Reinforcement Bars,2022-08-01,q90_demand,100,250,113.22413330246796,113.63416457513692,0.003621412332418551,0.02,relative,True
Steel Reinforcement Bars,2022-08-01,mean_price,100,250,946.2085839520961,944.2920477763817,0.002025490159589875,0.01,relative,True
Steel Reinforcement Bars,2022-08-01,q90_price,100,250,1089.390783514979,1088.3095536989524,0.00099250868686245,0.02,relative,True
Steel Reinforcement Bars,2022-08-01,mean_internal_duration,100,250,11.07,11.116,0.045999999999999375,1.0,absolute_days,True
Steel Reinforcement Bars,2022-08-01,q90_internal_duration,100,250,20.0,20.0,0.0,2.0,absolute_days,True
Steel Reinforcement Bars,2022-08-01,mean_podn_duration,100,250,45.02,44.332,0.6880000000000024,1.0,absolute_days,True
Steel Reinforcement Bars,2022-08-01,q90_podn_duration,100,250,75.0,75.0,0.0,2.0,absolute_days,True
Steel Reinforcement Bars,2022-08-01,mean_total_duration,100,250,56.09,55.448,0.642000000000003,1.0,absolute_days,True
Steel Reinforcement Bars,2022-08-01,q90_total_duration,100,250,86.0,86.0,0.0,2.0,absolute_days,True
Steel Reinforcement Bars,2022-09-01,mean_demand,100,250,90.2609131001629,90.32447904473396,0.000704246637750361,0.01,relative,True
Steel Reinforcement Bars,2022-09-01,q90_demand,100,250,128.46390927608869,130.45887401965066,0.015529379066882463,0.02,relative,True
Steel Reinforcement Bars,2022-09-01,mean_price,100,250,924.9073005423179,926.0108254968592,0.0011931195200797261,0.01,relative,True
Steel Reinforcement Bars,2022-09-01,q90_price,100,250,1042.0486663802233,1041.5902680167922,0.00043990110848033526,0.02,relative,True
Steel Reinforcement Bars,2022-09-01,mean_internal_duration,100,250,11.08,11.132,0.0519999999999996,1.0,absolute_days,True
Steel Reinforcement Bars,2022-09-01,q90_internal_duration,100,250,15.200000000000273,18.199999999999818,2.9999999999995453,2.0,absolute_days,False
Steel Reinforcement Bars,2022-09-01,mean_podn_duration,100,250,46.02,42.728,3.2920000000000016,1.0,absolute_days,False
Steel Reinforcement Bars,2022-09-01,q90_podn_duration,100,250,104.0,85.0,19.0,2.0,absolute_days,False
Steel Reinforcement Bars,2022-09-01,mean_total_duration,100,250,57.1,53.86,3.240000000000002,1.0,absolute_days,False
Steel Reinforcement Bars,2022-09-01,q90_total_duration,100,250,114.0,95.0,19.0,2.0,absolute_days,False
Steel Reinforcement Bars,2022-10-01,mean_demand,100,250,100.12942943400405,100.91173517994501,0.007812945208646999,0.01,relative,True
Steel Reinforcement Bars,2022-10-01,q90_demand,100,250,137.41488254523298,138.6311864466656,0.008851325845526508,0.02,relative,True
Steel Reinforcement Bars,2022-10-01,mean_price,100,250,892.2351205176396,894.4535570872342,0.002486381132708089,0.01,relative,True
Steel Reinforcement Bars,2022-10-01,q90_price,100,250,993.3578805226929,994.5363713276629,0.0011863708217122143,0.02,relative,True
Steel Reinforcement Bars,2022-10-01,mean_internal_duration,100,250,12.07,11.5,0.5700000000000003,1.0,absolute_days,True
Steel Reinforcement Bars,2022-10-01,q90_internal_duration,100,250,21.0,18.199999999999818,2.800000000000182,2.0,absolute_days,False
Steel Reinforcement Bars,2022-10-01,mean_podn_duration,100,250,37.32,40.352,3.0319999999999965,1.0,absolute_days,False
Steel Reinforcement Bars,2022-10-01,q90_podn_duration,100,250,71.0,71.0,0.0,2.0,absolute_days,True
Steel Reinforcement Bars,2022-10-01,mean_total_duration,100,250,49.39,51.852,2.461999999999996,1.0,absolute_days,False
Steel Reinforcement Bars,2022-10-01,q90_total_duration,100,250,75.40000000000055,80.0,4.599999999999454,2.0,absolute_days,False
Steel Reinforcement Bars,2022-11-01,mean_demand,100,250,89.12327983085864,88.87861717559866,0.0027452160167837406,0.01,relative,True
Steel Reinforcement Bars,2022-11-01,q90_demand,100,250,125.86180204297789,125.72461542230124,0.0010899782018836753,0.02,relative,True
Steel Reinforcement Bars,2022-11-01,mean_price,100,250,879.1494221300069,878.8271709321166,0.0003665488366124887,0.01,relative,True
Steel Reinforcement Bars,2022-11-01,q90_price,100,250,984.2515765505235,982.6720986917597,0.0016047501435550802,0.02,relative,True
Steel Reinforcement Bars,2022-11-01,mean_internal_duration,100,250,11.35,11.472,0.12199999999999989,1.0,absolute_days,True
Steel Reinforcement Bars,2022-11-01,q90_internal_duration,100,250,20.0,20.0,0.0,2.0,absolute_days,True
Steel Reinforcement Bars,2022-11-01,mean_podn_duration,100,250,40.12,39.256,0.8639999999999972,1.0,absolute_days,True
Steel Reinforcement Bars,2022-11-01,q90_podn_duration,100,250,71.0,71.0,0.0,2.0,absolute_days,True
Steel Reinforcement Bars,2022-11-01,mean_total_duration,100,250,51.47,50.728,0.7419999999999973,1.0,absolute_days,True
Steel Reinforcement Bars,2022-11-01,q90_total_duration,100,250,79.0,79.0,0.0,2.0,absolute_days,True
Steel Reinforcement Bars,2022-12-01,mean_demand,100,250,94.67088019148605,94.06839655522742,0.006363980508473273,0.01,relative,True
Steel Reinforcement Bars,2022-12-01,q90_demand,100,250,132.47633202728778,129.7959677256999,0.020232778644835702,0.02,relative,False
Steel Reinforcement Bars,2022-12-01,mean_price,100,250,869.7338173380949,871.508380302644,0.0020403518055447283,0.01,relative,True
Steel Reinforcement Bars,2022-12-01,q90_price,100,250,959.683428116516,960.0185975348368,0.00034924998025504623,0.02,relative,True
Steel Reinforcement Bars,2022-12-01,mean_internal_duration,100,250,11.92,11.688,0.23199999999999932,1.0,absolute_days,True
Steel Reinforcement Bars,2022-12-01,q90_internal_duration,100,250,21.0,21.0,0.0,2.0,absolute_days,True
Steel Reinforcement Bars,2022-12-01,mean_podn_duration,100,250,41.46,43.34,1.8800000000000026,1.0,absolute_days,False
Steel Reinforcement Bars,2022-12-01,q90_podn_duration,100,250,71.40000000000055,75.0,3.5999999999994543,2.0,absolute_days,False
Steel Reinforcement Bars,2022-12-01,mean_total_duration,100,250,53.38,55.028,1.6479999999999961,1.0,absolute_days,False
Steel Reinforcement Bars,2022-12-01,q90_total_duration,100,250,80.0,86.0,6.0,2.0,absolute_days,False
Steel Reinforcement Bars,2023-01-01,mean_demand,100,250,89.00538966198985,90.19761988305908,0.013395034004085383,0.01,relative,False
Steel Reinforcement Bars,2023-01-01,q90_demand,100,250,130.65099513087083,132.74885971497326,0.016057011904127054,0.02,relative,True
Steel Reinforcement Bars,2023-01-01,mean_price,100,250,822.0068380856611,820.5542372994094,0.0017671395406328595,0.01,relative,True
Steel Reinforcement Bars,2023-01-01,q90_price,100,250,898.6450076464265,895.1902611540603,0.003844395131526161,0.02,relative,True
Steel Reinforcement Bars,2023-01-01,mean_internal_duration,100,250,11.13,11.952,0.8219999999999992,1.0,absolute_days,True
Steel Reinforcement Bars,2023-01-01,q90_internal_duration,100,250,17.0,18.199999999999818,1.199999999999818,2.0,absolute_days,True
Steel Reinforcement Bars,2023-01-01,mean_podn_duration,100,250,44.77,44.204,0.5660000000000025,1.0,absolute_days,True
Steel Reinforcement Bars,2023-01-01,q90_podn_duration,100,250,85.0,75.99999999999909,9.00000000000091,2.0,absolute_days,False
Steel Reinforcement Bars,2023-01-01,mean_total_duration,100,250,55.9,56.156,0.2560000000000002,1.0,absolute_days,True
Steel Reinforcement Bars,2023-01-01,q90_total_duration,100,250,95.0,86.89999999999918,8.100000000000819,2.0,absolute_days,False
Steel Reinforcement Bars,2023-02-01,mean_demand,100,250,84.62723649174583,84.69685752245327,0.0008226787686045805,0.01,relative,True
Steel Reinforcement Bars,2023-02-01,q90_demand,100,250,117.46772937609423,117.61587131466408,0.001261128816881672,0.02,relative,True
Steel Reinforcement Bars,2023-02-01,mean_price,100,250,825.3467123766409,823.6324327277886,0.0020770418336264153,0.01,relative,True
Steel Reinforcement Bars,2023-02-01,q90_price,100,250,890.8260575431676,890.2106113985993,0.0006908712866635833,0.02,relative,True
Steel Reinforcement Bars,2023-02-01,mean_internal_duration,100,250,12.2,12.236,0.036000000000001364,1.0,absolute_days,True
Steel Reinforcement Bars,2023-02-01,q90_internal_duration,100,250,20.0,20.0,0.0,2.0,absolute_days,True
Steel Reinforcement Bars,2023-02-01,mean_podn_duration,100,250,44.68,41.972,2.7079999999999984,1.0,absolute_days,False
Steel Reinforcement Bars,2023-02-01,q90_podn_duration,100,250,71.40000000000055,75.0,3.5999999999994543,2.0,absolute_days,False
Steel Reinforcement Bars,2023-02-01,mean_total_duration,100,250,56.88,54.208,2.672000000000004,1.0,absolute_days,False
Steel Reinforcement Bars,2023-02-01,q90_total_duration,100,250,80.60000000000082,86.0,5.3999999999991815,2.0,absolute_days,False
Steel Reinforcement Bars,2023-03-01,mean_demand,100,250,94.46761930715915,94.73676105751089,0.0028490370809137033,0.01,relative,True
Steel Reinforcement Bars,2023-03-01,q90_demand,100,250,124.41162445431547,124.8061998650753,0.0031715316996340447,0.02,relative,True
Steel Reinforcement Bars,2023-03-01,mean_price,100,250,859.0548244813085,859.535657596754,0.0005597234329437103,0.01,relative,True
Steel Reinforcement Bars,2023-03-01,q90_price,100,250,962.3218985489035,961.3024154361989,0.0010593992657154643,0.02,relative,True
Steel Reinforcement Bars,2023-03-01,mean_internal_duration,100,250,12.15,12.136,0.014000000000001123,1.0,absolute_days,True
Steel Reinforcement Bars,2023-03-01,q90_internal_duration,100,250,20.0,20.0,0.0,2.0,absolute_days,True
Steel Reinforcement Bars,2023-03-01,mean_podn_duration,100,250,40.4,40.672,0.27199999999999847,1.0,absolute_days,True
Steel Reinforcement Bars,2023-03-01,q90_podn_duration,100,250,75.0,75.0,0.0,2.0,absolute_days,True
Steel Reinforcement Bars,2023-03-01,mean_total_duration,100,250,52.55,52.808,0.25800000000000267,1.0,absolute_days,True
Steel Reinforcement Bars,2023-03-01,q90_total_duration,100,250,80.0,80.0,0.0,2.0,absolute_days,True
Steel Reinforcement Bars,2023-04-01,mean_demand,100,250,84.62626092218277,84.59246569805448,0.0003993467720304879,0.01,relative,True
Steel Reinforcement Bars,2023-04-01,q90_demand,100,250,115.05126005892936,115.42779076349129,0.003272721258064189,0.02,relative,True
Steel Reinforcement Bars,2023-04-01,mean_price,100,250,858.5142496796494,856.3451253678178,0.002526602572573532,0.01,relative,True
Steel Reinforcement Bars,2023-04-01,q90_price,100,250,919.4365419930156,917.2268740559707,0.0024032848773391925,0.02,relative,True
Steel Reinforcement Bars,2023-04-01,mean_internal_duration,100,250,11.9,12.028,0.1280000000000001,1.0,absolute_days,True
Steel Reinforcement Bars,2023-04-01,q90_internal_duration,100,250,20.0,18.199999999999818,1.800000000000182,2.0,absolute_days,True
Steel Reinforcement Bars,2023-04-01,mean_podn_duration,100,250,41.31,41.808,0.49799999999999756,1.0,absolute_days,True
Steel Reinforcement Bars,2023-04-01,q90_podn_duration,100,250,75.0,71.39999999999964,3.600000000000364,2.0,absolute_days,False
Steel Reinforcement Bars,2023-04-01,mean_total_duration,100,250,53.21,53.836,0.6259999999999977,1.0,absolute_days,True
Steel Reinforcement Bars,2023-04-01,q90_total_duration,100,250,86.0,80.59999999999945,5.400000000000546,2.0,absolute_days,False
Steel Reinforcement Bars,2023-05-01,mean_demand,100,250,80.69813899779366,80.18717592507147,0.00633178260450543,0.01,relative,True
Steel Reinforcement Bars,2023-05-01,q90_demand,100,250,115.63813216962286,114.30665282447039,0.011514189309106132,0.02,relative,True
Steel Reinforcement Bars,2023-05-01,mean_price,100,250,867.9497291956062,866.8402322207949,0.0012782963546052414,0.01,relative,True
Steel Reinforcement Bars,2023-05-01,q90_price,100,250,912.8821616335196,913.1052491232116,0.00024437709385496074,0.02,relative,True
Steel Reinforcement Bars,2023-05-01,mean_internal_duration,100,250,12.66,11.592,1.0679999999999996,1.0,absolute_days,False
Steel Reinforcement Bars,2023-05-01,q90_internal_duration,100,250,20.100000000000136,20.0,0.10000000000013642,2.0,absolute_days,True
Steel Reinforcement Bars,2023-05-01,mean_podn_duration,100,250,42.19,45.644,3.4540000000000006,1.0,absolute_days,False
Steel Reinforcement Bars,2023-05-01,q90_podn_duration,100,250,71.0,85.0,14.0,2.0,absolute_days,False
Steel Reinforcement Bars,2023-05-01,mean_total_duration,100,250,54.85,57.236,2.3859999999999957,1.0,absolute_days,False
Steel Reinforcement Bars,2023-05-01,q90_total_duration,100,250,79.0,95.0,16.0,2.0,absolute_days,False
Cement,2022-07-01,mean_exposure,100,250,639.5047459109257,620.1590102478025,0.030251121335412044,0.01,relative,False
Cement,2022-07-01,q90_exposure,100,250,1004.0398805092001,984.069329792267,0.019890196698964774,0.02,relative,True
Cement,2022-07-01,q95_exposure,100,250,1239.1167385799586,1248.6256692509899,0.007673958695714685,0.02,relative,True
Cement,2022-07-01,q99_exposure,100,250,1376.5977346914067,1419.4836605274238,0.031153564149683063,0.05,relative,True
Cement,2022-08-01,mean_exposure,100,250,626.9007773776226,639.485167989856,0.02007397512709257,0.01,relative,False
Cement,2022-08-01,q90_exposure,100,250,986.1639641743437,1088.1607462686961,0.10342781302067575,0.02,relative,False
Cement,2022-08-01,q95_exposure,100,250,1204.6404888438253,1297.3253059305632,0.07693981560896543,0.02,relative,False
Cement,2022-08-01,q99_exposure,100,250,1320.939895914497,1410.0137300718914,0.06743216283563602,0.05,relative,False
Cement,2022-09-01,mean_exposure,100,250,609.5927240839409,617.1361235520336,0.012374490655918663,0.01,relative,False
Cement,2022-09-01,q90_exposure,100,250,923.34944407542,977.0103083457799,0.05811544547372555,0.02,relative,False
Cement,2022-09-01,q95_exposure,100,250,1292.6892049076782,1285.4546449030245,0.005596519238489687,0.02,relative,True
Cement,2022-09-01,q99_exposure,100,250,1397.5000018200817,1405.9050709547141,0.00601436073251219,0.05,relative,True
Cement,2022-10-01,mean_exposure,100,250,666.0396627951854,633.4659844735712,0.048906514343172086,0.01,relative,False
Cement,2022-10-01,q90_exposure,100,250,1014.0455145795817,954.4712099370828,0.05874914270213807,0.02,relative,False
Cement,2022-10-01,q95_exposure,100,250,1178.2669901674312,1145.6757747822126,0.027660297417470277,0.02,relative,False
Cement,2022-10-01,q99_exposure,100,250,1376.4865731222387,1405.692203291976,0.021217519109896707,0.05,relative,True
Cement,2022-11-01,mean_exposure,100,250,565.4212500705313,576.277761145384,0.01920074824477941,0.01,relative,False
Cement,2022-11-01,q90_exposure,100,250,863.1548685902117,918.21734190613,0.06379211346609405,0.02,relative,False
Cement,2022-11-01,q95_exposure,100,250,945.1342619242304,1041.2310711524485,0.10167529958396752,0.02,relative,False
Cement,2022-11-01,q99_exposure,100,250,1128.0751152994003,1298.9745409841985,0.1514964946633364,0.05,relative,False
Cement,2022-12-01,mean_exposure,100,250,596.796905459831,604.2404697886531,0.012472525009302444,0.01,relative,False
Cement,2022-12-01,q90_exposure,100,250,932.510378765475,976.1225414282692,0.04676855470555846,0.02,relative,False
Cement,2022-12-01,q95_exposure,100,250,1046.853604997556,1177.915913448953,0.1251964055200469,0.02,relative,False
Cement,2022-12-01,q99_exposure,100,250,1318.0177703093739,1362.590260391681,0.033817821797535313,0.05,relative,True
Cement,2023-01-01,mean_exposure,100,250,590.1308523006653,609.811280230777,0.03334926119077865,0.01,relative,False
Cement,2023-01-01,q90_exposure,100,250,895.5771763000109,983.5367526143048,0.09821551803909315,0.02,relative,False
Cement,2023-01-01,q95_exposure,100,250,1298.2424293946128,1282.2226252293708,0.012339609153517084,0.02,relative,True
Cement,2023-01-01,q99_exposure,100,250,1400.103063982092,1408.4764412766951,0.005980543511409877,0.05,relative,True
Cement,2023-02-01,mean_exposure,100,250,625.9156595468139,614.5685781608342,0.01812877056662134,0.01,relative,False
Cement,2023-02-01,q90_exposure,100,250,1050.6136575599073,1013.4818982426863,0.03534292463269616,0.02,relative,False
Cement,2023-02-01,q95_exposure,100,250,1326.4416648888875,1192.4587722969138,0.10100926119747385,0.02,relative,False
Cement,2023-02-01,q99_exposure,100,250,1373.3510432146827,1379.3400370750453,0.004360861623801451,0.05,relative,True
Cement,2023-03-01,mean_exposure,100,250,654.0508295928123,640.8345249510163,0.020206846385355064,0.01,relative,False
Cement,2023-03-01,q90_exposure,100,250,1013.7269593040194,1024.0428840208267,0.010176235940188266,0.02,relative,True
Cement,2023-03-01,q95_exposure,100,250,1348.005783969522,1283.789720355831,0.047637824983652356,0.02,relative,False
Cement,2023-03-01,q99_exposure,100,250,1473.531998798853,1473.6399509025803,7.326078009520935e-05,0.05,relative,True
Cement,2023-04-01,mean_exposure,100,250,631.8696612895208,643.2381791817681,0.017991871724061716,0.01,relative,False
Cement,2023-04-01,q90_exposure,100,250,1002.9869851276356,1082.05325294452,0.07883080138554607,0.02,relative,False
Cement,2023-04-01,q95_exposure,100,250,1337.1818104708127,1293.5220474079024,0.03265058103620031,0.02,relative,False
Cement,2023-04-01,q99_exposure,100,250,1418.7671262535305,1423.6346067968727,0.0034307818762305082,0.05,relative,True
Cement,2023-05-01,mean_exposure,100,250,650.5882045718897,662.6661320367772,0.01856462717893137,0.01,relative,False
Cement,2023-05-01,q90_exposure,100,250,1026.8095984395818,1037.5725887578808,0.010481972835718764,0.02,relative,True
Cement,2023-05-01,q95_exposure,100,250,1243.4575331819267,1232.9006253910857,0.008489962470874727,0.02,relative,True
Cement,2023-05-01,q99_exposure,100,250,1445.9069075924583,1452.3461619902055,0.004453436361590524,0.05,relative,True
Granite,2022-07-01,mean_exposure,100,250,2828.1043276442633,2937.522128992966,0.03868945013066217,0.01,relative,False
Granite,2022-07-01,q90_exposure,100,250,4374.662397502334,4593.964684227372,0.050130105319726295,0.02,relative,False
Granite,2022-07-01,q95_exposure,100,250,4692.825685946735,5330.646075539332,0.1359139316643769,0.02,relative,False
Granite,2022-07-01,q99_exposure,100,250,6167.167728503213,6340.606116681328,0.028122858954609455,0.05,relative,True
Granite,2022-08-01,mean_exposure,100,250,2834.907493919993,2815.6652857862664,0.006787596482423288,0.01,relative,True
Granite,2022-08-01,q90_exposure,100,250,4331.056327513772,4333.114162607392,0.00047513468724650894,0.02,relative,True
Granite,2022-08-01,q95_exposure,100,250,5168.140776566705,5041.41840672756,0.024519914475574608,0.02,relative,False
Granite,2022-08-01,q99_exposure,100,250,6125.43415015281,6326.697764056426,0.03285703657406812,0.05,relative,True
Granite,2022-09-01,mean_exposure,100,250,2822.4409635892684,2857.7703424128395,0.012517313658402621,0.01,relative,False
Granite,2022-09-01,q90_exposure,100,250,4663.955252693884,4660.229124071494,0.0007989203198804293,0.02,relative,True
Granite,2022-09-01,q95_exposure,100,250,5310.568095012477,5427.278976284186,0.021977099094411402,0.02,relative,False
Granite,2022-09-01,q99_exposure,100,250,6376.85449284865,6382.708736279992,0.0009180456348670727,0.05,relative,True
Granite,2022-10-01,mean_exposure,100,250,2697.500675808408,2739.7843995401413,0.015675148522089472,0.01,relative,False
Granite,2022-10-01,q90_exposure,100,250,3998.1264701103137,4171.348804644027,0.0433258767146838,0.02,relative,False
Granite,2022-10-01,q95_exposure,100,250,5579.087069877381,5588.890607020946,0.001757193788298558,0.02,relative,True
Granite,2022-10-01,q99_exposure,100,250,5939.485231405501,5938.461792381084,0.00017231106477128477,0.05,relative,True
Granite,2022-11-01,mean_exposure,100,250,2631.780661142067,2653.082065450748,0.008093913228862,0.01,relative,True
Granite,2022-11-01,q90_exposure,100,250,4105.373295841779,4099.638900520655,0.001396802411837213,0.02,relative,True
Granite,2022-11-01,q95_exposure,100,250,4433.815877168828,4402.33448725428,0.007100292566647938,0.02,relative,True
Granite,2022-11-01,q99_exposure,100,250,5246.719237378001,6003.157449211917,0.1441735640140598,0.05,relative,False
Granite,2022-12-01,mean_exposure,100,250,2748.9391953836353,2658.592256629686,0.03286611028198491,0.01,relative,False
Granite,2022-12-01,q90_exposure,100,250,4566.8459262512515,4180.219749247913,0.08465934328568546,0.02,relative,False
Granite,2022-12-01,q95_exposure,100,250,5591.018655325494,4953.240798226708,0.1140718528083067,0.02,relative,False
Granite,2022-12-01,q99_exposure,100,250,6105.5898734203,6110.378914764701,0.0007843699697631842,0.05,relative,True
Granite,2023-01-01,mean_exposure,100,250,2777.2017855274503,2790.9727359927724,0.004958570362832577,0.01,relative,True
Granite,2023-01-01,q90_exposure,100,250,4045.2264096396584,4423.37173942764,0.09347939805961716,0.02,relative,False
Granite,2023-01-01,q95_exposure,100,250,5223.124828529536,5255.779118794185,0.006251868629730214,0.02,relative,True
Granite,2023-01-01,q99_exposure,100,250,5932.8166172923275,6093.835746890474,0.027140419127202702,0.05,relative,True
Granite,2023-02-01,mean_exposure,100,250,2882.5235468660535,2851.1183747375744,0.010895027089240438,0.01,relative,False
Granite,2023-02-01,q90_exposure,100,250,4102.353354362503,4381.883511007801,0.06813897597291117,0.02,relative,False
Granite,2023-02-01,q95_exposure,100,250,5660.665955791407,5586.294295154629,0.013138323514866405,0.02,relative,True
Granite,2023-02-01,q99_exposure,100,250,5922.00807601656,5956.187677294154,0.005771623550467174,0.05,relative,True
Granite,2023-03-01,mean_exposure,100,250,2613.678210974134,2729.908627829411,0.044470056171129625,0.01,relative,False
Granite,2023-03-01,q90_exposure,100,250,3953.433820743901,4531.464743557267,0.14620983909744578,0.02,relative,False
Granite,2023-03-01,q95_exposure,100,250,4685.788492442907,5721.974360134355,0.22113372580998397,0.02,relative,False
Granite,2023-03-01,q99_exposure,100,250,6087.8172587329145,6081.365093604363,0.0010598486870307656,0.05,relative,True
Granite,2023-04-01,mean_exposure,100,250,2953.4221495503925,2802.9692046260957,0.05094190308933679,0.01,relative,False
Granite,2023-04-01,q90_exposure,100,250,4873.270494302764,4589.424090231753,0.05824556720232322,0.02,relative,False
Granite,2023-04-01,q95_exposure,100,250,5699.179154591025,5676.911772588275,0.0039071209026323925,0.02,relative,True
Granite,2023-04-01,q99_exposure,100,250,6028.545570148477,6091.232977528912,0.01039842971260658,0.05,relative,True
Granite,2023-05-01,mean_exposure,100,250,2895.0228100849954,2820.359308208055,0.025790298306750885,0.01,relative,False
Granite,2023-05-01,q90_exposure,100,250,4448.377742080915,4402.336884058354,0.010350033358682974,0.02,relative,True
Granite,2023-05-01,q95_exposure,100,250,5223.927422129086,4981.524079344096,0.046402509682302404,0.02,relative,False
Granite,2023-05-01,q99_exposure,100,250,6066.314765687075,6029.8571488221005,0.006009845890488574,0.05,relative,True
Ready Mixed Concrete,2022-07-01,mean_exposure,100,250,1782.2571092275468,1779.7759626188922,0.001392137304886379,0.01,relative,True
Ready Mixed Concrete,2022-07-01,q90_exposure,100,250,2759.7114031043034,2704.1751362528125,0.020123940057290058,0.02,relative,False
Ready Mixed Concrete,2022-07-01,q95_exposure,100,250,3698.753870782205,3683.372950184853,0.004158406083424892,0.02,relative,True
Ready Mixed Concrete,2022-07-01,q99_exposure,100,250,3838.5087146994492,3817.0710731770887,0.005584888068709016,0.05,relative,True
Ready Mixed Concrete,2022-08-01,mean_exposure,100,250,1899.6743846750762,1772.6968064368023,0.06684175944183847,0.01,relative,False
Ready Mixed Concrete,2022-08-01,q90_exposure,100,250,3218.3367250599654,2810.8565292726967,0.12661204547503535,0.02,relative,False
Ready Mixed Concrete,2022-08-01,q95_exposure,100,250,3760.7764426924323,3739.194714463286,0.005738636305032666,0.02,relative,True
Ready Mixed Concrete,2022-08-01,q99_exposure,100,250,3855.618061066208,3867.37845040231,0.003050195623590848,0.05,relative,True
Ready Mixed Concrete,2022-09-01,mean_exposure,100,250,1718.1739247166186,1741.9827628581427,0.013857059404187475,0.01,relative,False
Ready Mixed Concrete,2022-09-01,q90_exposure,100,250,2794.6664611120455,2726.499667295392,0.02439174576472665,0.02,relative,False
Ready Mixed Concrete,2022-09-01,q95_exposure,100,250,3159.035326607249,3115.521320735389,0.01377446004017724,0.02,relative,True
Ready Mixed Concrete,2022-09-01,q99_exposure,100,250,3731.2073574249716,3762.3018473158836,0.008333626869874983,0.05,relative,True
Ready Mixed Concrete,2022-10-01,mean_exposure,100,250,1810.7184508195778,1769.8208456336959,0.022586396668886125,0.01,relative,False
Ready Mixed Concrete,2022-10-01,q90_exposure,100,250,3011.563824651649,2874.3586502823796,0.045559444314662745,0.02,relative,False
Ready Mixed Concrete,2022-10-01,q95_exposure,100,250,3777.183321002925,3766.479249790288,0.0028338765431683167,0.02,relative,True
Ready Mixed Concrete,2022-10-01,q99_exposure,100,250,3888.692971834899,3977.8266031140934,0.022921231355824016,0.05,relative,True
Ready Mixed Concrete,2022-11-01,mean_exposure,100,250,1848.4766832874259,1743.3438847267018,0.05687537176490129,0.01,relative,False
Ready Mixed Concrete,2022-11-01,q90_exposure,100,250,3060.051892364861,2930.4750395185806,0.042344658654184186,0.02,relative,False
Ready Mixed Concrete,2022-11-01,q95_exposure,100,250,3687.480923449777,3603.5033552178115,0.0227736956408174,0.02,relative,False
Ready Mixed Concrete,2022-11-01,q99_exposure,100,250,3876.4545639056723,3790.0489941074215,0.022289844592217778,0.05,relative,True
Ready Mixed Concrete,2022-12-01,mean_exposure,100,250,1801.7046121675696,1757.8794105777527,0.02432429894104137,0.01,relative,False
Ready Mixed Concrete,2022-12-01,q90_exposure,100,250,2623.2267124031882,2615.0031985149362,0.0031348849298344795,0.02,relative,True
Ready Mixed Concrete,2022-12-01,q95_exposure,100,250,3241.931846216877,3054.2748406039505,0.05788431543738656,0.02,relative,False
Ready Mixed Concrete,2022-12-01,q99_exposure,100,250,3911.8609081796476,3906.3172394030084,0.0014171436323432195,0.05,relative,True
Ready Mixed Concrete,2023-01-01,mean_exposure,100,250,1795.2686826995473,1728.17496185757,0.037372523393594995,0.01,relative,False
Ready Mixed Concrete,2023-01-01,q90_exposure,100,250,3030.4100533902692,2907.0472274172407,0.04070829485106032,0.02,relative,False
Ready Mixed Concrete,2023-01-01,q95_exposure,100,250,3198.2114950262976,3490.342469778568,0.09134198135632317,0.02,relative,False
Ready Mixed Concrete,2023-01-01,q99_exposure,100,250,3794.980983481314,3769.6763832548686,0.00666791226005891,0.05,relative,True
Ready Mixed Concrete,2023-02-01,mean_exposure,100,250,1639.7277043146034,1641.938499501813,0.0013482697044103237,0.01,relative,True
Ready Mixed Concrete,2023-02-01,q90_exposure,100,250,2472.5627712720907,2533.384793242659,0.024598777704347725,0.02,relative,False
Ready Mixed Concrete,2023-02-01,q95_exposure,100,250,2758.4570761609752,2981.079584705585,0.08070544597867736,0.02,relative,False
Ready Mixed Concrete,2023-02-01,q99_exposure,100,250,3576.7704977695303,3661.628240309021,0.02372468197006427,0.05,relative,True
Ready Mixed Concrete,2023-03-01,mean_exposure,100,250,1642.3167116312718,1616.8552861515193,0.015503358943758365,0.01,relative,False
Ready Mixed Concrete,2023-03-01,q90_exposure,100,250,2713.401115075046,2690.7811112605946,0.008336402490873885,0.02,relative,True
Ready Mixed Concrete,2023-03-01,q95_exposure,100,250,3556.8542616026193,2966.1007983038107,0.16608874579883168,0.02,relative,False
Ready Mixed Concrete,2023-03-01,q99_exposure,100,250,3763.526277054345,3735.462672103144,0.007456731502660277,0.05,relative,True
Ready Mixed Concrete,2023-04-01,mean_exposure,100,250,1728.8262683753119,1694.942816052215,0.019599107754730803,0.01,relative,False
Ready Mixed Concrete,2023-04-01,q90_exposure,100,250,2517.8102199178084,2600.5763606537234,0.03287227134164898,0.02,relative,False
Ready Mixed Concrete,2023-04-01,q95_exposure,100,250,3067.730140272373,3205.9021296605515,0.045040464144577866,0.02,relative,False
Ready Mixed Concrete,2023-04-01,q99_exposure,100,250,3600.1163498504434,3631.0156981089913,0.008582874900649119,0.05,relative,True
Ready Mixed Concrete,2023-05-01,mean_exposure,100,250,1759.725605760828,1736.3504121391913,0.013283430976462007,0.01,relative,False
Ready Mixed Concrete,2023-05-01,q90_exposure,100,250,2580.573691731954,2591.7970454770525,0.004349170024114223,0.02,relative,True
Ready Mixed Concrete,2023-05-01,q95_exposure,100,250,2992.5970725229135,3000.118118083805,0.002513216907797956,0.02,relative,True
Ready Mixed Concrete,2023-05-01,q99_exposure,100,250,3689.4033605558234,3812.847506790191,0.03345910820002347,0.05,relative,True
Steel Reinforcement Bars,2022-07-01,mean_exposure,100,250,144.31344671615562,140.57315749410506,0.02591781505577363,0.01,relative,False
Steel Reinforcement Bars,2022-07-01,q90_exposure,100,250,216.33043435587732,209.45660156034222,0.03177469141594382,0.02,relative,False
Steel Reinforcement Bars,2022-07-01,q95_exposure,100,250,287.4013369344741,267.0706249632889,0.0707397960915558,0.02,relative,False
Steel Reinforcement Bars,2022-07-01,q99_exposure,100,250,351.00955381219654,350.7933774718032,0.0006158702463951255,0.05,relative,True
Steel Reinforcement Bars,2022-08-01,mean_exposure,100,250,153.12162663483798,151.43568438203388,0.011010477682716268,0.01,relative,False
Steel Reinforcement Bars,2022-08-01,q90_exposure,100,250,240.59311954427457,248.99698188130034,0.03492977003226092,0.02,relative,False
Steel Reinforcement Bars,2022-08-01,q95_exposure,100,250,293.56782887023064,275.89580797807014,0.06019740296533747,0.02,relative,False
Steel Reinforcement Bars,2022-08-01,q99_exposure,100,250,342.2411737486846,347.7385199692917,0.016062784498991668,0.05,relative,True
Steel Reinforcement Bars,2022-09-01,mean_exposure,100,250,177.97449702437873,167.72089834000525,0.057612741464688394,0.01,relative,False
Steel Reinforcement Bars,2022-09-01,q90_exposure,100,250,325.84683212952393,283.7000107991155,0.129345499709063,0.02,relative,False
Steel Reinforcement Bars,2022-09-01,q95_exposure,100,250,344.43921468361407,337.28778439656213,0.02076253220360205,0.02,relative,False
Steel Reinforcement Bars,2022-09-01,q99_exposure,100,250,404.605551057436,408.4882851987263,0.009596344220050353,0.05,relative,True
Steel Reinforcement Bars,2022-10-01,mean_exposure,100,250,160.20353959255192,168.16955136863035,0.049724318178852416,0.01,relative,False
Steel Reinforcement Bars,2022-10-01,q90_exposure,100,250,235.69977401379273,261.1157114303264,0.10783182768366337,0.02,relative,False
Steel Reinforcement Bars,2022-10-01,q95_exposure,100,250,305.6860233733887,314.70335238933825,0.029498663093716505,0.02,relative,False
Steel Reinforcement Bars,2022-10-01,q99_exposure,100,250,409.6937765756163,433.5392953865494,0.05820327321113689,0.05,relative,False
Steel Reinforcement Bars,2022-11-01,mean_exposure,100,250,150.92220422370718,149.5397974216615,0.009159731062479023,0.01,relative,True
Steel Reinforcement Bars,2022-11-01,q90_exposure,100,250,244.89317637781167,244.7469943664714,0.0005969215373920765,0.02,relative,True
Steel Reinforcement Bars,2022-11-01,q95_exposure,100,250,257.33685232759365,261.9648965305638,0.01798438179805895,0.02,relative,True
Steel Reinforcement Bars,2022-11-01,q99_exposure,100,250,342.5760557207452,341.7055330388148,0.0025411077843690306,0.05,relative,True
Steel Reinforcement Bars,2022-12-01,mean_exposure,100,250,154.09043664925767,159.87116551388917,0.037515169599977555,0.01,relative,False
Steel Reinforcement Bars,2022-12-01,q90_exposure,100,250,257.744499851346,267.71652673378696,0.0386895816911411,0.02,relative,False
Steel Reinforcement Bars,2022-12-01,q95_exposure,100,250,289.12128152158465,335.6129521273007,0.16080334993342627,0.02,relative,False
Steel Reinforcement Bars,2022-12-01,q99_exposure,100,250,356.6981855679815,388.703656055053,0.08972703473696728,0.05,relative,False
Steel Reinforcement Bars,2023-01-01,mean_exposure,100,250,158.8488157153915,157.32083772138918,0.009619070731631998,0.01,relative,True
Steel Reinforcement Bars,2023-01-01,q90_exposure,100,250,278.5600129634871,277.34159360118826,0.004373992337724916,0.02,relative,True
Steel Reinforcement Bars,2023-01-01,q95_exposure,100,250,297.33980976892695,311.2632876463541,0.046826820425585045,0.02,relative,False
Steel Reinforcement Bars,2023-01-01,q99_exposure,100,250,348.75429464717666,369.71327956485374,0.06009670773769422,0.05,relative,False
Steel Reinforcement Bars,2023-02-01,mean_exposure,100,250,166.86242409159885,160.89033634531754,0.03579048895395976,0.01,relative,False
Steel Reinforcement Bars,2023-02-01,q90_exposure,100,250,255.68006817511576,262.4579005122919,0.02650903680350247,0.02,relative,False
Steel Reinforcement Bars,2023-02-01,q95_exposure,100,250,277.8948317589625,307.4282527204096,0.1062755315545541,0.02,relative,False
Steel Reinforcement Bars,2023-02-01,q99_exposure,100,250,387.2767316154521,391.52394288015694,0.010966864048321213,0.05,relative,True
Steel Reinforcement Bars,2023-03-01,mean_exposure,100,250,166.2405436406303,164.63269380933966,0.009671827317687388,0.01,relative,True
Steel Reinforcement Bars,2023-03-01,q90_exposure,100,250,270.0949185053157,269.6526704555893,0.0016373801187144438,0.02,relative,True
Steel Reinforcement Bars,2023-03-01,q95_exposure,100,250,294.5137523987082,291.6232997856685,0.00981432136699227,0.02,relative,True
Steel Reinforcement Bars,2023-03-01,q99_exposure,100,250,391.803808748209,405.4149250047271,0.03473962210833228,0.05,relative,True
Steel Reinforcement Bars,2023-04-01,mean_exposure,100,250,159.45884934373157,159.15719883745624,0.0018917138027573182,0.01,relative,True
Steel Reinforcement Bars,2023-04-01,q90_exposure,100,250,262.9978833645997,272.7649383543959,0.03713739009928037,0.02,relative,False
Steel Reinforcement Bars,2023-04-01,q95_exposure,100,250,292.96445486725383,306.4000539022161,0.045860850392414,0.02,relative,False
Steel Reinforcement Bars,2023-04-01,q99_exposure,100,250,367.8524600629134,379.9150199764855,0.03279184244549854,0.05,relative,True
Steel Reinforcement Bars,2023-05-01,mean_exposure,100,250,147.86352196315553,150.89495539913955,0.020501563845742712,0.01,relative,False
Steel Reinforcement Bars,2023-05-01,q90_exposure,100,250,243.77685643982184,254.16523017036778,0.042614273898926844,0.02,relative,False
Steel Reinforcement Bars,2023-05-01,q95_exposure,100,250,269.3089155489147,292.9173550484776,0.08766304469142201,0.02,relative,False
Steel Reinforcement Bars,2023-05-01,q99_exposure,100,250,323.4539624044335,341.06516528417103,0.05444732458623333,0.05,relative,False
Cement,2022-07-01,mean_demand,250,500,364.3595547003569,364.636875083064,0.0007611173609408061,0.01,relative,True
Cement,2022-07-01,q90_demand,250,500,425.07783566074966,424.6071999011168,0.001107175486817081,0.02,relative,True
Cement,2022-07-01,mean_price,250,500,113.4808170583499,113.59738584631707,0.0010272113912189254,0.01,relative,True
Cement,2022-07-01,q90_price,250,500,121.43710343997189,121.49324472720927,0.00046230752914106036,0.02,relative,True
Cement,2022-07-01,mean_internal_duration,250,500,11.304,11.39,0.0860000000000003,1.0,absolute_days,True
Cement,2022-07-01,q90_internal_duration,250,500,18.0,18.200000000000728,0.2000000000007276,2.0,absolute_days,True
Cement,2022-07-01,mean_podn_duration,250,500,41.212,43.794,2.5819999999999936,1.0,absolute_days,False
Cement,2022-07-01,q90_podn_duration,250,500,75.0,75.0,0.0,2.0,absolute_days,True
Cement,2022-07-01,mean_total_duration,250,500,52.516,55.184,2.6679999999999993,1.0,absolute_days,False
Cement,2022-07-01,q90_total_duration,250,500,80.0,86.0,6.0,2.0,absolute_days,False
Cement,2022-08-01,mean_demand,250,500,338.49817774137296,338.9805464096426,0.0014250258937529873,0.01,relative,True
Cement,2022-08-01,q90_demand,250,500,393.69868797672785,393.61285499196373,0.0002180169438847561,0.02,relative,True
Cement,2022-08-01,mean_price,250,500,113.52256164195408,113.54158016965205,0.00016753081874552758,0.01,relative,True
Cement,2022-08-01,q90_price,250,500,121.61022955272104,121.61388559944348,3.0063644611866127e-05,0.02,relative,True
Cement,2022-08-01,mean_internal_duration,250,500,10.996,11.1,0.1039999999999992,1.0,absolute_days,True
Cement,2022-08-01,q90_internal_duration,250,500,18.0,18.0,0.0,2.0,absolute_days,True
Cement,2022-08-01,mean_podn_duration,250,500,44.7,43.076,1.6240000000000023,1.0,absolute_days,False
Cement,2022-08-01,q90_podn_duration,250,500,85.0,75.0,10.0,2.0,absolute_days,False
Cement,2022-08-01,mean_total_duration,250,500,55.696,54.176,1.519999999999996,1.0,absolute_days,False
Cement,2022-08-01,q90_total_duration,250,500,95.0,86.0,9.0,2.0,absolute_days,False
Cement,2022-09-01,mean_demand,250,500,359.52014176675385,358.5713049142782,0.0026391757852922823,0.01,relative,True
Cement,2022-09-01,q90_demand,250,500,421.21195298756544,420.47099536988003,0.0017591087157663922,0.02,relative,True
Cement,2022-09-01,mean_price,250,500,112.10356623887355,112.12909190805505,0.0002276972092671864,0.01,relative,True
Cement,2022-09-01,q90_price,250,500,122.0022792471661,121.94166860723675,0.0004967992426318443,0.02,relative,True
Cement,2022-09-01,mean_internal_duration,250,500,11.876,11.844,0.03200000000000003,1.0,absolute_days,True
Cement,2022-09-01,q90_internal_duration,250,500,18.0,20.0,2.0,2.0,absolute_days,True
Cement,2022-09-01,mean_podn_duration,250,500,41.164,40.924,0.240000000000002,1.0,absolute_days,True
Cement,2022-09-01,q90_podn_duration,250,500,75.0,71.0,4.0,2.0,absolute_days,False
Cement,2022-09-01,mean_total_duration,250,500,53.04,52.768,0.27199999999999847,1.0,absolute_days,True
Cement,2022-09-01,q90_total_duration,250,500,80.59999999999945,80.0,0.5999999999994543,2.0,absolute_days,True
Cement,2022-10-01,mean_demand,250,500,355.9024285421716,355.3752560721473,0.001481227515596583,0.01,relative,True
Cement,2022-10-01,q90_demand,250,500,406.4153002544379,406.05437385653295,0.0008880728596561254,0.02,relative,True
Cement,2022-10-01,mean_price,250,500,111.4750565527844,111.38120180357834,0.0008419349772800363,0.01,relative,True
Cement,2022-10-01,q90_price,250,500,121.80116496950848,121.78646696025507,0.0001206721566011901,0.02,relative,True
Cement,2022-10-01,mean_internal_duration,250,500,12.012,11.632,0.3800000000000008,1.0,absolute_days,True
Cement,2022-10-01,q90_internal_duration,250,500,21.0,20.0,1.0,2.0,absolute_days,True
Cement,2022-10-01,mean_podn_duration,250,500,40.632,40.864,0.23199999999999932,1.0,absolute_days,True
Cement,2022-10-01,q90_podn_duration,250,500,71.0,71.0,0.0,2.0,absolute_days,True
Cement,2022-10-01,mean_total_duration,250,500,52.644,52.496,0.14799999999999613,1.0,absolute_days,True
Cement,2022-10-01,q90_total_duration,250,500,80.0,80.0,0.0,2.0,absolute_days,True
Cement,2022-11-01,mean_demand,250,500,339.58873165076733,339.11109538857767,0.0014065138730246884,0.01,relative,True
Cement,2022-11-01,q90_demand,250,500,394.59589257870533,394.57338683697077,5.703491130504731e-05,0.02,relative,True
Cement,2022-11-01,mean_price,250,500,111.97921917862939,111.98526812713648,5.401849156883964e-05,0.01,relative,True
Cement,2022-11-01,q90_price,250,500,122.09676761626203,122.09275178963925,3.289052364922283e-05,0.02,relative,True
Cement,2022-11-01,mean_internal_duration,250,500,11.876,11.606,0.2699999999999996,1.0,absolute_days,True
Cement,2022-11-01,q90_internal_duration,250,500,20.09999999999991,20.0,0.09999999999990905,2.0,absolute_days,True
Cement,2022-11-01,mean_podn_duration,250,500,40.372,42.896,2.524000000000001,1.0,absolute_days,False
Cement,2022-11-01,q90_podn_duration,250,500,71.0,75.0,4.0,2.0,absolute_days,False
Cement,2022-11-01,mean_total_duration,250,500,52.248,54.502,2.254000000000005,1.0,absolute_days,False
Cement,2022-11-01,q90_total_duration,250,500,80.0,80.60000000000218,0.6000000000021828,2.0,absolute_days,True
Cement,2022-12-01,mean_demand,250,500,322.4738255888475,323.2494813701852,0.0024053294245551444,0.01,relative,True
Cement,2022-12-01,q90_demand,250,500,371.8418882842642,371.1753093656251,0.001792640742318774,0.02,relative,True
Cement,2022-12-01,mean_price,250,500,111.93826333313974,111.90502875636494,0.0002969009504452722,0.01,relative,True
Cement,2022-12-01,q90_price,250,500,121.90285653292543,121.8567275507526,0.0003784077214004597,0.02,relative,True
Cement,2022-12-01,mean_internal_duration,250,500,11.4,11.34,0.0600000000000005,1.0,absolute_days,True
Cement,2022-12-01,q90_internal_duration,250,500,18.0,18.0,0.0,2.0,absolute_days,True
Cement,2022-12-01,mean_podn_duration,250,500,41.88,42.344,0.46399999999999864,1.0,absolute_days,True
Cement,2022-12-01,q90_podn_duration,250,500,75.0,75.0,0.0,2.0,absolute_days,True
Cement,2022-12-01,mean_total_duration,250,500,53.28,53.684,0.40399999999999636,1.0,absolute_days,True
Cement,2022-12-01,q90_total_duration,250,500,86.0,86.0,0.0,2.0,absolute_days,True
Cement,2023-01-01,mean_demand,250,500,337.05947168102387,336.8964796785661,0.0004835704561123191,0.01,relative,True
Cement,2023-01-01,q90_demand,250,500,401.0550109722918,400.3899242497948,0.0016583428814033714,0.02,relative,True
Cement,2023-01-01,mean_price,250,500,111.15902674679417,111.11376398858393,0.0004071892273161492,0.01,relative,True
Cement,2023-01-01,q90_price,250,500,121.40968456758355,121.41979482937847,8.327393181960676e-05,0.02,relative,True
Cement,2023-01-01,mean_internal_duration,250,500,11.192,11.574,0.3819999999999997,1.0,absolute_days,True
Cement,2023-01-01,q90_internal_duration,250,500,18.0,18.200000000000728,0.2000000000007276,2.0,absolute_days,True
Cement,2023-01-01,mean_podn_duration,250,500,40.872,41.636,0.7640000000000029,1.0,absolute_days,True
Cement,2023-01-01,q90_podn_duration,250,500,71.0,75.0,4.0,2.0,absolute_days,False
Cement,2023-01-01,mean_total_duration,250,500,52.064,53.21,1.1460000000000008,1.0,absolute_days,False
Cement,2023-01-01,q90_total_duration,250,500,86.0,86.0,0.0,2.0,absolute_days,True
Cement,2023-02-01,mean_demand,250,500,368.3906010670056,368.2219468194125,0.00045781365513837975,0.01,relative,True
Cement,2023-02-01,q90_demand,250,500,438.46869227919063,438.46869227919063,0.0,0.02,relative,True
Cement,2023-02-01,mean_price,250,500,106.55454670366458,106.52533753039377,0.000274124138053415,0.01,relative,True
Cement,2023-02-01,q90_price,250,500,114.78410173178064,114.87615881736397,0.0008020020559854811,0.02,relative,True
Cement,2023-02-01,mean_internal_duration,250,500,12.42,11.846,0.5739999999999998,1.0,absolute_days,True
Cement,2023-02-01,q90_internal_duration,250,500,21.0,20.0,1.0,2.0,absolute_days,True
Cement,2023-02-01,mean_podn_duration,250,500,41.152,41.974,0.8219999999999956,1.0,absolute_days,True
Cement,2023-02-01,q90_podn_duration,250,500,71.0,71.0,0.0,2.0,absolute_days,True
Cement,2023-02-01,mean_total_duration,250,500,53.572,53.82,0.24799999999999756,1.0,absolute_days,True
Cement,2023-02-01,q90_total_duration,250,500,86.0,86.0,0.0,2.0,absolute_days,True
Cement,2023-03-01,mean_demand,250,500,350.1045150772794,350.584555845183,0.001371135610169477,0.01,relative,True
Cement,2023-03-01,q90_demand,250,500,414.36845182204723,415.25196218686864,0.0021321854039236384,0.02,relative,True
Cement,2023-03-01,mean_price,250,500,105.72105006226259,105.73589217554215,0.00014038938575444714,0.01,relative,True
Cement,2023-03-01,q90_price,250,500,113.66421080178144,113.6330214413977,0.00027439912848315786,0.02,relative,True
Cement,2023-03-01,mean_internal_duration,250,500,11.928,11.91,0.018000000000000682,1.0,absolute_days,True
Cement,2023-03-01,q90_internal_duration,250,500,20.0,20.0,0.0,2.0,absolute_days,True
Cement,2023-03-01,mean_podn_duration,250,500,40.26,40.37,0.10999999999999943,1.0,absolute_days,True
Cement,2023-03-01,q90_podn_duration,250,500,71.0,71.0,0.0,2.0,absolute_days,True
Cement,2023-03-01,mean_total_duration,250,500,52.188,52.28,0.09199999999999875,1.0,absolute_days,True
Cement,2023-03-01,q90_total_duration,250,500,80.59999999999945,80.0,0.5999999999994543,2.0,absolute_days,True
Cement,2023-04-01,mean_demand,250,500,368.0602455954435,368.1439996978817,0.00022755541637676694,0.01,relative,True
Cement,2023-04-01,q90_demand,250,500,443.71276794761025,444.97280273913753,0.0028397532875954184,0.02,relative,True
Cement,2023-04-01,mean_price,250,500,103.14525686804954,103.15100042219785,5.568413248180407e-05,0.01,relative,True
Cement,2023-04-01,q90_price,250,500,111.18543519091932,111.3150850126071,0.0011660683925475757,0.02,relative,True
Cement,2023-04-01,mean_internal_duration,250,500,11.688,11.64,0.04800000000000004,1.0,absolute_days,True
Cement,2023-04-01,q90_internal_duration,250,500,20.0,20.0,0.0,2.0,absolute_days,True
Cement,2023-04-01,mean_podn_duration,250,500,42.94,42.444,0.4959999999999951,1.0,absolute_days,True
Cement,2023-04-01,q90_podn_duration,250,500,75.0,75.0,0.0,2.0,absolute_days,True
Cement,2023-04-01,mean_total_duration,250,500,54.628,54.084,0.5439999999999969,1.0,absolute_days,True
Cement,2023-04-01,q90_total_duration,250,500,86.0,86.0,0.0,2.0,absolute_days,True
Cement,2023-05-01,mean_demand,250,500,356.07548748148196,355.2830842879661,0.0022253797898880863,0.01,relative,True
Cement,2023-05-01,q90_demand,250,500,424.5985617732738,424.2663329992966,0.000782453837313267,0.02,relative,True
Cement,2023-05-01,mean_price,250,500,102.6101404774423,102.61147554294912,1.3011048426697888e-05,0.01,relative,True
Cement,2023-05-01,q90_price,250,500,111.08439128516498,111.11594350570786,0.0002840382899689299,0.02,relative,True
Cement,2023-05-01,mean_internal_duration,250,500,11.596,11.616,0.019999999999999574,1.0,absolute_days,True
Cement,2023-05-01,q90_internal_duration,250,500,18.0,18.0,0.0,2.0,absolute_days,True
Cement,2023-05-01,mean_podn_duration,250,500,43.196,42.948,0.24799999999999756,1.0,absolute_days,True
Cement,2023-05-01,q90_podn_duration,250,500,75.0,75.0,0.0,2.0,absolute_days,True
Cement,2023-05-01,mean_total_duration,250,500,54.792,54.564,0.22800000000000153,1.0,absolute_days,True
Cement,2023-05-01,q90_total_duration,250,500,86.0,86.0,0.0,2.0,absolute_days,True
Granite,2022-07-01,mean_demand,250,500,1653.8706387382726,1655.893163806141,0.0012229040291877797,0.01,relative,True
Granite,2022-07-01,q90_demand,250,500,1834.2222468004497,1832.665037845391,0.0008489750671027347,0.02,relative,True
Granite,2022-07-01,mean_price,250,500,20.838162310055356,20.81340497961029,0.0011880764760681217,0.01,relative,True
Granite,2022-07-01,q90_price,250,500,22.277521856198213,22.2425730865241,0.0015687907254544639,0.02,relative,True
Granite,2022-07-01,mean_internal_duration,250,500,11.596,11.552,0.04400000000000048,1.0,absolute_days,True
Granite,2022-07-01,q90_internal_duration,250,500,20.0,20.0,0.0,2.0,absolute_days,True
Granite,2022-07-01,mean_podn_duration,250,500,43.06,42.706,0.3539999999999992,1.0,absolute_days,True
Granite,2022-07-01,q90_podn_duration,250,500,75.0,75.0,0.0,2.0,absolute_days,True
Granite,2022-07-01,mean_total_duration,250,500,54.656,54.258,0.39799999999999613,1.0,absolute_days,True
Granite,2022-07-01,q90_total_duration,250,500,86.0,86.0,0.0,2.0,absolute_days,True
Granite,2022-08-01,mean_demand,250,500,1586.3405035437854,1586.2453443776233,5.998659553202367e-05,0.01,relative,True
Granite,2022-08-01,q90_demand,250,500,1767.997626935991,1764.77062743943,0.001825228409471135,0.02,relative,True
Granite,2022-08-01,mean_price,250,500,20.353264941815176,20.34775340451138,0.00027079376795577885,0.01,relative,True
Granite,2022-08-01,q90_price,250,500,21.759246116572452,21.731961873013592,0.0012539149294368067,0.02,relative,True
Granite,2022-08-01,mean_internal_duration,250,500,11.48,11.258,0.2220000000000013,1.0,absolute_days,True
Granite,2022-08-01,q90_internal_duration,250,500,20.0,18.0,2.0,2.0,absolute_days,True
Granite,2022-08-01,mean_podn_duration,250,500,40.096,42.096,2.0,1.0,absolute_days,False
Granite,2022-08-01,q90_podn_duration,250,500,71.0,75.0,4.0,2.0,absolute_days,False
Granite,2022-08-01,mean_total_duration,250,500,51.576,53.354,1.7779999999999987,1.0,absolute_days,False
Granite,2022-08-01,q90_total_duration,250,500,80.0,86.0,6.0,2.0,absolute_days,False
Granite,2022-09-01,mean_demand,250,500,1643.6465887291286,1641.8201635817904,0.0011112030772687637,0.01,relative,True
Granite,2022-09-01,q90_demand,250,500,1809.305877815905,1812.01541190898,0.0014975544634530434,0.02,relative,True
Granite,2022-09-01,mean_price,250,500,20.296256501365825,20.265256959134003,0.0015273527031812771,0.01,relative,True
Granite,2022-09-01,q90_price,250,500,21.59402457132241,21.574480627551168,0.0009050625883420562,0.02,relative,True
Granite,2022-09-01,mean_internal_duration,250,500,11.3,11.468,0.16799999999999926,1.0,absolute_days,True
Granite,2022-09-01,q90_internal_duration,250,500,20.0,20.0,0.0,2.0,absolute_days,True
Granite,2022-09-01,mean_podn_duration,250,500,41.724,41.66,0.06400000000000006,1.0,absolute_days,True
Granite,2022-09-01,q90_podn_duration,250,500,75.0,75.0,0.0,2.0,absolute_days,True
Granite,2022-09-01,mean_total_duration,250,500,53.024,53.128,0.1039999999999992,1.0,absolute_days,True
Granite,2022-09-01,q90_total_duration,250,500,86.0,86.0,0.0,2.0,absolute_days,True
Granite,2022-10-01,mean_demand,250,500,1598.3614636705609,1597.9144354896487,0.0002796790282253211,0.01,relative,True
Granite,2022-10-01,q90_demand,250,500,1766.7784719535932,1768.0848574628856,0.0007394167010920282,0.02,relative,True
Granite,2022-10-01,mean_price,250,500,20.58520734488896,20.601696141589287,0.0008010022160121669,0.01,relative,True
Granite,2022-10-01,q90_price,250,500,21.826146367795133,21.794389462462185,0.001454993694159667,0.02,relative,True
Granite,2022-10-01,mean_internal_duration,250,500,12.568,12.14,0.42799999999999905,1.0,absolute_days,True
Granite,2022-10-01,q90_internal_duration,250,500,21.0,20.0,1.0,2.0,absolute_days,True
Granite,2022-10-01,mean_podn_duration,250,500,42.228,42.534,0.3059999999999974,1.0,absolute_days,True
Granite,2022-10-01,q90_podn_duration,250,500,71.0,75.0,4.0,2.0,absolute_days,False
Granite,2022-10-01,mean_total_duration,250,500,54.796,54.674,0.12199999999999989,1.0,absolute_days,True
Granite,2022-10-01,q90_total_duration,250,500,86.0,86.0,0.0,2.0,absolute_days,True
Granite,2022-11-01,mean_demand,250,500,1508.9302952315286,1507.8154024068397,0.0007388630397389263,0.01,relative,True
Granite,2022-11-01,q90_demand,250,500,1662.758040270943,1662.082047734885,0.0004065489504100042,0.02,relative,True
Granite,2022-11-01,mean_price,250,500,20.235278543633637,20.247278699171233,0.000593031398689155,0.01,relative,True
Granite,2022-11-01,q90_price,250,500,21.5378817911338,21.5189954666363,0.0008768886690274328,0.02,relative,True
Granite,2022-11-01,mean_internal_duration,250,500,11.368,11.78,0.41199999999999903,1.0,absolute_days,True
Granite,2022-11-01,q90_internal_duration,250,500,18.0,20.0,2.0,2.0,absolute_days,True
Granite,2022-11-01,mean_podn_duration,250,500,41.788,42.162,0.37400000000000233,1.0,absolute_days,True
Granite,2022-11-01,q90_podn_duration,250,500,71.0,71.0,0.0,2.0,absolute_days,True
Granite,2022-11-01,mean_total_duration,250,500,53.156,53.942,0.7860000000000014,1.0,absolute_days,True
Granite,2022-11-01,q90_total_duration,250,500,80.0,80.0,0.0,2.0,absolute_days,True
Granite,2022-12-01,mean_demand,250,500,1521.1474984821116,1519.6421293610838,0.0009896273191981326,0.01,relative,True
Granite,2022-12-01,q90_demand,250,500,1681.9823958302193,1679.5702378954948,0.0014341160411098642,0.02,relative,True
Granite,2022-12-01,mean_price,250,500,20.27898631796352,20.252363519113725,0.0013128269052684422,0.01,relative,True
Granite,2022-12-01,q90_price,250,500,21.558315693434665,21.52432315837184,0.0015767713742673162,0.02,relative,True
Granite,2022-12-01,mean_internal_duration,250,500,11.612,11.524,0.08800000000000097,1.0,absolute_days,True
Granite,2022-12-01,q90_internal_duration,250,500,20.0,20.0,0.0,2.0,absolute_days,True
Granite,2022-12-01,mean_podn_duration,250,500,41.572,42.252,0.6799999999999997,1.0,absolute_days,True
Granite,2022-12-01,q90_podn_duration,250,500,75.0,75.0,0.0,2.0,absolute_days,True
Granite,2022-12-01,mean_total_duration,250,500,53.184,53.776,0.5920000000000059,1.0,absolute_days,True
Granite,2022-12-01,q90_total_duration,250,500,80.0,80.60000000000218,0.6000000000021828,2.0,absolute_days,True
Granite,2023-01-01,mean_demand,250,500,1570.320177406991,1570.317012093696,2.015712044349981e-06,0.01,relative,True
Granite,2023-01-01,q90_demand,250,500,1734.1713004886194,1737.599077525915,0.0019766080988249074,0.02,relative,True
Granite,2023-01-01,mean_price,250,500,18.875035326832474,18.876536352835707,7.952440762316434e-05,0.01,relative,True
Granite,2023-01-01,q90_price,250,500,21.047314940039648,21.09333930983465,0.002186709797716173,0.02,relative,True
Granite,2023-01-01,mean_internal_duration,250,500,11.428,11.776,0.347999999999999,1.0,absolute_days,True
Granite,2023-01-01,q90_internal_duration,250,500,18.0,20.0,2.0,2.0,absolute_days,True
Granite,2023-01-01,mean_podn_duration,250,500,43.136,42.098,1.0380000000000038,1.0,absolute_days,False
Granite,2023-01-01,q90_podn_duration,250,500,75.0,71.40000000000146,3.599999999998545,2.0,absolute_days,False
Granite,2023-01-01,mean_total_duration,250,500,54.564,53.874,0.6899999999999977,1.0,absolute_days,True
Granite,2023-01-01,q90_total_duration,250,500,86.0,86.0,0.0,2.0,absolute_days,True
Granite,2023-02-01,mean_demand,250,500,1511.0349358618316,1510.3960743916537,0.0004227972861617468,0.01,relative,True
Granite,2023-02-01,q90_demand,250,500,1654.3413406364325,1654.93244239274,0.00035730338219087287,0.02,relative,True
Granite,2023-02-01,mean_price,250,500,18.588800652639726,18.5585751459854,0.0016260062829837878,0.01,relative,True
Granite,2023-02-01,q90_price,250,500,20.93062833769286,20.911474742971006,0.0009150988882335941,0.02,relative,True
Granite,2023-02-01,mean_internal_duration,250,500,11.656,11.764,0.10799999999999876,1.0,absolute_days,True
Granite,2023-02-01,q90_internal_duration,250,500,18.199999999999818,18.0,0.1999999999998181,2.0,absolute_days,True
Granite,2023-02-01,mean_podn_duration,250,500,44.772,43.302,1.4699999999999989,1.0,absolute_days,False
Granite,2023-02-01,q90_podn_duration,250,500,75.0,75.0,0.0,2.0,absolute_days,True
Granite,2023-02-01,mean_total_duration,250,500,56.428,55.066,1.3619999999999948,1.0,absolute_days,False
Granite,2023-02-01,q90_total_duration,250,500,86.0,86.0,0.0,2.0,absolute_days,True
Granite,2023-03-01,mean_demand,250,500,1532.397593329755,1532.395396775964,1.433409841264651e-06,0.01,relative,True
Granite,2023-03-01,q90_demand,250,500,1660.5018143494513,1655.9830178919012,0.002721343884421103,0.02,relative,True
Granite,2023-03-01,mean_price,250,500,18.3743404186768,18.38460991326844,0.0005589041215980053,0.01,relative,True
Granite,2023-03-01,q90_price,250,500,20.591134859184063,20.667600129719535,0.003713504430833591,0.02,relative,True
Granite,2023-03-01,mean_internal_duration,250,500,11.624,11.864,0.2400000000000002,1.0,absolute_days,True
Granite,2023-03-01,q90_internal_duration,250,500,20.0,20.0,0.0,2.0,absolute_days,True
Granite,2023-03-01,mean_podn_duration,250,500,43.604,43.2,0.40399999999999636,1.0,absolute_days,True
Granite,2023-03-01,q90_podn_duration,250,500,75.0,75.0,0.0,2.0,absolute_days,True
Granite,2023-03-01,mean_total_duration,250,500,55.228,55.064,0.16400000000000148,1.0,absolute_days,True
Granite,2023-03-01,q90_total_duration,250,500,86.0,86.0,0.0,2.0,absolute_days,True
Granite,2023-04-01,mean_demand,250,500,1532.322467150118,1532.4379482103066,7.536341903500409e-05,0.01,relative,True
Granite,2023-04-01,q90_demand,250,500,1645.6946848122811,1646.8152298621226,0.00068089485867742,0.02,relative,True
Granite,2023-04-01,mean_price,250,500,18.265980796083802,18.26539079119801,3.230075036104035e-05,0.01,relative,True
Granite,2023-04-01,q90_price,250,500,20.90241519150917,20.89481971954359,0.0003633777195596577,0.02,relative,True
Granite,2023-04-01,mean_internal_duration,250,500,11.316,11.692,0.37599999999999945,1.0,absolute_days,True
Granite,2023-04-01,q90_internal_duration,250,500,18.0,20.0,2.0,2.0,absolute_days,True
Granite,2023-04-01,mean_podn_duration,250,500,45.816,42.94,2.8760000000000048,1.0,absolute_days,False
Granite,2023-04-01,q90_podn_duration,250,500,85.0,75.0,10.0,2.0,absolute_days,False
Granite,2023-04-01,mean_total_duration,250,500,57.132,54.632,2.5,1.0,absolute_days,False
Granite,2023-04-01,q90_total_duration,250,500,95.0,86.0,9.0,2.0,absolute_days,False
Granite,2023-05-01,mean_demand,250,500,1461.4330095594355,1462.0335880826922,0.0004109517982201066,0.01,relative,True
Granite,2023-05-01,q90_demand,250,500,1610.1523702405514,1613.2146557357937,0.0019018606883675576,0.02,relative,True
Granite,2023-05-01,mean_price,250,500,19.105763499953007,19.075593334143488,0.0015791133293151694,0.01,relative,True
Granite,2023-05-01,q90_price,250,500,21.25245896635718,21.204080366812075,0.0022763765652572348,0.02,relative,True
Granite,2023-05-01,mean_internal_duration,250,500,11.52,12.034,0.5140000000000011,1.0,absolute_days,True
Granite,2023-05-01,q90_internal_duration,250,500,20.0,20.0,0.0,2.0,absolute_days,True
Granite,2023-05-01,mean_podn_duration,250,500,43.364,42.392,0.9719999999999942,1.0,absolute_days,True
Granite,2023-05-01,q90_podn_duration,250,500,75.0,75.0,0.0,2.0,absolute_days,True
Granite,2023-05-01,mean_total_duration,250,500,54.884,54.426,0.4579999999999984,1.0,absolute_days,True
Granite,2023-05-01,q90_total_duration,250,500,86.0,86.0,0.0,2.0,absolute_days,True
Ready Mixed Concrete,2022-07-01,mean_demand,250,500,993.3798052955875,994.0209137281437,0.0006453809803043052,0.01,relative,True
Ready Mixed Concrete,2022-07-01,q90_demand,250,500,1098.5871472294468,1098.327042404157,0.00023676303327026645,0.02,relative,True
Ready Mixed Concrete,2022-07-01,mean_price,250,500,110.75146395283903,110.73674542488592,0.00013289691556018428,0.01,relative,True
Ready Mixed Concrete,2022-07-01,q90_price,250,500,114.49705848643168,114.4795676176616,0.00015276260369741142,0.02,relative,True
Ready Mixed Concrete,2022-07-01,mean_internal_duration,250,500,12.136,11.934,0.20199999999999996,1.0,absolute_days,True
Ready Mixed Concrete,2022-07-01,q90_internal_duration,250,500,20.0,20.0,0.0,2.0,absolute_days,True
Ready Mixed Concrete,2022-07-01,mean_podn_duration,250,500,42.892,42.864,0.028000000000005798,1.0,absolute_days,True
Ready Mixed Concrete,2022-07-01,q90_podn_duration,250,500,75.0,75.0,0.0,2.0,absolute_days,True
Ready Mixed Concrete,2022-07-01,mean_total_duration,250,500,55.028,54.798,0.22999999999999687,1.0,absolute_days,True
Ready Mixed Concrete,2022-07-01,q90_total_duration,250,500,86.0,86.0,0.0,2.0,absolute_days,True
Ready Mixed Concrete,2022-08-01,mean_demand,250,500,964.8787839303131,967.1373596632698,0.0023407870196467465,0.01,relative,True
Ready Mixed Concrete,2022-08-01,q90_demand,250,500,1077.345501110153,1076.6455347055576,0.0006497139532992539,0.02,relative,True
Ready Mixed Concrete,2022-08-01,mean_price,250,500,110.10927656469056,110.11874504901512,8.59917040595079e-05,0.01,relative,True
Ready Mixed Concrete,2022-08-01,q90_price,250,500,114.82424835503141,114.8275678144124,2.890904515852717e-05,0.02,relative,True
Ready Mixed Concrete,2022-08-01,mean_internal_duration,250,500,11.528,11.762,0.23399999999999999,1.0,absolute_days,True
Ready Mixed Concrete,2022-08-01,q90_internal_duration,250,500,18.0,20.0,2.0,2.0,absolute_days,True
Ready Mixed Concrete,2022-08-01,mean_podn_duration,250,500,43.0,42.672,0.32800000000000296,1.0,absolute_days,True
Ready Mixed Concrete,2022-08-01,q90_podn_duration,250,500,75.0,75.0,0.0,2.0,absolute_days,True
Ready Mixed Concrete,2022-08-01,mean_total_duration,250,500,54.528,54.434,0.0940000000000012,1.0,absolute_days,True
Ready Mixed Concrete,2022-08-01,q90_total_duration,250,500,86.0,86.0,0.0,2.0,absolute_days,True
Ready Mixed Concrete,2022-09-01,mean_demand,250,500,1007.5456415534832,1006.7666943111336,0.0007731136042120399,0.01,relative,True
Ready Mixed Concrete,2022-09-01,q90_demand,250,500,1142.9548714047107,1139.5022270082493,0.0030208055303339136,0.02,relative,True
Ready Mixed Concrete,2022-09-01,mean_price,250,500,109.21708768002735,109.22938565813857,0.00011260122726628639,0.01,relative,True
Ready Mixed Concrete,2022-09-01,q90_price,250,500,114.28845786903908,114.28776929367953,6.0248897603985695e-06,0.02,relative,True
Ready Mixed Concrete,2022-09-01,mean_internal_duration,250,500,11.928,11.884,0.04400000000000048,1.0,absolute_days,True
Ready Mixed Concrete,2022-09-01,q90_internal_duration,250,500,20.0,20.0,0.0,2.0,absolute_days,True
Ready Mixed Concrete,2022-09-01,mean_podn_duration,250,500,40.668,41.552,0.8840000000000003,1.0,absolute_days,True
Ready Mixed Concrete,2022-09-01,q90_podn_duration,250,500,71.0,75.0,4.0,2.0,absolute_days,False
Ready Mixed Concrete,2022-09-01,mean_total_duration,250,500,52.596,53.436,0.8400000000000034,1.0,absolute_days,True
Ready Mixed Concrete,2022-09-01,q90_total_duration,250,500,80.0,86.0,6.0,2.0,absolute_days,False
Ready Mixed Concrete,2022-10-01,mean_demand,250,500,981.8450437486987,983.1675773289498,0.0013469880900979123,0.01,relative,True
Ready Mixed Concrete,2022-10-01,q90_demand,250,500,1107.3327165679736,1109.4865384610312,0.0019450539669169965,0.02,relative,True
Ready Mixed Concrete,2022-10-01,mean_price,250,500,110.28455506936118,110.27113850301807,0.00012165408233884094,0.01,relative,True
Ready Mixed Concrete,2022-10-01,q90_price,250,500,114.75859060220462,114.75898631852407,3.4482500819252867e-06,0.02,relative,True
Ready Mixed Concrete,2022-10-01,mean_internal_duration,250,500,11.428,11.506,0.0779999999999994,1.0,absolute_days,True
Ready Mixed Concrete,2022-10-01,q90_internal_duration,250,500,21.0,20.0,1.0,2.0,absolute_days,True
Ready Mixed Concrete,2022-10-01,mean_podn_duration,250,500,43.036,42.666,0.37000000000000455,1.0,absolute_days,True
Ready Mixed Concrete,2022-10-01,q90_podn_duration,250,500,75.0,75.0,0.0,2.0,absolute_days,True
Ready Mixed Concrete,2022-10-01,mean_total_duration,250,500,54.464,54.172,0.2920000000000016,1.0,absolute_days,True
Ready Mixed Concrete,2022-10-01,q90_total_duration,250,500,86.0,86.0,0.0,2.0,absolute_days,True
Ready Mixed Concrete,2022-11-01,mean_demand,250,500,971.1419076939258,971.1460426747715,4.257854401051198e-06,0.01,relative,True
Ready Mixed Concrete,2022-11-01,q90_demand,250,500,1069.9326106690592,1071.9076809348715,0.0018459763223566243,0.02,relative,True
Ready Mixed Concrete,2022-11-01,mean_price,250,500,110.16797976041127,110.21637036275473,0.00043924380249776564,0.01,relative,True
Ready Mixed Concrete,2022-11-01,q90_price,250,500,114.95361224788651,115.02027364442054,0.0005798982322563419,0.02,relative,True
Ready Mixed Concrete,2022-11-01,mean_internal_duration,250,500,11.912,11.798,0.11400000000000077,1.0,absolute_days,True
Ready Mixed Concrete,2022-11-01,q90_internal_duration,250,500,21.0,20.0,1.0,2.0,absolute_days,True
Ready Mixed Concrete,2022-11-01,mean_podn_duration,250,500,43.536,43.176,0.35999999999999943,1.0,absolute_days,True
Ready Mixed Concrete,2022-11-01,q90_podn_duration,250,500,85.0,75.0,10.0,2.0,absolute_days,False
Ready Mixed Concrete,2022-11-01,mean_total_duration,250,500,55.448,54.974,0.47400000000000375,1.0,absolute_days,True
Ready Mixed Concrete,2022-11-01,q90_total_duration,250,500,95.0,86.0,9.0,2.0,absolute_days,False
Ready Mixed Concrete,2022-12-01,mean_demand,250,500,999.0572939169908,998.8171296725885,0.00024039086233052702,0.01,relative,True
Ready Mixed Concrete,2022-12-01,q90_demand,250,500,1088.7111863804491,1088.501226554244,0.00019285172122007746,0.02,relative,True
Ready Mixed Concrete,2022-12-01,mean_price,250,500,110.78079074308796,110.78493944338763,3.744963609519034e-05,0.01,relative,True
Ready Mixed Concrete,2022-12-01,q90_price,250,500,115.10178522006977,115.11708178087484,0.0001328959474939756,0.02,relative,True
Ready Mixed Concrete,2022-12-01,mean_internal_duration,250,500,11.672,11.884,0.21199999999999974,1.0,absolute_days,True
Ready Mixed Concrete,2022-12-01,q90_internal_duration,250,500,20.0,20.0,0.0,2.0,absolute_days,True
Ready Mixed Concrete,2022-12-01,mean_podn_duration,250,500,43.608,43.942,0.3340000000000032,1.0,absolute_days,True
Ready Mixed Concrete,2022-12-01,q90_podn_duration,250,500,71.0,71.0,0.0,2.0,absolute_days,True
Ready Mixed Concrete,2022-12-01,mean_total_duration,250,500,55.28,55.826,0.5459999999999994,1.0,absolute_days,True
Ready Mixed Concrete,2022-12-01,q90_total_duration,250,500,80.59999999999945,86.0,5.400000000000546,2.0,absolute_days,False
Ready Mixed Concrete,2023-01-01,mean_demand,250,500,960.927281937774,961.0328286780914,0.0001098384261758019,0.01,relative,True
Ready Mixed Concrete,2023-01-01,q90_demand,250,500,1072.7263555820243,1071.1187343721238,0.0014986312227113425,0.02,relative,True
Ready Mixed Concrete,2023-01-01,mean_price,250,500,111.2701170843853,111.22719603282214,0.0003857374530361905,0.01,relative,True
Ready Mixed Concrete,2023-01-01,q90_price,250,500,115.60432867134114,115.52800190652903,0.0006602414086855073,0.02,relative,True
Ready Mixed Concrete,2023-01-01,mean_internal_duration,250,500,10.9,11.32,0.41999999999999993,1.0,absolute_days,True
Ready Mixed Concrete,2023-01-01,q90_internal_duration,250,500,15.0,18.0,3.0,2.0,absolute_days,False
Ready Mixed Concrete,2023-01-01,mean_podn_duration,250,500,44.0,44.268,0.2680000000000007,1.0,absolute_days,True
Ready Mixed Concrete,2023-01-01,q90_podn_duration,250,500,85.0,85.0,0.0,2.0,absolute_days,True
Ready Mixed Concrete,2023-01-01,mean_total_duration,250,500,54.9,55.588,0.6880000000000024,1.0,absolute_days,True
Ready Mixed Concrete,2023-01-01,q90_total_duration,250,500,95.0,95.0,0.0,2.0,absolute_days,True
Ready Mixed Concrete,2023-02-01,mean_demand,250,500,927.9303932754062,927.013541064946,0.000988061407519915,0.01,relative,True
Ready Mixed Concrete,2023-02-01,q90_demand,250,500,1016.4743736787558,1016.142172200615,0.00032681736671674743,0.02,relative,True
Ready Mixed Concrete,2023-02-01,mean_price,250,500,109.71902871115562,109.66362958370664,0.0005049181358943823,0.01,relative,True
Ready Mixed Concrete,2023-02-01,q90_price,250,500,115.46224126775952,115.52844529916753,0.0005733825247205904,0.02,relative,True
Ready Mixed Concrete,2023-02-01,mean_internal_duration,250,500,11.62,11.846,0.22600000000000087,1.0,absolute_days,True
Ready Mixed Concrete,2023-02-01,q90_internal_duration,250,500,20.0,20.0,0.0,2.0,absolute_days,True
Ready Mixed Concrete,2023-02-01,mean_podn_duration,250,500,41.98,41.804,0.17599999999999483,1.0,absolute_days,True
Ready Mixed Concrete,2023-02-01,q90_podn_duration,250,500,75.0,75.0,0.0,2.0,absolute_days,True
Ready Mixed Concrete,2023-02-01,mean_total_duration,250,500,53.6,53.65,0.04999999999999716,1.0,absolute_days,True
Ready Mixed Concrete,2023-02-01,q90_total_duration,250,500,80.0,80.0,0.0,2.0,absolute_days,True
Ready Mixed Concrete,2023-03-01,mean_demand,250,500,973.4835707508742,973.9741141215986,0.0005039051356009139,0.01,relative,True
Ready Mixed Concrete,2023-03-01,q90_demand,250,500,1043.8770017208813,1045.2052525740721,0.001272420841728653,0.02,relative,True
Ready Mixed Concrete,2023-03-01,mean_price,250,500,110.35477940208985,110.31465219874994,0.00036361998598809036,0.01,relative,True
Ready Mixed Concrete,2023-03-01,q90_price,250,500,115.74972771809843,115.87608246776857,0.0010916202755817405,0.02,relative,True
Ready Mixed Concrete,2023-03-01,mean_internal_duration,250,500,11.716,11.598,0.11799999999999855,1.0,absolute_days,True
Ready Mixed Concrete,2023-03-01,q90_internal_duration,250,500,20.0,18.0,2.0,2.0,absolute_days,True
Ready Mixed Concrete,2023-03-01,mean_podn_duration,250,500,40.208,41.956,1.7480000000000047,1.0,absolute_days,False
Ready Mixed Concrete,2023-03-01,q90_podn_duration,250,500,71.0,75.0,4.0,2.0,absolute_days,False
Ready Mixed Concrete,2023-03-01,mean_total_duration,250,500,51.924,53.554,1.6300000000000026,1.0,absolute_days,False
Ready Mixed Concrete,2023-03-01,q90_total_duration,250,500,86.0,86.0,0.0,2.0,absolute_days,True
Ready Mixed Concrete,2023-04-01,mean_demand,250,500,936.7482855088552,935.9818898736696,0.000818144689498219,0.01,relative,True
Ready Mixed Concrete,2023-04-01,q90_demand,250,500,1022.5624643076586,1022.5779478695665,1.5141922814840301e-05,0.02,relative,True
Ready Mixed Concrete,2023-04-01,mean_price,250,500,109.43005925352385,109.36858979408804,0.0005617237151759405,0.01,relative,True
Ready Mixed Concrete,2023-04-01,q90_price,250,500,114.78484410643286,114.7962016153377,9.894606725523506e-05,0.02,relative,True
Ready Mixed Concrete,2023-04-01,mean_internal_duration,250,500,11.724,11.83,0.10599999999999987,1.0,absolute_days,True
Ready Mixed Concrete,2023-04-01,q90_internal_duration,250,500,18.0,18.200000000000728,0.2000000000007276,2.0,absolute_days,True
Ready Mixed Concrete,2023-04-01,mean_podn_duration,250,500,43.092,43.016,0.07600000000000051,1.0,absolute_days,True
Ready Mixed Concrete,2023-04-01,q90_podn_duration,250,500,75.0,75.0,0.0,2.0,absolute_days,True
Ready Mixed Concrete,2023-04-01,mean_total_duration,250,500,54.816,54.846,0.02999999999999403,1.0,absolute_days,True
Ready Mixed Concrete,2023-04-01,q90_total_duration,250,500,80.0,86.0,6.0,2.0,absolute_days,False
Ready Mixed Concrete,2023-05-01,mean_demand,250,500,954.5619014692176,954.7405450499614,0.00018714719335525949,0.01,relative,True
Ready Mixed Concrete,2023-05-01,q90_demand,250,500,1039.2959159843806,1040.9741906157105,0.0016148188456416139,0.02,relative,True
Ready Mixed Concrete,2023-05-01,mean_price,250,500,110.19111810668578,110.2209884309897,0.00027107742272846654,0.01,relative,True
Ready Mixed Concrete,2023-05-01,q90_price,250,500,115.65903954385347,115.71247082083367,0.0004619723386164432,0.02,relative,True
Ready Mixed Concrete,2023-05-01,mean_internal_duration,250,500,12.04,11.768,0.27199999999999847,1.0,absolute_days,True
Ready Mixed Concrete,2023-05-01,q90_internal_duration,250,500,20.09999999999991,20.0,0.09999999999990905,2.0,absolute_days,True
Ready Mixed Concrete,2023-05-01,mean_podn_duration,250,500,41.464,41.962,0.49800000000000466,1.0,absolute_days,True
Ready Mixed Concrete,2023-05-01,q90_podn_duration,250,500,71.0,71.0,0.0,2.0,absolute_days,True
Ready Mixed Concrete,2023-05-01,mean_total_duration,250,500,53.504,53.73,0.2259999999999991,1.0,absolute_days,True
Ready Mixed Concrete,2023-05-01,q90_total_duration,250,500,80.0,80.0,0.0,2.0,absolute_days,True
Steel Reinforcement Bars,2022-07-01,mean_demand,250,500,82.23667227782873,82.36992720107109,0.0016203832128830874,0.01,relative,True
Steel Reinforcement Bars,2022-07-01,q90_demand,250,500,117.48685909902984,117.81162251039135,0.0027642530735097664,0.02,relative,True
Steel Reinforcement Bars,2022-07-01,mean_price,250,500,985.9726924600291,987.5533543280019,0.0016031497424426906,0.01,relative,True
Steel Reinforcement Bars,2022-07-01,q90_price,250,500,1154.7516954846324,1157.9619118523397,0.0027800057625029153,0.02,relative,True
Steel Reinforcement Bars,2022-07-01,mean_internal_duration,250,500,11.592,11.596,0.0039999999999995595,1.0,absolute_days,True
Steel Reinforcement Bars,2022-07-01,q90_internal_duration,250,500,18.0,20.0,2.0,2.0,absolute_days,True
Steel Reinforcement Bars,2022-07-01,mean_podn_duration,250,500,41.32,42.342,1.0219999999999985,1.0,absolute_days,False
Steel Reinforcement Bars,2022-07-01,q90_podn_duration,250,500,71.0,71.0,0.0,2.0,absolute_days,True
Steel Reinforcement Bars,2022-07-01,mean_total_duration,250,500,52.912,53.938,1.0260000000000034,1.0,absolute_days,False
Steel Reinforcement Bars,2022-07-01,q90_total_duration,250,500,80.0,80.60000000000218,0.6000000000021828,2.0,absolute_days,True
Steel Reinforcement Bars,2022-08-01,mean_demand,250,500,75.24635418605696,75.50395938943998,0.0034234908278221424,0.01,relative,True
Steel Reinforcement Bars,2022-08-01,q90_demand,250,500,113.63416457513692,113.47262235463975,0.0014215990507885801,0.02,relative,True
Steel Reinforcement Bars,2022-08-01,mean_price,250,500,944.2920477763817,944.7522939643102,0.00048739814023883855,0.01,relative,True
Steel Reinforcement Bars,2022-08-01,q90_price,250,500,1088.3095536989524,1087.6713253761573,0.0005864400625961094,0.02,relative,True
Steel Reinforcement Bars,2022-08-01,mean_internal_duration,250,500,11.116,11.73,0.6140000000000008,1.0,absolute_days,True
Steel Reinforcement Bars,2022-08-01,q90_internal_duration,250,500,20.0,20.0,0.0,2.0,absolute_days,True
Steel Reinforcement Bars,2022-08-01,mean_podn_duration,250,500,44.332,43.774,0.5579999999999998,1.0,absolute_days,True
Steel Reinforcement Bars,2022-08-01,q90_podn_duration,250,500,75.0,75.0,0.0,2.0,absolute_days,True
Steel Reinforcement Bars,2022-08-01,mean_total_duration,250,500,55.448,55.504,0.055999999999997385,1.0,absolute_days,True
Steel Reinforcement Bars,2022-08-01,q90_total_duration,250,500,86.0,86.0,0.0,2.0,absolute_days,True
Steel Reinforcement Bars,2022-09-01,mean_demand,250,500,90.32447904473396,90.03034156316235,0.0032564536732720725,0.01,relative,True
Steel Reinforcement Bars,2022-09-01,q90_demand,250,500,130.45887401965066,129.03138773759946,0.010942040491903886,0.02,relative,True
Steel Reinforcement Bars,2022-09-01,mean_price,250,500,926.0108254968592,924.80251335405,0.0013048574698474467,0.01,relative,True
Steel Reinforcement Bars,2022-09-01,q90_price,250,500,1041.5902680167922,1041.5902336271558,3.3016472376848956e-08,0.02,relative,True
Steel Reinforcement Bars,2022-09-01,mean_internal_duration,250,500,11.132,11.164,0.03200000000000003,1.0,absolute_days,True
Steel Reinforcement Bars,2022-09-01,q90_internal_duration,250,500,18.199999999999818,17.0,1.199999999999818,2.0,absolute_days,True
Steel Reinforcement Bars,2022-09-01,mean_podn_duration,250,500,42.728,42.936,0.2079999999999984,1.0,absolute_days,True
Steel Reinforcement Bars,2022-09-01,q90_podn_duration,250,500,85.0,75.0,10.0,2.0,absolute_days,False
Steel Reinforcement Bars,2022-09-01,mean_total_duration,250,500,53.86,54.1,0.240000000000002,1.0,absolute_days,True
Steel Reinforcement Bars,2022-09-01,q90_total_duration,250,500,95.0,86.0,9.0,2.0,absolute_days,False
Steel Reinforcement Bars,2022-10-01,mean_demand,250,500,100.91173517994501,100.29665976705309,0.0060951822084431345,0.01,relative,True
Steel Reinforcement Bars,2022-10-01,q90_demand,250,500,138.6311864466656,137.90377076389717,0.005247128740748938,0.02,relative,True
Steel Reinforcement Bars,2022-10-01,mean_price,250,500,894.4535570872342,892.5938442078276,0.0020791609186090534,0.01,relative,True
Steel Reinforcement Bars,2022-10-01,q90_price,250,500,994.5363713276629,994.1948105809627,0.0003434371598137289,0.02,relative,True
Steel Reinforcement Bars,2022-10-01,mean_internal_duration,250,500,11.5,11.346,0.15399999999999991,1.0,absolute_days,True
Steel Reinforcement Bars,2022-10-01,q90_internal_duration,250,500,18.199999999999818,17.0,1.199999999999818,2.0,absolute_days,True
Steel Reinforcement Bars,2022-10-01,mean_podn_duration,250,500,40.352,41.714,1.3620000000000019,1.0,absolute_days,False
Steel Reinforcement Bars,2022-10-01,q90_podn_duration,250,500,71.0,71.0,0.0,2.0,absolute_days,True
Steel Reinforcement Bars,2022-10-01,mean_total_duration,250,500,51.852,53.06,1.2080000000000055,1.0,absolute_days,False
Steel Reinforcement Bars,2022-10-01,q90_total_duration,250,500,80.0,86.0,6.0,2.0,absolute_days,False
Steel Reinforcement Bars,2022-11-01,mean_demand,250,500,88.87861717559866,88.91345400546618,0.00039195962960008565,0.01,relative,True
Steel Reinforcement Bars,2022-11-01,q90_demand,250,500,125.72461542230124,126.33176246911084,0.004829181976578186,0.02,relative,True
Steel Reinforcement Bars,2022-11-01,mean_price,250,500,878.8271709321166,878.4792559377893,0.0003958855686702312,0.01,relative,True
Steel Reinforcement Bars,2022-11-01,q90_price,250,500,982.6720986917597,983.5048520698266,0.0008474376948073591,0.02,relative,True
Steel Reinforcement Bars,2022-11-01,mean_internal_duration,250,500,11.472,11.61,0.1379999999999999,1.0,absolute_days,True
Steel Reinforcement Bars,2022-11-01,q90_internal_duration,250,500,20.0,20.0,0.0,2.0,absolute_days,True
Steel Reinforcement Bars,2022-11-01,mean_podn_duration,250,500,39.256,40.782,1.5259999999999962,1.0,absolute_days,False
Steel Reinforcement Bars,2022-11-01,q90_podn_duration,250,500,71.0,71.0,0.0,2.0,absolute_days,True
Steel Reinforcement Bars,2022-11-01,mean_total_duration,250,500,50.728,52.392,1.6640000000000015,1.0,absolute_days,False
Steel Reinforcement Bars,2022-11-01,q90_total_duration,250,500,79.0,80.0,1.0,2.0,absolute_days,True
Steel Reinforcement Bars,2022-12-01,mean_demand,250,500,94.06839655522742,94.67861963587173,0.006487014799769039,0.01,relative,True
Steel Reinforcement Bars,2022-12-01,q90_demand,250,500,129.7959677256999,129.90661172493404,0.0008524455818839752,0.02,relative,True
Steel Reinforcement Bars,2022-12-01,mean_price,250,500,871.508380302644,872.5059989202136,0.001144703413205494,0.01,relative,True
Steel Reinforcement Bars,2022-12-01,q90_price,250,500,960.0185975348368,959.4872714678735,0.0005534539313380413,0.02,relative,True
Steel Reinforcement Bars,2022-12-01,mean_internal_duration,250,500,11.688,11.646,0.041999999999999815,1.0,absolute_days,True
Steel Reinforcement Bars,2022-12-01,q90_internal_duration,250,500,21.0,20.0,1.0,2.0,absolute_days,True
Steel Reinforcement Bars,2022-12-01,mean_podn_duration,250,500,43.34,44.064,0.7239999999999966,1.0,absolute_days,True
Steel Reinforcement Bars,2022-12-01,q90_podn_duration,250,500,75.0,75.0,0.0,2.0,absolute_days,True
Steel Reinforcement Bars,2022-12-01,mean_total_duration,250,500,55.028,55.71,0.6820000000000022,1.0,absolute_days,True
Steel Reinforcement Bars,2022-12-01,q90_total_duration,250,500,86.0,86.0,0.0,2.0,absolute_days,True
Steel Reinforcement Bars,2023-01-01,mean_demand,250,500,90.19761988305908,89.88738669714414,0.003439483063047064,0.01,relative,True
Steel Reinforcement Bars,2023-01-01,q90_demand,250,500,132.74885971497326,132.72250580827682,0.00019852454290776936,0.02,relative,True
Steel Reinforcement Bars,2023-01-01,mean_price,250,500,820.5542372994094,820.5514172438517,3.4367692341026577e-06,0.01,relative,True
Steel Reinforcement Bars,2023-01-01,q90_price,250,500,895.1902611540603,893.3601536708879,0.002044378231743741,0.02,relative,True
Steel Reinforcement Bars,2023-01-01,mean_internal_duration,250,500,11.952,11.794,0.15799999999999947,1.0,absolute_days,True
Steel Reinforcement Bars,2023-01-01,q90_internal_duration,250,500,18.199999999999818,20.0,1.800000000000182,2.0,absolute_days,True
Steel Reinforcement Bars,2023-01-01,mean_podn_duration,250,500,44.204,42.512,1.6920000000000002,1.0,absolute_days,False
Steel Reinforcement Bars,2023-01-01,q90_podn_duration,250,500,75.99999999999909,75.0,0.9999999999990905,2.0,absolute_days,True
Steel Reinforcement Bars,2023-01-01,mean_total_duration,250,500,56.156,54.306,1.8500000000000014,1.0,absolute_days,False
Steel Reinforcement Bars,2023-01-01,q90_total_duration,250,500,86.89999999999918,86.0,0.8999999999991815,2.0,absolute_days,True
Steel Reinforcement Bars,2023-02-01,mean_demand,250,500,84.69685752245327,84.57624963876792,0.0014239947881582123,0.01,relative,True
Steel Reinforcement Bars,2023-02-01,q90_demand,250,500,117.61587131466408,117.26023035807876,0.003023749708352313,0.02,relative,True
Steel Reinforcement Bars,2023-02-01,mean_price,250,500,823.6324327277886,823.0292988477825,0.0007322852476906389,0.01,relative,True
Steel Reinforcement Bars,2023-02-01,q90_price,250,500,890.2106113985993,890.3772928748959,0.00018723824919896832,0.02,relative,True
Steel Reinforcement Bars,2023-02-01,mean_internal_duration,250,500,12.236,12.184,0.05200000000000138,1.0,absolute_days,True
Steel Reinforcement Bars,2023-02-01,q90_internal_duration,250,500,20.0,20.0,0.0,2.0,absolute_days,True
Steel Reinforcement Bars,2023-02-01,mean_podn_duration,250,500,41.972,42.298,0.3260000000000005,1.0,absolute_days,True
Steel Reinforcement Bars,2023-02-01,q90_podn_duration,250,500,75.0,75.0,0.0,2.0,absolute_days,True
Steel Reinforcement Bars,2023-02-01,mean_total_duration,250,500,54.208,54.482,0.2740000000000009,1.0,absolute_days,True
Steel Reinforcement Bars,2023-02-01,q90_total_duration,250,500,86.0,86.0,0.0,2.0,absolute_days,True
Steel Reinforcement Bars,2023-03-01,mean_demand,250,500,94.73676105751089,95.12054466643022,0.0040510526709515715,0.01,relative,True
Steel Reinforcement Bars,2023-03-01,q90_demand,250,500,124.8061998650753,125.25680629805721,0.0036104491080495415,0.02,relative,True
Steel Reinforcement Bars,2023-03-01,mean_price,250,500,859.535657596754,860.1535101281394,0.0007188212913851981,0.01,relative,True
Steel Reinforcement Bars,2023-03-01,q90_price,250,500,961.3024154361989,961.2378122623978,6.720379847557795e-05,0.02,relative,True
Steel Reinforcement Bars,2023-03-01,mean_internal_duration,250,500,12.136,11.802,0.33399999999999963,1.0,absolute_days,True
Steel Reinforcement Bars,2023-03-01,q90_internal_duration,250,500,20.0,20.0,0.0,2.0,absolute_days,True
Steel Reinforcement Bars,2023-03-01,mean_podn_duration,250,500,40.672,42.12,1.4480000000000004,1.0,absolute_days,False
Steel Reinforcement Bars,2023-03-01,q90_podn_duration,250,500,75.0,75.0,0.0,2.0,absolute_days,True
Steel Reinforcement Bars,2023-03-01,mean_total_duration,250,500,52.808,53.922,1.1139999999999972,1.0,absolute_days,False
Steel Reinforcement Bars,2023-03-01,q90_total_duration,250,500,80.0,86.0,6.0,2.0,absolute_days,False
Steel Reinforcement Bars,2023-04-01,mean_demand,250,500,84.59246569805448,84.83111874560439,0.0028212092599564885,0.01,relative,True
Steel Reinforcement Bars,2023-04-01,q90_demand,250,500,115.42779076349129,115.6166574485137,0.001636232347281094,0.02,relative,True
Steel Reinforcement Bars,2023-04-01,mean_price,250,500,856.3451253678178,856.3360815670254,1.056092984529449e-05,0.01,relative,True
Steel Reinforcement Bars,2023-04-01,q90_price,250,500,917.2268740559707,917.6995997247252,0.0005153857591024375,0.02,relative,True
Steel Reinforcement Bars,2023-04-01,mean_internal_duration,250,500,12.028,12.008,0.02000000000000135,1.0,absolute_days,True
Steel Reinforcement Bars,2023-04-01,q90_internal_duration,250,500,18.199999999999818,20.0,1.800000000000182,2.0,absolute_days,True
Steel Reinforcement Bars,2023-04-01,mean_podn_duration,250,500,41.808,41.938,0.13000000000000256,1.0,absolute_days,True
Steel Reinforcement Bars,2023-04-01,q90_podn_duration,250,500,71.39999999999964,75.0,3.600000000000364,2.0,absolute_days,False
Steel Reinforcement Bars,2023-04-01,mean_total_duration,250,500,53.836,53.946,0.10999999999999943,1.0,absolute_days,True
Steel Reinforcement Bars,2023-04-01,q90_total_duration,250,500,80.59999999999945,80.60000000000218,2.7284841053187847e-12,2.0,absolute_days,True
Steel Reinforcement Bars,2023-05-01,mean_demand,250,500,80.18717592507147,80.88065395513452,0.008648241094199998,0.01,relative,True
Steel Reinforcement Bars,2023-05-01,q90_demand,250,500,114.30665282447039,115.15620031449397,0.0074321788717595415,0.02,relative,True
Steel Reinforcement Bars,2023-05-01,mean_price,250,500,866.8402322207949,866.8007759882637,4.551730649381694e-05,0.01,relative,True
Steel Reinforcement Bars,2023-05-01,q90_price,250,500,913.1052491232116,913.3205179368913,0.0002357546557600086,0.02,relative,True
Steel Reinforcement Bars,2023-05-01,mean_internal_duration,250,500,11.592,11.656,0.06400000000000006,1.0,absolute_days,True
Steel Reinforcement Bars,2023-05-01,q90_internal_duration,250,500,20.0,20.0,0.0,2.0,absolute_days,True
Steel Reinforcement Bars,2023-05-01,mean_podn_duration,250,500,45.644,44.292,1.3519999999999968,1.0,absolute_days,False
Steel Reinforcement Bars,2023-05-01,q90_podn_duration,250,500,85.0,75.0,10.0,2.0,absolute_days,False
Steel Reinforcement Bars,2023-05-01,mean_total_duration,250,500,57.236,55.948,1.2879999999999967,1.0,absolute_days,False
Steel Reinforcement Bars,2023-05-01,q90_total_duration,250,500,95.0,86.0,9.0,2.0,absolute_days,False
Cement,2022-07-01,mean_exposure,250,500,620.1590102478025,655.7311204586903,0.05735966038238148,0.01,relative,False
Cement,2022-07-01,q90_exposure,250,500,984.069329792267,1023.7594753513713,0.04033267205622871,0.02,relative,False
Cement,2022-07-01,q95_exposure,250,500,1248.6256692509899,1291.5672768805116,0.034391097898284456,0.02,relative,False
Cement,2022-07-01,q99_exposure,250,500,1419.4836605274238,1446.0060271506652,0.018684517025991505,0.05,relative,True
Cement,2022-08-01,mean_exposure,250,500,639.485167989856,623.2387585538055,0.025405451524574237,0.01,relative,False
Cement,2022-08-01,q90_exposure,250,500,1088.1607462686961,1042.0322142584362,0.042391284714537555,0.02,relative,False
Cement,2022-08-01,q95_exposure,250,500,1297.3253059305632,1282.6102693878654,0.011342595781821133,0.02,relative,True
Cement,2022-08-01,q99_exposure,250,500,1410.0137300718914,1427.8680948173285,0.01266254672890795,0.05,relative,True
Cement,2022-09-01,mean_exposure,250,500,617.1361235520336,612.5270238324421,0.007468530108176249,0.01,relative,True
Cement,2022-09-01,q90_exposure,250,500,977.0103083457799,955.7889744550359,0.021720685758858313,0.02,relative,False
Cement,2022-09-01,q95_exposure,250,500,1285.4546449030245,1240.106793153813,0.03527767543492953,0.02,relative,False
Cement,2022-09-01,q99_exposure,250,500,1405.9050709547141,1426.4817924616077,0.014635925235635196,0.05,relative,True
Cement,2022-10-01,mean_exposure,250,500,633.4659844735712,631.5208246254947,0.0030706618757011853,0.01,relative,True
Cement,2022-10-01,q90_exposure,250,500,954.4712099370828,974.600264849973,0.02108922165836417,0.02,relative,False
Cement,2022-10-01,q95_exposure,250,500,1145.6757747822126,1175.4864253173319,0.026020145656641954,0.02,relative,False
Cement,2022-10-01,q99_exposure,250,500,1405.692203291976,1450.6464829994277,0.0319801729014173,0.05,relative,True
Cement,2022-11-01,mean_exposure,250,500,576.277761145384,602.2726425241856,0.04510825010344887,0.01,relative,False
Cement,2022-11-01,q90_exposure,250,500,918.21734190613,940.9551441048127,0.024762984928471593,0.02,relative,False
Cement,2022-11-01,q95_exposure,250,500,1041.2310711524485,1143.112393734642,0.09784698651897683,0.02,relative,False
Cement,2022-11-01,q99_exposure,250,500,1298.9745409841985,1332.3838096398592,0.025719725523140308,0.05,relative,True
Cement,2022-12-01,mean_exposure,250,500,604.2404697886531,610.2646478274446,0.00996983542148152,0.01,relative,True
Cement,2022-12-01,q90_exposure,250,500,976.1225414282692,986.8197840841449,0.010958913662851613,0.02,relative,True
Cement,2022-12-01,q95_exposure,250,500,1177.915913448953,1131.361612816736,0.03952260097743775,0.02,relative,False
Cement,2022-12-01,q99_exposure,250,500,1362.590260391681,1350.5097201988663,0.008865864188213307,0.05,relative,True
Cement,2023-01-01,mean_exposure,250,500,609.811280230777,625.3718502478486,0.02551702554794132,0.01,relative,False
Cement,2023-01-01,q90_exposure,250,500,983.5367526143048,993.0083377488519,0.009630128319425823,0.02,relative,True
Cement,2023-01-01,q95_exposure,250,500,1282.2226252293708,1264.1154668329832,0.014121696217260633,0.02,relative,True
Cement,2023-01-01,q99_exposure,250,500,1408.4764412766951,1409.7326807331485,0.0008919137158692439,0.05,relative,True
Cement,2023-02-01,mean_exposure,250,500,614.5685781608342,620.2242690268528,0.009202700995458977,0.01,relative,True
Cement,2023-02-01,q90_exposure,250,500,1013.4818982426863,997.9624834511137,0.015312966929633617,0.02,relative,True
Cement,2023-02-01,q95_exposure,250,500,1192.4587722969138,1212.4197423982687,0.016739337715555604,0.02,relative,True
Cement,2023-02-01,q99_exposure,250,500,1379.3400370750453,1406.9046280116659,0.019983898238082436,0.05,relative,True
Cement,2023-03-01,mean_exposure,250,500,640.8345249510163,643.2294519330992,0.003737200304971014,0.01,relative,True
Cement,2023-03-01,q90_exposure,250,500,1024.0428840208267,1018.9468605235971,0.0049763770411844635,0.02,relative,True
Cement,2023-03-01,q95_exposure,250,500,1283.789720355831,1215.8874024087518,0.05289208728689502,0.02,relative,False
Cement,2023-03-01,q99_exposure,250,500,1473.6399509025803,1472.5112988818146,0.0007658940164280998,0.05,relative,True
Cement,2023-04-01,mean_exposure,250,500,643.2381791817681,633.9770047321119,0.014397737493500304,0.01,relative,False
Cement,2023-04-01,q90_exposure,250,500,1082.05325294452,1008.4392419160143,0.06803178201089889,0.02,relative,False
Cement,2023-04-01,q95_exposure,250,500,1293.5220474079024,1288.0555351981336,0.00422606806024154,0.02,relative,True
Cement,2023-04-01,q99_exposure,250,500,1423.6346067968727,1418.6602073833797,0.0034941546024125506,0.05,relative,True
Cement,2023-05-01,mean_exposure,250,500,662.6661320367772,658.6309918141546,0.006089250721506013,0.01,relative,True
Cement,2023-05-01,q90_exposure,250,500,1037.5725887578808,1031.521425593239,0.005832038384789934,0.02,relative,True
Cement,2023-05-01,q95_exposure,250,500,1232.9006253910857,1228.6442807503754,0.003452301469439292,0.02,relative,True
Cement,2023-05-01,q99_exposure,250,500,1452.3461619902055,1457.8859822243662,0.003814393826447901,0.05,relative,True
Granite,2022-07-01,mean_exposure,250,500,2937.522128992966,2920.302159247051,0.005862073199706696,0.01,relative,True
Granite,2022-07-01,q90_exposure,250,500,4593.964684227372,4601.474221382055,0.0016346527826966086,0.02,relative,True
Granite,2022-07-01,q95_exposure,250,500,5330.646075539332,5531.552020386481,0.037688854596639516,0.02,relative,False
Granite,2022-07-01,q99_exposure,250,500,6340.606116681328,6406.012486515609,0.010315475938838992,0.05,relative,True
Granite,2022-08-01,mean_exposure,250,500,2815.6652857862664,2906.957094521219,0.03242281999774687,0.01,relative,False
Granite,2022-08-01,q90_exposure,250,500,4333.114162607392,4631.3688328802045,0.06883148218124528,0.02,relative,False
Granite,2022-08-01,q95_exposure,250,500,5041.41840672756,5985.7482054934335,0.18731430771659524,0.02,relative,False
Granite,2022-08-01,q99_exposure,250,500,6326.697764056426,6395.572961163625,0.010886437075988718,0.05,relative,True
Granite,2022-09-01,mean_exposure,250,500,2857.7703424128395,2865.633016127901,0.0027513315532636975,0.01,relative,True
Granite,2022-09-01,q90_exposure,250,500,4660.229124071494,4702.2803321993715,0.009023420739265871,0.02,relative,True
Granite,2022-09-01,q95_exposure,250,500,5427.278976284186,5297.814905836971,0.023854323872596124,0.02,relative,False
Granite,2022-09-01,q99_exposure,250,500,6382.708736279992,6378.862291583336,0.0006026351593944377,0.05,relative,True
Granite,2022-10-01,mean_exposure,250,500,2739.7843995401413,2728.872992200201,0.0039825788269221086,0.01,relative,True
Granite,2022-10-01,q90_exposure,250,500,4171.348804644027,4199.598122715726,0.006772226297702276,0.02,relative,True
Granite,2022-10-01,q95_exposure,250,500,5588.890607020946,5616.724350678316,0.00498019117110729,0.02,relative,True
Granite,2022-10-01,q99_exposure,250,500,5938.461792381084,5956.801227244508,0.0030882466713775727,0.05,relative,True
Granite,2022-11-01,mean_exposure,250,500,2653.082065450748,2688.5202718260357,0.013357372859579065,0.01,relative,False
Granite,2022-11-01,q90_exposure,250,500,4099.638900520655,4096.107272355819,0.0008614485935303036,0.02,relative,True
Granite,2022-11-01,q95_exposure,250,500,4402.33448725428,4698.63530245722,0.06730538446381011,0.02,relative,False
Granite,2022-11-01,q99_exposure,250,500,6003.157449211917,5847.283431015019,0.025965338992959563,0.05,relative,True
Granite,2022-12-01,mean_exposure,250,500,2658.592256629686,2692.6543267725183,0.01281207001859441,0.01,relative,False
Granite,2022-12-01,q90_exposure,250,500,4180.219749247913,4217.905268773629,0.009015200584250845,0.02,relative,True
Granite,2022-12-01,q95_exposure,250,500,4953.240798226708,4946.810157138421,0.001298269426067193,0.02,relative,True
Granite,2022-12-01,q99_exposure,250,500,6110.378914764701,6105.5898734203,0.0007837552157083374,0.05,relative,True
Granite,2023-01-01,mean_exposure,250,500,2790.9727359927724,2747.758224208177,0.015483673927478738,0.01,relative,False
Granite,2023-01-01,q90_exposure,250,500,4423.37173942764,4199.755820136438,0.05055327303785156,0.02,relative,False
Granite,2023-01-01,q95_exposure,250,500,5255.779118794185,5058.846255422165,0.03746977544543412,0.02,relative,False
Granite,2023-01-01,q99_exposure,250,500,6093.835746890474,6037.637995574526,0.009222065321439687,0.05,relative,True
Granite,2023-02-01,mean_exposure,250,500,2851.1183747375744,2789.7708147903822,0.02151701609121676,0.01,relative,False
Granite,2023-02-01,q90_exposure,250,500,4381.883511007801,4381.883511007801,0.0,0.02,relative,True
Granite,2023-02-01,q95_exposure,250,500,5586.294295154629,5057.549121283642,0.0946504329944814,0.02,relative,False
Granite,2023-02-01,q99_exposure,250,500,5956.187677294154,5934.608682611583,0.0036229541196011964,0.05,relative,True
Granite,2023-03-01,mean_exposure,250,500,2729.908627829411,2723.3966242626975,0.0023854291313374423,0.01,relative,True
Granite,2023-03-01,q90_exposure,250,500,4531.464743557267,4275.9196103566655,0.056393494744481826,0.02,relative,False
Granite,2023-03-01,q95_exposure,250,500,5721.974360134355,5615.1413056090205,0.018670662921814678,0.02,relative,True
Granite,2023-03-01,q99_exposure,250,500,6081.365093604363,6050.972985768489,0.00499757988018794,0.05,relative,True
Granite,2023-04-01,mean_exposure,250,500,2802.9692046260957,2678.9209246337755,0.04425602671181245,0.01,relative,False
Granite,2023-04-01,q90_exposure,250,500,4589.424090231753,4157.5987416617645,0.09409140233719016,0.02,relative,False
Granite,2023-04-01,q95_exposure,250,500,5676.911772588275,5582.484829699628,0.01663350544650005,0.02,relative,True
Granite,2023-04-01,q99_exposure,250,500,6091.232977528912,6075.432263320029,0.002594009171406334,0.05,relative,True
Granite,2023-05-01,mean_exposure,250,500,2820.359308208055,2792.599567831453,0.00984262547534754,0.01,relative,True
Granite,2023-05-01,q90_exposure,250,500,4402.336884058354,4324.663880383073,0.017643584696243778,0.02,relative,True
Granite,2023-05-01,q95_exposure,250,500,4981.524079344096,4953.72299760779,0.005580838573396398,0.02,relative,True
Granite,2023-05-01,q99_exposure,250,500,6029.8571488221005,6014.21791686877,0.0025936322482176337,0.05,relative,True
Ready Mixed Concrete,2022-07-01,mean_exposure,250,500,1779.7759626188922,1776.262534133628,0.001974084693274748,0.01,relative,True
Ready Mixed Concrete,2022-07-01,q90_exposure,250,500,2704.1751362528125,2760.6324227508035,0.02087782175832888,0.02,relative,False
Ready Mixed Concrete,2022-07-01,q95_exposure,250,500,3683.372950184853,3562.6915206345375,0.03276383661998141,0.02,relative,False
Ready Mixed Concrete,2022-07-01,q99_exposure,250,500,3817.0710731770887,3837.832504568285,0.00543910003067242,0.05,relative,True
Ready Mixed Concrete,2022-08-01,mean_exposure,250,500,1772.6968064368023,1771.9530889904784,0.00041954012870300326,0.01,relative,True
Ready Mixed Concrete,2022-08-01,q90_exposure,250,500,2810.8565292726967,2827.2334235892754,0.005826300327329839,0.02,relative,True
Ready Mixed Concrete,2022-08-01,q95_exposure,250,500,3739.194714463286,3716.4181572038146,0.006091300132451255,0.02,relative,True
Ready Mixed Concrete,2022-08-01,q99_exposure,250,500,3867.37845040231,3863.848654603803,0.0009127102102303884,0.05,relative,True
Ready Mixed Concrete,2022-09-01,mean_exposure,250,500,1741.9827628581427,1770.436432740205,0.01633407085807048,0.01,relative,False
Ready Mixed Concrete,2022-09-01,q90_exposure,250,500,2726.499667295392,2781.708831402249,0.020249099887704274,0.02,relative,False
Ready Mixed Concrete,2022-09-01,q95_exposure,250,500,3115.521320735389,3283.133545396514,0.0537990940859816,0.02,relative,False
Ready Mixed Concrete,2022-09-01,q99_exposure,250,500,3762.3018473158836,3910.616783492041,0.03942132827060884,0.05,relative,True
Ready Mixed Concrete,2022-10-01,mean_exposure,250,500,1769.8208456336959,1758.379426754799,0.006464732804523069,0.01,relative,True
Ready Mixed Concrete,2022-10-01,q90_exposure,250,500,2874.3586502823796,2797.388752771423,0.026778111876677325,0.02,relative,False
Ready Mixed Concrete,2022-10-01,q95_exposure,250,500,3766.479249790288,3712.993397988838,0.014200490233532627,0.02,relative,True
Ready Mixed Concrete,2022-10-01,q99_exposure,250,500,3977.8266031140934,3920.243156144568,0.01447610786363729,0.05,relative,True
Ready Mixed Concrete,2022-11-01,mean_exposure,250,500,1743.3438847267018,1725.011050380134,0.010515902517673245,0.01,relative,False
Ready Mixed Concrete,2022-11-01,q90_exposure,250,500,2930.4750395185806,2732.3033675749703,0.06762441900073855,0.02,relative,False
Ready Mixed Concrete,2022-11-01,q95_exposure,250,500,3603.5033552178115,3596.141824165831,0.0020428816977014863,0.02,relative,True
Ready Mixed Concrete,2022-11-01,q99_exposure,250,500,3790.0489941074215,3796.9972887594918,0.0018332994277575508,0.05,relative,True
Ready Mixed Concrete,2022-12-01,mean_exposure,250,500,1757.8794105777527,1775.210205879374,0.009858921605962292,0.01,relative,True
Ready Mixed Concrete,2022-12-01,q90_exposure,250,500,2615.0031985149362,2653.6438322010245,0.014776514884583043,0.02,relative,True
Ready Mixed Concrete,2022-12-01,q95_exposure,250,500,3054.2748406039505,3443.9369070990224,0.12757924117202904,0.02,relative,False
Ready Mixed Concrete,2022-12-01,q99_exposure,250,500,3906.3172394030084,3874.396950096232,0.008171453404960685,0.05,relative,True
Ready Mixed Concrete,2023-01-01,mean_exposure,250,500,1728.17496185757,1748.0788773379086,0.011517303467320453,0.01,relative,False
Ready Mixed Concrete,2023-01-01,q90_exposure,250,500,2907.0472274172407,2891.6936783652814,0.005281492817576337,0.02,relative,True
Ready Mixed Concrete,2023-01-01,q95_exposure,250,500,3490.342469778568,3516.38796183056,0.0074621594521194,0.02,relative,True
Ready Mixed Concrete,2023-01-01,q99_exposure,250,500,3769.6763832548686,3794.980983481314,0.006712671766428027,0.05,relative,True
Ready Mixed Concrete,2023-02-01,mean_exposure,250,500,1641.938499501813,1641.8065229691792,8.03784871808016e-05,0.01,relative,True
Ready Mixed Concrete,2023-02-01,q90_exposure,250,500,2533.384793242659,2532.027136562516,0.00053590622465419,0.02,relative,True
Ready Mixed Concrete,2023-02-01,q95_exposure,250,500,2981.079584705585,2997.3779875896535,0.005467282043621777,0.02,relative,True
Ready Mixed Concrete,2023-02-01,q99_exposure,250,500,3661.628240309021,3664.9655029619753,0.0009114149318099,0.05,relative,True
Ready Mixed Concrete,2023-03-01,mean_exposure,250,500,1616.8552861515193,1670.44811430742,0.03314633573884257,0.01,relative,False
Ready Mixed Concrete,2023-03-01,q90_exposure,250,500,2690.7811112605946,2733.559785565706,0.015898236436285327,0.02,relative,True
Ready Mixed Concrete,2023-03-01,q95_exposure,250,500,2966.1007983038107,3477.8813808327886,0.17254321998148,0.02,relative,False
Ready Mixed Concrete,2023-03-01,q99_exposure,250,500,3735.462672103144,3800.1559884622407,0.01731868901869467,0.05,relative,True
Ready Mixed Concrete,2023-04-01,mean_exposure,250,500,1694.942816052215,1697.0509096847989,0.001243755017938562,0.01,relative,True
Ready Mixed Concrete,2023-04-01,q90_exposure,250,500,2600.5763606537234,2641.659147738515,0.015797569995008462,0.02,relative,True
Ready Mixed Concrete,2023-04-01,q95_exposure,250,500,3205.9021296605515,3483.614919537808,0.08662547346904234,0.02,relative,False
Ready Mixed Concrete,2023-04-01,q99_exposure,250,500,3631.0156981089913,3685.5205764552543,0.015010917847215255,0.05,relative,True
Ready Mixed Concrete,2023-05-01,mean_exposure,250,500,1736.3504121391913,1739.006785825208,0.001529860371181636,0.01,relative,True
Ready Mixed Concrete,2023-05-01,q90_exposure,250,500,2591.7970454770525,2605.9847214556703,0.005474069045404892,0.02,relative,True
Ready Mixed Concrete,2023-05-01,q95_exposure,250,500,3000.118118083805,3513.9584566694075,0.17127336936780205,0.02,relative,False
Ready Mixed Concrete,2023-05-01,q99_exposure,250,500,3812.847506790191,3791.023399195379,0.005723834366820544,0.05,relative,True
Steel Reinforcement Bars,2022-07-01,mean_exposure,250,500,140.57315749410506,143.12149367367488,0.018128184818475605,0.01,relative,False
Steel Reinforcement Bars,2022-07-01,q90_exposure,250,500,209.45660156034222,224.64021597497293,0.07249050305180509,0.02,relative,False
Steel Reinforcement Bars,2022-07-01,q95_exposure,250,500,267.0706249632889,268.573965487985,0.005628999913048321,0.02,relative,True
Steel Reinforcement Bars,2022-07-01,q99_exposure,250,500,350.7933774718032,339.34911441848453,0.03262394272035122,0.05,relative,True
Steel Reinforcement Bars,2022-08-01,mean_exposure,250,500,151.43568438203388,151.44044390828714,3.142935743761298e-05,0.01,relative,True
Steel Reinforcement Bars,2022-08-01,q90_exposure,250,500,248.99698188130034,249.00910170479918,4.8674579937732794e-05,0.02,relative,True
Steel Reinforcement Bars,2022-08-01,q95_exposure,250,500,275.89580797807014,294.38528147927224,0.06701614510457424,0.02,relative,False
Steel Reinforcement Bars,2022-08-01,q99_exposure,250,500,347.7385199692917,342.1519691207747,0.01606537823020105,0.05,relative,True
Steel Reinforcement Bars,2022-09-01,mean_exposure,250,500,167.72089834000525,168.9399661832754,0.007268431396061619,0.01,relative,True
Steel Reinforcement Bars,2022-09-01,q90_exposure,250,500,283.7000107991155,280.95079303103756,0.009690580413916917,0.02,relative,True
Steel Reinforcement Bars,2022-09-01,q95_exposure,250,500,337.28778439656213,324.6070325227615,0.03759623816939488,0.02,relative,False
Steel Reinforcement Bars,2022-09-01,q99_exposure,250,500,408.4882851987263,404.5304822050948,0.009688902073913977,0.05,relative,True
Steel Reinforcement Bars,2022-10-01,mean_exposure,250,500,168.16955136863035,172.29329570290108,0.024521349439955462,0.01,relative,False
Steel Reinforcement Bars,2022-10-01,q90_exposure,250,500,261.1157114303264,269.94353811026605,0.03380810228378445,0.02,relative,False
Steel Reinforcement Bars,2022-10-01,q95_exposure,250,500,314.70335238933825,338.5530421609842,0.07578467019995416,0.02,relative,False
Steel Reinforcement Bars,2022-10-01,q99_exposure,250,500,433.5392953865494,421.45675397005544,0.02786954157343681,0.05,relative,True
Steel Reinforcement Bars,2022-11-01,mean_exposure,250,500,149.5397974216615,154.94165771409658,0.03612322863594174,0.01,relative,False
Steel Reinforcement Bars,2022-11-01,q90_exposure,250,500,244.7469943664714,257.0314402135334,0.05019242781248593,0.02,relative,False
Steel Reinforcement Bars,2022-11-01,q95_exposure,250,500,261.9648965305638,301.9082421197778,0.15247594665628705,0.02,relative,False
Steel Reinforcement Bars,2022-11-01,q99_exposure,250,500,341.7055330388148,365.5546574320749,0.06979437582168467,0.05,relative,False
Steel Reinforcement Bars,2022-12-01,mean_exposure,250,500,159.87116551388917,160.9853118527253,0.006969026185896716,0.01,relative,True
Steel Reinforcement Bars,2022-12-01,q90_exposure,250,500,267.71652673378696,270.68814880457955,0.011099882801585591,0.02,relative,True
Steel Reinforcement Bars,2022-12-01,q95_exposure,250,500,335.6129521273007,334.3185131488206,0.0038569398775440233,0.02,relative,True
Steel Reinforcement Bars,2022-12-01,q99_exposure,250,500,388.703656055053,394.8028372628183,0.015691082686655915,0.05,relative,True
Steel Reinforcement Bars,2023-01-01,mean_exposure,250,500,157.32083772138918,150.2781815528145,0.044766200527402746,0.01,relative,False
Steel Reinforcement Bars,2023-01-01,q90_exposure,250,500,277.34159360118826,261.6335996679226,0.05663771426890056,0.02,relative,False
Steel Reinforcement Bars,2023-01-01,q95_exposure,250,500,311.2632876463541,309.80721424327123,0.004677947772424802,0.02,relative,True
Steel Reinforcement Bars,2023-01-01,q99_exposure,250,500,369.71327956485374,377.80234890024406,0.021879304267650373,0.05,relative,True
Steel Reinforcement Bars,2023-02-01,mean_exposure,250,500,160.89033634531754,160.29561133957736,0.0036964619457549026,0.01,relative,True
Steel Reinforcement Bars,2023-02-01,q90_exposure,250,500,262.4579005122919,263.6547808937374,0.004560275682725727,0.02,relative,True
Steel Reinforcement Bars,2023-02-01,q95_exposure,250,500,307.4282527204096,295.5921669558055,0.038500318886984054,0.02,relative,False
Steel Reinforcement Bars,2023-02-01,q99_exposure,250,500,391.52394288015694,367.6263472875867,0.06103737977497105,0.05,relative,False
Steel Reinforcement Bars,2023-03-01,mean_exposure,250,500,164.63269380933966,167.97948883419792,0.020328860248950153,0.01,relative,False
Steel Reinforcement Bars,2023-03-01,q90_exposure,250,500,269.6526704555893,275.97068146789235,0.023430181505818173,0.02,relative,False
Steel Reinforcement Bars,2023-03-01,q95_exposure,250,500,291.6232997856685,334.51299150774736,0.1470722392675793,0.02,relative,False
Steel Reinforcement Bars,2023-03-01,q99_exposure,250,500,405.4149250047271,411.1565501240335,0.01416234273871266,0.05,relative,True
Steel Reinforcement Bars,2023-04-01,mean_exposure,250,500,159.15719883745624,158.00946467745234,0.0072113242026585825,0.01,relative,True
Steel Reinforcement Bars,2023-04-01,q90_exposure,250,500,272.7649383543959,269.6628357135072,0.011372805682445199,0.02,relative,True
Steel Reinforcement Bars,2023-04-01,q95_exposure,250,500,306.4000539022161,311.32113593949333,0.016060969881055404,0.02,relative,True
Steel Reinforcement Bars,2023-04-01,q99_exposure,250,500,379.9150199764855,387.09768759134386,0.018905984857621384,0.05,relative,True
Steel Reinforcement Bars,2023-05-01,mean_exposure,250,500,150.89495539913955,150.99151580934878,0.0006399180804541746,0.01,relative,True
Steel Reinforcement Bars,2023-05-01,q90_exposure,250,500,254.16523017036778,249.60945429886226,0.017924465389903117,0.02,relative,True
Steel Reinforcement Bars,2023-05-01,q95_exposure,250,500,292.9173550484776,294.6569620891815,0.005938900548982488,0.02,relative,True
Steel Reinforcement Bars,2023-05-01,q99_exposure,250,500,341.06516528417103,342.3291469616829,0.003705982921060689,0.05,relative,True
Cement,2022-07-01,mean_demand,500,1000,364.636875083064,364.1613163229353,0.0013041982109471902,0.01,relative,True
Cement,2022-07-01,q90_demand,500,1000,424.6071999011168,423.4425931936371,0.0027427860567388767,0.02,relative,True
Cement,2022-07-01,mean_price,500,1000,113.59738584631707,113.63941075404493,0.0003699460811951997,0.01,relative,True
Cement,2022-07-01,q90_price,500,1000,121.49324472720927,121.49324472720927,0.0,0.02,relative,True
Cement,2022-07-01,mean_internal_duration,500,1000,11.39,11.508,0.11799999999999855,1.0,absolute_days,True
Cement,2022-07-01,q90_internal_duration,500,1000,18.200000000000728,20.0,1.7999999999992724,2.0,absolute_days,True
Cement,2022-07-01,mean_podn_duration,500,1000,43.794,43.623,0.17099999999999937,1.0,absolute_days,True
Cement,2022-07-01,q90_podn_duration,500,1000,75.0,75.0,0.0,2.0,absolute_days,True
Cement,2022-07-01,mean_total_duration,500,1000,55.184,55.131,0.05299999999999727,1.0,absolute_days,True
Cement,2022-07-01,q90_total_duration,500,1000,86.0,86.0,0.0,2.0,absolute_days,True
Cement,2022-08-01,mean_demand,500,1000,338.9805464096426,338.9518037488606,8.479147575417252e-05,0.01,relative,True
Cement,2022-08-01,q90_demand,500,1000,393.61285499196373,394.1876007837792,0.0014601804400600892,0.02,relative,True
Cement,2022-08-01,mean_price,500,1000,113.54158016965205,113.53893191320196,2.3324111273858636e-05,0.01,relative,True
Cement,2022-08-01,q90_price,500,1000,121.61388559944348,121.60957058386107,3.548127387869837e-05,0.02,relative,True
Cement,2022-08-01,mean_internal_duration,500,1000,11.1,11.428,0.3280000000000012,1.0,absolute_days,True
Cement,2022-08-01,q90_internal_duration,500,1000,18.0,18.0,0.0,2.0,absolute_days,True
Cement,2022-08-01,mean_podn_duration,500,1000,43.076,43.339,0.2629999999999981,1.0,absolute_days,True
Cement,2022-08-01,q90_podn_duration,500,1000,75.0,75.0,0.0,2.0,absolute_days,True
Cement,2022-08-01,mean_total_duration,500,1000,54.176,54.767,0.5910000000000011,1.0,absolute_days,True
Cement,2022-08-01,q90_total_duration,500,1000,86.0,86.0,0.0,2.0,absolute_days,True
Cement,2022-09-01,mean_demand,500,1000,358.5713049142782,358.71889776491594,0.0004116136696243282,0.01,relative,True
Cement,2022-09-01,q90_demand,500,1000,420.47099536988003,420.66403216584644,0.0004590965800068947,0.02,relative,True
Cement,2022-09-01,mean_price,500,1000,112.12909190805505,112.0442767712588,0.0007564061685775468,0.01,relative,True
Cement,2022-09-01,q90_price,500,1000,121.94166860723675,121.98949819406221,0.00039223333067150756,0.02,relative,True
Cement,2022-09-01,mean_internal_duration,500,1000,11.844,11.743,0.10099999999999909,1.0,absolute_days,True
Cement,2022-09-01,q90_internal_duration,500,1000,20.0,20.0,0.0,2.0,absolute_days,True
Cement,2022-09-01,mean_podn_duration,500,1000,40.924,41.938,1.014000000000003,1.0,absolute_days,False
Cement,2022-09-01,q90_podn_duration,500,1000,71.0,75.0,4.0,2.0,absolute_days,False
Cement,2022-09-01,mean_total_duration,500,1000,52.768,53.681,0.9129999999999967,1.0,absolute_days,True
Cement,2022-09-01,q90_total_duration,500,1000,80.0,86.0,6.0,2.0,absolute_days,False
Cement,2022-10-01,mean_demand,500,1000,355.3752560721473,355.6940056264987,0.000896937951939782,0.01,relative,True
Cement,2022-10-01,q90_demand,500,1000,406.05437385653295,406.16418389005923,0.00027043184508359735,0.02,relative,True
Cement,2022-10-01,mean_price,500,1000,111.38120180357834,111.4296903979649,0.0004353391200795193,0.01,relative,True
Cement,2022-10-01,q90_price,500,1000,121.78646696025507,121.74355418826552,0.0003523607594557577,0.02,relative,True
Cement,2022-10-01,mean_internal_duration,500,1000,11.632,11.876,0.24399999999999977,1.0,absolute_days,True
Cement,2022-10-01,q90_internal_duration,500,1000,20.0,20.0,0.0,2.0,absolute_days,True
Cement,2022-10-01,mean_podn_duration,500,1000,40.864,40.434,0.4299999999999997,1.0,absolute_days,True
Cement,2022-10-01,q90_podn_duration,500,1000,71.0,71.0,0.0,2.0,absolute_days,True
Cement,2022-10-01,mean_total_duration,500,1000,52.496,52.31,0.18599999999999994,1.0,absolute_days,True
Cement,2022-10-01,q90_total_duration,500,1000,80.0,80.0,0.0,2.0,absolute_days,True
Cement,2022-11-01,mean_demand,500,1000,339.11109538857767,339.0780712997478,9.738427694914047e-05,0.01,relative,True
Cement,2022-11-01,q90_demand,500,1000,394.57338683697077,394.56013257047243,3.359138487414647e-05,0.02,relative,True
Cement,2022-11-01,mean_price,500,1000,111.98526812713648,111.96279449683482,0.0002006838102682135,0.01,relative,True
Cement,2022-11-01,q90_price,500,1000,122.09275178963925,122.09405744273793,1.0693944395098982e-05,0.02,relative,True
Cement,2022-11-01,mean_internal_duration,500,1000,11.606,11.615,0.009000000000000341,1.0,absolute_days,True
Cement,2022-11-01,q90_internal_duration,500,1000,20.0,20.0,0.0,2.0,absolute_days,True
Cement,2022-11-01,mean_podn_duration,500,1000,42.896,41.703,1.1929999999999978,1.0,absolute_days,False
Cement,2022-11-01,q90_podn_duration,500,1000,75.0,71.40000000000146,3.599999999998545,2.0,absolute_days,False
Cement,2022-11-01,mean_total_duration,500,1000,54.502,53.318,1.1840000000000046,1.0,absolute_days,False
Cement,2022-11-01,q90_total_duration,500,1000,80.60000000000218,80.0,0.6000000000021828,2.0,absolute_days,True
Cement,2022-12-01,mean_demand,500,1000,323.2494813701852,323.0330531802561,0.0006695391714526854,0.01,relative,True
Cement,2022-12-01,q90_demand,500,1000,371.1753093656251,370.9176697416989,0.0006941184325178489,0.02,relative,True
Cement,2022-12-01,mean_price,500,1000,111.90502875636494,111.97102890316688,0.0005897871394647781,0.01,relative,True
Cement,2022-12-01,q90_price,500,1000,121.8567275507526,121.95861652007821,0.0008361374162389029,0.02,relative,True
Cement,2022-12-01,mean_internal_duration,500,1000,11.34,11.499,0.1590000000000007,1.0,absolute_days,True
Cement,2022-12-01,q90_internal_duration,500,1000,18.0,18.0,0.0,2.0,absolute_days,True
Cement,2022-12-01,mean_podn_duration,500,1000,42.344,42.41,0.0659999999999954,1.0,absolute_days,True
Cement,2022-12-01,q90_podn_duration,500,1000,75.0,75.0,0.0,2.0,absolute_days,True
Cement,2022-12-01,mean_total_duration,500,1000,53.684,53.909,0.22500000000000142,1.0,absolute_days,True
Cement,2022-12-01,q90_total_duration,500,1000,86.0,86.0,0.0,2.0,absolute_days,True
Cement,2023-01-01,mean_demand,500,1000,336.8964796785661,337.4395809801809,0.0016120717620230751,0.01,relative,True
Cement,2023-01-01,q90_demand,500,1000,400.3899242497948,400.64505130817884,0.0006371965000420279,0.02,relative,True
Cement,2023-01-01,mean_price,500,1000,111.11376398858393,111.12542436627784,0.00010494089368723378,0.01,relative,True
Cement,2023-01-01,q90_price,500,1000,121.41979482937847,121.40011523682554,0.0001620789475108824,0.02,relative,True
Cement,2023-01-01,mean_internal_duration,500,1000,11.574,11.8,0.22600000000000087,1.0,absolute_days,True
Cement,2023-01-01,q90_internal_duration,500,1000,18.200000000000728,20.0,1.7999999999992724,2.0,absolute_days,True
Cement,2023-01-01,mean_podn_duration,500,1000,41.636,41.082,0.554000000000002,1.0,absolute_days,True
Cement,2023-01-01,q90_podn_duration,500,1000,75.0,75.0,0.0,2.0,absolute_days,True
Cement,2023-01-01,mean_total_duration,500,1000,53.21,52.882,0.32800000000000296,1.0,absolute_days,True
Cement,2023-01-01,q90_total_duration,500,1000,86.0,86.0,0.0,2.0,absolute_days,True
Cement,2023-02-01,mean_demand,500,1000,368.2219468194125,368.06078252547326,0.00043768247746046705,0.01,relative,True
Cement,2023-02-01,q90_demand,500,1000,438.46869227919063,438.0325178678664,0.0009947675147728213,0.02,relative,True
Cement,2023-02-01,mean_price,500,1000,106.52533753039377,106.53412651292435,8.250602846545753e-05,0.01,relative,True
Cement,2023-02-01,q90_price,500,1000,114.87615881736397,114.84519612066269,0.00026953109348395315,0.02,relative,True
Cement,2023-02-01,mean_internal_duration,500,1000,11.846,11.596,0.25,1.0,absolute_days,True
Cement,2023-02-01,q90_internal_duration,500,1000,20.0,20.0,0.0,2.0,absolute_days,True
Cement,2023-02-01,mean_podn_duration,500,1000,41.974,41.572,0.4019999999999939,1.0,absolute_days,True
Cement,2023-02-01,q90_podn_duration,500,1000,71.0,71.0,0.0,2.0,absolute_days,True
Cement,2023-02-01,mean_total_duration,500,1000,53.82,53.168,0.652000000000001,1.0,absolute_days,True
Cement,2023-02-01,q90_total_duration,500,1000,86.0,80.60000000000218,5.399999999997817,2.0,absolute_days,False
Cement,2023-03-01,mean_demand,500,1000,350.584555845183,350.6335366392442,0.0001397117849162697,0.01,relative,True
Cement,2023-03-01,q90_demand,500,1000,415.25196218686864,415.05602488659935,0.0004718515939994969,0.02,relative,True
Cement,2023-03-01,mean_price,500,1000,105.73589217554215,105.75405206750202,0.00017174765906093168,0.01,relative,True
Cement,2023-03-01,q90_price,500,1000,113.6330214413977,113.55258007933742,0.0007079048065422536,0.02,relative,True
Cement,2023-03-01,mean_internal_duration,500,1000,11.91,11.703,0.20700000000000074,1.0,absolute_days,True
Cement,2023-03-01,q90_internal_duration,500,1000,20.0,18.0,2.0,2.0,absolute_days,True
Cement,2023-03-01,mean_podn_duration,500,1000,40.37,40.885,0.5150000000000006,1.0,absolute_days,True
Cement,2023-03-01,q90_podn_duration,500,1000,71.0,71.0,0.0,2.0,absolute_days,True
Cement,2023-03-01,mean_total_duration,500,1000,52.28,52.588,0.30799999999999983,1.0,absolute_days,True
Cement,2023-03-01,q90_total_duration,500,1000,80.0,80.0,0.0,2.0,absolute_days,True
Cement,2023-04-01,mean_demand,500,1000,368.1439996978817,367.422448682451,0.001959969511992293,0.01,relative,True
Cement,2023-04-01,q90_demand,500,1000,444.97280273913753,444.81552873227713,0.00035344633625306244,0.02,relative,True
Cement,2023-04-01,mean_price,500,1000,103.15100042219785,103.1849486511768,0.0003291119702183463,0.01,relative,True
Cement,2023-04-01,q90_price,500,1000,111.3150850126071,111.33297364798496,0.00016070270597944575,0.02,relative,True
Cement,2023-04-01,mean_internal_duration,500,1000,11.64,11.717,0.07699999999999996,1.0,absolute_days,True
Cement,2023-04-01,q90_internal_duration,500,1000,20.0,20.0,0.0,2.0,absolute_days,True
Cement,2023-04-01,mean_podn_duration,500,1000,42.444,42.866,0.42199999999999704,1.0,absolute_days,True
Cement,2023-04-01,q90_podn_duration,500,1000,75.0,75.0,0.0,2.0,absolute_days,True
Cement,2023-04-01,mean_total_duration,500,1000,54.084,54.583,0.4989999999999952,1.0,absolute_days,True
Cement,2023-04-01,q90_total_duration,500,1000,86.0,86.0,0.0,2.0,absolute_days,True
Cement,2023-05-01,mean_demand,500,1000,355.2830842879661,356.0848883807922,0.00225680345697579,0.01,relative,True
Cement,2023-05-01,q90_demand,500,1000,424.2663329992966,424.9300895781189,0.0015644809102102427,0.02,relative,True
Cement,2023-05-01,mean_price,500,1000,102.61147554294912,102.61799249744807,6.351097150163282e-05,0.01,relative,True
Cement,2023-05-01,q90_price,500,1000,111.11594350570786,111.13052469258984,0.0001312249747601197,0.02,relative,True
Cement,2023-05-01,mean_internal_duration,500,1000,11.616,11.613,0.0030000000000001137,1.0,absolute_days,True
Cement,2023-05-01,q90_internal_duration,500,1000,18.0,18.0,0.0,2.0,absolute_days,True
Cement,2023-05-01,mean_podn_duration,500,1000,42.948,43.121,0.17300000000000182,1.0,absolute_days,True
Cement,2023-05-01,q90_podn_duration,500,1000,75.0,75.0,0.0,2.0,absolute_days,True
Cement,2023-05-01,mean_total_duration,500,1000,54.564,54.734,0.1700000000000017,1.0,absolute_days,True
Cement,2023-05-01,q90_total_duration,500,1000,86.0,86.0,0.0,2.0,absolute_days,True
Granite,2022-07-01,mean_demand,500,1000,1655.893163806141,1657.1933608578388,0.0007851938036323506,0.01,relative,True
Granite,2022-07-01,q90_demand,500,1000,1832.665037845391,1832.6633353468446,9.289742048915421e-07,0.02,relative,True
Granite,2022-07-01,mean_price,500,1000,20.81340497961029,20.8202046415333,0.00032669627721522524,0.01,relative,True
Granite,2022-07-01,q90_price,500,1000,22.2425730865241,22.254623314774058,0.0005417641296752082,0.02,relative,True
Granite,2022-07-01,mean_internal_duration,500,1000,11.552,11.684,0.13199999999999967,1.0,absolute_days,True
Granite,2022-07-01,q90_internal_duration,500,1000,20.0,20.0,0.0,2.0,absolute_days,True
Granite,2022-07-01,mean_podn_duration,500,1000,42.706,42.202,0.5040000000000049,1.0,absolute_days,True
Granite,2022-07-01,q90_podn_duration,500,1000,75.0,75.0,0.0,2.0,absolute_days,True
Granite,2022-07-01,mean_total_duration,500,1000,54.258,53.886,0.3719999999999999,1.0,absolute_days,True
Granite,2022-07-01,q90_total_duration,500,1000,86.0,80.0,6.0,2.0,absolute_days,False
Granite,2022-08-01,mean_demand,500,1000,1586.2453443776233,1586.9359316277432,0.00043535967028537995,0.01,relative,True
Granite,2022-08-01,q90_demand,500,1000,1764.77062743943,1766.1038995776255,0.000755493160111135,0.02,relative,True
Granite,2022-08-01,mean_price,500,1000,20.34775340451138,20.362020629493344,0.000701169544289874,0.01,relative,True
Granite,2022-08-01,q90_price,500,1000,21.731961873013592,21.751688382173953,0.0009077187451196718,0.02,relative,True
Granite,2022-08-01,mean_internal_duration,500,1000,11.258,11.424,0.16600000000000037,1.0,absolute_days,True
Granite,2022-08-01,q90_internal_duration,500,1000,18.0,20.0,2.0,2.0,absolute_days,True
Granite,2022-08-01,mean_podn_duration,500,1000,42.096,41.306,0.7899999999999991,1.0,absolute_days,True
Granite,2022-08-01,q90_podn_duration,500,1000,75.0,71.0,4.0,2.0,absolute_days,False
Granite,2022-08-01,mean_total_duration,500,1000,53.354,52.73,0.6240000000000023,1.0,absolute_days,True
Granite,2022-08-01,q90_total_duration,500,1000,86.0,80.0,6.0,2.0,absolute_days,False
Granite,2022-09-01,mean_demand,500,1000,1641.8201635817904,1641.8518722346248,1.9313109643624095e-05,0.01,relative,True
Granite,2022-09-01,q90_demand,500,1000,1812.01541190898,1811.0842120532936,0.0005139028341405455,0.02,relative,True
Granite,2022-09-01,mean_price,500,1000,20.265256959134003,20.275223537302946,0.0004918061581474426,0.01,relative,True
Granite,2022-09-01,q90_price,500,1000,21.574480627551168,21.590719957043845,0.0007527101010227433,0.02,relative,True
Granite,2022-09-01,mean_internal_duration,500,1000,11.468,11.654,0.18599999999999994,1.0,absolute_days,True
Granite,2022-09-01,q90_internal_duration,500,1000,20.0,20.0,0.0,2.0,absolute_days,True
Granite,2022-09-01,mean_podn_duration,500,1000,41.66,41.871,0.21100000000000563,1.0,absolute_days,True
Granite,2022-09-01,q90_podn_duration,500,1000,75.0,71.40000000000146,3.599999999998545,2.0,absolute_days,False
Granite,2022-09-01,mean_total_duration,500,1000,53.128,53.525,0.39699999999999847,1.0,absolute_days,True
Granite,2022-09-01,q90_total_duration,500,1000,86.0,86.0,0.0,2.0,absolute_days,True
Granite,2022-10-01,mean_demand,500,1000,1597.9144354896487,1597.1714411424603,0.0004649775549219184,0.01,relative,True
Granite,2022-10-01,q90_demand,500,1000,1768.0848574628856,1766.3592299582904,0.0009759868126869122,0.02,relative,True
Granite,2022-10-01,mean_price,500,1000,20.601696141589287,20.59769380527424,0.00019427217485103667,0.01,relative,True
Granite,2022-10-01,q90_price,500,1000,21.794389462462185,21.80931805431614,0.0006849740792082239,0.02,relative,True
Granite,2022-10-01,mean_internal_duration,500,1000,12.14,12.204,0.06400000000000006,1.0,absolute_days,True
Granite,2022-10-01,q90_internal_duration,500,1000,20.0,20.100000000000364,0.1000000000003638,2.0,absolute_days,True
Granite,2022-10-01,mean_podn_duration,500,1000,42.534,42.79,0.2560000000000002,1.0,absolute_days,True
Granite,2022-10-01,q90_podn_duration,500,1000,75.0,75.0,0.0,2.0,absolute_days,True
Granite,2022-10-01,mean_total_duration,500,1000,54.674,54.994,0.3200000000000003,1.0,absolute_days,True
Granite,2022-10-01,q90_total_duration,500,1000,86.0,86.0,0.0,2.0,absolute_days,True
Granite,2022-11-01,mean_demand,500,1000,1507.8154024068397,1508.7974039981375,0.0006512744131213393,0.01,relative,True
Granite,2022-11-01,q90_demand,500,1000,1662.082047734885,1661.8741074518994,0.00012510831415875708,0.02,relative,True
Granite,2022-11-01,mean_price,500,1000,20.247278699171233,20.239790272683212,0.00036984854109440955,0.01,relative,True
Granite,2022-11-01,q90_price,500,1000,21.5189954666363,21.519963869439152,4.5002230905823305e-05,0.02,relative,True
Granite,2022-11-01,mean_internal_duration,500,1000,11.78,11.702,0.0779999999999994,1.0,absolute_days,True
Granite,2022-11-01,q90_internal_duration,500,1000,20.0,20.0,0.0,2.0,absolute_days,True
Granite,2022-11-01,mean_podn_duration,500,1000,42.162,43.082,0.9200000000000017,1.0,absolute_days,True
Granite,2022-11-01,q90_podn_duration,500,1000,71.0,75.0,4.0,2.0,absolute_days,False
Granite,2022-11-01,mean_total_duration,500,1000,53.942,54.784,0.8419999999999987,1.0,absolute_days,True
Granite,2022-11-01,q90_total_duration,500,1000,80.0,80.0,0.0,2.0,absolute_days,True
Granite,2022-12-01,mean_demand,500,1000,1519.6421293610838,1520.887245698592,0.0008193483935798766,0.01,relative,True
Granite,2022-12-01,q90_demand,500,1000,1679.5702378954948,1681.4169168504009,0.0010994949262854309,0.02,relative,True
Granite,2022-12-01,mean_price,500,1000,20.252363519113725,20.258578213133728,0.0003068626540372441,0.01,relative,True
Granite,2022-12-01,q90_price,500,1000,21.52432315837184,21.543750273928893,0.0009025656887844055,0.02,relative,True
Granite,2022-12-01,mean_internal_duration,500,1000,11.524,11.525,0.0010000000000012221,1.0,absolute_days,True
Granite,2022-12-01,q90_internal_duration,500,1000,20.0,20.0,0.0,2.0,absolute_days,True
Granite,2022-12-01,mean_podn_duration,500,1000,42.252,42.443,0.1909999999999954,1.0,absolute_days,True
Granite,2022-12-01,q90_podn_duration,500,1000,75.0,75.0,0.0,2.0,absolute_days,True
Granite,2022-12-01,mean_total_duration,500,1000,53.776,53.968,0.19200000000000017,1.0,absolute_days,True
Granite,2022-12-01,q90_total_duration,500,1000,80.60000000000218,86.0,5.399999999997817,2.0,absolute_days,False
Granite,2023-01-01,mean_demand,500,1000,1570.317012093696,1569.63288323473,0.0004356628971712276,0.01,relative,True
Granite,2023-01-01,q90_demand,500,1000,1737.599077525915,1736.9031285041929,0.0004005233604940679,0.02,relative,True
Granite,2023-01-01,mean_price,500,1000,18.876536352835707,18.855990289488282,0.0010884445622535027,0.01,relative,True
Granite,2023-01-01,q90_price,500,1000,21.09333930983465,21.055881537330702,0.0017758104562649397,0.02,relative,True
Granite,2023-01-01,mean_internal_duration,500,1000,11.776,11.758,0.018000000000000682,1.0,absolute_days,True
Granite,2023-01-01,q90_internal_duration,500,1000,20.0,20.0,0.0,2.0,absolute_days,True
Granite,2023-01-01,mean_podn_duration,500,1000,42.098,42.093,0.0049999999999954525,1.0,absolute_days,True
Granite,2023-01-01,q90_podn_duration,500,1000,71.40000000000146,75.0,3.599999999998545,2.0,absolute_days,False
Granite,2023-01-01,mean_total_duration,500,1000,53.874,53.851,0.02300000000000324,1.0,absolute_days,True
Granite,2023-01-01,q90_total_duration,500,1000,86.0,86.0,0.0,2.0,absolute_days,True
Granite,2023-02-01,mean_demand,500,1000,1510.3960743916537,1509.9366454557853,0.0003041777873087964,0.01,relative,True
Granite,2023-02-01,q90_demand,500,1000,1654.93244239274,1653.7655514548944,0.0007050988354295276,0.02,relative,True
Granite,2023-02-01,mean_price,500,1000,18.5585751459854,18.544987246194662,0.0007321628780148235,0.01,relative,True
Granite,2023-02-01,q90_price,500,1000,20.911474742971006,20.917832702127253,0.00030404164385318486,0.02,relative,True
Granite,2023-02-01,mean_internal_duration,500,1000,11.764,11.595,0.1689999999999987,1.0,absolute_days,True
Granite,2023-02-01,q90_internal_duration,500,1000,18.0,18.0,0.0,2.0,absolute_days,True
Granite,2023-02-01,mean_podn_duration,500,1000,43.302,41.697,1.6049999999999969,1.0,absolute_days,False
Granite,2023-02-01,q90_podn_duration,500,1000,75.0,75.0,0.0,2.0,absolute_days,True
Granite,2023-02-01,mean_total_duration,500,1000,55.066,53.292,1.774000000000001,1.0,absolute_days,False
Granite,2023-02-01,q90_total_duration,500,1000,86.0,80.0,6.0,2.0,absolute_days,False
Granite,2023-03-01,mean_demand,500,1000,1532.395396775964,1531.9997112761228,0.00025821370951236415,0.01,relative,True
Granite,2023-03-01,q90_demand,500,1000,1655.9830178919012,1655.090228815831,0.0005391293669222938,0.02,relative,True
Granite,2023-03-01,mean_price,500,1000,18.38460991326844,18.375480708085906,0.0004965677936928589,0.01,relative,True
Granite,2023-03-01,q90_price,500,1000,20.667600129719535,20.61927174330819,0.002338364691982316,0.02,relative,True
Granite,2023-03-01,mean_internal_duration,500,1000,11.864,11.751,0.11300000000000132,1.0,absolute_days,True
Granite,2023-03-01,q90_internal_duration,500,1000,20.0,20.0,0.0,2.0,absolute_days,True
Granite,2023-03-01,mean_podn_duration,500,1000,43.2,42.521,0.679000000000002,1.0,absolute_days,True
Granite,2023-03-01,q90_podn_duration,500,1000,75.0,71.0,4.0,2.0,absolute_days,False
Granite,2023-03-01,mean_total_duration,500,1000,55.064,54.272,0.7920000000000016,1.0,absolute_days,True
Granite,2023-03-01,q90_total_duration,500,1000,86.0,86.0,0.0,2.0,absolute_days,True
Granite,2023-04-01,mean_demand,500,1000,1532.4379482103066,1531.7533690796183,0.00044672551439210734,0.01,relative,True
Granite,2023-04-01,q90_demand,500,1000,1646.8152298621226,1644.9668235698402,0.0011224126779766845,0.02,relative,True
Granite,2023-04-01,mean_price,500,1000,18.26539079119801,18.260461474469892,0.00026987195535349687,0.01,relative,True
Granite,2023-04-01,q90_price,500,1000,20.89481971954359,20.918948391105378,0.0011547681140899463,0.02,relative,True
Granite,2023-04-01,mean_internal_duration,500,1000,11.692,11.651,0.04100000000000037,1.0,absolute_days,True
Granite,2023-04-01,q90_internal_duration,500,1000,20.0,20.0,0.0,2.0,absolute_days,True
Granite,2023-04-01,mean_podn_duration,500,1000,42.94,42.347,0.5929999999999964,1.0,absolute_days,True
Granite,2023-04-01,q90_podn_duration,500,1000,75.0,75.0,0.0,2.0,absolute_days,True
Granite,2023-04-01,mean_total_duration,500,1000,54.632,53.998,0.6340000000000003,1.0,absolute_days,True
Granite,2023-04-01,q90_total_duration,500,1000,86.0,86.0,0.0,2.0,absolute_days,True
Granite,2023-05-01,mean_demand,500,1000,1462.0335880826922,1462.3578560126002,0.00022179239420435664,0.01,relative,True
Granite,2023-05-01,q90_demand,500,1000,1613.2146557357937,1619.6404718482524,0.003983236880232713,0.02,relative,True
Granite,2023-05-01,mean_price,500,1000,19.075593334143488,19.06193595336673,0.0007159609946344762,0.01,relative,True
Granite,2023-05-01,q90_price,500,1000,21.204080366812075,21.181408822210994,0.0010692066908294783,0.02,relative,True
Granite,2023-05-01,mean_internal_duration,500,1000,12.034,11.858,0.17600000000000016,1.0,absolute_days,True
Granite,2023-05-01,q90_internal_duration,500,1000,20.0,20.0,0.0,2.0,absolute_days,True
Granite,2023-05-01,mean_podn_duration,500,1000,42.392,42.652,0.259999999999998,1.0,absolute_days,True
Granite,2023-05-01,q90_podn_duration,500,1000,75.0,75.0,0.0,2.0,absolute_days,True
Granite,2023-05-01,mean_total_duration,500,1000,54.426,54.51,0.08399999999999608,1.0,absolute_days,True
Granite,2023-05-01,q90_total_duration,500,1000,86.0,86.0,0.0,2.0,absolute_days,True
Ready Mixed Concrete,2022-07-01,mean_demand,500,1000,994.0209137281437,995.1041069024299,0.0010897086362334062,0.01,relative,True
Ready Mixed Concrete,2022-07-01,q90_demand,500,1000,1098.327042404157,1099.3421318185012,0.0009242141685979238,0.02,relative,True
Ready Mixed Concrete,2022-07-01,mean_price,500,1000,110.73674542488592,110.73593853509725,7.286558635810645e-06,0.01,relative,True
Ready Mixed Concrete,2022-07-01,q90_price,500,1000,114.4795676176616,114.45944662875576,0.0001757605249964315,0.02,relative,True
Ready Mixed Concrete,2022-07-01,mean_internal_duration,500,1000,11.934,11.558,0.37599999999999945,1.0,absolute_days,True
Ready Mixed Concrete,2022-07-01,q90_internal_duration,500,1000,20.0,20.0,0.0,2.0,absolute_days,True
Ready Mixed Concrete,2022-07-01,mean_podn_duration,500,1000,42.864,43.699,0.8350000000000009,1.0,absolute_days,True
Ready Mixed Concrete,2022-07-01,q90_podn_duration,500,1000,75.0,75.0,0.0,2.0,absolute_days,True
Ready Mixed Concrete,2022-07-01,mean_total_duration,500,1000,54.798,55.257,0.4589999999999961,1.0,absolute_days,True
Ready Mixed Concrete,2022-07-01,q90_total_duration,500,1000,86.0,86.0,0.0,2.0,absolute_days,True
Ready Mixed Concrete,2022-08-01,mean_demand,500,1000,967.1373596632698,967.2907000256106,0.00015855075890586673,0.01,relative,True
Ready Mixed Concrete,2022-08-01,q90_demand,500,1000,1076.6455347055576,1078.413211392292,0.001641837196880032,0.02,relative,True
Ready Mixed Concrete,2022-08-01,mean_price,500,1000,110.11874504901512,110.11202166108434,6.105579869970157e-05,0.01,relative,True
Ready Mixed Concrete,2022-08-01,q90_price,500,1000,114.8275678144124,114.83293751635436,4.676317755538812e-05,0.02,relative,True
Ready Mixed Concrete,2022-08-01,mean_internal_duration,500,1000,11.762,11.502,0.2599999999999998,1.0,absolute_days,True
Ready Mixed Concrete,2022-08-01,q90_internal_duration,500,1000,20.0,20.0,0.0,2.0,absolute_days,True
Ready Mixed Concrete,2022-08-01,mean_podn_duration,500,1000,42.672,42.832,0.1600000000000037,1.0,absolute_days,True
Ready Mixed Concrete,2022-08-01,q90_podn_duration,500,1000,75.0,75.0,0.0,2.0,absolute_days,True
Ready Mixed Concrete,2022-08-01,mean_total_duration,500,1000,54.434,54.334,0.09999999999999432,1.0,absolute_days,True
Ready Mixed Concrete,2022-08-01,q90_total_duration,500,1000,86.0,86.0,0.0,2.0,absolute_days,True
Ready Mixed Concrete,2022-09-01,mean_demand,500,1000,1006.7666943111336,1005.8705530228832,0.0008901181309574326,0.01,relative,True
Ready Mixed Concrete,2022-09-01,q90_demand,500,1000,1139.5022270082493,1141.1370591101065,0.001434689694419871,0.02,relative,True
Ready Mixed Concrete,2022-09-01,mean_price,500,1000,109.22938565813857,109.18102708499087,0.0004427249394136992,0.01,relative,True
Ready Mixed Concrete,2022-09-01,q90_price,500,1000,114.28776929367953,114.27400700628012,0.00012041784947304237,0.02,relative,True
Ready Mixed Concrete,2022-09-01,mean_internal_duration,500,1000,11.884,11.916,0.03200000000000003,1.0,absolute_days,True
Ready Mixed Concrete,2022-09-01,q90_internal_duration,500,1000,20.0,20.0,0.0,2.0,absolute_days,True
Ready Mixed Concrete,2022-09-01,mean_podn_duration,500,1000,41.552,41.811,0.25900000000000034,1.0,absolute_days,True
Ready Mixed Concrete,2022-09-01,q90_podn_duration,500,1000,75.0,75.0,0.0,2.0,absolute_days,True
Ready Mixed Concrete,2022-09-01,mean_total_duration,500,1000,53.436,53.727,0.2909999999999968,1.0,absolute_days,True
Ready Mixed Concrete,2022-09-01,q90_total_duration,500,1000,86.0,86.0,0.0,2.0,absolute_days,True
Ready Mixed Concrete,2022-10-01,mean_demand,500,1000,983.1675773289498,982.8102456359534,0.0003634494273776392,0.01,relative,True
Ready Mixed Concrete,2022-10-01,q90_demand,500,1000,1109.4865384610312,1109.0546949382972,0.00038922826709820264,0.02,relative,True
Ready Mixed Concrete,2022-10-01,mean_price,500,1000,110.27113850301807,110.23158570546408,0.00035868676147655926,0.01,relative,True
Ready Mixed Concrete,2022-10-01,q90_price,500,1000,114.75898631852407,114.77900426050233,0.00017443463575658892,0.02,relative,True
Ready Mixed Concrete,2022-10-01,mean_internal_duration,500,1000,11.506,11.604,0.09799999999999898,1.0,absolute_days,True
Ready Mixed Concrete,2022-10-01,q90_internal_duration,500,1000,20.0,18.0,2.0,2.0,absolute_days,True
Ready Mixed Concrete,2022-10-01,mean_podn_duration,500,1000,42.666,42.114,0.5519999999999996,1.0,absolute_days,True
Ready Mixed Concrete,2022-10-01,q90_podn_duration,500,1000,75.0,75.0,0.0,2.0,absolute_days,True
Ready Mixed Concrete,2022-10-01,mean_total_duration,500,1000,54.172,53.718,0.4539999999999935,1.0,absolute_days,True
Ready Mixed Concrete,2022-10-01,q90_total_duration,500,1000,86.0,86.0,0.0,2.0,absolute_days,True
Ready Mixed Concrete,2022-11-01,mean_demand,500,1000,971.1460426747715,970.1842408120099,0.0009903781928746458,0.01,relative,True
Ready Mixed Concrete,2022-11-01,q90_demand,500,1000,1071.9076809348715,1071.6275553655023,0.00026133367112812734,0.02,relative,True
Ready Mixed Concrete,2022-11-01,mean_price,500,1000,110.21637036275473,110.2446611194048,0.0002566837989397778,0.01,relative,True
Ready Mixed Concrete,2022-11-01,q90_price,500,1000,115.02027364442054,115.01461515970799,4.9195542083718624e-05,0.02,relative,True
Ready Mixed Concrete,2022-11-01,mean_internal_duration,500,1000,11.798,11.807,0.009000000000000341,1.0,absolute_days,True
Ready Mixed Concrete,2022-11-01,q90_internal_duration,500,1000,20.0,20.0,0.0,2.0,absolute_days,True
Ready Mixed Concrete,2022-11-01,mean_podn_duration,500,1000,43.176,43.236,0.05999999999999517,1.0,absolute_days,True
Ready Mixed Concrete,2022-11-01,q90_podn_duration,500,1000,75.0,75.0,0.0,2.0,absolute_days,True
Ready Mixed Concrete,2022-11-01,mean_total_duration,500,1000,54.974,55.043,0.06900000000000261,1.0,absolute_days,True
Ready Mixed Concrete,2022-11-01,q90_total_duration,500,1000,86.0,86.0,0.0,2.0,absolute_days,True
Ready Mixed Concrete,2022-12-01,mean_demand,500,1000,998.8171296725885,998.1766275389709,0.0006412606618265987,0.01,relative,True
Ready Mixed Concrete,2022-12-01,q90_demand,500,1000,1088.501226554244,1087.9419855307503,0.0005137716061782496,0.02,relative,True
Ready Mixed Concrete,2022-12-01,mean_price,500,1000,110.78493944338763,110.81554176895544,0.00027623182105407807,0.01,relative,True
Ready Mixed Concrete,2022-12-01,q90_price,500,1000,115.11708178087484,115.11207385923885,4.3502854298598834e-05,0.02,relative,True
Ready Mixed Concrete,2022-12-01,mean_internal_duration,500,1000,11.884,11.91,0.0259999999999998,1.0,absolute_days,True
Ready Mixed Concrete,2022-12-01,q90_internal_duration,500,1000,20.0,20.0,0.0,2.0,absolute_days,True
Ready Mixed Concrete,2022-12-01,mean_podn_duration,500,1000,43.942,44.329,0.38700000000000045,1.0,absolute_days,True
Ready Mixed Concrete,2022-12-01,q90_podn_duration,500,1000,71.0,75.0,4.0,2.0,absolute_days,False
Ready Mixed Concrete,2022-12-01,mean_total_duration,500,1000,55.826,56.239,0.4129999999999967,1.0,absolute_days,True
Ready Mixed Concrete,2022-12-01,q90_total_duration,500,1000,86.0,86.0,0.0,2.0,absolute_days,True
Ready Mixed Concrete,2023-01-01,mean_demand,500,1000,961.0328286780914,962.325380353615,0.001344961001281788,0.01,relative,True
Ready Mixed Concrete,2023-01-01,q90_demand,500,1000,1071.1187343721238,1071.7689864362626,0.0006070774819562927,0.02,relative,True
Ready Mixed Concrete,2023-01-01,mean_price,500,1000,111.22719603282214,111.21186402387362,0.00013784406597820576,0.01,relative,True
Ready Mixed Concrete,2023-01-01,q90_price,500,1000,115.52800190652903,115.5541355748247,0.0002262106836818239,0.02,relative,True
Ready Mixed Concrete,2023-01-01,mean_internal_duration,500,1000,11.32,11.549,0.2289999999999992,1.0,absolute_days,True
Ready Mixed Concrete,2023-01-01,q90_internal_duration,500,1000,18.0,20.0,2.0,2.0,absolute_days,True
Ready Mixed Concrete,2023-01-01,mean_podn_duration,500,1000,44.268,42.279,1.9889999999999972,1.0,absolute_days,False
Ready Mixed Concrete,2023-01-01,q90_podn_duration,500,1000,85.0,75.0,10.0,2.0,absolute_days,False
Ready Mixed Concrete,2023-01-01,mean_total_duration,500,1000,55.588,53.828,1.759999999999998,1.0,absolute_days,False
Ready Mixed Concrete,2023-01-01,q90_total_duration,500,1000,95.0,86.0,9.0,2.0,absolute_days,False
Ready Mixed Concrete,2023-02-01,mean_demand,500,1000,927.013541064946,925.3500081924216,0.0017945076299677376,0.01,relative,True
Ready Mixed Concrete,2023-02-01,q90_demand,500,1000,1016.142172200615,1015.2382568658724,0.0008895559691072772,0.02,relative,True
Ready Mixed Concrete,2023-02-01,mean_price,500,1000,109.66362958370664,109.61053400005008,0.00048416766669234405,0.01,relative,True
Ready Mixed Concrete,2023-02-01,q90_price,500,1000,115.52844529916753,115.43150177428328,0.0008391312168463112,0.02,relative,True
Ready Mixed Concrete,2023-02-01,mean_internal_duration,500,1000,11.846,11.621,0.22499999999999964,1.0,absolute_days,True
Ready Mixed Concrete,2023-02-01,q90_internal_duration,500,1000,20.0,20.0,0.0,2.0,absolute_days,True
Ready Mixed Concrete,2023-02-01,mean_podn_duration,500,1000,41.804,41.257,0.5470000000000041,1.0,absolute_days,True
Ready Mixed Concrete,2023-02-01,q90_podn_duration,500,1000,75.0,71.0,4.0,2.0,absolute_days,False
Ready Mixed Concrete,2023-02-01,mean_total_duration,500,1000,53.65,52.878,0.7719999999999985,1.0,absolute_days,True
Ready Mixed Concrete,2023-02-01,q90_total_duration,500,1000,80.0,80.0,0.0,2.0,absolute_days,True
Ready Mixed Concrete,2023-03-01,mean_demand,500,1000,973.9741141215986,972.5215144916292,0.0014914150272663951,0.01,relative,True
Ready Mixed Concrete,2023-03-01,q90_demand,500,1000,1045.2052525740721,1044.8705422355802,0.00032023407619475084,0.02,relative,True
Ready Mixed Concrete,2023-03-01,mean_price,500,1000,110.31465219874994,110.333061481985,0.00016687976500067548,0.01,relative,True
Ready Mixed Concrete,2023-03-01,q90_price,500,1000,115.87608246776857,115.9083364924139,0.0002783492844979237,0.02,relative,True
Ready Mixed Concrete,2023-03-01,mean_internal_duration,500,1000,11.598,11.541,0.057000000000000384,1.0,absolute_days,True
Ready Mixed Concrete,2023-03-01,q90_internal_duration,500,1000,18.0,18.0,0.0,2.0,absolute_days,True
Ready Mixed Concrete,2023-03-01,mean_podn_duration,500,1000,41.956,42.663,0.7069999999999936,1.0,absolute_days,True
Ready Mixed Concrete,2023-03-01,q90_podn_duration,500,1000,75.0,75.0,0.0,2.0,absolute_days,True
Ready Mixed Concrete,2023-03-01,mean_total_duration,500,1000,53.554,54.204,0.6499999999999986,1.0,absolute_days,True
Ready Mixed Concrete,2023-03-01,q90_total_duration,500,1000,86.0,86.0,0.0,2.0,absolute_days,True
Ready Mixed Concrete,2023-04-01,mean_demand,500,1000,935.9818898736696,936.0939907025767,0.00011976816017474049,0.01,relative,True
Ready Mixed Concrete,2023-04-01,q90_demand,500,1000,1022.5779478695665,1022.3662803541589,0.00020699401532039583,0.02,relative,True
Ready Mixed Concrete,2023-04-01,mean_price,500,1000,109.36858979408804,109.39210719102928,0.0002150288029270683,0.01,relative,True
Ready Mixed Concrete,2023-04-01,q90_price,500,1000,114.7962016153377,114.80291562991209,5.848638264963362e-05,0.02,relative,True
Ready Mixed Concrete,2023-04-01,mean_internal_duration,500,1000,11.83,11.851,0.021000000000000796,1.0,absolute_days,True
Ready Mixed Concrete,2023-04-01,q90_internal_duration,500,1000,18.200000000000728,20.0,1.7999999999992724,2.0,absolute_days,True
Ready Mixed Concrete,2023-04-01,mean_podn_duration,500,1000,43.016,42.956,0.05999999999999517,1.0,absolute_days,True
Ready Mixed Concrete,2023-04-01,q90_podn_duration,500,1000,75.0,75.0,0.0,2.0,absolute_days,True
Ready Mixed Concrete,2023-04-01,mean_total_duration,500,1000,54.846,54.807,0.03899999999999437,1.0,absolute_days,True
Ready Mixed Concrete,2023-04-01,q90_total_duration,500,1000,86.0,86.0,0.0,2.0,absolute_days,True
Ready Mixed Concrete,2023-05-01,mean_demand,500,1000,954.7405450499614,954.3329165759446,0.0004269520930373974,0.01,relative,True
Ready Mixed Concrete,2023-05-01,q90_demand,500,1000,1040.9741906157105,1041.1954983616672,0.00021259676556031301,0.02,relative,True
Ready Mixed Concrete,2023-05-01,mean_price,500,1000,110.2209884309897,110.23794584664803,0.00015384924323140492,0.01,relative,True
Ready Mixed Concrete,2023-05-01,q90_price,500,1000,115.71247082083367,115.7490704168694,0.0003162977661448269,0.02,relative,True
Ready Mixed Concrete,2023-05-01,mean_internal_duration,500,1000,11.768,11.669,0.0990000000000002,1.0,absolute_days,True
Ready Mixed Concrete,2023-05-01,q90_internal_duration,500,1000,20.0,20.0,0.0,2.0,absolute_days,True
Ready Mixed Concrete,2023-05-01,mean_podn_duration,500,1000,41.962,42.379,0.4169999999999945,1.0,absolute_days,True
Ready Mixed Concrete,2023-05-01,q90_podn_duration,500,1000,71.0,75.0,4.0,2.0,absolute_days,False
Ready Mixed Concrete,2023-05-01,mean_total_duration,500,1000,53.73,54.048,0.31800000000000495,1.0,absolute_days,True
Ready Mixed Concrete,2023-05-01,q90_total_duration,500,1000,80.0,80.60000000000218,0.6000000000021828,2.0,absolute_days,True
Steel Reinforcement Bars,2022-07-01,mean_demand,500,1000,82.36992720107109,82.72205007952492,0.004274896074562122,0.01,relative,True
Steel Reinforcement Bars,2022-07-01,q90_demand,500,1000,117.81162251039135,118.15139780256389,0.002884055791206659,0.02,relative,True
Steel Reinforcement Bars,2022-07-01,mean_price,500,1000,987.5533543280019,986.7324107948557,0.0008312903090737993,0.01,relative,True
Steel Reinforcement Bars,2022-07-01,q90_price,500,1000,1157.9619118523397,1158.2180795451254,0.0002212229004803674,0.02,relative,True
Steel Reinforcement Bars,2022-07-01,mean_internal_duration,500,1000,11.596,11.737,0.14100000000000001,1.0,absolute_days,True
Steel Reinforcement Bars,2022-07-01,q90_internal_duration,500,1000,20.0,20.0,0.0,2.0,absolute_days,True
Steel Reinforcement Bars,2022-07-01,mean_podn_duration,500,1000,42.342,42.997,0.6550000000000011,1.0,absolute_days,True
Steel Reinforcement Bars,2022-07-01,q90_podn_duration,500,1000,71.0,75.0,4.0,2.0,absolute_days,False
Steel Reinforcement Bars,2022-07-01,mean_total_duration,500,1000,53.938,54.734,0.7959999999999994,1.0,absolute_days,True
Steel Reinforcement Bars,2022-07-01,q90_total_duration,500,1000,80.60000000000218,86.0,5.399999999997817,2.0,absolute_days,False
Steel Reinforcement Bars,2022-08-01,mean_demand,500,1000,75.50395938943998,75.60112782252385,0.0012869316241110344,0.01,relative,True
Steel Reinforcement Bars,2022-08-01,q90_demand,500,1000,113.47262235463975,113.36674190237677,0.0009330924946113278,0.02,relative,True
Steel Reinforcement Bars,2022-08-01,mean_price,500,1000,944.7522939643102,945.8440181157148,0.001155566552607754,0.01,relative,True
Steel Reinforcement Bars,2022-08-01,q90_price,500,1000,1087.6713253761573,1088.7218359171216,0.0009658345462044711,0.02,relative,True
Steel Reinforcement Bars,2022-08-01,mean_internal_duration,500,1000,11.73,11.882,0.15199999999999925,1.0,absolute_days,True
Steel Reinforcement Bars,2022-08-01,q90_internal_duration,500,1000,20.0,20.0,0.0,2.0,absolute_days,True
Steel Reinforcement Bars,2022-08-01,mean_podn_duration,500,1000,43.774,43.13,0.6439999999999984,1.0,absolute_days,True
Steel Reinforcement Bars,2022-08-01,q90_podn_duration,500,1000,75.0,75.0,0.0,2.0,absolute_days,True
Steel Reinforcement Bars,2022-08-01,mean_total_duration,500,1000,55.504,55.012,0.49199999999999733,1.0,absolute_days,True
Steel Reinforcement Bars,2022-08-01,q90_total_duration,500,1000,86.0,86.0,0.0,2.0,absolute_days,True
Steel Reinforcement Bars,2022-09-01,mean_demand,500,1000,90.03034156316235,89.8046233943111,0.002507134427485231,0.01,relative,True
Steel Reinforcement Bars,2022-09-01,q90_demand,500,1000,129.03138773759946,128.4157532737631,0.004771199276631226,0.02,relative,True
Steel Reinforcement Bars,2022-09-01,mean_price,500,1000,924.80251335405,924.6353719898661,0.00018073195279030827,0.01,relative,True
Steel Reinforcement Bars,2022-09-01,q90_price,500,1000,1041.5902336271558,1041.7947415638423,0.0001963420259561241,0.02,relative,True
Steel Reinforcement Bars,2022-09-01,mean_internal_duration,500,1000,11.164,11.441,0.277000000000001,1.0,absolute_days,True
Steel Reinforcement Bars,2022-09-01,q90_internal_duration,500,1000,17.0,20.0,3.0,2.0,absolute_days,False
Steel Reinforcement Bars,2022-09-01,mean_podn_duration,500,1000,42.936,42.941,0.005000000000002558,1.0,absolute_days,True
Steel Reinforcement Bars,2022-09-01,q90_podn_duration,500,1000,75.0,75.0,0.0,2.0,absolute_days,True
Steel Reinforcement Bars,2022-09-01,mean_total_duration,500,1000,54.1,54.382,0.2819999999999965,1.0,absolute_days,True
Steel Reinforcement Bars,2022-09-01,q90_total_duration,500,1000,86.0,86.0,0.0,2.0,absolute_days,True
Steel Reinforcement Bars,2022-10-01,mean_demand,500,1000,100.29665976705309,100.20916175238982,0.0008723921102306802,0.01,relative,True
Steel Reinforcement Bars,2022-10-01,q90_demand,500,1000,137.90377076389717,137.89390395576075,7.154850140621014e-05,0.02,relative,True
Steel Reinforcement Bars,2022-10-01,mean_price,500,1000,892.5938442078276,892.8098652821537,0.00024201497212638019,0.01,relative,True
Steel Reinforcement Bars,2022-10-01,q90_price,500,1000,994.1948105809627,993.9606791005234,0.00023549859438759662,0.02,relative,True
Steel Reinforcement Bars,2022-10-01,mean_internal_duration,500,1000,11.346,11.69,0.3439999999999994,1.0,absolute_days,True
Steel Reinforcement Bars,2022-10-01,q90_internal_duration,500,1000,17.0,20.0,3.0,2.0,absolute_days,False
Steel Reinforcement Bars,2022-10-01,mean_podn_duration,500,1000,41.714,41.996,0.2820000000000036,1.0,absolute_days,True
Steel Reinforcement Bars,2022-10-01,q90_podn_duration,500,1000,71.0,75.0,4.0,2.0,absolute_days,False
Steel Reinforcement Bars,2022-10-01,mean_total_duration,500,1000,53.06,53.686,0.6259999999999977,1.0,absolute_days,True
Steel Reinforcement Bars,2022-10-01,q90_total_duration,500,1000,86.0,86.0,0.0,2.0,absolute_days,True
Steel Reinforcement Bars,2022-11-01,mean_demand,500,1000,88.91345400546618,89.03489765885442,0.001365863633874515,0.01,relative,True
Steel Reinforcement Bars,2022-11-01,q90_demand,500,1000,126.33176246911084,126.06053447319222,0.002146950146325548,0.02,relative,True
Steel Reinforcement Bars,2022-11-01,mean_price,500,1000,878.4792559377893,878.8248045809934,0.0003933486657407965,0.01,relative,True
Steel Reinforcement Bars,2022-11-01,q90_price,500,1000,983.5048520698266,982.95287675542,0.0005612329346875611,0.02,relative,True
Steel Reinforcement Bars,2022-11-01,mean_internal_duration,500,1000,11.61,11.59,0.019999999999999574,1.0,absolute_days,True
Steel Reinforcement Bars,2022-11-01,q90_internal_duration,500,1000,20.0,20.0,0.0,2.0,absolute_days,True
Steel Reinforcement Bars,2022-11-01,mean_podn_duration,500,1000,40.782,40.912,0.13000000000000256,1.0,absolute_days,True
Steel Reinforcement Bars,2022-11-01,q90_podn_duration,500,1000,71.0,71.0,0.0,2.0,absolute_days,True
Steel Reinforcement Bars,2022-11-01,mean_total_duration,500,1000,52.392,52.502,0.10999999999999943,1.0,absolute_days,True
Steel Reinforcement Bars,2022-11-01,q90_total_duration,500,1000,80.0,80.0,0.0,2.0,absolute_days,True
Steel Reinforcement Bars,2022-12-01,mean_demand,500,1000,94.67861963587173,94.33357906302328,0.0036443346362193723,0.01,relative,True
Steel Reinforcement Bars,2022-12-01,q90_demand,500,1000,129.90661172493404,130.3294497100247,0.0032549381396074664,0.02,relative,True
Steel Reinforcement Bars,2022-12-01,mean_price,500,1000,872.5059989202136,873.1052282253509,0.0006867910431318547,0.01,relative,True
Steel Reinforcement Bars,2022-12-01,q90_price,500,1000,959.4872714678735,959.4801230904891,7.4502055389026625e-06,0.02,relative,True
Steel Reinforcement Bars,2022-12-01,mean_internal_duration,500,1000,11.646,11.58,0.06600000000000072,1.0,absolute_days,True
Steel Reinforcement Bars,2022-12-01,q90_internal_duration,500,1000,20.0,20.0,0.0,2.0,absolute_days,True
Steel Reinforcement Bars,2022-12-01,mean_podn_duration,500,1000,44.064,43.757,0.30700000000000216,1.0,absolute_days,True
Steel Reinforcement Bars,2022-12-01,q90_podn_duration,500,1000,75.0,75.0,0.0,2.0,absolute_days,True
Steel Reinforcement Bars,2022-12-01,mean_total_duration,500,1000,55.71,55.337,0.37299999999999756,1.0,absolute_days,True
Steel Reinforcement Bars,2022-12-01,q90_total_duration,500,1000,86.0,86.0,0.0,2.0,absolute_days,True
Steel Reinforcement Bars,2023-01-01,mean_demand,500,1000,89.88738669714414,89.98224392497804,0.0010552896387287269,0.01,relative,True
Steel Reinforcement Bars,2023-01-01,q90_demand,500,1000,132.72250580827682,132.84032758093485,0.0008877301701056737,0.02,relative,True
Steel Reinforcement Bars,2023-01-01,mean_price,500,1000,820.5514172438517,819.7128516767724,0.0010219537124144416,0.01,relative,True
Steel Reinforcement Bars,2023-01-01,q90_price,500,1000,893.3601536708879,893.0623994212993,0.0003332969893106345,0.02,relative,True
Steel Reinforcement Bars,2023-01-01,mean_internal_duration,500,1000,11.794,11.75,0.04400000000000048,1.0,absolute_days,True
Steel Reinforcement Bars,2023-01-01,q90_internal_duration,500,1000,20.0,20.0,0.0,2.0,absolute_days,True
Steel Reinforcement Bars,2023-01-01,mean_podn_duration,500,1000,42.512,41.783,0.7289999999999992,1.0,absolute_days,True
Steel Reinforcement Bars,2023-01-01,q90_podn_duration,500,1000,75.0,75.0,0.0,2.0,absolute_days,True
Steel Reinforcement Bars,2023-01-01,mean_total_duration,500,1000,54.306,53.533,0.7729999999999961,1.0,absolute_days,True
Steel Reinforcement Bars,2023-01-01,q90_total_duration,500,1000,86.0,86.0,0.0,2.0,absolute_days,True
Steel Reinforcement Bars,2023-02-01,mean_demand,500,1000,84.57624963876792,84.62696824323298,0.0005996790432501351,0.01,relative,True
Steel Reinforcement Bars,2023-02-01,q90_demand,500,1000,117.26023035807876,116.97742509185436,0.0024117747795718565,0.02,relative,True
Steel Reinforcement Bars,2023-02-01,mean_price,500,1000,823.0292988477825,823.5895524252933,0.0006807213039622767,0.01,relative,True
Steel Reinforcement Bars,2023-02-01,q90_price,500,1000,890.3772928748959,890.9181671875053,0.0006074664268031666,0.02,relative,True
Steel Reinforcement Bars,2023-02-01,mean_internal_duration,500,1000,12.184,11.977,0.20699999999999896,1.0,absolute_days,True
Steel Reinforcement Bars,2023-02-01,q90_internal_duration,500,1000,20.0,20.0,0.0,2.0,absolute_days,True
Steel Reinforcement Bars,2023-02-01,mean_podn_duration,500,1000,42.298,41.933,0.365000000000002,1.0,absolute_days,True
Steel Reinforcement Bars,2023-02-01,q90_podn_duration,500,1000,75.0,75.0,0.0,2.0,absolute_days,True
Steel Reinforcement Bars,2023-02-01,mean_total_duration,500,1000,54.482,53.91,0.5720000000000027,1.0,absolute_days,True
Steel Reinforcement Bars,2023-02-01,q90_total_duration,500,1000,86.0,86.0,0.0,2.0,absolute_days,True
Steel Reinforcement Bars,2023-03-01,mean_demand,500,1000,95.12054466643022,94.81769333334007,0.003183868786203743,0.01,relative,True
Steel Reinforcement Bars,2023-03-01,q90_demand,500,1000,125.25680629805721,125.0332348107325,0.001784904900039645,0.02,relative,True
Steel Reinforcement Bars,2023-03-01,mean_price,500,1000,860.1535101281394,860.1416879533887,1.3744261473680245e-05,0.01,relative,True
Steel Reinforcement Bars,2023-03-01,q90_price,500,1000,961.2378122623978,960.83055623632,0.000423678740975929,0.02,relative,True
Steel Reinforcement Bars,2023-03-01,mean_internal_duration,500,1000,11.802,11.876,0.07399999999999984,1.0,absolute_days,True
Steel Reinforcement Bars,2023-03-01,q90_internal_duration,500,1000,20.0,20.0,0.0,2.0,absolute_days,True
Steel Reinforcement Bars,2023-03-01,mean_podn_duration,500,1000,42.12,41.411,0.7089999999999961,1.0,absolute_days,True
Steel Reinforcement Bars,2023-03-01,q90_podn_duration,500,1000,75.0,75.0,0.0,2.0,absolute_days,True
Steel Reinforcement Bars,2023-03-01,mean_total_duration,500,1000,53.922,53.287,0.634999999999998,1.0,absolute_days,True
Steel Reinforcement Bars,2023-03-01,q90_total_duration,500,1000,86.0,86.0,0.0,2.0,absolute_days,True
Steel Reinforcement Bars,2023-04-01,mean_demand,500,1000,84.83111874560439,84.53806271931794,0.003454581651401778,0.01,relative,True
Steel Reinforcement Bars,2023-04-01,q90_demand,500,1000,115.6166574485137,115.68966505032456,0.0006314626579078305,0.02,relative,True
Steel Reinforcement Bars,2023-04-01,mean_price,500,1000,856.3360815670254,855.6645036323981,0.000784245752436778,0.01,relative,True
Steel Reinforcement Bars,2023-04-01,q90_price,500,1000,917.6995997247252,916.7703303085943,0.0010126074114117625,0.02,relative,True
Steel Reinforcement Bars,2023-04-01,mean_internal_duration,500,1000,12.008,11.82,0.18799999999999883,1.0,absolute_days,True
Steel Reinforcement Bars,2023-04-01,q90_internal_duration,500,1000,20.0,20.0,0.0,2.0,absolute_days,True
Steel Reinforcement Bars,2023-04-01,mean_podn_duration,500,1000,41.938,42.116,0.17799999999999727,1.0,absolute_days,True
Steel Reinforcement Bars,2023-04-01,q90_podn_duration,500,1000,75.0,75.0,0.0,2.0,absolute_days,True
Steel Reinforcement Bars,2023-04-01,mean_total_duration,500,1000,53.946,53.936,0.00999999999999801,1.0,absolute_days,True
Steel Reinforcement Bars,2023-04-01,q90_total_duration,500,1000,80.60000000000218,86.0,5.399999999997817,2.0,absolute_days,False
Steel Reinforcement Bars,2023-05-01,mean_demand,500,1000,80.88065395513452,81.18786692786696,0.00379834926783429,0.01,relative,True
Steel Reinforcement Bars,2023-05-01,q90_demand,500,1000,115.15620031449397,115.57202693228169,0.0036109789716236218,0.02,relative,True
Steel Reinforcement Bars,2023-05-01,mean_price,500,1000,866.8007759882637,866.7237319978389,8.888315811323607e-05,0.01,relative,True
Steel Reinforcement Bars,2023-05-01,q90_price,500,1000,913.3205179368913,913.7660861112238,0.0004878552113763867,0.02,relative,True
Steel Reinforcement Bars,2023-05-01,mean_internal_duration,500,1000,11.656,11.641,0.015000000000000568,1.0,absolute_days,True
Steel Reinforcement Bars,2023-05-01,q90_internal_duration,500,1000,20.0,20.0,0.0,2.0,absolute_days,True
Steel Reinforcement Bars,2023-05-01,mean_podn_duration,500,1000,44.292,43.776,0.5159999999999982,1.0,absolute_days,True
Steel Reinforcement Bars,2023-05-01,q90_podn_duration,500,1000,75.0,75.0,0.0,2.0,absolute_days,True
Steel Reinforcement Bars,2023-05-01,mean_total_duration,500,1000,55.948,55.417,0.5309999999999988,1.0,absolute_days,True
Steel Reinforcement Bars,2023-05-01,q90_total_duration,500,1000,86.0,86.0,0.0,2.0,absolute_days,True
Cement,2022-07-01,mean_exposure,500,1000,655.7311204586903,656.9458134277105,0.0018524253785157318,0.01,relative,True
Cement,2022-07-01,q90_exposure,500,1000,1023.7594753513713,1023.2194166859426,0.0005275249493962463,0.02,relative,True
Cement,2022-07-01,q95_exposure,500,1000,1291.5672768805116,1266.6940429730578,0.019258179076454683,0.02,relative,True
Cement,2022-07-01,q99_exposure,500,1000,1446.0060271506652,1442.283744954853,0.0025741816603260075,0.05,relative,True
Cement,2022-08-01,mean_exposure,500,1000,623.2387585538055,629.2367122614048,0.009623845797904602,0.01,relative,True
Cement,2022-08-01,q90_exposure,500,1000,1042.0322142584362,1024.0240208848124,0.017281801010767487,0.02,relative,True
Cement,2022-08-01,q95_exposure,500,1000,1282.6102693878654,1282.6102693878654,0.0,0.02,relative,True
Cement,2022-08-01,q99_exposure,500,1000,1427.8680948173285,1423.0232004161944,0.0033930966163606955,0.05,relative,True
Cement,2022-09-01,mean_exposure,500,1000,612.5270238324421,625.3587459642825,0.020948826145751605,0.01,relative,False
Cement,2022-09-01,q90_exposure,500,1000,955.7889744550359,992.7797849306057,0.038701859368759625,0.02,relative,False
Cement,2022-09-01,q95_exposure,500,1000,1240.106793153813,1289.7578366881494,0.04003771595191808,0.02,relative,False
Cement,2022-09-01,q99_exposure,500,1000,1426.4817924616077,1426.7449258509305,0.00018446319519346875,0.05,relative,True
Cement,2022-10-01,mean_exposure,500,1000,631.5208246254947,631.571031485721,7.950151169777687e-05,0.01,relative,True
Cement,2022-10-01,q90_exposure,500,1000,974.600264849973,974.7845355805442,0.00018907313820566487,0.02,relative,True
Cement,2022-10-01,q95_exposure,500,1000,1175.4864253173319,1216.939215881395,0.03526437198360049,0.02,relative,False
Cement,2022-10-01,q99_exposure,500,1000,1450.6464829994277,1450.5764575386738,4.8271899166694354e-05,0.05,relative,True
Cement,2022-11-01,mean_exposure,500,1000,602.2726425241856,590.2752186824551,0.019920253710093854,0.01,relative,False
Cement,2022-11-01,q90_exposure,500,1000,940.9551441048127,930.8009467149727,0.010791372419245621,0.02,relative,True
Cement,2022-11-01,q95_exposure,500,1000,1143.112393734642,1135.0915569497477,0.007016665053109579,0.02,relative,True
Cement,2022-11-01,q99_exposure,500,1000,1332.3838096398592,1346.4476938773237,0.010555430151365976,0.05,relative,True
Cement,2022-12-01,mean_exposure,500,1000,610.2646478274446,612.4626983477324,0.00360179887219895,0.01,relative,True
Cement,2022-12-01,q90_exposure,500,1000,986.8197840841449,992.4372816434295,0.005692526284825307,0.02,relative,True
Cement,2022-12-01,q95_exposure,500,1000,1131.361612816736,1218.6015964195012,0.07711060956502232,0.02,relative,False
Cement,2022-12-01,q99_exposure,500,1000,1350.5097201988663,1357.2026344786616,0.004955843101084665,0.05,relative,True
Cement,2023-01-01,mean_exposure,500,1000,625.3718502478486,621.7417447012547,0.005804715298834112,0.01,relative,True
Cement,2023-01-01,q90_exposure,500,1000,993.0083377488519,983.4713033227691,0.009604183634251445,0.02,relative,True
Cement,2023-01-01,q95_exposure,500,1000,1264.1154668329832,1233.3077129433732,0.024370996715033767,0.02,relative,False
Cement,2023-01-01,q99_exposure,500,1000,1409.7326807331485,1400.0686025867462,0.0068552558073466585,0.05,relative,True
Cement,2023-02-01,mean_exposure,500,1000,620.2242690268528,612.8924760468649,0.011821196535072137,0.01,relative,False
Cement,2023-02-01,q90_exposure,500,1000,997.9624834511137,966.2934887626308,0.031733652530670786,0.02,relative,False
Cement,2023-02-01,q95_exposure,500,1000,1212.4197423982687,1277.0398803668047,0.05329848707404907,0.02,relative,False
Cement,2023-02-01,q99_exposure,500,1000,1406.9046280116659,1415.6188651990533,0.006193907542761433,0.05,relative,True
Cement,2023-03-01,mean_exposure,500,1000,643.2294519330992,644.8384366074374,0.0025014163600605207,0.01,relative,True
Cement,2023-03-01,q90_exposure,500,1000,1018.9468605235971,1013.4265184914444,0.005417693744417666,0.02,relative,True
Cement,2023-03-01,q95_exposure,500,1000,1215.8874024087518,1222.8792502870617,0.00575040736869109,0.02,relative,True
Cement,2023-03-01,q99_exposure,500,1000,1472.5112988818146,1487.6997164378986,0.01031463566195905,0.05,relative,True
Cement,2023-04-01,mean_exposure,500,1000,633.9770047321119,637.739894328201,0.005935372368401704,0.01,relative,True
Cement,2023-04-01,q90_exposure,500,1000,1008.4392419160143,1024.6581665873864,0.016083194700512084,0.02,relative,True
Cement,2023-04-01,q95_exposure,500,1000,1288.0555351981336,1282.9539337375859,0.003960699924140288,0.02,relative,True
Cement,2023-04-01,q99_exposure,500,1000,1418.6602073833797,1418.6112954718014,3.447753826015222e-05,0.05,relative,True
Cement,2023-05-01,mean_exposure,500,1000,658.6309918141546,662.5181402716069,0.005901860838259864,0.01,relative,True
Cement,2023-05-01,q90_exposure,500,1000,1031.521425593239,1050.2535683816202,0.018159722448429193,0.02,relative,True
Cement,2023-05-01,q95_exposure,500,1000,1228.6442807503754,1314.045941185752,0.06950885766807864,0.02,relative,False
Cement,2023-05-01,q99_exposure,500,1000,1457.8859822243662,1476.8681566865405,0.013020342258324113,0.05,relative,True
Granite,2022-07-01,mean_exposure,500,1000,2920.302159247051,2904.0809081546545,0.0055546481863297265,0.01,relative,True
Granite,2022-07-01,q90_exposure,500,1000,4601.474221382055,4491.2907227570995,0.023945260436960877,0.02,relative,False
Granite,2022-07-01,q95_exposure,500,1000,5531.552020386481,5565.5819824538285,0.006151973612817995,0.02,relative,True
Granite,2022-07-01,q99_exposure,500,1000,6406.012486515609,6509.014980258315,0.016079034182265667,0.05,relative,True
Granite,2022-08-01,mean_exposure,500,1000,2906.957094521219,2870.803500027175,0.012436920573125551,0.01,relative,False
Granite,2022-08-01,q90_exposure,500,1000,4631.3688328802045,4431.005431866982,0.0432622423830189,0.02,relative,False
Granite,2022-08-01,q95_exposure,500,1000,5985.7482054934335,5457.672691697226,0.08822213960011972,0.02,relative,False
Granite,2022-08-01,q99_exposure,500,1000,6395.572961163625,6395.492582837632,1.2567806900424246e-05,0.05,relative,True
Granite,2022-09-01,mean_exposure,500,1000,2865.633016127901,2884.9071304981185,0.006725953484532689,0.01,relative,True
Granite,2022-09-01,q90_exposure,500,1000,4702.2803321993715,4592.21674400527,0.023406428459917486,0.02,relative,False
Granite,2022-09-01,q95_exposure,500,1000,5297.814905836971,5302.891727212184,0.0009582859094643011,0.02,relative,True
Granite,2022-09-01,q99_exposure,500,1000,6378.862291583336,6518.3850556698435,0.021872672227240698,0.05,relative,True
Granite,2022-10-01,mean_exposure,500,1000,2728.872992200201,2738.1061776744014,0.003383516015802447,0.01,relative,True
Granite,2022-10-01,q90_exposure,500,1000,4199.598122715726,4197.038994996076,0.0006093744317599266,0.02,relative,True
Granite,2022-10-01,q95_exposure,500,1000,5616.724350678316,5548.923041196749,0.012071325784997578,0.02,relative,True
Granite,2022-10-01,q99_exposure,500,1000,5956.801227244508,5983.8374439146555,0.004538713923589212,0.05,relative,True
Granite,2022-11-01,mean_exposure,500,1000,2688.5202718260357,2723.367541148998,0.012961505140258503,0.01,relative,False
Granite,2022-11-01,q90_exposure,500,1000,4096.107272355819,4163.110262387796,0.016357723462022772,0.02,relative,True
Granite,2022-11-01,q95_exposure,500,1000,4698.63530245722,4737.311893283583,0.008231451972051712,0.02,relative,True
Granite,2022-11-01,q99_exposure,500,1000,5847.283431015019,5932.995065009288,0.014658368284259836,0.05,relative,True
Granite,2022-12-01,mean_exposure,500,1000,2692.6543267725183,2698.661063615237,0.0022307864708049374,0.01,relative,True
Granite,2022-12-01,q90_exposure,500,1000,4217.905268773629,4235.539926620401,0.004180904198424365,0.02,relative,True
Granite,2022-12-01,q95_exposure,500,1000,4946.810157138421,5441.905173586265,0.10008369044310383,0.02,relative,False
Granite,2022-12-01,q99_exposure,500,1000,6105.5898734203,6115.150186119356,0.0015658294935063863,0.05,relative,True
Granite,2023-01-01,mean_exposure,500,1000,2747.758224208177,2738.304636081502,0.003440473053046518,0.01,relative,True
Granite,2023-01-01,q90_exposure,500,1000,4199.755820136438,4251.012383181799,0.012204653137118764,0.02,relative,True
Granite,2023-01-01,q95_exposure,500,1000,5058.846255422165,5212.1930152204,0.030312595413208184,0.02,relative,False
Granite,2023-01-01,q99_exposure,500,1000,6037.637995574526,6170.634051973436,0.02202782884571638,0.05,relative,True
Granite,2023-02-01,mean_exposure,500,1000,2789.7708147903822,2705.961789383209,0.030041544976686662,0.01,relative,False
Granite,2023-02-01,q90_exposure,500,1000,4381.883511007801,4151.344151936796,0.05261193240118386,0.02,relative,False
Granite,2023-02-01,q95_exposure,500,1000,5057.549121283642,4878.541727759248,0.03539409884741982,0.02,relative,False
Granite,2023-02-01,q99_exposure,500,1000,5934.608682611583,5946.128692147023,0.0019411573958015192,0.05,relative,True
Granite,2023-03-01,mean_exposure,500,1000,2723.3966242626975,2679.7467764371227,0.0160277234085917,0.01,relative,False
Granite,2023-03-01,q90_exposure,500,1000,4275.9196103566655,4197.827330270658,0.01826327134328263,0.02,relative,True
Granite,2023-03-01,q95_exposure,500,1000,5615.1413056090205,5004.076130038085,0.10882454106017543,0.02,relative,False
Granite,2023-03-01,q99_exposure,500,1000,6050.972985768489,6021.512947909471,0.004868644749911419,0.05,relative,True
Granite,2023-04-01,mean_exposure,500,1000,2678.9209246337755,2648.24264207125,0.011451731284946164,0.01,relative,False
Granite,2023-04-01,q90_exposure,500,1000,4157.5987416617645,4230.23762898765,0.017471355905031946,0.02,relative,True
Granite,2023-04-01,q95_exposure,500,1000,5582.484829699628,5582.484829699628,0.0,0.02,relative,True
Granite,2023-04-01,q99_exposure,500,1000,6075.432263320029,6106.7245136065685,0.005150621211837731,0.05,relative,True
Granite,2023-05-01,mean_exposure,500,1000,2792.599567831453,2796.549505766305,0.0014144304755871054,0.01,relative,True
Granite,2023-05-01,q90_exposure,500,1000,4324.663880383073,4347.613455062075,0.005306672452188293,0.02,relative,True
Granite,2023-05-01,q95_exposure,500,1000,4953.72299760779,4995.40572198556,0.008414423737035711,0.02,relative,True
Granite,2023-05-01,q99_exposure,500,1000,6014.21791686877,6065.88939848394,0.008591554601013181,0.05,relative,True
Ready Mixed Concrete,2022-07-01,mean_exposure,500,1000,1776.262534133628,1787.2718324118412,0.006198013000135153,0.01,relative,True
Ready Mixed Concrete,2022-07-01,q90_exposure,500,1000,2760.6324227508035,2846.864630830349,0.031236396185487268,0.02,relative,False
Ready Mixed Concrete,2022-07-01,q95_exposure,500,1000,3562.6915206345375,3624.3680503498276,0.017311779411175395,0.02,relative,True
Ready Mixed Concrete,2022-07-01,q99_exposure,500,1000,3837.832504568285,3828.9172978306615,0.0023229796316049456,0.05,relative,True
Ready Mixed Concrete,2022-08-01,mean_exposure,500,1000,1771.9530889904784,1770.8165622969432,0.0006413977325904791,0.01,relative,True
Ready Mixed Concrete,2022-08-01,q90_exposure,500,1000,2827.2334235892754,2832.93113855279,0.0020152969740577856,0.02,relative,True
Ready Mixed Concrete,2022-08-01,q95_exposure,500,1000,3716.4181572038146,3709.574395869389,0.0018414938914126373,0.02,relative,True
Ready Mixed Concrete,2022-08-01,q99_exposure,500,1000,3863.848654603803,3858.966171958456,0.001263631959168339,0.05,relative,True
Ready Mixed Concrete,2022-09-01,mean_exposure,500,1000,1770.436432740205,1780.4281152288547,0.005643626793866337,0.01,relative,True
Ready Mixed Concrete,2022-09-01,q90_exposure,500,1000,2781.708831402249,2780.318103599912,0.0004999544836028132,0.02,relative,True
Ready Mixed Concrete,2022-09-01,q95_exposure,500,1000,3283.133545396514,3370.22758938496,0.026527718956350758,0.02,relative,False
Ready Mixed Concrete,2022-09-01,q99_exposure,500,1000,3910.616783492041,4008.6079370062976,0.02505772335655805,0.05,relative,True
Ready Mixed Concrete,2022-10-01,mean_exposure,500,1000,1758.379426754799,1746.2303612552994,0.006909240016485765,0.01,relative,True
Ready Mixed Concrete,2022-10-01,q90_exposure,500,1000,2797.388752771423,2782.339414526931,0.0053797807793365664,0.02,relative,True
Ready Mixed Concrete,2022-10-01,q95_exposure,500,1000,3712.993397988838,3599.1550560744868,0.03065945174478689,0.02,relative,False
Ready Mixed Concrete,2022-10-01,q99_exposure,500,1000,3920.243156144568,3944.044250472161,0.006071331134214822,0.05,relative,True
Ready Mixed Concrete,2022-11-01,mean_exposure,500,1000,1725.011050380134,1724.2684845408737,0.0004304701926962813,0.01,relative,True
Ready Mixed Concrete,2022-11-01,q90_exposure,500,1000,2732.3033675749703,2688.847437588261,0.015904504054130006,0.02,relative,True
Ready Mixed Concrete,2022-11-01,q95_exposure,500,1000,3596.141824165831,3523.43369994912,0.020218369511490697,0.02,relative,False
Ready Mixed Concrete,2022-11-01,q99_exposure,500,1000,3796.9972887594918,3794.2467244447876,0.0007244051300344322,0.05,relative,True
Ready Mixed Concrete,2022-12-01,mean_exposure,500,1000,1775.210205879374,1786.5614955946799,0.006394335542749387,0.01,relative,True
Ready Mixed Concrete,2022-12-01,q90_exposure,500,1000,2653.6438322010245,2744.5146340710457,0.03424378236722518,0.02,relative,False
Ready Mixed Concrete,2022-12-01,q95_exposure,500,1000,3443.9369070990224,3595.775977190123,0.04408880713758519,0.02,relative,False
Ready Mixed Concrete,2022-12-01,q99_exposure,500,1000,3874.396950096232,3859.5989506053634,0.003819432980531636,0.05,relative,True
Ready Mixed Concrete,2023-01-01,mean_exposure,500,1000,1748.0788773379086,1695.5715959313184,0.030037135101450233,0.01,relative,False
Ready Mixed Concrete,2023-01-01,q90_exposure,500,1000,2891.6936783652814,2665.808838546012,0.07811506506006045,0.02,relative,False
Ready Mixed Concrete,2023-01-01,q95_exposure,500,1000,3516.38796183056,3429.9828722057473,0.02457211506884809,0.02,relative,False
Ready Mixed Concrete,2023-01-01,q99_exposure,500,1000,3794.980983481314,3788.88016359118,0.0016076022295472728,0.05,relative,True
Ready Mixed Concrete,2023-02-01,mean_exposure,500,1000,1641.8065229691792,1616.9651239728892,0.015130527652774112,0.01,relative,False
Ready Mixed Concrete,2023-02-01,q90_exposure,500,1000,2532.027136562516,2480.5010328004137,0.020349743894156704,0.02,relative,False
Ready Mixed Concrete,2023-02-01,q95_exposure,500,1000,2997.3779875896535,3058.137702991415,0.020270955366100397,0.02,relative,False
Ready Mixed Concrete,2023-02-01,q99_exposure,500,1000,3664.9655029619753,3662.358714827369,0.0007112722159320206,0.05,relative,True
Ready Mixed Concrete,2023-03-01,mean_exposure,500,1000,1670.44811430742,1693.8849571713488,0.014030272873004467,0.01,relative,False
Ready Mixed Concrete,2023-03-01,q90_exposure,500,1000,2733.559785565706,2807.6092060434007,0.0270890071139857,0.02,relative,False
Ready Mixed Concrete,2023-03-01,q95_exposure,500,1000,3477.8813808327886,3564.62895209252,0.02494264805516731,0.02,relative,False
Ready Mixed Concrete,2023-03-01,q99_exposure,500,1000,3800.1559884622407,3774.0408316429944,0.006872127591218689,0.05,relative,True
Ready Mixed Concrete,2023-04-01,mean_exposure,500,1000,1697.0509096847989,1692.7435830684688,0.0025381245734873805,0.01,relative,True
Ready Mixed Concrete,2023-04-01,q90_exposure,500,1000,2641.659147738515,2661.657965192235,0.0075705518143174945,0.02,relative,True
Ready Mixed Concrete,2023-04-01,q95_exposure,500,1000,3483.614919537808,3482.748813198845,0.0002486228699118314,0.02,relative,True
Ready Mixed Concrete,2023-04-01,q99_exposure,500,1000,3685.5205764552543,3648.707686899578,0.009988518254613252,0.05,relative,True
Ready Mixed Concrete,2023-05-01,mean_exposure,500,1000,1739.006785825208,1746.0839829827687,0.004069677712155892,0.01,relative,True
Ready Mixed Concrete,2023-05-01,q90_exposure,500,1000,2605.9847214556703,2639.3705823572823,0.012811226645627859,0.02,relative,True
Ready Mixed Concrete,2023-05-01,q95_exposure,500,1000,3513.9584566694075,3576.8730740702704,0.017904200683264333,0.02,relative,True
Ready Mixed Concrete,2023-05-01,q99_exposure,500,1000,3791.023399195379,3779.158225915964,0.0031298074503927913,0.05,relative,True
Steel Reinforcement Bars,2022-07-01,mean_exposure,500,1000,143.12149367367488,145.24866640733302,0.014862706355679997,0.01,relative,False
Steel Reinforcement Bars,2022-07-01,q90_exposure,500,1000,224.64021597497293,240.51837300729002,0.0706826111406787,0.02,relative,False
Steel Reinforcement Bars,2022-07-01,q95_exposure,500,1000,268.573965487985,272.1919292674426,0.013471014485279586,0.02,relative,True
Steel Reinforcement Bars,2022-07-01,q99_exposure,500,1000,339.34911441848453,337.7884878816049,0.004598882008441205,0.05,relative,True
Steel Reinforcement Bars,2022-08-01,mean_exposure,500,1000,151.44044390828714,149.60072389224595,0.012148141992738249,0.01,relative,False
Steel Reinforcement Bars,2022-08-01,q90_exposure,500,1000,249.00910170479918,243.93589837994514,0.02037356582599269,0.02,relative,False
Steel Reinforcement Bars,2022-08-01,q95_exposure,500,1000,294.38528147927224,294.19485888497695,0.0006468482165223079,0.02,relative,True
Steel Reinforcement Bars,2022-08-01,q99_exposure,500,1000,342.1519691207747,342.1519691207747,0.0,0.05,relative,True
Steel Reinforcement Bars,2022-09-01,mean_exposure,500,1000,168.9399661832754,170.60478135526643,0.009854477952155737,0.01,relative,True
Steel Reinforcement Bars,2022-09-01,q90_exposure,500,1000,280.95079303103756,280.38961915099975,0.001997409845274289,0.02,relative,True
Steel Reinforcement Bars,2022-09-01,q95_exposure,500,1000,324.6070325227615,323.0144848171916,0.00490607887695163,0.02,relative,True
Steel Reinforcement Bars,2022-09-01,q99_exposure,500,1000,404.5304822050948,390.87355916788323,0.03375993562405415,0.05,relative,True
Steel Reinforcement Bars,2022-10-01,mean_exposure,500,1000,172.29329570290108,174.99163197816318,0.015661295840060208,0.01,relative,False
Steel Reinforcement Bars,2022-10-01,q90_exposure,500,1000,269.94353811026605,273.30784963487474,0.012463019297148157,0.02,relative,True
Steel Reinforcement Bars,2022-10-01,q95_exposure,500,1000,338.5530421609842,335.49888018872343,0.009021221468772087,0.02,relative,True
Steel Reinforcement Bars,2022-10-01,q99_exposure,500,1000,421.45675397005544,411.6593347635765,0.023246558784949602,0.05,relative,True
Steel Reinforcement Bars,2022-11-01,mean_exposure,500,1000,154.94165771409658,155.87791464662632,0.006042641768150927,0.01,relative,True
Steel Reinforcement Bars,2022-11-01,q90_exposure,500,1000,257.0314402135334,256.51434251841704,0.002011807173032173,0.02,relative,True
Steel Reinforcement Bars,2022-11-01,q95_exposure,500,1000,301.9082421197778,303.8406495067402,0.006400644690567031,0.02,relative,True
Steel Reinforcement Bars,2022-11-01,q99_exposure,500,1000,365.5546574320749,390.3135505094534,0.06772966114370747,0.05,relative,False
Steel Reinforcement Bars,2022-12-01,mean_exposure,500,1000,160.9853118527253,159.73945721924142,0.007738933565713263,0.01,relative,True
Steel Reinforcement Bars,2022-12-01,q90_exposure,500,1000,270.68814880457955,265.12947574939403,0.02053533957705163,0.02,relative,False
Steel Reinforcement Bars,2022-12-01,q95_exposure,500,1000,334.3185131488206,318.5263354397558,0.0472369225393,0.02,relative,False
Steel Reinforcement Bars,2022-12-01,q99_exposure,500,1000,394.8028372628183,382.64238194917937,0.030801337188830193,0.05,relative,True
Steel Reinforcement Bars,2023-01-01,mean_exposure,500,1000,150.2781815528145,149.2789685478548,0.006649089007032809,0.01,relative,True
Steel Reinforcement Bars,2023-01-01,q90_exposure,500,1000,261.6335996679226,259.81648319422055,0.006945271845850225,0.02,relative,True
Steel Reinforcement Bars,2023-01-01,q95_exposure,500,1000,309.80721424327123,299.446608674886,0.033442105580697386,0.02,relative,False
Steel Reinforcement Bars,2023-01-01,q99_exposure,500,1000,377.80234890024406,372.3268138384079,0.01449312074891826,0.05,relative,True
Steel Reinforcement Bars,2023-02-01,mean_exposure,500,1000,160.29561133957736,158.81141447924415,0.009259123490218485,0.01,relative,True
Steel Reinforcement Bars,2023-02-01,q90_exposure,500,1000,263.6547808937374,260.30915061807843,0.012689435269551819,0.02,relative,True
Steel Reinforcement Bars,2023-02-01,q95_exposure,500,1000,295.5921669558055,300.7341304012902,0.017395465848908897,0.02,relative,True
Steel Reinforcement Bars,2023-02-01,q99_exposure,500,1000,367.6263472875867,374.5204736371338,0.018753080132621607,0.05,relative,True
Steel Reinforcement Bars,2023-03-01,mean_exposure,500,1000,167.97948883419792,167.22708808689518,0.004479122734117805,0.01,relative,True
Steel Reinforcement Bars,2023-03-01,q90_exposure,500,1000,275.97068146789235,274.10768775442943,0.006750694325765406,0.02,relative,True
Steel Reinforcement Bars,2023-03-01,q95_exposure,500,1000,334.51299150774736,328.9618214222103,0.016594781746790587,0.02,relative,True
Steel Reinforcement Bars,2023-03-01,q99_exposure,500,1000,411.1565501240335,400.1853559975637,0.02668373913333044,0.05,relative,True
Steel Reinforcement Bars,2023-04-01,mean_exposure,500,1000,158.00946467745234,156.48499845413642,0.009647942459825727,0.01,relative,True
Steel Reinforcement Bars,2023-04-01,q90_exposure,500,1000,269.6628357135072,262.9978833645997,0.0247158728093641,0.02,relative,False
Steel Reinforcement Bars,2023-04-01,q95_exposure,500,1000,311.32113593949333,317.9890530983893,0.021418131919549235,0.02,relative,False
Steel Reinforcement Bars,2023-04-01,q99_exposure,500,1000,387.09768759134386,381.97786555192727,0.013226175726530167,0.05,relative,True
Steel Reinforcement Bars,2023-05-01,mean_exposure,500,1000,150.99151580934878,151.48674236258677,0.003279830330753734,0.01,relative,True
Steel Reinforcement Bars,2023-05-01,q90_exposure,500,1000,249.60945429886226,252.9054463479908,0.013204596189622582,0.02,relative,True
Steel Reinforcement Bars,2023-05-01,q95_exposure,500,1000,294.6569620891815,291.53725035306934,0.010587605716127395,0.02,relative,True
Steel Reinforcement Bars,2023-05-01,q99_exposure,500,1000,342.3291469616829,345.922563006425,0.010496961992968375,0.05,relative,True
Cement,2022-07-01,mean_demand,1000,2500,364.1613163229353,364.78997800486655,0.00172632746464964,0.01,relative,True
Cement,2022-07-01,q90_demand,1000,2500,423.4425931936371,423.95629232540523,0.0012131494092121817,0.02,relative,True
Cement,2022-07-01,mean_price,1000,2500,113.63941075404493,113.60074094025293,0.0003402852367449593,0.01,relative,True
Cement,2022-07-01,q90_price,1000,2500,121.49324472720927,121.50135364334876,6.674376141404787e-05,0.02,relative,True
Cement,2022-07-01,mean_internal_duration,1000,2500,11.508,11.4236,0.0843999999999987,1.0,absolute_days,True
Cement,2022-07-01,q90_internal_duration,1000,2500,20.0,18.0,2.0,2.0,absolute_days,True
Cement,2022-07-01,mean_podn_duration,1000,2500,43.623,42.8212,0.8018000000000001,1.0,absolute_days,True
Cement,2022-07-01,q90_podn_duration,1000,2500,75.0,75.0,0.0,2.0,absolute_days,True
Cement,2022-07-01,mean_total_duration,1000,2500,55.131,54.2448,0.8862000000000023,1.0,absolute_days,True
Cement,2022-07-01,q90_total_duration,1000,2500,86.0,86.0,0.0,2.0,absolute_days,True
Cement,2022-08-01,mean_demand,1000,2500,338.9518037488606,339.33257536435013,0.0011233798176559495,0.01,relative,True
Cement,2022-08-01,q90_demand,1000,2500,394.1876007837792,394.1342121555838,0.00013543964368556045,0.02,relative,True
Cement,2022-08-01,mean_price,1000,2500,113.53893191320196,113.57304300961748,0.0003004352413812744,0.01,relative,True
Cement,2022-08-01,q90_price,1000,2500,121.60957058386107,121.59459649579112,0.00012313248042942676,0.02,relative,True
Cement,2022-08-01,mean_internal_duration,1000,2500,11.428,11.452,0.023999999999999133,1.0,absolute_days,True
Cement,2022-08-01,q90_internal_duration,1000,2500,18.0,18.0,0.0,2.0,absolute_days,True
Cement,2022-08-01,mean_podn_duration,1000,2500,43.339,43.296,0.04299999999999926,1.0,absolute_days,True
Cement,2022-08-01,q90_podn_duration,1000,2500,75.0,75.0,0.0,2.0,absolute_days,True
Cement,2022-08-01,mean_total_duration,1000,2500,54.767,54.748,0.019000000000005457,1.0,absolute_days,True
Cement,2022-08-01,q90_total_duration,1000,2500,86.0,86.0,0.0,2.0,absolute_days,True
Cement,2022-09-01,mean_demand,1000,2500,358.71889776491594,359.1072907257676,0.0010827223301354805,0.01,relative,True
Cement,2022-09-01,q90_demand,1000,2500,420.66403216584644,420.6436586894203,4.8431705276142146e-05,0.02,relative,True
Cement,2022-09-01,mean_price,1000,2500,112.0442767712588,112.07717515981452,0.0002936195359883042,0.01,relative,True
Cement,2022-09-01,q90_price,1000,2500,121.98949819406221,121.97668443430773,0.00010503985953032633,0.02,relative,True
Cement,2022-09-01,mean_internal_duration,1000,2500,11.743,11.7508,0.007799999999999585,1.0,absolute_days,True
Cement,2022-09-01,q90_internal_duration,1000,2500,20.0,20.0,0.0,2.0,absolute_days,True
Cement,2022-09-01,mean_podn_duration,1000,2500,41.938,42.3988,0.460799999999999,1.0,absolute_days,True
Cement,2022-09-01,q90_podn_duration,1000,2500,75.0,75.0,0.0,2.0,absolute_days,True
Cement,2022-09-01,mean_total_duration,1000,2500,53.681,54.1496,0.4686000000000021,1.0,absolute_days,True
Cement,2022-09-01,q90_total_duration,1000,2500,86.0,86.0,0.0,2.0,absolute_days,True
Cement,2022-10-01,mean_demand,1000,2500,355.6940056264987,355.5675932071529,0.0003553965412578205,0.01,relative,True
Cement,2022-10-01,q90_demand,1000,2500,406.16418389005923,406.4997354513344,0.0008261475890399895,0.02,relative,True
Cement,2022-10-01,mean_price,1000,2500,111.4296903979649,111.47113692059237,0.0003719522371411357,0.01,relative,True
Cement,2022-10-01,q90_price,1000,2500,121.74355418826552,121.68609107432208,0.0004720012843930944,0.02,relative,True
Cement,2022-10-01,mean_internal_duration,1000,2500,11.876,11.7804,0.09559999999999924,1.0,absolute_days,True
Cement,2022-10-01,q90_internal_duration,1000,2500,20.0,20.0,0.0,2.0,absolute_days,True
Cement,2022-10-01,mean_podn_duration,1000,2500,40.434,42.1584,1.7244000000000028,1.0,absolute_days,False
Cement,2022-10-01,q90_podn_duration,1000,2500,71.0,75.0,4.0,2.0,absolute_days,False
Cement,2022-10-01,mean_total_duration,1000,2500,52.31,53.9388,1.6287999999999982,1.0,absolute_days,False
Cement,2022-10-01,q90_total_duration,1000,2500,80.0,86.0,6.0,2.0,absolute_days,False
Cement,2022-11-01,mean_demand,1000,2500,339.0780712997478,339.93984378386614,0.0025415164148332816,0.01,relative,True
Cement,2022-11-01,q90_demand,1000,2500,394.56013257047243,394.55026563565093,2.5007429811070046e-05,0.02,relative,True
Cement,2022-11-01,mean_price,1000,2500,111.96279449683482,111.9715298306247,7.801996930447337e-05,0.01,relative,True
Cement,2022-11-01,q90_price,1000,2500,122.09405744273793,122.05628325195866,0.0003093859895432666,0.02,relative,True
Cement,2022-11-01,mean_internal_duration,1000,2500,11.615,11.8044,0.18939999999999912,1.0,absolute_days,True
Cement,2022-11-01,q90_internal_duration,1000,2500,20.0,20.0,0.0,2.0,absolute_days,True
Cement,2022-11-01,mean_podn_duration,1000,2500,41.703,41.598,0.10500000000000398,1.0,absolute_days,True
Cement,2022-11-01,q90_podn_duration,1000,2500,71.40000000000146,75.0,3.599999999998545,2.0,absolute_days,False
Cement,2022-11-01,mean_total_duration,1000,2500,53.318,53.4024,0.08440000000000225,1.0,absolute_days,True
Cement,2022-11-01,q90_total_duration,1000,2500,80.0,86.0,6.0,2.0,absolute_days,False
Cement,2022-12-01,mean_demand,1000,2500,323.0330531802561,323.05391263402237,6.457374426827958e-05,0.01,relative,True
Cement,2022-12-01,q90_demand,1000,2500,370.9176697416989,370.8118515973107,0.0002852874182615376,0.02,relative,True
Cement,2022-12-01,mean_price,1000,2500,111.97102890316688,111.94862883582512,0.00020005234890835172,0.01,relative,True
Cement,2022-12-01,q90_price,1000,2500,121.95861652007821,121.92957199568492,0.00023815065488631094,0.02,relative,True
Cement,2022-12-01,mean_internal_duration,1000,2500,11.499,11.5096,0.010600000000000165,1.0,absolute_days,True
Cement,2022-12-01,q90_internal_duration,1000,2500,18.0,18.0,0.0,2.0,absolute_days,True
Cement,2022-12-01,mean_podn_duration,1000,2500,42.41,42.4748,0.0648000000000053,1.0,absolute_days,True
Cement,2022-12-01,q90_podn_duration,1000,2500,75.0,75.0,0.0,2.0,absolute_days,True
Cement,2022-12-01,mean_total_duration,1000,2500,53.909,53.9844,0.07540000000000191,1.0,absolute_days,True
Cement,2022-12-01,q90_total_duration,1000,2500,86.0,86.0,0.0,2.0,absolute_days,True
Cement,2023-01-01,mean_demand,1000,2500,337.4395809801809,337.4390984520168,1.4299690708154159e-06,0.01,relative,True
Cement,2023-01-01,q90_demand,1000,2500,400.64505130817884,401.1063168571895,0.001151307241920328,0.02,relative,True
Cement,2023-01-01,mean_price,1000,2500,111.12542436627784,111.13072085782392,4.7662284092779844e-05,0.01,relative,True
Cement,2023-01-01,q90_price,1000,2500,121.40011523682554,121.4094881611075,7.720688125935838e-05,0.02,relative,True
Cement,2023-01-01,mean_internal_duration,1000,2500,11.8,11.7704,0.029600000000000293,1.0,absolute_days,True
Cement,2023-01-01,q90_internal_duration,1000,2500,20.0,20.0,0.0,2.0,absolute_days,True
Cement,2023-01-01,mean_podn_duration,1000,2500,41.082,41.6584,0.5763999999999996,1.0,absolute_days,True
Cement,2023-01-01,q90_podn_duration,1000,2500,75.0,75.0,0.0,2.0,absolute_days,True
Cement,2023-01-01,mean_total_duration,1000,2500,52.882,53.4288,0.5468000000000046,1.0,absolute_days,True
Cement,2023-01-01,q90_total_duration,1000,2500,86.0,86.0,0.0,2.0,absolute_days,True
Cement,2023-02-01,mean_demand,1000,2500,368.06078252547326,368.6413999573714,0.0015775042043713234,0.01,relative,True
Cement,2023-02-01,q90_demand,1000,2500,438.0325178678664,438.51839854197243,0.00110923425610293,0.02,relative,True
Cement,2023-02-01,mean_price,1000,2500,106.53412651292435,106.5284574600665,5.321349170823942e-05,0.01,relative,True
Cement,2023-02-01,q90_price,1000,2500,114.84519612066269,114.83477870742932,9.070830635723357e-05,0.02,relative,True
Cement,2023-02-01,mean_internal_duration,1000,2500,11.596,11.6856,0.08960000000000079,1.0,absolute_days,True
Cement,2023-02-01,q90_internal_duration,1000,2500,20.0,20.0,0.0,2.0,absolute_days,True
Cement,2023-02-01,mean_podn_duration,1000,2500,41.572,42.5388,0.9667999999999992,1.0,absolute_days,True
Cement,2023-02-01,q90_podn_duration,1000,2500,71.0,75.0,4.0,2.0,absolute_days,False
Cement,2023-02-01,mean_total_duration,1000,2500,53.168,54.2244,1.0564000000000036,1.0,absolute_days,False
Cement,2023-02-01,q90_total_duration,1000,2500,80.60000000000218,86.0,5.399999999997817,2.0,absolute_days,False
Cement,2023-03-01,mean_demand,1000,2500,350.6335366392442,350.73059529389553,0.00027680938789148156,0.01,relative,True
Cement,2023-03-01,q90_demand,1000,2500,415.05602488659935,414.38881951989197,0.0016075067622248601,0.02,relative,True
Cement,2023-03-01,mean_price,1000,2500,105.75405206750202,105.70948567801442,0.0004214154315255247,0.01,relative,True
Cement,2023-03-01,q90_price,1000,2500,113.55258007933742,113.5272848146022,0.00022276257146730484,0.02,relative,True
Cement,2023-03-01,mean_internal_duration,1000,2500,11.703,11.5516,0.15139999999999887,1.0,absolute_days,True
Cement,2023-03-01,q90_internal_duration,1000,2500,18.0,18.0,0.0,2.0,absolute_days,True
Cement,2023-03-01,mean_podn_duration,1000,2500,40.885,41.9152,1.0302000000000007,1.0,absolute_days,False
Cement,2023-03-01,q90_podn_duration,1000,2500,71.0,75.0,4.0,2.0,absolute_days,False
Cement,2023-03-01,mean_total_duration,1000,2500,52.588,53.4668,0.8787999999999982,1.0,absolute_days,True
Cement,2023-03-01,q90_total_duration,1000,2500,80.0,86.0,6.0,2.0,absolute_days,False
Cement,2023-04-01,mean_demand,1000,2500,367.422448682451,367.7526755786929,0.0008987662496564742,0.01,relative,True
Cement,2023-04-01,q90_demand,1000,2500,444.81552873227713,445.64214886864033,0.0018583437019815121,0.02,relative,True
Cement,2023-04-01,mean_price,1000,2500,103.1849486511768,103.21070707402397,0.0002496335287644871,0.01,relative,True
Cement,2023-04-01,q90_price,1000,2500,111.33297364798496,111.45908122517375,0.0011327064485632083,0.02,relative,True
Cement,2023-04-01,mean_internal_duration,1000,2500,11.717,11.6936,0.02340000000000053,1.0,absolute_days,True
Cement,2023-04-01,q90_internal_duration,1000,2500,20.0,20.0,0.0,2.0,absolute_days,True
Cement,2023-04-01,mean_podn_duration,1000,2500,42.866,43.216,0.3500000000000014,1.0,absolute_days,True
Cement,2023-04-01,q90_podn_duration,1000,2500,75.0,75.0,0.0,2.0,absolute_days,True
Cement,2023-04-01,mean_total_duration,1000,2500,54.583,54.9096,0.3265999999999991,1.0,absolute_days,True
Cement,2023-04-01,q90_total_duration,1000,2500,86.0,86.0,0.0,2.0,absolute_days,True
Cement,2023-05-01,mean_demand,1000,2500,356.0848883807922,355.73219801998096,0.0009904670833267824,0.01,relative,True
Cement,2023-05-01,q90_demand,1000,2500,424.9300895781189,424.89190515484046,8.986048344175356e-05,0.02,relative,True
Cement,2023-05-01,mean_price,1000,2500,102.61799249744807,102.63319717433859,0.0001481677483692494,0.01,relative,True
Cement,2023-05-01,q90_price,1000,2500,111.13052469258984,111.14897890514743,0.00016605889883660802,0.02,relative,True
Cement,2023-05-01,mean_internal_duration,1000,2500,11.613,11.6236,0.010600000000000165,1.0,absolute_days,True
Cement,2023-05-01,q90_internal_duration,1000,2500,18.0,20.0,2.0,2.0,absolute_days,True
Cement,2023-05-01,mean_podn_duration,1000,2500,43.121,42.7224,0.39860000000000184,1.0,absolute_days,True
Cement,2023-05-01,q90_podn_duration,1000,2500,75.0,75.0,0.0,2.0,absolute_days,True
Cement,2023-05-01,mean_total_duration,1000,2500,54.734,54.346,0.38800000000000523,1.0,absolute_days,True
Cement,2023-05-01,q90_total_duration,1000,2500,86.0,86.0,0.0,2.0,absolute_days,True
Granite,2022-07-01,mean_demand,1000,2500,1657.1933608578388,1657.435870543844,0.000146337592059652,0.01,relative,True
Granite,2022-07-01,q90_demand,1000,2500,1832.6633353468446,1833.1728747884197,0.00027803221232589856,0.02,relative,True
Granite,2022-07-01,mean_price,1000,2500,20.8202046415333,20.824749686190234,0.00021829971103482382,0.01,relative,True
Granite,2022-07-01,q90_price,1000,2500,22.254623314774058,22.265750096703798,0.0004999761969618653,0.02,relative,True
Granite,2022-07-01,mean_internal_duration,1000,2500,11.684,11.5236,0.1603999999999992,1.0,absolute_days,True
Granite,2022-07-01,q90_internal_duration,1000,2500,20.0,20.0,0.0,2.0,absolute_days,True
Granite,2022-07-01,mean_podn_duration,1000,2500,42.202,42.5176,0.31560000000000343,1.0,absolute_days,True
Granite,2022-07-01,q90_podn_duration,1000,2500,75.0,75.0,0.0,2.0,absolute_days,True
Granite,2022-07-01,mean_total_duration,1000,2500,53.886,54.0412,0.15520000000000067,1.0,absolute_days,True
Granite,2022-07-01,q90_total_duration,1000,2500,80.0,86.0,6.0,2.0,absolute_days,False
Granite,2022-08-01,mean_demand,1000,2500,1586.9359316277432,1586.968110451048,2.027732983005131e-05,0.01,relative,True
Granite,2022-08-01,q90_demand,1000,2500,1766.1038995776255,1765.3032356256588,0.00045335042415013617,0.02,relative,True
Granite,2022-08-01,mean_price,1000,2500,20.362020629493344,20.360201760699425,8.932653723393954e-05,0.01,relative,True
Granite,2022-08-01,q90_price,1000,2500,21.751688382173953,21.757448817746496,0.00026482705486276725,0.02,relative,True
Granite,2022-08-01,mean_internal_duration,1000,2500,11.424,11.5184,0.09440000000000026,1.0,absolute_days,True
Granite,2022-08-01,q90_internal_duration,1000,2500,20.0,20.0,0.0,2.0,absolute_days,True
Granite,2022-08-01,mean_podn_duration,1000,2500,41.306,41.846,0.5399999999999991,1.0,absolute_days,True
Granite,2022-08-01,q90_podn_duration,1000,2500,71.0,71.0,0.0,2.0,absolute_days,True
Granite,2022-08-01,mean_total_duration,1000,2500,52.73,53.3644,0.6344000000000065,1.0,absolute_days,True
Granite,2022-08-01,q90_total_duration,1000,2500,80.0,86.0,6.0,2.0,absolute_days,False
Granite,2022-09-01,mean_demand,1000,2500,1641.8518722346248,1642.0501884273256,0.00012078811496608552,0.01,relative,True
Granite,2022-09-01,q90_demand,1000,2500,1811.0842120532936,1812.7774675396604,0.0009349402281228243,0.02,relative,True
Granite,2022-09-01,mean_price,1000,2500,20.275223537302946,20.272504847760782,0.0001340892512066101,0.01,relative,True
Granite,2022-09-01,q90_price,1000,2500,21.590719957043845,21.608474241905583,0.0008223109232606007,0.02,relative,True
Granite,2022-09-01,mean_internal_duration,1000,2500,11.654,11.5776,0.07639999999999958,1.0,absolute_days,True
Granite,2022-09-01,q90_internal_duration,1000,2500,20.0,20.0,0.0,2.0,absolute_days,True
Granite,2022-09-01,mean_podn_duration,1000,2500,41.871,41.9604,0.0893999999999977,1.0,absolute_days,True
Granite,2022-09-01,q90_podn_duration,1000,2500,71.40000000000146,75.0,3.599999999998545,2.0,absolute_days,False
Granite,2022-09-01,mean_total_duration,1000,2500,53.525,53.538,0.012999999999998124,1.0,absolute_days,True
Granite,2022-09-01,q90_total_duration,1000,2500,86.0,86.0,0.0,2.0,absolute_days,True
Granite,2022-10-01,mean_demand,1000,2500,1597.1714411424603,1596.9371622170459,0.00014668364295746526,0.01,relative,True
Granite,2022-10-01,q90_demand,1000,2500,1766.3592299582904,1765.239974941626,0.0006336508438833887,0.02,relative,True
Granite,2022-10-01,mean_price,1000,2500,20.59769380527424,20.606057660860984,0.0004060578657889433,0.01,relative,True
Granite,2022-10-01,q90_price,1000,2500,21.80931805431614,21.822987305544547,0.0006267619736831674,0.02,relative,True
Granite,2022-10-01,mean_internal_duration,1000,2500,12.204,11.9172,0.2868000000000013,1.0,absolute_days,True
Granite,2022-10-01,q90_internal_duration,1000,2500,20.100000000000364,20.0,0.1000000000003638,2.0,absolute_days,True
Granite,2022-10-01,mean_podn_duration,1000,2500,42.79,42.936,0.1460000000000008,1.0,absolute_days,True
Granite,2022-10-01,q90_podn_duration,1000,2500,75.0,75.0,0.0,2.0,absolute_days,True
Granite,2022-10-01,mean_total_duration,1000,2500,54.994,54.8532,0.1407999999999987,1.0,absolute_days,True
Granite,2022-10-01,q90_total_duration,1000,2500,86.0,86.0,0.0,2.0,absolute_days,True
Granite,2022-11-01,mean_demand,1000,2500,1508.7974039981375,1510.858175859193,0.0013658373586769136,0.01,relative,True
Granite,2022-11-01,q90_demand,1000,2500,1661.8741074518994,1662.8299792552884,0.0005751770240013437,0.02,relative,True
Granite,2022-11-01,mean_price,1000,2500,20.239790272683212,20.239200706132433,2.9129083989326973e-05,0.01,relative,True
Granite,2022-11-01,q90_price,1000,2500,21.519963869439152,21.518633741823724,6.180900783563387e-05,0.02,relative,True
Granite,2022-11-01,mean_internal_duration,1000,2500,11.702,11.5952,0.10679999999999978,1.0,absolute_days,True
Granite,2022-11-01,q90_internal_duration,1000,2500,20.0,20.0,0.0,2.0,absolute_days,True
Granite,2022-11-01,mean_podn_duration,1000,2500,43.082,42.6848,0.397199999999998,1.0,absolute_days,True
Granite,2022-11-01,q90_podn_duration,1000,2500,75.0,75.0,0.0,2.0,absolute_days,True
Granite,2022-11-01,mean_total_duration,1000,2500,54.784,54.28,0.5039999999999978,1.0,absolute_days,True
Granite,2022-11-01,q90_total_duration,1000,2500,80.0,80.0,0.0,2.0,absolute_days,True
Granite,2022-12-01,mean_demand,1000,2500,1520.887245698592,1521.5151836477569,0.0004128760701628192,0.01,relative,True
Granite,2022-12-01,q90_demand,1000,2500,1681.4169168504009,1680.5163928935735,0.0005355744597325528,0.02,relative,True
Granite,2022-12-01,mean_price,1000,2500,20.258578213133728,20.26461882955355,0.0002981757335718634,0.01,relative,True
Granite,2022-12-01,q90_price,1000,2500,21.543750273928893,21.552463270088964,0.00040443265676983533,0.02,relative,True
Granite,2022-12-01,mean_internal_duration,1000,2500,11.525,11.6528,0.1277999999999988,1.0,absolute_days,True
Granite,2022-12-01,q90_internal_duration,1000,2500,20.0,20.0,0.0,2.0,absolute_days,True
Granite,2022-12-01,mean_podn_duration,1000,2500,42.443,42.0964,0.34659999999999513,1.0,absolute_days,True
Granite,2022-12-01,q90_podn_duration,1000,2500,75.0,75.0,0.0,2.0,absolute_days,True
Granite,2022-12-01,mean_total_duration,1000,2500,53.968,53.7492,0.21880000000000166,1.0,absolute_days,True
Granite,2022-12-01,q90_total_duration,1000,2500,86.0,86.0,0.0,2.0,absolute_days,True
Granite,2023-01-01,mean_demand,1000,2500,1569.63288323473,1569.8877664267961,0.00016238395282658507,0.01,relative,True
Granite,2023-01-01,q90_demand,1000,2500,1736.9031285041929,1738.0488419766875,0.0006596300356032763,0.02,relative,True
Granite,2023-01-01,mean_price,1000,2500,18.855990289488282,18.876684844682412,0.0010975056136757887,0.01,relative,True
Granite,2023-01-01,q90_price,1000,2500,21.055881537330702,21.087539442979725,0.0015035184156453377,0.02,relative,True
Granite,2023-01-01,mean_internal_duration,1000,2500,11.758,11.686,0.07199999999999918,1.0,absolute_days,True
Granite,2023-01-01,q90_internal_duration,1000,2500,20.0,20.0,0.0,2.0,absolute_days,True
Granite,2023-01-01,mean_podn_duration,1000,2500,42.093,42.254,0.16099999999999426,1.0,absolute_days,True
Granite,2023-01-01,q90_podn_duration,1000,2500,75.0,75.0,0.0,2.0,absolute_days,True
Granite,2023-01-01,mean_total_duration,1000,2500,53.851,53.94,0.08899999999999864,1.0,absolute_days,True
Granite,2023-01-01,q90_total_duration,1000,2500,86.0,86.0,0.0,2.0,absolute_days,True
Granite,2023-02-01,mean_demand,1000,2500,1509.9366454557853,1510.2691027472113,0.00022017962967287196,0.01,relative,True
Granite,2023-02-01,q90_demand,1000,2500,1653.7655514548944,1653.7197768273409,2.767903075093412e-05,0.02,relative,True
Granite,2023-02-01,mean_price,1000,2500,18.544987246194662,18.55220989040474,0.0003894661190214536,0.01,relative,True
Granite,2023-02-01,q90_price,1000,2500,20.917832702127253,20.912579420287727,0.00025113891646104587,0.02,relative,True
Granite,2023-02-01,mean_internal_duration,1000,2500,11.595,11.5944,0.000600000000000378,1.0,absolute_days,True
Granite,2023-02-01,q90_internal_duration,1000,2500,18.0,20.0,2.0,2.0,absolute_days,True
Granite,2023-02-01,mean_podn_duration,1000,2500,41.697,42.3212,0.6241999999999948,1.0,absolute_days,True
Granite,2023-02-01,q90_podn_duration,1000,2500,75.0,75.0,0.0,2.0,absolute_days,True
Granite,2023-02-01,mean_total_duration,1000,2500,53.292,53.9156,0.6235999999999962,1.0,absolute_days,True
Granite,2023-02-01,q90_total_duration,1000,2500,80.0,86.0,6.0,2.0,absolute_days,False
Granite,2023-03-01,mean_demand,1000,2500,1531.9997112761228,1532.0652618198121,4.278756921877413e-05,0.01,relative,True
Granite,2023-03-01,q90_demand,1000,2500,1655.090228815831,1654.794877044188,0.00017845055604874337,0.02,relative,True
Granite,2023-03-01,mean_price,1000,2500,18.375480708085906,18.365865529942024,0.0005232613119966422,0.01,relative,True
Granite,2023-03-01,q90_price,1000,2500,20.61927174330819,20.62224494363288,0.00014419521512218784,0.02,relative,True
Granite,2023-03-01,mean_internal_duration,1000,2500,11.751,11.6836,0.06739999999999924,1.0,absolute_days,True
Granite,2023-03-01,q90_internal_duration,1000,2500,20.0,20.0,0.0,2.0,absolute_days,True
Granite,2023-03-01,mean_podn_duration,1000,2500,42.521,42.4564,0.06459999999999866,1.0,absolute_days,True
Granite,2023-03-01,q90_podn_duration,1000,2500,71.0,75.0,4.0,2.0,absolute_days,False
Granite,2023-03-01,mean_total_duration,1000,2500,54.272,54.14,0.1319999999999979,1.0,absolute_days,True
Granite,2023-03-01,q90_total_duration,1000,2500,86.0,86.0,0.0,2.0,absolute_days,True
Granite,2023-04-01,mean_demand,1000,2500,1531.7533690796183,1531.290754963398,0.00030201605921600537,0.01,relative,True
Granite,2023-04-01,q90_demand,1000,2500,1644.9668235698402,1645.255028119762,0.00017520386781806304,0.02,relative,True
Granite,2023-04-01,mean_price,1000,2500,18.260461474469892,18.259799228620455,3.626665461674463e-05,0.01,relative,True
Granite,2023-04-01,q90_price,1000,2500,20.918948391105378,20.922140861143603,0.0001526114018036852,0.02,relative,True
Granite,2023-04-01,mean_internal_duration,1000,2500,11.651,11.7264,0.07540000000000013,1.0,absolute_days,True
Granite,2023-04-01,q90_internal_duration,1000,2500,20.0,20.0,0.0,2.0,absolute_days,True
Granite,2023-04-01,mean_podn_duration,1000,2500,42.347,42.3496,0.002600000000001046,1.0,absolute_days,True
Granite,2023-04-01,q90_podn_duration,1000,2500,75.0,75.0,0.0,2.0,absolute_days,True
Granite,2023-04-01,mean_total_duration,1000,2500,53.998,54.076,0.07800000000000296,1.0,absolute_days,True
Granite,2023-04-01,q90_total_duration,1000,2500,86.0,86.0,0.0,2.0,absolute_days,True
Granite,2023-05-01,mean_demand,1000,2500,1462.3578560126002,1462.8049016309217,0.0003057019295813198,0.01,relative,True
Granite,2023-05-01,q90_demand,1000,2500,1619.6404718482524,1619.5225115994867,7.283113185675199e-05,0.02,relative,True
Granite,2023-05-01,mean_price,1000,2500,19.06193595336673,19.061043423181157,4.682264108732166e-05,0.01,relative,True
Granite,2023-05-01,q90_price,1000,2500,21.181408822210994,21.198106216392638,0.0007883042304596557,0.02,relative,True
Granite,2023-05-01,mean_internal_duration,1000,2500,11.858,11.6312,0.22680000000000078,1.0,absolute_days,True
Granite,2023-05-01,q90_internal_duration,1000,2500,20.0,20.0,0.0,2.0,absolute_days,True
Granite,2023-05-01,mean_podn_duration,1000,2500,42.652,42.5104,0.14160000000000394,1.0,absolute_days,True
Granite,2023-05-01,q90_podn_duration,1000,2500,75.0,75.0,0.0,2.0,absolute_days,True
Granite,2023-05-01,mean_total_duration,1000,2500,54.51,54.1416,0.36840000000000117,1.0,absolute_days,True
Granite,2023-05-01,q90_total_duration,1000,2500,86.0,80.0,6.0,2.0,absolute_days,False
Ready Mixed Concrete,2022-07-01,mean_demand,1000,2500,995.1041069024299,996.826354434349,0.0017307209567049033,0.01,relative,True
Ready Mixed Concrete,2022-07-01,q90_demand,1000,2500,1099.3421318185012,1101.6582944007132,0.002106862381759754,0.02,relative,True
Ready Mixed Concrete,2022-07-01,mean_price,1000,2500,110.73593853509725,110.728705844972,6.531474985383495e-05,0.01,relative,True
Ready Mixed Concrete,2022-07-01,q90_price,1000,2500,114.45944662875576,114.46636527186499,6.044623937131929e-05,0.02,relative,True
Ready Mixed Concrete,2022-07-01,mean_internal_duration,1000,2500,11.558,11.6084,0.05039999999999978,1.0,absolute_days,True
Ready Mixed Concrete,2022-07-01,q90_internal_duration,1000,2500,20.0,20.0,0.0,2.0,absolute_days,True
Ready Mixed Concrete,2022-07-01,mean_podn_duration,1000,2500,43.699,43.4548,0.2441999999999993,1.0,absolute_days,True
Ready Mixed Concrete,2022-07-01,q90_podn_duration,1000,2500,75.0,75.0,0.0,2.0,absolute_days,True
Ready Mixed Concrete,2022-07-01,mean_total_duration,1000,2500,55.257,55.0632,0.19379999999999598,1.0,absolute_days,True
Ready Mixed Concrete,2022-07-01,q90_total_duration,1000,2500,86.0,86.0,0.0,2.0,absolute_days,True
Ready Mixed Concrete,2022-08-01,mean_demand,1000,2500,967.2907000256106,968.100914579779,0.0008376122650067296,0.01,relative,True
Ready Mixed Concrete,2022-08-01,q90_demand,1000,2500,1078.413211392292,1077.7863405542214,0.0005812900207901008,0.02,relative,True
Ready Mixed Concrete,2022-08-01,mean_price,1000,2500,110.11202166108434,110.08064786079103,0.0002849262035155001,0.01,relative,True
Ready Mixed Concrete,2022-08-01,q90_price,1000,2500,114.83293751635436,114.82794128736322,4.3508675291309265e-05,0.02,relative,True
Ready Mixed Concrete,2022-08-01,mean_internal_duration,1000,2500,11.502,11.5844,0.0823999999999998,1.0,absolute_days,True
Ready Mixed Concrete,2022-08-01,q90_internal_duration,1000,2500,20.0,20.0,0.0,2.0,absolute_days,True
Ready Mixed Concrete,2022-08-01,mean_podn_duration,1000,2500,42.832,43.2576,0.42559999999999576,1.0,absolute_days,True
Ready Mixed Concrete,2022-08-01,q90_podn_duration,1000,2500,75.0,75.0,0.0,2.0,absolute_days,True
Ready Mixed Concrete,2022-08-01,mean_total_duration,1000,2500,54.334,54.842,0.5079999999999956,1.0,absolute_days,True
Ready Mixed Concrete,2022-08-01,q90_total_duration,1000,2500,86.0,86.0,0.0,2.0,absolute_days,True
Ready Mixed Concrete,2022-09-01,mean_demand,1000,2500,1005.8705530228832,1006.1793501882097,0.0003069949352811711,0.01,relative,True
Ready Mixed Concrete,2022-09-01,q90_demand,1000,2500,1141.1370591101065,1140.290864030222,0.0007415367620645839,0.02,relative,True
Ready Mixed Concrete,2022-09-01,mean_price,1000,2500,109.18102708499087,109.15282287195564,0.00025832522177395093,0.01,relative,True
Ready Mixed Concrete,2022-09-01,q90_price,1000,2500,114.27400700628012,114.26741073331297,5.772330156219635e-05,0.02,relative,True
Ready Mixed Concrete,2022-09-01,mean_internal_duration,1000,2500,11.916,11.7124,0.20359999999999978,1.0,absolute_days,True
Ready Mixed Concrete,2022-09-01,q90_internal_duration,1000,2500,20.0,20.0,0.0,2.0,absolute_days,True
Ready Mixed Concrete,2022-09-01,mean_podn_duration,1000,2500,41.811,41.9976,0.18659999999999854,1.0,absolute_days,True
Ready Mixed Concrete,2022-09-01,q90_podn_duration,1000,2500,75.0,75.0,0.0,2.0,absolute_days,True
Ready Mixed Concrete,2022-09-01,mean_total_duration,1000,2500,53.727,53.71,0.016999999999995907,1.0,absolute_days,True
Ready Mixed Concrete,2022-09-01,q90_total_duration,1000,2500,86.0,86.0,0.0,2.0,absolute_days,True
Ready Mixed Concrete,2022-10-01,mean_demand,1000,2500,982.8102456359534,982.4223079729801,0.00039472285183826173,0.01,relative,True
Ready Mixed Concrete,2022-10-01,q90_demand,1000,2500,1109.0546949382972,1109.0658763259532,1.0081908229669315e-05,0.02,relative,True
Ready Mixed Concrete,2022-10-01,mean_price,1000,2500,110.23158570546408,110.19169956536255,0.00036183948408493645,0.01,relative,True
Ready Mixed Concrete,2022-10-01,q90_price,1000,2500,114.77900426050233,114.79354686732154,0.00012670093204676417,0.02,relative,True
Ready Mixed Concrete,2022-10-01,mean_internal_duration,1000,2500,11.604,11.8412,0.2372000000000014,1.0,absolute_days,True
Ready Mixed Concrete,2022-10-01,q90_internal_duration,1000,2500,18.0,20.0,2.0,2.0,absolute_days,True
Ready Mixed Concrete,2022-10-01,mean_podn_duration,1000,2500,42.114,42.1724,0.058400000000006,1.0,absolute_days,True
Ready Mixed Concrete,2022-10-01,q90_podn_duration,1000,2500,75.0,75.0,0.0,2.0,absolute_days,True
Ready Mixed Concrete,2022-10-01,mean_total_duration,1000,2500,53.718,54.0136,0.2955999999999932,1.0,absolute_days,True
Ready Mixed Concrete,2022-10-01,q90_total_duration,1000,2500,86.0,86.0,0.0,2.0,absolute_days,True
Ready Mixed Concrete,2022-11-01,mean_demand,1000,2500,970.1842408120099,969.0730603381,0.0011453293376315898,0.01,relative,True
Ready Mixed Concrete,2022-11-01,q90_demand,1000,2500,1071.6275553655023,1070.468524148865,0.0010815616030346645,0.02,relative,True
Ready Mixed Concrete,2022-11-01,mean_price,1000,2500,110.2446611194048,110.2489626729405,3.901824806770644e-05,0.01,relative,True
Ready Mixed Concrete,2022-11-01,q90_price,1000,2500,115.01461515970799,115.04810038592952,0.000291138879828725,0.02,relative,True
Ready Mixed Concrete,2022-11-01,mean_internal_duration,1000,2500,11.807,11.7056,0.10139999999999993,1.0,absolute_days,True
Ready Mixed Concrete,2022-11-01,q90_internal_duration,1000,2500,20.0,20.0,0.0,2.0,absolute_days,True
Ready Mixed Concrete,2022-11-01,mean_podn_duration,1000,2500,43.236,42.8244,0.41159999999999997,1.0,absolute_days,True
Ready Mixed Concrete,2022-11-01,q90_podn_duration,1000,2500,75.0,75.0,0.0,2.0,absolute_days,True
Ready Mixed Concrete,2022-11-01,mean_total_duration,1000,2500,55.043,54.53,0.5129999999999981,1.0,absolute_days,True
Ready Mixed Concrete,2022-11-01,q90_total_duration,1000,2500,86.0,86.0,0.0,2.0,absolute_days,True
Ready Mixed Concrete,2022-12-01,mean_demand,1000,2500,998.1766275389709,998.1471655529302,2.9515804345509774e-05,0.01,relative,True
Ready Mixed Concrete,2022-12-01,q90_demand,1000,2500,1087.9419855307503,1087.5926781394403,0.00032107170782607486,0.02,relative,True
Ready Mixed Concrete,2022-12-01,mean_price,1000,2500,110.81554176895544,110.81102947236172,4.0718986900995074e-05,0.01,relative,True
Ready Mixed Concrete,2022-12-01,q90_price,1000,2500,115.11207385923885,115.12505621479653,0.00011278013784685241,0.02,relative,True
Ready Mixed Concrete,2022-12-01,mean_internal_duration,1000,2500,11.91,11.8404,0.06959999999999944,1.0,absolute_days,True
Ready Mixed Concrete,2022-12-01,q90_internal_duration,1000,2500,20.0,20.0,0.0,2.0,absolute_days,True
Ready Mixed Concrete,2022-12-01,mean_podn_duration,1000,2500,44.329,43.6472,0.6818000000000026,1.0,absolute_days,True
Ready Mixed Concrete,2022-12-01,q90_podn_duration,1000,2500,75.0,75.0,0.0,2.0,absolute_days,True
Ready Mixed Concrete,2022-12-01,mean_total_duration,1000,2500,56.239,55.4876,0.7513999999999967,1.0,absolute_days,True
Ready Mixed Concrete,2022-12-01,q90_total_duration,1000,2500,86.0,86.0,0.0,2.0,absolute_days,True
Ready Mixed Concrete,2023-01-01,mean_demand,1000,2500,962.325380353615,963.4835917921752,0.0012035549120970085,0.01,relative,True
Ready Mixed Concrete,2023-01-01,q90_demand,1000,2500,1071.7689864362626,1071.5766971015094,0.00017941304253692002,0.02,relative,True
Ready Mixed Concrete,2023-01-01,mean_price,1000,2500,111.21186402387362,111.21668989585169,4.3393499609309086e-05,0.01,relative,True
Ready Mixed Concrete,2023-01-01,q90_price,1000,2500,115.5541355748247,115.57282208221055,0.0001617121472364029,0.02,relative,True
Ready Mixed Concrete,2023-01-01,mean_internal_duration,1000,2500,11.549,11.5668,0.017800000000001148,1.0,absolute_days,True
Ready Mixed Concrete,2023-01-01,q90_internal_duration,1000,2500,20.0,20.0,0.0,2.0,absolute_days,True
Ready Mixed Concrete,2023-01-01,mean_podn_duration,1000,2500,42.279,42.3572,0.07819999999999538,1.0,absolute_days,True
Ready Mixed Concrete,2023-01-01,q90_podn_duration,1000,2500,75.0,75.0,0.0,2.0,absolute_days,True
Ready Mixed Concrete,2023-01-01,mean_total_duration,1000,2500,53.828,53.924,0.09599999999999653,1.0,absolute_days,True
Ready Mixed Concrete,2023-01-01,q90_total_duration,1000,2500,86.0,86.0,0.0,2.0,absolute_days,True
Ready Mixed Concrete,2023-02-01,mean_demand,1000,2500,925.3500081924216,926.4412887359462,0.0011793165114422997,0.01,relative,True
Ready Mixed Concrete,2023-02-01,q90_demand,1000,2500,1015.2382568658724,1016.2563118766979,0.0010027744757849406,0.02,relative,True
Ready Mixed Concrete,2023-02-01,mean_price,1000,2500,109.61053400005008,109.59166813674315,0.0001721172465679207,0.01,relative,True
Ready Mixed Concrete,2023-02-01,q90_price,1000,2500,115.43150177428328,115.41569642921516,0.00013692401835872008,0.02,relative,True
Ready Mixed Concrete,2023-02-01,mean_internal_duration,1000,2500,11.621,11.7404,0.11939999999999884,1.0,absolute_days,True
Ready Mixed Concrete,2023-02-01,q90_internal_duration,1000,2500,20.0,20.0,0.0,2.0,absolute_days,True
Ready Mixed Concrete,2023-02-01,mean_podn_duration,1000,2500,41.257,42.0468,0.7897999999999996,1.0,absolute_days,True
Ready Mixed Concrete,2023-02-01,q90_podn_duration,1000,2500,71.0,75.0,4.0,2.0,absolute_days,False
Ready Mixed Concrete,2023-02-01,mean_total_duration,1000,2500,52.878,53.7872,0.9091999999999985,1.0,absolute_days,True
Ready Mixed Concrete,2023-02-01,q90_total_duration,1000,2500,80.0,86.0,6.0,2.0,absolute_days,False
Ready Mixed Concrete,2023-03-01,mean_demand,1000,2500,972.5215144916292,972.1751985417238,0.0003561010679402871,0.01,relative,True
Ready Mixed Concrete,2023-03-01,q90_demand,1000,2500,1044.8705422355802,1044.8230751576789,4.54286688949184e-05,0.02,relative,True
Ready Mixed Concrete,2023-03-01,mean_price,1000,2500,110.333061481985,110.32180100275994,0.00010205897555826002,0.01,relative,True
Ready Mixed Concrete,2023-03-01,q90_price,1000,2500,115.9083364924139,115.9122311715713,3.360137221593921e-05,0.02,relative,True
Ready Mixed Concrete,2023-03-01,mean_internal_duration,1000,2500,11.541,11.5908,0.0497999999999994,1.0,absolute_days,True
Ready Mixed Concrete,2023-03-01,q90_internal_duration,1000,2500,18.0,20.0,2.0,2.0,absolute_days,True
Ready Mixed Concrete,2023-03-01,mean_podn_duration,1000,2500,42.663,42.1344,0.5285999999999973,1.0,absolute_days,True
Ready Mixed Concrete,2023-03-01,q90_podn_duration,1000,2500,75.0,75.0,0.0,2.0,absolute_days,True
Ready Mixed Concrete,2023-03-01,mean_total_duration,1000,2500,54.204,53.7252,0.47879999999999967,1.0,absolute_days,True
Ready Mixed Concrete,2023-03-01,q90_total_duration,1000,2500,86.0,86.0,0.0,2.0,absolute_days,True
Ready Mixed Concrete,2023-04-01,mean_demand,1000,2500,936.0939907025767,935.2473823651927,0.0009044052689073744,0.01,relative,True
Ready Mixed Concrete,2023-04-01,q90_demand,1000,2500,1022.3662803541589,1022.5178327636536,0.00014823690139915868,0.02,relative,True
Ready Mixed Concrete,2023-04-01,mean_price,1000,2500,109.39210719102928,109.37057086055964,0.0001968728002655201,0.01,relative,True
Ready Mixed Concrete,2023-04-01,q90_price,1000,2500,114.80291562991209,114.82445507768598,0.0001876210865874349,0.02,relative,True
Ready Mixed Concrete,2023-04-01,mean_internal_duration,1000,2500,11.851,11.7456,0.10540000000000127,1.0,absolute_days,True
Ready Mixed Concrete,2023-04-01,q90_internal_duration,1000,2500,20.0,20.0,0.0,2.0,absolute_days,True
Ready Mixed Concrete,2023-04-01,mean_podn_duration,1000,2500,42.956,42.8984,0.05760000000000076,1.0,absolute_days,True
Ready Mixed Concrete,2023-04-01,q90_podn_duration,1000,2500,75.0,75.0,0.0,2.0,absolute_days,True
Ready Mixed Concrete,2023-04-01,mean_total_duration,1000,2500,54.807,54.644,0.1630000000000038,1.0,absolute_days,True
Ready Mixed Concrete,2023-04-01,q90_total_duration,1000,2500,86.0,86.0,0.0,2.0,absolute_days,True
Ready Mixed Concrete,2023-05-01,mean_demand,1000,2500,954.3329165759446,954.9635708418546,0.0006608325616312725,0.01,relative,True
Ready Mixed Concrete,2023-05-01,q90_demand,1000,2500,1041.1954983616672,1041.6302285430118,0.0004175298318409954,0.02,relative,True
Ready Mixed Concrete,2023-05-01,mean_price,1000,2500,110.23794584664803,110.21889815463656,0.0001727870731369241,0.01,relative,True
Ready Mixed Concrete,2023-05-01,q90_price,1000,2500,115.7490704168694,115.75435039942249,4.561576636490753e-05,0.02,relative,True
Ready Mixed Concrete,2023-05-01,mean_internal_duration,1000,2500,11.669,11.6004,0.0686,1.0,absolute_days,True
Ready Mixed Concrete,2023-05-01,q90_internal_duration,1000,2500,20.0,20.0,0.0,2.0,absolute_days,True
Ready Mixed Concrete,2023-05-01,mean_podn_duration,1000,2500,42.379,42.8412,0.46220000000000283,1.0,absolute_days,True
Ready Mixed Concrete,2023-05-01,q90_podn_duration,1000,2500,75.0,75.0,0.0,2.0,absolute_days,True
Ready Mixed Concrete,2023-05-01,mean_total_duration,1000,2500,54.048,54.4416,0.3935999999999993,1.0,absolute_days,True
Ready Mixed Concrete,2023-05-01,q90_total_duration,1000,2500,80.60000000000218,86.0,5.399999999997817,2.0,absolute_days,False
Steel Reinforcement Bars,2022-07-01,mean_demand,1000,2500,82.72205007952492,82.78740984469685,0.000790112976033598,0.01,relative,True
Steel Reinforcement Bars,2022-07-01,q90_demand,1000,2500,118.15139780256389,118.29521420425264,0.0012172213309661905,0.02,relative,True
Steel Reinforcement Bars,2022-07-01,mean_price,1000,2500,986.7324107948557,987.980896646475,0.0012652729736662828,0.01,relative,True
Steel Reinforcement Bars,2022-07-01,q90_price,1000,2500,1158.2180795451254,1159.429440655728,0.0010458834411205048,0.02,relative,True
Steel Reinforcement Bars,2022-07-01,mean_internal_duration,1000,2500,11.737,11.7096,0.02740000000000009,1.0,absolute_days,True
Steel Reinforcement Bars,2022-07-01,q90_internal_duration,1000,2500,20.0,20.0,0.0,2.0,absolute_days,True
Steel Reinforcement Bars,2022-07-01,mean_podn_duration,1000,2500,42.997,42.7636,0.23340000000000316,1.0,absolute_days,True
Steel Reinforcement Bars,2022-07-01,q90_podn_duration,1000,2500,75.0,75.0,0.0,2.0,absolute_days,True
Steel Reinforcement Bars,2022-07-01,mean_total_duration,1000,2500,54.734,54.4732,0.26080000000000325,1.0,absolute_days,True
Steel Reinforcement Bars,2022-07-01,q90_total_duration,1000,2500,86.0,86.0,0.0,2.0,absolute_days,True
Steel Reinforcement Bars,2022-08-01,mean_demand,1000,2500,75.60112782252385,75.49563010374274,0.0013954516529008458,0.01,relative,True
Steel Reinforcement Bars,2022-08-01,q90_demand,1000,2500,113.36674190237677,113.39099147765297,0.0002139037857953355,0.02,relative,True
Steel Reinforcement Bars,2022-08-01,mean_price,1000,2500,945.8440181157148,945.8985658732561,5.767098643807531e-05,0.01,relative,True
Steel Reinforcement Bars,2022-08-01,q90_price,1000,2500,1088.7218359171216,1089.8012798974837,0.0009914782130302834,0.02,relative,True
Steel Reinforcement Bars,2022-08-01,mean_internal_duration,1000,2500,11.882,11.8548,0.027200000000000557,1.0,absolute_days,True
Steel Reinforcement Bars,2022-08-01,q90_internal_duration,1000,2500,20.0,20.0,0.0,2.0,absolute_days,True
Steel Reinforcement Bars,2022-08-01,mean_podn_duration,1000,2500,43.13,42.2188,0.9112000000000009,1.0,absolute_days,True
Steel Reinforcement Bars,2022-08-01,q90_podn_duration,1000,2500,75.0,75.0,0.0,2.0,absolute_days,True
Steel Reinforcement Bars,2022-08-01,mean_total_duration,1000,2500,55.012,54.0736,0.9384000000000015,1.0,absolute_days,True
Steel Reinforcement Bars,2022-08-01,q90_total_duration,1000,2500,86.0,86.0,0.0,2.0,absolute_days,True
Steel Reinforcement Bars,2022-09-01,mean_demand,1000,2500,89.8046233943111,89.86694984200638,0.0006940227055084147,0.01,relative,True
Steel Reinforcement Bars,2022-09-01,q90_demand,1000,2500,128.4157532737631,128.51243190022035,0.0007528564369446431,0.02,relative,True
Steel Reinforcement Bars,2022-09-01,mean_price,1000,2500,924.6353719898661,925.2838866154483,0.0007013733686031422,0.01,relative,True
Steel Reinforcement Bars,2022-09-01,q90_price,1000,2500,1041.7947415638423,1041.8975286656414,9.866348686383321e-05,0.02,relative,True
Steel Reinforcement Bars,2022-09-01,mean_internal_duration,1000,2500,11.441,11.5304,0.08939999999999948,1.0,absolute_days,True
Steel Reinforcement Bars,2022-09-01,q90_internal_duration,1000,2500,20.0,18.200000000004366,1.7999999999956344,2.0,absolute_days,True
Steel Reinforcement Bars,2022-09-01,mean_podn_duration,1000,2500,42.941,42.3996,0.541400000000003,1.0,absolute_days,True
Steel Reinforcement Bars,2022-09-01,q90_podn_duration,1000,2500,75.0,75.0,0.0,2.0,absolute_days,True
Steel Reinforcement Bars,2022-09-01,mean_total_duration,1000,2500,54.382,53.93,0.4519999999999982,1.0,absolute_days,True
Steel Reinforcement Bars,2022-09-01,q90_total_duration,1000,2500,86.0,86.0,0.0,2.0,absolute_days,True
Steel Reinforcement Bars,2022-10-01,mean_demand,1000,2500,100.20916175238982,100.49157897652258,0.002818277482757431,0.01,relative,True
Steel Reinforcement Bars,2022-10-01,q90_demand,1000,2500,137.89390395576075,138.19609501480946,0.002191475115141122,0.02,relative,True
Steel Reinforcement Bars,2022-10-01,mean_price,1000,2500,892.8098652821537,892.8380666806169,3.1587238850919736e-05,0.01,relative,True
Steel Reinforcement Bars,2022-10-01,q90_price,1000,2500,993.9606791005234,994.0385623999175,7.835651956029304e-05,0.02,relative,True
Steel Reinforcement Bars,2022-10-01,mean_internal_duration,1000,2500,11.69,11.72,0.030000000000001137,1.0,absolute_days,True
Steel Reinforcement Bars,2022-10-01,q90_internal_duration,1000,2500,20.0,20.0,0.0,2.0,absolute_days,True
Steel Reinforcement Bars,2022-10-01,mean_podn_duration,1000,2500,41.996,42.7428,0.7468000000000004,1.0,absolute_days,True
Steel Reinforcement Bars,2022-10-01,q90_podn_duration,1000,2500,75.0,75.0,0.0,2.0,absolute_days,True
Steel Reinforcement Bars,2022-10-01,mean_total_duration,1000,2500,53.686,54.4628,0.7768000000000015,1.0,absolute_days,True
Steel Reinforcement Bars,2022-10-01,q90_total_duration,1000,2500,86.0,86.0,0.0,2.0,absolute_days,True
Steel Reinforcement Bars,2022-11-01,mean_demand,1000,2500,89.03489765885442,88.67147426497132,0.004081808408154596,0.01,relative,True
Steel Reinforcement Bars,2022-11-01,q90_demand,1000,2500,126.06053447319222,125.53523214087868,0.004167064137152722,0.02,relative,True
Steel Reinforcement Bars,2022-11-01,mean_price,1000,2500,878.8248045809934,878.1441315843178,0.0007745263824227826,0.01,relative,True
Steel Reinforcement Bars,2022-11-01,q90_price,1000,2500,982.95287675542,982.4127554826134,0.0005494884704843962,0.02,relative,True
Steel Reinforcement Bars,2022-11-01,mean_internal_duration,1000,2500,11.59,11.6196,0.029600000000000293,1.0,absolute_days,True
Steel Reinforcement Bars,2022-11-01,q90_internal_duration,1000,2500,20.0,20.0,0.0,2.0,absolute_days,True
Steel Reinforcement Bars,2022-11-01,mean_podn_duration,1000,2500,40.912,41.4176,0.5056000000000012,1.0,absolute_days,True
Steel Reinforcement Bars,2022-11-01,q90_podn_duration,1000,2500,71.0,71.0,0.0,2.0,absolute_days,True
Steel Reinforcement Bars,2022-11-01,mean_total_duration,1000,2500,52.502,53.0372,0.5351999999999961,1.0,absolute_days,True
Steel Reinforcement Bars,2022-11-01,q90_total_duration,1000,2500,80.0,80.0,0.0,2.0,absolute_days,True
Steel Reinforcement Bars,2022-12-01,mean_demand,1000,2500,94.33357906302328,94.18333495284266,0.001592689598687294,0.01,relative,True
Steel Reinforcement Bars,2022-12-01,q90_demand,1000,2500,130.3294497100247,129.75526035607677,0.004405676193872271,0.02,relative,True
Steel Reinforcement Bars,2022-12-01,mean_price,1000,2500,873.1052282253509,873.355763755006,0.00028694769147631665,0.01,relative,True
Steel Reinforcement Bars,2022-12-01,q90_price,1000,2500,959.4801230904891,959.6792124066424,0.0002074970719685253,0.02,relative,True
Steel Reinforcement Bars,2022-12-01,mean_internal_duration,1000,2500,11.58,11.4352,0.14480000000000004,1.0,absolute_days,True
Steel Reinforcement Bars,2022-12-01,q90_internal_duration,1000,2500,20.0,20.0,0.0,2.0,absolute_days,True
Steel Reinforcement Bars,2022-12-01,mean_podn_duration,1000,2500,43.757,43.6596,0.09740000000000038,1.0,absolute_days,True
Steel Reinforcement Bars,2022-12-01,q90_podn_duration,1000,2500,75.0,75.0,0.0,2.0,absolute_days,True
Steel Reinforcement Bars,2022-12-01,mean_total_duration,1000,2500,55.337,55.0948,0.24220000000000397,1.0,absolute_days,True
Steel Reinforcement Bars,2022-12-01,q90_total_duration,1000,2500,86.0,86.0,0.0,2.0,absolute_days,True
Steel Reinforcement Bars,2023-01-01,mean_demand,1000,2500,89.98224392497804,90.27407661419915,0.003243225290807628,0.01,relative,True
Steel Reinforcement Bars,2023-01-01,q90_demand,1000,2500,132.84032758093485,133.20742343476334,0.0027634368306177918,0.02,relative,True
Steel Reinforcement Bars,2023-01-01,mean_price,1000,2500,819.7128516767724,820.0616793416885,0.00042554861034885,0.01,relative,True
Steel Reinforcement Bars,2023-01-01,q90_price,1000,2500,893.0623994212993,892.711156016068,0.00039330219865817666,0.02,relative,True
Steel Reinforcement Bars,2023-01-01,mean_internal_duration,1000,2500,11.75,11.7876,0.03759999999999941,1.0,absolute_days,True
Steel Reinforcement Bars,2023-01-01,q90_internal_duration,1000,2500,20.0,20.0,0.0,2.0,absolute_days,True
Steel Reinforcement Bars,2023-01-01,mean_podn_duration,1000,2500,41.783,41.766,0.017000000000003013,1.0,absolute_days,True
Steel Reinforcement Bars,2023-01-01,q90_podn_duration,1000,2500,75.0,75.0,0.0,2.0,absolute_days,True
Steel Reinforcement Bars,2023-01-01,mean_total_duration,1000,2500,53.533,53.5536,0.020600000000001728,1.0,absolute_days,True
Steel Reinforcement Bars,2023-01-01,q90_total_duration,1000,2500,86.0,80.0,6.0,2.0,absolute_days,False
Steel Reinforcement Bars,2023-02-01,mean_demand,1000,2500,84.62696824323298,84.44342717007456,0.002168824867161654,0.01,relative,True
Steel Reinforcement Bars,2023-02-01,q90_demand,1000,2500,116.97742509185436,116.77168078571103,0.0017588377072052447,0.02,relative,True
Steel Reinforcement Bars,2023-02-01,mean_price,1000,2500,823.5895524252933,823.4215134386657,0.0002040324408350844,0.01,relative,True
Steel Reinforcement Bars,2023-02-01,q90_price,1000,2500,890.9181671875053,890.7745125570606,0.00016124335066401612,0.02,relative,True
Steel Reinforcement Bars,2023-02-01,mean_internal_duration,1000,2500,11.977,11.6916,0.285400000000001,1.0,absolute_days,True
Steel Reinforcement Bars,2023-02-01,q90_internal_duration,1000,2500,20.0,20.0,0.0,2.0,absolute_days,True
Steel Reinforcement Bars,2023-02-01,mean_podn_duration,1000,2500,41.933,42.6788,0.7458000000000027,1.0,absolute_days,True
Steel Reinforcement Bars,2023-02-01,q90_podn_duration,1000,2500,75.0,75.0,0.0,2.0,absolute_days,True
Steel Reinforcement Bars,2023-02-01,mean_total_duration,1000,2500,53.91,54.3704,0.4603999999999999,1.0,absolute_days,True
Steel Reinforcement Bars,2023-02-01,q90_total_duration,1000,2500,86.0,86.0,0.0,2.0,absolute_days,True
Steel Reinforcement Bars,2023-03-01,mean_demand,1000,2500,94.81769333334007,94.8105560655997,7.527358544026289e-05,0.01,relative,True
Steel Reinforcement Bars,2023-03-01,q90_demand,1000,2500,125.0332348107325,125.38525073931308,0.002815378879970948,0.02,relative,True
Steel Reinforcement Bars,2023-03-01,mean_price,1000,2500,860.1416879533887,861.0483817765181,0.0010541214730410537,0.01,relative,True
Steel Reinforcement Bars,2023-03-01,q90_price,1000,2500,960.83055623632,960.700540134339,0.00013531636888226684,0.02,relative,True
Steel Reinforcement Bars,2023-03-01,mean_internal_duration,1000,2500,11.876,11.8004,0.07559999999999967,1.0,absolute_days,True
Steel Reinforcement Bars,2023-03-01,q90_internal_duration,1000,2500,20.0,20.0,0.0,2.0,absolute_days,True
Steel Reinforcement Bars,2023-03-01,mean_podn_duration,1000,2500,41.411,42.0692,0.6582000000000008,1.0,absolute_days,True
Steel Reinforcement Bars,2023-03-01,q90_podn_duration,1000,2500,75.0,75.0,0.0,2.0,absolute_days,True
Steel Reinforcement Bars,2023-03-01,mean_total_duration,1000,2500,53.287,53.8696,0.5825999999999993,1.0,absolute_days,True
Steel Reinforcement Bars,2023-03-01,q90_total_duration,1000,2500,86.0,86.0,0.0,2.0,absolute_days,True
Steel Reinforcement Bars,2023-04-01,mean_demand,1000,2500,84.53806271931794,84.61506054525817,0.0009108066054918525,0.01,relative,True
Steel Reinforcement Bars,2023-04-01,q90_demand,1000,2500,115.68966505032456,115.73326543921,0.00037687367204729364,0.02,relative,True
Steel Reinforcement Bars,2023-04-01,mean_price,1000,2500,855.6645036323981,855.9334143221458,0.00031427117591784526,0.01,relative,True
Steel Reinforcement Bars,2023-04-01,q90_price,1000,2500,916.7703303085943,917.1020810782688,0.000361869007653017,0.02,relative,True
Steel Reinforcement Bars,2023-04-01,mean_internal_duration,1000,2500,11.82,11.912,0.09200000000000053,1.0,absolute_days,True
Steel Reinforcement Bars,2023-04-01,q90_internal_duration,1000,2500,20.0,20.0,0.0,2.0,absolute_days,True
Steel Reinforcement Bars,2023-04-01,mean_podn_duration,1000,2500,42.116,42.4244,0.3083999999999989,1.0,absolute_days,True
Steel Reinforcement Bars,2023-04-01,q90_podn_duration,1000,2500,75.0,75.0,0.0,2.0,absolute_days,True
Steel Reinforcement Bars,2023-04-01,mean_total_duration,1000,2500,53.936,54.3364,0.40039999999999765,1.0,absolute_days,True
Steel Reinforcement Bars,2023-04-01,q90_total_duration,1000,2500,86.0,86.0,0.0,2.0,absolute_days,True
Steel Reinforcement Bars,2023-05-01,mean_demand,1000,2500,81.18786692786696,81.01548227661547,0.0021232809503992727,0.01,relative,True
Steel Reinforcement Bars,2023-05-01,q90_demand,1000,2500,115.57202693228169,115.35232600277622,0.001900987075654525,0.02,relative,True
Steel Reinforcement Bars,2023-05-01,mean_price,1000,2500,866.7237319978389,866.8111059235756,0.00010080943039987502,0.01,relative,True
Steel Reinforcement Bars,2023-05-01,q90_price,1000,2500,913.7660861112238,913.6191416850102,0.00016081186251832072,0.02,relative,True
Steel Reinforcement Bars,2023-05-01,mean_internal_duration,1000,2500,11.641,11.7456,0.10459999999999958,1.0,absolute_days,True
Steel Reinforcement Bars,2023-05-01,q90_internal_duration,1000,2500,20.0,20.0,0.0,2.0,absolute_days,True
Steel Reinforcement Bars,2023-05-01,mean_podn_duration,1000,2500,43.776,43.0068,0.769200000000005,1.0,absolute_days,True
Steel Reinforcement Bars,2023-05-01,q90_podn_duration,1000,2500,75.0,75.0,0.0,2.0,absolute_days,True
Steel Reinforcement Bars,2023-05-01,mean_total_duration,1000,2500,55.417,54.7524,0.6646000000000001,1.0,absolute_days,True
Steel Reinforcement Bars,2023-05-01,q90_total_duration,1000,2500,86.0,86.0,0.0,2.0,absolute_days,True
Cement,2022-07-01,mean_exposure,1000,2500,656.9458134277105,647.1860894579299,0.014856208488273613,0.01,relative,False
Cement,2022-07-01,q90_exposure,1000,2500,1023.2194166859426,1022.4835382997002,0.0007191794587185059,0.02,relative,True
Cement,2022-07-01,q95_exposure,1000,2500,1266.6940429730578,1270.2682109248078,0.002821650556878843,0.02,relative,True
Cement,2022-07-01,q99_exposure,1000,2500,1442.283744954853,1428.5378981599524,0.009530612019295101,0.05,relative,True
Cement,2022-08-01,mean_exposure,1000,2500,629.2367122614048,627.7502312637573,0.0023623558013728435,0.01,relative,True
Cement,2022-08-01,q90_exposure,1000,2500,1024.0240208848124,1004.0039461419072,0.01955039562998411,0.02,relative,True
Cement,2022-08-01,q95_exposure,1000,2500,1282.6102693878654,1259.8794544638436,0.017722308534821166,0.02,relative,True
Cement,2022-08-01,q99_exposure,1000,2500,1423.0232004161944,1409.6632353712441,0.009388437968574841,0.05,relative,True
Cement,2022-09-01,mean_exposure,1000,2500,625.3587459642825,630.7120303742597,0.00856034147523207,0.01,relative,True
Cement,2022-09-01,q90_exposure,1000,2500,992.7797849306057,1012.9259893355098,0.02029272222370271,0.02,relative,False
Cement,2022-09-01,q95_exposure,1000,2500,1289.7578366881494,1293.9109602800238,0.0032200801373216256,0.02,relative,True
Cement,2022-09-01,q99_exposure,1000,2500,1426.7449258509305,1435.8251525120422,0.00636429574522311,0.05,relative,True
Cement,2022-10-01,mean_exposure,1000,2500,631.571031485721,650.6376056742889,0.030189120840003154,0.01,relative,False
Cement,2022-10-01,q90_exposure,1000,2500,974.7845355805442,1013.0367135384143,0.03924167501804754,0.02,relative,False
Cement,2022-10-01,q95_exposure,1000,2500,1216.939215881395,1310.6865864310337,0.07703537639859853,0.02,relative,False
Cement,2022-10-01,q99_exposure,1000,2500,1450.5764575386738,1450.5492597363223,1.8749651016475736e-05,0.05,relative,True
Cement,2022-11-01,mean_exposure,1000,2500,590.2752186824551,592.5951572728392,0.003930265945370921,0.01,relative,True
Cement,2022-11-01,q90_exposure,1000,2500,930.8009467149727,944.7786616154076,0.015016867945574934,0.02,relative,True
Cement,2022-11-01,q95_exposure,1000,2500,1135.0915569497477,1175.0620200711262,0.0352134265087729,0.02,relative,False
Cement,2022-11-01,q99_exposure,1000,2500,1346.4476938773237,1361.7643596277458,0.011375611410730083,0.05,relative,True
Cement,2022-12-01,mean_exposure,1000,2500,612.4626983477324,614.4757264843948,0.0032867767165136595,0.01,relative,True
Cement,2022-12-01,q90_exposure,1000,2500,992.4372816434295,983.3071635161643,0.009199692812976687,0.02,relative,True
Cement,2022-12-01,q95_exposure,1000,2500,1218.6015964195012,1215.7753356588012,0.002319265598374546,0.02,relative,True
Cement,2022-12-01,q99_exposure,1000,2500,1357.2026344786616,1373.2758967664809,0.011842934783274597,0.05,relative,True
Cement,2023-01-01,mean_exposure,1000,2500,621.7417447012547,628.2060269438834,0.010397053596159674,0.01,relative,False
Cement,2023-01-01,q90_exposure,1000,2500,983.4713033227691,997.8006176709494,0.014570139768966322,0.02,relative,True
Cement,2023-01-01,q95_exposure,1000,2500,1233.3077129433732,1199.9866384399113,0.02701764868066775,0.02,relative,False
Cement,2023-01-01,q99_exposure,1000,2500,1400.0686025867462,1399.7454729898168,0.00023079554554143874,0.05,relative,True
Cement,2023-02-01,mean_exposure,1000,2500,612.8924760468649,626.8167157690297,0.022718894857342076,0.01,relative,False
Cement,2023-02-01,q90_exposure,1000,2500,966.2934887626308,1003.9910213863376,0.039012508168692825,0.02,relative,False
Cement,2023-02-01,q95_exposure,1000,2500,1277.0398803668047,1255.5565526322266,0.016822753983538424,0.02,relative,True
Cement,2023-02-01,q99_exposure,1000,2500,1415.6188651990533,1424.3739905542977,0.006184662814601137,0.05,relative,True
Cement,2023-03-01,mean_exposure,1000,2500,644.8384366074374,655.3228073560508,0.01625891099757138,0.01,relative,False
Cement,2023-03-01,q90_exposure,1000,2500,1013.4265184914444,1038.9136851635892,0.025149496492438538,0.02,relative,False
Cement,2023-03-01,q95_exposure,1000,2500,1222.8792502870617,1264.2496887427421,0.03383035442458363,0.02,relative,False
Cement,2023-03-01,q99_exposure,1000,2500,1487.6997164378986,1492.2214806548293,0.0030394334064655706,0.05,relative,True
Cement,2023-04-01,mean_exposure,1000,2500,637.739894328201,641.5839159802847,0.006027569682045729,0.01,relative,True
Cement,2023-04-01,q90_exposure,1000,2500,1024.6581665873864,1036.2642667329508,0.011326801975548946,0.02,relative,True
Cement,2023-04-01,q95_exposure,1000,2500,1282.9539337375859,1292.2298750079951,0.007230143675841864,0.02,relative,True
Cement,2023-04-01,q99_exposure,1000,2500,1418.6112954718014,1445.7776834148895,0.019149987054102105,0.05,relative,True
Cement,2023-05-01,mean_exposure,1000,2500,662.5181402716069,656.4653405819522,0.009136051259174932,0.01,relative,True
Cement,2023-05-01,q90_exposure,1000,2500,1050.2535683816202,1031.0415033577842,0.01829278719180231,0.02,relative,True
Cement,2023-05-01,q95_exposure,1000,2500,1314.045941185752,1269.7157805927063,0.033735624610691836,0.02,relative,False
Cement,2023-05-01,q99_exposure,1000,2500,1476.8681566865405,1472.0813586187942,0.0032411817169149533,0.05,relative,True
Granite,2022-07-01,mean_exposure,1000,2500,2904.0809081546545,2906.515658598837,0.0008383893290802538,0.01,relative,True
Granite,2022-07-01,q90_exposure,1000,2500,4491.2907227570995,4540.21418880488,0.010892963530480946,0.02,relative,True
Granite,2022-07-01,q95_exposure,1000,2500,5565.5819824538285,5887.996169922142,0.0579300041729263,0.02,relative,False
Granite,2022-07-01,q99_exposure,1000,2500,6509.014980258315,6509.014980258312,4.1918540878984167e-16,0.05,relative,True
Granite,2022-08-01,mean_exposure,1000,2500,2870.803500027175,2905.4481916794903,0.012067942529674199,0.01,relative,False
Granite,2022-08-01,q90_exposure,1000,2500,4431.005431866982,4522.882288584895,0.02073499076691524,0.02,relative,False
Granite,2022-08-01,q95_exposure,1000,2500,5457.672691697226,5880.025980385968,0.07738706817857907,0.02,relative,False
Granite,2022-08-01,q99_exposure,1000,2500,6395.492582837632,6420.6145965985625,0.003928081134570602,0.05,relative,True
Granite,2022-09-01,mean_exposure,1000,2500,2884.9071304981185,2884.6198051109477,9.959606121572338e-05,0.01,relative,True
Granite,2022-09-01,q90_exposure,1000,2500,4592.21674400527,4591.136323359149,0.0002352721368239253,0.02,relative,True
Granite,2022-09-01,q95_exposure,1000,2500,5302.891727212184,5850.901956623815,0.10334177230122861,0.02,relative,False
Granite,2022-09-01,q99_exposure,1000,2500,6518.3850556698435,6512.641094201112,0.0008811939490649814,0.05,relative,True
Granite,2022-10-01,mean_exposure,1000,2500,2738.1061776744014,2734.7716291154625,0.0012178302602461756,0.01,relative,True
Granite,2022-10-01,q90_exposure,1000,2500,4197.038994996076,4235.799096361195,0.00923510632408469,0.02,relative,True
Granite,2022-10-01,q95_exposure,1000,2500,5548.923041196749,5548.923041196747,3.2780944879595065e-16,0.02,relative,True
Granite,2022-10-01,q99_exposure,1000,2500,5983.8374439146555,6112.03924473701,0.021424679735030483,0.05,relative,True
Granite,2022-11-01,mean_exposure,1000,2500,2723.367541148998,2703.5094320165545,0.007291747747006408,0.01,relative,True
Granite,2022-11-01,q90_exposure,1000,2500,4163.110262387796,4157.803785519542,0.0012746424028679787,0.02,relative,True
Granite,2022-11-01,q95_exposure,1000,2500,4737.311893283583,5308.759943694706,0.12062706937689793,0.02,relative,False
Granite,2022-11-01,q99_exposure,1000,2500,5932.995065009288,6015.231866104586,0.013860925248413137,0.05,relative,True
Granite,2022-12-01,mean_exposure,1000,2500,2698.661063615237,2683.7232345866105,0.005535274225439405,0.01,relative,True
Granite,2022-12-01,q90_exposure,1000,2500,4235.539926620401,4244.7398340291675,0.002172074297055897,0.02,relative,True
Granite,2022-12-01,q95_exposure,1000,2500,5441.905173586265,5026.604726272257,0.07631526718432717,0.02,relative,False
Granite,2022-12-01,q99_exposure,1000,2500,6115.150186119356,6100.872726177374,0.0023347684860446846,0.05,relative,True
Granite,2023-01-01,mean_exposure,1000,2500,2738.304636081502,2745.5180688297187,0.00263426963281161,0.01,relative,True
Granite,2023-01-01,q90_exposure,1000,2500,4251.012383181799,4305.809306273137,0.01289032309294834,0.02,relative,True
Granite,2023-01-01,q95_exposure,1000,2500,5212.1930152204,5426.820695911217,0.04117799936880132,0.02,relative,False
Granite,2023-01-01,q99_exposure,1000,2500,6170.634051973436,6142.653801334358,0.004534420677584908,0.05,relative,True
Granite,2023-02-01,mean_exposure,1000,2500,2705.961789383209,2739.1120418281457,0.012250820604711027,0.01,relative,False
Granite,2023-02-01,q90_exposure,1000,2500,4151.344151936796,4202.74846984113,0.012382572011128311,0.02,relative,True
Granite,2023-02-01,q95_exposure,1000,2500,4878.541727759248,4985.6273225657715,0.021950328762629832,0.02,relative,False
Granite,2023-02-01,q99_exposure,1000,2500,5946.128692147023,5941.362832591726,0.0008015062912430468,0.05,relative,True
Granite,2023-03-01,mean_exposure,1000,2500,2679.7467764371227,2679.588598856627,5.902706251446992e-05,0.01,relative,True
Granite,2023-03-01,q90_exposure,1000,2500,4197.827330270658,4257.915036129231,0.014314001299024062,0.02,relative,True
Granite,2023-03-01,q95_exposure,1000,2500,5004.076130038085,5511.45777870065,0.1013936709749266,0.02,relative,False
Granite,2023-03-01,q99_exposure,1000,2500,6021.512947909471,6087.471034933647,0.010953739964484387,0.05,relative,True
Granite,2023-04-01,mean_exposure,1000,2500,2648.24264207125,2654.109934483461,0.002215541853680809,0.01,relative,True
Granite,2023-04-01,q90_exposure,1000,2500,4230.23762898765,4261.270317785311,0.007335920938580289,0.02,relative,True
Granite,2023-04-01,q95_exposure,1000,2500,5582.484829699628,5615.524193892413,0.005918397487980744,0.02,relative,True
Granite,2023-04-01,q99_exposure,1000,2500,6106.7245136065685,6098.14408036542,0.0014050794696943913,0.05,relative,True
Granite,2023-05-01,mean_exposure,1000,2500,2796.549505766305,2781.7940668282754,0.005276301709519184,0.01,relative,True
Granite,2023-05-01,q90_exposure,1000,2500,4347.613455062075,4268.6993536014315,0.01815113102310453,0.02,relative,True
Granite,2023-05-01,q95_exposure,1000,2500,4995.40572198556,5031.5276459927445,0.007231029073015213,0.02,relative,True
Granite,2023-05-01,q99_exposure,1000,2500,6065.88939848394,6100.859383784267,0.005765021912379037,0.05,relative,True
Ready Mixed Concrete,2022-07-01,mean_exposure,1000,2500,1787.2718324118412,1782.0885606347792,0.002900102649784018,0.01,relative,True
Ready Mixed Concrete,2022-07-01,q90_exposure,1000,2500,2846.864630830349,2810.539084931425,0.012759843058757986,0.02,relative,True
Ready Mixed Concrete,2022-07-01,q95_exposure,1000,2500,3624.3680503498276,3597.724421193376,0.007351248213845102,0.02,relative,True
Ready Mixed Concrete,2022-07-01,q99_exposure,1000,2500,3828.9172978306615,3889.66244425987,0.015864836376493347,0.05,relative,True
Ready Mixed Concrete,2022-08-01,mean_exposure,1000,2500,1770.8165622969432,1785.9540133932992,0.008548288636244222,0.01,relative,True
Ready Mixed Concrete,2022-08-01,q90_exposure,1000,2500,2832.93113855279,2834.9315606949795,0.0007061315804560941,0.02,relative,True
Ready Mixed Concrete,2022-08-01,q95_exposure,1000,2500,3709.574395869389,3682.928368458922,0.00718304165570513,0.02,relative,True
Ready Mixed Concrete,2022-08-01,q99_exposure,1000,2500,3858.966171958456,3857.445277330975,0.00039411970971210095,0.05,relative,True
Ready Mixed Concrete,2022-09-01,mean_exposure,1000,2500,1780.4281152288547,1780.9786385426614,0.00030920839156482494,0.01,relative,True
Ready Mixed Concrete,2022-09-01,q90_exposure,1000,2500,2780.318103599912,2806.0759670138364,0.009264358413008074,0.02,relative,True
Ready Mixed Concrete,2022-09-01,q95_exposure,1000,2500,3370.22758938496,3665.8636644063035,0.08771991421365544,0.02,relative,False
Ready Mixed Concrete,2022-09-01,q99_exposure,1000,2500,4008.6079370062976,4022.196789113673,0.0033899179767437337,0.05,relative,True
Ready Mixed Concrete,2022-10-01,mean_exposure,1000,2500,1746.2303612552994,1757.6207024110101,0.006522817039741921,0.01,relative,True
Ready Mixed Concrete,2022-10-01,q90_exposure,1000,2500,2782.339414526931,2735.4055855402057,0.016868477203635858,0.02,relative,True
Ready Mixed Concrete,2022-10-01,q95_exposure,1000,2500,3599.1550560744868,3580.8343039217384,0.0050902925456983135,0.02,relative,True
Ready Mixed Concrete,2022-10-01,q99_exposure,1000,2500,3944.044250472161,3934.017869908988,0.0025421572189441586,0.05,relative,True
Ready Mixed Concrete,2022-11-01,mean_exposure,1000,2500,1724.2684845408737,1707.9969115698177,0.009436797759131279,0.01,relative,True
Ready Mixed Concrete,2022-11-01,q90_exposure,1000,2500,2688.847437588261,2672.25760330623,0.006169868193381443,0.02,relative,True
Ready Mixed Concrete,2022-11-01,q95_exposure,1000,2500,3523.43369994912,3469.0338406095307,0.01543944457940987,0.02,relative,True
Ready Mixed Concrete,2022-11-01,q99_exposure,1000,2500,3794.2467244447876,3783.435980608355,0.002849246404242375,0.05,relative,True
Ready Mixed Concrete,2022-12-01,mean_exposure,1000,2500,1786.5614955946799,1762.8788080748602,0.013256015859636868,0.01,relative,False
Ready Mixed Concrete,2022-12-01,q90_exposure,1000,2500,2744.5146340710457,2762.3534865111324,0.006499820485061705,0.02,relative,True
Ready Mixed Concrete,2022-12-01,q95_exposure,1000,2500,3595.775977190123,3574.0815763357728,0.006033301571613178,0.02,relative,True
Ready Mixed Concrete,2022-12-01,q99_exposure,1000,2500,3859.5989506053634,3855.805535481838,0.0009828521491670552,0.05,relative,True
Ready Mixed Concrete,2023-01-01,mean_exposure,1000,2500,1695.5715959313184,1701.5243944994518,0.0035107916306322284,0.01,relative,True
Ready Mixed Concrete,2023-01-01,q90_exposure,1000,2500,2665.808838546012,2648.6020683875554,0.006454615165820152,0.02,relative,True
Ready Mixed Concrete,2023-01-01,q95_exposure,1000,2500,3429.9828722057473,3395.9713238619424,0.009915952822800184,0.02,relative,True
Ready Mixed Concrete,2023-01-01,q99_exposure,1000,2500,3788.88016359118,3766.4044623827704,0.005932016912117565,0.05,relative,True
Ready Mixed Concrete,2023-02-01,mean_exposure,1000,2500,1616.9651239728892,1647.2890778642013,0.018753622723046797,0.01,relative,False
Ready Mixed Concrete,2023-02-01,q90_exposure,1000,2500,2480.5010328004137,2552.585327239337,0.029060376708467724,0.02,relative,False
Ready Mixed Concrete,2023-02-01,q95_exposure,1000,2500,3058.137702991415,3230.5484222428972,0.05637768341263149,0.02,relative,False
Ready Mixed Concrete,2023-02-01,q99_exposure,1000,2500,3662.358714827369,3658.9346203757154,0.0009349424014067592,0.05,relative,True
Ready Mixed Concrete,2023-03-01,mean_exposure,1000,2500,1693.8849571713488,1679.203744612084,0.008667183976756775,0.01,relative,True
Ready Mixed Concrete,2023-03-01,q90_exposure,1000,2500,2807.6092060434007,2765.3381858067332,0.015055877486681116,0.02,relative,True
Ready Mixed Concrete,2023-03-01,q95_exposure,1000,2500,3564.62895209252,3533.7759989023034,0.008655305672727983,0.02,relative,True
Ready Mixed Concrete,2023-03-01,q99_exposure,1000,2500,3774.0408316429944,3774.005960301778,9.23978906745153e-06,0.05,relative,True
Ready Mixed Concrete,2023-04-01,mean_exposure,1000,2500,1692.7435830684688,1685.8736781080738,0.004058443954010876,0.01,relative,True
Ready Mixed Concrete,2023-04-01,q90_exposure,1000,2500,2661.657965192235,2661.137910975122,0.00019538732020202434,0.02,relative,True
Ready Mixed Concrete,2023-04-01,q95_exposure,1000,2500,3482.748813198845,3479.120230407185,0.001041873240443989,0.02,relative,True
Ready Mixed Concrete,2023-04-01,q99_exposure,1000,2500,3648.707686899578,3659.7840494512384,0.0030356946903225624,0.05,relative,True
Ready Mixed Concrete,2023-05-01,mean_exposure,1000,2500,1746.0839829827687,1757.2281005461,0.006382349114900087,0.01,relative,True
Ready Mixed Concrete,2023-05-01,q90_exposure,1000,2500,2639.3705823572823,2720.2199637631975,0.030632068852456017,0.02,relative,False
Ready Mixed Concrete,2023-05-01,q95_exposure,1000,2500,3576.8730740702704,3539.1643303938586,0.010542376789876273,0.02,relative,True
Ready Mixed Concrete,2023-05-01,q99_exposure,1000,2500,3779.158225915964,3794.6791808341227,0.004106987321071154,0.05,relative,True
Steel Reinforcement Bars,2022-07-01,mean_exposure,1000,2500,145.24866640733302,143.9247311365871,0.00911495646392441,0.01,relative,True
Steel Reinforcement Bars,2022-07-01,q90_exposure,1000,2500,240.51837300729002,234.2310251542479,0.02614082148664607,0.02,relative,False
Steel Reinforcement Bars,2022-07-01,q95_exposure,1000,2500,272.1919292674426,270.89153227855536,0.004777500171981772,0.02,relative,True
Steel Reinforcement Bars,2022-07-01,q99_exposure,1000,2500,337.7884878816049,337.7768013153981,3.459728980145011e-05,0.05,relative,True
Steel Reinforcement Bars,2022-08-01,mean_exposure,1000,2500,149.60072389224595,146.33252130371145,0.021846168277157,0.01,relative,False
Steel Reinforcement Bars,2022-08-01,q90_exposure,1000,2500,243.93589837994514,231.921602418035,0.04925185690872416,0.02,relative,False
Steel Reinforcement Bars,2022-08-01,q95_exposure,1000,2500,294.19485888497695,274.92502655329525,0.06550023479239565,0.02,relative,False
Steel Reinforcement Bars,2022-08-01,q99_exposure,1000,2500,342.1519691207747,341.1552386968461,0.0029131219863790803,0.05,relative,True
Steel Reinforcement Bars,2022-09-01,mean_exposure,1000,2500,170.60478135526643,169.72505260896637,0.005156530428465061,0.01,relative,True
Steel Reinforcement Bars,2022-09-01,q90_exposure,1000,2500,280.38961915099975,272.66769241737893,0.027539987953199823,0.02,relative,False
Steel Reinforcement Bars,2022-09-01,q95_exposure,1000,2500,323.0144848171916,313.4756120048726,0.029530789672535904,0.02,relative,False
Steel Reinforcement Bars,2022-09-01,q99_exposure,1000,2500,390.87355916788323,386.5300189551827,0.011112392002025769,0.05,relative,True
Steel Reinforcement Bars,2022-10-01,mean_exposure,1000,2500,174.99163197816318,177.9465397316363,0.016885994604826926,0.01,relative,False
Steel Reinforcement Bars,2022-10-01,q90_exposure,1000,2500,273.30784963487474,278.0601937213212,0.01738824586558831,0.02,relative,True
Steel Reinforcement Bars,2022-10-01,q95_exposure,1000,2500,335.49888018872343,337.6338136878739,0.006363459389043354,0.02,relative,True
Steel Reinforcement Bars,2022-10-01,q99_exposure,1000,2500,411.6593347635765,418.2848618528697,0.016094684438768676,0.05,relative,True
Steel Reinforcement Bars,2022-11-01,mean_exposure,1000,2500,155.87791464662632,156.87181179890615,0.0063761255373025955,0.01,relative,True
Steel Reinforcement Bars,2022-11-01,q90_exposure,1000,2500,256.51434251841704,257.84022768087783,0.005168853910636977,0.02,relative,True
Steel Reinforcement Bars,2022-11-01,q95_exposure,1000,2500,303.8406495067402,303.5431414846666,0.0009791580637962026,0.02,relative,True
Steel Reinforcement Bars,2022-11-01,q99_exposure,1000,2500,390.3135505094534,380.1071744506252,0.026149171724902744,0.05,relative,True
Steel Reinforcement Bars,2022-12-01,mean_exposure,1000,2500,159.73945721924142,158.52567083498593,0.007598538303467319,0.01,relative,True
Steel Reinforcement Bars,2022-12-01,q90_exposure,1000,2500,265.12947574939403,269.13503856451786,0.015107949818864977,0.02,relative,True
Steel Reinforcement Bars,2022-12-01,q95_exposure,1000,2500,318.5263354397558,323.09127134933004,0.014331423815465337,0.02,relative,True
Steel Reinforcement Bars,2022-12-01,q99_exposure,1000,2500,382.64238194917937,394.78504547666,0.031733712992340096,0.05,relative,True
Steel Reinforcement Bars,2023-01-01,mean_exposure,1000,2500,149.2789685478548,150.1310404606774,0.005707916668445308,0.01,relative,True
Steel Reinforcement Bars,2023-01-01,q90_exposure,1000,2500,259.81648319422055,258.65517615975966,0.00446972039719581,0.02,relative,True
Steel Reinforcement Bars,2023-01-01,q95_exposure,1000,2500,299.446608674886,297.32400742402626,0.007088413057181426,0.02,relative,True
Steel Reinforcement Bars,2023-01-01,q99_exposure,1000,2500,372.3268138384079,371.2654051715749,0.0028507446345070876,0.05,relative,True
Steel Reinforcement Bars,2023-02-01,mean_exposure,1000,2500,158.81141447924415,160.0264546429152,0.007650836482095953,0.01,relative,True
Steel Reinforcement Bars,2023-02-01,q90_exposure,1000,2500,260.30915061807843,258.8654790351133,0.0055459886044623,0.02,relative,True
Steel Reinforcement Bars,2023-02-01,q95_exposure,1000,2500,300.7341304012902,300.71789070016206,5.400019314892201e-05,0.02,relative,True
Steel Reinforcement Bars,2023-02-01,q99_exposure,1000,2500,374.5204736371338,361.1277661312375,0.03575961382253376,0.05,relative,True
Steel Reinforcement Bars,2023-03-01,mean_exposure,1000,2500,167.22708808689518,169.43715263808295,0.013215948304017396,0.01,relative,False
Steel Reinforcement Bars,2023-03-01,q90_exposure,1000,2500,274.10768775442943,278.58330379900326,0.01632794789974475,0.02,relative,True
Steel Reinforcement Bars,2023-03-01,q95_exposure,1000,2500,328.9618214222103,332.8762054989386,0.011899204776424022,0.02,relative,True
Steel Reinforcement Bars,2023-03-01,q99_exposure,1000,2500,400.1853559975637,409.71304183699925,0.023808182125218874,0.05,relative,True
Steel Reinforcement Bars,2023-04-01,mean_exposure,1000,2500,156.48499845413642,158.1269953644636,0.010492998859621846,0.01,relative,False
Steel Reinforcement Bars,2023-04-01,q90_exposure,1000,2500,262.9978833645997,268.6276277998795,0.021406044654265016,0.02,relative,False
Steel Reinforcement Bars,2023-04-01,q95_exposure,1000,2500,317.9890530983893,321.0308433258814,0.00956570736587875,0.02,relative,True
Steel Reinforcement Bars,2023-04-01,q99_exposure,1000,2500,381.97786555192727,391.0234647931369,0.02368095132459957,0.05,relative,True
Steel Reinforcement Bars,2023-05-01,mean_exposure,1000,2500,151.48674236258677,148.78342577480367,0.017845235468280426,0.01,relative,False
Steel Reinforcement Bars,2023-05-01,q90_exposure,1000,2500,252.9054463479908,248.74271824398343,0.016459622218967795,0.02,relative,True
Steel Reinforcement Bars,2023-05-01,q95_exposure,1000,2500,291.53725035306934,283.04950617273767,0.02911375534362247,0.02,relative,False
Steel Reinforcement Bars,2023-05-01,q99_exposure,1000,2500,345.922563006425,345.73323768802265,0.0005473054916016239,0.05,relative,True
Cement,2022-07-01,mean_demand,2500,5000,364.78997800486655,364.5416243971801,0.0006808125843938088,0.01,relative,True
Cement,2022-07-01,q90_demand,2500,5000,423.95629232540523,423.9039790431036,0.00012339310265846578,0.02,relative,True
Cement,2022-07-01,mean_price,2500,5000,113.60074094025293,113.609981592801,8.134324188019709e-05,0.01,relative,True
Cement,2022-07-01,q90_price,2500,5000,121.50135364334876,121.53087477237204,0.00024296954838820445,0.02,relative,True
Cement,2022-07-01,mean_internal_duration,2500,5000,11.4236,11.528,0.10440000000000005,1.0,absolute_days,True
Cement,2022-07-01,q90_internal_duration,2500,5000,18.0,20.0,2.0,2.0,absolute_days,True
Cement,2022-07-01,mean_podn_duration,2500,5000,42.8212,42.5856,0.23559999999999803,1.0,absolute_days,True
Cement,2022-07-01,q90_podn_duration,2500,5000,75.0,75.0,0.0,2.0,absolute_days,True
Cement,2022-07-01,mean_total_duration,2500,5000,54.2448,54.1136,0.13119999999999976,1.0,absolute_days,True
Cement,2022-07-01,q90_total_duration,2500,5000,86.0,86.0,0.0,2.0,absolute_days,True
Cement,2022-08-01,mean_demand,2500,5000,339.33257536435013,339.33095436059165,4.777035499012838e-06,0.01,relative,True
Cement,2022-08-01,q90_demand,2500,5000,394.1342121555838,394.0253671207494,0.0002761623616459703,0.02,relative,True
Cement,2022-08-01,mean_price,2500,5000,113.57304300961748,113.54248636110536,0.0002690484264785441,0.01,relative,True
Cement,2022-08-01,q90_price,2500,5000,121.59459649579112,121.5826979966742,9.785384762007951e-05,0.02,relative,True
Cement,2022-08-01,mean_internal_duration,2500,5000,11.452,11.5418,0.08980000000000032,1.0,absolute_days,True
Cement,2022-08-01,q90_internal_duration,2500,5000,18.0,20.0,2.0,2.0,absolute_days,True
Cement,2022-08-01,mean_podn_duration,2500,5000,43.296,42.7686,0.5274000000000001,1.0,absolute_days,True
Cement,2022-08-01,q90_podn_duration,2500,5000,75.0,75.0,0.0,2.0,absolute_days,True
Cement,2022-08-01,mean_total_duration,2500,5000,54.748,54.3104,0.4375999999999962,1.0,absolute_days,True
Cement,2022-08-01,q90_total_duration,2500,5000,86.0,86.0,0.0,2.0,absolute_days,True
Cement,2022-09-01,mean_demand,2500,5000,359.1072907257676,359.46964284084464,0.0010090358075012034,0.01,relative,True
Cement,2022-09-01,q90_demand,2500,5000,420.6436586894203,420.6231551290712,4.8743300714353244e-05,0.02,relative,True
Cement,2022-09-01,mean_price,2500,5000,112.07717515981452,112.0607010325775,0.00014698913684723863,0.01,relative,True
Cement,2022-09-01,q90_price,2500,5000,121.97668443430773,121.95986130822365,0.00013792083431434245,0.02,relative,True
Cement,2022-09-01,mean_internal_duration,2500,5000,11.7508,11.6394,0.11139999999999972,1.0,absolute_days,True
Cement,2022-09-01,q90_internal_duration,2500,5000,20.0,20.0,0.0,2.0,absolute_days,True
Cement,2022-09-01,mean_podn_duration,2500,5000,42.3988,42.5114,0.11260000000000048,1.0,absolute_days,True
Cement,2022-09-01,q90_podn_duration,2500,5000,75.0,75.0,0.0,2.0,absolute_days,True
Cement,2022-09-01,mean_total_duration,2500,5000,54.1496,54.1508,0.0011999999999972033,1.0,absolute_days,True
Cement,2022-09-01,q90_total_duration,2500,5000,86.0,86.0,0.0,2.0,absolute_days,True
Cement,2022-10-01,mean_demand,2500,5000,355.5675932071529,355.42353845648455,0.00040514026986831803,0.01,relative,True
Cement,2022-10-01,q90_demand,2500,5000,406.4997354513344,406.29041550054677,0.0005149325633760225,0.02,relative,True
Cement,2022-10-01,mean_price,2500,5000,111.47113692059237,111.47363176504376,2.2381080163991332e-05,0.01,relative,True
Cement,2022-10-01,q90_price,2500,5000,121.68609107432208,121.66302434308025,0.00018955930820177132,0.02,relative,True
Cement,2022-10-01,mean_internal_duration,2500,5000,11.7804,11.6898,0.09060000000000024,1.0,absolute_days,True
Cement,2022-10-01,q90_internal_duration,2500,5000,20.0,20.0,0.0,2.0,absolute_days,True
Cement,2022-10-01,mean_podn_duration,2500,5000,42.1584,42.5072,0.3487999999999971,1.0,absolute_days,True
Cement,2022-10-01,q90_podn_duration,2500,5000,75.0,75.0,0.0,2.0,absolute_days,True
Cement,2022-10-01,mean_total_duration,2500,5000,53.9388,54.197,0.2582000000000022,1.0,absolute_days,True
Cement,2022-10-01,q90_total_duration,2500,5000,86.0,86.0,0.0,2.0,absolute_days,True
Cement,2022-11-01,mean_demand,2500,5000,339.93984378386614,340.04391223605734,0.00030613784789924956,0.01,relative,True
Cement,2022-11-01,q90_demand,2500,5000,394.55026563565093,394.5502013736653,1.6287401438851485e-07,0.02,relative,True
Cement,2022-11-01,mean_price,2500,5000,111.9715298306247,111.98961774527108,0.00016154030112594978,0.01,relative,True
Cement,2022-11-01,q90_price,2500,5000,122.05628325195866,122.05801369271407,1.4177400042873432e-05,0.02,relative,True
Cement,2022-11-01,mean_internal_duration,2500,5000,11.8044,11.7616,0.04279999999999973,1.0,absolute_days,True
Cement,2022-11-01,q90_internal_duration,2500,5000,20.0,20.0,0.0,2.0,absolute_days,True
Cement,2022-11-01,mean_podn_duration,2500,5000,41.598,41.7892,0.19120000000000203,1.0,absolute_days,True
Cement,2022-11-01,q90_podn_duration,2500,5000,75.0,75.0,0.0,2.0,absolute_days,True
Cement,2022-11-01,mean_total_duration,2500,5000,53.4024,53.5508,0.1484000000000023,1.0,absolute_days,True
Cement,2022-11-01,q90_total_duration,2500,5000,86.0,86.0,0.0,2.0,absolute_days,True
Cement,2022-12-01,mean_demand,2500,5000,323.05391263402237,323.11150603566045,0.00017827798824195877,0.01,relative,True
Cement,2022-12-01,q90_demand,2500,5000,370.8118515973107,370.86644929772024,0.00014723828317341942,0.02,relative,True
Cement,2022-12-01,mean_price,2500,5000,111.94862883582512,111.97388996192193,0.00022564926752121302,0.01,relative,True
Cement,2022-12-01,q90_price,2500,5000,121.92957199568492,121.93356363960243,3.273729130815684e-05,0.02,relative,True
Cement,2022-12-01,mean_internal_duration,2500,5000,11.5096,11.5524,0.04279999999999973,1.0,absolute_days,True
Cement,2022-12-01,q90_internal_duration,2500,5000,18.0,18.0,0.0,2.0,absolute_days,True
Cement,2022-12-01,mean_podn_duration,2500,5000,42.4748,42.5678,0.09299999999999642,1.0,absolute_days,True
Cement,2022-12-01,q90_podn_duration,2500,5000,75.0,75.0,0.0,2.0,absolute_days,True
Cement,2022-12-01,mean_total_duration,2500,5000,53.9844,54.1202,0.13579999999999615,1.0,absolute_days,True
Cement,2022-12-01,q90_total_duration,2500,5000,86.0,86.0,0.0,2.0,absolute_days,True
Cement,2023-01-01,mean_demand,2500,5000,337.4390984520168,337.4334913291341,1.6616695897003974e-05,0.01,relative,True
Cement,2023-01-01,q90_demand,2500,5000,401.1063168571895,401.25604713497887,0.0003732932429550793,0.02,relative,True
Cement,2023-01-01,mean_price,2500,5000,111.13072085782392,111.15028682236931,0.00017606260802019666,0.01,relative,True
Cement,2023-01-01,q90_price,2500,5000,121.4094881611075,121.40957754521654,7.362201289662605e-07,0.02,relative,True
Cement,2023-01-01,mean_internal_duration,2500,5000,11.7704,11.667,0.1034000000000006,1.0,absolute_days,True
Cement,2023-01-01,q90_internal_duration,2500,5000,20.0,20.0,0.0,2.0,absolute_days,True
Cement,2023-01-01,mean_podn_duration,2500,5000,41.6584,42.0304,0.3719999999999999,1.0,absolute_days,True
Cement,2023-01-01,q90_podn_duration,2500,5000,75.0,75.0,0.0,2.0,absolute_days,True
Cement,2023-01-01,mean_total_duration,2500,5000,53.4288,53.6974,0.2685999999999993,1.0,absolute_days,True
Cement,2023-01-01,q90_total_duration,2500,5000,86.0,86.0,0.0,2.0,absolute_days,True
Cement,2023-02-01,mean_demand,2500,5000,368.6413999573714,368.6115712417723,8.091526237294544e-05,0.01,relative,True
Cement,2023-02-01,q90_demand,2500,5000,438.51839854197243,438.45892394907173,0.00013562622024171798,0.02,relative,True
Cement,2023-02-01,mean_price,2500,5000,106.5284574600665,106.53748074670754,8.470306297658912e-05,0.01,relative,True
Cement,2023-02-01,q90_price,2500,5000,114.83477870742932,114.85717390504178,0.00019502103687168968,0.02,relative,True
Cement,2023-02-01,mean_internal_duration,2500,5000,11.6856,11.6088,0.07680000000000042,1.0,absolute_days,True
Cement,2023-02-01,q90_internal_duration,2500,5000,20.0,20.0,0.0,2.0,absolute_days,True
Cement,2023-02-01,mean_podn_duration,2500,5000,42.5388,42.1738,0.365000000000002,1.0,absolute_days,True
Cement,2023-02-01,q90_podn_duration,2500,5000,75.0,75.0,0.0,2.0,absolute_days,True
Cement,2023-02-01,mean_total_duration,2500,5000,54.2244,53.7826,0.44180000000000064,1.0,absolute_days,True
Cement,2023-02-01,q90_total_duration,2500,5000,86.0,86.0,0.0,2.0,absolute_days,True
Cement,2023-03-01,mean_demand,2500,5000,350.73059529389553,350.60868314453916,0.00034759485198096164,0.01,relative,True
Cement,2023-03-01,q90_demand,2500,5000,414.38881951989197,414.0593213167379,0.000795142599493428,0.02,relative,True
Cement,2023-03-01,mean_price,2500,5000,105.70948567801442,105.70949435719369,8.210407248008746e-08,0.01,relative,True
Cement,2023-03-01,q90_price,2500,5000,113.5272848146022,113.51516839930186,0.00010672690111568783,0.02,relative,True
Cement,2023-03-01,mean_internal_duration,2500,5000,11.5516,11.597,0.045399999999999,1.0,absolute_days,True
Cement,2023-03-01,q90_internal_duration,2500,5000,18.0,20.0,2.0,2.0,absolute_days,True
Cement,2023-03-01,mean_podn_duration,2500,5000,41.9152,42.0808,0.16560000000000485,1.0,absolute_days,True
Cement,2023-03-01,q90_podn_duration,2500,5000,75.0,75.0,0.0,2.0,absolute_days,True
Cement,2023-03-01,mean_total_duration,2500,5000,53.4668,53.6778,0.21099999999999852,1.0,absolute_days,True
Cement,2023-03-01,q90_total_duration,2500,5000,86.0,86.0,0.0,2.0,absolute_days,True
Cement,2023-04-01,mean_demand,2500,5000,367.7526755786929,367.91300521280664,0.00043597135999471124,0.01,relative,True
Cement,2023-04-01,q90_demand,2500,5000,445.64214886864033,445.27044753426225,0.0008340802936206383,0.02,relative,True
Cement,2023-04-01,mean_price,2500,5000,103.21070707402397,103.22628325004571,0.00015091628052278872,0.01,relative,True
Cement,2023-04-01,q90_price,2500,5000,111.45908122517375,111.51980626354995,0.0005448191184487342,0.02,relative,True
Cement,2023-04-01,mean_internal_duration,2500,5000,11.6936,11.6932,0.0004000000000008441,1.0,absolute_days,True
Cement,2023-04-01,q90_internal_duration,2500,5000,20.0,20.0,0.0,2.0,absolute_days,True
Cement,2023-04-01,mean_podn_duration,2500,5000,43.216,42.9656,0.25039999999999907,1.0,absolute_days,True
Cement,2023-04-01,q90_podn_duration,2500,5000,75.0,75.0,0.0,2.0,absolute_days,True
Cement,2023-04-01,mean_total_duration,2500,5000,54.9096,54.6588,0.25079999999999814,1.0,absolute_days,True
Cement,2023-04-01,q90_total_duration,2500,5000,86.0,86.0,0.0,2.0,absolute_days,True
Cement,2023-05-01,mean_demand,2500,5000,355.73219801998096,355.7685491321665,0.00010218673594322509,0.01,relative,True
Cement,2023-05-01,q90_demand,2500,5000,424.89190515484046,424.86299774779934,6.803473234111854e-05,0.02,relative,True
Cement,2023-05-01,mean_price,2500,5000,102.63319717433859,102.63486678576156,1.626775223744365e-05,0.01,relative,True
Cement,2023-05-01,q90_price,2500,5000,111.14897890514743,111.16591675486684,0.00015238871185551927,0.02,relative,True
Cement,2023-05-01,mean_internal_duration,2500,5000,11.6236,11.6878,0.06419999999999959,1.0,absolute_days,True
Cement,2023-05-01,q90_internal_duration,2500,5000,20.0,20.0,0.0,2.0,absolute_days,True
Cement,2023-05-01,mean_podn_duration,2500,5000,42.7224,42.7176,0.004800000000003024,1.0,absolute_days,True
Cement,2023-05-01,q90_podn_duration,2500,5000,75.0,75.0,0.0,2.0,absolute_days,True
Cement,2023-05-01,mean_total_duration,2500,5000,54.346,54.4054,0.05940000000000367,1.0,absolute_days,True
Cement,2023-05-01,q90_total_duration,2500,5000,86.0,86.0,0.0,2.0,absolute_days,True
Granite,2022-07-01,mean_demand,2500,5000,1657.435870543844,1657.6246584535222,0.00011390359834332179,0.01,relative,True
Granite,2022-07-01,q90_demand,2500,5000,1833.1728747884197,1832.8948101166052,0.00015168491506649875,0.02,relative,True
Granite,2022-07-01,mean_price,2500,5000,20.824749686190234,20.821221081079326,0.0001694428583335247,0.01,relative,True
Granite,2022-07-01,q90_price,2500,5000,22.265750096703798,22.26623287435943,2.1682523765747794e-05,0.02,relative,True
Granite,2022-07-01,mean_internal_duration,2500,5000,11.5236,11.6084,0.08479999999999954,1.0,absolute_days,True
Granite,2022-07-01,q90_internal_duration,2500,5000,20.0,20.0,0.0,2.0,absolute_days,True
Granite,2022-07-01,mean_podn_duration,2500,5000,42.5176,42.3052,0.21240000000000236,1.0,absolute_days,True
Granite,2022-07-01,q90_podn_duration,2500,5000,75.0,75.0,0.0,2.0,absolute_days,True
Granite,2022-07-01,mean_total_duration,2500,5000,54.0412,53.9136,0.12760000000000105,1.0,absolute_days,True
Granite,2022-07-01,q90_total_duration,2500,5000,86.0,86.0,0.0,2.0,absolute_days,True
Granite,2022-08-01,mean_demand,2500,5000,1586.968110451048,1587.133109237798,0.00010397107897968515,0.01,relative,True
Granite,2022-08-01,q90_demand,2500,5000,1765.3032356256588,1765.9932710358155,0.00039088775017860443,0.02,relative,True
Granite,2022-08-01,mean_price,2500,5000,20.360201760699425,20.361934795844252,8.511876086476076e-05,0.01,relative,True
Granite,2022-08-01,q90_price,2500,5000,21.757448817746496,21.77675602546931,0.0008873838051760239,0.02,relative,True
Granite,2022-08-01,mean_internal_duration,2500,5000,11.5184,11.5182,0.00019999999999953388,1.0,absolute_days,True
Granite,2022-08-01,q90_internal_duration,2500,5000,20.0,20.0,0.0,2.0,absolute_days,True
Granite,2022-08-01,mean_podn_duration,2500,5000,41.846,42.2512,0.40520000000000067,1.0,absolute_days,True
Granite,2022-08-01,q90_podn_duration,2500,5000,71.0,75.0,4.0,2.0,absolute_days,False
Granite,2022-08-01,mean_total_duration,2500,5000,53.3644,53.7694,0.40499999999999403,1.0,absolute_days,True
Granite,2022-08-01,q90_total_duration,2500,5000,86.0,86.0,0.0,2.0,absolute_days,True
Granite,2022-09-01,mean_demand,2500,5000,1642.0501884273256,1642.3304897842654,0.000170702064355477,0.01,relative,True
Granite,2022-09-01,q90_demand,2500,5000,1812.7774675396604,1813.0839131400946,0.0001690475559860963,0.02,relative,True
Granite,2022-09-01,mean_price,2500,5000,20.272504847760782,20.273087949695352,2.8763191275512423e-05,0.01,relative,True
Granite,2022-09-01,q90_price,2500,5000,21.608474241905583,21.604743293261965,0.00017266136432633536,0.02,relative,True
Granite,2022-09-01,mean_internal_duration,2500,5000,11.5776,11.7242,0.1465999999999994,1.0,absolute_days,True
Granite,2022-09-01,q90_internal_duration,2500,5000,20.0,20.0,0.0,2.0,absolute_days,True
Granite,2022-09-01,mean_podn_duration,2500,5000,41.9604,41.8218,0.13859999999999673,1.0,absolute_days,True
Granite,2022-09-01,q90_podn_duration,2500,5000,75.0,75.0,0.0,2.0,absolute_days,True
Granite,2022-09-01,mean_total_duration,2500,5000,53.538,53.546,0.008000000000002672,1.0,absolute_days,True
Granite,2022-09-01,q90_total_duration,2500,5000,86.0,86.0,0.0,2.0,absolute_days,True
Granite,2022-10-01,mean_demand,2500,5000,1596.9371622170459,1597.1968723946077,0.00016263017963792005,0.01,relative,True
Granite,2022-10-01,q90_demand,2500,5000,1765.239974941626,1764.654159030262,0.00033186191094695304,0.02,relative,True
Granite,2022-10-01,mean_price,2500,5000,20.606057660860984,20.60898099679507,0.00014186779354876644,0.01,relative,True
Granite,2022-10-01,q90_price,2500,5000,21.822987305544547,21.832589248968592,0.0004399921646659748,0.02,relative,True
Granite,2022-10-01,mean_internal_duration,2500,5000,11.9172,11.7826,0.13459999999999894,1.0,absolute_days,True
Granite,2022-10-01,q90_internal_duration,2500,5000,20.0,20.0,0.0,2.0,absolute_days,True
Granite,2022-10-01,mean_podn_duration,2500,5000,42.936,42.4536,0.4823999999999984,1.0,absolute_days,True
Granite,2022-10-01,q90_podn_duration,2500,5000,75.0,75.0,0.0,2.0,absolute_days,True
Granite,2022-10-01,mean_total_duration,2500,5000,54.8532,54.2362,0.6170000000000044,1.0,absolute_days,True
Granite,2022-10-01,q90_total_duration,2500,5000,86.0,86.0,0.0,2.0,absolute_days,True
Granite,2022-11-01,mean_demand,2500,5000,1510.858175859193,1511.0532468427064,0.00012911270338298138,0.01,relative,True
Granite,2022-11-01,q90_demand,2500,5000,1662.8299792552884,1663.057713527259,0.00013695583722430138,0.02,relative,True
Granite,2022-11-01,mean_price,2500,5000,20.239200706132433,20.238939129620608,1.2924251091880092e-05,0.01,relative,True
Granite,2022-11-01,q90_price,2500,5000,21.518633741823724,21.51835678142475,1.287072414991511e-05,0.02,relative,True
Granite,2022-11-01,mean_internal_duration,2500,5000,11.5952,11.5418,0.05339999999999989,1.0,absolute_days,True
Granite,2022-11-01,q90_internal_duration,2500,5000,20.0,20.0,0.0,2.0,absolute_days,True
Granite,2022-11-01,mean_podn_duration,2500,5000,42.6848,42.6686,0.016200000000004877,1.0,absolute_days,True
Granite,2022-11-01,q90_podn_duration,2500,5000,75.0,75.0,0.0,2.0,absolute_days,True
Granite,2022-11-01,mean_total_duration,2500,5000,54.28,54.2104,0.06960000000000122,1.0,absolute_days,True
Granite,2022-11-01,q90_total_duration,2500,5000,80.0,86.0,6.0,2.0,absolute_days,False
Granite,2022-12-01,mean_demand,2500,5000,1521.5151836477569,1522.0116528429396,0.0003262992052386004,0.01,relative,True
Granite,2022-12-01,q90_demand,2500,5000,1680.5163928935735,1680.8201694278985,0.00018076380308428377,0.02,relative,True
Granite,2022-12-01,mean_price,2500,5000,20.26461882955355,20.260448755828374,0.00020578100976149347,0.01,relative,True
Granite,2022-12-01,q90_price,2500,5000,21.552463270088964,21.552523209484047,2.7810925522397027e-06,0.02,relative,True
Granite,2022-12-01,mean_internal_duration,2500,5000,11.6528,11.826,0.17320000000000135,1.0,absolute_days,True
Granite,2022-12-01,q90_internal_duration,2500,5000,20.0,20.0,0.0,2.0,absolute_days,True
Granite,2022-12-01,mean_podn_duration,2500,5000,42.0964,42.133,0.036599999999999966,1.0,absolute_days,True
Granite,2022-12-01,q90_podn_duration,2500,5000,75.0,71.39999999999418,3.6000000000058208,2.0,absolute_days,False
Granite,2022-12-01,mean_total_duration,2500,5000,53.7492,53.959,0.20980000000000132,1.0,absolute_days,True
Granite,2022-12-01,q90_total_duration,2500,5000,86.0,86.0,0.0,2.0,absolute_days,True
Granite,2023-01-01,mean_demand,2500,5000,1569.8877664267961,1570.6792530512487,0.0005041676490377649,0.01,relative,True
Granite,2023-01-01,q90_demand,2500,5000,1738.0488419766875,1738.838393401464,0.0004542745898201758,0.02,relative,True
Granite,2023-01-01,mean_price,2500,5000,18.876684844682412,18.875572715932435,5.891546948669814e-05,0.01,relative,True
Granite,2023-01-01,q90_price,2500,5000,21.087539442979725,21.090270654698937,0.00012951780014908317,0.02,relative,True
Granite,2023-01-01,mean_internal_duration,2500,5000,11.686,11.6534,0.032600000000000406,1.0,absolute_days,True
Granite,2023-01-01,q90_internal_duration,2500,5000,20.0,20.0,0.0,2.0,absolute_days,True
Granite,2023-01-01,mean_podn_duration,2500,5000,42.254,42.1698,0.08419999999999561,1.0,absolute_days,True
Granite,2023-01-01,q90_podn_duration,2500,5000,75.0,75.0,0.0,2.0,absolute_days,True
Granite,2023-01-01,mean_total_duration,2500,5000,53.94,53.8232,0.1167999999999978,1.0,absolute_days,True
Granite,2023-01-01,q90_total_duration,2500,5000,86.0,86.0,0.0,2.0,absolute_days,True
Granite,2023-02-01,mean_demand,2500,5000,1510.2691027472113,1509.858663272236,0.0002717657894401692,0.01,relative,True
Granite,2023-02-01,q90_demand,2500,5000,1653.7197768273409,1653.8275339586173,6.516045389696524e-05,0.02,relative,True
Granite,2023-02-01,mean_price,2500,5000,18.55220989040474,18.544654503941615,0.00040724994530340347,0.01,relative,True
Granite,2023-02-01,q90_price,2500,5000,20.912579420287727,20.90398472745441,0.00041098195782480074,0.02,relative,True
Granite,2023-02-01,mean_internal_duration,2500,5000,11.5944,11.5896,0.004799999999999471,1.0,absolute_days,True
Granite,2023-02-01,q90_internal_duration,2500,5000,20.0,20.0,0.0,2.0,absolute_days,True
Granite,2023-02-01,mean_podn_duration,2500,5000,42.3212,42.2878,0.03340000000000032,1.0,absolute_days,True
Granite,2023-02-01,q90_podn_duration,2500,5000,75.0,75.0,0.0,2.0,absolute_days,True
Granite,2023-02-01,mean_total_duration,2500,5000,53.9156,53.8774,0.03819999999999624,1.0,absolute_days,True
Granite,2023-02-01,q90_total_duration,2500,5000,86.0,86.0,0.0,2.0,absolute_days,True
Granite,2023-03-01,mean_demand,2500,5000,1532.0652618198121,1532.1964466086965,8.56261101622968e-05,0.01,relative,True
Granite,2023-03-01,q90_demand,2500,5000,1654.794877044188,1653.9068116908575,0.0005366618942626138,0.02,relative,True
Granite,2023-03-01,mean_price,2500,5000,18.365865529942024,18.371089849472426,0.00028445811725480636,0.01,relative,True
Granite,2023-03-01,q90_price,2500,5000,20.62224494363288,20.635180298003153,0.0006272524841805813,0.02,relative,True
Granite,2023-03-01,mean_internal_duration,2500,5000,11.6836,11.6658,0.017799999999999372,1.0,absolute_days,True
Granite,2023-03-01,q90_internal_duration,2500,5000,20.0,20.0,0.0,2.0,absolute_days,True
Granite,2023-03-01,mean_podn_duration,2500,5000,42.4564,42.5964,0.14000000000000057,1.0,absolute_days,True
Granite,2023-03-01,q90_podn_duration,2500,5000,75.0,75.0,0.0,2.0,absolute_days,True
Granite,2023-03-01,mean_total_duration,2500,5000,54.14,54.2622,0.12219999999999942,1.0,absolute_days,True
Granite,2023-03-01,q90_total_duration,2500,5000,86.0,86.0,0.0,2.0,absolute_days,True
Granite,2023-04-01,mean_demand,2500,5000,1531.290754963398,1531.2508058721498,2.6088508089486098e-05,0.01,relative,True
Granite,2023-04-01,q90_demand,2500,5000,1645.255028119762,1645.0174433713385,0.00014440603089670078,0.02,relative,True
Granite,2023-04-01,mean_price,2500,5000,18.259799228620455,18.266912530650334,0.00038956080189147987,0.01,relative,True
Granite,2023-04-01,q90_price,2500,5000,20.922140861143603,20.93119242324296,0.00043263077901198224,0.02,relative,True
Granite,2023-04-01,mean_internal_duration,2500,5000,11.7264,11.626,0.10040000000000049,1.0,absolute_days,True
Granite,2023-04-01,q90_internal_duration,2500,5000,20.0,20.0,0.0,2.0,absolute_days,True
Granite,2023-04-01,mean_podn_duration,2500,5000,42.3496,42.4702,0.12059999999999604,1.0,absolute_days,True
Granite,2023-04-01,q90_podn_duration,2500,5000,75.0,75.0,0.0,2.0,absolute_days,True
Granite,2023-04-01,mean_total_duration,2500,5000,54.076,54.0962,0.02020000000000266,1.0,absolute_days,True
Granite,2023-04-01,q90_total_duration,2500,5000,86.0,86.0,0.0,2.0,absolute_days,True
Granite,2023-05-01,mean_demand,2500,5000,1462.8049016309217,1462.854159228973,3.3673388704404744e-05,0.01,relative,True
Granite,2023-05-01,q90_demand,2500,5000,1619.5225115994867,1619.1826116020338,0.00020987667353707137,0.02,relative,True
Granite,2023-05-01,mean_price,2500,5000,19.061043423181157,19.071355304764577,0.0005409925025866371,0.01,relative,True
Granite,2023-05-01,q90_price,2500,5000,21.198106216392638,21.231126205751067,0.0015576858150137362,0.02,relative,True
Granite,2023-05-01,mean_internal_duration,2500,5000,11.6312,11.6158,0.015399999999999636,1.0,absolute_days,True
Granite,2023-05-01,q90_internal_duration,2500,5000,20.0,20.0,0.0,2.0,absolute_days,True
Granite,2023-05-01,mean_podn_duration,2500,5000,42.5104,42.5292,0.018800000000005923,1.0,absolute_days,True
Granite,2023-05-01,q90_podn_duration,2500,5000,75.0,75.0,0.0,2.0,absolute_days,True
Granite,2023-05-01,mean_total_duration,2500,5000,54.1416,54.145,0.003400000000006287,1.0,absolute_days,True
Granite,2023-05-01,q90_total_duration,2500,5000,80.0,86.0,6.0,2.0,absolute_days,False
Ready Mixed Concrete,2022-07-01,mean_demand,2500,5000,996.826354434349,996.9372597915674,0.00011125845211155617,0.01,relative,True
Ready Mixed Concrete,2022-07-01,q90_demand,2500,5000,1101.6582944007132,1102.5079181215765,0.0007712225516583392,0.02,relative,True
Ready Mixed Concrete,2022-07-01,mean_price,2500,5000,110.728705844972,110.74303094867113,0.00012937118328820732,0.01,relative,True
Ready Mixed Concrete,2022-07-01,q90_price,2500,5000,114.46636527186499,114.4720372636624,4.955160220159141e-05,0.02,relative,True
Ready Mixed Concrete,2022-07-01,mean_internal_duration,2500,5000,11.6084,11.595,0.013399999999998968,1.0,absolute_days,True
Ready Mixed Concrete,2022-07-01,q90_internal_duration,2500,5000,20.0,20.0,0.0,2.0,absolute_days,True
Ready Mixed Concrete,2022-07-01,mean_podn_duration,2500,5000,43.4548,43.172,0.2828000000000017,1.0,absolute_days,True
Ready Mixed Concrete,2022-07-01,q90_podn_duration,2500,5000,75.0,75.0,0.0,2.0,absolute_days,True
Ready Mixed Concrete,2022-07-01,mean_total_duration,2500,5000,55.0632,54.767,0.2961999999999989,1.0,absolute_days,True
Ready Mixed Concrete,2022-07-01,q90_total_duration,2500,5000,86.0,86.0,0.0,2.0,absolute_days,True
Ready Mixed Concrete,2022-08-01,mean_demand,2500,5000,968.100914579779,967.8698169048553,0.00023871238157442397,0.01,relative,True
Ready Mixed Concrete,2022-08-01,q90_demand,2500,5000,1077.7863405542214,1078.2092451729332,0.0003923826112829448,0.02,relative,True
Ready Mixed Concrete,2022-08-01,mean_price,2500,5000,110.08064786079103,110.08164886347959,9.093357533830385e-06,0.01,relative,True
Ready Mixed Concrete,2022-08-01,q90_price,2500,5000,114.82794128736322,114.83128695211843,2.913632969211722e-05,0.02,relative,True
Ready Mixed Concrete,2022-08-01,mean_internal_duration,2500,5000,11.5844,11.6636,0.07920000000000016,1.0,absolute_days,True
Ready Mixed Concrete,2022-08-01,q90_internal_duration,2500,5000,20.0,20.0,0.0,2.0,absolute_days,True
Ready Mixed Concrete,2022-08-01,mean_podn_duration,2500,5000,43.2576,42.7982,0.45939999999999515,1.0,absolute_days,True
Ready Mixed Concrete,2022-08-01,q90_podn_duration,2500,5000,75.0,75.0,0.0,2.0,absolute_days,True
Ready Mixed Concrete,2022-08-01,mean_total_duration,2500,5000,54.842,54.4618,0.3802000000000021,1.0,absolute_days,True
Ready Mixed Concrete,2022-08-01,q90_total_duration,2500,5000,86.0,86.0,0.0,2.0,absolute_days,True
Ready Mixed Concrete,2022-09-01,mean_demand,2500,5000,1006.1793501882097,1005.6636231250395,0.0005125597768168331,0.01,relative,True
Ready Mixed Concrete,2022-09-01,q90_demand,2500,5000,1140.290864030222,1139.9217696299695,0.00032368443166166087,0.02,relative,True
Ready Mixed Concrete,2022-09-01,mean_price,2500,5000,109.15282287195564,109.16994178906718,0.00015683439659300012,0.01,relative,True
Ready Mixed Concrete,2022-09-01,q90_price,2500,5000,114.26741073331297,114.25027100731755,0.00014999662533198216,0.02,relative,True
Ready Mixed Concrete,2022-09-01,mean_internal_duration,2500,5000,11.7124,11.7658,0.05339999999999989,1.0,absolute_days,True
Ready Mixed Concrete,2022-09-01,q90_internal_duration,2500,5000,20.0,20.0,0.0,2.0,absolute_days,True
Ready Mixed Concrete,2022-09-01,mean_podn_duration,2500,5000,41.9976,42.239,0.24139999999999873,1.0,absolute_days,True
Ready Mixed Concrete,2022-09-01,q90_podn_duration,2500,5000,75.0,75.0,0.0,2.0,absolute_days,True
Ready Mixed Concrete,2022-09-01,mean_total_duration,2500,5000,53.71,54.0048,0.29480000000000217,1.0,absolute_days,True
Ready Mixed Concrete,2022-09-01,q90_total_duration,2500,5000,86.0,86.0,0.0,2.0,absolute_days,True
Ready Mixed Concrete,2022-10-01,mean_demand,2500,5000,982.4223079729801,983.0155975524492,0.0006039048326307268,0.01,relative,True
Ready Mixed Concrete,2022-10-01,q90_demand,2500,5000,1109.0658763259532,1109.2586487835056,0.00017381515531876438,0.02,relative,True
Ready Mixed Concrete,2022-10-01,mean_price,2500,5000,110.19169956536255,110.1903497479951,1.2249719105695456e-05,0.01,relative,True
Ready Mixed Concrete,2022-10-01,q90_price,2500,5000,114.79354686732154,114.78924186638518,3.750211622375571e-05,0.02,relative,True
Ready Mixed Concrete,2022-10-01,mean_internal_duration,2500,5000,11.8412,11.7164,0.12480000000000047,1.0,absolute_days,True
Ready Mixed Concrete,2022-10-01,q90_internal_duration,2500,5000,20.0,20.0,0.0,2.0,absolute_days,True
Ready Mixed Concrete,2022-10-01,mean_podn_duration,2500,5000,42.1724,42.3096,0.1372,1.0,absolute_days,True
Ready Mixed Concrete,2022-10-01,q90_podn_duration,2500,5000,75.0,75.0,0.0,2.0,absolute_days,True
Ready Mixed Concrete,2022-10-01,mean_total_duration,2500,5000,54.0136,54.026,0.012400000000006628,1.0,absolute_days,True
Ready Mixed Concrete,2022-10-01,q90_total_duration,2500,5000,86.0,86.0,0.0,2.0,absolute_days,True
Ready Mixed Concrete,2022-11-01,mean_demand,2500,5000,969.0730603381,968.9250535885739,0.0001527302280743942,0.01,relative,True
Ready Mixed Concrete,2022-11-01,q90_demand,2500,5000,1070.468524148865,1070.3783200988025,8.426595273715372e-05,0.02,relative,True
Ready Mixed Concrete,2022-11-01,mean_price,2500,5000,110.2489626729405,110.2495720755466,5.527513287448516e-06,0.01,relative,True
Ready Mixed Concrete,2022-11-01,q90_price,2500,5000,115.04810038592952,115.06967550227455,0.000187531269726833,0.02,relative,True
Ready Mixed Concrete,2022-11-01,mean_internal_duration,2500,5000,11.7056,11.7642,0.05860000000000021,1.0,absolute_days,True
Ready Mixed Concrete,2022-11-01,q90_internal_duration,2500,5000,20.0,20.0,0.0,2.0,absolute_days,True
Ready Mixed Concrete,2022-11-01,mean_podn_duration,2500,5000,42.8244,42.1714,0.6529999999999987,1.0,absolute_days,True
Ready Mixed Concrete,2022-11-01,q90_podn_duration,2500,5000,75.0,75.0,0.0,2.0,absolute_days,True
Ready Mixed Concrete,2022-11-01,mean_total_duration,2500,5000,54.53,53.9356,0.5944000000000003,1.0,absolute_days,True
Ready Mixed Concrete,2022-11-01,q90_total_duration,2500,5000,86.0,86.0,0.0,2.0,absolute_days,True
Ready Mixed Concrete,2022-12-01,mean_demand,2500,5000,998.1471655529302,998.408533749905,0.0002618533679149399,0.01,relative,True
Ready Mixed Concrete,2022-12-01,q90_demand,2500,5000,1087.5926781394403,1087.851388165823,0.00023787400520686264,0.02,relative,True
Ready Mixed Concrete,2022-12-01,mean_price,2500,5000,110.81102947236172,110.8065742065824,4.020597769501597e-05,0.01,relative,True
Ready Mixed Concrete,2022-12-01,q90_price,2500,5000,115.12505621479653,115.13943603867003,0.0001249061181491885,0.02,relative,True
Ready Mixed Concrete,2022-12-01,mean_internal_duration,2500,5000,11.8404,11.8736,0.03319999999999901,1.0,absolute_days,True
Ready Mixed Concrete,2022-12-01,q90_internal_duration,2500,5000,20.0,20.0,0.0,2.0,absolute_days,True
Ready Mixed Concrete,2022-12-01,mean_podn_duration,2500,5000,43.6472,42.7472,0.8999999999999986,1.0,absolute_days,True
Ready Mixed Concrete,2022-12-01,q90_podn_duration,2500,5000,75.0,75.0,0.0,2.0,absolute_days,True
Ready Mixed Concrete,2022-12-01,mean_total_duration,2500,5000,55.4876,54.6208,0.8667999999999978,1.0,absolute_days,True
Ready Mixed Concrete,2022-12-01,q90_total_duration,2500,5000,86.0,86.0,0.0,2.0,absolute_days,True
Ready Mixed Concrete,2023-01-01,mean_demand,2500,5000,963.4835917921752,963.3246689972865,0.00016494603150745427,0.01,relative,True
Ready Mixed Concrete,2023-01-01,q90_demand,2500,5000,1071.5766971015094,1071.8600750546364,0.00026444952927168495,0.02,relative,True
Ready Mixed Concrete,2023-01-01,mean_price,2500,5000,111.21668989585169,111.2224935561444,5.218335753516836e-05,0.01,relative,True
Ready Mixed Concrete,2023-01-01,q90_price,2500,5000,115.57282208221055,115.55451601480796,0.00015839422342364643,0.02,relative,True
Ready Mixed Concrete,2023-01-01,mean_internal_duration,2500,5000,11.5668,11.581,0.01419999999999888,1.0,absolute_days,True
Ready Mixed Concrete,2023-01-01,q90_internal_duration,2500,5000,20.0,20.0,0.0,2.0,absolute_days,True
Ready Mixed Concrete,2023-01-01,mean_podn_duration,2500,5000,42.3572,42.6998,0.34260000000000446,1.0,absolute_days,True
Ready Mixed Concrete,2023-01-01,q90_podn_duration,2500,5000,75.0,75.0,0.0,2.0,absolute_days,True
Ready Mixed Concrete,2023-01-01,mean_total_duration,2500,5000,53.924,54.2808,0.3567999999999998,1.0,absolute_days,True
Ready Mixed Concrete,2023-01-01,q90_total_duration,2500,5000,86.0,86.0,0.0,2.0,absolute_days,True
Ready Mixed Concrete,2023-02-01,mean_demand,2500,5000,926.4412887359462,926.5879622277048,0.0001583192518964237,0.01,relative,True
Ready Mixed Concrete,2023-02-01,q90_demand,2500,5000,1016.2563118766979,1016.599199896834,0.00033740309027248416,0.02,relative,True
Ready Mixed Concrete,2023-02-01,mean_price,2500,5000,109.59166813674315,109.5862251074734,4.966645149487543e-05,0.01,relative,True
Ready Mixed Concrete,2023-02-01,q90_price,2500,5000,115.41569642921516,115.37515570043823,0.0003512583646003117,0.02,relative,True
Ready Mixed Concrete,2023-02-01,mean_internal_duration,2500,5000,11.7404,11.738,0.0023999999999997357,1.0,absolute_days,True
Ready Mixed Concrete,2023-02-01,q90_internal_duration,2500,5000,20.0,20.0,0.0,2.0,absolute_days,True
Ready Mixed Concrete,2023-02-01,mean_podn_duration,2500,5000,42.0468,42.1772,0.13040000000000163,1.0,absolute_days,True
Ready Mixed Concrete,2023-02-01,q90_podn_duration,2500,5000,75.0,75.0,0.0,2.0,absolute_days,True
Ready Mixed Concrete,2023-02-01,mean_total_duration,2500,5000,53.7872,53.9152,0.1280000000000001,1.0,absolute_days,True
Ready Mixed Concrete,2023-02-01,q90_total_duration,2500,5000,86.0,86.0,0.0,2.0,absolute_days,True
Ready Mixed Concrete,2023-03-01,mean_demand,2500,5000,972.1751985417238,972.3833961199304,0.00021415643859133834,0.01,relative,True
Ready Mixed Concrete,2023-03-01,q90_demand,2500,5000,1044.8230751576789,1045.1305241602445,0.0002942593917340426,0.02,relative,True
Ready Mixed Concrete,2023-03-01,mean_price,2500,5000,110.32180100275994,110.2995549197729,0.00020164720648896972,0.01,relative,True
Ready Mixed Concrete,2023-03-01,q90_price,2500,5000,115.9122311715713,115.90922632764291,2.592344136613839e-05,0.02,relative,True
Ready Mixed Concrete,2023-03-01,mean_internal_duration,2500,5000,11.5908,11.6434,0.05259999999999998,1.0,absolute_days,True
Ready Mixed Concrete,2023-03-01,q90_internal_duration,2500,5000,20.0,20.0,0.0,2.0,absolute_days,True
Ready Mixed Concrete,2023-03-01,mean_podn_duration,2500,5000,42.1344,42.3684,0.23400000000000176,1.0,absolute_days,True
Ready Mixed Concrete,2023-03-01,q90_podn_duration,2500,5000,75.0,75.0,0.0,2.0,absolute_days,True
Ready Mixed Concrete,2023-03-01,mean_total_duration,2500,5000,53.7252,54.0118,0.28659999999999997,1.0,absolute_days,True
Ready Mixed Concrete,2023-03-01,q90_total_duration,2500,5000,86.0,86.0,0.0,2.0,absolute_days,True
Ready Mixed Concrete,2023-04-01,mean_demand,2500,5000,935.2473823651927,935.1686893551922,8.414138492587486e-05,0.01,relative,True
Ready Mixed Concrete,2023-04-01,q90_demand,2500,5000,1022.5178327636536,1022.530432600358,1.2322363777654946e-05,0.02,relative,True
Ready Mixed Concrete,2023-04-01,mean_price,2500,5000,109.37057086055964,109.3530258125349,0.0001604183637947015,0.01,relative,True
Ready Mixed Concrete,2023-04-01,q90_price,2500,5000,114.82445507768598,114.81893320986492,4.8089649694600805e-05,0.02,relative,True
Ready Mixed Concrete,2023-04-01,mean_internal_duration,2500,5000,11.7456,11.6098,0.1357999999999997,1.0,absolute_days,True
Ready Mixed Concrete,2023-04-01,q90_internal_duration,2500,5000,20.0,20.0,0.0,2.0,absolute_days,True
Ready Mixed Concrete,2023-04-01,mean_podn_duration,2500,5000,42.8984,42.5086,0.38980000000000103,1.0,absolute_days,True
Ready Mixed Concrete,2023-04-01,q90_podn_duration,2500,5000,75.0,75.0,0.0,2.0,absolute_days,True
Ready Mixed Concrete,2023-04-01,mean_total_duration,2500,5000,54.644,54.1184,0.5255999999999972,1.0,absolute_days,True
Ready Mixed Concrete,2023-04-01,q90_total_duration,2500,5000,86.0,80.59999999999127,5.400000000008731,2.0,absolute_days,False
Ready Mixed Concrete,2023-05-01,mean_demand,2500,5000,954.9635708418546,954.6457170407286,0.0003328439019361906,0.01,relative,True
Ready Mixed Concrete,2023-05-01,q90_demand,2500,5000,1041.6302285430118,1041.7778832205706,0.00014175344907703855,0.02,relative,True
Ready Mixed Concrete,2023-05-01,mean_price,2500,5000,110.21889815463656,110.22183366378516,2.663344669333503e-05,0.01,relative,True
Ready Mixed Concrete,2023-05-01,q90_price,2500,5000,115.75435039942249,115.75925033740899,4.2330486669278935e-05,0.02,relative,True
Ready Mixed Concrete,2023-05-01,mean_internal_duration,2500,5000,11.6004,11.501,0.09940000000000104,1.0,absolute_days,True
Ready Mixed Concrete,2023-05-01,q90_internal_duration,2500,5000,20.0,20.0,0.0,2.0,absolute_days,True
Ready Mixed Concrete,2023-05-01,mean_podn_duration,2500,5000,42.8412,42.7966,0.04460000000000264,1.0,absolute_days,True
Ready Mixed Concrete,2023-05-01,q90_podn_duration,2500,5000,75.0,75.0,0.0,2.0,absolute_days,True
Ready Mixed Concrete,2023-05-01,mean_total_duration,2500,5000,54.4416,54.2976,0.14399999999999835,1.0,absolute_days,True
Ready Mixed Concrete,2023-05-01,q90_total_duration,2500,5000,86.0,86.0,0.0,2.0,absolute_days,True
Steel Reinforcement Bars,2022-07-01,mean_demand,2500,5000,82.78740984469685,82.81471131270497,0.0003297780188960436,0.01,relative,True
Steel Reinforcement Bars,2022-07-01,q90_demand,2500,5000,118.29521420425264,118.56739826410387,0.002300888177785999,0.02,relative,True
Steel Reinforcement Bars,2022-07-01,mean_price,2500,5000,987.980896646475,988.2063130543282,0.00022815867049491245,0.01,relative,True
Steel Reinforcement Bars,2022-07-01,q90_price,2500,5000,1159.429440655728,1159.2393770035228,0.00016392860620975872,0.02,relative,True
Steel Reinforcement Bars,2022-07-01,mean_internal_duration,2500,5000,11.7096,11.7352,0.025600000000000733,1.0,absolute_days,True
Steel Reinforcement Bars,2022-07-01,q90_internal_duration,2500,5000,20.0,20.0,0.0,2.0,absolute_days,True
Steel Reinforcement Bars,2022-07-01,mean_podn_duration,2500,5000,42.7636,42.2824,0.4811999999999941,1.0,absolute_days,True
Steel Reinforcement Bars,2022-07-01,q90_podn_duration,2500,5000,75.0,75.0,0.0,2.0,absolute_days,True
Steel Reinforcement Bars,2022-07-01,mean_total_duration,2500,5000,54.4732,54.0176,0.4555999999999969,1.0,absolute_days,True
Steel Reinforcement Bars,2022-07-01,q90_total_duration,2500,5000,86.0,86.0,0.0,2.0,absolute_days,True
Steel Reinforcement Bars,2022-08-01,mean_demand,2500,5000,75.49563010374274,75.50636271589158,0.00014216203155195092,0.01,relative,True
Steel Reinforcement Bars,2022-08-01,q90_demand,2500,5000,113.39099147765297,113.49033596855726,0.0008761233111174019,0.02,relative,True
Steel Reinforcement Bars,2022-08-01,mean_price,2500,5000,945.8985658732561,945.2457125726535,0.0006901937735785496,0.01,relative,True
Steel Reinforcement Bars,2022-08-01,q90_price,2500,5000,1089.8012798974837,1089.5583649169048,0.00022289841740850893,0.02,relative,True
Steel Reinforcement Bars,2022-08-01,mean_internal_duration,2500,5000,11.8548,11.7646,0.09019999999999939,1.0,absolute_days,True
Steel Reinforcement Bars,2022-08-01,q90_internal_duration,2500,5000,20.0,20.0,0.0,2.0,absolute_days,True
Steel Reinforcement Bars,2022-08-01,mean_podn_duration,2500,5000,42.2188,42.0636,0.15520000000000067,1.0,absolute_days,True
Steel Reinforcement Bars,2022-08-01,q90_podn_duration,2500,5000,75.0,75.0,0.0,2.0,absolute_days,True
Steel Reinforcement Bars,2022-08-01,mean_total_duration,2500,5000,54.0736,53.8282,0.2453999999999965,1.0,absolute_days,True
Steel Reinforcement Bars,2022-08-01,q90_total_duration,2500,5000,86.0,86.0,0.0,2.0,absolute_days,True
Steel Reinforcement Bars,2022-09-01,mean_demand,2500,5000,89.86694984200638,89.74855536782998,0.0013174417779233125,0.01,relative,True
Steel Reinforcement Bars,2022-09-01,q90_demand,2500,5000,128.51243190022035,128.14881406187064,0.0028294370666958613,0.02,relative,True
Steel Reinforcement Bars,2022-09-01,mean_price,2500,5000,925.2838866154483,925.1352329060581,0.00016065740638140734,0.01,relative,True
Steel Reinforcement Bars,2022-09-01,q90_price,2500,5000,1041.8975286656414,1041.6694990973272,0.0002188598802094087,0.02,relative,True
Steel Reinforcement Bars,2022-09-01,mean_internal_duration,2500,5000,11.5304,11.5568,0.026400000000000645,1.0,absolute_days,True
Steel Reinforcement Bars,2022-09-01,q90_internal_duration,2500,5000,18.200000000004366,20.0,1.7999999999956344,2.0,absolute_days,True
Steel Reinforcement Bars,2022-09-01,mean_podn_duration,2500,5000,42.3996,42.1984,0.20120000000000005,1.0,absolute_days,True
Steel Reinforcement Bars,2022-09-01,q90_podn_duration,2500,5000,75.0,75.0,0.0,2.0,absolute_days,True
Steel Reinforcement Bars,2022-09-01,mean_total_duration,2500,5000,53.93,53.7552,0.17479999999999762,1.0,absolute_days,True
Steel Reinforcement Bars,2022-09-01,q90_total_duration,2500,5000,86.0,86.0,0.0,2.0,absolute_days,True
Steel Reinforcement Bars,2022-10-01,mean_demand,2500,5000,100.49157897652258,100.51598318007399,0.00024284824459882512,0.01,relative,True
Steel Reinforcement Bars,2022-10-01,q90_demand,2500,5000,138.19609501480946,138.04358062143393,0.0011036085597004902,0.02,relative,True
Steel Reinforcement Bars,2022-10-01,mean_price,2500,5000,892.8380666806169,893.557905026104,0.0008062361724375461,0.01,relative,True
Steel Reinforcement Bars,2022-10-01,q90_price,2500,5000,994.0385623999175,994.4107567804081,0.000374426500710357,0.02,relative,True
Steel Reinforcement Bars,2022-10-01,mean_internal_duration,2500,5000,11.72,11.7938,0.07379999999999853,1.0,absolute_days,True
Steel Reinforcement Bars,2022-10-01,q90_internal_duration,2500,5000,20.0,20.0,0.0,2.0,absolute_days,True
Steel Reinforcement Bars,2022-10-01,mean_podn_duration,2500,5000,42.7428,42.626,0.1168000000000049,1.0,absolute_days,True
Steel Reinforcement Bars,2022-10-01,q90_podn_duration,2500,5000,75.0,75.0,0.0,2.0,absolute_days,True
Steel Reinforcement Bars,2022-10-01,mean_total_duration,2500,5000,54.4628,54.4198,0.04299999999999926,1.0,absolute_days,True
Steel Reinforcement Bars,2022-10-01,q90_total_duration,2500,5000,86.0,86.0,0.0,2.0,absolute_days,True
Steel Reinforcement Bars,2022-11-01,mean_demand,2500,5000,88.67147426497132,88.55381654937888,0.0013268947716021317,0.01,relative,True
Steel Reinforcement Bars,2022-11-01,q90_demand,2500,5000,125.53523214087868,125.58161207670514,0.00036945752228678295,0.02,relative,True
Steel Reinforcement Bars,2022-11-01,mean_price,2500,5000,878.1441315843178,877.7328942503855,0.00046830277529775924,0.01,relative,True
Steel Reinforcement Bars,2022-11-01,q90_price,2500,5000,982.4127554826134,982.2205013375201,0.00019569589667927718,0.02,relative,True
Steel Reinforcement Bars,2022-11-01,mean_internal_duration,2500,5000,11.6196,11.6664,0.04679999999999929,1.0,absolute_days,True
Steel Reinforcement Bars,2022-11-01,q90_internal_duration,2500,5000,20.0,20.0,0.0,2.0,absolute_days,True
Steel Reinforcement Bars,2022-11-01,mean_podn_duration,2500,5000,41.4176,41.8324,0.4147999999999996,1.0,absolute_days,True
Steel Reinforcement Bars,2022-11-01,q90_podn_duration,2500,5000,71.0,71.0,0.0,2.0,absolute_days,True
Steel Reinforcement Bars,2022-11-01,mean_total_duration,2500,5000,53.0372,53.4988,0.46160000000000423,1.0,absolute_days,True
Steel Reinforcement Bars,2022-11-01,q90_total_duration,2500,5000,80.0,80.0,0.0,2.0,absolute_days,True
Steel Reinforcement Bars,2022-12-01,mean_demand,2500,5000,94.18333495284266,94.26883740634072,0.0009078299631338876,0.01,relative,True
Steel Reinforcement Bars,2022-12-01,q90_demand,2500,5000,129.75526035607677,129.97250219071756,0.0016742429867169085,0.02,relative,True
Steel Reinforcement Bars,2022-12-01,mean_price,2500,5000,873.355763755006,873.4595037018571,0.00011878314789501934,0.01,relative,True
Steel Reinforcement Bars,2022-12-01,q90_price,2500,5000,959.6792124066424,959.6535461356575,2.6744635762706783e-05,0.02,relative,True
Steel Reinforcement Bars,2022-12-01,mean_internal_duration,2500,5000,11.4352,11.585,0.14980000000000082,1.0,absolute_days,True
Steel Reinforcement Bars,2022-12-01,q90_internal_duration,2500,5000,20.0,20.0,0.0,2.0,absolute_days,True
Steel Reinforcement Bars,2022-12-01,mean_podn_duration,2500,5000,43.6596,42.5102,1.1494,1.0,absolute_days,False
Steel Reinforcement Bars,2022-12-01,q90_podn_duration,2500,5000,75.0,75.0,0.0,2.0,absolute_days,True
Steel Reinforcement Bars,2022-12-01,mean_total_duration,2500,5000,55.0948,54.0952,0.9996000000000009,1.0,absolute_days,True
Steel Reinforcement Bars,2022-12-01,q90_total_duration,2500,5000,86.0,86.0,0.0,2.0,absolute_days,True
Steel Reinforcement Bars,2023-01-01,mean_demand,2500,5000,90.27407661419915,90.22419200342816,0.0005525906510700519,0.01,relative,True
Steel Reinforcement Bars,2023-01-01,q90_demand,2500,5000,133.20742343476334,133.1567429847763,0.0003804626550101809,0.02,relative,True
Steel Reinforcement Bars,2023-01-01,mean_price,2500,5000,820.0616793416885,820.3279175920559,0.00032465637289753874,0.01,relative,True
Steel Reinforcement Bars,2023-01-01,q90_price,2500,5000,892.711156016068,893.2206673878221,0.00057074605634809,0.02,relative,True
Steel Reinforcement Bars,2023-01-01,mean_internal_duration,2500,5000,11.7876,11.7076,0.08000000000000007,1.0,absolute_days,True
Steel Reinforcement Bars,2023-01-01,q90_internal_duration,2500,5000,20.0,20.0,0.0,2.0,absolute_days,True
Steel Reinforcement Bars,2023-01-01,mean_podn_duration,2500,5000,41.766,42.398,0.632000000000005,1.0,absolute_days,True
Steel Reinforcement Bars,2023-01-01,q90_podn_duration,2500,5000,75.0,75.0,0.0,2.0,absolute_days,True
Steel Reinforcement Bars,2023-01-01,mean_total_duration,2500,5000,53.5536,54.1056,0.5519999999999996,1.0,absolute_days,True
Steel Reinforcement Bars,2023-01-01,q90_total_duration,2500,5000,80.0,86.0,6.0,2.0,absolute_days,False
Steel Reinforcement Bars,2023-02-01,mean_demand,2500,5000,84.44342717007456,84.36438726131495,0.0009360101953278128,0.01,relative,True
Steel Reinforcement Bars,2023-02-01,q90_demand,2500,5000,116.77168078571103,116.87124589330229,0.0008526477217877293,0.02,relative,True
Steel Reinforcement Bars,2023-02-01,mean_price,2500,5000,823.4215134386657,823.5911189783272,0.00020597657080064644,0.01,relative,True
Steel Reinforcement Bars,2023-02-01,q90_price,2500,5000,890.7745125570606,890.9941395575593,0.00024655734689604884,0.02,relative,True
Steel Reinforcement Bars,2023-02-01,mean_internal_duration,2500,5000,11.6916,11.585,0.10659999999999847,1.0,absolute_days,True
Steel Reinforcement Bars,2023-02-01,q90_internal_duration,2500,5000,20.0,20.0,0.0,2.0,absolute_days,True
Steel Reinforcement Bars,2023-02-01,mean_podn_duration,2500,5000,42.6788,42.9174,0.23859999999999815,1.0,absolute_days,True
Steel Reinforcement Bars,2023-02-01,q90_podn_duration,2500,5000,75.0,75.0,0.0,2.0,absolute_days,True
Steel Reinforcement Bars,2023-02-01,mean_total_duration,2500,5000,54.3704,54.5024,0.132000000000005,1.0,absolute_days,True
Steel Reinforcement Bars,2023-02-01,q90_total_duration,2500,5000,86.0,86.0,0.0,2.0,absolute_days,True
Steel Reinforcement Bars,2023-03-01,mean_demand,2500,5000,94.8105560655997,94.83809562372717,0.00029046932398980467,0.01,relative,True
Steel Reinforcement Bars,2023-03-01,q90_demand,2500,5000,125.38525073931308,125.42997637706466,0.00035670573283432916,0.02,relative,True
Steel Reinforcement Bars,2023-03-01,mean_price,2500,5000,861.0483817765181,860.9768948745385,8.302309544105398e-05,0.01,relative,True
Steel Reinforcement Bars,2023-03-01,q90_price,2500,5000,960.700540134339,960.6995152515889,1.066807717196354e-06,0.02,relative,True
Steel Reinforcement Bars,2023-03-01,mean_internal_duration,2500,5000,11.8004,11.7192,0.08119999999999905,1.0,absolute_days,True
Steel Reinforcement Bars,2023-03-01,q90_internal_duration,2500,5000,20.0,20.0,0.0,2.0,absolute_days,True
Steel Reinforcement Bars,2023-03-01,mean_podn_duration,2500,5000,42.0692,42.2378,0.16859999999999786,1.0,absolute_days,True
Steel Reinforcement Bars,2023-03-01,q90_podn_duration,2500,5000,75.0,75.0,0.0,2.0,absolute_days,True
Steel Reinforcement Bars,2023-03-01,mean_total_duration,2500,5000,53.8696,53.957,0.08740000000000236,1.0,absolute_days,True
Steel Reinforcement Bars,2023-03-01,q90_total_duration,2500,5000,86.0,86.0,0.0,2.0,absolute_days,True
Steel Reinforcement Bars,2023-04-01,mean_demand,2500,5000,84.61506054525817,84.65192370243805,0.000435657162475976,0.01,relative,True
Steel Reinforcement Bars,2023-04-01,q90_demand,2500,5000,115.73326543921,115.96773889873302,0.0020259815415488804,0.02,relative,True
Steel Reinforcement Bars,2023-04-01,mean_price,2500,5000,855.9334143221458,856.054593982223,0.00014157603623069222,0.01,relative,True
Steel Reinforcement Bars,2023-04-01,q90_price,2500,5000,917.1020810782688,917.1967534498602,0.00010322991687042166,0.02,relative,True
Steel Reinforcement Bars,2023-04-01,mean_internal_duration,2500,5000,11.912,11.7668,0.14520000000000088,1.0,absolute_days,True
Steel Reinforcement Bars,2023-04-01,q90_internal_duration,2500,5000,20.0,20.0,0.0,2.0,absolute_days,True
Steel Reinforcement Bars,2023-04-01,mean_podn_duration,2500,5000,42.4244,42.2196,0.20479999999999876,1.0,absolute_days,True
Steel Reinforcement Bars,2023-04-01,q90_podn_duration,2500,5000,75.0,75.0,0.0,2.0,absolute_days,True
Steel Reinforcement Bars,2023-04-01,mean_total_duration,2500,5000,54.3364,53.9864,0.3499999999999943,1.0,absolute_days,True
Steel Reinforcement Bars,2023-04-01,q90_total_duration,2500,5000,86.0,86.0,0.0,2.0,absolute_days,True
Steel Reinforcement Bars,2023-05-01,mean_demand,2500,5000,81.01548227661547,80.87007239490757,0.0017948406603496478,0.01,relative,True
Steel Reinforcement Bars,2023-05-01,q90_demand,2500,5000,115.35232600277622,115.08443668135074,0.0023223573438739173,0.02,relative,True
Steel Reinforcement Bars,2023-05-01,mean_price,2500,5000,866.8111059235756,866.8979217481192,0.0001001554132732031,0.01,relative,True
Steel Reinforcement Bars,2023-05-01,q90_price,2500,5000,913.6191416850102,913.6590959609639,4.373187264886321e-05,0.02,relative,True
Steel Reinforcement Bars,2023-05-01,mean_internal_duration,2500,5000,11.7456,11.74,0.005599999999999383,1.0,absolute_days,True
Steel Reinforcement Bars,2023-05-01,q90_internal_duration,2500,5000,20.0,20.0,0.0,2.0,absolute_days,True
Steel Reinforcement Bars,2023-05-01,mean_podn_duration,2500,5000,43.0068,42.5102,0.4966000000000008,1.0,absolute_days,True
Steel Reinforcement Bars,2023-05-01,q90_podn_duration,2500,5000,75.0,75.0,0.0,2.0,absolute_days,True
Steel Reinforcement Bars,2023-05-01,mean_total_duration,2500,5000,54.7524,54.2502,0.502200000000002,1.0,absolute_days,True
Steel Reinforcement Bars,2023-05-01,q90_total_duration,2500,5000,86.0,86.0,0.0,2.0,absolute_days,True
Cement,2022-07-01,mean_exposure,2500,5000,647.1860894579299,645.2720973071533,0.0029574061957662423,0.01,relative,True
Cement,2022-07-01,q90_exposure,2500,5000,1022.4835382997002,1019.4652916374502,0.0029518780001769997,0.02,relative,True
Cement,2022-07-01,q95_exposure,2500,5000,1270.2682109248078,1264.1450161016085,0.004820395228769377,0.02,relative,True
Cement,2022-07-01,q99_exposure,2500,5000,1428.5378981599524,1437.3005626718316,0.006134009131410538,0.05,relative,True
Cement,2022-08-01,mean_exposure,2500,5000,627.7502312637573,622.6843684414605,0.008069870101200066,0.01,relative,True
Cement,2022-08-01,q90_exposure,2500,5000,1004.0039461419072,997.7262133332432,0.006252697345252006,0.02,relative,True
Cement,2022-08-01,q95_exposure,2500,5000,1259.8794544638436,1238.136694518778,0.01725780975952049,0.02,relative,True
Cement,2022-08-01,q99_exposure,2500,5000,1409.6632353712441,1408.4251768783843,0.0008782654337536247,0.05,relative,True
Cement,2022-09-01,mean_exposure,2500,5000,630.7120303742597,631.4046196361885,0.0010981069467119735,0.01,relative,True
Cement,2022-09-01,q90_exposure,2500,5000,1012.9259893355098,1008.6683959651963,0.00420326204988241,0.02,relative,True
Cement,2022-09-01,q95_exposure,2500,5000,1293.9109602800238,1287.092635550439,0.005269547085457335,0.02,relative,True
Cement,2022-09-01,q99_exposure,2500,5000,1435.8251525120422,1428.376275351309,0.00518787203838926,0.05,relative,True
Cement,2022-10-01,mean_exposure,2500,5000,650.6376056742889,653.2178493790058,0.003965715602993484,0.01,relative,True
Cement,2022-10-01,q90_exposure,2500,5000,1013.0367135384143,1023.8566100001499,0.010680655811518374,0.02,relative,True
Cement,2022-10-01,q95_exposure,2500,5000,1310.6865864310337,1325.1488690240692,0.011034127260290313,0.02,relative,True
Cement,2022-10-01,q99_exposure,2500,5000,1450.5492597363223,1463.754609474911,0.009103689274908944,0.05,relative,True
Cement,2022-11-01,mean_exposure,2500,5000,592.5951572728392,593.3024684777118,0.0011935824925194435,0.01,relative,True
Cement,2022-11-01,q90_exposure,2500,5000,944.7786616154076,950.2128411045418,0.0057518016757942825,0.02,relative,True
Cement,2022-11-01,q95_exposure,2500,5000,1175.0620200711262,1165.5057553138324,0.008132562021462779,0.02,relative,True
Cement,2022-11-01,q99_exposure,2500,5000,1361.7643596277458,1364.5954692421692,0.002079001109411732,0.05,relative,True
Cement,2022-12-01,mean_exposure,2500,5000,614.4757264843948,616.4277651016216,0.0031767546431736063,0.01,relative,True
Cement,2022-12-01,q90_exposure,2500,5000,983.3071635161643,979.6755239718035,0.003693291047910827,0.02,relative,True
Cement,2022-12-01,q95_exposure,2500,5000,1215.7753356588012,1202.6533374978335,0.01079311100998538,0.02,relative,True
Cement,2022-12-01,q99_exposure,2500,5000,1373.2758967664809,1378.9065235841235,0.004100142462924288,0.05,relative,True
Cement,2023-01-01,mean_exposure,2500,5000,628.2060269438834,631.2258888965798,0.004807120312722076,0.01,relative,True
Cement,2023-01-01,q90_exposure,2500,5000,997.8006176709494,1000.0528904729831,0.002257237329929679,0.02,relative,True
Cement,2023-01-01,q95_exposure,2500,5000,1199.9866384399113,1235.6071696735085,0.029684106549642077,0.02,relative,False
Cement,2023-01-01,q99_exposure,2500,5000,1399.7454729898168,1410.280247187105,0.007526207014469754,0.05,relative,True
Cement,2023-02-01,mean_exposure,2500,5000,626.8167157690297,623.2411871535403,0.005704264939875785,0.01,relative,True
Cement,2023-02-01,q90_exposure,2500,5000,1003.9910213863376,997.6249764407053,0.006340738920993457,0.02,relative,True
Cement,2023-02-01,q95_exposure,2500,5000,1255.5565526322266,1215.6877548102213,0.031753884552967244,0.02,relative,False
Cement,2023-02-01,q99_exposure,2500,5000,1424.3739905542977,1421.7528655133556,0.0018401944000129807,0.05,relative,True
Cement,2023-03-01,mean_exposure,2500,5000,655.3228073560508,655.9785390395539,0.0010006239308969912,0.01,relative,True
Cement,2023-03-01,q90_exposure,2500,5000,1038.9136851635892,1043.7451268994394,0.00465047463022819,0.02,relative,True
Cement,2023-03-01,q95_exposure,2500,5000,1264.2496887427421,1263.8641330317366,0.00030496800943564576,0.02,relative,True
Cement,2023-03-01,q99_exposure,2500,5000,1492.2214806548293,1482.812056571014,0.00630564846157168,0.05,relative,True
Cement,2023-04-01,mean_exposure,2500,5000,641.5839159802847,639.2911719962839,0.003573568362445164,0.01,relative,True
Cement,2023-04-01,q90_exposure,2500,5000,1036.2642667329508,1014.8742989802957,0.020641421729315792,0.02,relative,False
Cement,2023-04-01,q95_exposure,2500,5000,1292.2298750079951,1281.0129919361443,0.008680253636591877,0.02,relative,True
Cement,2023-04-01,q99_exposure,2500,5000,1445.7776834148895,1447.2770099512,0.0010370380961816485,0.05,relative,True
Cement,2023-05-01,mean_exposure,2500,5000,656.4653405819522,656.7968593125142,0.0005050056873804628,0.01,relative,True
Cement,2023-05-01,q90_exposure,2500,5000,1031.0415033577842,1033.43091619861,0.002317474934853949,0.02,relative,True
Cement,2023-05-01,q95_exposure,2500,5000,1269.7157805927063,1292.6090146975794,0.018030203652494914,0.02,relative,True
Cement,2023-05-01,q99_exposure,2500,5000,1472.0813586187942,1462.0608541651561,0.006807031686781212,0.05,relative,True
Granite,2022-07-01,mean_exposure,2500,5000,2906.515658598837,2899.717041822096,0.002339095183137155,0.01,relative,True
Granite,2022-07-01,q90_exposure,2500,5000,4540.21418880488,4546.793854404329,0.0014491971800962625,0.02,relative,True
Granite,2022-07-01,q95_exposure,2500,5000,5887.996169922142,5844.113281720804,0.007452941023553493,0.02,relative,True
Granite,2022-07-01,q99_exposure,2500,5000,6509.014980258312,6550.358391424971,0.00635171547339388,0.05,relative,True
Granite,2022-08-01,mean_exposure,2500,5000,2905.4481916794903,2931.4470506435396,0.008948312703872616,0.01,relative,True
Granite,2022-08-01,q90_exposure,2500,5000,4522.882288584895,4585.744817974733,0.013898776350756358,0.02,relative,True
Granite,2022-08-01,q95_exposure,2500,5000,5880.025980385968,5879.959285269064,1.1342656839720094e-05,0.02,relative,True
Granite,2022-08-01,q99_exposure,2500,5000,6420.6145965985625,6420.614596598563,1.4165228080420053e-16,0.05,relative,True
Granite,2022-09-01,mean_exposure,2500,5000,2884.6198051109477,2885.291368696743,0.00023280835297793487,0.01,relative,True
Granite,2022-09-01,q90_exposure,2500,5000,4591.136323359149,4539.858217097437,0.011168935673030548,0.02,relative,True
Granite,2022-09-01,q95_exposure,2500,5000,5850.901956623815,5892.354778986903,0.0070848601925655175,0.02,relative,True
Granite,2022-09-01,q99_exposure,2500,5000,6512.641094201112,6501.5726681333545,0.0016995295622251555,0.05,relative,True
Granite,2022-10-01,mean_exposure,2500,5000,2734.7716291154625,2705.1693509112447,0.010824405917137722,0.01,relative,False
Granite,2022-10-01,q90_exposure,2500,5000,4235.799096361195,4135.973349973184,0.02356715795934873,0.02,relative,False
Granite,2022-10-01,q95_exposure,2500,5000,5548.923041196747,5292.94898977843,0.04613040215513806,0.02,relative,False
Granite,2022-10-01,q99_exposure,2500,5000,6112.03924473701,6097.398264975363,0.0023954328785199095,0.05,relative,True
Granite,2022-11-01,mean_exposure,2500,5000,2703.5094320165545,2700.3661694716798,0.0011626600993694777,0.01,relative,True
Granite,2022-11-01,q90_exposure,2500,5000,4157.803785519542,4220.002622896123,0.014959541283117463,0.02,relative,True
Granite,2022-11-01,q95_exposure,2500,5000,5308.759943694706,5386.9266316249095,0.014724095411969713,0.02,relative,True
Granite,2022-11-01,q99_exposure,2500,5000,6015.231866104586,6004.232369510527,0.001828607248880971,0.05,relative,True
Granite,2022-12-01,mean_exposure,2500,5000,2683.7232345866105,2695.7494116471885,0.00448115398249345,0.01,relative,True
Granite,2022-12-01,q90_exposure,2500,5000,4244.7398340291675,4231.8623160230245,0.003033759078214092,0.02,relative,True
Granite,2022-12-01,q95_exposure,2500,5000,5026.604726272257,4948.0255089792745,0.015632662915044223,0.02,relative,True
Granite,2022-12-01,q99_exposure,2500,5000,6100.872726177374,6051.702966575805,0.008059463261804112,0.05,relative,True
Granite,2023-01-01,mean_exposure,2500,5000,2745.5180688297187,2735.2531653537058,0.0037387856202994734,0.01,relative,True
Granite,2023-01-01,q90_exposure,2500,5000,4305.809306273137,4287.172093314803,0.004328387913320182,0.02,relative,True
Granite,2023-01-01,q95_exposure,2500,5000,5426.820695911217,5488.2370606487475,0.011317190705011559,0.02,relative,True
Granite,2023-01-01,q99_exposure,2500,5000,6142.653801334358,6124.700551521678,0.002922718810684087,0.05,relative,True
Granite,2023-02-01,mean_exposure,2500,5000,2739.1120418281457,2735.1704378127306,0.0014390079541194698,0.01,relative,True
Granite,2023-02-01,q90_exposure,2500,5000,4202.74846984113,4202.642555303033,2.5201255525254877e-05,0.02,relative,True
Granite,2023-02-01,q95_exposure,2500,5000,4985.6273225657715,5016.8980273482375,0.006272170533270645,0.02,relative,True
Granite,2023-02-01,q99_exposure,2500,5000,5941.362832591726,5950.719142126811,0.0015747749798682526,0.05,relative,True
Granite,2023-03-01,mean_exposure,2500,5000,2679.588598856627,2686.5086272235467,0.002582496570508055,0.01,relative,True
Granite,2023-03-01,q90_exposure,2500,5000,4257.915036129231,4280.6485205217505,0.005339111795238075,0.02,relative,True
Granite,2023-03-01,q95_exposure,2500,5000,5511.45777870065,5619.661922306844,0.019632581424166004,0.02,relative,True
Granite,2023-03-01,q99_exposure,2500,5000,6087.471034933647,6070.395690326705,0.0028049980868825888,0.05,relative,True
Granite,2023-04-01,mean_exposure,2500,5000,2654.109934483461,2651.6708325714676,0.0009189905362635892,0.01,relative,True
Granite,2023-04-01,q90_exposure,2500,5000,4261.270317785311,4267.343561286955,0.0014252190189147102,0.02,relative,True
Granite,2023-04-01,q95_exposure,2500,5000,5615.524193892413,5622.810664960103,0.0012975584853886573,0.02,relative,True
Granite,2023-04-01,q99_exposure,2500,5000,6098.14408036542,6069.285015451132,0.0047324340871525514,0.05,relative,True
Granite,2023-05-01,mean_exposure,2500,5000,2781.7940668282754,2782.319414727841,0.00018885218925084507,0.01,relative,True
Granite,2023-05-01,q90_exposure,2500,5000,4268.6993536014315,4293.7897806187475,0.005877768598565645,0.02,relative,True
Granite,2023-05-01,q95_exposure,2500,5000,5031.5276459927445,5186.398257445408,0.030780037863054683,0.02,relative,False
Granite,2023-05-01,q99_exposure,2500,5000,6100.859383784267,6083.960904341686,0.002769852307610405,0.05,relative,True
Ready Mixed Concrete,2022-07-01,mean_exposure,2500,5000,1782.0885606347792,1770.842402531676,0.00631066174348671,0.01,relative,True
Ready Mixed Concrete,2022-07-01,q90_exposure,2500,5000,2810.539084931425,2805.6037943221927,0.0017559942986356352,0.02,relative,True
Ready Mixed Concrete,2022-07-01,q95_exposure,2500,5000,3597.724421193376,3629.3584315285866,0.008792783057218515,0.02,relative,True
Ready Mixed Concrete,2022-07-01,q99_exposure,2500,5000,3889.66244425987,3905.120676182029,0.003974183401176974,0.05,relative,True
Ready Mixed Concrete,2022-08-01,mean_exposure,2500,5000,1785.9540133932992,1773.0186461195224,0.007242833341044274,0.01,relative,True
Ready Mixed Concrete,2022-08-01,q90_exposure,2500,5000,2834.9315606949795,2817.1122079021256,0.006285637734579179,0.02,relative,True
Ready Mixed Concrete,2022-08-01,q95_exposure,2500,5000,3682.928368458922,3659.866121208549,0.006261932066852266,0.02,relative,True
Ready Mixed Concrete,2022-08-01,q99_exposure,2500,5000,3857.445277330975,3857.443898929157,3.573354172966263e-07,0.05,relative,True
Ready Mixed Concrete,2022-09-01,mean_exposure,2500,5000,1780.9786385426614,1790.278160207516,0.0052215795650779094,0.01,relative,True
Ready Mixed Concrete,2022-09-01,q90_exposure,2500,5000,2806.0759670138364,2830.334563052626,0.008645024697818526,0.02,relative,True
Ready Mixed Concrete,2022-09-01,q95_exposure,2500,5000,3665.8636644063035,3653.1565666719976,0.0034663312380341722,0.02,relative,True
Ready Mixed Concrete,2022-09-01,q99_exposure,2500,5000,4022.196789113673,4005.123954568404,0.004244654212712231,0.05,relative,True
Ready Mixed Concrete,2022-10-01,mean_exposure,2500,5000,1757.6207024110101,1759.7010211494357,0.0011835993599597077,0.01,relative,True
Ready Mixed Concrete,2022-10-01,q90_exposure,2500,5000,2735.4055855402057,2728.491898668865,0.0025274814484139672,0.02,relative,True
Ready Mixed Concrete,2022-10-01,q95_exposure,2500,5000,3580.8343039217384,3520.789744860558,0.01676831541616414,0.02,relative,True
Ready Mixed Concrete,2022-10-01,q99_exposure,2500,5000,3934.017869908988,3944.0161754015953,0.0025414997651850325,0.05,relative,True
Ready Mixed Concrete,2022-11-01,mean_exposure,2500,5000,1707.9969115698177,1688.800026318761,0.011239414498362837,0.01,relative,False
Ready Mixed Concrete,2022-11-01,q90_exposure,2500,5000,2672.25760330623,2629.7128701236447,0.015920895174906486,0.02,relative,True
Ready Mixed Concrete,2022-11-01,q95_exposure,2500,5000,3469.0338406095307,3151.1557872429194,0.09163302174958264,0.02,relative,False
Ready Mixed Concrete,2022-11-01,q99_exposure,2500,5000,3783.435980608355,3767.4157112816097,0.004234317538040963,0.05,relative,True
Ready Mixed Concrete,2022-12-01,mean_exposure,2500,5000,1762.8788080748602,1736.112453621614,0.015183320787931154,0.01,relative,False
Ready Mixed Concrete,2022-12-01,q90_exposure,2500,5000,2762.3534865111324,2709.801500281096,0.019024352417839764,0.02,relative,True
Ready Mixed Concrete,2022-12-01,q95_exposure,2500,5000,3574.0815763357728,3508.080143009934,0.018466683514679255,0.02,relative,True
Ready Mixed Concrete,2022-12-01,q99_exposure,2500,5000,3855.805535481838,3846.474715700187,0.0024199404497418195,0.05,relative,True
Ready Mixed Concrete,2023-01-01,mean_exposure,2500,5000,1701.5243944994518,1710.8982633328822,0.005509100465284807,0.01,relative,True
Ready Mixed Concrete,2023-01-01,q90_exposure,2500,5000,2648.6020683875554,2684.309247193701,0.01348151888587928,0.02,relative,True
Ready Mixed Concrete,2023-01-01,q95_exposure,2500,5000,3395.9713238619424,3449.0974780279203,0.015643875963464282,0.02,relative,True
Ready Mixed Concrete,2023-01-01,q99_exposure,2500,5000,3766.4044623827704,3805.2950237132554,0.010325646573252365,0.05,relative,True
Ready Mixed Concrete,2023-02-01,mean_exposure,2500,5000,1647.2890778642013,1651.6701089579146,0.0026595399390333843,0.01,relative,True
Ready Mixed Concrete,2023-02-01,q90_exposure,2500,5000,2552.585327239337,2579.720916970898,0.010630629833208642,0.02,relative,True
Ready Mixed Concrete,2023-02-01,q95_exposure,2500,5000,3230.5484222428972,3358.944636595245,0.03974440174563459,0.02,relative,False
Ready Mixed Concrete,2023-02-01,q99_exposure,2500,5000,3658.9346203757154,3672.416080890145,0.0036845316774327583,0.05,relative,True
Ready Mixed Concrete,2023-03-01,mean_exposure,2500,5000,1679.203744612084,1688.0788085109905,0.005285281150297096,0.01,relative,True
Ready Mixed Concrete,2023-03-01,q90_exposure,2500,5000,2765.3381858067332,2733.3631032773787,0.011562810904455937,0.02,relative,True
Ready Mixed Concrete,2023-03-01,q95_exposure,2500,5000,3533.7759989023034,3506.764270440427,0.007643871165084325,0.02,relative,True
Ready Mixed Concrete,2023-03-01,q99_exposure,2500,5000,3774.005960301778,3771.028739649539,0.0007888754505307721,0.05,relative,True
Ready Mixed Concrete,2023-04-01,mean_exposure,2500,5000,1685.8736781080738,1669.199135122939,0.00989074282472184,0.01,relative,True
Ready Mixed Concrete,2023-04-01,q90_exposure,2500,5000,2661.137910975122,2565.9300860446015,0.035777110437554674,0.02,relative,False
Ready Mixed Concrete,2023-04-01,q95_exposure,2500,5000,3479.120230407185,3408.3221396863605,0.020349423426662773,0.02,relative,False
Ready Mixed Concrete,2023-04-01,q99_exposure,2500,5000,3659.7840494512384,3653.4993911116144,0.001717221085917992,0.05,relative,True
Ready Mixed Concrete,2023-05-01,mean_exposure,2500,5000,1757.2281005461,1752.1796127363905,0.002872983768095091,0.01,relative,True
Ready Mixed Concrete,2023-05-01,q90_exposure,2500,5000,2720.2199637631975,2745.463165328913,0.009279838359392677,0.02,relative,True
Ready Mixed Concrete,2023-05-01,q95_exposure,2500,5000,3539.1643303938586,3539.1643303938604,5.1396014249031175e-16,0.02,relative,True
Ready Mixed Concrete,2023-05-01,q99_exposure,2500,5000,3794.6791808341227,3797.6581420959237,0.0007850363943405133,0.05,relative,True
Steel Reinforcement Bars,2022-07-01,mean_exposure,2500,5000,143.9247311365871,142.72861955931955,0.008310674390855128,0.01,relative,True
Steel Reinforcement Bars,2022-07-01,q90_exposure,2500,5000,234.2310251542479,232.51239233417067,0.007337340640273691,0.02,relative,True
Steel Reinforcement Bars,2022-07-01,q95_exposure,2500,5000,270.89153227855536,269.9393733299735,0.003514908497039271,0.02,relative,True
Steel Reinforcement Bars,2022-07-01,q99_exposure,2500,5000,337.7768013153981,337.54668238229635,0.0006812751266681823,0.05,relative,True
Steel Reinforcement Bars,2022-08-01,mean_exposure,2500,5000,146.33252130371145,146.01486249951833,0.00217080114087434,0.01,relative,True
Steel Reinforcement Bars,2022-08-01,q90_exposure,2500,5000,231.921602418035,233.38109476165175,0.006293041822753678,0.02,relative,True
Steel Reinforcement Bars,2022-08-01,q95_exposure,2500,5000,274.92502655329525,276.4100679394129,0.005401623143354549,0.02,relative,True
Steel Reinforcement Bars,2022-08-01,q99_exposure,2500,5000,341.1552386968461,341.14995819632725,1.547829234282523e-05,0.05,relative,True
Steel Reinforcement Bars,2022-09-01,mean_exposure,2500,5000,169.72505260896637,168.82327321330408,0.0053131778827013795,0.01,relative,True
Steel Reinforcement Bars,2022-09-01,q90_exposure,2500,5000,272.66769241737893,272.147547698077,0.0019076140436386096,0.02,relative,True
Steel Reinforcement Bars,2022-09-01,q95_exposure,2500,5000,313.4756120048726,314.65067025572677,0.0037484837922126066,0.02,relative,True
Steel Reinforcement Bars,2022-09-01,q99_exposure,2500,5000,386.5300189551827,385.9163016691302,0.001587760991271622,0.05,relative,True
Steel Reinforcement Bars,2022-10-01,mean_exposure,2500,5000,177.9465397316363,178.40836143954823,0.0025952834407929662,0.01,relative,True
Steel Reinforcement Bars,2022-10-01,q90_exposure,2500,5000,278.0601937213212,280.6842785884071,0.009437110835489941,0.02,relative,True
Steel Reinforcement Bars,2022-10-01,q95_exposure,2500,5000,337.6338136878739,337.69787524437993,0.0001897367914851525,0.02,relative,True
Steel Reinforcement Bars,2022-10-01,q99_exposure,2500,5000,418.2848618528697,411.5769134718364,0.01603679452160715,0.05,relative,True
Steel Reinforcement Bars,2022-11-01,mean_exposure,2500,5000,156.87181179890615,158.73612910285084,0.011884335895441526,0.01,relative,False
Steel Reinforcement Bars,2022-11-01,q90_exposure,2500,5000,257.84022768087783,259.90124276884745,0.007993380654784742,0.02,relative,True
Steel Reinforcement Bars,2022-11-01,q95_exposure,2500,5000,303.5431414846666,306.6024843204476,0.010078774373940403,0.02,relative,True
Steel Reinforcement Bars,2022-11-01,q99_exposure,2500,5000,380.1071744506252,382.18405955748284,0.005463946082731459,0.05,relative,True
Steel Reinforcement Bars,2022-12-01,mean_exposure,2500,5000,158.52567083498593,155.84173065414302,0.01693063443104242,0.01,relative,False
Steel Reinforcement Bars,2022-12-01,q90_exposure,2500,5000,269.13503856451786,265.51132740839205,0.013464286090185618,0.02,relative,True
Steel Reinforcement Bars,2022-12-01,q95_exposure,2500,5000,323.09127134933004,315.6370636245576,0.02307152308275417,0.02,relative,False
Steel Reinforcement Bars,2022-12-01,q99_exposure,2500,5000,394.78504547666,388.00935624353065,0.017162983529298705,0.05,relative,True
Steel Reinforcement Bars,2023-01-01,mean_exposure,2500,5000,150.1310404606774,151.25294527732936,0.007472837150860883,0.01,relative,True
Steel Reinforcement Bars,2023-01-01,q90_exposure,2500,5000,258.65517615975966,259.91601662208177,0.004874599770403757,0.02,relative,True
Steel Reinforcement Bars,2023-01-01,q95_exposure,2500,5000,297.32400742402626,301.42693372289847,0.013799512304503719,0.02,relative,True
Steel Reinforcement Bars,2023-01-01,q99_exposure,2500,5000,371.2654051715749,372.0266708099415,0.0020504620892829294,0.05,relative,True
Steel Reinforcement Bars,2023-02-01,mean_exposure,2500,5000,160.0264546429152,160.5326423589826,0.0031631502253605514,0.01,relative,True
Steel Reinforcement Bars,2023-02-01,q90_exposure,2500,5000,258.8654790351133,257.92400019979107,0.003636942395067433,0.02,relative,True
Steel Reinforcement Bars,2023-02-01,q95_exposure,2500,5000,300.71789070016206,305.76447241445214,0.016781780766485555,0.02,relative,True
Steel Reinforcement Bars,2023-02-01,q99_exposure,2500,5000,361.1277661312375,374.0616729438751,0.03581532085222528,0.05,relative,True
Steel Reinforcement Bars,2023-03-01,mean_exposure,2500,5000,169.43715263808295,168.92510226684175,0.003022066667603528,0.01,relative,True
Steel Reinforcement Bars,2023-03-01,q90_exposure,2500,5000,278.58330379900326,276.40861958858676,0.007806225932281739,0.02,relative,True
Steel Reinforcement Bars,2023-03-01,q95_exposure,2500,5000,332.8762054989386,326.8186160022654,0.018197724549261912,0.02,relative,True
Steel Reinforcement Bars,2023-03-01,q99_exposure,2500,5000,409.71304183699925,399.29287969163704,0.025432830008637563,0.05,relative,True
Steel Reinforcement Bars,2023-04-01,mean_exposure,2500,5000,158.1269953644636,156.6507457731962,0.009335847986391022,0.01,relative,True
Steel Reinforcement Bars,2023-04-01,q90_exposure,2500,5000,268.6276277998795,262.46147766139444,0.022954266428167613,0.02,relative,False
Steel Reinforcement Bars,2023-04-01,q95_exposure,2500,5000,321.0308433258814,311.6374623420428,0.02926005765216549,0.02,relative,False
Steel Reinforcement Bars,2023-04-01,q99_exposure,2500,5000,391.0234647931369,384.1086996716067,0.017683760040304263,0.05,relative,True
Steel Reinforcement Bars,2023-05-01,mean_exposure,2500,5000,148.78342577480367,146.76331511201025,0.013577524863898729,0.01,relative,False
Steel Reinforcement Bars,2023-05-01,q90_exposure,2500,5000,248.74271824398343,242.38913333890062,0.025542797593981394,0.02,relative,False
Steel Reinforcement Bars,2023-05-01,q95_exposure,2500,5000,283.04950617273767,279.62537218094985,0.012097297176339722,0.02,relative,True
Steel Reinforcement Bars,2023-05-01,q99_exposure,2500,5000,345.73323768802265,345.8802521092868,0.0004252250152379226,0.05,relative,True
