controller,holding_case,annual_holding_rate,monthly_holding_rate,forecast_origin,material,period,month_ahead,realized_demand,realized_price,order_quantity,ending_inventory,shortage_quantity,procurement_cost,holding_cost
O1,H20,0.2,0.016666666666666666,2022-07-01,Cement,2022-08-01,1,402.46,119.0,381.29974365234375,0.0,402.46,45374.669494628906,0.0
O1,H20,0.2,0.016666666666666666,2022-07-01,Cement,2022-09-01,2,346.61,118.6,372.5072021484375,0.0,346.61,44179.354174804685,0.0
O1,H20,0.2,0.016666666666666666,2022-07-01,Cement,2022-10-01,3,368.78,118.6,0.0,12.519743652343777,0.0,0.0,24.74735995279953
O1,H20,0.2,0.016666666666666666,2022-07-01,Cement,2022-11-01,4,296.3,118.4,0.0,470.026689453125,0.0,0.0,927.5193338541667
O1,H20,0.2,0.016666666666666666,2022-07-01,Cement,2022-12-01,5,375.31,118.3,265.5937736002604,848.5236352539064,0.0,31419.743416910806,1673.005767508952
O1,H20,0.2,0.016666666666666666,2022-07-01,Cement,2023-01-01,6,440.73,118.5,349.6237487792969,1161.6005810546876,0.0,41430.41423034668,2294.1611475830077
O1,H20,0.2,0.016666666666666666,2022-07-01,Cement,2023-02-01,7,282.49,118.4,87.1346453857422,1898.5113004557295,0.0,10316.742013671877,3746.3956328993063
O1,H20,0.2,0.016666666666666666,2022-07-01,Cement,2023-03-01,8,427.87,118.2,6.209340413411496,2839.665768636068,0.0,733.9440368652389,5594.141564213054
O1,H20,0.2,0.016666666666666666,2022-07-01,Cement,2023-04-01,9,315.7,118.0,271.80311401367186,3980.124882202149,0.0,32072.76745361328,7827.578934997559
O1,H20,0.2,0.016666666666666666,2022-07-01,Cement,2023-05-01,10,398.82,117.2,355.8330891927083,5043.673336181641,0.0,41703.63805338542,9851.97525000814
O1,H20,0.2,0.016666666666666666,2022-07-01,Cement,2023-06-01,11,335.0,116.7,93.3439857991537,6442.844904174805,0.0,10893.243142761237,12531.333338619997
O1,H20,0.2,0.016666666666666666,2022-07-01,Cement,2023-07-01,12,425.98,115.2,12.418680826822992,8106.869561360678,0.0,1430.6320312500088,15565.1895578125
O1,H20,0.2,0.016666666666666666,2022-07-01,Granite,2022-08-01,1,1491.5,20.5,1639.560517883736,0.0,1491.5,33610.99061661659,0.0
O1,H20,0.2,0.016666666666666666,2022-07-01,Granite,2022-09-01,2,1550.1,20.8,1645.9296598792216,0.0,1550.1,34235.33692548781,0.0
O1,H20,0.2,0.016666666666666666,2022-07-01,Granite,2022-10-01,3,1554.5,20.4,12.738283990971013,85.06051788373611,0.0,259.86099341580865,28.920576080470276
O1,H20,0.2,0.016666666666666666,2022-07-01,Granite,2022-11-01,4,1531.9,20.5,0.0,1838.6506956466933,0.0,0.0,628.2056543459536
O1,H20,0.2,0.016666666666666666,2022-07-01,Granite,2022-12-01,5,1692.1,19.3,1449.3451643451313,3444.779157400622,0.0,27972.361671861036,1108.0706289638667
O1,H20,0.2,0.016666666666666666,2022-07-01,Granite,2023-01-01,6,1309.6,19.0,1665.6110382112363,5433.40761915455,0.0,31646.60972601349,1720.5790793989408
O1,H20,0.2,0.016666666666666666,2022-07-01,Granite,2023-02-01,7,1455.1,18.5,227.8793335840155,8725.88124525361,0.0,4215.767671304287,2690.480050619863
O1,H20,0.2,0.016666666666666666,2022-07-01,Granite,2023-03-01,8,1561.4,18.3,23.22691943582072,13577.665909563906,0.0,425.05262567551915,4141.188102416992
O1,H20,0.2,0.016666666666666666,2022-07-01,Granite,2023-04-01,9,1395.2,18.6,1368.3610455697155,18823.529907458218,0.0,25451.51544759671,5835.294271312047
O1,H20,0.2,0.016666666666666666,2022-07-01,Granite,2023-05-01,10,1844.9,18.3,1688.837957647057,23642.92082478835,0.0,30905.734624941146,7211.090851560447
O1,H20,0.2,0.016666666666666666,2022-07-01,Granite,2023-06-01,11,1659.3,18.5,355.31729123107266,30016.272787688198,0.0,6573.369887774844,9255.017442870529
O1,H20,0.2,0.016666666666666666,2022-07-01,Granite,2023-07-01,12,1674.3,18.5,46.45383887164144,38063.4627082351,0.0,859.3960191253666,11736.234335039157
O1,H20,0.2,0.016666666666666666,2022-07-01,Ready Mixed Concrete,2022-08-01,1,982.6,118.3,992.7471923828124,0.0,982.6,117441.9928588867,0.0
O1,H20,0.2,0.016666666666666666,2022-07-01,Ready Mixed Concrete,2022-09-01,2,993.4,118.6,1010.033203125,0.0,993.4,119789.93789062499,0.0
O1,H20,0.2,0.016666666666666666,2022-07-01,Ready Mixed Concrete,2022-10-01,3,930.7,118.5,34.572021484375114,62.04719238281234,0.0,4096.784545898451,122.54320495605437
O1,H20,0.2,0.016666666666666666,2022-07-01,Ready Mixed Concrete,2022-11-01,4,959.9,118.2,0.0,1104.9275878906246,0.0,0.0,2176.7073481445304
O1,H20,0.2,0.016666666666666666,2022-07-01,Ready Mixed Concrete,2022-12-01,5,992.6,118.0,877.5457600911459,2149.680004882812,0.0,103550.39969075522,4227.704009602864
O1,H20,0.2,0.016666666666666666,2022-07-01,Ready Mixed Concrete,2023-01-01,6,808.1,117.6,1022.7876586914062,3378.9324218749994,0.0,120279.82866210937,6622.707546874999
O1,H20,0.2,0.016666666666666666,2022-07-01,Ready Mixed Concrete,2023-02-01,7,897.3,118.1,144.89826049804685,5396.530598958333,0.0,17112.484564819333,10622.171062282985
O1,H20,0.2,0.016666666666666666,2022-07-01,Ready Mixed Concrete,2023-03-01,8,1070.7,116.8,0.0,8263.516434733072,0.0,0.0,16086.311992947045
O1,H20,0.2,0.016666666666666666,2022-07-01,Ready Mixed Concrete,2023-04-01,9,918.4,117.2,876.8584838867188,11427.70053100586,0.0,102767.81431152344,22322.10837056478
O1,H20,0.2,0.016666666666666666,2022-07-01,Ready Mixed Concrete,2023-05-01,10,1041.6,117.6,1021.413106282552,14468.684627278646,0.0,120118.18129882812,28358.621869466147
O1,H20,0.2,0.016666666666666666,2022-07-01,Ready Mixed Concrete,2023-06-01,11,1020.3,117.3,144.21098429361973,18407.827207438153,0.0,16915.948457641593,35987.30219054159
O1,H20,0.2,0.016666666666666666,2022-07-01,Ready Mixed Concrete,2023-07-01,12,1046.0,116.3,0.0,23342.68289388021,0.0,0.0,45245.900342637804
O1,H20,0.2,0.016666666666666666,2022-07-01,Steel Reinforcement Bars,2022-08-01,1,102.45,1106.3,74.30752563476562,0.0,102.45,82206.4156097412,0.0
O1,H20,0.2,0.016666666666666666,2022-07-01,Steel Reinforcement Bars,2022-09-01,2,174.43,1072.6,75.21612167358398,0.0,174.43,80676.81210708618,0.0
O1,H20,0.2,0.016666666666666666,2022-07-01,Steel Reinforcement Bars,2022-10-01,3,108.27,1040.5,1.8171920776367188,0.0,33.96247436523437,1890.7883567810059,0.0
O1,H20,0.2,0.016666666666666666,2022-07-01,Steel Reinforcement Bars,2022-11-01,4,51.21,1004.5,0.0,98.3136473083496,0.0,0.0,1645.9343120206197
O1,H20,0.2,0.016666666666666666,2022-07-01,Steel Reinforcement Bars,2022-12-01,5,70.5,952.3,44.25200108846028,179.15448669433593,0.0,42141.180636540725,2843.480294650268
O1,H20,0.2,0.016666666666666666,2022-07-01,Steel Reinforcement Bars,2023-01-01,6,79.16,922.6,67.05061340332031,251.33532608032223,0.0,61860.89592590332,3864.6995306950885
O1,H20,0.2,0.016666666666666666,2022-07-01,Steel Reinforcement Bars,2023-02-01,7,100.49,942.1,27.018232065836592,346.4381665547688,0.0,25453.876429224656,5439.656611854129
O1,H20,0.2,0.016666666666666666,2022-07-01,Steel Reinforcement Bars,2023-03-01,8,57.1,946.6,8.439239501953125,551.9816204325357,0.0,7988.584112548829,8708.43003169064
O1,H20,0.2,0.016666666666666666,2022-07-01,Steel Reinforcement Bars,2023-04-01,9,67.2,940.1,42.7406271870931,774.4433063761392,0.0,40180.46361858622,12134.23587207014
O1,H20,0.2,0.016666666666666666,2022-07-01,Steel Reinforcement Bars,2023-05-01,10,152.2,922.8,75.48985290527342,920.3442318216958,0.0,69662.03626098631,14154.89428541768
O1,H20,0.2,0.016666666666666666,2022-07-01,Steel Reinforcement Bars,2023-06-01,11,135.08,885.5,45.408084971110014,1126.1057844543454,0.0,40208.85924191792,16619.44453557205
O1,H20,0.2,0.016666666666666666,2022-07-01,Steel Reinforcement Bars,2023-07-01,12,141.5,859.2,16.87847900390625,1400.9371899922685,0.0,14501.98916015625,20061.420560689287
O1,H20,0.2,0.016666666666666666,2022-08-01,Cement,2022-09-01,1,346.61,118.6,343.8117370605469,0.0,346.61,40776.07201538086,0.0
O1,H20,0.2,0.016666666666666666,2022-08-01,Cement,2022-10-01,2,368.78,118.6,352.2923278808594,0.0,368.78,41781.87008666992,0.0
O1,H20,0.2,0.016666666666666666,2022-08-01,Cement,2022-11-01,3,296.3,118.4,16.961181640625,47.511737060546864,0.0,2008.20390625,93.75649446614581
O1,H20,0.2,0.016666666666666666,2022-08-01,Cement,2022-12-01,4,375.31,118.3,0.0,368.30580200195317,0.0,0.0,726.1762729471843
O1,H20,0.2,0.016666666666666666,2022-08-01,Cement,2023-01-01,5,440.73,118.5,303.5099532063802,640.6410485839845,0.0,35965.92945495605,1265.2660709533693
O1,H20,0.2,0.016666666666666666,2022-08-01,Cement,2023-02-01,6,282.49,118.4,337.06134033203125,1071.2162951660157,0.0,39908.0626953125,2113.866822460938
O1,H20,0.2,0.016666666666666666,2022-08-01,Cement,2023-03-01,7,427.87,118.2,29.617793375651047,1659.9214949544275,0.0,3500.823177001954,3270.045345060222
O1,H20,0.2,0.016666666666666666,2022-08-01,Cement,2023-04-01,8,315.7,118.0,0.0,2697.8580350748707,0.0,0.0,5305.7874689805785
O1,H20,0.2,0.016666666666666666,2022-08-01,Cement,2023-05-01,9,398.82,117.2,274.28142537434894,3682.2923685709643,0.0,32145.783053873696,7192.744426608617
O1,H20,0.2,0.016666666666666666,2022-08-01,Cement,2023-06-01,10,335.0,116.7,321.32696533203125,4730.5467020670585,0.0,37498.85685424805,9200.913335520429
O1,H20,0.2,0.016666666666666666,2022-08-01,Cement,2023-07-01,11,425.98,115.2,43.11194620768231,5962.102460937502,0.0,4966.4962031250025,11447.236725000002
O1,H20,0.2,0.016666666666666666,2022-08-01,Cement,2023-08-01,12,378.3,114.4,0.0,7562.665185139976,0.0,0.0,14419.481619666887
O1,H20,0.2,0.016666666666666666,2022-08-01,Granite,2022-09-01,1,1550.1,20.8,1678.8336149886825,0.0,1550.1,34919.739191764595,0.0
O1,H20,0.2,0.016666666666666666,2022-08-01,Granite,2022-10-01,2,1554.5,20.4,1681.7070837957572,0.0,1554.5,34306.82450943344,0.0
O1,H20,0.2,0.016666666666666666,2022-08-01,Granite,2022-11-01,3,1531.9,20.5,5.746937614149147,146.9336149886824,0.0,117.8122210900575,50.202318454466486
O1,H20,0.2,0.016666666666666666,2022-08-01,Granite,2022-12-01,4,1692.1,19.3,0.0,1815.3743137731221,0.0,0.0,583.9454042636876
O1,H20,0.2,0.016666666666666666,2022-08-01,Granite,2023-01-01,5,1309.6,19.0,1410.228975353399,3872.0619501717106,0.0,26794.35053171458,1226.1529508877084
O1,H20,0.2,0.016666666666666666,2022-08-01,Granite,2023-02-01,6,1455.1,18.5,1486.4846413265657,5783.249586570299,0.0,27499.965864541464,1783.1686225258422
O1,H20,0.2,0.016666666666666666,2022-08-01,Granite,2023-03-01,7,1561.4,18.3,105.6198359649527,8998.366198322286,0.0,1932.8429981586344,2744.5016904882973
O1,H20,0.2,0.016666666666666666,2022-08-01,Granite,2023-04-01,8,1395.2,18.6,58.728339983571686,13866.16745140084,0.0,1092.3471236944335,4298.51190993426
O1,H20,0.2,0.016666666666666666,2022-08-01,Granite,2023-05-01,9,1844.9,18.3,1377.672674010405,18389.888540444343,0.0,25211.409934390413,5608.916004835524
O1,H20,0.2,0.016666666666666666,2022-08-01,Granite,2023-06-01,10,1659.3,18.5,1545.2129813101376,23157.93796947142,0.0,28586.440154237545,7140.364207253688
O1,H20,0.2,0.016666666666666666,2022-08-01,Granite,2023-07-01,11,1674.3,18.5,255.63281727509,29288.6600725089,0.0,4729.207119589165,9030.670189023578
O1,H20,0.2,0.016666666666666666,2022-08-01,Granite,2023-08-01,12,1755.2,18.5,117.45667996714336,36883.69515685653,0.0,2172.948579392152,11372.472673364096
O1,H20,0.2,0.016666666666666666,2022-08-01,Ready Mixed Concrete,2022-09-01,1,993.4,118.6,983.824951171875,0.0,993.4,116681.63920898437,0.0
O1,H20,0.2,0.016666666666666666,2022-08-01,Ready Mixed Concrete,2022-10-01,2,930.7,118.5,998.2011108398438,0.0,930.7,118286.83163452148,0.0
O1,H20,0.2,0.016666666666666666,2022-08-01,Ready Mixed Concrete,2022-11-01,3,959.9,118.2,28.752319335937383,23.924951171875023,0.0,3398.524145507799,47.13215380859379
O1,H20,0.2,0.016666666666666666,2022-08-01,Ready Mixed Concrete,2022-12-01,4,992.6,118.0,0.0,1013.3510131835936,0.0,0.0,1992.9236592610673
O1,H20,0.2,0.016666666666666666,2022-08-01,Ready Mixed Concrete,2023-01-01,5,808.1,117.6,927.8465372721356,2216.0293945312496,0.0,109114.75278320315,4343.417613281249
O1,H20,0.2,0.016666666666666666,2022-08-01,Ready Mixed Concrete,2023-02-01,6,897.3,118.1,972.8987426757812,3329.5077758789057,0.0,114899.34151000976,6553.581138854979
O1,H20,0.2,0.016666666666666666,2022-08-01,Ready Mixed Concrete,2023-03-01,7,1070.7,116.8,49.14275105794263,5197.432694498698,0.0,5739.873323567699,10117.668978624131
O1,H20,0.2,0.016666666666666666,2022-08-01,Ready Mixed Concrete,2023-04-01,8,918.4,117.2,8.18109130859375,8190.556355794271,0.0,958.8239013671875,15998.886748318144
O1,H20,0.2,0.016666666666666666,2022-08-01,Ready Mixed Concrete,2023-05-01,9,1041.6,117.6,881.528885904948,11109.622768147787,0.0,103667.79698242187,21774.86062556966
O1,H20,0.2,0.016666666666666666,2022-08-01,Ready Mixed Concrete,2023-06-01,10,1020.3,117.3,981.0798339843748,14058.170271809897,0.0,115080.66452636715,27483.722881388345
O1,H20,0.2,0.016666666666666666,2022-08-01,Ready Mixed Concrete,2023-07-01,11,1046.0,116.3,111.82258504231754,17862.546661376953,0.0,13004.96664042153,34623.56961196899
O1,H20,0.2,0.016666666666666666,2022-08-01,Ready Mixed Concrete,2023-08-01,12,1113.5,116.4,16.3621826171875,22580.502884928384,0.0,1904.5580566406252,43806.175596761066
O1,H20,0.2,0.016666666666666666,2022-08-01,Steel Reinforcement Bars,2022-09-01,1,174.43,1072.6,78.36917114257812,0.0,174.43,84058.7729675293,0.0
O1,H20,0.2,0.016666666666666666,2022-08-01,Steel Reinforcement Bars,2022-10-01,2,108.27,1040.5,77.11912536621094,0.0,108.27,80242.44994354248,0.0
O1,H20,0.2,0.016666666666666666,2022-08-01,Steel Reinforcement Bars,2022-11-01,3,51.21,1004.5,0.0,27.159171142578124,0.0,0.0,454.68979021199544
O1,H20,0.2,0.016666666666666666,2022-08-01,Steel Reinforcement Bars,2022-12-01,4,70.5,952.3,0.0,112.14746765136718,0.0,0.0,1779.9672240732828
O1,H20,0.2,0.016666666666666666,2022-08-01,Steel Reinforcement Bars,2023-01-01,5,79.16,922.6,36.27255594889324,188.47576416015622,0.0,33465.060118448906,2898.129000236002
O1,H20,0.2,0.016666666666666666,2022-08-01,Steel Reinforcement Bars,2023-02-01,6,100.49,942.1,67.14173889160156,243.4740606689453,0.0,63254.23220977783,3822.948542603556
O1,H20,0.2,0.016666666666666666,2022-08-01,Steel Reinforcement Bars,2023-03-01,7,57.1,946.6,32.32062438964843,378.13491312662757,0.0,30594.703047241204,5965.708479427761
O1,H20,0.2,0.016666666666666666,2022-08-01,Steel Reinforcement Bars,2023-04-01,8,67.2,940.1,2.902882893880204,569.8375044759114,0.0,2729.00020853678,8928.403965963404
O1,H20,0.2,0.016666666666666666,2022-08-01,Steel Reinforcement Bars,2023-05-01,9,152.2,922.8,39.175438842773445,708.8607202148437,0.0,36151.09496411133,10902.277876904296
O1,H20,0.2,0.016666666666666666,2022-08-01,Steel Reinforcement Bars,2023-06-01,10,135.08,885.5,70.04462178548178,867.9068188476562,0.0,62024.51259104411,12808.858134826658
O1,H20,0.2,0.016666666666666666,2022-08-01,Steel Reinforcement Bars,2023-07-01,11,141.5,859.2,35.22350728352863,1059.708356323242,0.0,30264.037458007802,15175.023662548825
O1,H20,0.2,0.016666666666666666,2022-08-01,Steel Reinforcement Bars,2023-08-01,12,173.95,832.6,5.805765787760407,1289.1045155843096,0.0,4833.880594889315,17888.47366125827
O1,H20,0.2,0.016666666666666666,2022-09-01,Cement,2022-10-01,1,368.78,118.6,360.6171875,0.0,368.78,42769.198437499996,0.0
O1,H20,0.2,0.016666666666666666,2022-09-01,Cement,2022-11-01,2,296.3,118.4,361.7671661376953,0.0,296.3,42833.23247070313,0.0
O1,H20,0.2,0.016666666666666666,2022-09-01,Cement,2022-12-01,3,375.31,118.3,2.299957275390625,0.0,14.692812500000002,272.08494567871094,0.0
O1,H20,0.2,0.016666666666666666,2022-09-01,Cement,2023-01-01,4,440.73,118.5,0.0,281.6543536376953,0.0,0.0,556.2673484344482
O1,H20,0.2,0.016666666666666666,2022-09-01,Cement,2023-02-01,5,282.49,118.4,333.77699788411456,723.8486645507812,0.0,39519.196549479166,1428.394698046875
O1,H20,0.2,0.016666666666666666,2022-09-01,Cement,2023-03-01,6,427.87,118.2,322.6568603515625,1020.6629754638672,0.0,38138.04089355469,2010.7060616638182
O1,H20,0.2,0.016666666666666666,2022-09-01,Cement,2023-04-01,7,315.7,118.0,2.486053466796875,1763.4242842610677,0.0,293.35430908203125,3468.0677590467662
O1,H20,0.2,0.016666666666666666,2022-09-01,Cement,2023-05-01,8,398.82,117.2,9.13538411458336,2745.7224534098305,0.0,1070.6670182291698,5363.311192327203
O1,H20,0.2,0.016666666666666666,2022-09-01,Cement,2023-06-01,9,335.0,116.7,360.9893798828125,3794.32667602539,0.0,42127.46063232422,7379.965384869384
O1,H20,0.2,0.016666666666666666,2022-09-01,Cement,2023-07-01,10,425.98,115.2,367.94624023437495,4761.086282755534,0.0,42387.40687499999,9141.285662890625
O1,H20,0.2,0.016666666666666666,2022-09-01,Cement,2023-08-01,11,378.3,114.4,29.69843546549481,6136.5152693684895,0.0,3397.5010172526063,11700.28911359592
O1,H20,0.2,0.016666666666666666,2022-09-01,Cement,2023-09-01,12,446.33,113.5,36.347766113281295,7811.860496215821,0.0,4125.471453857427,14777.436105341594
O1,H20,0.2,0.016666666666666666,2022-09-01,Granite,2022-10-01,1,1554.5,20.4,1622.3443702513398,0.0,1554.5,33095.82515312733,0.0
O1,H20,0.2,0.016666666666666666,2022-09-01,Granite,2022-11-01,2,1531.9,20.5,1651.2009137510045,0.0,1531.9,33849.61873189559,0.0
O1,H20,0.2,0.016666666666666666,2022-09-01,Granite,2022-12-01,3,1692.1,19.3,57.71308699932956,0.0,69.75562974866011,1113.8625790870606,0.0
O1,H20,0.2,0.016666666666666666,2022-09-01,Granite,2023-01-01,4,1309.6,19.0,11.47793459050058,1963.9452840023446,0.0,218.080757219511,621.9160066007424
O1,H20,0.2,0.016666666666666666,2022-09-01,Granite,2023-02-01,5,1455.1,18.5,1245.9862386820064,3840.1036550040194,0.0,23050.74541561712,1184.031960292906
O1,H20,0.2,0.016666666666666666,2022-09-01,Granite,2023-03-01,6,1561.4,18.3,1616.4436959326756,5621.4399605961935,0.0,29580.919635567963,1714.539187981839
O1,H20,0.2,0.016666666666666666,2022-09-01,Granite,2023-04-01,7,1395.2,18.6,379.2714133848449,8814.962504870375,0.0,7054.448288958116,2732.638376509816
O1,H20,0.2,0.016666666666666666,2022-09-01,Granite,2023-05-01,8,1844.9,18.3,6.149977677850757,13175.228745077233,0.0,112.54459150466886,4018.4447672485558
O1,H20,0.2,0.016666666666666666,2022-09-01,Granite,2023-06-01,9,1659.3,18.5,1240.6582817693566,18100.366398668935,0.0,22952.178212733095,5580.946306256255
O1,H20,0.2,0.016666666666666666,2022-09-01,Granite,2023-07-01,10,1674.3,18.5,1611.1157390200256,23016.65402993849,0.0,29805.641171870473,7096.801659231035
O1,H20,0.2,0.016666666666666666,2022-09-01,Granite,2023-08-01,11,1755.2,18.5,373.9434564721949,29092.699942977397,0.0,6917.953944735606,8970.249149084697
O1,H20,0.2,0.016666666666666666,2022-09-01,Granite,2023-09-01,12,1729.4,18.6,0.8220207652009321,36805.66159503633,0.0,15.289586232737339,11409.755094461261
O1,H20,0.2,0.016666666666666666,2022-09-01,Ready Mixed Concrete,2022-10-01,1,930.7,118.5,1029.2982177734375,0.0,930.7,121971.83880615234,0.0
O1,H20,0.2,0.016666666666666666,2022-09-01,Ready Mixed Concrete,2022-11-01,2,959.9,118.2,1025.5994873046875,0.0,959.9,121225.85939941407,0.0
O1,H20,0.2,0.016666666666666666,2022-09-01,Ready Mixed Concrete,2022-12-01,3,992.6,118.0,0.0,36.69821777343748,0.0,0.0,72.1731616210937
O1,H20,0.2,0.016666666666666666,2022-09-01,Ready Mixed Concrete,2023-01-01,4,808.1,117.6,0.0,1283.4959228515627,0.0,0.0,2515.6520087890626
O1,H20,0.2,0.016666666666666666,2022-09-01,Ready Mixed Concrete,2023-02-01,5,897.3,118.1,758.4921142578125,2441.0936279296875,0.0,89577.91869384766,4804.885957641602
O1,H20,0.2,0.016666666666666666,2022-09-01,Ready Mixed Concrete,2023-03-01,6,1070.7,116.8,1008.0843505859376,3425.2913330078127,0.0,117744.25214843752,6667.9004615885415
O1,H20,0.2,0.016666666666666666,2022-09-01,Ready Mixed Concrete,2023-04-01,7,918.4,117.2,251.03813883463545,5320.28115234375,0.0,29421.669871419275,10392.282517578125
O1,H20,0.2,0.016666666666666666,2022-09-01,Ready Mixed Concrete,2023-05-01,8,1041.6,117.6,2.891805013020757,8100.155322265624,0.0,340.076269531241,15876.304431640623
O1,H20,0.2,0.016666666666666666,2022-09-01,Ready Mixed Concrete,2023-06-01,9,1020.3,117.3,761.3839192708333,11152.367631022134,0.0,89310.33373046874,21802.87871864827
O1,H20,0.2,0.016666666666666666,2022-09-01,Ready Mixed Concrete,2023-07-01,10,1046.0,116.3,1010.9761555989584,14181.771744791666,0.0,117576.52689615886,27489.00089865451
O1,H20,0.2,0.016666666666666666,2022-09-01,Ready Mixed Concrete,2023-08-01,11,1113.5,116.4,253.92994384765632,17905.05977783203,0.0,29557.445463867196,34735.81596899414
O1,H20,0.2,0.016666666666666666,2022-09-01,Ready Mixed Concrete,2023-09-01,12,1081.8,116.6,5.783610026041515,22671.02396647135,0.0,674.3689290364406,44057.356574842655
O1,H20,0.2,0.016666666666666666,2022-09-01,Steel Reinforcement Bars,2022-10-01,1,108.27,1040.5,95.82665252685548,0.0,108.27,99707.63195419313,0.0
O1,H20,0.2,0.016666666666666666,2022-09-01,Steel Reinforcement Bars,2022-11-01,2,51.21,1004.5,85.01240921020508,0.0,51.21,85394.965051651,0.0
O1,H20,0.2,0.016666666666666666,2022-09-01,Steel Reinforcement Bars,2022-12-01,3,70.5,952.3,0.0,25.326652526855483,0.0,0.0,401.9761866887413
O1,H20,0.2,0.016666666666666666,2022-09-01,Steel Reinforcement Bars,2023-01-01,4,79.16,922.6,0.0,127.00571426391602,0.0,0.0,1952.9245329981486
O1,H20,0.2,0.016666666666666666,2022-09-01,Steel Reinforcement Bars,2023-02-01,5,100.49,942.1,46.07542434692381,207.35477600097659,0.0,43407.657277236925,3255.8155745086674
O1,H20,0.2,0.016666666666666666,2022-09-01,Steel Reinforcement Bars,2023-03-01,6,57.1,946.6,78.78264617919922,331.0938377380371,0.0,74575.65287322998,5223.557113380432
O1,H20,0.2,0.016666666666666666,2022-09-01,Steel Reinforcement Bars,2023-04-01,7,67.2,940.1,33.95130269368491,490.80832382202146,0.0,31917.619662333185,7690.14842041804
O1,H20,0.2,0.016666666666666666,2022-09-01,Steel Reinforcement Bars,2023-05-01,8,152.2,922.8,2.488161722819015,644.3054560852049,0.0,2296.075637817387,9909.41791459045
O1,H20,0.2,0.016666666666666666,2022-09-01,Steel Reinforcement Bars,2023-06-01,9,135.08,885.5,48.563586069742826,848.8738910420733,0.0,43003.05546475727,12527.963841962597
O1,H20,0.2,0.016666666666666666,2022-09-01,Steel Reinforcement Bars,2023-07-01,10,141.5,859.2,81.27080790201822,1049.510487721761,0.0,69827.87814941406,15028.990184175616
O1,H20,0.2,0.016666666666666666,2022-09-01,Steel Reinforcement Bars,2023-08-01,11,173.95,832.6,36.43946441650392,1266.2606704711911,0.0,30339.498073181163,17571.477237238563
O1,H20,0.2,0.016666666666666666,2022-09-01,Steel Reinforcement Bars,2023-09-01,12,140.71,830.1,4.97632344563803,1597.5216611226397,0.0,4130.846092224129,22101.71218163172
O1,H20,0.2,0.016666666666666666,2022-10-01,Cement,2022-11-01,1,296.3,118.4,367.7618408203125,0.0,296.3,43543.001953125,0.0
O1,H20,0.2,0.016666666666666666,2022-10-01,Cement,2022-12-01,2,375.31,118.3,364.2867126464844,0.0,375.31,43095.1181060791,0.0
O1,H20,0.2,0.016666666666666666,2022-10-01,Cement,2023-01-01,3,440.73,118.5,0.0,0.0,72.96815917968752,0.0,0.0
O1,H20,0.2,0.016666666666666666,2022-10-01,Cement,2023-02-01,4,282.49,118.4,0.0,449.55855346679687,0.0,0.0,887.1288788411458
O1,H20,0.2,0.016666666666666666,2022-10-01,Cement,2023-03-01,5,427.87,118.2,260.9990026855469,753.7371069335937,0.0,30850.08211743164,1484.8621006591795
O1,H20,0.2,0.016666666666666666,2022-10-01,Cement,2023-04-01,6,315.7,118.0,333.78778076171875,1170.0856604003905,0.0,39386.95812988281,2301.168465454101
O1,H20,0.2,0.016666666666666666,2022-10-01,Cement,2023-05-01,7,398.82,117.2,80.27908365885418,1764.3132165527343,0.0,9408.70860481771,3446.291816333008
O1,H20,0.2,0.016666666666666666,2022-10-01,Cement,2023-06-01,8,335.0,116.7,14.980611165364564,2756.148553466797,0.0,1748.2373229980446,5360.70893649292
O1,H20,0.2,0.016666666666666666,2022-10-01,Cement,2023-07-01,9,425.98,115.2,275.97961385091145,3737.2829740397133,0.0,31792.851515625,7175.583310156249
O1,H20,0.2,0.016666666666666666,2022-10-01,Cement,2023-08-01,10,378.3,114.4,348.76839192708337,4781.078005777995,0.0,39899.10403645834,9115.922064350043
O1,H20,0.2,0.016666666666666666,2022-10-01,Cement,2023-09-01,11,446.33,113.5,95.25969482421874,6032.822651367187,0.0,10811.975362548827,11412.089515502928
O1,H20,0.2,0.016666666666666666,2022-10-01,Cement,2023-10-01,12,335.47,113.2,29.96122233072913,7744.195688883463,0.0,3391.6103678385375,14610.715866360133
O1,H20,0.2,0.016666666666666666,2022-10-01,Granite,2022-11-01,1,1531.9,20.5,1529.9490702208238,0.0,1531.9,31363.955939526888,0.0
O1,H20,0.2,0.016666666666666666,2022-10-01,Granite,2022-12-01,2,1692.1,19.3,1498.675698173989,0.0,1692.1,28924.44097475799,0.0
O1,H20,0.2,0.016666666666666666,2022-10-01,Granite,2023-01-01,3,1309.6,19.0,0.0,220.34907022082393,0.0,0.0,69.77720556992757
O1,H20,0.2,0.016666666666666666,2022-10-01,Granite,2023-02-01,4,1455.1,18.5,0.0,1793.873838615637,0.0,0.0,553.1111002398214
O1,H20,0.2,0.016666666666666666,2022-10-01,Granite,2023-03-01,5,1561.4,18.3,1321.95298456395,3261.0986070104495,0.0,24191.739617520285,994.6350751381871
O1,H20,0.2,0.016666666666666666,2022-10-01,Granite,2023-04-01,6,1395.2,18.6,1645.1154663745674,4894.523375405263,0.0,30599.147674566957,1517.3022463756315
O1,H20,0.2,0.016666666666666666,2022-10-01,Granite,2023-05-01,7,1844.9,18.3,323.8011098394843,7400.201128364026,0.0,5925.560310062563,2257.0613441510277
O1,H20,0.2,0.016666666666666666,2022-10-01,Granite,2023-06-01,8,1659.3,18.5,1.2772560577338936,11736.594347697357,0.0,23.629237068077032,3618.7832572066854
O1,H20,0.2,0.016666666666666666,2022-10-01,Granite,2023-07-01,9,1674.3,18.5,1323.2302406216838,16381.788676870172,0.0,24479.75945150115,5051.0515087016365
O1,H20,0.2,0.016666666666666666,2022-10-01,Granite,2023-08-01,10,1755.2,18.5,1646.392722432301,20947.36026210072,0.0,30458.26536499757,6458.769414147722
O1,H20,0.2,0.016666666666666666,2022-10-01,Granite,2023-09-01,11,1729.4,18.6,325.0783658972182,26861.96208795295,0.0,6046.457605688259,8327.208247265415
O1,H20,0.2,0.016666666666666666,2022-10-01,Granite,2023-10-01,12,1742.2,19.5,2.5545121154677872,34410.15663623749,0.0,49.81298625162185,11183.300906777184
O1,H20,0.2,0.016666666666666666,2022-10-01,Ready Mixed Concrete,2022-11-01,1,959.9,118.2,1007.7864990234376,0.0,959.9,119120.36418457032,0.0
O1,H20,0.2,0.016666666666666666,2022-10-01,Ready Mixed Concrete,2022-12-01,2,992.6,118.0,1001.8561401367188,0.0,992.6,118219.02453613281,0.0
O1,H20,0.2,0.016666666666666666,2022-10-01,Ready Mixed Concrete,2023-01-01,3,808.1,117.6,0.0,199.6864990234376,0.0,0.0,391.3855380859377
O1,H20,0.2,0.016666666666666666,2022-10-01,Ready Mixed Concrete,2023-02-01,4,897.3,118.1,0.0,1312.029138183594,0.0,0.0,2582.510686991374
O1,H20,0.2,0.016666666666666666,2022-10-01,Ready Mixed Concrete,2023-03-01,5,1070.7,116.8,695.8506632486977,2250.9717773437505,0.0,81275.35746744789,4381.8917265625005
O1,H20,0.2,0.016666666666666666,2022-10-01,Ready Mixed Concrete,2023-04-01,6,918.4,117.2,1002.1770629882812,3342.2144165039067,0.0,117455.15178222656,6528.458826904298
O1,H20,0.2,0.016666666666666666,2022-10-01,Ready Mixed Concrete,2023-05-01,7,1041.6,117.6,308.8036946614585,5006.107718912761,0.0,36315.31449218752,9811.971129069012
O1,H20,0.2,0.016666666666666666,2022-10-01,Ready Mixed Concrete,2023-06-01,8,1020.3,117.3,4.95458984375,7693.478084309895,0.0,581.1733886718749,15040.749654825844
O1,H20,0.2,0.016666666666666666,2022-10-01,Ready Mixed Concrete,2023-07-01,9,1046.0,116.3,700.8052530924477,10663.95214436849,0.0,81503.65093465167,20670.293906500923
O1,H20,0.2,0.016666666666666666,2022-10-01,Ready Mixed Concrete,2023-08-01,10,1113.5,116.4,1007.1316528320312,13571.880794270834,0.0,117230.12438964844,26329.44874088542
O1,H20,0.2,0.016666666666666666,2022-10-01,Ready Mixed Concrete,2023-09-01,11,1081.8,116.6,313.7582845052085,17212.314697265625,0.0,36584.21597330731,33449.26489501953
O1,H20,0.2,0.016666666666666666,2022-10-01,Ready Mixed Concrete,2023-10-01,12,1101.2,116.4,9.9091796875,21840.480253092446,0.0,1153.428515625,42370.53169099935
O1,H20,0.2,0.016666666666666666,2022-10-01,Steel Reinforcement Bars,2022-11-01,1,51.21,1004.5,102.97801971435548,0.0,51.21,103441.42080307008,0.0
O1,H20,0.2,0.016666666666666666,2022-10-01,Steel Reinforcement Bars,2022-12-01,2,70.5,952.3,96.21478271484376,0.0,70.5,91625.33757934571,0.0
O1,H20,0.2,0.016666666666666666,2022-10-01,Steel Reinforcement Bars,2023-01-01,3,79.16,922.6,0.0,23.818019714355486,0.0,0.0,366.24174980773955
O1,H20,0.2,0.016666666666666666,2022-10-01,Steel Reinforcement Bars,2023-02-01,4,100.49,942.1,0.0,122.52082214355472,0.0,0.0,1923.7811090240484
O1,H20,0.2,0.016666666666666666,2022-10-01,Steel Reinforcement Bars,2023-03-01,5,57.1,946.6,81.80055338541663,264.61362457275396,0.0,77432.40383463539,4174.720950342815
O1,H20,0.2,0.016666666666666666,2022-10-01,Steel Reinforcement Bars,2023-04-01,6,67.2,940.1,107.2892608642578,396.60642700195325,0.0,100862.63413848876,6214.161700408938
O1,H20,0.2,0.016666666666666666,2022-10-01,Steel Reinforcement Bars,2023-05-01,7,152.2,922.8,22.34987665812176,525.3997828165691,0.0,20624.46618011476,8080.648659718832
O1,H20,0.2,0.016666666666666666,2022-10-01,Steel Reinforcement Bars,2023-06-01,8,135.08,885.5,0.0,778.6023994954427,0.0,0.0,11490.873745886907
O1,H20,0.2,0.016666666666666666,2022-10-01,Steel Reinforcement Bars,2023-07-01,9,141.5,859.2,75.52289174397785,1047.7348928324382,0.0,64889.26858642577,15003.563665360514
O1,H20,0.2,0.016666666666666666,2022-10-01,Steel Reinforcement Bars,2023-08-01,10,173.95,832.6,94.7339375813802,1284.4173861694337,0.0,78875.47643025716,17823.43192874451
O1,H20,0.2,0.016666666666666666,2022-10-01,Steel Reinforcement Bars,2023-09-01,11,140.71,830.1,16.072215016682946,1629.8627712504071,0.0,13341.545685348514,22549.151440249385
O1,H20,0.2,0.016666666666666666,2022-10-01,Steel Reinforcement Bars,2023-10-01,12,162.59,827.4,0.0,2048.1620939127606,0.0,0.0,28244.155275056968
O1,H20,0.2,0.016666666666666666,2022-11-01,Cement,2022-12-01,1,375.31,118.3,335.1029968261719,0.0,375.31,39642.68452453613,0.0
O1,H20,0.2,0.016666666666666666,2022-11-01,Cement,2023-01-01,2,440.73,118.5,334.489501953125,0.0,440.73,39637.00598144531,0.0
O1,H20,0.2,0.016666666666666666,2022-11-01,Cement,2023-02-01,3,282.49,118.4,0.0,52.612996826171866,0.0,0.0,103.82298040364581
O1,H20,0.2,0.016666666666666666,2022-11-01,Cement,2023-03-01,4,427.87,118.2,0.0,294.33549560546874,0.0,0.0,579.8409263427734
O1,H20,0.2,0.016666666666666666,2022-11-01,Cement,2023-04-01,5,315.7,118.0,343.0290222167969,648.2279943847657,0.0,40477.42462158203,1274.8483889567058
O1,H20,0.2,0.016666666666666666,2022-11-01,Cement,2023-05-01,6,398.82,117.2,347.60552978515625,919.0004931640626,0.0,40739.36809082032,1795.1142966471357
O1,H20,0.2,0.016666666666666666,2022-11-01,Cement,2023-06-01,7,335.0,116.7,6.576944986979186,1596.6220141601564,0.0,767.529479980471,3105.4298175415042
O1,H20,0.2,0.016666666666666666,2022-11-01,Cement,2023-07-01,8,425.98,115.2,0.0,2530.869064941406,0.0,0.0,4859.2686046875
O1,H20,0.2,0.016666666666666666,2022-11-01,Cement,2023-08-01,9,378.3,114.4,347.02989705403644,3519.373060709635,0.0,39700.22022298177,6710.271302419705
O1,H20,0.2,0.016666666666666666,2022-11-01,Cement,2023-09-01,10,446.33,113.5,355.60727945963544,4439.8470564778645,0.0,40361.426218668625,8398.710681837294
O1,H20,0.2,0.016666666666666666,2022-11-01,Cement,2023-10-01,11,335.47,113.2,10.57781982421875,5818.21094930013,0.0,1197.4092041015626,10977.024657679578
O1,H20,0.2,0.016666666666666666,2022-11-01,Cement,2023-11-01,12,381.97,112.0,0.0,7505.68212158203,0.0,0.0,14010.606626953124
O1,H20,0.2,0.016666666666666666,2022-11-01,Granite,2022-12-01,1,1692.1,19.3,1529.7068308262917,0.0,1692.1,29523.34183494743,0.0
O1,H20,0.2,0.016666666666666666,2022-11-01,Granite,2023-01-01,2,1309.6,19.0,1477.661667456743,0.0,1309.6,28075.57168167812,0.0
O1,H20,0.2,0.016666666666666666,2022-11-01,Granite,2023-02-01,3,1455.1,18.5,0.0,74.6068308262918,0.0,0.0,23.003772838106638
O1,H20,0.2,0.016666666666666666,2022-11-01,Granite,2023-03-01,4,1561.4,18.3,0.0,1520.5753291093265,0.0,0.0,463.7754753783446
O1,H20,0.2,0.016666666666666666,2022-11-01,Granite,2023-04-01,5,1395.2,18.6,1510.877510520074,3132.743827392361,0.0,28102.32169567338,971.1505864916319
O1,H20,0.2,0.016666666666666666,2022-11-01,Granite,2023-05-01,6,1844.9,18.3,1553.508013736514,4295.212325675395,0.0,28429.196651378206,1310.0397593309954
O1,H20,0.2,0.016666666666666666,2022-11-01,Granite,2023-06-01,7,1659.3,18.5,45.80994737415972,7154.158334478502,0.0,847.4840264219548,2205.865486464205
O1,H20,0.2,0.016666666666666666,2022-11-01,Granite,2023-07-01,8,1674.3,18.5,6.358888315439799,11551.612357018126,0.0,117.63943383563628,3561.7471434139225
O1,H20,0.2,0.016666666666666666,2022-11-01,Granite,2023-08-01,9,1755.2,18.5,1517.236398835514,15913.976326931908,0.0,28068.873378457007,4906.8093674706715
O1,H20,0.2,0.016666666666666666,2022-11-01,Granite,2023-09-01,10,1729.4,18.6,1559.8669020519535,20308.499185161127,0.0,29013.524378166338,6295.634747399949
O1,H20,0.2,0.016666666666666666,2022-11-01,Granite,2023-10-01,11,1742.2,19.5,52.16883568959929,26207.45844222586,0.0,1017.2922959471862,8517.423993723405
O1,H20,0.2,0.016666666666666666,2022-11-01,Granite,2023-11-01,12,1621.1,20.3,12.717776630879598,33787.38460134255,0.0,258.17086560685584,11431.398456787561
O1,H20,0.2,0.016666666666666666,2022-11-01,Ready Mixed Concrete,2022-12-01,1,992.6,118.0,983.8172607421876,0.0,992.6,116090.43676757814,0.0
O1,H20,0.2,0.016666666666666666,2022-11-01,Ready Mixed Concrete,2023-01-01,2,808.1,117.6,966.996063232422,0.0,808.1,113718.73703613282,0.0
O1,H20,0.2,0.016666666666666666,2022-11-01,Ready Mixed Concrete,2023-02-01,3,897.3,118.1,0.0,86.51726074218766,0.0,0.0,170.29480822753936
O1,H20,0.2,0.016666666666666666,2022-11-01,Ready Mixed Concrete,2023-03-01,4,1070.7,116.8,0.0,966.6305847167971,0.0,0.0,1881.7075382486983
O1,H20,0.2,0.016666666666666666,2022-11-01,Ready Mixed Concrete,2023-04-01,5,918.4,117.2,968.1434529622396,1999.0439086914066,0.0,113466.41268717448,3904.799101643881
O1,H20,0.2,0.016666666666666666,2022-11-01,Ready Mixed Concrete,2023-05-01,6,1041.6,117.6,977.1277465820312,2908.257232666016,0.0,114910.22299804687,5700.184176025391
O1,H20,0.2,0.016666666666666666,2022-11-01,Ready Mixed Concrete,2023-06-01,7,1020.3,117.3,17.112518310546875,4806.914009602865,0.0,2007.2983978271484,9397.5168887736
O1,H20,0.2,0.016666666666666666,2022-11-01,Ready Mixed Concrete,2023-07-01,8,1046.0,116.3,16.25644938151038,7656.998533121745,0.0,1890.625063069657,14841.815490034314
O1,H20,0.2,0.016666666666666666,2022-11-01,Ready Mixed Concrete,2023-08-01,9,1113.5,116.4,984.39990234375,10456.695574951173,0.0,114584.1486328125,20285.989415405278
O1,H20,0.2,0.016666666666666666,2022-11-01,Ready Mixed Concrete,2023-09-01,10,1081.8,116.6,993.3841959635416,13304.34906616211,0.0,115828.59724934895,25854.785018575032
O1,H20,0.2,0.016666666666666666,2022-11-01,Ready Mixed Concrete,2023-10-01,11,1101.2,116.4,33.368967692057254,17117.002459716798,0.0,3884.1478393554644,33206.98477185059
O1,H20,0.2,0.016666666666666666,2022-11-01,Ready Mixed Concrete,2023-11-01,12,1070.0,115.4,32.51289876302076,21954.240049235028,0.0,3751.9885172525956,42225.32169469537
O1,H20,0.2,0.016666666666666666,2022-11-01,Steel Reinforcement Bars,2022-12-01,1,70.5,952.3,92.50870513916016,0.0,70.5,88096.03990402221,0.0
O1,H20,0.2,0.016666666666666666,2022-11-01,Steel Reinforcement Bars,2023-01-01,2,79.16,922.6,85.3186264038086,0.0,79.16,78714.96472015382,0.0
O1,H20,0.2,0.016666666666666666,2022-11-01,Steel Reinforcement Bars,2023-02-01,3,100.49,942.1,0.0,0.0,7.981294860839839,0.0,0.0
O1,H20,0.2,0.016666666666666666,2022-11-01,Steel Reinforcement Bars,2023-03-01,4,57.1,946.6,0.0,120.72733154296876,0.0,0.0,1904.6748673095706
O1,H20,0.2,0.016666666666666666,2022-11-01,Steel Reinforcement Bars,2023-04-01,5,67.2,940.1,59.04234212239583,231.3546630859375,0.0,55505.70582926432,3624.941979451497
O1,H20,0.2,0.016666666666666666,2022-11-01,Steel Reinforcement Bars,2023-05-01,6,152.2,922.8,91.82717895507812,256.98199462890625,0.0,84738.1207397461,3952.383077392578
O1,H20,0.2,0.016666666666666666,2022-11-01,Steel Reinforcement Bars,2023-06-01,7,135.08,885.5,32.54916229248048,358.77166829427085,0.0,28822.283209991467,5294.871871242947
O1,H20,0.2,0.016666666666666666,2022-11-01,Steel Reinforcement Bars,2023-07-01,8,141.5,859.2,0.0,545.9685209147135,0.0,0.0,7818.269219498698
O1,H20,0.2,0.016666666666666666,2022-11-01,Steel Reinforcement Bars,2023-08-01,9,173.95,832.6,58.570993041992175,733.2645358276368,0.0,48766.20880676268,10175.267542168174
O1,H20,0.2,0.016666666666666666,2022-11-01,Steel Reinforcement Bars,2023-09-01,10,140.71,830.1,90.88448079427084,953.8005507405601,0.0,75443.20750732423,13195.83061949565
O1,H20,0.2,0.016666666666666666,2022-11-01,Steel Reinforcement Bars,2023-10-01,11,162.59,827.4,32.077813212076855,1211.0275586954756,0.0,26541.18265167239,16700.070034410608
O1,H20,0.2,0.016666666666666666,2022-11-01,Steel Reinforcement Bars,2023-11-01,12,187.13,826.7,0.0,1534.5990474446617,0.0,0.0,21144.217208708364
O1,H20,0.2,0.016666666666666666,2022-12-01,Cement,2023-01-01,1,440.73,118.5,333.2225952148437,0.0,440.73,39486.87753295898,0.0
O1,H20,0.2,0.016666666666666666,2022-12-01,Cement,2023-02-01,2,282.49,118.4,333.2070770263672,0.0,282.49,39451.71791992187,0.0
O1,H20,0.2,0.016666666666666666,2022-12-01,Cement,2023-03-01,3,427.87,118.2,0.0,0.0,94.64740478515631,0.0,0.0
O1,H20,0.2,0.016666666666666666,2022-12-01,Cement,2023-04-01,4,315.7,118.0,0.0,350.72967224121095,0.0,0.0,689.7683554077148
O1,H20,0.2,0.016666666666666666,2022-12-01,Cement,2023-05-01,5,398.82,117.2,304.8344451904297,618.3393444824219,0.0,35726.59697631836,1207.8228528889974
O1,H20,0.2,0.016666666666666666,2022-12-01,Cement,2023-06-01,6,335.0,116.7,316.91650390625,949.7690167236328,0.0,36984.156005859375,1847.300737527466
O1,H20,0.2,0.016666666666666666,2022-12-01,Cement,2023-07-01,7,425.98,115.2,13.773719278971384,1495.0531341552735,0.0,1586.7324609375034,2870.502017578125
O1,H20,0.2,0.016666666666666666,2022-12-01,Cement,2023-08-01,8,378.3,114.4,3.3833211263020644,2404.933755493164,0.0,387.0519368489562,4585.4070271403
O1,H20,0.2,0.016666666666666666,2022-12-01,Cement,2023-09-01,9,446.33,113.5,308.21776631673174,3260.558096110026,0.0,34982.716476949056,6167.889065141466
O1,H20,0.2,0.016666666666666666,2022-12-01,Cement,2023-10-01,10,335.47,113.2,320.2998250325521,4230.42575785319,0.0,36257.9401936849,7981.403263149685
O1,H20,0.2,0.016666666666666666,2022-12-01,Cement,2023-11-01,11,381.97,112.0,17.15704040527345,5462.011185913086,0.0,1921.5885253906263,10195.754213704427
O1,H20,0.2,0.016666666666666666,2022-12-01,Cement,2023-12-01,12,467.38,111.7,6.766642252604129,6928.486439005534,0.0,755.8339396158811,12898.532253948635
O1,H20,0.2,0.016666666666666666,2022-12-01,Granite,2023-01-01,1,1309.6,19.0,1490.2450305894806,0.0,1309.6,28314.65558120013,0.0
O1,H20,0.2,0.016666666666666666,2022-12-01,Granite,2023-02-01,2,1455.1,18.5,1517.59865656118,0.0,1455.1,28075.57514638183,0.0
O1,H20,0.2,0.016666666666666666,2022-12-01,Granite,2023-03-01,3,1561.4,18.3,54.70725194339866,0.0,71.15496941051947,1001.1427105641956,0.0
O1,H20,0.2,0.016666666666666666,2022-12-01,Granite,2023-04-01,4,1395.2,18.6,13.238207444396268,1612.6436871506605,0.0,246.2306584657706,499.9195430167048
O1,H20,0.2,0.016666666666666666,2022-12-01,Granite,2023-05-01,5,1844.9,18.3,1339.6155369736946,2830.29462624472,0.0,24514.96432661861,863.2398610046396
O1,H20,0.2,0.016666666666666666,2022-12-01,Granite,2023-06-01,6,1659.3,18.5,1489.3678195065738,4246.783772783175,0.0,27553.304660871614,1309.4249966081456
O1,H20,0.2,0.016666666666666666,2022-12-01,Granite,2023-07-01,7,1674.3,18.5,171.06308400564467,6987.8884562953235,0.0,3164.6670541044264,2154.598940691058
O1,H20,0.2,0.016666666666666666,2022-12-01,Granite,2023-08-01,8,1755.2,18.5,29.383395501134828,11137.460959314047,0.0,543.5928167709943,3434.0504624551645
O1,H20,0.2,0.016666666666666666,2022-12-01,Granite,2023-09-01,9,1729.4,18.6,1355.7607250304332,15483.896546338417,0.0,25217.14948556606,4800.00792936491
O1,H20,0.2,0.016666666666666666,2022-12-01,Granite,2023-10-01,10,1742.2,19.5,1505.5130075633122,19846.91552886392,0.0,29357.503647484587,6450.247546880774
O1,H20,0.2,0.016666666666666666,2022-12-01,Granite,2023-11-01,11,1621.1,20.3,187.20827206238323,25686.795236419857,0.0,3800.3279228663796,8690.699054988718
O1,H20,0.2,0.016666666666666666,2022-12-01,Granite,2023-12-01,12,1531.7,21.2,45.52858355787339,33121.587951539106,0.0,965.2059714269159,11702.961076210484
O1,H20,0.2,0.016666666666666666,2022-12-01,Ready Mixed Concrete,2023-01-01,1,808.1,117.6,960.5742797851562,0.0,808.1,112963.53530273437,0.0
O1,H20,0.2,0.016666666666666666,2022-12-01,Ready Mixed Concrete,2023-02-01,2,897.3,118.1,977.5479736328124,0.0,897.3,115448.41568603514,0.0
O1,H20,0.2,0.016666666666666666,2022-12-01,Ready Mixed Concrete,2023-03-01,3,1070.7,116.8,33.9473876953125,0.0,110.1257202148438,3965.0548828124997,0.0
O1,H20,0.2,0.016666666666666666,2022-12-01,Ready Mixed Concrete,2023-04-01,4,918.4,117.2,19.27433268229163,1019.7222534179688,0.0,2258.9517903645788,1991.857468343099
O1,H20,0.2,0.016666666666666666,2022-12-01,Ready Mixed Concrete,2023-05-01,5,1041.6,117.6,906.0275838216146,1950.19189453125,0.0,106548.84385742187,3822.37611328125
O1,H20,0.2,0.016666666666666666,2022-12-01,Ready Mixed Concrete,2023-06-01,6,1020.3,117.3,982.1492513020834,2921.235868326823,0.0,115206.10717773438,5711.016122578939
O1,H20,0.2,0.016666666666666666,2022-12-01,Ready Mixed Concrete,2023-07-01,7,1046.0,116.3,102.0615275065104,4772.60742594401,0.0,11869.75564900716,9250.904060621473
O1,H20,0.2,0.016666666666666666,2022-12-01,Ready Mixed Concrete,2023-08-01,8,1113.5,116.4,32.60538736979163,7538.628234863281,0.0,3795.267089843746,14624.938775634766
O1,H20,0.2,0.016666666666666666,2022-12-01,Ready Mixed Concrete,2023-09-01,9,1081.8,116.6,919.3586385091146,10438.410571289063,0.0,107197.21725016275,20285.311210205076
O1,H20,0.2,0.016666666666666666,2022-12-01,Ready Mixed Concrete,2023-10-01,10,1101.2,116.4,995.4803059895834,13351.398295084635,0.0,115873.9076171875,25901.712692464193
O1,H20,0.2,0.016666666666666666,2022-12-01,Ready Mixed Concrete,2023-11-01,11,1070.0,115.4,115.3925821940104,17214.944657389322,0.0,13316.3039851888,33110.076891045464
O1,H20,0.2,0.016666666666666666,2022-12-01,Ready Mixed Concrete,2023-12-01,12,1101.6,115.4,45.93644205729163,22042.371325683594,0.0,5301.065413411454,42394.827516398116
O1,H20,0.2,0.016666666666666666,2022-12-01,Steel Reinforcement Bars,2023-01-01,1,79.16,922.6,75.59017181396484,0.0,79.16,69739.49251556396,0.0
O1,H20,0.2,0.016666666666666666,2022-12-01,Steel Reinforcement Bars,2023-02-01,2,100.49,942.1,80.58320236206055,0.0,100.49,75917.43494529724,0.0
O1,H20,0.2,0.016666666666666666,2022-12-01,Steel Reinforcement Bars,2023-03-01,3,57.1,946.6,9.986061096191406,18.490171813964842,0.0,9452.805433654785,291.71327731831866
O1,H20,0.2,0.016666666666666666,2022-12-01,Steel Reinforcement Bars,2023-04-01,4,67.2,940.1,0.0,107.46354598999024,0.0,0.0,1683.7746597531636
O1,H20,0.2,0.016666666666666666,2022-12-01,Steel Reinforcement Bars,2023-05-01,5,152.2,922.8,53.06657485961914,121.42298126220703,0.0,48969.83528045654,1867.485451812744
O1,H20,0.2,0.016666666666666666,2022-12-01,Steel Reinforcement Bars,2023-06-01,6,135.08,885.5,99.60089874267578,152.50241653442382,0.0,88196.5958366394,2250.6814973538712
O1,H20,0.2,0.016666666666666666,2022-12-01,Steel Reinforcement Bars,2023-07-01,7,141.5,859.2,46.64573084513347,230.2284266662598,0.0,40078.01194213868,3296.87106986084
O1,H20,0.2,0.016666666666666666,2022-12-01,Steel Reinforcement Bars,2023-08-01,8,173.95,832.6,0.2228139241536411,375.1053355407715,0.0,185.51487325032159,5205.211706187439
O1,H20,0.2,0.016666666666666666,2022-12-01,Steel Reinforcement Bars,2023-09-01,9,140.71,830.1,53.28938878377278,599.8679752604166,0.0,44235.521629409785,8299.173437727864
O1,H20,0.2,0.016666666666666666,2022-12-01,Steel Reinforcement Bars,2023-10-01,10,162.59,827.4,99.82371266682944,802.9734289042154,0.0,82594.13986053468,11073.00358458913
O1,H20,0.2,0.016666666666666666,2022-12-01,Steel Reinforcement Bars,2023-11-01,11,187.13,826.7,46.86854476928711,1034.8282713317872,0.0,38746.225960769654,14258.208865166474
O1,H20,0.2,0.016666666666666666,2022-12-01,Steel Reinforcement Bars,2023-12-01,12,122.5,819.7,0.4456278483072822,1431.1368264261882,0.0,365.28114725747923,19551.714277025774
O1,H20,0.2,0.016666666666666666,2023-01-01,Cement,2023-02-01,1,282.49,118.4,327.59600830078125,0.0,282.49,38787.3673828125,0.0
O1,H20,0.2,0.016666666666666666,2023-01-01,Cement,2023-03-01,2,427.87,118.2,332.3861389160156,0.0,427.87,39288.041619873045,0.0
O1,H20,0.2,0.016666666666666666,2023-01-01,Cement,2023-04-01,3,315.7,118.0,9.58026123046875,11.896008300781261,0.0,1130.4708251953125,23.39548299153648
O1,H20,0.2,0.016666666666666666,2023-01-01,Cement,2023-05-01,4,398.82,117.2,0.0,273.0581555175781,0.0,0.0,533.3735971110025
O1,H20,0.2,0.016666666666666666,2023-01-01,Cement,2023-06-01,5,335.0,116.7,324.65679931640625,607.6205639648438,0.0,37887.44848022461,1181.8219969116212
O1,H20,0.2,0.016666666666666666,2023-01-01,Cement,2023-07-01,6,425.98,115.2,332.7674560546875,851.2029724121094,0.0,38334.8109375,1634.30970703125
O1,H20,0.2,0.016666666666666666,2023-01-01,Cement,2023-08-01,7,378.3,114.4,4.064692179361998,1467.1221801757813,0.0,465.0007853190126,2797.31295686849
O1,H20,0.2,0.016666666666666666,2023-01-01,Cement,2023-09-01,8,446.33,113.5,0.0,2347.7788439941405,0.0,0.0,4441.214979888916
O1,H20,0.2,0.016666666666666666,2023-01-01,Cement,2023-10-01,9,335.47,113.2,316.5648701985677,3343.360199991862,0.0,35835.14330647786,6307.806243984646
O1,H20,0.2,0.016666666666666666,2023-01-01,Cement,2023-11-01,10,381.97,112.0,316.58359781901044,4292.441555989583,0.0,35457.36295572917,8012.557571180556
O1,H20,0.2,0.016666666666666666,2023-01-01,Cement,2023-12-01,11,467.38,111.7,0.0,5472.677782185872,0.0,0.0,10188.301804502698
O1,H20,0.2,0.016666666666666666,2023-01-01,Cement,2024-01-01,12,434.45,110.6,0.0,7002.427606201172,0.0,0.0,12907.80822076416
O1,H20,0.2,0.016666666666666666,2023-01-01,Granite,2023-02-01,1,1455.1,18.5,1442.9791976938332,0.0,1455.1,26695.115157335913,0.0
O1,H20,0.2,0.016666666666666666,2023-01-01,Granite,2023-03-01,2,1561.4,18.3,1495.7455196543422,0.0,1561.4,27372.143009674463,0.0
O1,H20,0.2,0.016666666666666666,2023-01-01,Granite,2023-04-01,3,1395.2,18.6,105.532643921018,47.77919769383311,0.0,1962.907176930935,14.811551285088264
O1,H20,0.2,0.016666666666666666,2023-01-01,Granite,2023-05-01,4,1844.9,18.3,41.4786815072116,1141.6039150420088,0.0,759.0598715819723,348.18919408781267
O1,H20,0.2,0.016666666666666666,2023-01-01,Granite,2023-06-01,5,1659.3,18.5,1515.9623121749044,2526.561276311202,0.0,28045.30277523573,779.023060195954
O1,H20,0.2,0.016666666666666666,2023-01-01,Granite,2023-07-01,6,1674.3,18.5,1616.5078318292465,3937.997319087607,0.0,29905.39488884106,1214.2158400520123
O1,H20,0.2,0.016666666666666666,2023-01-01,Granite,2023-08-01,7,1755.2,18.5,116.78688392827551,6784.495674038918,0.0,2160.557352673097,2091.886166162
O1,H20,0.2,0.016666666666666666,2023-01-01,Granite,2023-09-01,8,1729.4,18.6,0.0,11273.301860819474,0.0,0.0,3494.723576854037
O1,H20,0.2,0.016666666666666666,2023-01-01,Granite,2023-10-01,9,1742.2,19.5,1465.4876777083475,15866.094931528303,0.0,28577.009715312775,5156.4808527466985
O1,H20,0.2,0.016666666666666666,2023-01-01,Granite,2023-11-01,10,1621.1,20.3,1557.037244403345,20579.988002237136,0.0,31607.856061387905,6962.895940756897
O1,H20,0.2,0.016666666666666666,2023-01-01,Granite,2023-12-01,11,1531.7,21.2,66.31224946171915,26848.768750654315,0.0,1405.8196885884458,9486.564958564524
O1,H20,0.2,0.016666666666666666,2023-01-01,Granite,2024-01-01,12,1664.5,22.3,0.0,34541.78674347484,0.0,0.0,12838.03073965815
O1,H20,0.2,0.016666666666666666,2023-01-01,Ready Mixed Concrete,2023-02-01,1,897.3,118.1,902.0069580078124,0.0,897.3,106527.02174072264,0.0
O1,H20,0.2,0.016666666666666666,2023-01-01,Ready Mixed Concrete,2023-03-01,2,1070.7,116.8,960.3303527832032,0.0,1070.7,112166.58520507814,0.0
O1,H20,0.2,0.016666666666666666,2023-01-01,Ready Mixed Concrete,2023-04-01,3,918.4,117.2,116.64678955078136,0.0,16.39304199218759,13671.003735351576,0.0
O1,H20,0.2,0.016666666666666666,2023-01-01,Ready Mixed Concrete,2023-05-01,4,1041.6,117.6,51.61030069986976,820.7373107910157,0.0,6069.371362304683,1608.6451291503909
O1,H20,0.2,0.016666666666666666,2023-01-01,Ready Mixed Concrete,2023-06-01,5,1020.3,117.3,888.5807698567708,1779.4214111328126,0.0,104230.5243041992,3478.7688587646485
O1,H20,0.2,0.016666666666666666,2023-01-01,Ready Mixed Concrete,2023-07-01,6,1046.0,116.3,946.9041646321616,2764.0158121744794,0.0,110124.95434672039,5357.583982598199
O1,H20,0.2,0.016666666666666666,2023-01-01,Ready Mixed Concrete,2023-08-01,7,1113.5,116.4,106.35451253255212,4569.690983072916,0.0,12379.665258789068,8865.200507161459
O1,H20,0.2,0.016666666666666666,2023-01-01,Ready Mixed Concrete,2023-09-01,8,1081.8,116.6,44.451934814453125,7353.970318603516,0.0,5183.095599365234,14291.215652486164
O1,H20,0.2,0.016666666666666666,2023-01-01,Ready Mixed Concrete,2023-10-01,9,1101.2,116.4,881.4224039713541,10225.204166666666,0.0,102597.56782226563,19836.896083333333
O1,H20,0.2,0.016666666666666666,2023-01-01,Ready Mixed Concrete,2023-11-01,10,1070.0,115.4,939.7457987467448,13172.089949544272,0.0,108446.66517537435,25334.319669623485
O1,H20,0.2,0.016666666666666666,2023-01-01,Ready Mixed Concrete,2023-12-01,11,1101.6,115.4,99.19614664713548,16968.798136393234,0.0,11447.235323079434,32636.655082329653
O1,H20,0.2,0.016666666666666666,2023-01-01,Ready Mixed Concrete,2024-01-01,12,1071.7,118.1,37.293568929036496,21735.152121988936,0.0,4404.37049051921,42782.02442678156
O1,H20,0.2,0.016666666666666666,2023-01-01,Steel Reinforcement Bars,2023-02-01,1,100.49,942.1,78.14418029785156,0.0,100.49,73619.63225860595,0.0
O1,H20,0.2,0.016666666666666666,2023-01-01,Steel Reinforcement Bars,2023-03-01,2,57.1,946.6,79.62079620361328,0.0,57.1,75369.04568634034,0.0
O1,H20,0.2,0.016666666666666666,2023-01-01,Steel Reinforcement Bars,2023-04-01,3,67.2,940.1,2.953231811523437,10.94418029785156,0.0,2776.3332260131833,171.4770649668375
O1,H20,0.2,0.016666666666666666,2023-01-01,Steel Reinforcement Bars,2023-05-01,4,152.2,922.8,0.0,16.50915679931643,0.0,0.0,253.91083157348666
O1,H20,0.2,0.016666666666666666,2023-01-01,Steel Reinforcement Bars,2023-06-01,5,135.08,885.5,80.97065734863281,42.1473651123047,0.0,71699.51708221436,622.0248634490968
O1,H20,0.2,0.016666666666666666,2023-01-01,Steel Reinforcement Bars,2023-07-01,6,141.5,859.2,85.33712768554688,61.36557342529298,0.0,73321.66010742188,878.7550114501955
O1,H20,0.2,0.016666666666666666,2023-01-01,Steel Reinforcement Bars,2023-08-01,7,173.95,832.6,5.861826578776046,129.10443908691406,0.0,4880.556809488937,1791.5392663960774
O1,H20,0.2,0.016666666666666666,2023-01-01,Steel Reinforcement Bars,2023-09-01,8,140.71,830.1,2.990712483723968,315.42043243408204,0.0,2482.590432739266,4363.841682725525
O1,H20,0.2,0.016666666666666666,2023-01-01,Steel Reinforcement Bars,2023-10-01,9,162.59,827.4,83.96136983235677,485.718252360026,0.0,69469.63739929198,6698.054700044758
O1,H20,0.2,0.016666666666666666,2023-01-01,Steel Reinforcement Bars,2023-11-01,10,187.13,826.7,88.32784016927083,634.466784769694,0.0,73020.6254679362,8741.894849485101
O1,H20,0.2,0.016666666666666666,2023-01-01,Steel Reinforcement Bars,2023-12-01,11,122.5,819.7,8.852539062500014,931.8066870117186,0.0,7256.426269531262,12730.032355725096
O1,H20,0.2,0.016666666666666666,2023-01-01,Steel Reinforcement Bars,2024-01-01,12,179.85,833.7,5.981424967447936,1260.1244294230141,0.0,4986.713995361344,17509.428946832784
O1,H20,0.2,0.016666666666666666,2023-02-01,Cement,2023-03-01,1,427.87,118.2,359.5899353027344,0.0,427.87,42503.53035278321,0.0
O1,H20,0.2,0.016666666666666666,2023-02-01,Cement,2023-04-01,2,315.7,118.0,357.7567443847656,0.0,315.7,42215.295837402344,0.0
O1,H20,0.2,0.016666666666666666,2023-02-01,Cement,2023-05-01,3,398.82,117.2,0.0,0.0,39.23006469726562,0.0,0.0
O1,H20,0.2,0.016666666666666666,2023-02-01,Cement,2023-06-01,4,335.0,116.7,2.6547342936198106,382.3466796875,0.0,309.8074920654319,743.6642919921875
O1,H20,0.2,0.016666666666666666,2023-02-01,Cement,2023-07-01,5,425.98,115.2,342.1426595052083,673.713359375,0.0,39414.834375,1293.52965
O1,H20,0.2,0.016666666666666666,2023-02-01,Cement,2023-08-01,6,378.3,114.4,366.7325948079427,1015.4147733561199,0.0,41954.20884602865,1936.057501199002
O1,H20,0.2,0.016666666666666666,2023-02-01,Cement,2023-09-01,7,446.33,113.5,28.369425455729186,1631.228846842448,0.0,3219.9297892252625,3085.7412352769643
O1,H20,0.2,0.016666666666666666,2023-02-01,Cement,2023-10-01,8,335.47,113.2,4.904246012369811,2724.635515136719,0.0,555.1606486002626,5140.47900522461
O1,H20,0.2,0.016666666666666666,2023-02-01,Cement,2023-11-01,9,381.97,112.0,313.12957641601565,3799.9116088867186,0.0,35070.51255859375,7093.168336588541
O1,H20,0.2,0.016666666666666666,2023-02-01,Cement,2023-12-01,10,467.38,111.7,368.9821065266927,4794.681948649089,0.0,41215.30129903158,8926.099561068386
O1,H20,0.2,0.016666666666666666,2023-02-01,Cement,2024-01-01,11,434.45,110.6,61.88153198242185,6135.511864827474,0.0,6844.097437255856,11309.793537498643
O1,H20,0.2,0.016666666666666666,2023-02-01,Cement,2024-02-01,12,367.77,110.6,7.153757731119811,7912.003887532552,0.0,791.205605061851,14584.46049935167
O1,H20,0.2,0.016666666666666666,2023-02-01,Granite,2023-03-01,1,1561.4,18.3,1627.3704926902583,0.0,1561.4,29780.880016231727,0.0
O1,H20,0.2,0.016666666666666666,2023-02-01,Granite,2023-04-01,2,1395.2,18.6,1554.2704860893868,0.0,1395.2,28909.431041262596,0.0
O1,H20,0.2,0.016666666666666666,2023-02-01,Granite,2023-05-01,3,1844.9,18.3,0.0,0.0,217.5295073097418,0.0,0.0
O1,H20,0.2,0.016666666666666666,2023-02-01,Granite,2023-06-01,4,1659.3,18.5,0.0,1522.3409787796452,0.0,0.0,469.3884684570573
O1,H20,0.2,0.016666666666666666,2023-02-01,Granite,2023-07-01,5,1674.3,18.5,1519.6736458802625,3029.68195755929,0.0,28113.962448784856,934.1519369141145
O1,H20,0.2,0.016666666666666666,2023-02-01,Granite,2023-08-01,6,1755.2,18.5,1538.9252290761358,4456.122936338935,0.0,28470.116737908513,1373.971238704505
O1,H20,0.2,0.016666666666666666,2023-02-01,Granite,2023-09-01,7,1729.4,18.6,1.3570632795206166,7428.037560998842,0.0,25.24137699908347,2302.6916439096412
O1,H20,0.2,0.016666666666666666,2023-02-01,Granite,2023-10-01,8,1742.2,19.5,0.0,11926.077414734886,0.0,0.0,3875.975159788838
O1,H20,0.2,0.016666666666666666,2023-02-01,Granite,2023-11-01,9,1621.1,20.3,1483.8846060475569,16546.574331750453,0.0,30122.857502765404,5598.257648908903
O1,H20,0.2,0.016666666666666666,2023-02-01,Granite,2023-12-01,10,1531.7,21.2,1467.3471494107248,21256.471248766018,0.0,31107.759567507364,7510.619841230659
O1,H20,0.2,0.016666666666666666,2023-02-01,Granite,2024-01-01,11,1664.5,22.3,0.0,27317.45277182914,0.0,0.0,10152.98661352983
O1,H20,0.2,0.016666666666666666,2023-02-01,Granite,2024-02-01,12,1201.2,22.2,0.0,35309.08144430299,0.0,0.0,13064.360134392105
O1,H20,0.2,0.016666666666666666,2023-02-01,Ready Mixed Concrete,2023-03-01,1,1070.7,116.8,947.95458984375,0.0,1070.7,110721.09609374999,0.0
O1,H20,0.2,0.016666666666666666,2023-02-01,Ready Mixed Concrete,2023-04-01,2,918.4,117.2,947.930908203125,0.0,918.4,111097.50244140625,0.0
O1,H20,0.2,0.016666666666666666,2023-02-01,Ready Mixed Concrete,2023-05-01,3,1041.6,117.6,0.0,0.0,93.64541015624991,0.0,0.0
O1,H20,0.2,0.016666666666666666,2023-02-01,Ready Mixed Concrete,2023-06-01,4,1020.3,117.3,6.087504069010379,875.585498046875,0.0,714.0642272949174,1711.7696486816405
O1,H20,0.2,0.016666666666666666,2023-02-01,Ready Mixed Concrete,2023-07-01,5,1046.0,116.3,960.1295979817708,1725.4709960937498,0.0,111663.07224527994,3344.537947428385
O1,H20,0.2,0.016666666666666666,2023-02-01,Ready Mixed Concrete,2023-08-01,6,1113.5,116.4,960.153279622396,2513.943998209635,0.0,111761.84174804689,4877.051356526693
O1,H20,0.2,0.016666666666666666,2023-02-01,Ready Mixed Concrete,2023-09-01,7,1081.8,116.6,0.0,4294.246598307292,0.0,0.0,8345.152556043837
O1,H20,0.2,0.016666666666666666,2023-02-01,Ready Mixed Concrete,2023-10-01,8,1101.2,116.4,0.0,7015.302478027344,0.0,0.0,13609.686807373047
O1,H20,0.2,0.016666666666666666,2023-02-01,Ready Mixed Concrete,2023-11-01,9,1070.0,115.4,916.7461547851562,9767.558357747395,0.0,105792.50626220704,18786.270574734157
O1,H20,0.2,0.016666666666666666,2023-02-01,Ready Mixed Concrete,2023-12-01,10,1101.6,115.4,900.2479451497396,12488.214237467448,0.0,103888.61287027996,24018.998716729056
O1,H20,0.2,0.016666666666666666,2023-02-01,Ready Mixed Concrete,2024-01-01,11,1071.7,118.1,0.0,16155.516271972654,0.0,0.0,31799.441195332838
O1,H20,0.2,0.016666666666666666,2023-02-01,Ready Mixed Concrete,2024-02-01,12,874.95,118.0,0.0,20919.816251627602,0.0,0.0,41142.30529486762
O1,H20,0.2,0.016666666666666666,2023-02-01,Steel Reinforcement Bars,2023-03-01,1,57.1,946.6,94.18199157714844,0.0,57.1,89152.67322692872,0.0
O1,H20,0.2,0.016666666666666666,2023-02-01,Steel Reinforcement Bars,2023-04-01,2,67.2,940.1,89.59136199951172,0.0,67.2,84224.83941574096,0.0
O1,H20,0.2,0.016666666666666666,2023-02-01,Steel Reinforcement Bars,2023-05-01,3,152.2,922.8,0.0,0.0,58.01800842285155,0.0,0.0
O1,H20,0.2,0.016666666666666666,2023-02-01,Steel Reinforcement Bars,2023-06-01,4,135.08,885.5,0.0,48.693353576660144,0.0,0.0,718.6327432022092
O1,H20,0.2,0.016666666666666666,2023-02-01,Steel Reinforcement Bars,2023-07-01,5,141.5,859.2,82.88786315917969,90.9667071533203,0.0,71217.25202636719,1302.6432464355466
O1,H20,0.2,0.016666666666666666,2023-02-01,Steel Reinforcement Bars,2023-08-01,6,173.95,832.6,81.83142852783203,100.79006072998044,0.0,68132.84739227295,1398.6300760630286
O1,H20,0.2,0.016666666666666666,2023-02-01,Steel Reinforcement Bars,2023-09-01,7,140.71,830.1,0.0,226.74127746582027,0.0,0.0,3136.965573739624
O1,H20,0.2,0.016666666666666666,2023-02-01,Steel Reinforcement Bars,2023-10-01,8,162.59,827.4,0.3295949300130161,412.64392272949215,0.0,272.7068450927695,5690.359694439697
O1,H20,0.2,0.016666666666666666,2023-02-01,Steel Reinforcement Bars,2023-11-01,9,187.13,826.7,82.32582092285156,574.006567993164,0.0,68058.75615692139,7908.853829332479
O1,H20,0.2,0.016666666666666666,2023-02-01,Steel Reinforcement Bars,2023-12-01,10,122.5,819.7,82.16102345784506,800.3288081868488,0.0,67347.3909283956,10933.825401179334
O1,H20,0.2,0.016666666666666666,2023-02-01,Steel Reinforcement Bars,2024-01-01,11,179.85,833.7,0.3295949300130161,1051.6268693033853,0.0,274.7832931518515,14612.355348970541
O1,H20,0.2,0.016666666666666666,2023-02-01,Steel Reinforcement Bars,2024-02-01,12,60.8,829.6,0.6591898600260322,1504.1359538777667,0.0,546.8639078775964,20797.186455616586
O1,H20,0.2,0.016666666666666666,2023-03-01,Cement,2023-04-01,1,315.7,118.0,373.9446411132813,0.0,315.7,44125.467651367195,0.0
O1,H20,0.2,0.016666666666666666,2023-03-01,Cement,2023-05-01,2,398.82,117.2,371.9776306152344,0.0,398.82,43595.77830810547,0.0
O1,H20,0.2,0.016666666666666666,2023-03-01,Cement,2023-06-01,3,335.0,116.7,0.0,38.94464111328131,0.0,0.0,75.74732696533215
O1,H20,0.2,0.016666666666666666,2023-03-01,Cement,2023-07-01,4,425.98,115.2,0.0,358.88691284179686,0.0,0.0,689.06287265625
O1,H20,0.2,0.016666666666666666,2023-03-01,Cement,2023-08-01,5,378.3,114.4,352.0916748046875,726.5091845703125,0.0,40279.28759765625,1385.210845247396
O1,H20,0.2,0.016666666666666666,2023-03-01,Cement,2023-09-01,6,446.33,113.5,343.1322021484375,1026.1014562988282,0.0,38945.504943847656,1941.0419214986166
O1,H20,0.2,0.016666666666666666,2023-03-01,Cement,2023-10-01,7,335.47,113.2,0.0,1788.6454028320316,0.0,0.0,3374.577660009766
O1,H20,0.2,0.016666666666666666,2023-03-01,Cement,2023-11-01,8,381.97,112.0,0.0,2847.8215515136717,0.0,0.0,5315.93356282552
O1,H20,0.2,0.016666666666666666,2023-03-01,Cement,2023-12-01,9,467.38,111.7,345.7036437988281,3821.587700195312,0.0,38615.097012329104,7114.522435196939
O1,H20,0.2,0.016666666666666666,2023-03-01,Cement,2024-01-01,10,434.45,110.6,346.560791015625,4828.283848876953,0.0,38329.62348632812,8900.13656142985
O1,H20,0.2,0.016666666666666666,2023-03-01,Cement,2024-02-01,11,367.77,110.6,1.71429443359375,6247.363641357422,0.0,189.60096435546873,11515.973645568847
O1,H20,0.2,0.016666666666666666,2023-03-01,Cement,2024-03-01,12,318.63,110.8,1.71429443359375,8062.144224853516,0.0,189.9438232421875,14888.093001896159
O1,H20,0.2,0.016666666666666666,2023-03-01,Granite,2023-04-01,1,1395.2,18.6,1452.3836785823694,0.0,1395.2,27014.336421632073,0.0
O1,H20,0.2,0.016666666666666666,2023-03-01,Granite,2023-05-01,2,1844.9,18.3,1527.6060195264436,0.0,1844.9,27955.190157333916,0.0
O1,H20,0.2,0.016666666666666666,2023-03-01,Granite,2023-06-01,3,1659.3,18.5,150.44468188814812,0.0,206.91632141763057,2783.22661493074,0.0
O1,H20,0.2,0.016666666666666666,2023-03-01,Granite,2023-07-01,4,1674.3,18.5,52.21391346239375,1305.6896981088132,0.0,965.9573990542843,402.5876569168841
O1,H20,0.2,0.016666666666666666,2023-03-01,Granite,2023-08-01,5,1755.2,18.5,1406.3668236190092,2680.9240781057742,0.0,26017.78623695167,826.6182574159471
O1,H20,0.2,0.016666666666666666,2023-03-01,Granite,2023-09-01,6,1729.4,18.6,1481.5891645630834,4134.17237156513,0.0,27557.55846087335,1281.5934351851902
O1,H20,0.2,0.016666666666666666,2023-03-01,Granite,2023-10-01,7,1742.2,19.5,113.31605014674052,6980.9874886434945,0.0,2209.66297786144,2268.820933809136
O1,H20,0.2,0.016666666666666666,2023-03-01,Granite,2023-11-01,8,1621.1,20.3,23.973504942939144,11430.491770284943,0.0,486.66215034166464,3867.316382279739
O1,H20,0.2,0.016666666666666666,2023-03-01,Granite,2023-12-01,9,1531.7,21.2,1378.1264150995546,16082.712102073132,0.0,29216.280000110557,5682.55827606584
O1,H20,0.2,0.016666666666666666,2023-03-01,Granite,2024-01-01,10,1664.5,22.3,1453.3487560436286,20626.10593880426,0.0,32409.677259772918,7666.036040588917
O1,H20,0.2,0.016666666666666666,2023-03-01,Granite,2024-02-01,11,1201.2,22.2,85.0756416272859,27010.926190634942,0.0,1888.6792441257471,9994.042690534929
O1,H20,0.2,0.016666666666666666,2023-03-01,Granite,2024-03-01,12,1688.6,22.4,0.0,34361.69519850925,0.0,0.0,12828.366207443452
O1,H20,0.2,0.016666666666666666,2023-03-01,Ready Mixed Concrete,2023-04-01,1,918.4,117.2,950.6583251953124,0.0,918.4,111417.15571289061,0.0
O1,H20,0.2,0.016666666666666666,2023-03-01,Ready Mixed Concrete,2023-05-01,2,1041.6,117.6,975.2839050292968,0.0,1041.6,114693.38723144529,0.0
O1,H20,0.2,0.016666666666666666,2023-03-01,Ready Mixed Concrete,2023-06-01,3,1020.3,117.3,49.251159667968864,0.0,69.64167480468757,5777.161029052748,0.0
O1,H20,0.2,0.016666666666666666,2023-03-01,Ready Mixed Concrete,2023-07-01,4,1046.0,116.3,24.40512084960937,879.9422302246091,0.0,2838.3155548095697,1705.621356252034
O1,H20,0.2,0.016666666666666666,2023-03-01,Ready Mixed Concrete,2023-08-01,5,1113.5,116.4,950.2174072265624,1741.6356201171875,0.0,110605.30620117187,3378.773103027344
O1,H20,0.2,0.016666666666666666,2023-03-01,Ready Mixed Concrete,2023-09-01,6,1081.8,116.6,974.8429870605468,2659.434130859375,0.0,113666.69229125975,5168.166994303385
O1,H20,0.2,0.016666666666666666,2023-03-01,Ready Mixed Concrete,2023-10-01,7,1101.2,116.4,48.68547566731786,4508.050048828125,0.0,5666.989367675799,8745.617094726564
O1,H20,0.2,0.016666666666666666,2023-03-01,Ready Mixed Concrete,2023-11-01,8,1070.0,115.4,23.714670817057254,7362.708953857422,0.0,2736.6730122884073,14160.943554585774
O1,H20,0.2,0.016666666666666666,2023-03-01,Ready Mixed Concrete,2023-12-01,9,1101.6,115.4,949.5269571940104,10234.453334554037,0.0,109575.4108601888,19684.265246792263
O1,H20,0.2,0.016666666666666666,2023-03-01,Ready Mixed Concrete,2024-01-01,10,1071.7,118.1,974.1525370279948,13159.812386067708,0.0,115047.41462300617,25902.897379909937
O1,H20,0.2,0.016666666666666666,2023-03-01,Ready Mixed Concrete,2024-02-01,11,874.95,118.0,47.99502563476574,17231.44839477539,0.0,5663.413024902357,33888.5151763916
O1,H20,0.2,0.016666666666666666,2023-03-01,Ready Mixed Concrete,2024-03-01,12,1112.0,118.0,0.0,22040.18694051107,0.0,0.0,43345.7009830051
O1,H20,0.2,0.016666666666666666,2023-03-01,Steel Reinforcement Bars,2023-04-01,1,67.2,940.1,91.67630767822266,0.0,67.2,86184.89684829712,0.0
O1,H20,0.2,0.016666666666666666,2023-03-01,Steel Reinforcement Bars,2023-05-01,2,152.2,922.8,92.16966247558594,0.0,152.2,85054.1645324707,0.0
O1,H20,0.2,0.016666666666666666,2023-03-01,Steel Reinforcement Bars,2023-06-01,3,135.08,885.5,0.9867095947265624,0.0,43.403692321777356,873.731346130371,0.0
O1,H20,0.2,0.016666666666666666,2023-03-01,Steel Reinforcement Bars,2023-07-01,4,141.5,859.2,0.0,42.345970153808594,0.0,0.0,606.394292602539
O1,H20,0.2,0.016666666666666666,2023-03-01,Steel Reinforcement Bars,2023-08-01,5,173.95,832.6,90.0755386352539,53.22864990234376,0.0,74996.8934677124,738.6362318115237
O1,H20,0.2,0.016666666666666666,2023-03-01,Steel Reinforcement Bars,2023-09-01,6,140.71,830.1,90.2618637084961,97.35132965087891,0.0,74926.37306442262,1346.8556457199097
O1,H20,0.2,0.016666666666666666,2023-03-01,Steel Reinforcement Bars,2023-10-01,7,162.59,827.4,0.3738187154134067,209.669548034668,0.0,309.29760513305274,2891.3430673980715
O1,H20,0.2,0.016666666666666666,2023-03-01,Steel Reinforcement Bars,2023-11-01,8,187.13,826.7,0.3749872843424526,387.70963012695313,0.0,310.0019879659056,5341.992520432536
O1,H20,0.2,0.016666666666666666,2023-03-01,Steel Reinforcement Bars,2023-12-01,9,122.5,819.7,90.45052591959636,630.7535309346517,0.0,74142.29609629314,8617.144488452233
O1,H20,0.2,0.016666666666666666,2023-03-01,Steel Reinforcement Bars,2024-01-01,10,179.85,833.7,90.63685099283852,816.8224190266927,0.0,75563.94267272948,11349.747512375896
O1,H20,0.2,0.016666666666666666,2023-03-01,Steel Reinforcement Bars,2024-02-01,11,60.8,829.6,0.7488059997558594,1212.39183303833,0.0,621.2094573974609,16763.337744809978
O1,H20,0.2,0.016666666666666666,2023-03-01,Steel Reinforcement Bars,2024-03-01,12,91.23,821.7,0.0,1668.168098042806,0.0,0.0,22845.56210269623
O1,H20,0.2,0.016666666666666666,2023-04-01,Cement,2023-05-01,1,398.82,117.2,361.5361633300781,0.0,398.82,42372.03834228516,0.0
O1,H20,0.2,0.016666666666666666,2023-04-01,Cement,2023-06-01,2,335.0,116.7,360.2596740722656,0.0,335.0,42042.3039642334,0.0
O1,H20,0.2,0.016666666666666666,2023-04-01,Cement,2023-07-01,3,425.98,115.2,0.0,0.0,64.4438366699219,0.0,0.0
O1,H20,0.2,0.016666666666666666,2023-04-01,Cement,2023-08-01,4,378.3,114.4,0.0,343.49583740234374,0.0,0.0,654.9320633138021
O1,H20,0.2,0.016666666666666666,2023-04-01,Cement,2023-09-01,5,446.33,113.5,346.94886271158856,618.9616748046876,0.0,39378.695917765304,1170.8691681722007
O1,H20,0.2,0.016666666666666666,2023-04-01,Cement,2023-10-01,6,335.47,113.2,340.93170166015625,1005.2875122070313,0.0,38593.46862792969,1896.642439697266
O1,H20,0.2,0.016666666666666666,2023-04-01,Cement,2023-11-01,7,381.97,112.0,0.1360829671223768,1692.0622123209635,0.0,15.241292317706202,3158.5161296657984
O1,H20,0.2,0.016666666666666666,2023-04-01,Cement,2023-12-01,8,467.38,111.7,12.306488037109377,2634.358614095052,0.0,1374.6347137451173,4904.297619906954
O1,H20,0.2,0.016666666666666666,2023-04-01,Cement,2024-01-01,9,434.45,110.6,359.25535074869794,3609.721098836263,0.0,39733.64179280599,6653.919225521511
O1,H20,0.2,0.016666666666666666,2023-04-01,Cement,2024-02-01,10,367.77,110.6,353.2381896972656,4664.070071614584,0.0,39068.143780517574,8597.435832009549
O1,H20,0.2,0.016666666666666666,2023-04-01,Cement,2024-03-01,11,318.63,110.8,12.442571004231752,6126.814395141602,0.0,1378.6368672688782,11314.183916361493
O1,H20,0.2,0.016666666666666666,2023-04-01,Cement,2024-04-01,12,395.86,110.2,0.0,7865.566908365888,0.0,0.0,14446.424555032014
O1,H20,0.2,0.016666666666666666,2023-04-01,Granite,2023-05-01,1,1844.9,18.3,1412.216855681962,0.0,1844.9,25843.568458979906,0.0
O1,H20,0.2,0.016666666666666666,2023-04-01,Granite,2023-06-01,2,1659.3,18.5,1496.3421809793626,0.0,1659.3,27682.33034811821,0.0
O1,H20,0.2,0.016666666666666666,2023-04-01,Granite,2023-07-01,3,1674.3,18.5,168.25065059480153,0.0,262.08314431803797,3112.637036003828,0.0
O1,H20,0.2,0.016666666666666666,2023-04-01,Granite,2023-08-01,4,1755.2,18.5,56.03472977234037,1153.3590366613246,0.0,1036.6425007882967,355.61903630390844
O1,H20,0.2,0.016666666666666666,2023-04-01,Granite,2023-09-01,5,1729.4,18.6,1356.0356646318407,2500.7687239174506,0.0,25222.26336215224,775.2383044144096
O1,H20,0.2,0.016666666666666666,2023-04-01,Granite,2023-10-01,6,1742.2,19.5,1440.1609899292414,3891.413140945918,0.0,28083.139303620206,1264.7092708074233
O1,H20,0.2,0.016666666666666666,2023-04-01,Granite,2023-11-01,7,1621.1,20.3,142.43122878778513,6759.193222606225,0.0,2891.353944392038,2286.8603736484397
O1,H20,0.2,0.016666666666666666,2023-04-01,Granite,2023-12-01,8,1531.7,21.2,60.57707720842882,11156.534294195773,0.0,1284.2340368186908,3941.9754506158397
O1,H20,0.2,0.016666666666666666,2023-04-01,Granite,2024-01-01,9,1664.5,22.3,1360.5780120679292,15563.506594573108,0.0,30340.889669114822,5784.436617649672
O1,H20,0.2,0.016666666666666666,2023-04-01,Granite,2024-02-01,10,1201.2,22.2,1444.7033373653296,20494.35597215887,0.0,32072.414089510316,7582.911709698782
O1,H20,0.2,0.016666666666666666,2023-04-01,Granite,2024-03-01,11,1688.6,22.4,146.97357622387358,26298.383361812565,0.0,3292.208107414768,9818.063121743357
O1,H20,0.2,0.016666666666666666,2023-04-01,Granite,2024-04-01,12,1470.5,22.3,65.11942464451727,33765.214088831584,0.0,1452.1631695727351,12549.404569682407
O1,H20,0.2,0.016666666666666666,2023-04-01,Ready Mixed Concrete,2023-05-01,1,1041.6,117.6,953.5484619140624,0.0,1041.6,112137.29912109373,0.0
O1,H20,0.2,0.016666666666666666,2023-04-01,Ready Mixed Concrete,2023-06-01,2,1020.3,117.3,946.4387512207032,0.0,1020.3,111017.26551818849,0.0
O1,H20,0.2,0.016666666666666666,2023-04-01,Ready Mixed Concrete,2023-07-01,3,1046.0,116.3,0.0,0.0,92.45153808593761,0.0,0.0
O1,H20,0.2,0.016666666666666666,2023-04-01,Ready Mixed Concrete,2023-08-01,4,1113.5,116.4,0.0,786.4872131347656,0.0,0.0,1525.7851934814455
O1,H20,0.2,0.016666666666666666,2023-04-01,Ready Mixed Concrete,2023-09-01,5,1081.8,116.6,942.4807739257812,1604.6744262695313,0.0,109893.2582397461,3118.417301717122
O1,H20,0.2,0.016666666666666666,2023-04-01,Ready Mixed Concrete,2023-10-01,6,1101.2,116.4,944.056640625,2403.461639404297,0.0,109888.19296875001,4662.715580444336
O1,H20,0.2,0.016666666666666666,2023-04-01,Ready Mixed Concrete,2023-11-01,7,1070.0,115.4,0.0,4175.929626464844,0.0,0.0,8031.704648234049
O1,H20,0.2,0.016666666666666666,2023-04-01,Ready Mixed Concrete,2023-12-01,8,1101.6,115.4,0.0,6860.85425415039,0.0,0.0,13195.70968214925
O1,H20,0.2,0.016666666666666666,2023-04-01,Ready Mixed Concrete,2024-01-01,9,1071.7,118.1,933.939422607422,9575.678881835936,0.0,110298.24580993653,18848.127932413736
O1,H20,0.2,0.016666666666666666,2023-04-01,Ready Mixed Concrete,2024-02-01,10,874.95,118.0,930.5670166015624,12487.253509521483,0.0,109806.90795898436,24558.26523539225
O1,H20,0.2,0.016666666666666666,2023-04-01,Ready Mixed Concrete,2024-03-01,11,1112.0,118.0,0.0,16095.717559814453,0.0,0.0,31654.91120096842
O1,H20,0.2,0.016666666666666666,2023-04-01,Ready Mixed Concrete,2024-04-01,12,1114.9,119.2,0.0,20631.848626708983,0.0,0.0,40988.60593839518
O1,H20,0.2,0.016666666666666666,2023-04-01,Steel Reinforcement Bars,2023-05-01,1,152.2,922.8,79.23479461669922,0.0,152.2,73117.86847229004,0.0
O1,H20,0.2,0.016666666666666666,2023-04-01,Steel Reinforcement Bars,2023-06-01,2,135.08,885.5,81.7066650390625,0.0,135.08,72351.25189208984,0.0
O1,H20,0.2,0.016666666666666666,2023-04-01,Steel Reinforcement Bars,2023-07-01,3,141.5,859.2,4.9437408447265625,0.0,62.26520538330078,4247.662133789063,0.0
O1,H20,0.2,0.016666666666666666,2023-04-01,Steel Reinforcement Bars,2023-08-01,4,173.95,832.6,1.883583068847656,0.0,13.00854034423827,1568.2712631225584,0.0
O1,H20,0.2,0.016666666666666666,2023-04-01,Steel Reinforcement Bars,2023-09-01,5,140.71,830.1,78.05821990966797,25.175200500488273,0.0,64796.12834701538,348.2988989242553
O1,H20,0.2,0.016666666666666666,2023-04-01,Steel Reinforcement Bars,2023-10-01,6,162.59,827.4,80.53009033203125,30.353984069824207,0.0,66630.59674072266,418.5814403228758
O1,H20,0.2,0.016666666666666666,2023-04-01,Steel Reinforcement Bars,2023-11-01,7,187.13,826.7,3.969046274820968,89.05098754882812,0.0,3281.2105553944943,1226.9741901102702
O1,H20,0.2,0.016666666666666666,2023-04-01,Steel Reinforcement Bars,2023-12-01,8,122.5,819.7,1.1107686360677036,292.9080813598633,0.0,910.4970509846967,4001.612571511332
O1,H20,0.2,0.016666666666666666,2023-04-01,Steel Reinforcement Bars,2024-01-01,9,179.85,833.7,77.28540547688802,443.3842214457194,0.0,64432.84254608154,6160.823756988271
O1,H20,0.2,0.016666666666666666,2023-04-01,Steel Reinforcement Bars,2024-02-01,10,60.8,829.6,79.75727589925131,714.0211301676433,0.0,66166.63608601889,9872.532159784614
O1,H20,0.2,0.016666666666666666,2023-04-01,Steel Reinforcement Bars,2024-03-01,11,91.23,821.7,3.196231842041016,1031.5134443664551,0.0,2626.343704605103,14126.576620598604
O1,H20,0.2,0.016666666666666666,2023-04-01,Steel Reinforcement Bars,2024-04-01,12,111.96,819.4,0.3379542032877509,1408.033034464518,0.0,276.9196741739831,19229.037807337103
O1,H20,0.2,0.016666666666666666,2023-05-01,Cement,2023-06-01,1,335.0,116.7,366.6082763671875,0.0,335.0,42783.18585205078,0.0
O1,H20,0.2,0.016666666666666666,2023-05-01,Cement,2023-07-01,2,425.98,115.2,358.5407257080078,0.0,425.98,41303.8916015625,0.0
O1,H20,0.2,0.016666666666666666,2023-05-01,Cement,2023-08-01,3,378.3,114.4,0.0,0.0,11.691723632812511,0.0,0.0
O1,H20,0.2,0.016666666666666666,2023-05-01,Cement,2023-09-01,4,446.33,113.5,0.0,278.8190020751953,0.0,0.0,527.4326122589111
O1,H20,0.2,0.016666666666666666,2023-05-01,Cement,2023-10-01,5,335.47,113.2,349.9842834472656,668.4980041503907,0.0,39618.22088623047,1261.232901163737
O1,H20,0.2,0.016666666666666666,2023-05-01,Cement,2023-11-01,6,381.97,112.0,349.7398376464844,1011.677006225586,0.0,39170.86181640625,1888.463744954427
O1,H20,0.2,0.016666666666666666,2023-05-01,Cement,2023-12-01,7,467.38,111.7,0.0,1619.4302917480468,0.0,0.0,3014.8393931376136
O1,H20,0.2,0.016666666666666666,2023-05-01,Cement,2024-01-01,8,434.45,110.6,0.0,2609.8534149169923,0.0,0.0,4810.8297948303225
O1,H20,0.2,0.016666666666666666,2023-05-01,Cement,2024-02-01,9,367.77,110.6,336.96990966796875,3666.9565380859376,0.0,37268.872009277344,6759.423218538412
O1,H20,0.2,0.016666666666666666,2023-05-01,Cement,2024-03-01,10,318.63,110.8,332.7132670084636,4773.199661254883,0.0,36864.629984537765,8814.508707784016
O1,H20,0.2,0.016666666666666666,2023-05-01,Cement,2024-04-01,11,395.86,110.2,0.0,6139.182694091797,0.0,0.0,11275.632214815267
O1,H20,0.2,0.016666666666666666,2023-05-01,Cement,2024-05-01,12,330.62,110.2,0.0,7903.118993937175,0.0,0.0,14515.395218864613
O1,H20,0.2,0.016666666666666666,2023-05-01,Granite,2023-06-01,1,1659.3,18.5,1508.7962935793453,0.0,1659.3,27912.731431217886,0.0
O1,H20,0.2,0.016666666666666666,2023-05-01,Granite,2023-07-01,2,1674.3,18.5,1515.9796661523417,0.0,1674.3,28045.62382381832,0.0
O1,H20,0.2,0.016666666666666666,2023-05-01,Granite,2023-08-01,3,1755.2,18.5,14.366745145992809,0.0,246.40370642065477,265.78478520086696,0.0
O1,H20,0.2,0.016666666666666666,2023-05-01,Granite,2023-09-01,4,1729.4,18.6,0.0,1295.375959731687,0.0,0.0,401.566547516823
O1,H20,0.2,0.016666666666666666,2023-05-01,Granite,2023-10-01,5,1742.2,19.5,1474.7994471081172,2592.3186646093673,0.0,28758.589218608286,842.5035659980443
O1,H20,0.2,0.016666666666666666,2023-05-01,Granite,2023-11-01,6,1621.1,20.3,1472.1677690184958,4010.361369487048,0.0,29885.005711075468,1356.8389300097845
O1,H20,0.2,0.016666666666666666,2023-05-01,Granite,2023-12-01,7,1531.7,21.2,0.0,6992.6035214728445,0.0,0.0,2470.7199109204053
O1,H20,0.2,0.016666666666666666,2023-05-01,Granite,2024-01-01,8,1664.5,22.3,0.0,11314.213442477138,0.0,0.0,4205.1159961206695
O1,H20,0.2,0.016666666666666666,2023-05-01,Granite,2024-02-01,9,1201.2,22.2,1390.2878770695406,16099.12336348143,0.0,30864.3908709438,5956.675644488129
O1,H20,0.2,0.016666666666666666,2023-05-01,Granite,2024-03-01,10,1688.6,22.4,1362.9945797532223,20396.633284485724,0.0,30531.078586472177,7614.74309287467
O1,H20,0.2,0.016666666666666666,2023-05-01,Granite,2024-04-01,11,1470.5,22.3,0.0,26302.53108255956,0.0,0.0,9775.774052351304
O1,H20,0.2,0.016666666666666666,2023-05-01,Granite,2024-05-01,12,1911.9,22.1,0.0,33130.02346038661,0.0,0.0,12202.891974575736
O1,H20,0.2,0.016666666666666666,2023-05-01,Ready Mixed Concrete,2023-06-01,1,1020.3,117.3,1008.7596435546876,0.0,1020.3,118327.50618896485,0.0
O1,H20,0.2,0.016666666666666666,2023-05-01,Ready Mixed Concrete,2023-07-01,2,1046.0,116.3,981.2903747558594,0.0,1046.0,114124.07058410645,0.0
O1,H20,0.2,0.016666666666666666,2023-05-01,Ready Mixed Concrete,2023-08-01,3,1113.5,116.4,0.0,0.0,104.74035644531239,0.0,0.0
O1,H20,0.2,0.016666666666666666,2023-05-01,Ready Mixed Concrete,2023-09-01,4,1081.8,116.6,0.0,908.2500183105469,0.0,0.0,1765.032535583496
O1,H20,0.2,0.016666666666666666,2023-05-01,Ready Mixed Concrete,2023-10-01,5,1101.2,116.4,964.9572550455728,1797.1000366210935,0.0,112321.02448730468,3486.374071044922
O1,H20,0.2,0.016666666666666666,2023-05-01,Ready Mixed Concrete,2023-11-01,6,1070.0,115.4,970.5253295898438,2717.1500549316406,0.0,111998.62303466798,5225.985272318522
O1,H20,0.2,0.016666666666666666,2023-05-01,Ready Mixed Concrete,2023-12-01,7,1101.6,115.4,0.0,4570.557328287759,0.0,0.0,8790.70526140679
O1,H20,0.2,0.016666666666666666,2023-05-01,Ready Mixed Concrete,2024-01-01,8,1071.7,118.1,0.0,7424.389931233723,0.0,0.0,14613.67418131171
O1,H20,0.2,0.016666666666666666,2023-05-01,Ready Mixed Concrete,2024-02-01,9,874.95,118.0,949.9003295898438,10474.972534179686,0.0,112088.23889160156,20600.779317220047
O1,H20,0.2,0.016666666666666666,2023-05-01,Ready Mixed Concrete,2024-03-01,10,1112.0,118.0,943.0253295898438,13288.505137125649,0.0,111276.98889160156,26134.060103013773
O1,H20,0.2,0.016666666666666666,2023-05-01,Ready Mixed Concrete,2024-04-01,11,1114.9,119.2,0.0,17049.038069661452,0.0,0.0,33870.755631727414
O1,H20,0.2,0.016666666666666666,2023-05-01,Ready Mixed Concrete,2024-05-01,12,1151.8,120.4,0.0,21715.6963317871,0.0,0.0,43576.163972452785
O1,H20,0.2,0.016666666666666666,2023-05-01,Steel Reinforcement Bars,2023-06-01,1,135.08,885.5,78.85858917236328,0.0,135.08,69829.28071212769,0.0
O1,H20,0.2,0.016666666666666666,2023-05-01,Steel Reinforcement Bars,2023-07-01,2,141.5,859.2,73.97389221191406,0.0,141.5,63558.36818847657,0.0
O1,H20,0.2,0.016666666666666666,2023-05-01,Steel Reinforcement Bars,2023-08-01,3,173.95,832.6,0.0,0.0,95.09141082763671,0.0,0.0
O1,H20,0.2,0.016666666666666666,2023-05-01,Steel Reinforcement Bars,2023-09-01,4,140.71,830.1,0.0,12.122481384277336,0.0,0.0,167.71452995147695
O1,H20,0.2,0.016666666666666666,2023-05-01,Steel Reinforcement Bars,2023-10-01,5,162.59,827.4,75.55024973551433,2.364962768554676,0.0,62510.276631164554,32.612836578368984
O1,H20,0.2,0.016666666666666666,2023-05-01,Steel Reinforcement Bars,2023-11-01,6,187.13,826.7,78.78077697753906,0.0,31.932555847167976,65128.068327331544,0.0
O1,H20,0.2,0.016666666666666666,2023-05-01,Steel Reinforcement Bars,2023-12-01,7,122.5,819.7,3.2125256856282505,105.88273111979169,0.0,2633.307304509477,1446.5345783148875
O1,H20,0.2,0.016666666666666666,2023-05-01,Steel Reinforcement Bars,2024-01-01,8,179.85,833.7,0.0,233.19623921712244,0.0,0.0,3240.2617439219166
O1,H20,0.2,0.016666666666666666,2023-05-01,Steel Reinforcement Bars,2024-02-01,9,60.8,829.6,75.51424662272136,482.7722730000814,0.0,62646.61899820964,6675.131294681125
O1,H20,0.2,0.016666666666666666,2023-05-01,Steel Reinforcement Bars,2024-03-01,10,91.23,821.7,78.70877075195312,701.9183067830404,0.0,64674.99692687989,9612.771211393738
O1,H20,0.2,0.016666666666666666,2023-05-01,Steel Reinforcement Bars,2024-04-01,11,111.96,819.4,3.1765225728352817,975.8485871887208,0.0,2602.84259618123,13326.838872373963
O1,H20,0.2,0.016666666666666666,2023-05-01,Steel Reinforcement Bars,2024-05-01,12,160.55,812.5,0.0,1279.8976383463544,0.0,0.0,17331.947185940215
O2,H20,0.2,0.016666666666666666,2022-07-01,Cement,2022-08-01,1,402.46,119.0,0.0,0.0,402.46,0.0,0.0
O2,H20,0.2,0.016666666666666666,2022-07-01,Cement,2022-09-01,2,346.61,118.6,0.0,0.0,346.61,0.0,0.0
O2,H20,0.2,0.016666666666666666,2022-07-01,Cement,2022-10-01,3,368.78,118.6,0.0,0.0,368.78,0.0,0.0
O2,H20,0.2,0.016666666666666666,2022-07-01,Cement,2022-11-01,4,296.3,118.4,0.0,0.0,296.3,0.0,0.0
O2,H20,0.2,0.016666666666666666,2022-07-01,Cement,2022-12-01,5,375.31,118.3,0.0,0.0,375.31,0.0,0.0
O2,H20,0.2,0.016666666666666666,2022-07-01,Cement,2023-01-01,6,440.73,118.5,340.4296339942387,0.0,440.73,40340.911628317284,0.0
O2,H20,0.2,0.016666666666666666,2022-07-01,Cement,2023-02-01,7,282.49,118.4,358.93775939941406,0.0,282.49,42498.230712890625,0.0
O2,H20,0.2,0.016666666666666666,2022-07-01,Cement,2023-03-01,8,427.87,118.2,362.0424296061198,0.0,87.44036600576129,42793.415179443364,0.0
O2,H20,0.2,0.016666666666666666,2022-07-01,Cement,2023-04-01,9,315.7,118.0,365.1470998128256,383.66739339365273,0.0,43087.35777791342,754.5458736741837
O2,H20,0.2,0.016666666666666666,2022-07-01,Cement,2023-05-01,10,398.82,117.2,368.2517700195313,1046.2572163934253,0.0,43159.10744628907,2043.689096021824
O2,H20,0.2,0.016666666666666666,2022-07-01,Cement,2023-06-01,11,335.0,116.7,0.0,2137.8141392060234,0.0,0.0,4158.048500755715
O2,H20,0.2,0.016666666666666666,2022-07-01,Cement,2023-07-01,12,425.98,115.2,0.0,3506.642832038153,0.0,0.0,6732.754237513253
O2,H20,0.2,0.016666666666666666,2022-07-01,Granite,2022-08-01,1,1491.5,20.5,1652.2988018747071,0.0,1491.5,33872.125438431496,0.0
O2,H20,0.2,0.016666666666666666,2022-07-01,Granite,2022-09-01,2,1550.1,20.8,1613.3504693806378,0.0,1550.1,33557.68976311727,0.0
O2,H20,0.2,0.016666666666666666,2022-07-01,Granite,2022-10-01,3,1554.5,20.4,0.0,97.79880187470712,0.0,0.0,33.25159263740042
O2,H20,0.2,0.016666666666666666,2022-07-01,Granite,2022-11-01,4,1531.9,20.5,0.0,1831.5480731300518,0.0,0.0,625.7789249861011
O2,H20,0.2,0.016666666666666666,2022-07-01,Granite,2022-12-01,5,1692.1,19.3,0.0,3405.097344385397,0.0,0.0,1095.3063124439693
O2,H20,0.2,0.016666666666666666,2022-07-01,Granite,2023-01-01,6,1309.6,19.0,0.0,5361.146615640742,0.0,0.0,1697.696428286235
O2,H20,0.2,0.016666666666666666,2022-07-01,Granite,2023-02-01,7,1455.1,18.5,0.0,7171.695886896086,0.0,0.0,2211.272898459627
O2,H20,0.2,0.016666666666666666,2022-07-01,Granite,2023-03-01,8,1561.4,18.3,1712.0648770828775,8875.945158151431,0.0,31330.78725061666,2707.1632732361863
O2,H20,0.2,0.016666666666666666,2022-07-01,Granite,2023-04-01,9,1395.2,18.6,1723.6783368007882,10746.394429406775,0.0,32060.417064494664,3331.3822731161004
O2,H20,0.2,0.016666666666666666,2022-07-01,Granite,2023-05-01,10,1844.9,18.3,1735.2917965186984,13879.208577744997,0.0,31755.839876292182,4233.158616212224
O2,H20,0.2,0.016666666666666666,2022-07-01,Granite,2023-06-01,11,1659.3,18.5,0.0,18921.30106288401,0.0,0.0,5834.06782772257
O2,H20,0.2,0.016666666666666666,2022-07-01,Granite,2023-07-01,12,1674.3,18.5,0.0,25683.68534454172,0.0,0.0,7919.13631456703
O2,H20,0.2,0.016666666666666666,2022-07-01,Ready Mixed Concrete,2022-08-01,1,982.6,118.3,0.0,0.0,982.6,0.0,0.0
O2,H20,0.2,0.016666666666666666,2022-07-01,Ready Mixed Concrete,2022-09-01,2,993.4,118.6,0.0,0.0,993.4,0.0,0.0
O2,H20,0.2,0.016666666666666666,2022-07-01,Ready Mixed Concrete,2022-10-01,3,930.7,118.5,0.0,0.0,930.7,0.0,0.0
O2,H20,0.2,0.016666666666666666,2022-07-01,Ready Mixed Concrete,2022-11-01,4,959.9,118.2,0.0,0.0,959.9,0.0,0.0
O2,H20,0.2,0.016666666666666666,2022-07-01,Ready Mixed Concrete,2022-12-01,5,992.6,118.0,7.796117046810309,0.0,992.6,919.9418115236165,0.0
O2,H20,0.2,0.016666666666666666,2022-07-01,Ready Mixed Concrete,2023-01-01,6,808.1,117.6,1022.1003824869792,0.0,808.1,120199.00498046876,0.0
O2,H20,0.2,0.016666666666666666,2022-07-01,Ready Mixed Concrete,2023-02-01,7,897.3,118.1,1021.7567443847656,0.0,889.5038829531896,120669.47151184082,0.0
O2,H20,0.2,0.016666666666666666,2022-07-01,Ready Mixed Concrete,2023-03-01,8,1070.7,116.8,1021.413106282552,0.0,40.80350046621038,119301.05081380207,0.0
O2,H20,0.2,0.016666666666666666,2022-07-01,Ready Mixed Concrete,2023-04-01,9,918.4,117.2,1021.0694681803384,1133.2532439185552,0.0,119669.34167073567,2213.6213364542446
O2,H20,0.2,0.016666666666666666,2022-07-01,Ready Mixed Concrete,2023-05-01,10,1041.6,117.6,1020.725830078125,3164.719594119663,0.0,120037.35761718749,6202.850404474539
O2,H20,0.2,0.016666666666666666,2022-07-01,Ready Mixed Concrete,2023-06-01,11,1020.3,117.3,0.0,6238.555412501109,0.0,0.0,12196.375831439665
O2,H20,0.2,0.016666666666666666,2022-07-01,Ready Mixed Concrete,2023-07-01,12,1046.0,116.3,0.0,10307.41706096068,0.0,0.0,19979.210069828787
O2,H20,0.2,0.016666666666666666,2022-07-01,Steel Reinforcement Bars,2022-08-01,1,102.45,1106.3,0.0,0.0,102.45,0.0,0.0
O2,H20,0.2,0.016666666666666666,2022-07-01,Steel Reinforcement Bars,2022-09-01,2,174.43,1072.6,0.0,0.0,174.43,0.0,0.0
O2,H20,0.2,0.016666666666666666,2022-07-01,Steel Reinforcement Bars,2022-10-01,3,108.27,1040.5,0.0,0.0,108.27,0.0,0.0
O2,H20,0.2,0.016666666666666666,2022-07-01,Steel Reinforcement Bars,2022-11-01,4,51.21,1004.5,0.0,0.0,51.21,0.0,0.0
O2,H20,0.2,0.016666666666666666,2022-07-01,Steel Reinforcement Bars,2022-12-01,5,70.5,952.3,0.0,0.0,70.5,0.0,0.0
O2,H20,0.2,0.016666666666666666,2022-07-01,Steel Reinforcement Bars,2023-01-01,6,79.16,922.6,44.47756948007816,0.0,79.16,41035.00560232011,0.0
O2,H20,0.2,0.016666666666666666,2022-07-01,Steel Reinforcement Bars,2023-02-01,7,100.49,942.1,79.70947265625,0.0,100.49,75094.29418945312,0.0
O2,H20,0.2,0.016666666666666666,2022-07-01,Steel Reinforcement Bars,2023-03-01,8,57.1,946.6,83.92909240722655,0.0,12.622430519921842,79447.27887268065,0.0
O2,H20,0.2,0.016666666666666666,2022-07-01,Steel Reinforcement Bars,2023-04-01,9,67.2,940.1,88.14871215820311,56.98704213632816,0.0,82868.60429992675,892.8919718727017
O2,H20,0.2,0.016666666666666666,2022-07-01,Steel Reinforcement Bars,2023-05-01,10,152.2,922.8,92.36833190917967,112.9031766798829,0.0,85237.496685791,1736.450857336599
O2,H20,0.2,0.016666666666666666,2022-07-01,Steel Reinforcement Bars,2023-06-01,11,135.08,885.5,0.0,274.0880233816407,0.0,0.0,4045.082411740714
O2,H20,0.2,0.016666666666666666,2022-07-01,Steel Reinforcement Bars,2023-07-01,12,141.5,859.2,0.0,521.2212019925782,0.0,0.0,7463.887612533721
O2,H20,0.2,0.016666666666666666,2022-08-01,Cement,2022-09-01,1,346.61,118.6,0.0,0.0,346.61,0.0,0.0
O2,H20,0.2,0.016666666666666666,2022-08-01,Cement,2022-10-01,2,368.78,118.6,0.0,0.0,368.78,0.0,0.0
O2,H20,0.2,0.016666666666666666,2022-08-01,Cement,2022-11-01,3,296.3,118.4,0.0,0.0,296.3,0.0,0.0
O2,H20,0.2,0.016666666666666666,2022-08-01,Cement,2022-12-01,4,375.31,118.3,0.0,0.0,375.31,0.0,0.0
O2,H20,0.2,0.016666666666666666,2022-08-01,Cement,2023-01-01,5,440.73,118.5,61.08071889414077,0.0,440.73,7238.065188955681,0.0
O2,H20,0.2,0.016666666666666666,2022-08-01,Cement,2023-02-01,6,282.49,118.4,329.19415283203125,0.0,282.49,38976.587695312504,0.0
O2,H20,0.2,0.016666666666666666,2022-08-01,Cement,2023-03-01,7,427.87,118.2,325.26055908203125,0.0,366.78928110585923,38445.7980834961,0.0
O2,H20,0.2,0.016666666666666666,2022-08-01,Cement,2023-04-01,8,315.7,118.0,321.32696533203125,74.57487172617203,0.0,37916.58190917969,146.663914394805
O2,H20,0.2,0.016666666666666666,2022-08-01,Cement,2023-05-01,9,398.82,117.2,317.39337158203125,391.29030253437526,0.0,37198.503149414064,764.3203909504797
O2,H20,0.2,0.016666666666666666,2022-08-01,Cement,2023-06-01,10,335.0,116.7,313.45977783203125,1093.1526986746098,0.0,36580.75607299805,2126.1819989221162
O2,H20,0.2,0.016666666666666666,2022-08-01,Cement,2023-07-01,11,425.98,115.2,0.0,2021.4284663968756,0.0,0.0,3881.142655482001
O2,H20,0.2,0.016666666666666666,2022-08-01,Cement,2023-08-01,12,378.3,114.4,0.0,3310.8440119511724,0.0,0.0,6312.675916120235
O2,H20,0.2,0.016666666666666666,2022-08-01,Granite,2022-09-01,1,1550.1,20.8,1471.8025562306725,0.0,1550.1,30613.49316959799,0.0
O2,H20,0.2,0.016666666666666666,2022-08-01,Granite,2022-10-01,2,1554.5,20.4,1618.5485821774096,0.0,1554.5,33018.39107641915,0.0
O2,H20,0.2,0.016666666666666666,2022-08-01,Granite,2022-11-01,3,1531.9,20.5,1552.5166117519875,0.0,60.09744376932758,31826.590540915742,0.0
O2,H20,0.2,0.016666666666666666,2022-08-01,Granite,2022-12-01,4,1692.1,19.3,0.0,1398.2511384080822,0.0,0.0,449.77078285459976
O2,H20,0.2,0.016666666666666666,2022-08-01,Granite,2023-01-01,5,1309.6,19.0,0.0,4731.518888568151,0.0,0.0,1498.3143147132478
O2,H20,0.2,0.016666666666666666,2022-08-01,Granite,2023-02-01,6,1455.1,18.5,0.0,7919.286638728221,0.0,0.0,2441.780046941202
O2,H20,0.2,0.016666666666666666,2022-08-01,Granite,2023-03-01,7,1561.4,18.3,0.0,11000.754388888292,0.0,0.0,3355.2300886109288
O2,H20,0.2,0.016666666666666666,2022-08-01,Granite,2023-04-01,8,1395.2,18.6,0.0,14248.422139048362,0.0,0.0,4417.0108631049925
O2,H20,0.2,0.016666666666666666,2022-08-01,Granite,2023-05-01,9,1844.9,18.3,1633.305491285495,17046.38988920843,0.0,29889.49049052456,5199.148916208571
O2,H20,0.2,0.016666666666666666,2022-08-01,Granite,2023-06-01,10,1659.3,18.5,1662.669661277281,20029.9576393685,0.0,30759.388733629698,6175.903605471954
O2,H20,0.2,0.016666666666666666,2022-08-01,Granite,2023-07-01,11,1674.3,18.5,0.0,24631.830880814065,0.0,0.0,7594.814521584337
O2,H20,0.2,0.016666666666666666,2022-08-01,Granite,2023-08-01,12,1755.2,18.5,0.0,30815.47378353691,0.0,0.0,9501.43774992388
O2,H20,0.2,0.016666666666666666,2022-08-01,Ready Mixed Concrete,2022-09-01,1,993.4,118.6,0.0,0.0,993.4,0.0,0.0
O2,H20,0.2,0.016666666666666666,2022-08-01,Ready Mixed Concrete,2022-10-01,2,930.7,118.5,0.0,0.0,930.7,0.0,0.0
O2,H20,0.2,0.016666666666666666,2022-08-01,Ready Mixed Concrete,2022-11-01,3,959.9,118.2,0.0,0.0,959.9,0.0,0.0
O2,H20,0.2,0.016666666666666666,2022-08-01,Ready Mixed Concrete,2022-12-01,4,992.6,118.0,0.0,0.0,992.6,0.0,0.0
O2,H20,0.2,0.016666666666666666,2022-08-01,Ready Mixed Concrete,2023-01-01,5,808.1,117.6,0.8183440162106308,0.0,808.1,96.23725630637017,0.0
O2,H20,0.2,0.016666666666666666,2022-08-01,Ready Mixed Concrete,2023-02-01,6,897.3,118.1,981.079833984375,0.0,897.3,115865.52839355468,0.0
O2,H20,0.2,0.016666666666666666,2022-08-01,Ready Mixed Concrete,2023-03-01,7,1070.7,116.8,985.170379638672,0.0,1069.8816559837894,115067.90034179689,0.0
O2,H20,0.2,0.016666666666666666,2022-08-01,Ready Mixed Concrete,2023-04-01,8,918.4,117.2,989.2609252929686,63.49817800058565,0.0,115941.38044433593,124.03310769447731
O2,H20,0.2,0.016666666666666666,2022-08-01,Ready Mixed Concrete,2023-05-01,9,1041.6,117.6,993.3514709472656,988.9667356398431,0.0,116818.13298339843,1938.3748018540925
O2,H20,0.2,0.016666666666666666,2022-08-01,Ready Mixed Concrete,2023-06-01,10,1020.3,117.3,997.4420166015624,2924.9962185720697,0.0,116999.94854736327,5718.367607308396
O2,H20,0.2,0.016666666666666666,2022-08-01,Ready Mixed Concrete,2023-07-01,11,1046.0,116.3,0.0,5828.677172451562,0.0,0.0,11297.919252601943
O2,H20,0.2,0.016666666666666666,2022-08-01,Ready Mixed Concrete,2023-08-01,12,1113.5,116.4,0.0,9662.300142932616,0.0,0.0,18744.862277289278
O2,H20,0.2,0.016666666666666666,2022-08-01,Steel Reinforcement Bars,2022-09-01,1,174.43,1072.6,0.0,0.0,174.43,0.0,0.0
O2,H20,0.2,0.016666666666666666,2022-08-01,Steel Reinforcement Bars,2022-10-01,2,108.27,1040.5,0.0,0.0,108.27,0.0,0.0
O2,H20,0.2,0.016666666666666666,2022-08-01,Steel Reinforcement Bars,2022-11-01,3,51.21,1004.5,0.0,0.0,51.21,0.0,0.0
O2,H20,0.2,0.016666666666666666,2022-08-01,Steel Reinforcement Bars,2022-12-01,4,70.5,952.3,0.0,0.0,70.5,0.0,0.0
O2,H20,0.2,0.016666666666666666,2022-08-01,Steel Reinforcement Bars,2023-01-01,5,79.16,922.6,0.0,0.0,79.16,0.0,0.0
O2,H20,0.2,0.016666666666666666,2022-08-01,Steel Reinforcement Bars,2023-02-01,6,100.49,942.1,64.983268637793,0.0,100.49,61220.73738366479,0.0
O2,H20,0.2,0.016666666666666666,2022-08-01,Steel Reinforcement Bars,2023-03-01,7,57.1,946.6,71.49606323242188,0.0,57.1,67678.17345581055,0.0
O2,H20,0.2,0.016666666666666666,2022-08-01,Steel Reinforcement Bars,2023-04-01,8,67.2,940.1,72.94750467936198,0.0,2.2167313622069997,68577.9491490682,0.0
O2,H20,0.2,0.016666666666666666,2022-08-01,Steel Reinforcement Bars,2023-05-01,9,152.2,922.8,74.39894612630208,0.0,15.72066812978511,68655.34748535155,0.0
O2,H20,0.2,0.016666666666666666,2022-08-01,Steel Reinforcement Bars,2023-06-01,10,135.08,885.5,75.85038757324219,74.34683654957686,0.0,67165.51819610596,1097.2353960775051
O2,H20,0.2,0.016666666666666666,2022-08-01,Steel Reinforcement Bars,2023-07-01,11,141.5,859.2,0.0,216.67261922545583,0.0,0.0,3102.7519073085277
O2,H20,0.2,0.016666666666666666,2022-08-01,Steel Reinforcement Bars,2023-08-01,12,173.95,832.6,0.0,402.398789474577,0.0,0.0,5583.95386860888
O2,H20,0.2,0.016666666666666666,2022-09-01,Cement,2022-10-01,1,368.78,118.6,0.0,0.0,368.78,0.0,0.0
O2,H20,0.2,0.016666666666666666,2022-09-01,Cement,2022-11-01,2,296.3,118.4,0.0,0.0,296.3,0.0,0.0
O2,H20,0.2,0.016666666666666666,2022-09-01,Cement,2022-12-01,3,375.31,118.3,0.0,0.0,375.31,0.0,0.0
O2,H20,0.2,0.016666666666666666,2022-09-01,Cement,2023-01-01,4,440.73,118.5,0.0,0.0,440.73,0.0,0.0
O2,H20,0.2,0.016666666666666666,2022-09-01,Cement,2023-02-01,5,282.49,118.4,0.0,0.0,282.49,0.0,0.0
O2,H20,0.2,0.016666666666666666,2022-09-01,Cement,2023-03-01,6,427.87,118.2,260.8707121802736,0.0,427.87,30834.91817970834,0.0
O2,H20,0.2,0.016666666666666666,2022-09-01,Cement,2023-04-01,7,315.7,118.0,363.4754333496094,0.0,315.7,42890.101135253906,0.0
O2,H20,0.2,0.016666666666666666,2022-09-01,Cement,2023-05-01,8,398.82,117.2,377.0816243489583,0.0,137.9492878197264,44193.96637369791,0.0
O2,H20,0.2,0.016666666666666666,2022-09-01,Cement,2023-06-01,9,335.0,116.7,390.6878153483073,289.34614552988296,0.0,45593.26805114746,562.7782530556224
O2,H20,0.2,0.016666666666666666,2022-09-01,Cement,2023-07-01,10,425.98,115.2,404.29400634765625,864.7939154087242,0.0,46574.66953125,1660.4043175847503
O2,H20,0.2,0.016666666666666666,2022-09-01,Cement,2023-08-01,11,378.3,114.4,0.0,1878.609500635873,0.0,0.0,3581.8821145457314
O2,H20,0.2,0.016666666666666666,2022-09-01,Cement,2023-09-01,12,446.33,113.5,0.0,3228.6890922106777,0.0,0.0,6107.603532765199
O2,H20,0.2,0.016666666666666666,2022-09-01,Granite,2022-10-01,1,1554.5,20.4,1680.0574572506694,0.0,1554.5,34273.172127913655,0.0
O2,H20,0.2,0.016666666666666666,2022-09-01,Granite,2022-11-01,2,1531.9,20.5,1662.678848341505,0.0,1531.9,34084.91639100085,0.0
O2,H20,0.2,0.016666666666666666,2022-09-01,Granite,2022-12-01,3,1692.1,19.3,1645.3002394323405,0.0,12.04254274933055,31754.294621044173,0.0
O2,H20,0.2,0.016666666666666666,2022-09-01,Granite,2023-01-01,4,1309.6,19.0,0.0,2033.1363055921743,0.0,0.0,643.8264967708551
O2,H20,0.2,0.016666666666666666,2022-09-01,Granite,2023-02-01,5,1455.1,18.5,0.0,5566.072850616689,0.0,0.0,1716.2057956068124
O2,H20,0.2,0.016666666666666666,2022-09-01,Granite,2023-03-01,6,1561.4,18.3,0.0,8992.709395641205,0.0,0.0,2742.7763656705674
O2,H20,0.2,0.016666666666666666,2022-09-01,Granite,2023-04-01,7,1395.2,18.6,0.0,12585.545940665717,0.0,0.0,3901.5192416063724
O2,H20,0.2,0.016666666666666666,2022-09-01,Granite,2023-05-01,8,1844.9,18.3,0.0,15728.682485690233,0.0,0.0,4797.248158135521
O2,H20,0.2,0.016666666666666666,2022-09-01,Granite,2023-06-01,9,1659.3,18.5,1563.7979006422224,19057.419030714747,0.0,28930.261161881113,5876.037534470381
O2,H20,0.2,0.016666666666666666,2022-09-01,Granite,2023-07-01,10,1674.3,18.5,1611.9377597852265,22371.155575739263,0.0,29820.84855602669,6897.772969186273
O2,H20,0.2,0.016666666666666666,2022-09-01,Granite,2023-08-01,11,1755.2,18.5,0.0,27167.790021406,0.0,0.0,8376.735256600183
O2,H20,0.2,0.016666666666666666,2022-09-01,Granite,2023-09-01,12,1729.4,18.6,0.0,33602.16222685796,0.0,0.0,10416.670290325967
O2,H20,0.2,0.016666666666666666,2022-09-01,Ready Mixed Concrete,2022-10-01,1,930.7,118.5,0.0,0.0,930.7,0.0,0.0
O2,H20,0.2,0.016666666666666666,2022-09-01,Ready Mixed Concrete,2022-11-01,2,959.9,118.2,0.0,0.0,959.9,0.0,0.0
O2,H20,0.2,0.016666666666666666,2022-09-01,Ready Mixed Concrete,2022-12-01,3,992.6,118.0,0.0,0.0,992.6,0.0,0.0
O2,H20,0.2,0.016666666666666666,2022-09-01,Ready Mixed Concrete,2023-01-01,4,808.1,117.6,0.0,0.0,808.1,0.0,0.0
O2,H20,0.2,0.016666666666666666,2022-09-01,Ready Mixed Concrete,2023-02-01,5,897.3,118.1,1009.530253092448,0.0,897.3,119225.5228902181,0.0
O2,H20,0.2,0.016666666666666666,2022-09-01,Ready Mixed Concrete,2023-03-01,6,1070.7,116.8,1010.9761555989584,0.0,1070.7,118082.01497395833,0.0
O2,H20,0.2,0.016666666666666666,2022-09-01,Ready Mixed Concrete,2023-04-01,7,918.4,117.2,1012.4220581054688,91.13025309244802,0.0,118655.86520996095,178.00776104058178
O2,H20,0.2,0.016666666666666666,2022-09-01,Ready Mixed Concrete,2023-05-01,8,1041.6,117.6,1013.8679606119792,1070.0366617838545,0.0,119230.87216796876,2097.271857096355
O2,H20,0.2,0.016666666666666666,2022-09-01,Ready Mixed Concrete,2023-06-01,9,1020.3,117.3,1015.3138631184896,3082.6651285807293,0.0,119096.31614379883,6026.610326375326
O2,H20,0.2,0.016666666666666666,2022-09-01,Ready Mixed Concrete,2023-07-01,10,1046.0,116.3,7.309844870703387,6083.461555989584,0.0,850.1349584628039,11791.776316026477
O2,H20,0.2,0.016666666666666666,2022-09-01,Ready Mixed Concrete,2023-08-01,11,1113.5,116.4,0.0,10032.071846516927,0.0,0.0,19462.219382242838
O2,H20,0.2,0.016666666666666666,2022-09-01,Ready Mixed Concrete,2023-09-01,12,1081.8,116.6,0.0,14019.691981914973,0.0,0.0,27244.93475152143
O2,H20,0.2,0.016666666666666666,2022-09-01,Steel Reinforcement Bars,2022-10-01,1,108.27,1040.5,0.0,0.0,108.27,0.0,0.0
O2,H20,0.2,0.016666666666666666,2022-09-01,Steel Reinforcement Bars,2022-11-01,2,51.21,1004.5,0.0,0.0,51.21,0.0,0.0
O2,H20,0.2,0.016666666666666666,2022-09-01,Steel Reinforcement Bars,2022-12-01,3,70.5,952.3,64.86755933298345,0.0,70.5,61773.37675280013,0.0
O2,H20,0.2,0.016666666666666666,2022-09-01,Steel Reinforcement Bars,2023-01-01,4,79.16,922.6,0.0,0.0,79.16,0.0,0.0
O2,H20,0.2,0.016666666666666666,2022-09-01,Steel Reinforcement Bars,2023-02-01,5,100.49,942.1,0.0,0.0,35.62244066701655,0.0,0.0
O2,H20,0.2,0.016666666666666666,2022-09-01,Steel Reinforcement Bars,2023-03-01,6,57.1,946.6,0.0,7.767559332983446,0.0,0.0,122.5461944100355
O2,H20,0.2,0.016666666666666666,2022-09-01,Steel Reinforcement Bars,2023-04-01,7,67.2,940.1,82.51488876342773,5.435118665966897,0.0,77572.24692649841,85.15925096459132
O2,H20,0.2,0.016666666666666666,2022-09-01,Steel Reinforcement Bars,2023-05-01,8,152.2,922.8,83.75896962483723,0.0,81.89732200104964,77292.7771697998,0.0
O2,H20,0.2,0.016666666666666666,2022-09-01,Steel Reinforcement Bars,2023-06-01,9,135.08,885.5,85.00305048624675,12.302448096411155,0.0,75270.2012055715,181.56362982286794
O2,H20,0.2,0.016666666666666666,2022-09-01,Steel Reinforcement Bars,2023-07-01,10,141.5,859.2,86.24713134765625,101.94386581765954,0.0,74103.53525390626,1459.8361585088846
O2,H20,0.2,0.016666666666666666,2022-09-01,Steel Reinforcement Bars,2023-08-01,11,173.95,832.6,0.0,244.13833402515473,0.0,0.0,3387.826281822397
O2,H20,0.2,0.016666666666666666,2022-09-01,Steel Reinforcement Bars,2023-09-01,12,140.71,830.1,0.0,505.81993358030604,0.0,0.0,6998.018781083534
O2,H20,0.2,0.016666666666666666,2022-10-01,Cement,2022-11-01,1,296.3,118.4,0.0,0.0,296.3,0.0,0.0
O2,H20,0.2,0.016666666666666666,2022-10-01,Cement,2022-12-01,2,375.31,118.3,0.0,0.0,375.31,0.0,0.0
O2,H20,0.2,0.016666666666666666,2022-10-01,Cement,2023-01-01,3,440.73,118.5,0.0,0.0,440.73,0.0,0.0
O2,H20,0.2,0.016666666666666666,2022-10-01,Cement,2023-02-01,4,282.49,118.4,0.0,0.0,282.49,0.0,0.0
O2,H20,0.2,0.016666666666666666,2022-10-01,Cement,2023-03-01,5,427.87,118.2,0.0,0.0,427.87,0.0,0.0
O2,H20,0.2,0.016666666666666666,2022-10-01,Cement,2023-04-01,6,315.7,118.0,304.6342925025392,0.0,315.7,35946.84651529963,0.0
O2,H20,0.2,0.016666666666666666,2022-10-01,Cement,2023-05-01,7,398.82,117.2,356.2586975097656,0.0,398.82,41753.51934814453,0.0
O2,H20,0.2,0.016666666666666666,2022-10-01,Cement,2023-06-01,8,335.0,116.7,363.749003092448,0.0,30.36570749746079,42449.508660888685,0.0
O2,H20,0.2,0.016666666666666666,2022-10-01,Cement,2023-07-01,9,425.98,115.2,371.2393086751302,234.91299001230482,0.0,42766.768359375,451.0329408236252
O2,H20,0.2,0.016666666666666666,2022-10-01,Cement,2023-08-01,10,378.3,114.4,378.7296142578125,881.2549831170577,0.0,43326.66787109375,1680.2595011431902
O2,H20,0.2,0.016666666666666666,2022-10-01,Cement,2023-09-01,11,446.33,113.5,0.0,1830.8062848969407,0.0,0.0,3463.2752222633794
O2,H20,0.2,0.016666666666666666,2022-10-01,Cement,2023-10-01,12,335.47,113.2,0.0,3269.9472009346364,0.0,0.0,6169.300385763348
O2,H20,0.2,0.016666666666666666,2022-10-01,Granite,2022-11-01,1,1531.9,20.5,1467.402326127154,0.0,1531.9,30081.747685606657,0.0
O2,H20,0.2,0.016666666666666666,2022-10-01,Granite,2022-12-01,2,1692.1,19.3,1526.6400395429584,0.0,1692.1,29464.1527631791,0.0
O2,H20,0.2,0.016666666666666666,2022-10-01,Granite,2023-01-01,3,1309.6,19.0,1585.877752958763,157.80232612715417,0.0,30131.677306216498,49.97073660693215
O2,H20,0.2,0.016666666666666666,2022-10-01,Granite,2023-02-01,4,1455.1,18.5,177.39382613297926,1696.7446917972666,0.0,3281.7857834601164,523.1629466374906
O2,H20,0.2,0.016666666666666666,2022-10-01,Granite,2023-03-01,5,1561.4,18.3,0.0,4715.2648104261425,0.0,0.0,1438.1557671799735
O2,H20,0.2,0.016666666666666666,2022-10-01,Granite,2023-04-01,6,1395.2,18.6,0.0,8077.378755187999,0.0,0.0,2503.9874141082796
O2,H20,0.2,0.016666666666666666,2022-10-01,Granite,2023-05-01,7,1844.9,18.3,0.0,10989.792699949854,0.0,0.0,3351.8867734847054
O2,H20,0.2,0.016666666666666666,2022-10-01,Granite,2023-06-01,8,1659.3,18.5,0.0,14087.806644711709,0.0,0.0,4343.740382119444
O2,H20,0.2,0.016666666666666666,2022-10-01,Granite,2023-07-01,9,1674.3,18.5,1648.308606518902,17170.820589473566,0.0,30493.70922059969,5294.336348421017
O2,H20,0.2,0.016666666666666666,2022-10-01,Granite,2023-08-01,10,1755.2,18.5,1648.9472345477689,20172.93453423542,0.0,30505.523839133723,6219.988148055922
O2,H20,0.2,0.016666666666666666,2022-10-01,Granite,2023-09-01,11,1729.4,18.6,0.0,24849.157085516177,0.0,0.0,7703.238696510015
O2,H20,0.2,0.016666666666666666,2022-10-01,Granite,2023-10-01,12,1742.2,19.5,0.0,31161.526871344704,0.0,0.0,10127.496233187028
O2,H20,0.2,0.016666666666666666,2022-10-01,Ready Mixed Concrete,2022-11-01,1,959.9,118.2,0.0,0.0,959.9,0.0,0.0
O2,H20,0.2,0.016666666666666666,2022-10-01,Ready Mixed Concrete,2022-12-01,2,992.6,118.0,0.0,0.0,992.6,0.0,0.0
O2,H20,0.2,0.016666666666666666,2022-10-01,Ready Mixed Concrete,2023-01-01,3,808.1,117.6,0.0,0.0,808.1,0.0,0.0
O2,H20,0.2,0.016666666666666666,2022-10-01,Ready Mixed Concrete,2023-02-01,4,897.3,118.1,0.0,0.0,897.3,0.0,0.0
O2,H20,0.2,0.016666666666666666,2022-10-01,Ready Mixed Concrete,2023-03-01,5,1070.7,116.8,1004.6543579101562,0.0,1070.7,117343.62900390624,0.0
O2,H20,0.2,0.016666666666666666,2022-10-01,Ready Mixed Concrete,2023-04-01,6,918.4,117.2,1007.1316528320312,0.0,918.4,118035.82971191406,0.0
O2,H20,0.2,0.016666666666666666,2022-10-01,Ready Mixed Concrete,2023-05-01,7,1041.6,117.6,1009.6089477539062,0.0,36.94564208984366,118730.01225585937,0.0
O2,H20,0.2,0.016666666666666666,2022-10-01,Ready Mixed Concrete,2023-06-01,8,1020.3,117.3,1012.0862426757812,991.4860107421875,0.0,118717.71626586914,1938.3551510009765
O2,H20,0.2,0.016666666666666666,2022-10-01,Ready Mixed Concrete,2023-07-01,9,1046.0,116.3,997.1644286109376,2966.880969238281,0.0,115970.22304745205,5750.804278706868
O2,H20,0.2,0.016666666666666666,2022-10-01,Ready Mixed Concrete,2023-08-01,10,1113.5,116.4,0.0,5886.862170410156,0.0,0.0,11420.512610595704
O2,H20,0.2,0.016666666666666666,2022-10-01,Ready Mixed Concrete,2023-09-01,11,1081.8,116.6,0.0,9835.70780019297,0.0,0.0,19114.05882504167
O2,H20,0.2,0.016666666666666666,2022-10-01,Ready Mixed Concrete,2023-10-01,12,1101.2,116.4,0.0,13765.15342997578,0.0,0.0,26704.397654153017
O2,H20,0.2,0.016666666666666666,2022-10-01,Steel Reinforcement Bars,2022-11-01,1,51.21,1004.5,112.9927767707275,0.0,51.21,113501.24426619578,0.0
O2,H20,0.2,0.016666666666666666,2022-10-01,Steel Reinforcement Bars,2022-12-01,2,70.5,952.3,0.0,0.0,70.5,0.0,0.0
O2,H20,0.2,0.016666666666666666,2022-10-01,Steel Reinforcement Bars,2023-01-01,3,79.16,922.6,0.0,33.832776770727506,0.0,0.0,520.2353308112199
O2,H20,0.2,0.016666666666666666,2022-10-01,Steel Reinforcement Bars,2023-02-01,4,100.49,942.1,0.0,46.33555354145501,0.0,0.0,727.5454165234128
O2,H20,0.2,0.016666666666666666,2022-10-01,Steel Reinforcement Bars,2023-03-01,5,57.1,946.6,0.0,102.22833031218252,0.0,0.0,1612.8222912251997
O2,H20,0.2,0.016666666666666666,2022-10-01,Steel Reinforcement Bars,2023-04-01,6,67.2,940.1,0.0,148.02110708291002,0.0,0.0,2319.244046144062
O2,H20,0.2,0.016666666666666666,2022-10-01,Steel Reinforcement Bars,2023-05-01,7,152.2,922.8,97.8727684020996,108.81388385363755,0.0,90316.99068145751,1673.5575336689453
O2,H20,0.2,0.016666666666666666,2022-10-01,Steel Reinforcement Bars,2023-06-01,8,135.08,885.5,94.7339375813802,86.72666062436505,0.0,83886.90172831216,1279.9409663812542
O2,H20,0.2,0.016666666666666666,2022-10-01,Steel Reinforcement Bars,2023-07-01,9,141.5,859.2,91.5951067606608,156.09220579719215,0.0,78698.51572875977,2235.240387015792
O2,H20,0.2,0.016666666666666666,2022-10-01,Steel Reinforcement Bars,2023-08-01,10,173.95,832.6,88.4562759399414,287.7416885513995,0.0,73648.69534759522,3992.895498131587
O2,H20,0.2,0.016666666666666666,2022-10-01,Steel Reinforcement Bars,2023-09-01,11,140.71,830.1,0.0,544.2262780662675,0.0,0.0,7529.370557046811
O2,H20,0.2,0.016666666666666666,2022-10-01,Steel Reinforcement Bars,2023-10-01,12,162.59,827.4,0.0,867.2871435210769,0.0,0.0,11959.88970915565
O2,H20,0.2,0.016666666666666666,2022-11-01,Cement,2022-12-01,1,375.31,118.3,0.0,0.0,375.31,0.0,0.0
O2,H20,0.2,0.016666666666666666,2022-11-01,Cement,2023-01-01,2,440.73,118.5,0.0,0.0,440.73,0.0,0.0
O2,H20,0.2,0.016666666666666666,2022-11-01,Cement,2023-02-01,3,282.49,118.4,0.0,0.0,282.49,0.0,0.0
O2,H20,0.2,0.016666666666666666,2022-11-01,Cement,2023-03-01,4,427.87,118.2,0.0,0.0,427.87,0.0,0.0
O2,H20,0.2,0.016666666666666666,2022-11-01,Cement,2023-04-01,5,315.7,118.0,0.0,0.0,315.7,0.0,0.0
O2,H20,0.2,0.016666666666666666,2022-11-01,Cement,2023-05-01,6,398.82,117.2,318.87272634042984,0.0,398.82,37371.88352709838,0.0
O2,H20,0.2,0.016666666666666666,2022-11-01,Cement,2023-06-01,7,335.0,116.7,353.6068420410156,0.0,335.0,41265.91846618652,0.0
O2,H20,0.2,0.016666666666666666,2022-11-01,Cement,2023-07-01,8,425.98,115.2,355.60727945963544,0.0,107.10727365957018,40965.95859375,0.0
O2,H20,0.2,0.016666666666666666,2022-11-01,Cement,2023-08-01,9,378.3,114.4,357.6077168782552,294.17956838144545,0.0,40910.32281087239,560.9023770472893
O2,H20,0.2,0.016666666666666666,2022-11-01,Cement,2023-09-01,10,446.33,113.5,359.608154296875,875.9364162225265,0.0,40815.52551269531,1656.9797206876126
O2,H20,0.2,0.016666666666666666,2022-11-01,Cement,2023-10-01,11,335.47,113.2,0.0,1926.1609809418626,0.0,0.0,3634.023717376981
O2,H20,0.2,0.016666666666666666,2022-11-01,Cement,2023-11-01,12,381.97,112.0,0.0,3289.493699958073,0.0,0.0,6140.388239921736
O2,H20,0.2,0.016666666666666666,2022-11-01,Granite,2022-12-01,1,1692.1,19.3,1425.6165040871942,0.0,1692.1,27514.39852888285,0.0
O2,H20,0.2,0.016666666666666666,2022-11-01,Granite,2023-01-01,2,1309.6,19.0,1468.247007303634,0.0,1309.6,27896.693138769046,0.0
O2,H20,0.2,0.016666666666666666,2022-11-01,Granite,2023-02-01,3,1455.1,18.5,1510.877510520074,0.0,29.483495912805665,27951.23394462137,0.0
O2,H20,0.2,0.016666666666666666,2022-11-01,Granite,2023-03-01,4,1561.4,18.3,1553.508013736514,1332.4635113908284,0.0,28429.196651378206,406.4013709742027
O2,H20,0.2,0.016666666666666666,2022-11-01,Granite,2023-04-01,5,1395.2,18.6,0.0,4342.004533301731,0.0,0.0,1346.0214053235366
O2,H20,0.2,0.016666666666666666,2022-11-01,Granite,2023-05-01,6,1844.9,18.3,0.0,8455.353568949147,0.0,0.0,2578.88283852949
O2,H20,0.2,0.016666666666666666,2022-11-01,Granite,2023-06-01,7,1659.3,18.5,0.0,12754.302604596563,0.0,0.0,3932.576636417274
O2,H20,0.2,0.016666666666666666,2022-11-01,Granite,2023-07-01,8,1674.3,18.5,0.0,17038.25164024398,0.0,0.0,5253.460922408561
O2,H20,0.2,0.016666666666666666,2022-11-01,Granite,2023-08-01,9,1755.2,18.5,142.19900825905688,21241.300675891394,0.0,2630.681652792552,6549.40104173318
O2,H20,0.2,0.016666666666666666,2022-11-01,Granite,2023-09-01,10,1729.4,18.6,1572.584678682833,25470.14971153881,0.0,29250.075023500696,7895.7464105770305
O2,H20,0.2,0.016666666666666666,2022-11-01,Granite,2023-10-01,11,1742.2,19.5,0.0,29828.397755445283,0.0,0.0,9694.229270519718
O2,H20,0.2,0.016666666666666666,2022-11-01,Granite,2023-11-01,12,1621.1,20.3,0.0,35880.33047803459,0.0,0.0,12139.511811735038
O2,H20,0.2,0.016666666666666666,2022-11-01,Ready Mixed Concrete,2022-12-01,1,992.6,118.0,0.0,0.0,992.6,0.0,0.0
O2,H20,0.2,0.016666666666666666,2022-11-01,Ready Mixed Concrete,2023-01-01,2,808.1,117.6,0.0,0.0,808.1,0.0,0.0
O2,H20,0.2,0.016666666666666666,2022-11-01,Ready Mixed Concrete,2023-02-01,3,897.3,118.1,0.0,0.0,897.3,0.0,0.0
O2,H20,0.2,0.016666666666666666,2022-11-01,Ready Mixed Concrete,2023-03-01,4,1070.7,116.8,0.0,0.0,1070.7,0.0,0.0
O2,H20,0.2,0.016666666666666666,2022-11-01,Ready Mixed Concrete,2023-04-01,5,918.4,117.2,921.7260792050132,0.0,918.4,108026.29648282754,0.0
O2,H20,0.2,0.016666666666666666,2022-11-01,Ready Mixed Concrete,2023-05-01,6,1041.6,117.6,993.3841959635416,0.0,1041.6,116821.98144531249,0.0
O2,H20,0.2,0.016666666666666666,2022-11-01,Ready Mixed Concrete,2023-06-01,7,1020.3,117.3,1001.5124206542968,0.0,98.57392079498675,117477.406942749,0.0
O2,H20,0.2,0.016666666666666666,2022-11-01,Ready Mixed Concrete,2023-07-01,8,1046.0,116.3,1009.640645345052,869.1102751685548,0.0,117421.20705362955,1684.6254167017153
O2,H20,0.2,0.016666666666666666,2022-11-01,Ready Mixed Concrete,2023-08-01,9,1113.5,116.4,1017.7688700358073,2672.2329709914065,0.0,118468.29647216797,5184.131963723329
O2,H20,0.2,0.016666666666666666,2022-11-01,Ready Mixed Concrete,2023-09-01,10,1081.8,116.6,0.0,5516.69631215931,0.0,0.0,10720.779833296257
O2,H20,0.2,0.016666666666666666,2022-11-01,Ready Mixed Concrete,2023-10-01,11,1101.2,116.4,0.0,9359.52852336302,0.0,0.0,18157.48533532426
O2,H20,0.2,0.016666666666666666,2022-11-01,Ready Mixed Concrete,2023-11-01,12,1070.0,115.4,0.0,13233.56073456673,0.0,0.0,25452.548479483346
O2,H20,0.2,0.016666666666666666,2022-11-01,Steel Reinforcement Bars,2022-12-01,1,70.5,952.3,0.0,0.0,70.5,0.0,0.0
O2,H20,0.2,0.016666666666666666,2022-11-01,Steel Reinforcement Bars,2023-01-01,2,79.16,922.6,0.0,0.0,79.16,0.0,0.0
O2,H20,0.2,0.016666666666666666,2022-11-01,Steel Reinforcement Bars,2023-02-01,3,100.49,942.1,0.0,0.0,100.49,0.0,0.0
O2,H20,0.2,0.016666666666666666,2022-11-01,Steel Reinforcement Bars,2023-03-01,4,57.1,946.6,0.0,0.0,57.1,0.0,0.0
O2,H20,0.2,0.016666666666666666,2022-11-01,Steel Reinforcement Bars,2023-04-01,5,67.2,940.1,0.0,0.0,67.2,0.0,0.0
O2,H20,0.2,0.016666666666666666,2022-11-01,Steel Reinforcement Bars,2023-05-01,6,152.2,922.8,79.89610661997075,0.0,152.2,73728.12718890901,0.0
O2,H20,0.2,0.016666666666666666,2022-11-01,Steel Reinforcement Bars,2023-06-01,7,135.08,885.5,91.12015533447266,0.0,135.08,80686.89754867554,0.0
O2,H20,0.2,0.016666666666666666,2022-11-01,Steel Reinforcement Bars,2023-07-01,8,141.5,859.2,90.88448079427084,0.0,61.60389338002925,78087.94589843751,0.0
O2,H20,0.2,0.016666666666666666,2022-11-01,Steel Reinforcement Bars,2023-08-01,9,173.95,832.6,90.64880625406904,0.0,2.933738045556595,75474.19608713788,0.0
O2,H20,0.2,0.016666666666666666,2022-11-01,Steel Reinforcement Bars,2023-09-01,10,140.71,830.1,90.4131317138672,121.19074274871426,0.0,75051.94063568117,1676.6739259284618
O2,H20,0.2,0.016666666666666666,2022-11-01,Steel Reinforcement Bars,2023-10-01,11,162.59,827.4,0.0,311.15029175149755,0.0,0.0,4290.762523253151
O2,H20,0.2,0.016666666666666666,2022-11-01,Steel Reinforcement Bars,2023-11-01,12,187.13,826.7,0.0,566.982972468148,0.0,0.0,7812.080388990299
O2,H20,0.2,0.016666666666666666,2022-12-01,Cement,2023-01-01,1,440.73,118.5,0.0,0.0,440.73,0.0,0.0
O2,H20,0.2,0.016666666666666666,2022-12-01,Cement,2023-02-01,2,282.49,118.4,0.0,0.0,282.49,0.0,0.0
O2,H20,0.2,0.016666666666666666,2022-12-01,Cement,2023-03-01,3,427.87,118.2,0.0,0.0,427.87,0.0,0.0
O2,H20,0.2,0.016666666666666666,2022-12-01,Cement,2023-04-01,4,315.7,118.0,0.0,0.0,315.7,0.0,0.0
O2,H20,0.2,0.016666666666666666,2022-12-01,Cement,2023-05-01,5,398.82,117.2,0.2042794817058961,0.0,398.82,23.941555255931025,0.0
O2,H20,0.2,0.016666666666666666,2022-12-01,Cement,2023-06-01,6,335.0,116.7,320.29982503255206,0.0,335.0,37378.989581298825,0.0
O2,H20,0.2,0.016666666666666666,2022-12-01,Cement,2023-07-01,7,425.98,115.2,321.9914855957031,0.0,425.7757205182941,37093.419140625,0.0
O2,H20,0.2,0.016666666666666666,2022-12-01,Cement,2023-08-01,8,378.3,114.4,323.6831461588542,0.0,57.79589548574205,37029.35192057292,0.0
O2,H20,0.2,0.016666666666666666,2022-12-01,Cement,2023-09-01,9,446.33,113.5,325.3748067220052,196.1655901099611,0.0,36930.040562947586,371.07990795800976
O2,H20,0.2,0.016666666666666666,2022-12-01,Cement,2023-10-01,10,335.47,113.2,327.06646728515625,826.8743263787765,0.0,37023.924096679686,1560.0362291012916
O2,H20,0.2,0.016666666666666666,2022-12-01,Cement,2023-11-01,11,381.97,112.0,0.0,1736.457869369597,0.0,0.0,3241.3880228232474
O2,H20,0.2,0.016666666666666666,2022-12-01,Cement,2023-12-01,12,467.38,111.7,0.0,2887.6978796455733,0.0,0.0,5375.930885940175
O2,H20,0.2,0.016666666666666666,2022-12-01,Granite,2023-01-01,1,1309.6,19.0,0.0,0.0,1309.6,0.0,0.0
O2,H20,0.2,0.016666666666666666,2022-12-01,Granite,2023-02-01,2,1455.1,18.5,0.0,0.0,1455.1,0.0,0.0
O2,H20,0.2,0.016666666666666666,2022-12-01,Granite,2023-03-01,3,1561.4,18.3,1516.7214454782732,0.0,1561.4,27756.0024522524,0.0
O2,H20,0.2,0.016666666666666666,2022-12-01,Granite,2023-04-01,4,1395.2,18.6,1494.510190777914,0.0,1395.2,27797.889548469204,0.0
O2,H20,0.2,0.016666666666666666,2022-12-01,Granite,2023-05-01,5,1844.9,18.3,0.0,0.0,328.17855452172694,0.0,0.0
O2,H20,0.2,0.016666666666666666,2022-12-01,Granite,2023-06-01,6,1659.3,18.5,0.0,1351.931636256187,0.0,0.0,416.8455878456577
O2,H20,0.2,0.016666666666666666,2022-12-01,Granite,2023-07-01,7,1674.3,18.5,0.0,2688.8632725123734,0.0,0.0,829.0661756913152
O2,H20,0.2,0.016666666666666666,2022-12-01,Granite,2023-08-01,8,1755.2,18.5,1534.896403064447,3944.8949087685605,0.0,28395.583456692268,1216.3425968703061
O2,H20,0.2,0.016666666666666666,2022-12-01,Granite,2023-09-01,9,1729.4,18.6,1542.9689970928164,5226.726545024747,0.0,28699.223345926388,1620.2852289576715
O2,H20,0.2,0.016666666666666666,2022-12-01,Granite,2023-10-01,10,1742.2,19.5,1551.0415911211855,8030.654584345381,0.0,30245.311026863117,2609.962739912249
O2,H20,0.2,0.016666666666666666,2022-12-01,Granite,2023-11-01,11,1621.1,20.3,0.0,12498.651620758832,0.0,0.0,4228.710465023405
O2,H20,0.2,0.016666666666666666,2022-12-01,Granite,2023-12-01,12,1531.7,21.2,0.0,18607.09024829347,0.0,0.0,6574.505221063692
O2,H20,0.2,0.016666666666666666,2022-12-01,Ready Mixed Concrete,2023-01-01,1,808.1,117.6,0.0,0.0,808.1,0.0,0.0
O2,H20,0.2,0.016666666666666666,2022-12-01,Ready Mixed Concrete,2023-02-01,2,897.3,118.1,0.0,0.0,897.3,0.0,0.0
O2,H20,0.2,0.016666666666666666,2022-12-01,Ready Mixed Concrete,2023-03-01,3,1070.7,116.8,0.0,0.0,1070.7,0.0,0.0
O2,H20,0.2,0.016666666666666666,2022-12-01,Ready Mixed Concrete,2023-04-01,4,918.4,117.2,0.0,0.0,918.4,0.0,0.0
O2,H20,0.2,0.016666666666666666,2022-12-01,Ready Mixed Concrete,2023-05-01,5,1041.6,117.6,0.0,0.0,1041.6,0.0,0.0
O2,H20,0.2,0.016666666666666666,2022-12-01,Ready Mixed Concrete,2023-06-01,6,1020.3,117.3,1014.754638671875,0.0,1020.3,119030.71911621094,0.0
O2,H20,0.2,0.016666666666666666,2022-12-01,Ready Mixed Concrete,2023-07-01,7,1046.0,116.3,1021.420166015625,0.0,1046.0,118791.16530761718,0.0
O2,H20,0.2,0.016666666666666666,2022-12-01,Ready Mixed Concrete,2023-08-01,8,1113.5,116.4,1028.085693359375,0.0,98.745361328125,119669.17470703126,0.0
O2,H20,0.2,0.016666666666666666,2022-12-01,Ready Mixed Concrete,2023-09-01,9,1081.8,116.6,1034.751220703125,954.3748046875,0.0,120651.99233398437,1854.6683704427082
O2,H20,0.2,0.016666666666666666,2022-12-01,Ready Mixed Concrete,2023-10-01,10,1101.2,116.4,971.192321677344,2917.435302734375,0.0,113046.78624324285,5659.824487304688
O2,H20,0.2,0.016666666666666666,2022-12-01,Ready Mixed Concrete,2023-11-01,11,1070.0,115.4,0.0,5946.447021484375,0.0,0.0,11436.999771321614
O2,H20,0.2,0.016666666666666666,2022-12-01,Ready Mixed Concrete,2023-12-01,12,1101.6,115.4,0.0,9915.051061911718,0.0,0.0,19069.94820907687
O2,H20,0.2,0.016666666666666666,2022-12-01,Steel Reinforcement Bars,2023-01-01,1,79.16,922.6,0.0,0.0,79.16,0.0,0.0
O2,H20,0.2,0.016666666666666666,2022-12-01,Steel Reinforcement Bars,2023-02-01,2,100.49,942.1,0.0,0.0,100.49,0.0,0.0
O2,H20,0.2,0.016666666666666666,2022-12-01,Steel Reinforcement Bars,2023-03-01,3,57.1,946.6,0.0,0.0,57.1,0.0,0.0
O2,H20,0.2,0.016666666666666666,2022-12-01,Steel Reinforcement Bars,2023-04-01,4,67.2,940.1,0.0,0.0,67.2,0.0,0.0
O2,H20,0.2,0.016666666666666666,2022-12-01,Steel Reinforcement Bars,2023-05-01,5,152.2,922.8,0.0,0.0,152.2,0.0,0.0
O2,H20,0.2,0.016666666666666666,2022-12-01,Steel Reinforcement Bars,2023-06-01,6,135.08,885.5,84.74068059458011,0.0,135.08,75037.87266650068,0.0
O2,H20,0.2,0.016666666666666666,2022-12-01,Steel Reinforcement Bars,2023-07-01,7,141.5,859.2,99.93511962890624,0.0,141.5,85864.25478515624,0.0
O2,H20,0.2,0.016666666666666666,2022-12-01,Steel Reinforcement Bars,2023-08-01,8,173.95,832.6,100.04652659098308,0.0,89.20931940541988,83298.73803965251,0.0
O2,H20,0.2,0.016666666666666666,2022-12-01,Steel Reinforcement Bars,2023-09-01,9,140.71,830.1,100.15793355305988,43.965800223486355,0.0,83141.100642395,608.2668460919338
O2,H20,0.2,0.016666666666666666,2022-12-01,Steel Reinforcement Bars,2023-10-01,10,162.59,827.4,100.26934051513672,166.09812703795583,0.0,82962.85234222411,2290.493171853411
O2,H20,0.2,0.016666666666666666,2022-12-01,Steel Reinforcement Bars,2023-11-01,11,187.13,826.7,0.0,363.84838740548514,0.0,0.0,5013.224364468577
O2,H20,0.2,0.016666666666666666,2022-12-01,Steel Reinforcement Bars,2023-12-01,12,122.5,819.7,0.0,726.4979882881512,0.0,0.0,9925.173349996627
O2,H20,0.2,0.016666666666666666,2023-01-01,Cement,2023-02-01,1,282.49,118.4,0.0,0.0,282.49,0.0,0.0
O2,H20,0.2,0.016666666666666666,2023-01-01,Cement,2023-03-01,2,427.87,118.2,0.0,0.0,427.87,0.0,0.0
O2,H20,0.2,0.016666666666666666,2023-01-01,Cement,2023-04-01,3,315.7,118.0,0.0,0.0,315.7,0.0,0.0
O2,H20,0.2,0.016666666666666666,2023-01-01,Cement,2023-05-01,4,398.82,117.2,0.0,0.0,398.82,0.0,0.0
O2,H20,0.2,0.016666666666666666,2023-01-01,Cement,2023-06-01,5,335.0,116.7,42.84547668629574,0.0,335.0,5000.067129290713,0.0
O2,H20,0.2,0.016666666666666666,2023-01-01,Cement,2023-07-01,6,425.98,115.2,324.67552693684894,0.0,425.98,37402.620703125,0.0
O2,H20,0.2,0.016666666666666666,2023-01-01,Cement,2023-08-01,7,378.3,114.4,320.6295623779297,0.0,335.45452331370427,36680.021936035155,0.0
O2,H20,0.2,0.016666666666666666,2023-01-01,Cement,2023-09-01,8,446.33,113.5,316.58359781901044,0.0,78.8089963768553,35932.23835245769,0.0
O2,H20,0.2,0.016666666666666666,2023-01-01,Cement,2023-10-01,9,335.47,113.2,312.5376332600911,352.68056600107434,0.0,35379.26008504232,665.3906678553602
O2,H20,0.2,0.016666666666666666,2023-01-01,Cement,2023-11-01,10,381.97,112.0,308.4916687011719,975.4447298211592,0.0,34551.06689453125,1820.8301623328305
O2,H20,0.2,0.016666666666666666,2023-01-01,Cement,2023-12-01,11,467.38,111.7,0.0,1825.3365269013348,0.0,0.0,3398.168167581318
O2,H20,0.2,0.016666666666666666,2023-01-01,Cement,2024-01-01,12,434.45,110.6,0.0,3016.6499926826828,0.0,0.0,5560.691486511745
O2,H20,0.2,0.016666666666666666,2023-01-01,Granite,2023-02-01,1,1455.1,18.5,0.0,0.0,1455.1,0.0,0.0
O2,H20,0.2,0.016666666666666666,2023-01-01,Granite,2023-03-01,2,1561.4,18.3,0.0,0.0,1561.4,0.0,0.0
O2,H20,0.2,0.016666666666666666,2023-01-01,Granite,2023-04-01,3,1395.2,18.6,1434.9439139650983,0.0,1395.2,26689.95679975083,0.0
O2,H20,0.2,0.016666666666666666,2023-01-01,Granite,2023-05-01,4,1844.9,18.3,1657.986513336458,0.0,1844.9,30341.153194057184,0.0
O2,H20,0.2,0.016666666666666666,2023-01-01,Granite,2023-06-01,5,1659.3,18.5,1632.74919610318,0.0,224.35608603490164,30205.860127908833,0.0
O2,H20,0.2,0.016666666666666666,2023-01-01,Granite,2023-07-01,6,1674.3,18.5,1607.5118788699017,1418.6304273015564,0.0,29738.969759093183,437.41104841797994
O2,H20,0.2,0.016666666666666666,2023-01-01,Granite,2023-08-01,7,1755.2,18.5,1582.2745616366233,4389.110050706293,0.0,29272.07939027753,1353.308932301107
O2,H20,0.2,0.016666666666666666,2023-01-01,Granite,2023-09-01,8,1729.4,18.6,0.0,8992.901552980931,0.0,0.0,2787.7994814240888
O2,H20,0.2,0.016666666666666666,2023-01-01,Granite,2023-10-01,9,1742.2,19.5,0.0,15166.167616892191,0.0,0.0,4929.004475489963
O2,H20,0.2,0.016666666666666666,2023-01-01,Granite,2023-11-01,10,1621.1,20.3,0.0,21460.533680803455,0.0,0.0,7260.813895338502
O2,H20,0.2,0.016666666666666666,2023-01-01,Granite,2023-12-01,11,1531.7,21.2,0.0,27844.299744714717,0.0,0.0,9838.319243132533
O2,H20,0.2,0.016666666666666666,2023-01-01,Granite,2024-01-01,12,1664.5,22.3,0.0,34095.265808625976,0.0,0.0,12672.073792205989
O2,H20,0.2,0.016666666666666666,2023-01-01,Ready Mixed Concrete,2023-02-01,1,897.3,118.1,0.0,0.0,897.3,0.0,0.0
O2,H20,0.2,0.016666666666666666,2023-01-01,Ready Mixed Concrete,2023-03-01,2,1070.7,116.8,0.0,0.0,1070.7,0.0,0.0
O2,H20,0.2,0.016666666666666666,2023-01-01,Ready Mixed Concrete,2023-04-01,3,918.4,117.2,0.0,0.0,918.4,0.0,0.0
O2,H20,0.2,0.016666666666666666,2023-01-01,Ready Mixed Concrete,2023-05-01,4,1041.6,117.6,0.0,0.0,1041.6,0.0,0.0
O2,H20,0.2,0.016666666666666666,2023-01-01,Ready Mixed Concrete,2023-06-01,5,1020.3,117.3,54.14152008229178,0.0,1020.3,6350.800305652825,0.0
O2,H20,0.2,0.016666666666666666,2023-01-01,Ready Mixed Concrete,2023-07-01,6,1046.0,116.3,991.3560994466146,0.0,1046.0,115294.71436564128,0.0
O2,H20,0.2,0.016666666666666666,2023-01-01,Ready Mixed Concrete,2023-08-01,7,1113.5,116.4,987.7769165039062,0.0,1059.3584799177083,114977.2330810547,0.0
O2,H20,0.2,0.016666666666666666,2023-01-01,Ready Mixed Concrete,2023-09-01,8,1081.8,116.6,984.197733561198,0.0,36.30238047109356,114757.45573323568,0.0
O2,H20,0.2,0.016666666666666666,2023-01-01,Ready Mixed Concrete,2023-10-01,9,1101.2,116.4,980.6185506184896,932.0745360328126,0.0,114143.9992919922,1808.2245999036566
O2,H20,0.2,0.016666666666666666,2023-01-01,Ready Mixed Concrete,2023-11-01,10,1070.0,115.4,977.0393676757812,2879.5468056268237,0.0,112750.34302978516,5538.328356155591
O2,H20,0.2,0.016666666666666666,2023-01-01,Ready Mixed Concrete,2023-12-01,11,1101.6,115.4,0.0,5776.037625839324,0.0,0.0,11109.245700364301
O2,H20,0.2,0.016666666666666666,2023-01-01,Ready Mixed Concrete,2024-01-01,12,1071.7,118.1,0.0,9679.467813727606,0.0,0.0,19052.41914668717
O2,H20,0.2,0.016666666666666666,2023-01-01,Steel Reinforcement Bars,2023-02-01,1,100.49,942.1,0.0,0.0,100.49,0.0,0.0
O2,H20,0.2,0.016666666666666666,2023-01-01,Steel Reinforcement Bars,2023-03-01,2,57.1,946.6,0.0,0.0,57.1,0.0,0.0
O2,H20,0.2,0.016666666666666666,2023-01-01,Steel Reinforcement Bars,2023-04-01,3,67.2,940.1,0.0,0.0,67.2,0.0,0.0
O2,H20,0.2,0.016666666666666666,2023-01-01,Steel Reinforcement Bars,2023-05-01,4,152.2,922.8,0.0,0.0,152.2,0.0,0.0
O2,H20,0.2,0.016666666666666666,2023-01-01,Steel Reinforcement Bars,2023-06-01,5,135.08,885.5,0.0,0.0,135.08,0.0,0.0
O2,H20,0.2,0.016666666666666666,2023-01-01,Steel Reinforcement Bars,2023-07-01,6,141.5,859.2,69.8822401954102,0.0,141.5,60042.82077589645,0.0
O2,H20,0.2,0.016666666666666666,2023-01-01,Steel Reinforcement Bars,2023-08-01,7,173.95,832.6,89.82319641113281,0.0,173.95,74786.79333190918,0.0
O2,H20,0.2,0.016666666666666666,2023-01-01,Steel Reinforcement Bars,2023-09-01,8,140.71,830.1,91.3185526529948,0.0,70.8277598045898,75803.53055725098,0.0
O2,H20,0.2,0.016666666666666666,2023-01-01,Steel Reinforcement Bars,2023-10-01,9,162.59,827.4,92.81390889485678,0.0,2.8845633934570003,76794.2282196045,0.0
O2,H20,0.2,0.016666666666666666,2023-01-01,Steel Reinforcement Bars,2023-11-01,10,187.13,826.7,94.30926513671876,63.89398925953782,0.0,77965.46948852541,880.352682014332
O2,H20,0.2,0.016666666666666666,2023-01-01,Steel Reinforcement Bars,2023-12-01,11,122.5,819.7,0.0,285.2318874139324,0.0,0.0,3896.74296855334
O2,H20,0.2,0.016666666666666666,2023-01-01,Steel Reinforcement Bars,2024-01-01,12,179.85,833.7,0.0,543.5290507050457,0.0,0.0,7552.336159546611
O2,H20,0.2,0.016666666666666666,2023-02-01,Cement,2023-03-01,1,427.87,118.2,0.0,0.0,427.87,0.0,0.0
O2,H20,0.2,0.016666666666666666,2023-02-01,Cement,2023-04-01,2,315.7,118.0,0.0,0.0,315.7,0.0,0.0
O2,H20,0.2,0.016666666666666666,2023-02-01,Cement,2023-05-01,3,398.82,117.2,0.0,0.0,398.82,0.0,0.0
O2,H20,0.2,0.016666666666666666,2023-02-01,Cement,2023-06-01,4,335.0,116.7,0.0,0.0,335.0,0.0,0.0
O2,H20,0.2,0.016666666666666666,2023-02-01,Cement,2023-07-01,5,425.98,115.2,0.0,0.0,425.98,0.0,0.0
O2,H20,0.2,0.016666666666666666,2023-02-01,Cement,2023-08-01,6,378.3,114.4,347.4878844214845,0.0,378.3,39752.61397781783,0.0
O2,H20,0.2,0.016666666666666666,2023-02-01,Cement,2023-09-01,7,446.33,113.5,372.7615966796875,0.0,446.33,42308.44122314453,0.0
O2,H20,0.2,0.016666666666666666,2023-02-01,Cement,2023-10-01,8,335.47,113.2,373.8863525390625,12.017884421484496,0.0,42323.93510742188,22.673741941867416
O2,H20,0.2,0.016666666666666666,2023-02-01,Cement,2023-11-01,9,381.97,112.0,375.0111083984375,350.2973655226565,0.0,42001.244140625,653.8884156422921
O2,H20,0.2,0.016666666666666666,2023-02-01,Cement,2023-12-01,10,467.38,111.7,376.1358642578125,977.053199162891,0.0,42014.376037597656,1818.947372441582
O2,H20,0.2,0.016666666666666666,2023-02-01,Cement,2024-01-01,11,434.45,110.6,0.0,2011.7501412015629,0.0,0.0,3708.326093614881
O2,H20,0.2,0.016666666666666666,2023-02-01,Cement,2024-02-01,12,367.77,110.6,0.0,3489.262947498047,0.0,0.0,6431.874699888067
O2,H20,0.2,0.016666666666666666,2023-02-01,Granite,2023-03-01,1,1561.4,18.3,0.0,0.0,1561.4,0.0,0.0
O2,H20,0.2,0.016666666666666666,2023-02-01,Granite,2023-04-01,2,1395.2,18.6,0.0,0.0,1395.2,0.0,0.0
O2,H20,0.2,0.016666666666666666,2023-02-01,Granite,2023-05-01,3,1844.9,18.3,1519.6736458802625,0.0,1844.9,27810.027719608803,0.0
O2,H20,0.2,0.016666666666666666,2023-02-01,Granite,2023-06-01,4,1659.3,18.5,1538.9252290761358,0.0,1659.3,28470.116737908513,0.0
O2,H20,0.2,0.016666666666666666,2023-02-01,Granite,2023-07-01,5,1674.3,18.5,1521.030709159783,0.0,154.62635411973747,28139.068119455987,0.0
O2,H20,0.2,0.016666666666666666,2023-02-01,Granite,2023-08-01,6,1755.2,18.5,1503.1361892434302,1303.3988749563985,0.0,27808.01950100346,401.88131977822286
O2,H20,0.2,0.016666666666666666,2023-02-01,Granite,2023-09-01,7,1729.4,18.6,1366.213163211741,4153.628459072581,0.0,25411.564835738383,1287.6248223125
O2,H20,0.2,0.016666666666666666,2023-02-01,Granite,2023-10-01,8,1742.2,19.5,0.0,8494.194232432192,0.0,0.0,2760.6131255404625
O2,H20,0.2,0.016666666666666666,2023-02-01,Granite,2023-11-01,9,1621.1,20.3,0.0,14322.073169003545,0.0,0.0,4845.634755512866
O2,H20,0.2,0.016666666666666666,2023-02-01,Granite,2023-12-01,10,1531.7,21.2,0.0,20239.352105574897,0.0,0.0,7151.237743969797
O2,H20,0.2,0.016666666666666666,2023-02-01,Granite,2024-01-01,11,1664.5,22.3,0.0,26023.83104214625,0.0,0.0,9672.190537331024
O2,H20,0.2,0.016666666666666666,2023-02-01,Granite,2024-02-01,12,1201.2,22.2,0.0,32271.609978717603,0.0,0.0,11940.495692125513
O2,H20,0.2,0.016666666666666666,2023-02-01,Ready Mixed Concrete,2023-03-01,1,1070.7,116.8,0.0,0.0,1070.7,0.0,0.0
O2,H20,0.2,0.016666666666666666,2023-02-01,Ready Mixed Concrete,2023-04-01,2,918.4,117.2,0.0,0.0,918.4,0.0,0.0
O2,H20,0.2,0.016666666666666666,2023-02-01,Ready Mixed Concrete,2023-05-01,3,1041.6,117.6,0.0,0.0,1041.6,0.0,0.0
O2,H20,0.2,0.016666666666666666,2023-02-01,Ready Mixed Concrete,2023-06-01,4,1020.3,117.3,0.0,0.0,1020.3,0.0,0.0
O2,H20,0.2,0.016666666666666666,2023-02-01,Ready Mixed Concrete,2023-07-01,5,1046.0,116.3,138.39943430755227,0.0,1046.0,16095.854209968329,0.0
O2,H20,0.2,0.016666666666666666,2023-02-01,Ready Mixed Concrete,2023-08-01,6,1113.5,116.4,933.2443644205728,0.0,1113.5,108629.64401855468,0.0
O2,H20,0.2,0.016666666666666666,2023-02-01,Ready Mixed Concrete,2023-09-01,7,1081.8,116.6,916.7461547851562,0.0,943.4005656924477,106892.60164794921,0.0
O2,H20,0.2,0.016666666666666666,2023-02-01,Ready Mixed Concrete,2023-10-01,8,1101.2,116.4,900.2479451497396,0.0,29.556201271874897,104788.8608154297,0.0
O2,H20,0.2,0.016666666666666666,2023-02-01,Ready Mixed Concrete,2023-11-01,9,1070.0,115.4,883.7497355143229,918.3899535132814,0.0,101984.71947835287,1766.3700105905446
O2,H20,0.2,0.016666666666666666,2023-02-01,Ready Mixed Concrete,2023-12-01,10,1101.6,115.4,867.2515258789062,2705.4278521763026,0.0,100080.82608642579,5203.439569019089
O2,H20,0.2,0.016666666666666666,2023-02-01,Ready Mixed Concrete,2024-01-01,11,1071.7,118.1,0.0,5406.115486353647,0.0,0.0,10641.037315639427
O2,H20,0.2,0.016666666666666666,2023-02-01,Ready Mixed Concrete,2024-02-01,12,874.95,118.0,0.0,9170.804646409895,0.0,0.0,18035.915804606127
O2,H20,0.2,0.016666666666666666,2023-02-01,Steel Reinforcement Bars,2023-03-01,1,57.1,946.6,0.0,0.0,57.1,0.0,0.0
O2,H20,0.2,0.016666666666666666,2023-02-01,Steel Reinforcement Bars,2023-04-01,2,67.2,940.1,0.0,0.0,67.2,0.0,0.0
O2,H20,0.2,0.016666666666666666,2023-02-01,Steel Reinforcement Bars,2023-05-01,3,152.2,922.8,0.0,0.0,152.2,0.0,0.0
O2,H20,0.2,0.016666666666666666,2023-02-01,Steel Reinforcement Bars,2023-06-01,4,135.08,885.5,0.0,0.0,135.08,0.0,0.0
O2,H20,0.2,0.016666666666666666,2023-02-01,Steel Reinforcement Bars,2023-07-01,5,141.5,859.2,1.6037278764811589,0.0,141.5,1377.9229914726118,0.0
O2,H20,0.2,0.016666666666666666,2023-02-01,Steel Reinforcement Bars,2023-08-01,6,173.95,832.6,82.16102345784505,0.0,173.95,68407.2681310018,0.0
O2,H20,0.2,0.016666666666666666,2023-02-01,Steel Reinforcement Bars,2023-09-01,7,140.71,830.1,82.32582092285156,0.0,139.10627212351886,68338.66394805908,0.0
O2,H20,0.2,0.016666666666666666,2023-02-01,Steel Reinforcement Bars,2023-10-01,8,162.59,827.4,82.49061838785808,0.0,78.8252486656738,68252.73765411378,0.0
O2,H20,0.2,0.016666666666666666,2023-02-01,Steel Reinforcement Bars,2023-11-01,9,187.13,826.7,82.65541585286458,0.0,21.039427742822227,68331.23228556315,0.0
O2,H20,0.2,0.016666666666666666,2023-02-01,Steel Reinforcement Bars,2023-12-01,10,122.5,819.7,82.8202133178711,126.08119064503586,0.0,67887.72885665894,1722.4791995289315
O2,H20,0.2,0.016666666666666666,2023-02-01,Steel Reinforcement Bars,2024-01-01,11,179.85,833.7,0.0,277.4677971429363,0.0,0.0,3855.4150413011007
O2,H20,0.2,0.016666666666666666,2023-02-01,Steel Reinforcement Bars,2024-02-01,12,60.8,829.6,0.0,630.7246169587079,0.0,0.0,8720.819037149067
O2,H20,0.2,0.016666666666666666,2023-03-01,Cement,2023-04-01,1,315.7,118.0,0.0,0.0,315.7,0.0,0.0
O2,H20,0.2,0.016666666666666666,2023-03-01,Cement,2023-05-01,2,398.82,117.2,0.0,0.0,398.82,0.0,0.0
O2,H20,0.2,0.016666666666666666,2023-03-01,Cement,2023-06-01,3,335.0,116.7,0.0,0.0,335.0,0.0,0.0
O2,H20,0.2,0.016666666666666666,2023-03-01,Cement,2023-07-01,4,425.98,115.2,0.0,0.0,425.98,0.0,0.0
O2,H20,0.2,0.016666666666666666,2023-03-01,Cement,2023-08-01,5,378.3,114.4,18.73551930917984,0.0,378.3,2143.3434089701736,0.0
O2,H20,0.2,0.016666666666666666,2023-03-01,Cement,2023-09-01,6,446.33,113.5,344.84649658203125,0.0,446.33,39140.07736206055,0.0
O2,H20,0.2,0.016666666666666666,2023-03-01,Cement,2023-10-01,7,335.47,113.2,345.7036437988281,0.0,316.7344806908202,39133.65247802735,0.0
O2,H20,0.2,0.016666666666666666,2023-03-01,Cement,2023-11-01,8,381.97,112.0,346.560791015625,0.0,18.38798410878894,38814.80859375,0.0
O2,H20,0.2,0.016666666666666666,2023-03-01,Cement,2023-12-01,9,467.38,111.7,347.4179382324219,241.90565969003922,0.0,38806.583700561525,450.3477031229563
O2,H20,0.2,0.016666666666666666,2023-03-01,Cement,2024-01-01,10,434.45,110.6,348.27508544921875,863.3021103957033,0.0,38519.22445068359,1591.353556829413
O2,H20,0.2,0.016666666666666666,2023-03-01,Cement,2024-02-01,11,367.77,110.6,0.0,1898.7964993337896,0.0,0.0,3500.114880438619
O2,H20,0.2,0.016666666666666666,2023-03-01,Cement,2024-03-01,12,318.63,110.8,0.0,3331.7059737210943,0.0,0.0,6152.550364804954
O2,H20,0.2,0.016666666666666666,2023-03-01,Granite,2023-04-01,1,1395.2,18.6,0.0,0.0,1395.2,0.0,0.0
O2,H20,0.2,0.016666666666666666,2023-03-01,Granite,2023-05-01,2,1844.9,18.3,1473.918400940882,0.0,1844.9,26972.706737218145,0.0
O2,H20,0.2,0.016666666666666666,2023-03-01,Granite,2023-06-01,3,1659.3,18.5,1556.811505507157,0.0,1659.3,28801.012851882406,0.0
O2,H20,0.2,0.016666666666666666,2023-03-01,Granite,2023-07-01,4,1674.3,18.5,1533.8030780254771,0.0,200.3815990591179,28375.356943471328,0.0
O2,H20,0.2,0.016666666666666666,2023-03-01,Granite,2023-08-01,5,1755.2,18.5,1519.6828737657495,1275.5299064480394,0.0,28114.133164666364,393.2883878214788
O2,H20,0.2,0.016666666666666666,2023-03-01,Granite,2023-09-01,6,1729.4,18.6,1505.5626695060223,4110.662890921556,0.0,28003.465652812018,1274.3054961856824
O2,H20,0.2,0.016666666666666666,2023-03-01,Granite,2023-10-01,7,1742.2,19.5,0.0,8452.678749160823,0.0,0.0,2747.1205934772674
O2,H20,0.2,0.016666666666666666,2023-03-01,Granite,2023-11-01,8,1621.1,20.3,0.0,14421.357276906112,0.0,0.0,4879.225878686568
O2,H20,0.2,0.016666666666666666,2023-03-01,Granite,2023-12-01,9,1531.7,21.2,0.0,20479.4358046514,0.0,0.0,7236.067317643494
O2,H20,0.2,0.016666666666666666,2023-03-01,Granite,2024-01-01,10,1664.5,22.3,0.0,26404.71433239669,0.0,0.0,9813.752160207438
O2,H20,0.2,0.016666666666666666,2023-03-01,Granite,2024-02-01,11,1201.2,22.2,0.0,32793.292860141984,0.0,0.0,12133.518358252533
O2,H20,0.2,0.016666666666666666,2023-03-01,Granite,2024-03-01,12,1688.6,22.4,0.0,38694.47138788728,0.0,0.0,14445.935984811249
O2,H20,0.2,0.016666666666666666,2023-03-01,Ready Mixed Concrete,2023-04-01,1,918.4,117.2,0.0,0.0,918.4,0.0,0.0
O2,H20,0.2,0.016666666666666666,2023-03-01,Ready Mixed Concrete,2023-05-01,2,1041.6,117.6,0.0,0.0,1041.6,0.0,0.0
O2,H20,0.2,0.016666666666666666,2023-03-01,Ready Mixed Concrete,2023-06-01,3,1020.3,117.3,0.0,0.0,1020.3,0.0,0.0
O2,H20,0.2,0.016666666666666666,2023-03-01,Ready Mixed Concrete,2023-07-01,4,1046.0,116.3,0.0,0.0,1046.0,0.0,0.0
O2,H20,0.2,0.016666666666666666,2023-03-01,Ready Mixed Concrete,2023-08-01,5,1113.5,116.4,3.9410145077475818,0.0,1113.5,458.73408870181856,0.0
O2,H20,0.2,0.016666666666666666,2023-03-01,Ready Mixed Concrete,2023-09-01,6,1081.8,116.6,998.557657877604,0.0,1081.8,116431.82290852863,0.0
O2,H20,0.2,0.016666666666666666,2023-03-01,Ready Mixed Concrete,2023-10-01,7,1101.2,116.4,998.212432861328,0.0,1097.2589854922526,116191.92718505858,0.0
O2,H20,0.2,0.016666666666666666,2023-03-01,Ready Mixed Concrete,2023-11-01,8,1070.0,115.4,997.867207845052,0.0,67.5013276146484,115153.875785319,0.0
O2,H20,0.2,0.016666666666666666,2023-03-01,Ready Mixed Concrete,2023-12-01,9,1101.6,115.4,997.521982828776,899.1111052466797,0.0,115114.03681844076,1729.290359091114
O2,H20,0.2,0.016666666666666666,2023-03-01,Ready Mixed Concrete,2024-01-01,10,1071.7,118.1,997.1767578125,2825.9894183384113,0.0,117766.57509765624,5562.4891717627725
O2,H20,0.2,0.016666666666666666,2023-03-01,Ready Mixed Concrete,2024-02-01,11,874.95,118.0,0.0,5947.1397142589185,0.0,0.0,11696.041438042539
O2,H20,0.2,0.016666666666666666,2023-03-01,Ready Mixed Concrete,2024-03-01,12,1112.0,118.0,0.0,9828.416767991926,0.0,0.0,19329.219643717453
O2,H20,0.2,0.016666666666666666,2023-03-01,Steel Reinforcement Bars,2023-04-01,1,67.2,940.1,0.0,0.0,67.2,0.0,0.0
O2,H20,0.2,0.016666666666666666,2023-03-01,Steel Reinforcement Bars,2023-05-01,2,152.2,922.8,0.0,0.0,152.2,0.0,0.0
O2,H20,0.2,0.016666666666666666,2023-03-01,Steel Reinforcement Bars,2023-06-01,3,135.08,885.5,0.0,0.0,135.08,0.0,0.0
O2,H20,0.2,0.016666666666666666,2023-03-01,Steel Reinforcement Bars,2023-07-01,4,141.5,859.2,0.0,0.0,141.5,0.0,0.0
O2,H20,0.2,0.016666666666666666,2023-03-01,Steel Reinforcement Bars,2023-08-01,5,173.95,832.6,0.619963863826527,0.0,173.95,516.1819130219664,0.0
O2,H20,0.2,0.016666666666666666,2023-03-01,Steel Reinforcement Bars,2023-09-01,6,140.71,830.1,90.63685099283856,0.0,140.71,75237.65000915529,0.0
O2,H20,0.2,0.016666666666666666,2023-03-01,Steel Reinforcement Bars,2023-10-01,7,162.59,827.4,90.82434463500977,0.0,161.97003613617346,75148.06275100708,0.0
O2,H20,0.2,0.016666666666666666,2023-03-01,Steel Reinforcement Bars,2023-11-01,8,187.13,826.7,91.01183827718098,0.0,95.87318514333491,75239.48670374553,0.0
O2,H20,0.2,0.016666666666666666,2023-03-01,Steel Reinforcement Bars,2023-12-01,9,122.5,819.7,91.19933191935222,59.58115949167484,0.0,74756.09237429302,813.9779405887645
O2,H20,0.2,0.016666666666666666,2023-03-01,Steel Reinforcement Bars,2024-01-01,10,179.85,833.7,91.38682556152344,152.82415726053065,0.0,76189.1964706421,2123.4916651350736
O2,H20,0.2,0.016666666666666666,2023-03-01,Steel Reinforcement Bars,2024-02-01,11,60.8,829.6,0.0,456.3164869487387,0.0,0.0,6309.33595954456
O2,H20,0.2,0.016666666666666666,2023-03-01,Steel Reinforcement Bars,2024-03-01,12,91.23,821.7,0.0,820.7656421984702,0.0,0.0,11240.38546990805
O2,H20,0.2,0.016666666666666666,2023-04-01,Cement,2023-05-01,1,398.82,117.2,0.0,0.0,398.82,0.0,0.0
O2,H20,0.2,0.016666666666666666,2023-04-01,Cement,2023-06-01,2,335.0,116.7,0.0,0.0,335.0,0.0,0.0
O2,H20,0.2,0.016666666666666666,2023-04-01,Cement,2023-07-01,3,425.98,115.2,0.0,0.0,425.98,0.0,0.0
O2,H20,0.2,0.016666666666666666,2023-04-01,Cement,2023-08-01,4,378.3,114.4,0.0,0.0,378.3,0.0,0.0
O2,H20,0.2,0.016666666666666666,2023-04-01,Cement,2023-09-01,5,446.33,113.5,0.0,0.0,446.33,0.0,0.0
O2,H20,0.2,0.016666666666666666,2023-04-01,Cement,2023-10-01,6,335.47,113.2,312.8338545752931,0.0,335.47,35412.79233792318,0.0
O2,H20,0.2,0.016666666666666666,2023-04-01,Cement,2023-11-01,7,381.97,112.0,359.3914337158203,0.0,381.97,40251.840576171875,0.0
O2,H20,0.2,0.016666666666666666,2023-04-01,Cement,2023-12-01,8,467.38,111.7,365.544677734375,0.0,154.54614542470688,40831.34050292969,0.0
O2,H20,0.2,0.016666666666666666,2023-04-01,Cement,2024-01-01,9,434.45,110.6,371.6979217529297,237.77528829111344,0.0,41109.79014587402,438.2991147499524
O2,H20,0.2,0.016666666666666666,2023-04-01,Cement,2024-02-01,10,367.77,110.6,377.8511657714844,907.7752543166018,0.0,41790.33893432617,1673.332385456936
O2,H20,0.2,0.016666666666666666,2023-04-01,Cement,2024-03-01,11,318.63,110.8,0.0,1998.6131420950196,0.0,0.0,3690.772269068803
O2,H20,0.2,0.016666666666666666,2023-04-01,Cement,2024-04-01,12,395.86,110.2,0.0,3390.072195644922,0.0,0.0,6226.432599334506
O2,H20,0.2,0.016666666666666666,2023-04-01,Granite,2023-05-01,1,1844.9,18.3,0.0,0.0,1844.9,0.0,0.0
O2,H20,0.2,0.016666666666666666,2023-04-01,Granite,2023-06-01,2,1659.3,18.5,1552.376910751703,0.0,1659.3,28718.972848906506,0.0
O2,H20,0.2,0.016666666666666666,2023-04-01,Granite,2023-07-01,3,1674.3,18.5,1524.2863152266425,0.0,1674.3,28199.296831692885,0.0
O2,H20,0.2,0.016666666666666666,2023-04-01,Granite,2023-08-01,4,1755.2,18.5,1496.1957197015818,0.0,202.82308924829704,27679.62081447926,0.0
O2,H20,0.2,0.016666666666666666,2023-04-01,Granite,2023-09-01,5,1729.4,18.6,1498.466893419626,1347.2632259783454,0.0,27871.484217605048,417.6516000532871
O2,H20,0.2,0.016666666666666666,2023-04-01,Granite,2023-10-01,6,1742.2,19.5,1500.7380671376702,4177.922171658273,0.0,29264.392309184568,1357.824705788939
O2,H20,0.2,0.016666666666666666,2023-04-01,Granite,2023-11-01,7,1621.1,20.3,17.03380278533018,8628.148010757826,0.0,345.7861965422027,2919.1900769730646
O2,H20,0.2,0.016666666666666666,2023-04-01,Granite,2023-12-01,8,1531.7,21.2,0.0,14668.511916995049,0.0,0.0,5182.874210671584
O2,H20,0.2,0.016666666666666666,2023-04-01,Granite,2024-01-01,9,1664.5,22.3,0.0,20593.109626017602,0.0,0.0,7653.7724110032095
O2,H20,0.2,0.016666666666666666,2023-04-01,Granite,2024-02-01,10,1201.2,22.2,0.0,26981.007335040154,0.0,0.0,9982.972713964857
O2,H20,0.2,0.016666666666666666,2023-04-01,Granite,2024-03-01,11,1688.6,22.4,0.0,32881.50504406271,0.0,0.0,12275.761883116744
O2,H20,0.2,0.016666666666666666,2023-04-01,Granite,2024-04-01,12,1470.5,22.3,0.0,39000.102753085266,0.0,0.0,14495.038189896692
O2,H20,0.2,0.016666666666666666,2023-04-01,Ready Mixed Concrete,2023-05-01,1,1041.6,117.6,0.0,0.0,1041.6,0.0,0.0
O2,H20,0.2,0.016666666666666666,2023-04-01,Ready Mixed Concrete,2023-06-01,2,1020.3,117.3,0.0,0.0,1020.3,0.0,0.0
O2,H20,0.2,0.016666666666666666,2023-04-01,Ready Mixed Concrete,2023-07-01,3,1046.0,116.3,0.0,0.0,1046.0,0.0,0.0
O2,H20,0.2,0.016666666666666666,2023-04-01,Ready Mixed Concrete,2023-08-01,4,1113.5,116.4,0.0,0.0,1113.5,0.0,0.0
O2,H20,0.2,0.016666666666666666,2023-04-01,Ready Mixed Concrete,2023-09-01,5,1081.8,116.6,27.31025685800796,0.0,1081.8,3184.375949643728,0.0
O2,H20,0.2,0.016666666666666666,2023-04-01,Ready Mixed Concrete,2023-10-01,6,1101.2,116.4,937.3118286132812,0.0,1101.2,109103.09685058595,0.0
O2,H20,0.2,0.016666666666666666,2023-04-01,Ready Mixed Concrete,2023-11-01,7,1070.0,115.4,933.939422607422,0.0,1042.689743141992,107776.6093688965,0.0
O2,H20,0.2,0.016666666666666666,2023-04-01,Ready Mixed Concrete,2023-12-01,8,1101.6,115.4,930.5670166015624,0.0,136.9779145287107,107387.4337158203,0.0
O2,H20,0.2,0.016666666666666666,2023-04-01,Ready Mixed Concrete,2024-01-01,9,1071.7,118.1,927.1946105957032,826.861508078711,0.0,109501.68351135254,1627.539068401596
O2,H20,0.2,0.016666666666666666,2023-04-01,Ready Mixed Concrete,2024-02-01,10,874.95,118.0,923.8222045898438,2781.040032758985,0.0,109011.02014160156,5469.37873109267
O2,H20,0.2,0.016666666666666666,2023-04-01,Ready Mixed Concrete,2024-03-01,11,1112.0,118.0,0.0,5425.363168034962,0.0,0.0,10669.880897135425
O2,H20,0.2,0.016666666666666666,2023-04-01,Ready Mixed Concrete,2024-04-01,12,1114.9,119.2,0.0,8990.608507900783,0.0,0.0,17861.342235696222
O2,H20,0.2,0.016666666666666666,2023-04-01,Steel Reinforcement Bars,2023-05-01,1,152.2,922.8,0.0,0.0,152.2,0.0,0.0
O2,H20,0.2,0.016666666666666666,2023-04-01,Steel Reinforcement Bars,2023-06-01,2,135.08,885.5,0.0,0.0,135.08,0.0,0.0
O2,H20,0.2,0.016666666666666666,2023-04-01,Steel Reinforcement Bars,2023-07-01,3,141.5,859.2,0.0,0.0,141.5,0.0,0.0
O2,H20,0.2,0.016666666666666666,2023-04-01,Steel Reinforcement Bars,2023-08-01,4,173.95,832.6,0.0,0.0,173.95,0.0,0.0
O2,H20,0.2,0.016666666666666666,2023-04-01,Steel Reinforcement Bars,2023-09-01,5,140.71,830.1,5.435730516251667,0.0,140.71,4512.199901540509,0.0
O2,H20,0.2,0.016666666666666666,2023-04-01,Steel Reinforcement Bars,2023-10-01,6,162.59,827.4,81.64085896809895,0.0,162.59,67549.64671020507,0.0
O2,H20,0.2,0.016666666666666666,2023-04-01,Steel Reinforcement Bars,2023-11-01,7,187.13,826.7,81.25445175170898,0.0,181.69426948374831,67173.05526313782,0.0
O2,H20,0.2,0.016666666666666666,2023-04-01,Steel Reinforcement Bars,2023-12-01,8,122.5,819.7,80.86804453531902,0.0,35.42341051564938,66287.536105601,0.0
O2,H20,0.2,0.016666666666666666,2023-04-01,Steel Reinforcement Bars,2024-01-01,9,179.85,833.7,80.48163731892903,0.0,11.51895876394039,67097.54103279114,0.0
O2,H20,0.2,0.016666666666666666,2023-04-01,Steel Reinforcement Bars,2024-02-01,10,60.8,829.6,80.09523010253906,188.39908577137862,0.0,66447.00289306641,2604.931359265595
O2,H20,0.2,0.016666666666666666,2023-04-01,Steel Reinforcement Bars,2024-03-01,11,91.23,821.7,0.0,426.84980886168626,0.0,0.0,5845.708132360794
O2,H20,0.2,0.016666666666666666,2023-04-01,Steel Reinforcement Bars,2024-04-01,12,111.96,819.4,0.0,724.6657620545329,0.0,0.0,9896.518757124737
O2,H20,0.2,0.016666666666666666,2023-05-01,Cement,2023-06-01,1,335.0,116.7,0.0,0.0,335.0,0.0,0.0
O2,H20,0.2,0.016666666666666666,2023-05-01,Cement,2023-07-01,2,425.98,115.2,0.0,0.0,425.98,0.0,0.0
O2,H20,0.2,0.016666666666666666,2023-05-01,Cement,2023-08-01,3,378.3,114.4,0.0,0.0,378.3,0.0,0.0
O2,H20,0.2,0.016666666666666666,2023-05-01,Cement,2023-09-01,4,446.33,113.5,0.0,0.0,446.33,0.0,0.0
O2,H20,0.2,0.016666666666666666,2023-05-01,Cement,2023-10-01,5,335.47,113.2,41.1714425676434,0.0,335.47,4660.6072986572335,0.0
O2,H20,0.2,0.016666666666666666,2023-05-01,Cement,2023-11-01,6,381.97,112.0,341.22655232747394,0.0,381.97,38217.37386067708,0.0
O2,H20,0.2,0.016666666666666666,2023-05-01,Cement,2023-12-01,7,467.38,111.7,336.96990966796875,0.0,426.2085574323566,37639.53890991211,0.0
O2,H20,0.2,0.016666666666666666,2023-05-01,Cement,2024-01-01,8,434.45,110.6,332.7132670084636,0.0,52.05200510488265,36798.08733113608,0.0
O2,H20,0.2,0.016666666666666666,2023-05-01,Cement,2024-02-01,9,367.77,110.6,328.4566243489583,351.5979045630861,0.0,36327.30265299479,648.1121374112887
O2,H20,0.2,0.016666666666666666,2023-05-01,Cement,2024-03-01,10,318.63,110.8,324.1999816894531,1085.049076134636,0.0,35921.357971191406,2003.7239605952943
O2,H20,0.2,0.016666666666666666,2023-05-01,Cement,2024-04-01,11,395.86,110.2,0.0,2069.7268720551438,0.0,0.0,3801.3983550079474
O2,H20,0.2,0.016666666666666666,2023-05-01,Cement,2024-05-01,12,330.62,110.2,0.0,3443.844649665105,0.0,0.0,6325.194673218243
O2,H20,0.2,0.016666666666666666,2023-05-01,Granite,2023-06-01,1,1659.3,18.5,1523.163038725338,0.0,1659.3,28178.516216418753,0.0
O2,H20,0.2,0.016666666666666666,2023-05-01,Granite,2023-07-01,2,1674.3,18.5,1506.164615489724,0.0,1674.3,27864.045386559894,0.0
O2,H20,0.2,0.016666666666666666,2023-05-01,Granite,2023-08-01,3,1755.2,18.5,1489.16619225411,0.0,232.03696127466196,27549.574556701034,0.0
O2,H20,0.2,0.016666666666666666,2023-05-01,Granite,2023-09-01,4,1729.4,18.6,1472.1677690184958,1299.927654215062,0.0,27382.320503744024,402.9775728066692
O2,H20,0.2,0.016666666666666666,2023-05-01,Granite,2023-10-01,5,1742.2,19.5,1134.59287739031,4076.2215006842343,0.0,22124.561109111044,1324.7719877223763
O2,H20,0.2,0.016666666666666666,2023-05-01,Granite,2023-11-01,6,1621.1,20.3,0.0,8445.783116171902,0.0,0.0,2857.489954304827
O2,H20,0.2,0.016666666666666666,2023-05-01,Granite,2023-12-01,7,1531.7,21.2,0.0,14039.337609049879,0.0,0.0,4960.565955197624
O2,H20,0.2,0.016666666666666666,2023-05-01,Granite,2024-01-01,8,1664.5,22.3,0.0,19500.092101927858,0.0,0.0,7247.534231216521
O2,H20,0.2,0.016666666666666666,2023-05-01,Granite,2024-02-01,9,1201.2,22.2,0.0,25424.146594805836,0.0,0.0,9406.934240078159
O2,H20,0.2,0.016666666666666666,2023-05-01,Granite,2024-03-01,10,1688.6,22.4,0.0,30860.801087683816,0.0,0.0,11521.365739401957
O2,H20,0.2,0.016666666666666666,2023-05-01,Granite,2024-04-01,11,1470.5,22.3,0.0,36515.55558056179,0.0,0.0,13571.614824108801
O2,H20,0.2,0.016666666666666666,2023-05-01,Granite,2024-05-01,12,1911.9,22.1,0.0,41728.910073439765,0.0,0.0,15370.148543716981
O2,H20,0.2,0.016666666666666666,2023-05-01,Ready Mixed Concrete,2023-06-01,1,1020.3,117.3,0.0,0.0,1020.3,0.0,0.0
O2,H20,0.2,0.016666666666666666,2023-05-01,Ready Mixed Concrete,2023-07-01,2,1046.0,116.3,0.0,0.0,1046.0,0.0,0.0
O2,H20,0.2,0.016666666666666666,2023-05-01,Ready Mixed Concrete,2023-08-01,3,1113.5,116.4,0.0,0.0,1113.5,0.0,0.0
O2,H20,0.2,0.016666666666666666,2023-05-01,Ready Mixed Concrete,2023-09-01,4,1081.8,116.6,0.0,0.0,1081.8,0.0,0.0
O2,H20,0.2,0.016666666666666666,2023-05-01,Ready Mixed Concrete,2023-10-01,5,1101.2,116.4,48.60827626718765,0.0,1101.2,5658.003357500643,0.0
O2,H20,0.2,0.016666666666666666,2023-05-01,Ready Mixed Concrete,2023-11-01,6,1070.0,115.4,956.7753295898438,0.0,1070.0,110411.87303466798,0.0
O2,H20,0.2,0.016666666666666666,2023-05-01,Ready Mixed Concrete,2023-12-01,7,1101.6,115.4,949.9003295898438,0.0,1052.9917237328123,109618.49803466798,0.0
O2,H20,0.2,0.016666666666666666,2023-05-01,Ready Mixed Concrete,2024-01-01,8,1071.7,118.1,943.0253295898438,0.0,66.31639414296865,111371.29142456054,0.0
O2,H20,0.2,0.016666666666666666,2023-05-01,Ready Mixed Concrete,2024-02-01,9,874.95,118.0,936.1503295898438,1080.333935446875,0.0,110465.73889160156,2124.6567397121876
O2,H20,0.2,0.016666666666666666,2023-05-01,Ready Mixed Concrete,2024-03-01,10,1112.0,118.0,929.2753295898438,2866.6432004835942,0.0,109654.48889160156,5637.731627617735
O2,H20,0.2,0.016666666666666666,2023-05-01,Ready Mixed Concrete,2024-04-01,11,1114.9,119.2,0.0,5586.202795110157,0.0,0.0,11097.922886285513
O2,H20,0.2,0.016666666666666666,2023-05-01,Ready Mixed Concrete,2024-05-01,12,1151.8,120.4,0.0,9198.137719326565,0.0,0.0,18457.596356781974
O2,H20,0.2,0.016666666666666666,2023-05-01,Steel Reinforcement Bars,2023-06-01,1,135.08,885.5,0.0,0.0,135.08,0.0,0.0
O2,H20,0.2,0.016666666666666666,2023-05-01,Steel Reinforcement Bars,2023-07-01,2,141.5,859.2,0.0,0.0,141.5,0.0,0.0
O2,H20,0.2,0.016666666666666666,2023-05-01,Steel Reinforcement Bars,2023-08-01,3,173.95,832.6,0.0,0.0,173.95,0.0,0.0
O2,H20,0.2,0.016666666666666666,2023-05-01,Steel Reinforcement Bars,2023-09-01,4,140.71,830.1,0.0,0.0,140.71,0.0,0.0
O2,H20,0.2,0.016666666666666666,2023-05-01,Steel Reinforcement Bars,2023-10-01,5,162.59,827.4,0.0,0.0,162.59,0.0,0.0
O2,H20,0.2,0.016666666666666666,2023-05-01,Steel Reinforcement Bars,2023-11-01,6,187.13,826.7,69.22420682443851,0.0,187.13,57227.65178176332,0.0
O2,H20,0.2,0.016666666666666666,2023-05-01,Steel Reinforcement Bars,2023-12-01,7,122.5,819.7,78.72677230834961,0.0,122.5,64532.33526115418,0.0
O2,H20,0.2,0.016666666666666666,2023-05-01,Steel Reinforcement Bars,2024-01-01,8,179.85,833.7,78.70877075195312,0.0,110.62579317556148,65619.50217590333,0.0
O2,H20,0.2,0.016666666666666666,2023-05-01,Steel Reinforcement Bars,2024-02-01,9,60.8,829.6,78.69076919555664,87.15097913278812,0.0,65281.86212463379,1205.0075381426836
O2,H20,0.2,0.016666666666666666,2023-05-01,Steel Reinforcement Bars,2024-03-01,10,91.23,821.7,78.67276763916016,222.58072901752934,0.0,64645.413169097905,3048.2430838950645
O2,H20,0.2,0.016666666666666666,2023-05-01,Steel Reinforcement Bars,2024-04-01,11,111.96,819.4,0.0,415.9712480978272,0.0,0.0,5680.780678189327
O2,H20,0.2,0.016666666666666666,2023-05-01,Steel Reinforcement Bars,2024-05-01,12,160.55,812.5,0.0,639.4445348172853,0.0,0.0,8659.144742317405
O3,H20,0.2,0.016666666666666666,2022-07-01,Cement,2022-08-01,1,402.46,119.0,420.2237243652344,0.0,402.46,50006.62319946289,0.0
O3,H20,0.2,0.016666666666666666,2022-07-01,Cement,2022-09-01,2,346.61,118.6,425.7893676757813,0.0,346.61,50498.61900634766,0.0
O3,H20,0.2,0.016666666666666666,2022-07-01,Cement,2022-10-01,3,368.78,118.6,11.13128662109375,51.4437243652344,0.0,1320.1705932617188,101.68709516194666
O3,H20,0.2,0.016666666666666666,2022-07-01,Cement,2022-11-01,4,296.3,118.4,0.0,601.1568164062501,0.0,0.0,1186.2827843750001
O3,H20,0.2,0.016666666666666666,2022-07-01,Cement,2022-12-01,5,375.31,118.3,254.94619059244792,1082.9911950683595,0.0,30160.134347086587,2135.297639609782
O3,H20,0.2,0.016666666666666666,2022-07-01,Cement,2023-01-01,6,440.73,118.5,454.8383483886719,1499.4055737304689,0.0,53898.34428405762,2961.326008117676
O3,H20,0.2,0.016666666666666666,2022-07-01,Cement,2023-02-01,7,282.49,118.4,203.03598714192708,2329.0061429850266,0.0,24039.460877604168,4595.905455490452
O3,H20,0.2,0.016666666666666666,2022-07-01,Cement,2023-03-01,8,427.87,118.2,6.28765869140625,3468.065060628256,0.0,743.2012573242188,6832.088169437665
O3,H20,0.2,0.016666666666666666,2022-07-01,Cement,2023-04-01,9,315.7,118.0,234.2655008951823,4922.3299654134125,0.0,27643.32910563151,9680.582265313044
O3,H20,0.2,0.016666666666666666,2022-07-01,Cement,2023-05-01,10,398.82,117.2,461.1260070800781,6299.762528889975,0.0,54043.96802978516,12305.536139765085
O3,H20,0.2,0.016666666666666666,2022-07-01,Cement,2023-06-01,11,335.0,116.7,236.2919942220052,7975.280593261719,0.0,27575.27572570801,15511.920753894045
O3,H20,0.2,0.016666666666666666,2022-07-01,Cement,2023-07-01,12,425.98,115.2,12.5753173828125,10020.944664713543,0.0,1448.6765625,19240.213756250003
O3,H20,0.2,0.016666666666666666,2022-07-01,Granite,2022-08-01,1,1491.5,20.5,1824.312035376388,0.0,1491.5,37398.39672521595,0.0
O3,H20,0.2,0.016666666666666666,2022-07-01,Granite,2022-09-01,2,1550.1,20.8,1884.5100386321187,0.0,1550.1,39197.80880354807,0.0
O3,H20,0.2,0.016666666666666666,2022-07-01,Granite,2022-10-01,3,1554.5,20.4,120.39600651146134,269.81203537638794,0.0,2456.078532833811,91.73609202797189
O3,H20,0.2,0.016666666666666666,2022-07-01,Granite,2022-11-01,4,1531.9,20.5,0.0,2446.7341093848945,0.0,0.0,835.9674873731723
O3,H20,0.2,0.016666666666666666,2022-07-01,Granite,2022-12-01,5,1692.1,19.3,1093.9123429710412,4583.852189904863,0.0,21112.508219341096,1474.4724544193975
O3,H20,0.2,0.016666666666666666,2022-07-01,Granite,2023-01-01,6,1309.6,19.0,1782.741614292589,7103.47027042483,0.0,33872.09067155919,2249.432252301196
O3,H20,0.2,0.016666666666666666,2022-07-01,Granite,2023-02-01,7,1455.1,18.5,714.0280924559008,10571.50069391584,0.0,13209.519710434166,3259.546047290717
O3,H20,0.2,0.016666666666666666,2022-07-01,Granite,2023-03-01,8,1561.4,18.3,50.39764226870625,15715.972731699438,0.0,922.2768535173244,4793.371683168329
O3,H20,0.2,0.016666666666666666,2022-07-01,Granite,2023-04-01,9,1395.2,18.6,922.9683709471584,21740.672861938936,0.0,17167.211699617146,6739.60858720107
O3,H20,0.2,0.016666666666666666,2022-07-01,Granite,2023-05-01,10,1844.9,18.3,1833.139256561295,27366.07063444714,0.0,33546.448395071704,8346.651543506377
O3,H20,0.2,0.016666666666666666,2022-07-01,Granite,2023-06-01,11,1659.3,18.5,985.767349017196,34100.036777902504,0.0,18236.695956818126,10514.17800651994
O3,H20,0.2,0.016666666666666666,2022-07-01,Granite,2023-07-01,12,1674.3,18.5,100.7952845374125,42652.14217791916,0.0,1864.7127639421312,13151.077171525074
O3,H20,0.2,0.016666666666666666,2022-07-01,Ready Mixed Concrete,2022-08-01,1,982.6,118.3,1063.917236328125,0.0,982.6,125861.40905761719,0.0
O3,H20,0.2,0.016666666666666666,2022-07-01,Ready Mixed Concrete,2022-09-01,2,993.4,118.6,1072.8510131835938,0.0,993.4,127240.13016357421,0.0
O3,H20,0.2,0.016666666666666666,2022-07-01,Ready Mixed Concrete,2022-10-01,3,930.7,118.5,17.8675537109375,133.21723632812495,0.0,2117.3051147460938,263.10404174804677
O3,H20,0.2,0.016666666666666666,2022-07-01,Ready Mixed Concrete,2022-11-01,4,959.9,118.2,0.0,1310.0854858398438,0.0,0.0,2580.8684071044922
O3,H20,0.2,0.016666666666666666,2022-07-01,Ready Mixed Concrete,2022-12-01,5,992.6,118.0,840.4994750976563,2472.1212890625,0.0,99178.93806152344,4861.83853515625
O3,H20,0.2,0.016666666666666666,2022-07-01,Ready Mixed Concrete,2023-01-01,6,808.1,117.6,1115.9105224609375,3818.6570922851565,0.0,131231.07744140623,7484.567900878907
O3,H20,0.2,0.016666666666666666,2022-07-01,Ready Mixed Concrete,2023-02-01,7,897.3,118.1,290.81162109375,5916.492370605469,0.0,34344.85245117187,11645.629149475097
O3,H20,0.2,0.016666666666666666,2022-07-01,Ready Mixed Concrete,2023-03-01,8,1070.7,116.8,30.8011474609375,8956.838171386718,0.0,3597.5740234375,17435.978306966143
O3,H20,0.2,0.016666666666666666,2022-07-01,Ready Mixed Concrete,2023-04-01,9,918.4,117.2,826.0901000976563,12440.295593261719,0.0,96817.75973144532,24300.04405883789
O3,H20,0.2,0.016666666666666666,2022-07-01,Ready Mixed Concrete,2023-05-01,10,1041.6,117.6,1146.711669921875,15831.354162597656,0.0,134853.2923828125,31029.454158691406
O3,H20,0.2,0.016666666666666666,2022-07-01,Ready Mixed Concrete,2023-06-01,11,1020.3,117.3,366.8232910156249,20069.80283203125,0.0,43028.372036132794,39236.4645366211
O3,H20,0.2,0.016666666666666666,2022-07-01,Ready Mixed Concrete,2023-07-01,12,1046.0,116.3,61.602294921875,25429.26317138672,0.0,7164.346899414062,49290.38844720459
O3,H20,0.2,0.016666666666666666,2022-07-01,Steel Reinforcement Bars,2022-08-01,1,102.45,1106.3,119.75218963623048,0.0,102.45,132481.84739456177,0.0
O3,H20,0.2,0.016666666666666666,2022-07-01,Steel Reinforcement Bars,2022-09-01,2,174.43,1072.6,128.82719039916992,0.0,174.43,138180.04442214966,0.0
O3,H20,0.2,0.016666666666666666,2022-07-01,Steel Reinforcement Bars,2022-10-01,3,108.27,1040.5,18.15000152587889,11.482189636230487,0.0,18885.076587676984,199.12030527496367
O3,H20,0.2,0.016666666666666666,2022-07-01,Steel Reinforcement Bars,2022-11-01,4,51.21,1004.5,0.0,208.85156967163087,0.0,0.0,3496.5233622525534
O3,H20,0.2,0.016666666666666666,2022-07-01,Steel Reinforcement Bars,2022-12-01,5,70.5,952.3,27.22070103963217,405.08095123291014,0.0,25922.273600041717,6429.309830985006
O3,H20,0.2,0.016666666666666666,2022-07-01,Steel Reinforcement Bars,2023-01-01,6,79.16,922.6,96.0046467590332,592.6503327941895,0.0,88573.88709988404,9112.98661726532
O3,H20,0.2,0.016666666666666666,2022-07-01,Steel Reinforcement Bars,2023-02-01,7,100.49,942.1,107.00251469930012,786.110415395101,0.0,100807.06909821065,12343.243705728744
O3,H20,0.2,0.016666666666666666,2022-07-01,Steel Reinforcement Bars,2023-03-01,8,57.1,946.6,39.687756398518886,1118.9651447550457,0.0,37568.43020683798,17653.54010041877
O3,H20,0.2,0.016666666666666666,2022-07-01,Steel Reinforcement Bars,2023-04-01,9,67.2,940.1,0.0,1548.7223888142905,0.0,0.0,24265.898628738574
O3,H20,0.2,0.016666666666666666,2022-07-01,Steel Reinforcement Bars,2023-05-01,10,152.2,922.8,20.23586013793945,1933.1673892720544,0.0,18673.651735290525,29732.114447004195
O3,H20,0.2,0.016666666666666666,2022-07-01,Steel Reinforcement Bars,2023-06-01,11,135.08,885.5,140.09996541341147,2334.7323897298184,0.0,124058.51937357585,34456.75885176257
O3,H20,0.2,0.016666666666666666,2022-07-01,Steel Reinforcement Bars,2023-07-01,12,141.5,859.2,121.3332926940918,2750.113250325521,0.0,104249.56508276367,39381.62174466147
O3,H20,0.2,0.016666666666666666,2022-08-01,Cement,2022-09-01,1,346.61,118.6,403.7850646972656,0.0,346.61,47888.9086730957,0.0
O3,H20,0.2,0.016666666666666666,2022-08-01,Cement,2022-10-01,2,368.78,118.6,408.9325408935547,0.0,368.78,48499.39934997558,0.0
O3,H20,0.2,0.016666666666666666,2022-08-01,Cement,2022-11-01,3,296.3,118.4,10.294952392578123,107.48506469726561,0.0,1218.9223632812498,212.10386100260416
O3,H20,0.2,0.016666666666666666,2022-08-01,Cement,2022-12-01,4,375.31,118.3,0.0,544.892670288086,0.0,0.0,1074.3467149180096
O3,H20,0.2,0.016666666666666666,2022-08-01,Cement,2023-01-01,5,440.73,118.5,245.2714329020182,927.1752282714845,0.0,29064.664798889156,1831.1710758361817
O3,H20,0.2,0.016666666666666666,2022-08-01,Cement,2023-02-01,6,282.49,118.4,387.9709777832031,1467.6977862548829,0.0,45935.76376953125,2896.2569648763024
O3,H20,0.2,0.016666666666666666,2022-08-01,Cement,2023-03-01,7,427.87,118.2,149.59761617024742,2108.1117771402996,0.0,17682.438231323245,4152.98020096639
O3,H20,0.2,0.016666666666666666,2022-08-01,Cement,2023-04-01,8,315.7,118.0,13.796142578125,3248.6667458089196,0.0,1627.94482421875,6389.044600090875
O3,H20,0.2,0.016666666666666666,2022-08-01,Cement,2023-05-01,9,398.82,117.2,186.79659769694007,4455.699330647787,0.0,21892.561250081377,8703.466025865344
O3,H20,0.2,0.016666666666666666,2022-08-01,Cement,2023-06-01,10,335.0,116.7,401.7671203613281,5740.348058064779,0.0,46886.22294616699,11164.976972935996
O3,H20,0.2,0.016666666666666666,2022-08-01,Cement,2023-07-01,11,425.98,115.2,235.6647365315756,7120.813383178711,0.0,27148.577648437513,13671.961695703125
O3,H20,0.2,0.016666666666666666,2022-08-01,Cement,2023-08-01,12,378.3,114.4,27.59228515625,8950.725828653973,0.0,3156.5574218750003,17066.050579966908
O3,H20,0.2,0.016666666666666666,2022-08-01,Granite,2022-09-01,1,1550.1,20.8,1845.707137184283,0.0,1550.1,38390.708453433086,0.0
O3,H20,0.2,0.016666666666666666,2022-08-01,Granite,2022-10-01,2,1554.5,20.4,1788.9517301591466,0.0,1554.5,36494.615295246585,0.0
O3,H20,0.2,0.016666666666666666,2022-08-01,Granite,2022-11-01,3,1531.9,20.5,0.0,313.80713718428296,0.0,0.0,107.21743853796335
O3,H20,0.2,0.016666666666666666,2022-08-01,Granite,2022-12-01,4,1692.1,19.3,0.0,2256.366004527713,0.0,0.0,725.7977314564143
O3,H20,0.2,0.016666666666666666,2022-08-01,Granite,2023-01-01,5,1309.6,19.0,1384.21242440712,4581.424871871142,0.0,26300.03606373528,1450.7845427591951
O3,H20,0.2,0.016666666666666666,2022-08-01,Granite,2023-02-01,6,1455.1,18.5,1826.2087760588188,6760.983739214573,0.0,33784.86235708815,2084.6366529244933
O3,H20,0.2,0.016666666666666666,2022-08-01,Granite,2023-03-01,7,1561.4,18.3,440.7344740846902,10218.455030965122,0.0,8065.44087574983,3116.6287844443623
O3,H20,0.2,0.016666666666666666,2022-08-01,Granite,2023-04-01,8,1395.2,18.6,0.0,15668.335098774489,0.0,0.0,4857.183880620091
O3,H20,0.2,0.016666666666666666,2022-08-01,Granite,2023-05-01,9,1844.9,18.3,950.6798932142837,21109.249640668546,0.0,17397.44204582139,6438.321140403907
O3,H20,0.2,0.016666666666666666,2022-08-01,Granite,2023-06-01,10,1659.3,18.5,1821.161265790784,26735.764182562605,0.0,33691.4834171295,8243.527289623471
O3,H20,0.2,0.016666666666666666,2022-08-01,Granite,2023-07-01,11,1674.3,18.5,869.2194950094915,33297.95861767094,0.0,16080.560657675593,10266.870573781875
O3,H20,0.2,0.016666666666666666,2022-08-01,Granite,2023-08-01,12,1755.2,18.5,0.0,41600.414318570074,0.0,0.0,12826.79441489244
O3,H20,0.2,0.016666666666666666,2022-08-01,Ready Mixed Concrete,2022-09-01,1,993.4,118.6,1025.6824951171875,0.0,993.4,121645.94392089843,0.0
O3,H20,0.2,0.016666666666666666,2022-08-01,Ready Mixed Concrete,2022-10-01,2,930.7,118.5,1024.3536071777344,0.0,930.7,121385.90245056152,0.0
O3,H20,0.2,0.016666666666666666,2022-08-01,Ready Mixed Concrete,2022-11-01,3,959.9,118.2,0.0,65.78249511718752,0.0,0.0,129.59151538085942
O3,H20,0.2,0.016666666666666666,2022-08-01,Ready Mixed Concrete,2022-12-01,4,992.6,118.0,0.0,1123.2185974121094,0.0,0.0,2208.9965749104817
O3,H20,0.2,0.016666666666666666,2022-08-01,Ready Mixed Concrete,2023-01-01,5,808.1,117.6,955.0242207845052,2365.1546997070313,0.0,112310.8483642578,4635.703211425782
O3,H20,0.2,0.016666666666666666,2022-08-01,Ready Mixed Concrete,2023-02-01,6,897.3,118.1,1067.328125,3517.8908020019526,0.0,126051.45156249999,6924.381728607176
O3,H20,0.2,0.016666666666666666,2022-08-01,Ready Mixed Concrete,2023-03-01,7,1070.7,116.8,134.80062866210926,5452.2511250813795,0.0,15744.713427734361,10613.715523491752
O3,H20,0.2,0.016666666666666666,2022-08-01,Ready Mixed Concrete,2023-04-01,8,918.4,117.2,44.99344889322924,8606.239573160807,0.0,5273.232210286467,16810.85463290744
O3,H20,0.2,0.016666666666666666,2022-08-01,Ready Mixed Concrete,2023-05-01,9,1041.6,117.6,851.0895446777345,11771.828649902343,0.0,100088.13045410157,23072.784153808592
O3,H20,0.2,0.016666666666666666,2022-08-01,Ready Mixed Concrete,2023-06-01,10,1020.3,117.3,1112.321573893229,15003.71117553711,0.0,130475.32061767577,29332.255348175047
O3,H20,0.2,0.016666666666666666,2022-08-01,Ready Mixed Concrete,2023-07-01,11,1046.0,116.3,328.7222025553385,19060.98324584961,0.0,38230.39215718587,36946.53919153849
O3,H20,0.2,0.016666666666666666,2022-08-01,Ready Mixed Concrete,2023-08-01,12,1113.5,116.4,89.98689778645848,24163.076890055338,0.0,10474.474902343769,46876.36916670736
O3,H20,0.2,0.016666666666666666,2022-08-01,Steel Reinforcement Bars,2022-09-01,1,174.43,1072.6,121.1546859741211,0.0,174.43,129950.51617584228,0.0
O3,H20,0.2,0.016666666666666666,2022-08-01,Steel Reinforcement Bars,2022-10-01,2,108.27,1040.5,123.04735946655272,0.0,108.27,128030.7775249481,0.0
O3,H20,0.2,0.016666666666666666,2022-08-01,Steel Reinforcement Bars,2022-11-01,3,51.21,1004.5,3.785346984863281,69.94468597412109,0.0,3802.3810462951656,1170.9906176834106
O3,H20,0.2,0.016666666666666666,2022-08-01,Steel Reinforcement Bars,2022-12-01,4,70.5,952.3,0.0,243.64673141479489,0.0,0.0,3867.079705438486
O3,H20,0.2,0.016666666666666666,2022-08-01,Steel Reinforcement Bars,2023-01-01,5,79.16,922.6,0.0010397847493521,412.474123840332,0.0,0.9593054097522475,6342.477110918172
O3,H20,0.2,0.016666666666666666,2022-08-01,Steel Reinforcement Bars,2023-02-01,6,100.49,942.1,79.8302394104004,559.9715162658691,0.0,75208.06854853821,8792.486091234588
O3,H20,0.2,0.016666666666666666,2022-08-01,Steel Reinforcement Bars,2023-03-01,7,57.1,946.6,125.41422053019204,750.8599484761555,0.0,118717.10115387979,11846.067120458814
O3,H20,0.2,0.016666666666666666,2022-08-01,Steel Reinforcement Bars,2023-04-01,8,67.2,940.1,44.05264938354492,1011.4786200968422,0.0,41413.895685470576,15848.184179217355
O3,H20,0.2,0.016666666666666666,2022-08-01,Steel Reinforcement Bars,2023-05-01,9,152.2,922.8,0.0,1312.511512247721,0.0,0.0,20186.427058369947
O3,H20,0.2,0.016666666666666666,2022-08-01,Steel Reinforcement Bars,2023-06-01,10,135.08,885.5,76.76549636840821,1674.7170537821448,0.0,67975.84703422547,24716.03251873482
O3,H20,0.2,0.016666666666666666,2022-08-01,Steel Reinforcement Bars,2023-07-01,11,141.5,859.2,119.28577423095705,2030.5025953165687,0.0,102490.3372192383,29076.797164933265
O3,H20,0.2,0.016666666666666666,2022-08-01,Steel Reinforcement Bars,2023-08-01,12,173.95,832.6,40.98790634155273,2430.6036332194008,0.0,34126.530819976804,33728.67641697455
O3,H20,0.2,0.016666666666666666,2022-09-01,Cement,2022-10-01,1,368.78,118.6,400.0435180664063,0.0,368.78,47445.161242675786,0.0
O3,H20,0.2,0.016666666666666666,2022-09-01,Cement,2022-11-01,2,296.3,118.4,411.1345825195313,0.0,296.3,48678.33457031251,0.0
O3,H20,0.2,0.016666666666666666,2022-09-01,Cement,2022-12-01,3,375.31,118.3,22.182128906249943,24.733518066406305,0.0,2624.1458496093683,48.7662531209311
O3,H20,0.2,0.016666666666666666,2022-09-01,Cement,2023-01-01,4,440.73,118.5,0.0,395.1816186523439,0.0,0.0,780.4836968383792
O3,H20,0.2,0.016666666666666666,2022-09-01,Cement,2023-02-01,5,282.49,118.4,383.7429809570313,946.0518481445313,0.0,45435.16894531251,1866.8756470052085
O3,H20,0.2,0.016666666666666666,2022-09-01,Cement,2023-03-01,6,427.87,118.2,397.77484130859375,1351.5420776367187,0.0,47016.98624267578,2662.537892944336
O3,H20,0.2,0.016666666666666666,2022-09-01,Cement,2023-04-01,7,315.7,118.0,28.119522094726506,2252.9452880859376,0.0,3318.1036071777276,4430.792399902343
O3,H20,0.2,0.016666666666666666,2022-09-01,Cement,2023-05-01,8,398.82,117.2,0.0,3469.00333984375,0.0,0.0,6776.119857161459
O3,H20,0.2,0.016666666666666666,2022-09-01,Cement,2023-06-01,9,335.0,116.7,344.9204821777344,4777.000913696289,0.0,40252.22027014161,9291.266777139283
O3,H20,0.2,0.016666666666666666,2022-09-01,Cement,2023-07-01,10,425.98,115.2,454.12548828125,5994.0184875488285,0.0,52315.25625,11508.51549609375
O3,H20,0.2,0.016666666666666666,2022-09-01,Cement,2023-08-01,11,378.3,114.4,123.2926678466797,7603.636543579102,0.0,14104.68120166016,14497.600343090822
O3,H20,0.2,0.016666666666666666,2022-09-01,Cement,2023-09-01,12,446.33,113.5,28.175323486328125,9599.350087890625,0.0,3197.899215698242,18158.77058292643
O3,H20,0.2,0.016666666666666666,2022-09-01,Granite,2022-10-01,1,1554.5,20.4,1899.755211116272,0.0,1554.5,38755.006306771946,0.0
O3,H20,0.2,0.016666666666666666,2022-09-01,Granite,2022-11-01,2,1531.9,20.5,1924.8646902740184,0.0,1531.9,39459.726150617375,0.0
O3,H20,0.2,0.016666666666666666,2022-09-01,Granite,2022-12-01,3,1692.1,19.3,50.2189583154925,207.65521111627208,0.0,969.2258954890053,66.79575957573418
O3,H20,0.2,0.016666666666666666,2022-09-01,Granite,2023-01-01,4,1309.6,19.0,0.0,2722.6751125065625,0.0,0.0,862.1804522937448
O3,H20,0.2,0.016666666666666666,2022-09-01,Granite,2023-02-01,5,1455.1,18.5,1005.3641555018,5142.4139722123455,0.0,18599.2368767833,1585.57764143214
O3,H20,0.2,0.016666666666666666,2022-09-01,Granite,2023-03-01,6,1561.4,18.3,1842.767438095492,7455.85283191813,0.0,33722.64411714751,2274.0351137350294
O3,H20,0.2,0.016666666666666666,2022-09-01,Granite,2023-04-01,7,1395.2,18.6,847.2715100292405,10940.855847125713,0.0,15759.250086543874,3391.665312608971
O3,H20,0.2,0.016666666666666666,2022-09-01,Granite,2023-05-01,8,1844.9,18.3,19.73645487109729,15818.926300428788,0.0,361.1771241410804,4824.77252163078
O3,H20,0.2,0.016666666666666666,2022-09-01,Granite,2023-06-01,9,1659.3,18.5,1025.1006103728976,21729.868263761105,0.0,18964.361291898604,6700.042714659675
O3,H20,0.2,0.016666666666666666,2022-09-01,Granite,2023-07-01,10,1674.3,18.5,1862.503892966589,27645.54668196452,0.0,34456.322019881896,8524.043560272394
O3,H20,0.2,0.016666666666666666,2022-09-01,Granite,2023-08-01,11,1755.2,18.5,867.0079649003376,34505.42571054083,0.0,16039.647350656245,10639.172927416757
O3,H20,0.2,0.016666666666666666,2022-09-01,Granite,2023-09-01,12,1729.4,18.6,39.47290974219459,43253.60863208373,0.0,734.1961212048194,13408.618675945956
O3,H20,0.2,0.016666666666666666,2022-09-01,Ready Mixed Concrete,2022-10-01,1,930.7,118.5,1094.1734619140625,0.0,930.7,129659.5552368164,0.0
O3,H20,0.2,0.016666666666666666,2022-09-01,Ready Mixed Concrete,2022-11-01,2,959.9,118.2,1126.0674438476562,0.0,959.9,133101.17186279298,0.0
O3,H20,0.2,0.016666666666666666,2022-09-01,Ready Mixed Concrete,2022-12-01,3,992.6,118.0,63.7879638671875,101.57346191406248,0.0,7526.979736328125,199.76114176432287
O3,H20,0.2,0.016666666666666666,2022-09-01,Ready Mixed Concrete,2023-01-01,4,808.1,117.6,0.0,1513.7143676757814,0.0,0.0,2966.8801606445318
O3,H20,0.2,0.016666666666666666,2022-09-01,Ready Mixed Concrete,2023-02-01,5,897.3,118.1,708.8788126627604,2900.4432373046875,0.0,83718.587775472,5709.03910542806
O3,H20,0.2,0.016666666666666666,2022-09-01,Ready Mixed Concrete,2023-03-01,6,1070.7,116.8,1209.330810546875,4113.772106933594,0.0,141249.83867187498,8008.143034830729
O3,H20,0.2,0.016666666666666666,2022-09-01,Ready Mixed Concrete,2023-04-01,7,918.4,117.2,505.1311360677083,6188.279789225261,0.0,59201.36914713542,12087.773188286677
O3,H20,0.2,0.016666666666666666,2022-09-01,Ready Mixed Concrete,2023-05-01,8,1041.6,117.6,9.3582763671875,9348.918282063803,0.0,1100.5333007812499,18323.879832845054
O3,H20,0.2,0.016666666666666666,2022-09-01,Ready Mixed Concrete,2023-06-01,9,1020.3,117.3,550.5062784830728,13035.987910970054,0.0,64574.38646606444,25485.356365946453
O3,H20,0.2,0.016666666666666666,2022-09-01,Ready Mixed Concrete,2023-07-01,10,1046.0,116.3,1218.6890869140625,16706.715816243493,0.0,141733.54080810546,32383.18415715197
O3,H20,0.2,0.016666666666666666,2022-09-01,Ready Mixed Concrete,2023-08-01,11,1113.5,116.4,682.2202229817709,20860.450000000004,0.0,79410.43395507814,40469.273000000016
O3,H20,0.2,0.016666666666666666,2022-09-01,Ready Mixed Concrete,2023-09-01,12,1081.8,116.6,18.716552734375,26264.57327067058,0.0,2182.3500488281247,51040.82072266982
O3,H20,0.2,0.016666666666666666,2022-09-01,Steel Reinforcement Bars,2022-10-01,1,108.27,1040.5,160.803955078125,0.0,108.27,167316.51525878906,0.0
O3,H20,0.2,0.016666666666666666,2022-09-01,Steel Reinforcement Bars,2022-11-01,2,51.21,1004.5,158.41053009033203,0.0,51.21,159123.37747573853,0.0
O3,H20,0.2,0.016666666666666666,2022-09-01,Steel Reinforcement Bars,2022-12-01,3,70.5,952.3,0.0,90.303955078125,0.0,0.0,1433.2742736816406
O3,H20,0.2,0.016666666666666666,2022-09-01,Steel Reinforcement Bars,2023-01-01,4,79.16,922.6,0.0,330.35844024658206,0.0,0.0,5079.8116161916105
O3,H20,0.2,0.016666666666666666,2022-09-01,Steel Reinforcement Bars,2023-02-01,5,100.49,942.1,0.0,549.0829254150391,0.0,0.0,8621.517067225139
O3,H20,0.2,0.016666666666666666,2022-09-01,Steel Reinforcement Bars,2023-03-01,6,57.1,946.6,75.39871063232421,811.1974105834961,0.0,71372.4194845581,12797.991147638957
O3,H20,0.2,0.016666666666666666,2022-09-01,Steel Reinforcement Bars,2023-04-01,7,67.2,940.1,132.080078125,1063.211895751953,0.0,124168.4814453125,16658.758386606853
O3,H20,0.2,0.016666666666666666,2022-09-01,Steel Reinforcement Bars,2023-05-01,8,152.2,922.8,68.2272201538086,1305.6250915527341,0.0,62960.07875793458,20080.51390808105
O3,H20,0.2,0.016666666666666666,2022-09-01,Steel Reinforcement Bars,2023-06-01,9,135.08,885.5,11.127220153808594,1697.2383654785153,0.0,9853.15344619751,25048.409543853755
O3,H20,0.2,0.016666666666666666,2022-09-01,Steel Reinforcement Bars,2023-07-01,10,141.5,859.2,74.56144561767577,2150.658859558105,0.0,64063.194074707026,30797.434868872067
O3,H20,0.2,0.016666666666666666,2022-09-01,Steel Reinforcement Bars,2023-08-01,11,173.95,832.6,131.24281311035156,2582.756573791504,0.0,109272.76619567872,35840.05205564677
O3,H20,0.2,0.016666666666666666,2022-09-01,Steel Reinforcement Bars,2023-09-01,12,140.71,830.1,67.38995513916016,3122.655733642578,0.0,55940.40176101685,43201.94207494507
O3,H20,0.2,0.016666666666666666,2022-10-01,Cement,2022-11-01,1,296.3,118.4,424.7693481445313,0.0,296.3,50292.690820312506,0.0
O3,H20,0.2,0.016666666666666666,2022-10-01,Cement,2022-12-01,2,375.31,118.3,423.3801879882813,0.0,375.31,50085.876239013676,0.0
O3,H20,0.2,0.016666666666666666,2022-10-01,Cement,2023-01-01,3,440.73,118.5,0.0,0.0,15.960651855468711,0.0,0.0
O3,H20,0.2,0.016666666666666666,2022-10-01,Cement,2023-02-01,4,282.49,118.4,0.0,565.6595361328126,0.0,0.0,1116.2348179687501
O3,H20,0.2,0.016666666666666666,2022-10-01,Cement,2023-03-01,5,427.87,118.2,261.1802465820312,985.9390722656252,0.0,30871.50514599609,1942.2999723632815
O3,H20,0.2,0.016666666666666666,2022-10-01,Cement,2023-04-01,6,315.7,118.0,392.1101379394531,1518.3886083984378,0.0,46268.99627685547,2986.1642631835944
O3,H20,0.2,0.016666666666666666,2022-10-01,Cement,2023-05-01,7,398.82,117.2,138.91733337402349,2228.8983911132814,0.0,16281.111471435554,4353.78152397461
O3,H20,0.2,0.016666666666666666,2022-10-01,Cement,2023-06-01,8,335.0,116.7,15.974884033203123,3395.3383117675785,0.0,1864.2689666748045,6603.93301638794
O3,H20,0.2,0.016666666666666666,2022-10-01,Cement,2023-07-01,9,425.98,115.2,220.0449926757812,4609.715565795899,0.0,25349.183156249994,8850.653886328126
O3,H20,0.2,0.016666666666666666,2022-10-01,Cement,2023-08-01,10,378.3,114.4,408.08502197265625,5887.7477038574225,0.0,46684.926513671875,11225.972288688152
O3,H20,0.2,0.016666666666666666,2022-10-01,Cement,2023-09-01,11,446.33,113.5,212.0023553466797,7317.794834594727,0.0,24062.267331848147,13842.828562108358
O3,H20,0.2,0.016666666666666666,2022-10-01,Cement,2023-10-01,12,335.47,113.2,31.94976806640625,9266.78698730469,0.0,3616.7137451171875,17483.33811604818
O3,H20,0.2,0.016666666666666666,2022-10-01,Granite,2022-11-01,1,1531.9,20.5,1798.7626353080366,0.0,1531.9,36874.63402381475,0.0
O3,H20,0.2,0.016666666666666666,2022-10-01,Granite,2022-12-01,2,1692.1,19.3,1753.5982667862968,0.0,1692.1,33844.44654897553,0.0
O3,H20,0.2,0.016666666666666666,2022-10-01,Granite,2023-01-01,3,1309.6,19.0,0.0,489.16263530803667,0.0,0.0,154.90150118087828
O3,H20,0.2,0.016666666666666666,2022-10-01,Granite,2023-02-01,4,1455.1,18.5,0.0,2586.4235374023697,0.0,0.0,797.480590699064
O3,H20,0.2,0.016666666666666666,2022-10-01,Granite,2023-03-01,5,1561.4,18.3,1015.9005522828866,4577.384439496704,0.0,18590.980106776824,1396.1022540464946
O3,H20,0.2,0.016666666666666666,2022-10-01,Granite,2023-04-01,6,1395.2,18.6,1851.125232433552,6734.545341591037,0.0,34430.92932326407,2087.7090558932214
O3,H20,0.2,0.016666666666666666,2022-10-01,Granite,2023-05-01,7,1844.9,18.3,830.0324481446385,9457.906795968256,0.0,15189.593801046885,2884.661572770318
O3,H20,0.2,0.016666666666666666,2022-10-01,Granite,2023-06-01,8,1659.3,18.5,0.0,14217.993482779028,0.0,0.0,4383.881323856867
O3,H20,0.2,0.016666666666666666,2022-10-01,Granite,2023-07-01,9,1674.3,18.5,813.6908558372811,19793.112617734438,0.0,15053.2808329897,6102.876390468118
O3,H20,0.2,0.016666666666666666,2022-10-01,Granite,2023-08-01,10,1755.2,18.5,1830.3563044094449,25287.331752689846,0.0,33861.59163157473,7796.927290412703
O3,H20,0.2,0.016666666666666666,2022-10-01,Granite,2023-09-01,11,1729.4,18.6,1011.4732165661368,31621.041743482536,0.0,18813.401828130147,9802.522940479586
O3,H20,0.2,0.016666666666666666,2022-10-01,Granite,2023-10-01,12,1742.2,19.5,0.0,39772.30803868467,0.0,0.0,12926.000112572518
O3,H20,0.2,0.016666666666666666,2022-10-01,Ready Mixed Concrete,2022-11-01,1,959.9,118.2,1087.1026611328125,0.0,959.9,128495.53454589844,0.0
O3,H20,0.2,0.016666666666666666,2022-10-01,Ready Mixed Concrete,2022-12-01,2,992.6,118.0,1098.363037109375,0.0,992.6,129606.83837890625,0.0
O3,H20,0.2,0.016666666666666666,2022-10-01,Ready Mixed Concrete,2023-01-01,3,808.1,117.6,22.520751953125,279.0026611328125,0.0,2648.4404296875,546.8452158203124
O3,H20,0.2,0.016666666666666666,2022-10-01,Ready Mixed Concrete,2023-02-01,4,897.3,118.1,0.0,1567.1683593750001,0.0,0.0,3084.709720703125
O3,H20,0.2,0.016666666666666666,2022-10-01,Ready Mixed Concrete,2023-03-01,5,1070.7,116.8,624.6348632812499,2704.454809570313,0.0,72957.35203124999,5264.672029296876
O3,H20,0.2,0.016666666666666666,2022-10-01,Ready Mixed Concrete,2023-04-01,6,918.4,117.2,1136.020263671875,3994.0412597656255,0.0,133141.57490234377,7801.693927408855
O3,H20,0.2,0.016666666666666666,2022-10-01,Ready Mixed Concrete,2023-05-01,7,1041.6,117.6,521.4698323567709,5785.062573242187,0.0,61324.85228515625,11338.722643554685
O3,H20,0.2,0.016666666666666666,2022-10-01,Ready Mixed Concrete,2023-06-01,8,1020.3,117.3,20.168863932291742,8733.404150390625,0.0,2365.807739257821,17073.80511401367
O3,H20,0.2,0.016666666666666666,2022-10-01,Ready Mixed Concrete,2023-07-01,9,1046.0,116.3,529.0834635416666,12177.515559895834,0.0,61532.406809895816,23604.084326931425
O3,H20,0.2,0.016666666666666666,2022-10-01,Ready Mixed Concrete,2023-08-01,10,1113.5,116.4,1156.1891276041663,15574.295833333334,0.0,134580.41445312498,30214.13391666667
O3,H20,0.2,0.016666666666666666,2022-10-01,Ready Mixed Concrete,2023-09-01,11,1081.8,116.6,657.3589599609377,19531.8595703125,0.0,76648.05473144533,37956.91376497395
O3,H20,0.2,0.016666666666666666,2022-10-01,Ready Mixed Concrete,2023-10-01,12,1101.2,116.4,40.337727864583485,24626.21243489583,0.0,4695.311523437518,47774.852123697914
O3,H20,0.2,0.016666666666666666,2022-10-01,Steel Reinforcement Bars,2022-11-01,1,51.21,1004.5,130.0620574951172,0.0,51.21,130647.33675384521,0.0
O3,H20,0.2,0.016666666666666666,2022-10-01,Steel Reinforcement Bars,2022-12-01,2,70.5,952.3,139.0100555419922,0.0,70.5,132379.27589263915,0.0
O3,H20,0.2,0.016666666666666666,2022-10-01,Steel Reinforcement Bars,2023-01-01,3,79.16,922.6,17.89599609375,50.90205749511719,0.0,16510.84599609375,782.7039707499187
O3,H20,0.2,0.016666666666666666,2022-10-01,Steel Reinforcement Bars,2023-02-01,4,100.49,942.1,0.0,219.48417053222659,0.0,0.0,3446.2672843068444
O3,H20,0.2,0.016666666666666666,2022-10-01,Steel Reinforcement Bars,2023-03-01,5,57.1,946.6,48.36868387858071,449.35227966308594,0.0,45785.7961594645,7089.281132151286
O3,H20,0.2,0.016666666666666666,2022-10-01,Steel Reinforcement Bars,2023-04-01,6,67.2,940.1,109.3330535888672,669.1203887939453,0.0,102784.00367889406,10484.001291753133
O3,H20,0.2,0.016666666666666666,2022-10-01,Steel Reinforcement Bars,2023-05-01,7,152.2,922.8,111.64680633544924,852.2571818033853,0.0,103027.67288635255,13107.715456136064
O3,H20,0.2,0.016666666666666666,2022-10-01,Steel Reinforcement Bars,2023-06-01,8,135.08,885.5,51.14676411946616,1161.8470284016926,0.0,45290.459627787284,17146.925727494978
O3,H20,0.2,0.016666666666666666,2022-10-01,Steel Reinforcement Bars,2023-07-01,9,141.5,859.2,49.29733886718749,1576.6636813354492,0.0,42356.2735546875,22577.82391672363
O3,H20,0.2,0.016666666666666666,2022-10-01,Steel Reinforcement Bars,2023-08-01,10,173.95,832.6,110.26170857747394,2010.177098388672,0.0,91803.8985616048,27894.557535306805
O3,H20,0.2,0.016666666666666666,2022-10-01,Steel Reinforcement Bars,2023-09-01,11,140.71,830.1,112.575461324056,2526.2278543090824,0.0,93448.89044509888,34950.362364366156
O3,H20,0.2,0.016666666666666666,2022-10-01,Steel Reinforcement Bars,2023-10-01,12,162.59,827.4,52.075419108072936,3130.6603188069666,0.0,43087.20177001954,43171.80579634807
O3,H20,0.2,0.016666666666666666,2022-11-01,Cement,2022-12-01,1,375.31,118.3,417.8412170410156,0.0,375.31,49430.61597595215,0.0
O3,H20,0.2,0.016666666666666666,2022-11-01,Cement,2023-01-01,2,440.73,118.5,406.2331237792969,0.0,440.73,48138.62516784668,0.0
O3,H20,0.2,0.016666666666666666,2022-11-01,Cement,2023-02-01,3,282.49,118.4,0.0,135.35121704101562,0.0,0.0,267.09306829427084
O3,H20,0.2,0.016666666666666666,2022-11-01,Cement,2023-03-01,4,427.87,118.2,0.0,531.5555578613281,0.0,0.0,1047.1644489868163
O3,H20,0.2,0.016666666666666666,2022-11-01,Cement,2023-04-01,5,315.7,118.0,274.8900191243489,1039.9298986816405,0.0,32437.022256673168,2045.195467407226
O3,H20,0.2,0.016666666666666666,2022-11-01,Cement,2023-05-01,6,398.82,117.2,385.5940246582031,1465.184239501953,0.0,45191.619689941406,2861.993214493815
O3,H20,0.2,0.016666666666666666,2022-11-01,Cement,2023-06-01,7,335.0,116.7,116.69985005696616,2229.1485994466143,0.0,13618.872501647951,4335.694025923665
O3,H20,0.2,0.016666666666666666,2022-11-01,Cement,2023-07-01,8,425.98,115.2,11.99168904622394,3287.7269840494787,0.0,1381.442578124998,6312.435809374999
O3,H20,0.2,0.016666666666666666,2022-11-01,Cement,2023-08-01,9,378.3,114.4,286.8817081705729,4510.685218709309,0.0,32819.26741471354,8600.373150339083
O3,H20,0.2,0.016666666666666666,2022-11-01,Cement,2023-09-01,10,446.33,113.5,397.5857137044271,5677.605142415364,0.0,45125.97850545248,10740.136394402396
O3,H20,0.2,0.016666666666666666,2022-11-01,Cement,2023-10-01,11,335.47,113.2,128.6915391031901,7242.266774291991,0.0,14567.88222648112,13663.743314164223
O3,H20,0.2,0.016666666666666666,2022-11-01,Cement,2023-11-01,12,381.97,112.0,23.98337809244788,9158.014119873047,0.0,2686.1383463541624,17094.95969042969
O3,H20,0.2,0.016666666666666666,2022-11-01,Granite,2022-12-01,1,1692.1,19.3,1797.9343517283223,0.0,1692.1,34700.13298835662,0.0
O3,H20,0.2,0.016666666666666666,2022-11-01,Granite,2023-01-01,2,1309.6,19.0,1753.2050520190965,0.0,1309.6,33310.895988362834,0.0
O3,H20,0.2,0.016666666666666666,2022-11-01,Granite,2023-02-01,3,1455.1,18.5,0.0,342.8343517283224,0.0,0.0,105.70725844956608
O3,H20,0.2,0.016666666666666666,2022-11-01,Granite,2023-03-01,4,1561.4,18.3,0.0,2332.573755475741,0.0,0.0,711.434995420101
O3,H20,0.2,0.016666666666666666,2022-11-01,Granite,2023-04-01,5,1395.2,18.6,1142.044693991215,4488.51315922316,0.0,21242.031308236597,1391.4390793591797
O3,H20,0.2,0.016666666666666666,2022-11-01,Granite,2023-05-01,6,1844.9,18.3,1660.788270453015,6194.75256297058,0.0,30392.425349290177,1889.3995317060267
O3,H20,0.2,0.016666666666666666,2022-11-01,Granite,2023-06-01,7,1659.3,18.5,528.2022002824592,9228.636660709213,0.0,9771.740705225495,2845.4963037186744
O3,H20,0.2,0.016666666666666666,2022-11-01,Granite,2023-07-01,8,1674.3,18.5,18.917247641318,13908.309028900861,0.0,349.969081364383,4288.395283911099
O3,H20,0.2,0.016666666666666666,2022-11-01,Granite,2023-08-01,9,1755.2,18.5,1160.961941632533,19035.283597374968,0.0,21477.795920201857,5869.212442523949
O3,H20,0.2,0.016666666666666666,2022-11-01,Granite,2023-09-01,10,1729.4,18.6,1679.705518094333,24206.975413490392,0.0,31242.522636554597,7504.162378182022
O3,H20,0.2,0.016666666666666666,2022-11-01,Granite,2023-10-01,11,1742.2,19.5,547.1194479237774,30526.82917123835,0.0,10668.82923451366,9921.219480652464
O3,H20,0.2,0.016666666666666666,2022-11-01,Granite,2023-11-01,12,1621.1,20.3,37.834495282636,38647.48844708064,0.0,768.0402542375108,13075.733591262284
O3,H20,0.2,0.016666666666666666,2022-11-01,Ready Mixed Concrete,2022-12-01,1,992.6,118.0,1026.403564453125,0.0,992.6,121115.62060546875,0.0
O3,H20,0.2,0.016666666666666666,2022-11-01,Ready Mixed Concrete,2023-01-01,2,808.1,117.6,1035.2061767578125,0.0,808.1,121740.24638671875,0.0
O3,H20,0.2,0.016666666666666666,2022-11-01,Ready Mixed Concrete,2023-02-01,3,897.3,118.1,17.605224609375,129.10356445312505,0.0,2079.1770263671874,254.11884936523447
O3,H20,0.2,0.016666666666666666,2022-11-01,Ready Mixed Concrete,2023-03-01,4,1070.7,116.8,0.0,1120.0133056640623,0.0,0.0,2180.2925683593744
O3,H20,0.2,0.016666666666666666,2022-11-01,Ready Mixed Concrete,2023-04-01,5,918.4,117.2,944.3605550130208,2280.828271484375,0.0,110679.05704752603,4455.217890299479
O3,H20,0.2,0.016666666666666666,2022-11-01,Ready Mixed Concrete,2023-05-01,6,1041.6,117.6,1061.35888671875,3318.443237304688,0.0,124815.80507812499,6504.148745117188
O3,H20,0.2,0.016666666666666666,2022-11-01,Ready Mixed Concrete,2023-06-01,7,1020.3,117.3,144.43070475260424,5321.718758138021,0.0,16941.721667480477,10403.96017215983
O3,H20,0.2,0.016666666666666666,2022-11-01,Ready Mixed Concrete,2023-07-01,8,1046.0,116.3,54.86474609375,8360.653165690104,0.0,6380.769970703125,16205.732719495985
O3,H20,0.2,0.016666666666666666,2022-11-01,Ready Mixed Concrete,2023-08-01,9,1113.5,116.4,983.8664143880208,11476.518277994792,0.0,114522.05063476562,22264.445459309896
O3,H20,0.2,0.016666666666666666,2022-11-01,Ready Mixed Concrete,2023-09-01,10,1081.8,116.6,1116.2236328125,14678.94813639323,0.0,130151.6755859375,28526.089211724175
O3,H20,0.2,0.016666666666666666,2022-11-01,Ready Mixed Concrete,2023-10-01,11,1101.2,116.4,214.65433756510424,18845.84440917969,0.0,24985.764892578136,36560.9381538086
O3,H20,0.2,0.016666666666666666,2022-11-01,Ready Mixed Concrete,2023-11-01,12,1070.0,115.4,109.7294921875,24160.164314778645,0.0,12662.783398437501,46468.04936542426
O3,H20,0.2,0.016666666666666666,2022-11-01,Steel Reinforcement Bars,2022-12-01,1,70.5,952.3,138.33480834960938,0.0,70.5,131736.237991333,0.0
O3,H20,0.2,0.016666666666666666,2022-11-01,Steel Reinforcement Bars,2023-01-01,2,79.16,922.6,146.02474975585938,0.0,79.16,134722.43412475588,0.0
O3,H20,0.2,0.016666666666666666,2022-11-01,Steel Reinforcement Bars,2023-02-01,3,100.49,942.1,15.3798828125,37.84480834960938,0.0,14489.38759765625,594.22656576945
O3,H20,0.2,0.016666666666666666,2022-11-01,Steel Reinforcement Bars,2023-03-01,4,57.1,946.6,0.0,265.1043664550781,0.0,0.0,4182.463221439615
O3,H20,0.2,0.016666666666666666,2022-11-01,Steel Reinforcement Bars,2023-04-01,5,67.2,940.1,0.0,497.64380737304685,0.0,0.0,7797.249055190022
O3,H20,0.2,0.016666666666666666,2022-11-01,Steel Reinforcement Bars,2023-05-01,6,152.2,922.8,53.79257873535157,645.1832482910156,0.0,49639.79165698242,9922.91835871582
O3,H20,0.2,0.016666666666666666,2022-11-01,Steel Reinforcement Bars,2023-06-01,7,135.08,885.5,132.221555074056,809.8426892089843,0.0,117082.18701807658,11951.92835490926
O3,H20,0.2,0.016666666666666666,2022-11-01,Steel Reinforcement Bars,2023-07-01,8,141.5,859.2,81.90851175944009,1021.8747088623047,0.0,70375.79330371093,14633.245830908203
O3,H20,0.2,0.016666666666666666,2022-11-01,Steel Reinforcement Bars,2023-08-01,9,173.95,832.6,6.959070841471345,1333.6782835896809,0.0,5794.122382609042,18507.00898194614
O3,H20,0.2,0.016666666666666666,2022-11-01,Steel Reinforcement Bars,2023-09-01,10,140.71,830.1,60.75164957682294,1760.6303700764972,0.0,50429.94431372073,24358.32117000834
O3,H20,0.2,0.016666666666666666,2022-11-01,Steel Reinforcement Bars,2023-10-01,11,162.59,827.4,139.18062591552734,2172.661527404785,0.0,115158.04988250732,29961.002462911983
O3,H20,0.2,0.016666666666666666,2022-11-01,Steel Reinforcement Bars,2023-11-01,12,187.13,826.7,88.86758260091143,2620.9043343098956,0.0,73466.83053617348,36111.693552899844
O3,H20,0.2,0.016666666666666666,2022-12-01,Cement,2023-01-01,1,440.73,118.5,406.8157958984375,0.0,440.73,48207.671813964844,0.0
O3,H20,0.2,0.016666666666666666,2022-12-01,Cement,2023-02-01,2,282.49,118.4,399.65240478515625,0.0,282.49,47318.8447265625,0.0
O3,H20,0.2,0.016666666666666666,2022-12-01,Cement,2023-03-01,3,427.87,118.2,0.0,0.0,21.054204101562505,0.0,0.0
O3,H20,0.2,0.016666666666666666,2022-12-01,Cement,2023-04-01,4,315.7,118.0,0.0,490.76820068359376,0.0,0.0,965.177461344401
O3,H20,0.2,0.016666666666666666,2022-12-01,Cement,2023-05-01,5,398.82,117.2,293.5315836588542,898.4164013671875,0.0,34401.90160481771,1754.9067040039063
O3,H20,0.2,0.016666666666666666,2022-12-01,Cement,2023-06-01,6,335.0,116.7,369.9814758300781,1369.8846020507813,0.0,43176.83822937012,2664.42555098877
O3,H20,0.2,0.016666666666666666,2022-12-01,Cement,2023-07-01,7,425.98,115.2,77.69546712239583,2043.9043863932293,0.0,8950.5178125,3924.2964218750003
O3,H20,0.2,0.016666666666666666,2022-12-01,Cement,2023-08-01,8,378.3,114.4,2.49114990234375,3135.5856465657553,0.0,284.987548828125,5978.516632785374
O3,H20,0.2,0.016666666666666666,2022-12-01,Cement,2023-09-01,9,446.33,113.5,296.0227335611979,4236.932373860677,0.0,33598.580259195965,8014.863740553114
O3,H20,0.2,0.016666666666666666,2022-12-01,Cement,2023-10-01,10,335.47,113.2,372.4726257324219,5451.630251057943,0.0,42163.90123291016,10285.409073662651
O3,H20,0.2,0.016666666666666666,2022-12-01,Cement,2023-11-01,11,381.97,112.0,80.18661702473958,6915.850861816406,0.0,8980.901106770832,12909.588275390624
O3,H20,0.2,0.016666666666666666,2022-12-01,Cement,2023-12-01,12,467.38,111.7,4.9822998046875,8667.134098307293,0.0,556.5228881835938,16135.314646348743
O3,H20,0.2,0.016666666666666666,2022-12-01,Granite,2023-01-01,1,1309.6,19.0,1685.1703660260707,0.0,1309.6,32018.236954495344,0.0
O3,H20,0.2,0.016666666666666666,2022-12-01,Granite,2023-02-01,2,1455.1,18.5,1707.8002570779342,0.0,1455.1,31594.304755941783,0.0
O3,H20,0.2,0.016666666666666666,2022-12-01,Granite,2023-03-01,3,1561.4,18.3,45.25978210372705,123.77036602607063,0.0,828.254012498205,37.74996163795154
O3,H20,0.2,0.016666666666666666,2022-12-01,Granite,2023-04-01,4,1395.2,18.6,0.0,2121.540989130076,0.0,0.0,657.6777066303235
O3,H20,0.2,0.016666666666666666,2022-12-01,Granite,2023-05-01,5,1844.9,18.3,1270.9143541433848,3714.8713943378075,0.0,23257.73268082394,1133.0357752730313
O3,H20,0.2,0.016666666666666666,2022-12-01,Granite,2023-06-01,6,1659.3,18.5,1763.602064961776,5493.801799545539,0.0,32626.638201792855,1693.9222215265413
O3,H20,0.2,0.016666666666666666,2022-12-01,Granite,2023-07-01,7,1674.3,18.5,480.0251695347936,8528.646558896657,0.0,8880.465636393681,2629.6660223264694
O3,H20,0.2,0.016666666666666666,2022-12-01,Granite,2023-08-01,8,1755.2,18.5,0.0,13246.19338320955,0.0,0.0,4084.2429598229446
O3,H20,0.2,0.016666666666666666,2022-12-01,Granite,2023-09-01,9,1729.4,18.6,1237.1872066144133,18469.56537705723,0.0,23011.68204302809,5725.565266887742
O3,H20,0.2,0.016666666666666666,2022-12-01,Granite,2023-10-01,10,1742.2,19.5,1712.9518998273852,23680.13737090492,0.0,33402.56204663401,7696.044645544099
O3,H20,0.2,0.016666666666666666,2022-12-01,Granite,2023-11-01,11,1621.1,20.3,463.102151929374,30248.996571367017,0.0,9400.973684166293,10234.243839979174
O3,H20,0.2,0.016666666666666666,2022-12-01,Granite,2023-12-01,12,1531.7,21.2,0.0,38620.207671656506,0.0,0.0,13645.806710651965
O3,H20,0.2,0.016666666666666666,2022-12-01,Ready Mixed Concrete,2023-01-01,1,808.1,117.6,1039.676513671875,0.0,808.1,122265.9580078125,0.0
O3,H20,0.2,0.016666666666666666,2022-12-01,Ready Mixed Concrete,2023-02-01,2,897.3,118.1,1053.2274169921875,0.0,897.3,124386.15794677734,0.0
O3,H20,0.2,0.016666666666666666,2022-12-01,Ready Mixed Concrete,2023-03-01,3,1070.7,116.8,27.101806640625,0.0,31.023486328125045,3165.491015625,0.0
O3,H20,0.2,0.016666666666666666,2022-12-01,Ready Mixed Concrete,2023-04-01,4,918.4,117.2,21.297770182291742,1174.5039306640624,0.0,2496.0986653645923,2294.1976778971352
O3,H20,0.2,0.016666666666666666,2022-12-01,Ready Mixed Concrete,2023-05-01,5,1041.6,117.6,920.3428304036456,2252.90966796875,0.0,108232.31685546871,4415.70294921875
O3,H20,0.2,0.016666666666666666,2022-12-01,Ready Mixed Concrete,2023-06-01,6,1020.3,117.3,1068.7211507161458,3373.9131754557293,0.0,125360.9909790039,6596.00025801595
O3,H20,0.2,0.016666666666666666,2022-12-01,Ready Mixed Concrete,2023-07-01,7,1046.0,116.3,191.08028564453127,5389.559513346354,0.0,22222.637220458986,10446.762856703015
O3,H20,0.2,0.016666666666666666,2022-12-01,Ready Mixed Concrete,2023-08-01,8,1113.5,116.4,64.10616048177098,8406.427001953125,0.0,7461.957080078143,16308.468383789064
O3,H20,0.2,0.016666666666666666,2022-12-01,Ready Mixed Concrete,2023-09-01,9,1081.8,116.6,963.151220703125,11646.074776204428,0.0,112303.43233398437,22632.205315090603
O3,H20,0.2,0.016666666666666666,2022-12-01,Ready Mixed Concrete,2023-10-01,10,1101.2,116.4,1111.5295410156248,14930.428710937502,0.0,129382.03857421874,28965.031699218755
O3,H20,0.2,0.016666666666666666,2022-12-01,Ready Mixed Concrete,2023-11-01,11,1070.0,115.4,233.8886759440105,19209.1338663737,0.0,26990.75320393881,36945.56746965875
O3,H20,0.2,0.016666666666666666,2022-12-01,Ready Mixed Concrete,2023-12-01,12,1101.6,115.4,106.91455078125024,24567.768562825528,0.0,12337.939160156278,47252.0082025011
O3,H20,0.2,0.016666666666666666,2022-12-01,Steel Reinforcement Bars,2023-01-01,1,79.16,922.6,159.2202911376953,0.0,79.16,146896.6406036377,0.0
O3,H20,0.2,0.016666666666666666,2022-12-01,Steel Reinforcement Bars,2023-02-01,2,100.49,942.1,150.2219467163086,0.0,100.49,141524.09600143434,0.0
O3,H20,0.2,0.016666666666666666,2022-12-01,Steel Reinforcement Bars,2023-03-01,3,57.1,946.6,0.0,102.12029113769532,0.0,0.0,1611.1177931823731
O3,H20,0.2,0.016666666666666666,2022-12-01,Steel Reinforcement Bars,2023-04-01,4,67.2,940.1,0.0,344.3625289916992,0.0,0.0,5395.586891751607
O3,H20,0.2,0.016666666666666666,2022-12-01,Steel Reinforcement Bars,2023-05-01,5,152.2,922.8,0.0,501.6047668457032,0.0,0.0,7714.681314086914
O3,H20,0.2,0.016666666666666666,2022-12-01,Steel Reinforcement Bars,2023-06-01,6,135.08,885.5,109.72649383544922,675.967004699707,0.0,97162.81029129028,9976.146377693176
O3,H20,0.2,0.016666666666666666,2022-12-01,Steel Reinforcement Bars,2023-07-01,7,141.5,859.2,145.06173451741537,843.9092425537109,0.0,124637.0422973633,12084.78035336914
O3,H20,0.2,0.016666666666666666,2022-12-01,Steel Reinforcement Bars,2023-08-01,8,173.95,832.6,37.728243509928376,1089.127974243164,0.0,31412.535546366365,15113.465855914308
O3,H20,0.2,0.016666666666666666,2022-12-01,Steel Reinforcement Bars,2023-09-01,9,140.71,830.1,4.78600565592447,1512.6484404500325,0.0,3972.8632949829025,20927.4911736262
O3,H20,0.2,0.016666666666666666,2022-12-01,Steel Reinforcement Bars,2023-10-01,10,162.59,827.4,110.16076497395836,1952.0171501668294,0.0,91147.01693945315,26918.316500800574
O3,H20,0.2,0.016666666666666666,2022-12-01,Steel Reinforcement Bars,2023-11-01,11,187.13,826.7,149.84774017333984,2371.6318655395507,0.0,123879.12680130005,32677.13438735911
O3,H20,0.2,0.016666666666666666,2022-12-01,Steel Reinforcement Bars,2023-12-01,12,122.5,819.7,46.86598368326821,2966.0373458862305,0.0,38416.046825174955,40521.01354038239
O3,H20,0.2,0.016666666666666666,2023-01-01,Cement,2023-02-01,1,282.49,118.4,419.7359008789063,0.0,282.49,49696.73066406251,0.0
O3,H20,0.2,0.016666666666666666,2023-01-01,Cement,2023-03-01,2,427.87,118.2,414.0669250488281,0.0,427.87,48942.710540771484,0.0
O3,H20,0.2,0.016666666666666666,2023-01-01,Cement,2023-04-01,3,315.7,118.0,0.0,104.03590087890632,0.0,0.0,204.6039383951824
O3,H20,0.2,0.016666666666666666,2023-01-01,Cement,2023-05-01,4,398.82,117.2,0.0,539.0187268066406,0.0,0.0,1052.8832463623048
O3,H20,0.2,0.016666666666666666,2023-01-01,Cement,2023-06-01,5,335.0,116.7,282.35991495768224,1037.821552734375,0.0,32951.40207556152,2018.5629200683595
O3,H20,0.2,0.016666666666666666,2023-01-01,Cement,2023-07-01,6,425.98,115.2,398.26513671875,1445.6443786621094,0.0,45880.14375,2775.63720703125
O3,H20,0.2,0.016666666666666666,2023-01-01,Cement,2023-08-01,7,378.3,114.4,127.2134798177084,2183.5071195475257,0.0,14553.222091145843,4163.220241270616
O3,H20,0.2,0.016666666666666666,2023-01-01,Cement,2023-09-01,8,446.33,113.5,22.61651611328125,3251.6049971516923,0.0,2566.974578857422,6150.952786278618
O3,H20,0.2,0.016666666666666666,2023-01-01,Cement,2023-10-01,9,335.47,113.2,304.9764310709635,4557.776354573567,0.0,34523.331997233065,8599.004722295464
O3,H20,0.2,0.016666666666666666,2023-01-01,Cement,2023-11-01,10,381.97,112.0,420.8816528320313,5840.064228108723,0.0,47138.74511718751,10901.45322580295
O3,H20,0.2,0.016666666666666666,2023-01-01,Cement,2023-12-01,11,467.38,111.7,149.82999593098964,7341.9185327148425,0.0,16736.010545491543,13668.205001737464
O3,H20,0.2,0.016666666666666666,2023-01-01,Cement,2024-01-01,12,434.45,110.6,45.2330322265625,9297.584490152993,0.0,5002.773364257812,17138.547410182015
O3,H20,0.2,0.016666666666666666,2023-01-01,Granite,2023-02-01,1,1455.1,18.5,1653.4064846104131,0.0,1455.1,30588.019965292642,0.0
O3,H20,0.2,0.016666666666666666,2023-01-01,Granite,2023-03-01,2,1561.4,18.3,1696.9770418190187,0.0,1561.4,31054.679865288042,0.0
O3,H20,0.2,0.016666666666666666,2023-01-01,Granite,2023-04-01,3,1395.2,18.6,87.14111441721093,258.2064846104131,0.0,1620.8247281601234,80.04401022922806
O3,H20,0.2,0.016666666666666666,2023-01-01,Granite,2023-05-01,4,1844.9,18.3,0.0,1763.690011039845,0.0,0.0,537.9254533671527
O3,H20,0.2,0.016666666666666666,2023-01-01,Granite,2023-06-01,5,1659.3,18.5,1631.445398184496,3541.914651886488,0.0,30181.739866413176,1092.0903509983339
O3,H20,0.2,0.016666666666666666,2023-01-01,Granite,2023-07-01,6,1674.3,18.5,1873.031259032896,5305.139292733131,0.0,34651.07829210858,1635.7512819260487
O3,H20,0.2,0.016666666666666666,2023-01-01,Granite,2023-08-01,7,1755.2,18.5,218.61003818452173,8618.90933176427,0.0,4044.285706413652,2657.49704396065
O3,H20,0.2,0.016666666666666666,2023-01-01,Granite,2023-09-01,8,1729.4,18.6,0.0,13831.510629828304,0.0,0.0,4287.768295246774
O3,H20,0.2,0.016666666666666666,2023-01-01,Granite,2023-10-01,9,1742.2,19.5,1441.8624938238436,19249.92196607686,0.0,28116.31862956495,6256.22463897498
O3,H20,0.2,0.016666666666666666,2023-01-01,Granite,2023-11-01,10,1621.1,20.3,1781.127968377383,24789.43330232542,0.0,36156.89775806088,8387.091600620099
O3,H20,0.2,0.016666666666666666,2023-01-01,Granite,2023-12-01,11,1531.7,21.2,316.2896518896612,31860.20713239782,0.0,6705.340620060817,11257.273186780563
O3,H20,0.2,0.016666666666666666,2023-01-01,Granite,2024-01-01,12,1664.5,22.3,0.0,40579.308930847605,0.0,0.0,15081.976485965028
O3,H20,0.2,0.016666666666666666,2023-01-01,Ready Mixed Concrete,2023-02-01,1,897.3,118.1,1017.7474975585938,0.0,897.3,120195.97946166992,0.0
O3,H20,0.2,0.016666666666666666,2023-01-01,Ready Mixed Concrete,2023-03-01,2,1070.7,116.8,1039.0945129394531,0.0,1070.7,121366.23911132812,0.0
O3,H20,0.2,0.016666666666666666,2023-01-01,Ready Mixed Concrete,2023-04-01,3,918.4,117.2,42.69403076171875,99.34749755859377,0.0,5003.740405273437,194.05877856445318
O3,H20,0.2,0.016666666666666666,2023-01-01,Ready Mixed Concrete,2023-05-01,4,1041.6,117.6,0.0,1114.5895080566406,0.0,0.0,2184.5954357910155
O3,H20,0.2,0.016666666666666666,2023-01-01,Ready Mixed Concrete,2023-06-01,5,1020.3,117.3,938.9225769042968,2193.825549316406,0.0,110135.61827087401,4288.928948913574
O3,H20,0.2,0.016666666666666666,2023-01-01,Ready Mixed Concrete,2023-07-01,6,1046.0,116.3,1087.4671630859375,3247.3615905761717,0.0,126472.43106689453,6294.469216400146
O3,H20,0.2,0.016666666666666666,2023-01-01,Ready Mixed Concrete,2023-08-01,7,1113.5,116.4,160.17548624674487,5172.320208740234,0.0,18644.426599121103,10034.301204956055
O3,H20,0.2,0.016666666666666666,2023-01-01,Ready Mixed Concrete,2023-09-01,8,1081.8,116.6,23.261800130208258,8216.445989990236,0.0,2712.3258951822827,15967.293373881022
O3,H20,0.2,0.016666666666666666,2023-01-01,Ready Mixed Concrete,2023-10-01,9,1101.2,116.4,956.5172139485676,11401.347257486981,0.0,111338.60370361328,22118.613679524744
O3,H20,0.2,0.016666666666666666,2023-01-01,Ready Mixed Concrete,2023-11-01,10,1070.0,115.4,1110.728963216146,14640.710325113934,0.0,128178.12235514325,28158.966191969135
O3,H20,0.2,0.016666666666666666,2023-01-01,Ready Mixed Concrete,2023-12-01,11,1101.6,115.4,189.10444946289067,18804.990606689455,0.0,21822.653468017583,36168.26526686605
O3,H20,0.2,0.016666666666666666,2023-01-01,Ready Mixed Concrete,2024-01-01,12,1071.7,118.1,46.52360026041652,24109.89985148112,0.0,5494.437190755191,47456.31954099867
O3,H20,0.2,0.016666666666666666,2023-01-01,Steel Reinforcement Bars,2023-02-01,1,100.49,942.1,169.7592315673828,0.0,100.49,159930.17205963135,0.0
O3,H20,0.2,0.016666666666666666,2023-01-01,Steel Reinforcement Bars,2023-03-01,2,57.1,946.6,154.6984405517578,0.0,57.1,146437.54382629396,0.0
O3,H20,0.2,0.016666666666666666,2023-01-01,Steel Reinforcement Bars,2023-04-01,3,67.2,940.1,0.0,102.55923156738281,0.0,0.0,1606.9322266082763
O3,H20,0.2,0.016666666666666666,2023-01-01,Steel Reinforcement Bars,2023-05-01,4,152.2,922.8,0.0,274.81690368652346,0.0,0.0,4226.68397869873
O3,H20,0.2,0.016666666666666666,2023-01-01,Steel Reinforcement Bars,2023-06-01,5,135.08,885.5,41.55929667154945,464.19457580566404,0.0,36800.757202657034,6850.738281265259
O3,H20,0.2,0.016666666666666666,2023-01-01,Steel Reinforcement Bars,2023-07-01,6,141.5,859.2,150.10662841796875,647.1522479248047,0.0,128971.61513671876,9267.220190283204
O3,H20,0.2,0.016666666666666666,2023-01-01,Steel Reinforcement Bars,2023-08-01,7,173.95,832.6,109.67597096761072,839.2192167154947,0.0,91316.2134276327,11645.565330622014
O3,H20,0.2,0.016666666666666666,2023-01-01,Steel Reinforcement Bars,2023-09-01,8,140.71,830.1,2.2572784423828125,1214.6328139241534,0.0,1873.7668350219726,16804.444980640663
O3,H20,0.2,0.016666666666666666,2023-01-01,Steel Reinforcement Bars,2023-10-01,9,162.59,827.4,34.41994669596352,1677.842382100423,0.0,28479.06389624021,23137.446449164832
O3,H20,0.2,0.016666666666666666,2023-01-01,Steel Reinforcement Bars,2023-11-01,10,187.13,826.7,152.36390686035156,2118.7692287190753,0.0,125959.24180145265,29193.108689700995
O3,H20,0.2,0.016666666666666666,2023-01-01,Steel Reinforcement Bars,2023-12-01,11,122.5,819.7,121.32987782796226,2658.746022033691,0.0,99454.10085558068,36322.90190435028
O3,H20,0.2,0.016666666666666666,2023-01-01,Steel Reinforcement Bars,2024-01-01,12,179.85,833.7,4.514556884765625,3293.7367222086586,0.0,3763.786074829102,45766.47175508932
O3,H20,0.2,0.016666666666666666,2023-02-01,Cement,2023-03-01,1,427.87,118.2,412.4566650390625,0.0,427.87,48752.37780761719,0.0
O3,H20,0.2,0.016666666666666666,2023-02-01,Cement,2023-04-01,2,315.7,118.0,422.4425048828125,0.0,315.7,49848.215576171875,0.0
O3,H20,0.2,0.016666666666666666,2023-02-01,Cement,2023-05-01,3,398.82,117.2,19.9716796875,13.636665039062507,0.0,2340.680859375,26.636952376302098
O3,H20,0.2,0.016666666666666666,2023-02-01,Cement,2023-06-01,4,335.0,116.7,2.0364510091145576,513.5358349609376,0.0,237.65383276366887,998.8271989990236
O3,H20,0.2,0.016666666666666666,2023-02-01,Cement,2023-07-01,5,425.98,115.2,322.7520475260417,942.4266845703125,0.0,37181.035875,1809.459234375
O3,H20,0.2,0.016666666666666666,2023-02-01,Cement,2023-08-01,6,378.3,114.4,447.4537223307292,1421.0339851888023,0.0,51188.705834635424,2709.438131759983
O3,H20,0.2,0.016666666666666666,2023-02-01,Cement,2023-09-01,7,446.33,113.5,131.13833841959632,2154.3633333333337,0.0,14884.201410624182,4075.337305555556
O3,H20,0.2,0.016666666666666666,2023-02-01,Cement,2023-10-01,8,335.47,113.2,10.836876220703118,3446.006403808594,0.0,1226.734388183593,6501.4654151855475
O3,H20,0.2,0.016666666666666666,2023-02-01,Cement,2023-11-01,9,381.97,112.0,219.56875040690107,4822.28781270345,0.0,24591.70004557292,9001.603917046441
O3,H20,0.2,0.016666666666666666,2023-02-01,Cement,2023-12-01,10,467.38,111.7,456.2541475423177,6123.996097819009,0.0,50963.588280476884,11400.839402106389
O3,H20,0.2,0.016666666666666666,2023-02-01,Cement,2024-01-01,11,434.45,110.6,251.92248596191405,7678.20313334147,0.0,27862.626947387693,14153.487775792775
O3,H20,0.2,0.016666666666666666,2023-02-01,Cement,2024-02-01,12,367.77,110.6,19.63730143229168,9755.344316406248,0.0,2171.8855384114595,17982.351356575517
O3,H20,0.2,0.016666666666666666,2023-02-01,Granite,2023-03-01,1,1561.4,18.3,1731.2661505978451,0.0,1561.4,31682.170555940567,0.0
O3,H20,0.2,0.016666666666666666,2023-02-01,Granite,2023-04-01,2,1395.2,18.6,1667.8703134442608,0.0,1395.2,31022.387830063253,0.0
O3,H20,0.2,0.016666666666666666,2023-02-01,Granite,2023-05-01,3,1844.9,18.3,0.0,0.0,113.63384940215496,0.0,0.0
O3,H20,0.2,0.016666666666666666,2023-02-01,Granite,2023-06-01,4,1659.3,18.5,0.0,1739.8364640421062,0.0,0.0,536.4495764129828
O3,H20,0.2,0.016666666666666666,2023-02-01,Granite,2023-07-01,5,1674.3,18.5,1676.466841805549,3464.672928084212,0.0,31014.636573402655,1068.2741528259653
O3,H20,0.2,0.016666666666666666,2023-02-01,Granite,2023-08-01,6,1755.2,18.5,1725.3184947293762,5108.609392126318,0.0,31918.39215249346,1575.1545625722815
O3,H20,0.2,0.016666666666666666,2023-02-01,Granite,2023-09-01,7,1729.4,18.6,38.76324287173611,8454.812697973974,0.0,720.9963174142918,2620.991936371932
O3,H20,0.2,0.016666666666666666,2023-02-01,Granite,2023-10-01,8,1742.2,19.5,0.0,13513.534498551004,0.0,0.0,4391.898712029077
O3,H20,0.2,0.016666666666666666,2023-02-01,Granite,2023-11-01,9,1621.1,20.3,1656.2900217013666,18732.11954199977,0.0,33622.687440537746,6337.700445043256
O3,H20,0.2,0.016666666666666666,2023-02-01,Granite,2023-12-01,10,1531.7,21.2,1684.9648545210116,24040.10458544854,0.0,35721.25491584544,8494.170286858483
O3,H20,0.2,0.016666666666666666,2023-02-01,Granite,2024-01-01,11,1664.5,22.3,18.586422767553813,30871.579650598673,0.0,414.47722771645005,11473.937103472508
O3,H20,0.2,0.016666666666666666,2023-02-01,Granite,2024-02-01,12,1201.2,22.2,0.0,39851.31957026982,0.0,0.0,14744.988240999834
O3,H20,0.2,0.016666666666666666,2023-02-01,Ready Mixed Concrete,2023-03-01,1,1070.7,116.8,1006.7034912109376,0.0,1070.7,117582.96777343751,0.0
O3,H20,0.2,0.016666666666666666,2023-02-01,Ready Mixed Concrete,2023-04-01,2,918.4,117.2,1016.0463256835938,0.0,918.4,119080.6293701172,0.0
O3,H20,0.2,0.016666666666666666,2023-02-01,Ready Mixed Concrete,2023-05-01,3,1041.6,117.6,18.685668945312383,0.0,34.896508789062295,2197.434667968736,0.0
O3,H20,0.2,0.016666666666666666,2023-02-01,Ready Mixed Concrete,2023-06-01,4,1020.3,117.3,2.8902384440103788,1002.4498168945313,0.0,339.0249694824174,1959.7893920288086
O3,H20,0.2,0.016666666666666666,2023-02-01,Ready Mixed Concrete,2023-07-01,5,1046.0,116.3,993.798299153646,1997.8853027343748,0.0,115578.74219156902,3872.567678466796
O3,H20,0.2,0.016666666666666666,2023-02-01,Ready Mixed Concrete,2023-08-01,6,1113.5,116.4,1003.141133626302,2928.711027018229,0.0,116765.62795410155,5681.699392415365
O3,H20,0.2,0.016666666666666666,2023-02-01,Ready Mixed Concrete,2023-09-01,7,1081.8,116.6,40.23606363932288,4885.035050455729,0.0,4691.525020345048,9493.251448052299
O3,H20,0.2,0.016666666666666666,2023-02-01,Ready Mixed Concrete,2023-10-01,8,1101.2,116.4,58.89621988932299,7825.100207519531,0.0,6855.519995117196,15180.694402587891
O3,H20,0.2,0.016666666666666666,2023-02-01,Ready Mixed Concrete,2023-11-01,9,1070.0,115.4,1049.8042805989585,10836.601428222655,0.0,121147.41398111981,20842.39674694824
O3,H20,0.2,0.016666666666666666,2023-02-01,Ready Mixed Concrete,2023-12-01,10,1101.6,115.4,1059.1471150716145,13875.398868815102,0.0,122225.57707926432,26687.017157687715
O3,H20,0.2,0.016666666666666666,2023-02-01,Ready Mixed Concrete,2024-01-01,11,1071.7,118.1,96.24204508463528,17993.900590006506,0.0,11366.185524495426,35417.99432799614
O3,H20,0.2,0.016666666666666666,2023-02-01,Ready Mixed Concrete,2024-02-01,12,874.95,118.0,114.90220133463548,23368.299426269525,0.0,13558.459757486986,45957.655538330066
O3,H20,0.2,0.016666666666666666,2023-02-01,Steel Reinforcement Bars,2023-03-01,1,57.1,946.6,156.06752014160156,0.0,57.1,147733.51456604004,0.0
O3,H20,0.2,0.016666666666666666,2023-02-01,Steel Reinforcement Bars,2023-04-01,2,67.2,940.1,138.47831344604492,0.0,67.2,130183.46247062684,0.0
O3,H20,0.2,0.016666666666666666,2023-02-01,Steel Reinforcement Bars,2023-05-01,3,152.2,922.8,0.0,3.867520141601574,0.0,0.0,59.482459777832204
O3,H20,0.2,0.016666666666666666,2023-02-01,Steel Reinforcement Bars,2023-06-01,4,135.08,885.5,0.0,163.33335372924805,0.0,0.0,2410.528078787486
O3,H20,0.2,0.016666666666666666,2023-02-01,Steel Reinforcement Bars,2023-07-01,5,141.5,859.2,121.0531793721517,316.37918731689456,0.0,104008.89171655275,4530.549962377931
O3,H20,0.2,0.016666666666666666,2023-02-01,Steel Reinforcement Bars,2023-08-01,6,173.95,832.6,132.03396606445312,436.97502090454105,0.0,109931.48014526367,6063.756706752015
O3,H20,0.2,0.016666666666666666,2023-02-01,Steel Reinforcement Bars,2023-09-01,7,140.71,830.1,9.491082560221344,711.8640338643393,0.0,7878.5476332397375,9848.638908513134
O3,H20,0.2,0.016666666666666666,2023-02-01,Steel Reinforcement Bars,2023-10-01,8,162.59,827.4,0.0,1096.9070128885908,0.0,0.0,15126.347707733667
O3,H20,0.2,0.016666666666666666,2023-02-01,Steel Reinforcement Bars,2023-11-01,9,187.13,826.7,118.07377110799156,1466.9010744730635,0.0,97611.58657497662,20211.451971114697
O3,H20,0.2,0.016666666666666666,2023-02-01,Steel Reinforcement Bars,2023-12-01,10,122.5,819.7,126.0751495361328,1901.5251360575362,0.0,103343.80007476806,25978.002567106043
O3,H20,0.2,0.016666666666666666,2023-02-01,Steel Reinforcement Bars,2024-01-01,11,179.85,833.7,6.511674296061187,2396.8729687500004,0.0,5428.782860626212,33304.54990078126
O3,H20,0.2,0.016666666666666666,2023-02-01,Steel Reinforcement Bars,2024-02-01,12,60.8,829.6,0.0,3137.345950978597,0.0,0.0,43379.0366821974
O3,H20,0.2,0.016666666666666666,2023-03-01,Cement,2023-04-01,1,315.7,118.0,460.725830078125,0.0,315.7,54365.64794921875,0.0
O3,H20,0.2,0.016666666666666666,2023-03-01,Cement,2023-05-01,2,398.82,117.2,445.14161682128906,0.0,398.82,52170.59749145508,0.0
O3,H20,0.2,0.016666666666666666,2023-03-01,Cement,2023-06-01,3,335.0,116.7,0.0,125.725830078125,0.0,0.0,244.53673950195312
O3,H20,0.2,0.016666666666666666,2023-03-01,Cement,2023-07-01,4,425.98,115.2,0.0,605.613276977539,0.0,0.0,1162.777491796875
O3,H20,0.2,0.016666666666666666,2023-03-01,Cement,2023-08-01,5,378.3,114.4,301.34140441894533,1133.1807238769532,0.0,34473.456665527345,2160.5979135253906
O3,H20,0.2,0.016666666666666666,2023-03-01,Cement,2023-09-01,6,446.33,113.5,454.5645751953125,1592.7181707763673,0.0,51593.07928466797,3012.8918730519613
O3,H20,0.2,0.016666666666666666,2023-03-01,Cement,2023-10-01,7,335.47,113.2,140.81410807291667,2464.457022094726,0.0,15940.157033854168,4649.608915018717
O3,H20,0.2,0.016666666666666666,2023-03-01,Cement,2023-11-01,8,381.97,112.0,0.0,3744.2604486083974,0.0,0.0,6989.286170735675
O3,H20,0.2,0.016666666666666666,2023-03-01,Cement,2023-12-01,9,467.38,111.7,203.9287038167318,5079.467983194986,0.0,22778.836216328942,9456.276228714665
O3,H20,0.2,0.016666666666666666,2023-03-01,Cement,2024-01-01,10,434.45,110.6,404.9283243815104,6447.605517781575,0.0,44785.072676595046,11885.086171110703
O3,H20,0.2,0.016666666666666666,2023-03-01,Cement,2024-02-01,11,367.77,110.6,188.59055786132808,8086.351756184895,0.0,20858.115699462884,14905.841737234156
O3,H20,0.2,0.016666666666666666,2023-03-01,Cement,2024-03-01,12,318.63,110.8,0.0,10179.166318969726,0.0,0.0,18797.52713569743
O3,H20,0.2,0.016666666666666666,2023-03-01,Granite,2023-04-01,1,1395.2,18.6,1624.4559874327056,0.0,1395.2,30214.881366248326,0.0
O3,H20,0.2,0.016666666666666666,2023-03-01,Granite,2023-05-01,2,1844.9,18.3,1681.2184320314902,0.0,1844.9,30766.29730617627,0.0
O3,H20,0.2,0.016666666666666666,2023-03-01,Granite,2023-06-01,3,1659.3,18.5,113.52488919756934,0.0,34.844012567294385,2100.210450155033,0.0
O3,H20,0.2,0.016666666666666666,2023-03-01,Granite,2023-07-01,4,1674.3,18.5,60.2658583445882,1631.374419464196,0.0,1114.9183793748819,503.00711266812715
O3,H20,0.2,0.016666666666666666,2023-03-01,Granite,2023-08-01,5,1755.2,18.5,1624.5443828928223,3295.373728125962,0.0,30054.071083517214,1016.0735661721716
O3,H20,0.2,0.016666666666666666,2023-03-01,Granite,2023-09-01,6,1729.4,18.6,1688.2252595230973,5045.438895132316,0.0,31400.98982712961,1564.086057491018
O3,H20,0.2,0.016666666666666666,2023-03-01,Granite,2023-10-01,7,1742.2,19.5,91.1605068149563,8407.248445031491,0.0,1777.6298828916479,2732.3557446352347
O3,H20,0.2,0.016666666666666666,2023-03-01,Granite,2023-11-01,8,1621.1,20.3,0.0,13578.383254453764,0.0,0.0,4594.0196677568565
O3,H20,0.2,0.016666666666666666,2023-03-01,Granite,2023-12-01,9,1531.7,21.2,1491.846667049911,18930.078570690992,0.0,31627.149341458113,6688.62776164415
O3,H20,0.2,0.016666666666666666,2023-03-01,Granite,2024-01-01,10,1664.5,22.3,1617.346205228058,24148.973886928223,0.0,36066.82037658569,8975.36862797499
O3,H20,0.2,0.016666666666666666,2023-03-01,Granite,2024-02-01,11,1201.2,22.2,92.71331001823978,31323.015870215364,0.0,2058.235482404923,11589.515871979684
O3,H20,0.2,0.016666666666666666,2023-03-01,Granite,2024-03-01,12,1688.6,22.4,0.0,39627.00405873056,0.0,0.0,14794.081515259408
O3,H20,0.2,0.016666666666666666,2023-03-01,Ready Mixed Concrete,2023-04-01,1,918.4,117.2,998.8489379882812,0.0,918.4,117065.09553222657,0.0
O3,H20,0.2,0.016666666666666666,2023-03-01,Ready Mixed Concrete,2023-05-01,2,1041.6,117.6,1025.803192138672,0.0,1041.6,120634.45539550783,0.0
O3,H20,0.2,0.016666666666666666,2023-03-01,Ready Mixed Concrete,2023-06-01,3,1020.3,117.3,53.90850830078125,0.0,21.451062011718705,6323.46802368164,0.0
O3,H20,0.2,0.016666666666666666,2023-03-01,Ready Mixed Concrete,2023-07-01,4,1046.0,116.3,34.30964152018237,978.6521301269534,0.0,3990.2113087972093,1896.9540455627446
O3,H20,0.2,0.016666666666666666,2023-03-01,Ready Mixed Concrete,2023-08-01,5,1113.5,116.4,1013.5597127278644,1943.7127685546875,0.0,117978.35056152342,3770.8027709960943
O3,H20,0.2,0.016666666666666666,2023-03-01,Ready Mixed Concrete,2023-09-01,6,1081.8,116.6,1040.5139668782551,2974.7830485026043,0.0,121323.92853800455,5780.99505759006
O3,H20,0.2,0.016666666666666666,2023-03-01,Ready Mixed Concrete,2023-10-01,7,1101.2,116.4,72.13387044270848,5000.013041178386,0.0,8396.382519531267,9700.025299886069
O3,H20,0.2,0.016666666666666666,2023-03-01,Ready Mixed Concrete,2023-11-01,8,1070.0,115.4,56.049591064453125,8096.957000732422,0.0,6468.122808837891,15573.147298075359
O3,H20,0.2,0.016666666666666666,2023-03-01,Ready Mixed Concrete,2023-12-01,9,1101.6,115.4,1035.2996622721353,11234.434830729166,0.0,119473.58102620441,21607.56299110243
O3,H20,0.2,0.016666666666666666,2023-03-01,Ready Mixed Concrete,2024-01-01,10,1071.7,118.1,1062.253916422526,14457.862251790362,0.0,125452.1875295003,28457.892198940695
O3,H20,0.2,0.016666666666666666,2023-03-01,Ready Mixed Concrete,2024-02-01,11,874.95,118.0,93.87381998697924,18913.339335123692,0.0,11077.11075846355,37196.23402574326
O3,H20,0.2,0.016666666666666666,2023-03-01,Ready Mixed Concrete,2024-03-01,12,1112.0,118.0,0.0,24194.020334879548,0.0,0.0,47581.57332526311
O3,H20,0.2,0.016666666666666666,2023-03-01,Steel Reinforcement Bars,2023-04-01,1,67.2,940.1,142.59893798828125,0.0,67.2,134057.2616027832,0.0
O3,H20,0.2,0.016666666666666666,2023-03-01,Steel Reinforcement Bars,2023-05-01,2,152.2,922.8,142.56954193115234,0.0,152.2,131563.17329406738,0.0
O3,H20,0.2,0.016666666666666666,2023-03-01,Steel Reinforcement Bars,2023-06-01,3,135.08,885.5,0.0,7.5189379882812375,0.0,0.0,110.96699314371726
O3,H20,0.2,0.016666666666666666,2023-03-01,Steel Reinforcement Bars,2023-07-01,4,141.5,859.2,0.0,151.1874179077148,0.0,0.0,2165.003824438476
O3,H20,0.2,0.016666666666666666,2023-03-01,Steel Reinforcement Bars,2023-08-01,5,173.95,832.6,137.9541887410482,262.4058978271484,0.0,114860.65754579673,3641.3191755147295
O3,H20,0.2,0.016666666666666666,2023-03-01,Steel Reinforcement Bars,2023-09-01,6,140.71,830.1,148.54393005371094,406.864377746582,0.0,123306.31633758545,5628.968666123963
O3,H20,0.2,0.016666666666666666,2023-03-01,Steel Reinforcement Bars,2023-10-01,7,162.59,827.4,7.212238871256488,667.3970464070638,0.0,5967.4064420776185,9203.40526995341
O3,H20,0.2,0.016666666666666666,2023-03-01,Steel Reinforcement Bars,2023-11-01,8,187.13,826.7,0.0,1051.9336451212566,0.0,0.0,14493.892407029049
O3,H20,0.2,0.016666666666666666,2023-03-01,Steel Reinforcement Bars,2023-12-01,9,122.5,819.7,131.1991838582357,1508.3124827067059,0.0,107543.9710085958,20606.062367911447
O3,H20,0.2,0.016666666666666666,2023-03-01,Steel Reinforcement Bars,2024-01-01,10,179.85,833.7,135.03392028808594,1907.3413202921552,0.0,112577.77934417725,26502.5076454595
O3,H20,0.2,0.016666666666666666,2023-03-01,Steel Reinforcement Bars,2024-02-01,11,60.8,829.6,0.4572339884439884,2556.61934173584,0.0,379.3213168131328,35349.52343173421
O3,H20,0.2,0.016666666666666666,2023-03-01,Steel Reinforcement Bars,2024-03-01,12,91.23,821.7,0.0,3310.501283467611,0.0,0.0,45337.31507708893
O3,H20,0.2,0.016666666666666666,2023-04-01,Cement,2023-05-01,1,398.82,117.2,439.8238525390625,0.0,398.82,51547.35551757813,0.0
O3,H20,0.2,0.016666666666666666,2023-04-01,Cement,2023-06-01,2,335.0,116.7,441.5473785400391,0.0,335.0,51528.57907562257,0.0
O3,H20,0.2,0.016666666666666666,2023-04-01,Cement,2023-07-01,3,425.98,115.2,3.447052001953125,13.843852539062482,0.0,397.100390625,26.580196874999963
O3,H20,0.2,0.016666666666666666,2023-04-01,Cement,2023-08-01,4,378.3,114.4,0.0,516.9150836181641,0.0,0.0,985.5847594319662
O3,H20,0.2,0.016666666666666666,2023-04-01,Cement,2023-09-01,5,446.33,113.5,385.907182006836,955.4033666992189,0.0,43800.46515777589,1807.3047020060224
O3,H20,0.2,0.016666666666666666,2023-04-01,Cement,2023-10-01,6,335.47,113.2,478.0327453613281,1504.7516497802735,0.0,54113.30677490235,2838.964779252116
O3,H20,0.2,0.016666666666666666,2023-04-01,Cement,2023-11-01,7,381.97,112.0,96.4338926188151,2393.5071148681645,0.0,10800.59597330729,4467.879947753907
O3,H20,0.2,0.016666666666666666,2023-04-01,Cement,2023-12-01,8,467.38,111.7,4.679476521809875,3674.885325317383,0.0,522.697527486163,6841.411513965861
O3,H20,0.2,0.016666666666666666,2023-04-01,Cement,2024-01-01,9,434.45,110.6,379.9339131673177,5085.627428385417,0.0,42020.69079630534,9374.506559657118
O3,H20,0.2,0.016666666666666666,2023-04-01,Cement,2024-02-01,10,367.77,110.6,490.58658589680994,6567.729007975262,0.0,54258.876400187175,12106.513804701066
O3,H20,0.2,0.016666666666666666,2023-04-01,Cement,2024-03-01,11,318.63,110.8,119.64047851562498,8478.904500732424,0.0,13256.165019531247,15657.710311352543
O3,H20,0.2,0.016666666666666666,2023-04-01,Cement,2024-04-01,12,395.86,110.2,0.0,10803.436579386394,0.0,0.0,19842.311850806345
O3,H20,0.2,0.016666666666666666,2023-04-01,Granite,2023-05-01,1,1844.9,18.3,1575.6205736005663,0.0,1844.9,28833.856496890367,0.0
O3,H20,0.2,0.016666666666666666,2023-04-01,Granite,2023-06-01,2,1659.3,18.5,1697.0578778252398,0.0,1659.3,31395.570739766936,0.0
O3,H20,0.2,0.016666666666666666,2023-04-01,Granite,2023-07-01,3,1674.3,18.5,242.87460844934665,0.0,98.67942639943362,4493.180256312913,0.0
O3,H20,0.2,0.016666666666666666,2023-04-01,Granite,2023-08-01,4,1755.2,18.5,56.25370701567749,1517.478451425806,0.0,1040.6935797900337,467.88918918962355
O3,H20,0.2,0.016666666666666666,2023-04-01,Granite,2023-09-01,5,1729.4,18.6,1445.2533791825751,3303.631511300959,0.0,26881.7128527959,1024.1257685032974
O3,H20,0.2,0.016666666666666666,2023-04-01,Granite,2023-10-01,6,1742.2,19.5,1566.6906834072486,5133.23827819179,0.0,30550.468326441347,1668.3024404123319
O3,H20,0.2,0.016666666666666666,2023-04-01,Granite,2023-11-01,7,1621.1,20.3,183.03075424151552,8529.198424265196,0.0,3715.5243111027653,2885.712133543058
O3,H20,0.2,0.016666666666666666,2023-04-01,Granite,2023-12-01,8,1531.7,21.2,66.9331930180067,13581.24925374585,0.0,1418.9836919817421,4798.708069656866
O3,H20,0.2,0.016666666666666666,2023-04-01,Granite,2024-01-01,9,1664.5,22.3,1420.9421817776558,18683.53083746802,0.0,31687.010653641726,6944.045627925615
O3,H20,0.2,0.016666666666666666,2023-04-01,Granite,2024-02-01,10,1201.2,22.2,1577.370169409578,24316.045614208197,0.0,35017.61776089263,8996.936877257032
O3,H20,0.2,0.016666666666666666,2023-04-01,Granite,2024-03-01,11,1688.6,22.4,228.7009236510935,30882.10257272603,0.0,5122.900689784494,11529.318293817718
O3,H20,0.2,0.016666666666666666,2023-04-01,Granite,2024-04-01,12,1470.5,22.3,77.61267902033592,39243.629700653444,0.0,1730.762742153491,14585.549038742865
O3,H20,0.2,0.016666666666666666,2023-04-01,Ready Mixed Concrete,2023-05-01,1,1041.6,117.6,1016.8465576171876,0.0,1041.6,119581.15517578126,0.0
O3,H20,0.2,0.016666666666666666,2023-04-01,Ready Mixed Concrete,2023-06-01,2,1020.3,117.3,1027.112060546875,0.0,1020.3,120480.24470214844,0.0
O3,H20,0.2,0.016666666666666666,2023-04-01,Ready Mixed Concrete,2023-07-01,3,1046.0,116.3,20.531005859374886,0.0,29.153442382812386,2387.7559814452993,0.0
O3,H20,0.2,0.016666666666666666,2023-04-01,Ready Mixed Concrete,2023-08-01,4,1113.5,116.4,9.406697591145758,930.4586181640625,0.0,1094.9395996093663,1805.0897192382813
O3,H20,0.2,0.016666666666666666,2023-04-01,Ready Mixed Concrete,2023-09-01,5,1081.8,116.6,1015.1289469401044,1913.1482421875,0.0,118364.03521321616,3717.8847506510415
O3,H20,0.2,0.016666666666666666,2023-04-01,Ready Mixed Concrete,2023-10-01,6,1101.2,116.4,1025.3944498697915,2885.844563802083,0.0,119355.91396484374,5598.538453776042
O3,H20,0.2,0.016666666666666666,2023-04-01,Ready Mixed Concrete,2023-11-01,7,1070.0,115.4,27.1370035807289,4904.8698323567705,0.0,3131.6102132161154,9433.699644232855
O3,H20,0.2,0.016666666666666666,2023-04-01,Ready Mixed Concrete,2023-12-01,8,1101.6,115.4,24.3363037109375,7917.68955078125,0.0,2808.409448242188,15228.356236002604
O3,H20,0.2,0.016666666666666666,2023-04-01,Ready Mixed Concrete,2024-01-01,9,1071.7,118.1,1030.058553059896,10987.546272786456,0.0,121649.91511637371,21627.15358026801
O3,H20,0.2,0.016666666666666666,2023-04-01,Ready Mixed Concrete,2024-02-01,10,874.95,118.0,1040.3240559895833,14278.4892985026,0.0,122758.23860677083,28081.02895372178
O3,H20,0.2,0.016666666666666666,2023-04-01,Ready Mixed Concrete,2024-03-01,11,1112.0,118.0,42.06660970052076,18362.44087727864,0.0,4963.85994466145,36112.80039198133
O3,H20,0.2,0.016666666666666666,2023-04-01,Ready Mixed Concrete,2024-04-01,12,1114.9,119.2,39.26590983072924,23483.816512044265,0.0,4680.496451822926,46654.515470594604
O3,H20,0.2,0.016666666666666666,2023-04-01,Steel Reinforcement Bars,2023-05-01,1,152.2,922.8,153.0134735107422,0.0,152.2,141200.83335571288,0.0
O3,H20,0.2,0.016666666666666666,2023-04-01,Steel Reinforcement Bars,2023-06-01,2,135.08,885.5,150.3367691040039,0.0,135.08,133123.20904159546,0.0
O3,H20,0.2,0.016666666666666666,2023-04-01,Steel Reinforcement Bars,2023-07-01,3,141.5,859.2,0.0,11.513473510742188,0.0,0.0,164.87294067382814
O3,H20,0.2,0.016666666666666666,2023-04-01,Steel Reinforcement Bars,2023-08-01,4,173.95,832.6,0.0,140.9137161254883,0.0,0.0,1955.4126674346926
O3,H20,0.2,0.016666666666666666,2023-04-01,Steel Reinforcement Bars,2023-09-01,5,140.71,830.1,139.58304850260416,303.5539587402344,0.0,115867.8885620117,4199.669019171143
O3,H20,0.2,0.016666666666666666,2023-04-01,Steel Reinforcement Bars,2023-10-01,6,162.59,827.4,135.54454040527344,444.31420135498047,0.0,112149.55273132325,6127.09283668518
O3,H20,0.2,0.016666666666666666,2023-04-01,Steel Reinforcement Bars,2023-11-01,7,187.13,826.7,0.0,700.1174924723307,0.0,0.0,9646.452183781264
O3,H20,0.2,0.016666666666666666,2023-04-01,Steel Reinforcement Bars,2023-12-01,8,122.5,819.7,0.0,1156.0953239949545,0.0,0.0,15794.188951311071
O3,H20,0.2,0.016666666666666666,2023-04-01,Steel Reinforcement Bars,2024-01-01,9,179.85,833.7,113.96375274658205,1554.723155517578,0.0,95011.58066482545,21602.87824591675
O3,H20,0.2,0.016666666666666666,2023-04-01,Steel Reinforcement Bars,2024-02-01,10,60.8,829.6,124.16287740071614,2072.4009870402015,0.0,103005.52309163411,28654.397647475853
O3,H20,0.2,0.016666666666666666,2023-04-01,Steel Reinforcement Bars,2024-03-01,11,91.23,821.7,7.353708902994796,2673.612571309407,0.0,6042.542605590825,36615.12416408233
O3,H20,0.2,0.016666666666666666,2023-04-01,Steel Reinforcement Bars,2024-04-01,12,111.96,819.4,0.0,3378.257032979329,0.0,0.0,46135.730213721035
O3,H20,0.2,0.016666666666666666,2023-05-01,Cement,2023-06-01,1,335.0,116.7,429.8902587890625,0.0,335.0,50168.19320068359,0.0
O3,H20,0.2,0.016666666666666666,2023-05-01,Cement,2023-07-01,2,425.98,115.2,432.4688415527344,0.0,425.98,49820.410546875,0.0
O3,H20,0.2,0.016666666666666666,2023-05-01,Cement,2023-08-01,3,378.3,114.4,5.157165527343807,51.59025878906249,0.0,589.9797363281315,98.36542675781249
O3,H20,0.2,0.016666666666666666,2023-05-01,Cement,2023-09-01,4,446.33,113.5,0.0,467.61935913085944,0.0,0.0,884.5799543558758
O3,H20,0.2,0.016666666666666666,2023-05-01,Cement,2023-10-01,5,335.47,113.2,390.4861706542968,999.6656250000001,0.0,44203.0345180664,1886.0358125000002
O3,H20,0.2,0.016666666666666666,2023-05-01,Cement,2023-11-01,6,381.97,112.0,432.5349426269531,1485.2118908691407,0.0,48443.91357421875,2772.3955296223958
O3,H20,0.2,0.016666666666666666,2023-05-01,Cement,2023-12-01,7,467.38,111.7,49.60166402180994,2275.834327392578,0.0,5540.505871236171,4236.844906162516
O3,H20,0.2,0.016666666666666666,2023-05-01,Cement,2024-01-01,8,434.45,110.6,15.10578409830731,3531.9217065429684,0.0,1670.6997212727886,6510.509012394205
O3,H20,0.2,0.016666666666666666,2023-05-01,Cement,2024-02-01,9,367.77,110.6,405.5919547526041,4904.290749715168,0.0,44858.470195638016,9040.242615308292
O3,H20,0.2,0.016666666666666666,2023-05-01,Cement,2024-03-01,10,318.63,110.8,447.6407267252604,6340.905576985676,0.0,49598.59252115885,11709.538965500215
O3,H20,0.2,0.016666666666666666,2023-05-01,Cement,2024-04-01,11,395.86,110.2,64.70744812011725,8105.882359008788,0.0,7130.760782836921,14887.803932712806
O3,H20,0.2,0.016666666666666666,2023-05-01,Cement,2024-05-01,12,330.62,110.2,20.47961344401051,10383.73986775716,0.0,2256.8534015299583,19071.46889044732
O3,H20,0.2,0.016666666666666666,2023-05-01,Granite,2023-06-01,1,1659.3,18.5,1737.659420864482,0.0,1659.3,32146.699285992916,0.0
O3,H20,0.2,0.016666666666666666,2023-05-01,Granite,2023-07-01,2,1674.3,18.5,1750.1362965015103,0.0,1674.3,32377.52148527794,0.0
O3,H20,0.2,0.016666666666666666,2023-05-01,Granite,2023-08-01,3,1755.2,18.5,24.953751274056685,0.0,17.5405791355181,461.6443985700487,0.0
O3,H20,0.2,0.016666666666666666,2023-05-01,Granite,2023-09-01,4,1729.4,18.6,0.0,1758.3957173659924,0.0,0.0,545.1026723834576
O3,H20,0.2,0.016666666666666666,2023-05-01,Granite,2023-10-01,5,1742.2,19.5,1579.8164711902489,3528.9451860060417,0.0,30806.421188209853,1146.9071854519636
O3,H20,0.2,0.016666666666666666,2023-05-01,Granite,2023-11-01,6,1621.1,20.3,1556.9531923794543,5420.594654646091,0.0,31606.149805302925,1833.9678581552607
O3,H20,0.2,0.016666666666666666,2023-05-01,Granite,2023-12-01,7,1531.7,21.2,0.0,8981.460594476388,0.0,0.0,3173.449410048324
O3,H20,0.2,0.016666666666666666,2023-05-01,Granite,2024-01-01,8,1664.5,22.3,0.0,13966.47972668614,0.0,0.0,5190.874965085016
O3,H20,0.2,0.016666666666666666,2023-05-01,Granite,2024-02-01,9,1201.2,22.2,1517.79913017885,19414.798858895894,0.0,33695.14068997047,7183.475577791481
O3,H20,0.2,0.016666666666666666,2023-05-01,Granite,2024-03-01,10,1688.6,22.4,1504.747776111982,24375.71799110565,0.0,33706.35018490839,9100.268050012774
O3,H20,0.2,0.016666666666666666,2023-05-01,Granite,2024-04-01,11,1470.5,22.3,0.0,31072.53625349425,0.0,0.0,11548.625974215363
O3,H20,0.2,0.016666666666666666,2023-05-01,Granite,2024-05-01,12,1911.9,22.1,0.0,38832.702291994836,0.0,0.0,14303.37867755143
O3,H20,0.2,0.016666666666666666,2023-05-01,Ready Mixed Concrete,2023-06-01,1,1020.3,117.3,1032.4345703125,0.0,1020.3,121104.57509765624,0.0
O3,H20,0.2,0.016666666666666666,2023-05-01,Ready Mixed Concrete,2023-07-01,2,1046.0,116.3,1028.131317138672,0.0,1046.0,119571.67218322757,0.0
O3,H20,0.2,0.016666666666666666,2023-05-01,Ready Mixed Concrete,2023-08-01,3,1113.5,116.4,0.0,0.0,81.0654296875,0.0,0.0
O3,H20,0.2,0.016666666666666666,2023-05-01,Ready Mixed Concrete,2023-09-01,4,1081.8,116.6,2.3902486165363825,978.7658874511719,0.0,278.70298868814217,1902.068374613444
O3,H20,0.2,0.016666666666666666,2023-05-01,Ready Mixed Concrete,2023-10-01,5,1101.2,116.4,1037.215067545573,1938.1317749023435,0.0,120731.8338623047,3759.9756433105467
O3,H20,0.2,0.016666666666666666,2023-05-01,Ready Mixed Concrete,2023-11-01,6,1070.0,115.4,1041.5183207194011,2931.087910970052,0.0,120191.2142110189,5637.459082099066
O3,H20,0.2,0.016666666666666666,2023-05-01,Ready Mixed Concrete,2023-12-01,7,1101.6,115.4,22.677714029947765,4929.659114583334,0.0,2617.008199055972,9481.377697048612
O3,H20,0.2,0.016666666666666666,2023-05-01,Ready Mixed Concrete,2024-01-01,8,1071.7,118.1,34.358673095703125,7999.648638916017,0.0,4057.759292602539,15745.975070933027
O3,H20,0.2,0.016666666666666666,2023-05-01,Ready Mixed Concrete,2024-02-01,9,874.95,118.0,1069.1834920247395,11289.065877278648,0.0,126163.65205891927,22201.829558648005
O3,H20,0.2,0.016666666666666666,2023-05-01,Ready Mixed Concrete,2024-03-01,10,1112.0,118.0,1073.4867451985676,14375.791788736982,0.0,126671.43593343098,28272.390517849395
O3,H20,0.2,0.016666666666666666,2023-05-01,Ready Mixed Concrete,2024-04-01,11,1114.9,119.2,54.64613850911451,18528.801192220053,0.0,6513.81971028645,36810.55170187717
O3,H20,0.2,0.016666666666666666,2023-05-01,Ready Mixed Concrete,2024-05-01,12,1151.8,120.4,66.32709757486987,23718.397340901694,0.0,7985.782548014333,47594.91733074273
O3,H20,0.2,0.016666666666666666,2023-05-01,Steel Reinforcement Bars,2023-06-01,1,135.08,885.5,153.0680389404297,0.0,135.08,135541.7484817505,0.0
O3,H20,0.2,0.016666666666666666,2023-05-01,Steel Reinforcement Bars,2023-07-01,2,141.5,859.2,142.25762176513672,0.0,141.5,122227.74862060547,0.0
O3,H20,0.2,0.016666666666666666,2023-05-01,Steel Reinforcement Bars,2023-08-01,3,173.95,832.6,0.0,0.0,20.8819610595703,0.0,0.0
O3,H20,0.2,0.016666666666666666,2023-05-01,Steel Reinforcement Bars,2023-09-01,4,140.71,830.1,0.0,154.6156607055664,0.0,0.0,2139.107665861511
O3,H20,0.2,0.016666666666666666,2023-05-01,Steel Reinforcement Bars,2023-10-01,5,162.59,827.4,127.79058420817056,287.35132141113274,0.0,105733.92937384032,3962.5747222595205
O3,H20,0.2,0.016666666666666666,2023-05-01,Steel Reinforcement Bars,2023-11-01,6,187.13,826.7,128.28370666503906,395.54698211669916,0.0,106052.1402999878,5449.978168597921
O3,H20,0.2,0.016666666666666666,2023-05-01,Steel Reinforcement Bars,2023-12-01,7,122.5,819.7,0.0,696.1632270304361,0.0,0.0,9510.749953280809
O3,H20,0.2,0.016666666666666666,2023-05-01,Steel Reinforcement Bars,2024-01-01,8,179.85,833.7,0.0,1067.7131786092123,0.0,0.0,14835.874616775005
O3,H20,0.2,0.016666666666666666,2023-05-01,Steel Reinforcement Bars,2024-02-01,9,60.8,829.6,123.89496612548828,1558.3131301879882,0.0,102783.26389770508,21546.27621339925
O3,H20,0.2,0.016666666666666666,2023-05-01,Steel Reinforcement Bars,2024-03-01,10,91.23,821.7,122.43205261230467,2018.4830817667644,0.0,100602.41763153076,27643.12580479584
O3,H20,0.2,0.016666666666666666,2023-05-01,Steel Reinforcement Bars,2024-04-01,11,111.96,819.4,0.0,2581.8179994710285,0.0,0.0,35259.02781277601
O3,H20,0.2,0.016666666666666666,2023-05-01,Steel Reinforcement Bars,2024-05-01,12,160.55,812.5,0.0,3218.9949697875973,0.0,0.0,43590.556882540375
O4,H20,0.2,0.016666666666666666,2022-07-01,Cement,2022-08-01,1,402.46,119.0,446.7800845133719,0.0,402.46,53166.830057091254,0.0
O4,H20,0.2,0.016666666666666666,2022-07-01,Cement,2022-09-01,2,346.61,118.6,447.13959180765437,0.0,346.61,53030.75558838781,0.0
O4,H20,0.2,0.016666666666666666,2022-07-01,Cement,2022-10-01,3,368.78,118.6,382.4169640685048,78.00008451337192,0.0,45354.651938524665,154.18016705476515
O4,H20,0.2,0.016666666666666666,2022-07-01,Cement,2022-11-01,4,296.3,118.4,446.4029986811801,675.6197608343982,0.0,52854.11504385173,1333.2229947132125
O4,H20,0.2,0.016666666666666666,2022-07-01,Cement,2022-12-01,5,375.31,118.3,397.8155198851235,1576.6464012239294,0.0,47061.576002410104,3108.6211544131806
O4,H20,0.2,0.016666666666666666,2022-07-01,Cement,2023-01-01,6,440.73,118.5,420.4213728139753,2858.6560402946407,0.0,49819.932678456076,5645.845679581915
O4,H20,0.2,0.016666666666666666,2022-07-01,Cement,2023-02-01,7,282.49,118.4,288.59032668326665,4696.721199250476,0.0,34169.094679298774,9268.196499854273
O4,H20,0.2,0.016666666666666666,2022-07-01,Cement,2023-03-01,8,427.87,118.2,392.4574840895414,6809.827731020287,0.0,46388.4746193838,13415.360630109964
O4,H20,0.2,0.016666666666666666,2022-07-01,Cement,2023-04-01,9,315.7,118.0,262.1918726358863,9323.694589473362,0.0,30938.640971034583,18336.599359297612
O4,H20,0.2,0.016666666666666666,2022-07-01,Cement,2023-05-01,10,398.82,117.2,22.09367936071169,12146.89893201598,0.0,2589.37922107541,23726.94258053788
O4,H20,0.2,0.016666666666666666,2022-07-01,Cement,2023-06-01,11,335.0,116.7,0.0,15296.115147194485,0.0,0.0,29750.943961293273
O4,H20,0.2,0.016666666666666666,2022-07-01,Cement,2023-07-01,12,425.98,115.2,0.0,18376.445041733703,0.0,0.0,35282.77448012871
O4,H20,0.2,0.016666666666666666,2022-07-01,Granite,2022-08-01,1,1491.5,20.5,1859.7143063502954,0.0,1491.5,38124.14328018106,0.0
O4,H20,0.2,0.016666666666666666,2022-07-01,Granite,2022-09-01,2,1550.1,20.8,1707.2549326108751,0.0,1550.1,35510.9025983062,0.0
O4,H20,0.2,0.016666666666666666,2022-07-01,Granite,2022-10-01,3,1554.5,20.4,1765.3608711141392,305.2143063502954,0.0,36013.361770728436,103.77286415910042
O4,H20,0.2,0.016666666666666666,2022-07-01,Granite,2022-11-01,4,1531.9,20.5,1696.5037439666648,2340.283545311466,0.0,34778.32675131663,799.5968779814175
O4,H20,0.2,0.016666666666666666,2022-07-01,Granite,2022-12-01,5,1692.1,19.3,1797.0569149378796,5980.513655386776,0.0,34683.19845830108,1923.7318924827462
O4,H20,0.2,0.016666666666666666,2022-07-01,Granite,2023-01-01,6,1309.6,19.0,1767.9300868700723,11699.74750942875,0.0,33590.671650531374,3704.920044652437
O4,H20,0.2,0.016666666666666666,2022-07-01,Granite,2023-02-01,7,1455.1,18.5,1773.7714894008184,19070.538278408603,0.0,32814.77255391514,5880.082635842653
O4,H20,0.2,0.016666666666666666,2022-07-01,Granite,2023-03-01,8,1561.4,18.3,1925.596493563129,28102.959134258526,0.0,35238.41583220526,8571.40253594885
O4,H20,0.2,0.016666666666666666,2022-07-01,Granite,2023-04-01,9,1395.2,18.6,469.9240609002002,39075.35147950928,0.0,8740.587532743724,12113.358958647876
O4,H20,0.2,0.016666666666666666,2022-07-01,Granite,2023-05-01,10,1844.9,18.3,34.284073976064974,51523.64031832315,0.0,627.3985537619891,15714.71029708856
O4,H20,0.2,0.016666666666666666,2022-07-01,Granite,2023-06-01,11,1659.3,18.5,0.0,64627.45321803722,0.0,0.0,19926.798075561477
O4,H20,0.2,0.016666666666666666,2022-07-01,Granite,2023-07-01,12,1674.3,18.5,0.0,77750.55019172735,0.0,0.0,23973.086309115934
O4,H20,0.2,0.016666666666666666,2022-07-01,Ready Mixed Concrete,2022-08-01,1,982.6,118.3,1102.6068161515782,0.0,982.6,130438.3863507317,0.0
O4,H20,0.2,0.016666666666666666,2022-07-01,Ready Mixed Concrete,2022-09-01,2,993.4,118.6,1083.2480519180183,0.0,993.4,128473.21895747696,0.0
O4,H20,0.2,0.016666666666666666,2022-07-01,Ready Mixed Concrete,2022-10-01,3,930.7,118.5,1085.678727617856,171.90681615157814,0.0,128652.92922271595,339.5159618993668
O4,H20,0.2,0.016666666666666666,2022-07-01,Ready Mixed Concrete,2022-11-01,4,959.9,118.2,1058.8990005563137,1397.8616842211745,0.0,125161.86186575628,2753.7875179157136
O4,H20,0.2,0.016666666666666666,2022-07-01,Ready Mixed Concrete,2022-12-01,5,992.6,118.0,1112.8558431934991,3676.7952799086274,0.0,131316.9894968329,7231.030717153633
O4,H20,0.2,0.016666666666666666,2022-07-01,Ready Mixed Concrete,2023-01-01,6,808.1,117.6,1094.9850912127322,7199.127876152394,0.0,128770.2467266173,14110.290637258691
O4,H20,0.2,0.016666666666666666,2022-07-01,Ready Mixed Concrete,2023-02-01,7,897.3,118.1,1029.135975479786,11745.116315589661,0.0,121540.95870416274,23118.303947852317
O4,H20,0.2,0.016666666666666666,2022-07-01,Ready Mixed Concrete,2023-03-01,8,1070.7,116.8,1042.0544326174586,17212.68984623966,0.0,121711.95772971916,33507.36956734653
O4,H20,0.2,0.016666666666666666,2022-07-01,Ready Mixed Concrete,2023-04-01,9,918.4,117.2,328.8065195287809,23861.699352369444,0.0,38536.12408877312,46609.85273496165
O4,H20,0.2,0.016666666666666666,2022-07-01,Ready Mixed Concrete,2023-05-01,10,1041.6,117.6,27.68739806106987,31429.563291116687,0.0,3256.0380119818165,61601.9440505887
O4,H20,0.2,0.016666666666666666,2022-07-01,Ready Mixed Concrete,2023-06-01,11,1020.3,117.3,0.0,39347.53374939271,0.0,0.0,76924.42848006274
O4,H20,0.2,0.016666666666666666,2022-07-01,Ready Mixed Concrete,2023-07-01,12,1046.0,116.3,0.0,47267.491605729796,0.0,0.0,91620.15456243958
O4,H20,0.2,0.016666666666666666,2022-07-01,Steel Reinforcement Bars,2022-08-01,1,102.45,1106.3,134.15781121815422,0.0,102.45,148418.786550644,0.0
O4,H20,0.2,0.016666666666666666,2022-07-01,Steel Reinforcement Bars,2022-09-01,2,174.43,1072.6,119.09297675465174,0.0,174.43,127739.12686703945,0.0
O4,H20,0.2,0.016666666666666666,2022-07-01,Steel Reinforcement Bars,2022-10-01,3,108.27,1040.5,81.92883790154316,25.887811218154226,0.0,85246.95583655566,448.9377928748245
O4,H20,0.2,0.016666666666666666,2022-07-01,Steel Reinforcement Bars,2022-11-01,4,51.21,1004.5,116.61474902022265,227.92859919096017,0.0,117139.51539081364,3815.9046314553248
O4,H20,0.2,0.016666666666666666,2022-07-01,Steel Reinforcement Bars,2022-12-01,5,70.5,952.3,89.2427010991531,492.6082250653093,0.0,84985.82425672348,7818.5135454949
O4,H20,0.2,0.016666666666666666,2022-07-01,Steel Reinforcement Bars,2023-01-01,6,79.16,922.6,127.30903187560672,865.2425999598811,0.0,117455.31280843477,13304.547045383106
O4,H20,0.2,0.016666666666666666,2022-07-01,Steel Reinforcement Bars,2023-02-01,7,100.49,942.1,110.21030810634012,1305.7896759536059,0.0,103829.13126698304,20503.0742285982
O4,H20,0.2,0.016666666666666666,2022-07-01,Steel Reinforcement Bars,2023-03-01,8,57.1,946.6,108.0434476362467,1917.0357838229374,0.0,102273.92753247112,30244.434549446545
O4,H20,0.2,0.016666666666666666,2022-07-01,Steel Reinforcement Bars,2023-04-01,9,67.2,940.1,32.443766221136656,2628.3921997986095,0.0,30500.384624490573,41182.52511717788
O4,H20,0.2,0.016666666666666666,2022-07-01,Steel Reinforcement Bars,2023-05-01,10,152.2,922.8,0.0,3362.792063410528,0.0,0.0,51719.741935253915
O4,H20,0.2,0.016666666666666666,2022-07-01,Steel Reinforcement Bars,2023-06-01,11,135.08,885.5,20.79433599829764,4146.755693243584,0.0,18413.384526492562,61199.20277278656
O4,H20,0.2,0.016666666666666666,2022-07-01,Steel Reinforcement Bars,2023-07-01,12,141.5,859.2,0.0,4924.299323076639,0.0,0.0,70515.96630645747
O4,H20,0.2,0.016666666666666666,2022-08-01,Cement,2022-09-01,1,346.61,118.6,396.7376583342018,0.0,346.61,47053.086278436334,0.0
O4,H20,0.2,0.016666666666666666,2022-08-01,Cement,2022-10-01,2,368.78,118.6,364.1840633552292,0.0,368.78,43192.22991393018,0.0
O4,H20,0.2,0.016666666666666666,2022-08-01,Cement,2022-11-01,3,296.3,118.4,359.39795258277314,100.43765833420179,0.0,42552.71758580034,198.19697911282486
O4,H20,0.2,0.016666666666666666,2022-08-01,Cement,2022-12-01,4,375.31,118.3,382.50591183516343,486.04938002363286,0.0,45250.449370099836,958.3273609465962
O4,H20,0.2,0.016666666666666666,2022-08-01,Cement,2023-01-01,5,440.73,118.5,336.7200186988141,1165.639054295837,0.0,39901.32221580947,2302.137132234278
O4,H20,0.2,0.016666666666666666,2022-08-01,Cement,2023-02-01,6,282.49,118.4,341.52690985465307,2385.974640403205,0.0,40436.786126790925,4708.323290395658
O4,H20,0.2,0.016666666666666666,2022-08-01,Cement,2023-03-01,7,427.87,118.2,396.0238880770861,3797.6502452093864,0.0,46810.02357071158,7481.370983062491
O4,H20,0.2,0.016666666666666666,2022-08-01,Cement,2023-04-01,8,315.7,118.0,422.9519576500773,5663.022759870221,0.0,49908.33100270912,11137.278094411435
O4,H20,0.2,0.016666666666666666,2022-08-01,Cement,2023-05-01,9,398.82,117.2,57.190067477775926,7841.299162608142,0.0,6702.675908395338,15316.671030961237
O4,H20,0.2,0.016666666666666666,2022-08-01,Cement,2023-06-01,10,335.0,116.7,33.413594938031395,10506.34752299614,0.0,3899.366529268264,20434.845932227494
O4,H20,0.2,0.016666666666666666,2022-08-01,Cement,2023-07-01,11,425.98,115.2,0.0,13137.605950861915,0.0,0.0,25224.203425654876
O4,H20,0.2,0.016666666666666666,2022-08-01,Cement,2023-08-01,12,378.3,114.4,0.0,15849.957973665722,0.0,0.0,30220.586536455976
O4,H20,0.2,0.016666666666666666,2022-08-01,Granite,2022-09-01,1,1550.1,20.8,1789.3088327898733,0.0,1550.1,37217.62372202937,0.0
O4,H20,0.2,0.016666666666666666,2022-08-01,Granite,2022-10-01,2,1554.5,20.4,1783.0915336614883,0.0,1554.5,36375.06728669436,0.0
O4,H20,0.2,0.016666666666666666,2022-08-01,Granite,2022-11-01,3,1531.9,20.5,1600.3166193391653,257.40883278987326,0.0,32806.490696452885,87.94801786987337
O4,H20,0.2,0.016666666666666666,2022-08-01,Granite,2022-12-01,4,1692.1,19.3,1704.3039758450752,2137.7091992412347,0.0,32893.06673380995,687.6297924225971
O4,H20,0.2,0.016666666666666666,2022-08-01,Granite,2023-01-01,5,1309.6,19.0,1713.7027575804493,6000.826185031761,0.0,32560.352394028538,1900.2616252600576
O4,H20,0.2,0.016666666666666666,2022-08-01,Granite,2023-02-01,6,1455.1,18.5,1768.5352447054188,11422.747146667361,0.0,32717.902027050248,3522.01370355577
O4,H20,0.2,0.016666666666666666,2022-08-01,Granite,2023-03-01,7,1561.4,18.3,1729.8078747069692,18452.070865883412,0.0,31655.484107137538,5627.881614094441
O4,H20,0.2,0.016666666666666666,2022-08-01,Granite,2023-04-01,8,1395.2,18.6,1641.4464351340378,27416.129829804882,0.0,30530.903693493106,8499.000247239514
O4,H20,0.2,0.016666666666666666,2022-08-01,Granite,2023-05-01,9,1844.9,18.3,132.3426102894548,37660.296668433315,0.0,2421.869768297023,11486.390483872161
O4,H20,0.2,0.016666666666666666,2022-08-01,Granite,2023-06-01,10,1659.3,18.5,176.6252012249986,49731.509942195786,0.0,3267.566222662474,15333.882232177035
O4,H20,0.2,0.016666666666666666,2022-08-01,Granite,2023-07-01,11,1674.3,18.5,78.99207023240297,61920.065826247715,0.0,1461.3532992994549,19092.02029642638
O4,H20,0.2,0.016666666666666666,2022-08-01,Granite,2023-08-01,12,1755.2,18.5,0.0,74204.34691152464,0.0,0.0,22879.673631053432
O4,H20,0.2,0.016666666666666666,2022-08-01,Ready Mixed Concrete,2022-09-01,1,993.4,118.6,1050.7546203461195,0.0,993.4,124619.49797304977,0.0
O4,H20,0.2,0.016666666666666666,2022-08-01,Ready Mixed Concrete,2022-10-01,2,930.7,118.5,1058.8237815699629,0.0,930.7,125470.6181160406,0.0
O4,H20,0.2,0.016666666666666666,2022-08-01,Ready Mixed Concrete,2022-11-01,3,959.9,118.2,1058.358492881044,90.85462034611953,0.0,125097.9738585394,178.98360208185548
O4,H20,0.2,0.016666666666666666,2022-08-01,Ready Mixed Concrete,2022-12-01,4,992.6,118.0,951.4835622045462,1207.8330222622021,0.0,112275.06034013645,2375.4049437823305
O4,H20,0.2,0.016666666666666666,2022-08-01,Ready Mixed Concrete,2023-01-01,5,808.1,117.6,1067.742667501696,3567.669917059328,0.0,125566.53769819943,6992.633037436282
O4,H20,0.2,0.016666666666666666,2022-08-01,Ready Mixed Concrete,2023-02-01,6,897.3,118.1,1019.2510969299939,6789.790374060999,0.0,120373.55454743227,13364.570719610067
O4,H20,0.2,0.016666666666666666,2022-08-01,Ready Mixed Concrete,2023-03-01,7,1070.7,116.8,1148.6115997327079,10906.253498564365,0.0,134157.83484878027,21230.840143871963
O4,H20,0.2,0.016666666666666666,2022-08-01,Ready Mixed Concrete,2023-04-01,8,918.4,117.2,1139.3286749786462,16194.267719997728,0.0,133529.32070749733,31632.80294639556
O4,H20,0.2,0.016666666666666666,2022-08-01,Ready Mixed Concrete,2023-05-01,9,1041.6,117.6,0.0,22507.693541163797,0.0,0.0,44115.07934068104
O4,H20,0.2,0.016666666666666666,2022-08-01,Ready Mixed Concrete,2023-06-01,10,1020.3,117.3,124.38926351808664,29981.748037308513,0.0,14590.860610671562,58614.31741293814
O4,H20,0.2,0.016666666666666666,2022-08-01,Ready Mixed Concrete,2023-07-01,11,1046.0,116.3,141.23275221994413,37430.10253345323,0.0,16425.369083179503,72552.01541067685
O4,H20,0.2,0.016666666666666666,2022-08-01,Ready Mixed Concrete,2023-08-01,12,1113.5,116.4,0.0,44935.34629311603,0.0,0.0,87174.57180864511
O4,H20,0.2,0.016666666666666666,2022-08-01,Steel Reinforcement Bars,2022-09-01,1,174.43,1072.6,126.02535359576191,0.0,174.43,135174.79426681422,0.0
O4,H20,0.2,0.016666666666666666,2022-08-01,Steel Reinforcement Bars,2022-10-01,2,108.27,1040.5,112.58116276890176,0.0,108.27,117140.69986104229,0.0
O4,H20,0.2,0.016666666666666666,2022-08-01,Steel Reinforcement Bars,2022-11-01,3,51.21,1004.5,77.49497549993076,74.8153535957619,0.0,77843.70288968045,1252.5337114490474
O4,H20,0.2,0.016666666666666666,2022-08-01,Steel Reinforcement Bars,2022-12-01,4,70.5,952.3,86.0422497201214,242.92186996042557,0.0,81938.0344084716,3855.574946055221
O4,H20,0.2,0.016666666666666666,2022-08-01,Steel Reinforcement Bars,2023-01-01,5,79.16,922.6,118.70399674725697,479.86336182502,0.0,109516.30739901928,7378.6989603293905
O4,H20,0.2,0.016666666666666666,2022-08-01,Steel Reinforcement Bars,2023-02-01,6,100.49,942.1,77.81578242920325,781.5171034097358,0.0,73310.24862655239,12271.121052038534
O4,H20,0.2,0.016666666666666666,2022-08-01,Steel Reinforcement Bars,2023-03-01,7,57.1,946.6,97.1940320950478,1245.2648417417086,0.0,92003.87078117226,19646.128319878357
O4,H20,0.2,0.016666666666666666,2022-08-01,Steel Reinforcement Bars,2023-04-01,8,67.2,940.1,98.03000829081684,1776.7283625028847,0.0,92158.01079419692,27838.372226482697
O4,H20,0.2,0.016666666666666666,2022-08-01,Steel Reinforcement Bars,2023-05-01,9,152.2,922.8,100.45291771965985,2320.385915359109,0.0,92697.95247170211,35687.53537822309
O4,H20,0.2,0.016666666666666666,2022-08-01,Steel Reinforcement Bars,2023-06-01,10,135.08,885.5,0.0,2979.1934765061496,0.0,0.0,43967.93039076992
O4,H20,0.2,0.016666666666666666,2022-08-01,Steel Reinforcement Bars,2023-07-01,11,141.5,859.2,0.0,3732.03395537285,0.0,0.0,53442.72624093921
O4,H20,0.2,0.016666666666666666,2022-08-01,Steel Reinforcement Bars,2023-08-01,12,173.95,832.6,0.0,4452.4244342395505,0.0,0.0,61784.809732464164
O4,H20,0.2,0.016666666666666666,2022-09-01,Cement,2022-10-01,1,368.78,118.6,418.83056676950457,0.0,368.78,49673.30521886324,0.0
O4,H20,0.2,0.016666666666666666,2022-09-01,Cement,2022-11-01,2,296.3,118.4,370.4927223049796,0.0,296.3,43866.33832090959,0.0
O4,H20,0.2,0.016666666666666666,2022-09-01,Cement,2022-12-01,3,375.31,118.3,381.6038748321843,43.52056676950457,0.0,45143.73839264741,85.80805081387318
O4,H20,0.2,0.016666666666666666,2022-09-01,Cement,2023-01-01,4,440.73,118.5,418.9863492235672,392.11385584398863,0.0,49649.88238299271,774.4248652918775
O4,H20,0.2,0.016666666666666666,2022-09-01,Cement,2023-02-01,5,282.49,118.4,348.8388569857223,1280.5510197506571,0.0,41302.52066710952,2526.9540123079637
O4,H20,0.2,0.016666666666666666,2022-09-01,Cement,2023-03-01,6,427.87,118.2,398.6505985202399,2442.594532880893,0.0,47120.50074509236,4811.911229775359
O4,H20,0.2,0.016666666666666666,2022-09-01,Cement,2023-04-01,7,315.7,118.0,416.6148552678417,4065.646902996851,0.0,49160.55292160532,7995.772242560473
O4,H20,0.2,0.016666666666666666,2022-09-01,Cement,2023-05-01,8,398.82,117.2,419.13121827790746,6004.22987163305,0.0,49122.178782170755,11728.262349256558
O4,H20,0.2,0.016666666666666666,2022-09-01,Cement,2023-06-01,9,335.0,116.7,246.9013510640698,8423.24769553709,0.0,28813.387669176944,16383.21676781964
O4,H20,0.2,0.016666666666666666,2022-09-01,Cement,2023-07-01,10,425.98,115.2,0.0,11170.416737719037,0.0,0.0,21447.20013642055
O4,H20,0.2,0.016666666666666666,2022-09-01,Cement,2023-08-01,11,378.3,114.4,0.0,14212.167130965056,0.0,0.0,27097.865329706707
O4,H20,0.2,0.016666666666666666,2022-09-01,Cement,2023-09-01,12,446.33,113.5,0.0,17185.88752421107,0.0,0.0,32509.970566632604
O4,H20,0.2,0.016666666666666666,2022-09-01,Granite,2022-10-01,1,1554.5,20.4,1875.238580493188,0.0,1554.5,38254.867042061036,0.0
O4,H20,0.2,0.016666666666666666,2022-09-01,Granite,2022-11-01,2,1531.9,20.5,1796.0776081391707,0.0,1531.9,36819.590966853,0.0
O4,H20,0.2,0.016666666666666666,2022-09-01,Granite,2022-12-01,3,1692.1,19.3,1785.1329214185553,183.1385804931881,0.0,34453.06538337812,58.90957672530884
O4,H20,0.2,0.016666666666666666,2022-09-01,Granite,2023-01-01,4,1309.6,19.0,1750.5857760260883,2544.8547691255467,0.0,33261.12974449568,805.8706768897564
O4,H20,0.2,0.016666666666666666,2022-09-01,Granite,2023-02-01,5,1455.1,18.5,1667.3814795855958,6546.203879176461,0.0,30846.557372333522,2018.4128627460755
O4,H20,0.2,0.016666666666666666,2022-09-01,Granite,2023-03-01,6,1561.4,18.3,1583.2141298011993,12191.838765253464,0.0,28972.818575361947,3718.5108234023064
O4,H20,0.2,0.016666666666666666,2022-09-01,Granite,2023-04-01,7,1395.2,18.6,1704.740189624981,19671.055130916062,0.0,31708.16752702465,6098.027090583979
O4,H20,0.2,0.016666666666666666,2022-09-01,Granite,2023-05-01,8,1844.9,18.3,1674.8117294438507,28283.78562637986,0.0,30649.054648822468,8626.554616045858
O4,H20,0.2,0.016666666666666666,2022-09-01,Granite,2023-06-01,9,1659.3,18.5,592.0464057007991,38786.85631146864,0.0,10952.858505464785,11959.280696036165
O4,H20,0.2,0.016666666666666666,2022-09-01,Granite,2023-07-01,10,1674.3,18.5,40.84937472738761,50949.73872600127,0.0,755.7134324566708,15709.502773850392
O4,H20,0.2,0.016666666666666666,2022-09-01,Granite,2023-08-01,11,1755.2,18.5,145.85496464107064,63623.7675462347,0.0,2698.3168458598066,19617.3283267557
O4,H20,0.2,0.016666666666666666,2022-09-01,Granite,2023-09-01,12,1729.4,18.6,0.0,76364.44574119552,0.0,0.0,23672.978179770613
O4,H20,0.2,0.016666666666666666,2022-09-01,Ready Mixed Concrete,2022-10-01,1,930.7,118.5,1191.1105155959683,0.0,930.7,141146.59609812225,0.0
O4,H20,0.2,0.016666666666666666,2022-09-01,Ready Mixed Concrete,2022-11-01,2,959.9,118.2,1170.8834860248273,0.0,959.9,138398.4280481346,0.0
O4,H20,0.2,0.016666666666666666,2022-09-01,Ready Mixed Concrete,2022-12-01,3,992.6,118.0,1148.7950314279244,198.5105155959683,0.0,135557.8137084951,390.4040140054043
O4,H20,0.2,0.016666666666666666,2022-09-01,Ready Mixed Concrete,2023-01-01,4,808.1,117.6,1071.9016375149145,1752.404517216764,0.0,126055.63257175393,3434.712853744857
O4,H20,0.2,0.016666666666666666,2022-09-01,Ready Mixed Concrete,2023-02-01,5,897.3,118.1,1027.0095969492902,4365.893550265483,0.0,121289.83339971116,8593.533804772558
O4,H20,0.2,0.016666666666666666,2022-09-01,Ready Mixed Concrete,2023-03-01,6,1070.7,116.8,1108.8063700579985,7877.884220829118,0.0,129508.58402277422,15335.61461654735
O4,H20,0.2,0.016666666666666666,2022-09-01,Ready Mixed Concrete,2023-04-01,7,918.4,117.2,1075.7716275853784,12569.184488342044,0.0,126080.43475300635,24551.80703389479
O4,H20,0.2,0.016666666666666666,2022-09-01,Ready Mixed Concrete,2023-05-01,8,1041.6,117.6,1044.343306429579,18246.091125912968,0.0,122814.77283611847,35762.33860678942
O4,H20,0.2,0.016666666666666666,2022-09-01,Ready Mixed Concrete,2023-06-01,9,1020.3,117.3,225.855233566837,25020.069391069268,0.0,26492.818897389978,48914.23565954041
O4,H20,0.2,0.016666666666666666,2022-09-01,Ready Mixed Concrete,2023-07-01,10,1046.0,116.3,86.92544611573521,32812.69096265515,0.0,10109.429383260005,63601.932649279894
O4,H20,0.2,0.016666666666666666,2022-09-01,Ready Mixed Concrete,2023-08-01,11,1113.5,116.4,0.0,40763.66776780787,0.0,0.0,79081.51546954727
O4,H20,0.2,0.016666666666666666,2022-09-01,Ready Mixed Concrete,2023-09-01,12,1081.8,116.6,0.0,48833.27001907632,0.0,0.0,94899.3214037383
O4,H20,0.2,0.016666666666666666,2022-09-01,Steel Reinforcement Bars,2022-10-01,1,108.27,1040.5,148.0485283664485,0.0,108.27,154044.49376528966,0.0
O4,H20,0.2,0.016666666666666666,2022-09-01,Steel Reinforcement Bars,2022-11-01,2,51.21,1004.5,125.08271631933435,0.0,51.21,125645.58854277135,0.0
O4,H20,0.2,0.016666666666666666,2022-09-01,Steel Reinforcement Bars,2022-12-01,3,70.5,952.3,107.55226726746237,77.5485283664485,0.0,102422.02411880442,1230.824392722815
O4,H20,0.2,0.016666666666666666,2022-09-01,Steel Reinforcement Bars,2023-01-01,4,79.16,922.6,101.04335431796632,271.51977305223136,0.0,93222.59869375573,4175.069043633144
O4,H20,0.2,0.016666666666666666,2022-09-01,Steel Reinforcement Bars,2023-02-01,5,100.49,942.1,101.0833857958252,551.7132850054766,0.0,95230.65775824692,8662.818096727658
O4,H20,0.2,0.016666666666666666,2022-09-01,Steel Reinforcement Bars,2023-03-01,6,57.1,946.6,90.30987110678457,976.3401512766881,0.0,85487.32398968228,15403.393119975215
O4,H20,0.2,0.016666666666666666,2022-09-01,Steel Reinforcement Bars,2023-04-01,7,67.2,940.1,124.01026071338038,1491.9504033437247,0.0,116582.04609664889,23376.37623639059
O4,H20,0.2,0.016666666666666666,2022-09-01,Steel Reinforcement Bars,2023-05-01,8,152.2,922.8,117.8868471294848,2012.870526517546,0.0,108785.98253108858,30957.948697839856
O4,H20,0.2,0.016666666666666666,2022-09-01,Steel Reinforcement Bars,2023-06-01,9,135.08,885.5,78.91915048446171,2674.9209104047477,0.0,69882.90775399085,39477.374436056736
O4,H20,0.2,0.016666666666666666,2022-09-01,Steel Reinforcement Bars,2023-07-01,10,141.5,859.2,7.72024300719994,3448.438141421434,0.0,6633.2327917861885,49381.63418515494
O4,H20,0.2,0.016666666666666666,2022-09-01,Steel Reinforcement Bars,2023-08-01,11,173.95,832.6,0.0,4268.424522922583,0.0,0.0,59231.50429642237
O4,H20,0.2,0.016666666666666666,2022-09-01,Steel Reinforcement Bars,2023-09-01,12,140.71,830.1,0.0,5129.37114743093,0.0,0.0,70964.84982470692
O4,H20,0.2,0.016666666666666666,2022-10-01,Cement,2022-11-01,1,296.3,118.4,401.7126810636882,0.0,296.3,47562.781437940685,0.0
O4,H20,0.2,0.016666666666666666,2022-10-01,Cement,2022-12-01,2,375.31,118.3,376.1090314613388,0.0,375.31,44493.69842187638,0.0
O4,H20,0.2,0.016666666666666666,2022-10-01,Cement,2023-01-01,3,440.73,118.5,395.2676827566455,0.0,39.017318936311824,46839.22040666249,0.0
O4,H20,0.2,0.016666666666666666,2022-10-01,Cement,2023-02-01,4,282.49,118.4,363.68303121727087,495.331712525027,0.0,43060.070896124875,977.45457938272
O4,H20,0.2,0.016666666666666666,2022-10-01,Cement,2023-03-01,5,427.87,118.2,414.17793559309314,1240.5511078066997,0.0,48955.83198710361,2443.8856823791984
O4,H20,0.2,0.016666666666666666,2022-10-01,Cement,2023-04-01,6,315.7,118.0,331.7626291062995,2461.6235343056433,0.0,39147.990234543344,4841.192950801098
O4,H20,0.2,0.016666666666666666,2022-10-01,Cement,2023-05-01,7,398.82,117.2,417.2276854016772,4013.75389639768,0.0,48899.08472907657,7840.199277630135
O4,H20,0.2,0.016666666666666666,2022-10-01,Cement,2023-06-01,8,335.0,116.7,412.69086456610484,5961.466887596016,0.0,48161.02389486443,11595.053096374251
O4,H20,0.2,0.016666666666666666,2022-10-01,Cement,2023-07-01,9,425.98,115.2,96.72671683473646,8235.42756419603,0.0,11142.917779361642,15812.020923256378
O4,H20,0.2,0.016666666666666666,2022-10-01,Cement,2023-08-01,10,378.3,114.4,94.50483012024284,10969.759105362149,0.0,10811.352565755782,20915.674027557165
O4,H20,0.2,0.016666666666666666,2022-10-01,Cement,2023-09-01,11,446.33,113.5,0.0,13732.787363363002,0.0,0.0,25977.856095695013
O4,H20,0.2,0.016666666666666666,2022-10-01,Cement,2023-10-01,12,335.47,113.2,0.0,16701.1804514841,0.0,0.0,31509.5604518
O4,H20,0.2,0.016666666666666666,2022-10-01,Granite,2022-11-01,1,1531.9,20.5,1798.0858167818828,0.0,1531.9,36860.759244028595,0.0
O4,H20,0.2,0.016666666666666666,2022-10-01,Granite,2022-12-01,2,1692.1,19.3,1840.9047128899997,0.0,1692.1,35529.460958776996,0.0
O4,H20,0.2,0.016666666666666666,2022-10-01,Granite,2023-01-01,3,1309.6,19.0,1786.280789632075,488.48581678188293,0.0,33939.33500300943,154.68717531426293
O4,H20,0.2,0.016666666666666666,2022-10-01,Granite,2023-02-01,4,1455.1,18.5,1840.4685717633763,2672.3763464537656,0.0,34048.66857762246,823.9827068232444
O4,H20,0.2,0.016666666666666666,2022-10-01,Granite,2023-03-01,5,1561.4,18.3,1667.497746319115,6536.2476657577245,0.0,30515.208757639808,1993.555538056106
O4,H20,0.2,0.016666666666666666,2022-10-01,Granite,2023-04-01,6,1395.2,18.6,1614.693520000979,12406.787556825058,0.0,30033.299472018214,3846.104142615768
O4,H20,0.2,0.016666666666666666,2022-10-01,Granite,2023-05-01,7,1844.9,18.3,1750.2995741105885,19495.125194211505,0.0,32030.482206223773,5946.013184234509
O4,H20,0.2,0.016666666666666666,2022-10-01,Granite,2023-06-01,8,1659.3,18.5,1750.506516545331,28383.756351598935,0.0,32384.370556088623,8751.658208409672
O4,H20,0.2,0.016666666666666666,2022-10-01,Granite,2023-07-01,9,1674.3,18.5,154.17579446365426,39007.68708309695,0.0,2852.2521975776035,12027.370183954894
O4,H20,0.2,0.016666666666666666,2022-10-01,Granite,2023-08-01,10,1755.2,18.5,248.51226152275103,51301.2243311403,0.0,4597.476838170895,15817.877502101594
O4,H20,0.2,0.016666666666666666,2022-10-01,Granite,2023-09-01,11,1729.4,18.6,0.0,63774.7373736473,0.0,0.0,19770.168585830663
O4,H20,0.2,0.016666666666666666,2022-10-01,Granite,2023-10-01,12,1742.2,19.5,0.0,76483.96267767706,0.0,0.0,24857.287870245047
O4,H20,0.2,0.016666666666666666,2022-10-01,Ready Mixed Concrete,2022-11-01,1,959.9,118.2,1117.8545515049843,0.0,959.9,132130.40798788916,0.0
O4,H20,0.2,0.016666666666666666,2022-10-01,Ready Mixed Concrete,2022-12-01,2,992.6,118.0,1072.9650671565212,0.0,992.6,126609.8779244695,0.0
O4,H20,0.2,0.016666666666666666,2022-10-01,Ready Mixed Concrete,2023-01-01,3,808.1,117.6,1123.646526237222,309.7545515049843,0.0,132140.8314854973,607.1189209497692
O4,H20,0.2,0.016666666666666666,2022-10-01,Ready Mixed Concrete,2023-02-01,4,897.3,118.1,1054.3545460351465,1603.2741701664897,0.0,124519.2718867508,3155.7779916110403
O4,H20,0.2,0.016666666666666666,2022-10-01,Ready Mixed Concrete,2023-03-01,5,1070.7,116.8,1023.1389660177263,3847.0403150652173,0.0,119502.63123087042,7488.90514666029
O4,H20,0.2,0.016666666666666666,2022-10-01,Ready Mixed Concrete,2023-04-01,6,918.4,117.2,1033.9049948262602,7297.46100599909,0.0,121173.6653936377,14254.373831718223
O4,H20,0.2,0.016666666666666666,2022-10-01,Ready Mixed Concrete,2023-05-01,7,1041.6,117.6,1102.7291740254211,11647.82066295069,0.0,129680.95086538952,22829.72849938335
O4,H20,0.2,0.016666666666666666,2022-10-01,Ready Mixed Concrete,2023-06-01,8,1020.3,117.3,1057.2609949331204,17053.38531472855,0.0,124016.71470565502,33339.36829029432
O4,H20,0.2,0.016666666666666666,2022-10-01,Ready Mixed Concrete,2023-07-01,9,1046.0,116.3,430.956018811642,23535.979140531832,0.0,50120.18498779397,45620.57290073086
O4,H20,0.2,0.016666666666666666,2022-10-01,Ready Mixed Concrete,2023-08-01,10,1113.5,116.4,19.07106189343449,31008.333961268232,0.0,2219.8716043957747,60156.16788486038
O4,H20,0.2,0.016666666666666666,2022-10-01,Ready Mixed Concrete,2023-09-01,11,1081.8,116.6,0.0,38943.344800816274,0.0,0.0,75679.90006291962
O4,H20,0.2,0.016666666666666666,2022-10-01,Ready Mixed Concrete,2023-10-01,12,1101.2,116.4,0.0,46878.02670225776,0.0,0.0,90943.37180238006
O4,H20,0.2,0.016666666666666666,2022-10-01,Steel Reinforcement Bars,2022-11-01,1,51.21,1004.5,154.04423033373527,0.0,51.21,154737.42937023708,0.0
O4,H20,0.2,0.016666666666666666,2022-10-01,Steel Reinforcement Bars,2022-12-01,2,70.5,952.3,150.3120775120128,0.0,70.5,143142.19141468976,0.0
O4,H20,0.2,0.016666666666666666,2022-10-01,Steel Reinforcement Bars,2023-01-01,3,79.16,922.6,106.51099036012448,74.88423033373527,0.0,98267.03970625084,1151.4698484317362
O4,H20,0.2,0.016666666666666666,2022-10-01,Steel Reinforcement Bars,2023-02-01,4,100.49,942.1,145.49623348200203,278.7505381794833,0.0,137072.00156339412,4376.848033648187
O4,H20,0.2,0.016666666666666666,2022-10-01,Steel Reinforcement Bars,2023-03-01,5,57.1,946.6,122.75158303016904,632.5178363853558,0.0,116196.64849635802,9979.023065372965
O4,H20,0.2,0.016666666666666666,2022-10-01,Steel Reinforcement Bars,2023-04-01,6,67.2,940.1,123.29909467634732,1121.6813680732305,0.0,115913.47890523412,17574.877568760734
O4,H20,0.2,0.016666666666666666,2022-10-01,Steel Reinforcement Bars,2023-05-01,7,152.2,922.8,81.66515698653201,1648.5964827912742,0.0,75360.60686717174,25355.413905329795
O4,H20,0.2,0.016666666666666666,2022-10-01,Steel Reinforcement Bars,2023-06-01,8,135.08,885.5,116.24509442623437,2315.930692185665,0.0,102935.03111443055,34179.27713217344
O4,H20,0.2,0.016666666666666666,2022-10-01,Steel Reinforcement Bars,2023-07-01,9,141.5,859.2,103.47697665175156,3058.5100585665878,0.0,88907.41833918494,43797.864038673535
O4,H20,0.2,0.016666666666666666,2022-10-01,Steel Reinforcement Bars,2023-08-01,10,173.95,832.6,50.87584108183256,3884.884519373745,0.0,42359.225284733795,53909.247513843
O4,H20,0.2,0.016666666666666666,2022-10-01,Steel Reinforcement Bars,2023-09-01,11,140.71,830.1,0.0,4847.975956832654,0.0,0.0,67071.74736277977
O4,H20,0.2,0.016666666666666666,2022-10-01,Steel Reinforcement Bars,2023-10-01,12,162.59,827.4,0.0,5840.063235373395,0.0,0.0,80534.47201579911
O4,H20,0.2,0.016666666666666666,2022-11-01,Cement,2022-12-01,1,375.31,118.3,387.9763964708475,0.0,375.31,45897.60770250126,0.0
O4,H20,0.2,0.016666666666666666,2022-11-01,Cement,2023-01-01,2,440.73,118.5,363.52140663398103,0.0,440.73,43077.286686126754,0.0
O4,H20,0.2,0.016666666666666666,2022-11-01,Cement,2023-02-01,3,282.49,118.4,362.41972131967543,105.48639647084747,0.0,42910.49500424958,208.159822369139
O4,H20,0.2,0.016666666666666666,2022-11-01,Cement,2023-03-01,4,427.87,118.2,366.30505717192074,429.114199575676,0.0,43297.25775772103,845.3549731640818
O4,H20,0.2,0.016666666666666666,2022-11-01,Cement,2023-04-01,5,315.7,118.0,355.522772497313,1227.33172400018,0.0,41951.687154682935,2413.752390533687
O4,H20,0.2,0.016666666666666666,2022-11-01,Cement,2023-05-01,6,398.82,117.2,401.8598976272394,2308.7343055966044,0.0,47097.98000191246,4509.727676932034
O4,H20,0.2,0.016666666666666666,2022-11-01,Cement,2023-06-01,7,335.0,116.7,384.4224364292426,3809.4796596903416,0.0,44862.09833129262,7409.437938097714
O4,H20,0.2,0.016666666666666666,2022-11-01,Cement,2023-07-01,8,425.98,115.2,389.11086787193017,5621.104911411319,0.0,44825.571978846354,10792.521429909733
O4,H20,0.2,0.016666666666666666,2022-11-01,Cement,2023-08-01,9,378.3,114.4,152.7856918753577,7864.832599561539,0.0,17478.683150540925,14995.614156497335
O4,H20,0.2,0.016666666666666666,2022-11-01,Cement,2023-09-01,10,446.33,113.5,43.277675408302116,10429.641155583688,0.0,4912.01615884229,19729.404519312477
O4,H20,0.2,0.016666666666666666,2022-11-01,Cement,2023-10-01,11,335.47,113.2,0.0,13258.095403481197,0.0,0.0,25013.606661234524
O4,H20,0.2,0.016666666666666666,2022-11-01,Cement,2023-11-01,12,381.97,112.0,0.0,16083.327326787008,0.0,0.0,30022.211010002415
O4,H20,0.2,0.016666666666666666,2022-11-01,Granite,2022-12-01,1,1692.1,19.3,1676.422098405731,0.0,1692.1,32354.94649923061,0.0
O4,H20,0.2,0.016666666666666666,2022-11-01,Granite,2023-01-01,2,1309.6,19.0,1637.6841806433163,0.0,1309.6,31115.99943222301,0.0
O4,H20,0.2,0.016666666666666666,2022-11-01,Granite,2023-02-01,3,1455.1,18.5,1629.2190498582008,221.32209840573114,0.0,30140.552422376717,68.2409803417671
O4,H20,0.2,0.016666666666666666,2022-11-01,Granite,2023-03-01,4,1561.4,18.3,1627.7909425565044,1974.0283774547784,0.0,29788.574248784033,602.0786551237073
O4,H20,0.2,0.016666666666666666,2022-11-01,Granite,2023-04-01,5,1395.2,18.6,1650.438923551106,5522.153706362026,0.0,30698.163978050572,1711.8676489722282
O4,H20,0.2,0.016666666666666666,2022-11-01,Granite,2023-05-01,6,1844.9,18.3,1688.624584081243,10248.369977825778,0.0,30901.82988868675,3125.752843236862
O4,H20,0.2,0.016666666666666666,2022-11-01,Granite,2023-06-01,7,1659.3,18.5,1600.5021493610027,16810.62517284064,0.0,29609.28976317855,5183.2760949591975
O4,H20,0.2,0.016666666666666666,2022-11-01,Granite,2023-07-01,8,1674.3,18.5,1656.294452646187,25046.504951936742,0.0,30641.44737395446,7722.672360180496
O4,H20,0.2,0.016666666666666666,2022-11-01,Granite,2023-08-01,9,1755.2,18.5,113.73107511486296,34801.986880393844,0.0,2104.024889624965,10730.61262145477
O4,H20,0.2,0.016666666666666666,2022-11-01,Granite,2023-09-01,10,1729.4,18.6,444.24447216908425,46239.56326149713,0.0,8262.947182344968,14334.26461106411
O4,H20,0.2,0.016666666666666666,2022-11-01,Granite,2023-10-01,11,1742.2,19.5,190.88213829684742,57778.07071771529,0.0,3722.2016967885247,18777.872983257468
O4,H20,0.2,0.016666666666666666,2022-11-01,Granite,2023-11-01,12,1621.1,20.3,0.0,69881.92264610252,0.0,0.0,23643.38382859802
O4,H20,0.2,0.016666666666666666,2022-11-01,Ready Mixed Concrete,2022-12-01,1,992.6,118.0,1055.2955334910632,0.0,992.6,124524.87295194546,0.0
O4,H20,0.2,0.016666666666666666,2022-11-01,Ready Mixed Concrete,2023-01-01,2,808.1,117.6,1038.47514600579,0.0,808.1,122124.6771702809,0.0
O4,H20,0.2,0.016666666666666666,2022-11-01,Ready Mixed Concrete,2023-02-01,3,897.3,118.1,1035.3244501636436,157.99553349106327,0.0,122271.81756432631,310.98787508824284
O4,H20,0.2,0.016666666666666666,2022-11-01,Ready Mixed Concrete,2023-03-01,4,1070.7,116.8,1047.6658738780052,1181.0662129879167,0.0,122367.374068951,2299.142227949811
O4,H20,0.2,0.016666666666666666,2022-11-01,Ready Mixed Concrete,2023-04-01,5,918.4,117.2,1036.7978997065231,3391.7613426484136,0.0,121512.71384560452,6625.240489306568
O4,H20,0.2,0.016666666666666666,2022-11-01,Ready Mixed Concrete,2023-05-01,6,1041.6,117.6,1097.4477298417978,6526.922346186915,0.0,129059.85302939541,12792.767798526353
O4,H20,0.2,0.016666666666666666,2022-11-01,Ready Mixed Concrete,2023-06-01,7,1020.3,117.3,1161.148942399249,10720.181249431942,0.0,136202.7709434319,20957.954342639445
O4,H20,0.2,0.016666666666666666,2022-11-01,Ready Mixed Concrete,2023-07-01,8,1046.0,116.3,1067.3027049665022,15985.187882518767,0.0,124127.3045876042,30984.622512282207
O4,H20,0.2,0.016666666666666666,2022-11-01,Ready Mixed Concrete,2023-08-01,9,1113.5,116.4,179.4327173004334,22343.843458004838,0.0,20885.96829377045,43347.05630852939
O4,H20,0.2,0.016666666666666666,2022-11-01,Ready Mixed Concrete,2023-09-01,10,1081.8,116.6,25.553671966547313,29801.501738457413,0.0,2979.5581512994167,57914.25171173557
O4,H20,0.2,0.016666666666666666,2022-11-01,Ready Mixed Concrete,2023-10-01,11,1101.2,116.4,0.0,37419.192736210425,0.0,0.0,72593.23390824824
O4,H20,0.2,0.016666666666666666,2022-11-01,Ready Mixed Concrete,2023-11-01,12,1070.0,115.4,0.0,45093.63740592998,0.0,0.0,86730.09594407199
O4,H20,0.2,0.016666666666666666,2022-11-01,Steel Reinforcement Bars,2022-12-01,1,70.5,952.3,172.01139539262272,0.0,70.5,163806.4518323946,0.0
O4,H20,0.2,0.016666666666666666,2022-11-01,Steel Reinforcement Bars,2023-01-01,2,79.16,922.6,93.60452430005148,0.0,79.16,86359.5341192275,0.0
O4,H20,0.2,0.016666666666666666,2022-11-01,Steel Reinforcement Bars,2023-02-01,3,100.49,942.1,96.04263516397339,71.52139539262272,0.0,90481.76658797933,1123.005109989831
O4,H20,0.2,0.016666666666666666,2022-11-01,Steel Reinforcement Bars,2023-03-01,4,57.1,946.6,122.14103959345066,280.0373150852969,0.0,115618.7080791604,4418.055374329034
O4,H20,0.2,0.016666666666666666,2022-11-01,Steel Reinforcement Bars,2023-04-01,5,67.2,940.1,108.39097529712555,574.4958699419444,0.0,101898.35587682773,9001.3927888737
O4,H20,0.2,0.016666666666666666,2022-11-01,Steel Reinforcement Bars,2023-05-01,6,152.2,922.8,118.28443004001076,906.0954643920427,0.0,109152.87204092192,13935.748242349615
O4,H20,0.2,0.016666666666666666,2022-11-01,Steel Reinforcement Bars,2023-06-01,7,135.08,885.5,82.29920986684178,1363.2060341392666,0.0,72875.95033708839,20118.649053838675
O4,H20,0.2,0.016666666666666666,2022-11-01,Steel Reinforcement Bars,2023-07-01,8,141.5,859.2,74.1157420433712,1932.1810339265012,0.0,63680.24556366454,27668.8324058275
O4,H20,0.2,0.016666666666666666,2022-11-01,Steel Reinforcement Bars,2023-08-01,9,173.95,832.6,117.6763736362866,2551.005243580578,0.0,97977.34868957223,35399.44943008648
O4,H20,0.2,0.016666666666666666,2022-11-01,Steel Reinforcement Bars,2023-09-01,10,140.71,830.1,81.25014744475524,3277.1851952780253,0.0,67445.74739389133,45339.85717667148
O4,H20,0.2,0.016666666666666666,2022-11-01,Steel Reinforcement Bars,2023-10-01,11,162.59,827.4,0.0,4099.161520611759,0.0,0.0,56527.43736923616
O4,H20,0.2,0.016666666666666666,2022-11-01,Steel Reinforcement Bars,2023-11-01,12,187.13,826.7,0.0,4977.847993390248,0.0,0.0,68586.44893559531
O4,H20,0.2,0.016666666666666666,2022-12-01,Cement,2023-01-01,1,440.73,118.5,377.15027576612,0.0,440.73,44692.30767828522,0.0
O4,H20,0.2,0.016666666666666666,2022-12-01,Cement,2023-02-01,2,282.49,118.4,351.86724483418664,0.0,282.49,41661.0817883677,0.0
O4,H20,0.2,0.016666666666666666,2022-12-01,Cement,2023-03-01,3,427.87,118.2,318.41495451072154,0.0,50.719724233880015,37636.647623167286,0.0
O4,H20,0.2,0.016666666666666666,2022-12-01,Cement,2023-04-01,4,315.7,118.0,345.6318511565435,413.31752060030664,0.0,40784.558436472136,812.8577905139364
O4,H20,0.2,0.016666666666666666,2022-12-01,Cement,2023-05-01,5,398.82,117.2,373.04640499870993,1061.9299957113349,0.0,43721.038665848806,2074.3032582894743
O4,H20,0.2,0.016666666666666666,2022-12-01,Cement,2023-06-01,6,335.0,116.7,347.62944533963,2119.9943219789066,0.0,40568.35627113483,4123.388956248973
O4,H20,0.2,0.016666666666666666,2022-12-01,Cement,2023-07-01,7,425.98,115.2,296.81833967079126,3460.125053245188,0.0,34193.472730075155,6643.440102230761
O4,H20,0.2,0.016666666666666666,2022-12-01,Cement,2023-08-01,8,378.3,114.4,340.5412663278924,5195.5652298510995,0.0,38957.92086791089,9906.21103824943
O4,H20,0.2,0.016666666666666666,2022-12-01,Cement,2023-09-01,9,446.33,113.5,205.32635171203174,7159.7937461278025,0.0,23304.5409193156,13543.943169758426
O4,H20,0.2,0.016666666666666666,2022-12-01,Cement,2023-10-01,10,335.47,113.2,0.0,9575.423528732399,0.0,0.0,18065.632390875126
O4,H20,0.2,0.016666666666666666,2022-12-01,Cement,2023-11-01,11,381.97,112.0,0.0,12149.879663049027,0.0,0.0,22679.77537102485
O4,H20,0.2,0.016666666666666666,2022-12-01,Cement,2023-12-01,12,467.38,111.7,0.0,14638.925797365655,0.0,0.0,27252.80019276239
O4,H20,0.2,0.016666666666666666,2022-12-01,Granite,2023-01-01,1,1309.6,19.0,1749.7269495514618,0.0,1309.6,33244.81204147777,0.0
O4,H20,0.2,0.016666666666666666,2022-12-01,Granite,2023-02-01,2,1455.1,18.5,1736.8997107139674,0.0,1455.1,32132.644648208396,0.0
O4,H20,0.2,0.016666666666666666,2022-12-01,Granite,2023-03-01,3,1561.4,18.3,1694.3644743055145,188.32694955146167,0.0,31006.869879790916,57.439719613195805
O4,H20,0.2,0.016666666666666666,2022-12-01,Granite,2023-04-01,4,1395.2,18.6,1635.9434787704515,2279.753609816891,0.0,30428.5487051304,706.7236190432362
O4,H20,0.2,0.016666666666666666,2022-12-01,Granite,2023-05-01,5,1844.9,18.3,1472.8380714473012,5615.844744387834,0.0,26952.936707485613,1712.8326470382892
O4,H20,0.2,0.016666666666666666,2022-12-01,Granite,2023-06-01,6,1659.3,18.5,1573.928426089227,10773.47935772923,0.0,29117.6758826507,3321.8228019665125
O4,H20,0.2,0.016666666666666666,2022-12-01,Granite,2023-07-01,7,1674.3,18.5,1560.0741783377848,17388.952042517925,0.0,28861.37229924902,5361.593546443028
O4,H20,0.2,0.016666666666666666,2022-12-01,Granite,2023-08-01,8,1755.2,18.5,1535.617425799506,25497.453153395847,0.0,28408.922377290863,7861.714722297053
O4,H20,0.2,0.016666666666666666,2022-12-01,Granite,2023-09-01,9,1729.4,18.6,489.6086316606122,35191.82844261155,0.0,9106.720548887388,10909.46681720958
O4,H20,0.2,0.016666666666666666,2022-12-01,Granite,2023-10-01,10,1742.2,19.5,48.91843176588486,46409.02115762677,0.0,953.9094194347548,15082.9318762287
O4,H20,0.2,0.016666666666666666,2022-12-01,Granite,2023-11-01,11,1621.1,20.3,0.0,58236.922504302594,0.0,0.0,19703.492113955712
O4,H20,0.2,0.016666666666666666,2022-12-01,Granite,2023-12-01,12,1531.7,21.2,0.0,70203.1422827443,0.0,0.0,24805.11027323632
O4,H20,0.2,0.016666666666666666,2022-12-01,Ready Mixed Concrete,2023-01-01,1,808.1,117.6,1081.4874660403198,0.0,808.1,127182.9260063416,0.0
O4,H20,0.2,0.016666666666666666,2022-12-01,Ready Mixed Concrete,2023-02-01,2,897.3,118.1,1080.3442359034193,0.0,897.3,127588.65426019381,0.0
O4,H20,0.2,0.016666666666666666,2022-12-01,Ready Mixed Concrete,2023-03-01,3,1070.7,116.8,1094.1899892150282,10.787466040319714,0.0,127801.39074031528,20.999600558489043
O4,H20,0.2,0.016666666666666666,2022-12-01,Ready Mixed Concrete,2023-04-01,4,918.4,117.2,1028.872708539977,1254.2191679840585,0.0,120583.88144088532,2449.908108128861
O4,H20,0.2,0.016666666666666666,2022-12-01,Ready Mixed Concrete,2023-05-01,5,1041.6,117.6,1030.5825591439184,3468.640859142826,0.0,121196.5089553248,6798.536083919938
O4,H20,0.2,0.016666666666666666,2022-12-01,Ready Mixed Concrete,2023-06-01,6,1020.3,117.3,1124.8593002165812,6733.23525884157,0.0,131945.995915405,13163.474931035267
O4,H20,0.2,0.016666666666666666,2022-12-01,Ready Mixed Concrete,2023-07-01,7,1046.0,116.3,1087.701433360915,11002.712217684231,0.0,126499.67669987441,21326.923848611266
O4,H20,0.2,0.016666666666666666,2022-12-01,Ready Mixed Concrete,2023-08-01,8,1113.5,116.4,1061.6371911423228,16329.548476743475,0.0,123574.56904896637,31679.324044882345
O4,H20,0.2,0.016666666666666666,2022-12-01,Ready Mixed Concrete,2023-09-01,9,1081.8,116.6,293.2871921823737,22775.786169163635,0.0,34197.28660846477,44260.944455408
O4,H20,0.2,0.016666666666666666,2022-12-01,Ready Mixed Concrete,2023-10-01,10,1101.2,116.4,0.0,30264.261052726117,0.0,0.0,58712.666442288675
O4,H20,0.2,0.016666666666666666,2022-12-01,Ready Mixed Concrete,2023-11-01,11,1070.0,115.4,0.0,38077.22312847097,0.0,0.0,73235.19248375917
O4,H20,0.2,0.016666666666666666,2022-12-01,Ready Mixed Concrete,2023-12-01,12,1101.6,115.4,0.0,45858.58520421583,0.0,0.0,88201.34554277512
O4,H20,0.2,0.016666666666666666,2022-12-01,Steel Reinforcement Bars,2023-01-01,1,79.16,922.6,141.16023117038867,0.0,79.16,130234.42927780059,0.0
O4,H20,0.2,0.016666666666666666,2022-12-01,Steel Reinforcement Bars,2023-02-01,2,100.49,942.1,128.18227485506864,0.0,100.49,120760.52114096018,0.0
O4,H20,0.2,0.016666666666666666,2022-12-01,Steel Reinforcement Bars,2023-03-01,3,57.1,946.6,100.1096406092345,84.06023117038868,0.0,94763.78580070139,1326.1902470981654
O4,H20,0.2,0.016666666666666666,2022-12-01,Steel Reinforcement Bars,2023-04-01,4,67.2,940.1,117.95459215244014,286.20273719584594,0.0,110889.11208250897,4484.319887296912
O4,H20,0.2,0.016666666666666666,2022-12-01,Steel Reinforcement Bars,2023-05-01,5,152.2,922.8,111.91178523177182,503.45488383053777,0.0,103272.19541187903,7743.136113313671
O4,H20,0.2,0.016666666666666666,2022-12-01,Steel Reinforcement Bars,2023-06-01,6,135.08,885.5,107.93527871871788,855.7816226176695,0.0,95576.68930542469,12629.910447132439
O4,H20,0.2,0.016666666666666666,2022-12-01,Steel Reinforcement Bars,2023-07-01,7,141.5,859.2,111.7320075660585,1313.6001466365733,0.0,96000.14090075747,18810.75409983573
O4,H20,0.2,0.016666666666666666,2022-12-01,Steel Reinforcement Bars,2023-08-01,8,173.95,832.6,150.1754905722235,1846.9039493741948,0.0,125036.1134504333,25628.87047081591
O4,H20,0.2,0.016666666666666666,2022-12-01,Steel Reinforcement Bars,2023-09-01,9,140.71,830.1,97.29829281313094,2525.1797596778747,0.0,80767.31286418,34935.8619751434
O4,H20,0.2,0.016666666666666666,2022-12-01,Steel Reinforcement Bars,2023-10-01,10,162.59,827.4,25.76732793724699,3331.751060553778,0.0,21319.887135278157,45944.8471250366
O4,H20,0.2,0.016666666666666666,2022-12-01,Steel Reinforcement Bars,2023-11-01,11,187.13,826.7,0.0,4211.080654242813,0.0,0.0,58021.67294770889
O4,H20,0.2,0.016666666666666666,2022-12-01,Steel Reinforcement Bars,2023-12-01,12,122.5,819.7,0.0,5180.807575869094,0.0,0.0,70778.46616566494
O4,H20,0.2,0.016666666666666666,2023-01-01,Cement,2023-02-01,1,282.49,118.4,400.27994693211457,0.0,282.49,47393.14571676237,0.0
O4,H20,0.2,0.016666666666666666,2023-01-01,Cement,2023-03-01,2,427.87,118.2,384.8829386577617,0.0,427.87,45493.16334934744,0.0
O4,H20,0.2,0.016666666666666666,2023-01-01,Cement,2023-04-01,3,315.7,118.0,359.4783394729675,84.57994693211458,0.0,42418.444057810164,166.34056229982534
O4,H20,0.2,0.016666666666666666,2023-01-01,Cement,2023-05-01,4,398.82,117.2,350.58784950820547,470.92283252199087,0.0,41088.89596236168,919.8692661929555
O4,H20,0.2,0.016666666666666666,2023-01-01,Cement,2023-06-01,5,335.0,116.7,410.77219005612505,1280.5640575848345,0.0,47937.114579549794,2490.6970920025033
O4,H20,0.2,0.016666666666666666,2023-01-01,Cement,2023-07-01,6,425.98,115.2,382.4933687905392,2349.8131321558835,0.0,44063.23608467012,4511.641213739296
O4,H20,0.2,0.016666666666666666,2023-01-01,Cement,2023-08-01,7,378.3,114.4,412.51891680972943,3877.5143967830572,0.0,47192.16408303305,7393.127449866362
O4,H20,0.2,0.016666666666666666,2023-01-01,Cement,2023-09-01,8,446.33,113.5,319.96793801022085,5719.67903020077,0.0,36316.36096416006,10819.726165463124
O4,H20,0.2,0.016666666666666666,2023-01-01,Cement,2023-10-01,9,335.47,113.2,250.50819917691769,8085.2225804282125,0.0,28357.528146827084,15254.119935074561
O4,H20,0.2,0.016666666666666666,2023-01-01,Cement,2023-11-01,10,381.97,112.0,0.0,10724.234068665877,0.0,0.0,20018.570261509638
O4,H20,0.2,0.016666666666666666,2023-01-01,Cement,2023-12-01,11,467.38,111.7,0.0,13528.34375608046,0.0,0.0,25185.26662590312
O4,H20,0.2,0.016666666666666666,2023-01-01,Cement,2024-01-01,12,434.45,110.6,0.0,16365.38344349504,0.0,0.0,30166.856814175855
O4,H20,0.2,0.016666666666666666,2023-01-01,Granite,2023-02-01,1,1455.1,18.5,1822.8456199425227,0.0,1455.1,33722.64396893667,0.0
O4,H20,0.2,0.016666666666666666,2023-01-01,Granite,2023-03-01,2,1561.4,18.3,1834.2183771101425,0.0,1561.4,33566.19630111561,0.0
O4,H20,0.2,0.016666666666666666,2023-01-01,Granite,2023-04-01,3,1395.2,18.6,1712.9932456093707,427.64561994252267,0.0,31861.674368334297,132.57014218218202
O4,H20,0.2,0.016666666666666666,2023-01-01,Granite,2023-05-01,4,1844.9,18.3,1824.215295173721,2239.809616995188,0.0,33383.1399016791,683.1419331835324
O4,H20,0.2,0.016666666666666666,2023-01-01,Granite,2023-06-01,5,1659.3,18.5,1646.8734872651262,5950.566859657224,0.0,30467.159514404833,1834.7581150609776
O4,H20,0.2,0.016666666666666666,2023-01-01,Granite,2023-07-01,6,1674.3,18.5,1548.3978505160676,11470.539397492983,0.0,28645.36023454725,3536.7496475603366
O4,H20,0.2,0.016666666666666666,2023-01-01,Granite,2023-08-01,7,1755.2,18.5,1662.5747533920774,18556.485422593865,0.0,30757.63293775343,5721.583005299775
O4,H20,0.2,0.016666666666666666,2023-01-01,Granite,2023-09-01,8,1729.4,18.6,1685.925705880234,27216.629298210813,0.0,31358.218129372355,8437.155082445352
O4,H20,0.2,0.016666666666666666,2023-01-01,Granite,2023-10-01,9,1742.2,19.5,243.89859220610174,37526.54792721984,0.0,4756.022548018984,12196.12807634645
O4,H20,0.2,0.016666666666666666,2023-01-01,Granite,2023-11-01,10,1621.1,20.3,97.86455904297759,49643.4922621091,0.0,1986.6505485724451,16796.048215346913
O4,H20,0.2,0.016666666666666666,2023-01-01,Granite,2023-12-01,11,1531.7,21.2,0.0,62093.73518920447,0.0,0.0,21939.78643351891
O4,H20,0.2,0.016666666666666666,2023-01-01,Granite,2024-01-01,12,1664.5,22.3,0.0,74509.0426753428,0.0,0.0,27692.527527669077
O4,H20,0.2,0.016666666666666666,2023-01-01,Ready Mixed Concrete,2023-02-01,1,897.3,118.1,1077.4260048435838,0.0,897.3,127244.01117202724,0.0
O4,H20,0.2,0.016666666666666666,2023-01-01,Ready Mixed Concrete,2023-03-01,2,1070.7,116.8,1060.4649796793751,0.0,1070.7,123862.30962655101,0.0
O4,H20,0.2,0.016666666666666666,2023-01-01,Ready Mixed Concrete,2023-04-01,3,918.4,117.2,1089.0028427338418,159.0260048435838,0.0,127631.13316840626,310.63079612780035
O4,H20,0.2,0.016666666666666666,2023-01-01,Ready Mixed Concrete,2023-05-01,4,1041.6,117.6,1075.296126631965,1255.316989366543,0.0,126454.82449191909,2460.4212991584245
O4,H20,0.2,0.016666666666666666,2023-01-01,Ready Mixed Concrete,2023-06-01,5,1020.3,117.3,1038.922116302622,3461.9108166233445,0.0,121865.56424229757,6768.035646498638
O4,H20,0.2,0.016666666666666666,2023-01-01,Ready Mixed Concrete,2023-07-01,6,1046.0,116.3,1040.783822949197,6718.100770512111,0.0,121043.15860899161,13021.918660175974
O4,H20,0.2,0.016666666666666666,2023-01-01,Ready Mixed Concrete,2023-08-01,7,1113.5,116.4,1004.4301159786033,10945.7128407035,0.0,116915.66549990943,21234.68291096479
O4,H20,0.2,0.016666666666666666,2023-01-01,Ready Mixed Concrete,2023-09-01,8,1081.8,116.6,985.6573767972161,16245.808733844086,0.0,114927.6501345554,31571.021639437004
O4,H20,0.2,0.016666666666666666,2023-01-01,Ready Mixed Concrete,2023-10-01,9,1101.2,116.4,327.2227416879821,22530.934742963273,0.0,38088.727132481115,43710.013401348755
O4,H20,0.2,0.016666666666666666,2023-01-01,Ready Mixed Concrete,2023-11-01,10,1070.0,115.4,96.35907813068661,29832.91812887968,0.0,11119.837616281236,57378.645867878586
O4,H20,0.2,0.016666666666666666,2023-01-01,Ready Mixed Concrete,2023-12-01,11,1101.6,115.4,0.0,37430.52425648407,0.0,0.0,71991.37498663769
O4,H20,0.2,0.016666666666666666,2023-01-01,Ready Mixed Concrete,2024-01-01,12,1071.7,118.1,0.0,45154.389462219144,0.0,0.0,88878.88992480135
O4,H20,0.2,0.016666666666666666,2023-01-01,Steel Reinforcement Bars,2023-02-01,1,100.49,942.1,143.19315125822467,0.0,100.49,134902.26780037346,0.0
O4,H20,0.2,0.016666666666666666,2023-01-01,Steel Reinforcement Bars,2023-03-01,2,57.1,946.6,126.67529991564902,0.0,57.1,119910.83890015337,0.0
O4,H20,0.2,0.016666666666666666,2023-01-01,Steel Reinforcement Bars,2023-04-01,3,67.2,940.1,94.39055959770677,75.99315125822467,0.0,88736.56507780413,1190.6860249642834
O4,H20,0.2,0.016666666666666666,2023-01-01,Steel Reinforcement Bars,2023-05-01,4,152.2,922.8,113.1121349568242,193.6616024320984,0.0,104379.87813815738,2978.515445405673
O4,H20,0.2,0.016666666666666666,2023-01-01,Steel Reinforcement Bars,2023-06-01,5,135.08,885.5,92.90971631788435,422.8406132036788,0.0,82271.55379948659,6240.422716530959
O4,H20,0.2,0.016666666666666666,2023-01-01,Steel Reinforcement Bars,2023-07-01,6,141.5,859.2,127.7422188689771,758.7117589320835,0.0,109756.11445222513,10864.752387907436
O4,H20,0.2,0.016666666666666666,2023-01-01,Steel Reinforcement Bars,2023-08-01,7,173.95,832.6,138.68850152013562,1155.0426209783725,0.0,115472.04636566492,16028.141437109884
O4,H20,0.2,0.016666666666666666,2023-01-01,Steel Reinforcement Bars,2023-09-01,8,140.71,830.1,84.52666187549525,1712.3557018936385,0.0,70165.58202284861,23690.44113569849
O4,H20,0.2,0.016666666666666666,2023-01-01,Steel Reinforcement Bars,2023-10-01,9,162.59,827.4,77.53752677498855,2386.4772843290402,0.0,64154.54965362552,32909.52175089746
O4,H20,0.2,0.016666666666666666,2023-01-01,Steel Reinforcement Bars,2023-11-01,10,187.13,826.7,81.32205803972634,3120.5855286399374,0.0,67228.94538144176,42996.467608777275
O4,H20,0.2,0.016666666666666666,2023-01-01,Steel Reinforcement Bars,2023-12-01,11,122.5,819.7,0.0,3996.8612997258233,0.0,0.0,54603.78678975429
O4,H20,0.2,0.016666666666666666,2023-01-01,Steel Reinforcement Bars,2024-01-01,12,179.85,833.7,0.0,4897.109128851434,0.0,0.0,68045.33134539069
O4,H20,0.2,0.016666666666666666,2023-02-01,Cement,2023-03-01,1,427.87,118.2,442.8035756765871,0.0,427.87,52339.3826449726,0.0
O4,H20,0.2,0.016666666666666666,2023-02-01,Cement,2023-04-01,2,315.7,118.0,447.4545484863132,0.0,315.7,52799.63672138495,0.0
O4,H20,0.2,0.016666666666666666,2023-02-01,Cement,2023-05-01,3,398.82,117.2,406.0426043652846,43.98357567658712,0.0,47588.19323161136,85.91458448826685
O4,H20,0.2,0.016666666666666666,2023-02-01,Cement,2023-06-01,4,335.0,116.7,410.12716971515323,599.2416998394874,0.0,47861.84070575838,1165.525106187803
O4,H20,0.2,0.016666666666666666,2023-02-01,Cement,2023-07-01,5,425.98,115.2,459.4144802199537,1469.5624283676723,0.0,52924.54812133867,2821.5598624659306
O4,H20,0.2,0.016666666666666666,2023-02-01,Cement,2023-08-01,6,378.3,114.4,415.4261357126742,2797.6903266110103,0.0,47524.749925529926,5334.262889404993
O4,H20,0.2,0.016666666666666666,2023-02-01,Cement,2023-09-01,7,446.33,113.5,333.08475839594723,4517.202705074302,0.0,37805.12007794001,8545.041783765553
O4,H20,0.2,0.016666666666666666,2023-02-01,Cement,2023-10-01,8,335.47,113.2,475.1097693352392,6763.001219250268,0.0,53782.42588874908,12759.528966985506
O4,H20,0.2,0.016666666666666666,2023-02-01,Cement,2023-11-01,9,381.97,112.0,187.5602171652866,9295.384491822182,0.0,21006.7443225121,17351.38438473474
O4,H20,0.2,0.016666666666666666,2023-02-01,Cement,2023-12-01,10,467.38,111.7,0.0,12217.467533729336,0.0,0.0,22744.85205862611
O4,H20,0.2,0.016666666666666666,2023-02-01,Cement,2024-01-01,11,434.45,110.6,0.0,15360.040792801774,0.0,0.0,28313.67519473127
O4,H20,0.2,0.016666666666666666,2023-02-01,Cement,2024-02-01,12,367.77,110.6,0.0,18569.294051874214,0.0,0.0,34229.398702288134
O4,H20,0.2,0.016666666666666666,2023-02-01,Granite,2023-03-01,1,1561.4,18.3,1681.6310511457505,0.0,1561.4,30773.848235967234,0.0
O4,H20,0.2,0.016666666666666666,2023-02-01,Granite,2023-04-01,2,1395.2,18.6,1688.6859099285027,0.0,1395.2,31409.557924670153,0.0
O4,H20,0.2,0.016666666666666666,2023-02-01,Granite,2023-05-01,3,1844.9,18.3,1627.5632248386423,0.0,163.26894885424963,29784.407014547156,0.0
O4,H20,0.2,0.016666666666666666,2023-02-01,Granite,2023-06-01,4,1659.3,18.5,1600.0772463484027,1711.0169610742535,0.0,29601.42905744545,527.5635629978948
O4,H20,0.2,0.016666666666666666,2023-02-01,Granite,2023-07-01,5,1674.3,18.5,1540.7557748220659,5034.597146987149,0.0,28503.981834208218,1552.3341203210377
O4,H20,0.2,0.016666666666666666,2023-02-01,Granite,2023-08-01,6,1755.2,18.5,1650.3089870021006,9877.354579248447,0.0,30530.71625953886,3045.517661934938
O4,H20,0.2,0.016666666666666666,2023-02-01,Granite,2023-09-01,7,1729.4,18.6,1599.9948278700826,16286.667786331813,0.0,29759.90379838354,5048.867013762862
O4,H20,0.2,0.016666666666666666,2023-02-01,Granite,2023-10-01,8,1742.2,19.5,1640.4038734531257,24333.48998041728,0.0,31987.87553233595,7908.384243635615
O4,H20,0.2,0.016666666666666666,2023-02-01,Granite,2023-11-01,9,1621.1,20.3,152.94714995748473,34101.40700237283,0.0,3104.82714413694,11537.642702469473
O4,H20,0.2,0.016666666666666666,2023-02-01,Granite,2023-12-01,10,1531.7,21.2,0.0,45599.12789778151,0.0,0.0,16111.691857216134
O4,H20,0.2,0.016666666666666666,2023-02-01,Granite,2024-01-01,11,1664.5,22.3,0.0,57116.99594314767,0.0,0.0,21228.483492203217
O4,H20,0.2,0.016666666666666666,2023-02-01,Granite,2024-02-01,12,1201.2,22.2,0.0,69098.16398851383,0.0,0.0,25566.320675750118
O4,H20,0.2,0.016666666666666666,2023-02-01,Ready Mixed Concrete,2023-03-01,1,1070.7,116.8,1012.0865224126744,0.0,1070.7,118211.70581780036,0.0
O4,H20,0.2,0.016666666666666666,2023-02-01,Ready Mixed Concrete,2023-04-01,2,918.4,117.2,1001.6271433576363,0.0,918.4,117390.70120151498,0.0
O4,H20,0.2,0.016666666666666666,2023-02-01,Ready Mixed Concrete,2023-05-01,3,1041.6,117.6,1014.6130126792128,0.0,29.513477587325497,119318.49029107542,0.0
O4,H20,0.2,0.016666666666666666,2023-02-01,Ready Mixed Concrete,2023-06-01,4,1020.3,117.3,1053.571502458056,993.4136657703109,0.0,123583.93723832998,1942.1237165809578
O4,H20,0.2,0.016666666666666666,2023-02-01,Ready Mixed Concrete,2023-07-01,5,1046.0,116.3,950.0942235286283,2975.7403442198347,0.0,110495.95819637946,5767.976700546113
O4,H20,0.2,0.016666666666666666,2023-02-01,Ready Mixed Concrete,2023-08-01,6,1113.5,116.4,1071.9556997599157,5944.138525127414,0.0,124775.6434520542,11531.628738747184
O4,H20,0.2,0.016666666666666666,2023-02-01,Ready Mixed Concrete,2023-09-01,7,1081.8,116.6,1056.9581175965943,9894.330929563623,0.0,123241.3165117629,19227.98310645197
O4,H20,0.2,0.016666666666666666,2023-02-01,Ready Mixed Concrete,2023-10-01,8,1101.2,116.4,899.1097815271335,14897.079033759746,0.0,104656.37856975834,28900.33332549391
O4,H20,0.2,0.016666666666666666,2023-02-01,Ready Mixed Concrete,2023-11-01,9,1070.0,115.4,25.772947800650172,20987.985255552463,0.0,2974.19817619503,40366.89164151257
O4,H20,0.2,0.016666666666666666,2023-02-01,Ready Mixed Concrete,2023-12-01,10,1101.6,115.4,167.5321863971178,27946.401258872316,0.0,19333.214310227395,53750.245087897754
O4,H20,0.2,0.016666666666666666,2023-02-01,Ready Mixed Concrete,2024-01-01,11,1071.7,118.1,17.9103712322368,34960.49020999282,0.0,2115.2148425271657,68813.89823000254
O4,H20,0.2,0.016666666666666666,2023-02-01,Ready Mixed Concrete,2024-02-01,12,874.95,118.0,0.0,42338.86134751044,0.0,0.0,83266.42731677054
O4,H20,0.2,0.016666666666666666,2023-02-01,Steel Reinforcement Bars,2023-03-01,1,57.1,946.6,127.33355169119262,0.0,57.1,120533.94003088294,0.0
O4,H20,0.2,0.016666666666666666,2023-02-01,Steel Reinforcement Bars,2023-04-01,2,67.2,940.1,118.13762288521502,0.0,67.2,111061.17927439064,0.0
O4,H20,0.2,0.016666666666666666,2023-02-01,Steel Reinforcement Bars,2023-05-01,3,152.2,922.8,122.63590890108657,0.0,24.866448308807364,113168.41673392268,0.0
O4,H20,0.2,0.016666666666666666,2023-02-01,Steel Reinforcement Bars,2023-06-01,4,135.08,885.5,93.74883409295533,110.39117457640762,0.0,83014.59258931194,1629.1897514568157
O4,H20,0.2,0.016666666666666666,2023-02-01,Steel Reinforcement Bars,2023-07-01,5,141.5,859.2,107.08208837960794,336.99825805390185,0.0,92004.93033575914,4825.815055331875
O4,H20,0.2,0.016666666666666666,2023-02-01,Steel Reinforcement Bars,2023-08-01,6,173.95,832.6,103.03302535316146,624.9041756243514,0.0,85785.29690904224,8671.58694374725
O4,H20,0.2,0.016666666666666666,2023-02-01,Steel Reinforcement Bars,2023-09-01,7,140.71,830.1,63.49665456005164,1053.1321815744088,0.0,52708.57295029887,14570.083732081946
O4,H20,0.2,0.016666666666666666,2023-02-01,Steel Reinforcement Bars,2023-10-01,8,162.59,827.4,101.5550272684633,1562.513212877628,0.0,84026.62956192654,21547.05720558249
O4,H20,0.2,0.016666666666666666,2023-02-01,Steel Reinforcement Bars,2023-11-01,9,187.13,826.7,118.74555899623395,2110.8508987408986,0.0,98166.95362218661,29084.00729981835
O4,H20,0.2,0.016666666666666666,2023-02-01,Steel Reinforcement Bars,2023-12-01,10,122.5,819.7,0.0,2825.3736118726324,0.0,0.0,38599.31249419995
O4,H20,0.2,0.016666666666666666,2023-02-01,Steel Reinforcement Bars,2024-01-01,11,179.85,833.7,0.0,3601.2918840006005,0.0,0.0,50039.95072818835
O4,H20,0.2,0.016666666666666666,2023-02-01,Steel Reinforcement Bars,2024-02-01,12,60.8,829.6,0.0,4496.260156128568,0.0,0.0,62168.29042540434
O4,H20,0.2,0.016666666666666666,2023-03-01,Cement,2023-04-01,1,315.7,118.0,445.8880248446675,0.0,315.7,52614.786931670766,0.0
O4,H20,0.2,0.016666666666666666,2023-03-01,Cement,2023-05-01,2,398.82,117.2,419.6171346993985,0.0,398.82,49179.12818676951,0.0
O4,H20,0.2,0.016666666666666666,2023-03-01,Cement,2023-06-01,3,335.0,116.7,406.1521731907409,110.88802484466748,0.0,47397.95861135946,215.67720832287827
O4,H20,0.2,0.016666666666666666,2023-03-01,Cement,2023-07-01,4,425.98,115.2,402.5667613064795,550.4131843887334,0.0,46375.690902506445,1056.793314026368
O4,H20,0.2,0.016666666666666666,2023-03-01,Cement,2023-08-01,5,378.3,114.4,354.6259073475232,1443.7705171235405,0.0,40569.20380055666,2752.7891193155506
O4,H20,0.2,0.016666666666666666,2023-03-01,Cement,2023-09-01,6,446.33,113.5,369.2786005284834,2671.664611164827,0.0,41913.12115998287,5053.898889453464
O4,H20,0.2,0.016666666666666666,2023-03-01,Cement,2023-10-01,7,335.47,113.2,352.2344835113045,4365.044612553636,0.0,39872.94353347967,8235.384169017861
O4,H20,0.2,0.016666666666666666,2023-03-01,Cement,2023-11-01,8,381.97,112.0,334.3485013458089,6381.203214470929,0.0,37447.0321507306,11911.579333679068
O4,H20,0.2,0.016666666666666666,2023-03-01,Cement,2023-12-01,9,467.38,111.7,108.87913594378506,8664.186299899528,0.0,12161.799484920792,16129.826828312953
O4,H20,0.2,0.016666666666666666,2023-03-01,Cement,2024-01-01,10,434.45,110.6,47.72319901773977,11314.447886673934,0.0,5278.185811362018,20856.298937768952
O4,H20,0.2,0.016666666666666666,2023-03-01,Cement,2024-02-01,11,367.77,110.6,0.0,14140.268609392126,0.0,0.0,26065.228469979484
O4,H20,0.2,0.016666666666666666,2023-03-01,Cement,2024-03-01,12,318.63,110.8,0.0,17062.952531128056,0.0,0.0,31509.58567414981
O4,H20,0.2,0.016666666666666666,2023-03-01,Granite,2023-04-01,1,1395.2,18.6,1511.7663256798962,0.0,1395.2,28118.853657646072,0.0
O4,H20,0.2,0.016666666666666666,2023-03-01,Granite,2023-05-01,2,1844.9,18.3,1532.6598970366276,0.0,1844.9,28047.676115770286,0.0
O4,H20,0.2,0.016666666666666666,2023-03-01,Granite,2023-06-01,3,1659.3,18.5,1537.5495762267715,0.0,147.53367432010373,28444.667160195273,0.0
O4,H20,0.2,0.016666666666666666,2023-03-01,Granite,2023-07-01,4,1674.3,18.5,1510.7527144817818,1370.1262227165237,0.0,27948.925217912965,422.4555853375948
O4,H20,0.2,0.016666666666666666,2023-03-01,Granite,2023-08-01,5,1755.2,18.5,1496.3602030848654,4196.902021659818,0.0,27682.663757070008,1294.0447900117774
O4,H20,0.2,0.016666666666666666,2023-03-01,Granite,2023-09-01,6,1729.4,18.6,1502.3292729400357,8560.230535084895,0.0,27943.324476684666,2653.671465876317
O4,H20,0.2,0.016666666666666666,2023-03-01,Granite,2023-10-01,7,1742.2,19.5,1460.2350645839435,14407.119251594835,0.0,28474.5837593869,4682.313756768322
O4,H20,0.2,0.016666666666666666,2023-03-01,Granite,2023-11-01,8,1621.1,20.3,666.1908491425852,21877.437241044812,0.0,13523.67423759448,7401.866266553495
O4,H20,0.2,0.016666666666666666,2023-03-01,Granite,2023-12-01,9,1531.7,21.2,0.0,30897.390295078734,0.0,0.0,10917.077904261152
O4,H20,0.2,0.016666666666666666,2023-03-01,Granite,2024-01-01,10,1664.5,22.3,0.0,40450.73419825524,0.0,0.0,15034.189543684864
O4,H20,0.2,0.016666666666666666,2023-03-01,Granite,2024-02-01,11,1201.2,22.2,0.0,50467.37810143175,0.0,0.0,18672.929897529746
O4,H20,0.2,0.016666666666666666,2023-03-01,Granite,2024-03-01,12,1688.6,22.4,0.0,59996.62200460826,0.0,0.0,22398.738881720416
O4,H20,0.2,0.016666666666666666,2023-03-01,Ready Mixed Concrete,2023-04-01,1,918.4,117.2,511.13268119944365,0.0,918.4,59904.7502365748,0.0
O4,H20,0.2,0.016666666666666666,2023-03-01,Ready Mixed Concrete,2023-05-01,2,1041.6,117.6,928.9188497854692,0.0,1041.6,109240.85673477118,0.0
O4,H20,0.2,0.016666666666666666,2023-03-01,Ready Mixed Concrete,2023-06-01,3,1020.3,117.3,941.1190895701003,0.0,509.1673188005563,110393.26920657276,0.0
O4,H20,0.2,0.016666666666666666,2023-03-01,Ready Mixed Concrete,2023-07-01,4,1046.0,116.3,938.3805412449796,394.0515309849129,0.0,109133.65694679112,763.8032175590895
O4,H20,0.2,0.016666666666666666,2023-03-01,Ready Mixed Concrete,2023-08-01,5,1113.5,116.4,940.4040259078704,1661.722151539926,0.0,109463.02861567611,3223.7409739874565
O4,H20,0.2,0.016666666666666666,2023-03-01,Ready Mixed Concrete,2023-09-01,6,1081.8,116.6,957.4433801982726,3899.4733133399186,0.0,111637.89813111858,7577.976472257241
O4,H20,0.2,0.016666666666666666,2023-03-01,Ready Mixed Concrete,2023-10-01,7,1101.2,116.4,960.4854758427355,7058.228501047782,0.0,111800.50938809442,13692.963292032699
O4,H20,0.2,0.016666666666666666,2023-03-01,Ready Mixed Concrete,2023-11-01,8,1070.0,115.4,967.0093826681812,11205.627068953916,0.0,111592.88275990811,21552.156062621365
O4,H20,0.2,0.016666666666666666,2023-03-01,Ready Mixed Concrete,2023-12-01,9,1101.6,115.4,0.0,16281.911112702785,0.0,0.0,31315.54237343169
O4,H20,0.2,0.016666666666666666,2023-03-01,Ready Mixed Concrete,2024-01-01,10,1071.7,118.1,0.0,22355.104539119835,0.0,0.0,44002.29743450088
O4,H20,0.2,0.016666666666666666,2023-03-01,Ready Mixed Concrete,2024-02-01,11,874.95,118.0,0.0,28625.047965536887,0.0,0.0,56295.92766555588
O4,H20,0.2,0.016666666666666666,2023-03-01,Ready Mixed Concrete,2024-03-01,12,1112.0,118.0,0.0,34657.94139195394,0.0,0.0,68160.61807084274
O4,H20,0.2,0.016666666666666666,2023-03-01,Steel Reinforcement Bars,2023-04-01,1,67.2,940.1,45.08361354963952,0.0,67.2,42383.105098016116,0.0
O4,H20,0.2,0.016666666666666666,2023-03-01,Steel Reinforcement Bars,2023-05-01,2,152.2,922.8,72.3166249403517,0.0,152.2,66733.78149495655,0.0
O4,H20,0.2,0.016666666666666666,2023-03-01,Steel Reinforcement Bars,2023-06-01,3,135.08,885.5,74.27940494347276,0.0,89.99638645036049,65774.41307744512,0.0
O4,H20,0.2,0.016666666666666666,2023-03-01,Steel Reinforcement Bars,2023-07-01,4,141.5,859.2,83.2444669454577,0.0,24.099761510008776,71523.64599953726,0.0
O4,H20,0.2,0.016666666666666666,2023-03-01,Steel Reinforcement Bars,2023-08-01,5,173.95,832.6,87.03291009201398,17.72964343346399,0.0,72463.60094261084,246.02835204503532
O4,H20,0.2,0.016666666666666666,2023-03-01,Steel Reinforcement Bars,2023-09-01,6,140.71,830.1,92.20478251451242,151.94375381238567,0.0,76539.18996529675,2102.1418339943557
O4,H20,0.2,0.016666666666666666,2023-03-01,Steel Reinforcement Bars,2023-10-01,7,162.59,827.4,93.12713477291551,351.3107742833213,0.0,77053.39131111029,4844.575577367
O4,H20,0.2,0.016666666666666666,2023-03-01,Steel Reinforcement Bars,2023-11-01,8,187.13,826.7,91.44625725048788,618.3425772687693,0.0,75598.62086897832,8519.730143801527
O4,H20,0.2,0.016666666666666666,2023-03-01,Steel Reinforcement Bars,2023-12-01,9,122.5,819.7,60.21026408563348,1043.131515027133,0.0,49354.35347099377,14250.915047795683
O4,H20,0.2,0.016666666666666666,2023-03-01,Steel Reinforcement Bars,2024-01-01,10,179.85,833.7,0.0,1502.0167100359845,0.0,0.0,20870.522185950005
O4,H20,0.2,0.016666666666666666,2023-03-01,Steel Reinforcement Bars,2024-02-01,11,60.8,829.6,0.0,2140.1621691304695,0.0,0.0,29591.30892517729
O4,H20,0.2,0.016666666666666666,2023-03-01,Steel Reinforcement Bars,2024-03-01,12,91.23,821.7,0.0,2747.8776282249546,0.0,0.0,37632.184118540754
O4,H20,0.2,0.016666666666666666,2023-04-01,Cement,2023-05-01,1,398.82,117.2,52.875318767430024,0.0,398.82,6196.987359542799,0.0
O4,H20,0.2,0.016666666666666666,2023-04-01,Cement,2023-06-01,2,335.0,116.7,320.6808139275163,0.0,335.0,37423.45098534115,0.0
O4,H20,0.2,0.016666666666666666,2023-04-01,Cement,2023-07-01,3,425.98,115.2,337.5380447462072,0.0,373.10468123257,38884.38275476307,0.0
O4,H20,0.2,0.016666666666666666,2023-04-01,Cement,2023-08-01,4,378.3,114.4,341.93425469494696,0.0,4.743867305053698,39117.27873710194,0.0
O4,H20,0.2,0.016666666666666666,2023-04-01,Cement,2023-09-01,5,446.33,113.5,347.8753634391409,264.76417744115355,0.0,39483.853750342496,500.84556899284877
O4,H20,0.2,0.016666666666666666,2023-04-01,Cement,2023-10-01,6,335.47,113.2,359.9377368825536,982.3226095772541,0.0,40744.95181510507,1853.3153234024194
O4,H20,0.2,0.016666666666666666,2023-04-01,Cement,2023-11-01,7,381.97,112.0,367.5555747686416,2001.2564051524953,0.0,41166.224374087855,3735.6786229513245
O4,H20,0.2,0.016666666666666666,2023-04-01,Cement,2023-12-01,8,467.38,111.7,386.30683985450486,3294.7179376102904,0.0,43150.47401174819,6133.666560517824
O4,H20,0.2,0.016666666666666666,2023-04-01,Cement,2024-01-01,9,434.45,110.6,209.4169301106126,4988.665044836727,0.0,23161.512470233753,9195.772565982366
O4,H20,0.2,0.016666666666666666,2023-04-01,Cement,2024-02-01,10,367.77,110.6,0.0,7135.598991917668,0.0,0.0,13153.287475101568
O4,H20,0.2,0.016666666666666666,2023-04-01,Cement,2024-03-01,11,318.63,110.8,0.0,9541.089869109222,0.0,0.0,17619.21262495503
O4,H20,0.2,0.016666666666666666,2023-04-01,Cement,2024-04-01,12,395.86,110.2,0.0,11869.350746300775,0.0,0.0,21800.040870705758
O4,H20,0.2,0.016666666666666666,2023-04-01,Granite,2023-05-01,1,1844.9,18.3,1481.9050577606804,0.0,1844.9,27118.862557020453,0.0
O4,H20,0.2,0.016666666666666666,2023-04-01,Granite,2023-06-01,2,1659.3,18.5,1510.6137273468885,0.0,1659.3,27946.35395591744,0.0
O4,H20,0.2,0.016666666666666666,2023-04-01,Granite,2023-07-01,3,1674.3,18.5,1523.5316146475693,0.0,192.39494223931956,28185.334870980034,0.0
O4,H20,0.2,0.016666666666666666,2023-04-01,Granite,2023-08-01,4,1755.2,18.5,1495.372034541669,1237.3187851075688,0.0,27664.382639020878,381.50662540816705
O4,H20,0.2,0.016666666666666666,2023-04-01,Granite,2023-09-01,5,1729.4,18.6,1484.1905288550706,4023.9691848627076,0.0,27605.943836704315,1247.4304473074394
O4,H20,0.2,0.016666666666666666,2023-04-01,Granite,2023-10-01,6,1742.2,19.5,1443.4197714358086,8293.191619159516,0.0,28146.685542998268,2695.2872762268426
O4,H20,0.2,0.016666666666666666,2023-04-01,Granite,2023-11-01,7,1621.1,20.3,1459.20100877627,14167.704582311393,0.0,29621.780478158285,4793.406717015355
O4,H20,0.2,0.016666666666666666,2023-04-01,Granite,2023-12-01,8,1531.7,21.2,833.5492746613854,21575.03731689908,0.0,17671.24462282137,7623.179851971008
O4,H20,0.2,0.016666666666666666,2023-04-01,Granite,2024-01-01,9,1664.5,22.3,0.0,30308.77106026304,0.0,0.0,11264.759910731098
O4,H20,0.2,0.016666666666666666,2023-04-01,Granite,2024-02-01,10,1201.2,22.2,0.0,40339.35407828839,0.0,0.0,14925.561008966703
O4,H20,0.2,0.016666666666666666,2023-04-01,Granite,2024-03-01,11,1688.6,22.4,0.0,49882.53709631373,0.0,0.0,18622.813849290458
O4,H20,0.2,0.016666666666666666,2023-04-01,Granite,2024-04-01,12,1470.5,22.3,0.0,59643.820114339076,0.0,0.0,22167.61980916269
O4,H20,0.2,0.016666666666666666,2023-04-01,Ready Mixed Concrete,2023-05-01,1,1041.6,117.6,483.12042960601934,0.0,1041.6,56814.96252166787,0.0
O4,H20,0.2,0.016666666666666666,2023-04-01,Ready Mixed Concrete,2023-06-01,2,1020.3,117.3,891.1070787812457,0.0,1020.3,104526.86034104013,0.0
O4,H20,0.2,0.016666666666666666,2023-04-01,Ready Mixed Concrete,2023-07-01,3,1046.0,116.3,905.358479576664,0.0,562.8795703939807,105293.19117476602,0.0
O4,H20,0.2,0.016666666666666666,2023-04-01,Ready Mixed Concrete,2023-08-01,4,1113.5,116.4,899.5089703728011,260.72750838726506,0.0,104702.84415139405,505.8113662712943
O4,H20,0.2,0.016666666666666666,2023-04-01,Ready Mixed Concrete,2023-09-01,5,1081.8,116.6,903.2693764149872,1458.5134963511944,0.0,105321.2092899875,2834.377894575821
O4,H20,0.2,0.016666666666666666,2023-04-01,Ready Mixed Concrete,2023-10-01,6,1101.2,116.4,918.56030278976,3536.408454687925,0.0,106920.41924472808,6860.632402094575
O4,H20,0.2,0.016666666666666666,2023-04-01,Ready Mixed Concrete,2023-11-01,7,1070.0,115.4,911.9233794860696,6548.772789439642,0.0,105235.95799269243,12595.472998355579
O4,H20,0.2,0.016666666666666666,2023-04-01,Ready Mixed Concrete,2023-12-01,8,1101.6,115.4,909.5360667694162,10448.097426981118,0.0,104960.46210519063,20095.174051227015
O4,H20,0.2,0.016666666666666666,2023-04-01,Ready Mixed Concrete,2024-01-01,9,1071.7,118.1,0.0,15289.245444008662,0.0,0.0,30094.331448957048
O4,H20,0.2,0.016666666666666666,2023-04-01,Ready Mixed Concrete,2024-02-01,10,874.95,118.0,0.0,21236.679527805623,0.0,0.0,41765.469738017724
O4,H20,0.2,0.016666666666666666,2023-04-01,Ready Mixed Concrete,2024-03-01,11,1112.0,118.0,0.0,26947.063611602585,0.0,0.0,52995.89176948508
O4,H20,0.2,0.016666666666666666,2023-04-01,Ready Mixed Concrete,2024-04-01,12,1114.9,119.2,0.0,32654.547695399546,0.0,0.0,64873.7014215271
O4,H20,0.2,0.016666666666666666,2023-04-01,Steel Reinforcement Bars,2023-05-01,1,152.2,922.8,62.5624462097969,0.0,152.2,57732.62536240058,0.0
O4,H20,0.2,0.016666666666666666,2023-04-01,Steel Reinforcement Bars,2023-06-01,2,135.08,885.5,69.4621229710079,0.0,135.08,61508.70989082749,0.0
O4,H20,0.2,0.016666666666666666,2023-04-01,Steel Reinforcement Bars,2023-07-01,3,141.5,859.2,69.58339249768703,0.0,78.9375537902031,59786.0508340127,0.0
O4,H20,0.2,0.016666666666666666,2023-04-01,Steel Reinforcement Bars,2023-08-01,4,173.95,832.6,72.15225094997801,0.0,41.925430819195185,60073.96414095169,0.0
O4,H20,0.2,0.016666666666666666,2023-04-01,Steel Reinforcement Bars,2023-09-01,5,140.71,830.1,73.96690141935855,60.89796167849184,0.0,61399.924868209535,842.5232998219346
O4,H20,0.2,0.016666666666666666,2023-04-01,Steel Reinforcement Bars,2023-10-01,6,162.59,827.4,76.42107731756802,172.06817430696165,0.0,63230.799372555775,2372.820123693001
O4,H20,0.2,0.016666666666666666,2023-04-01,Steel Reinforcement Bars,2023-11-01,7,187.13,826.7,74.76215965046389,332.66528835479005,0.0,61805.877383038496,4583.573231381749
O4,H20,0.2,0.016666666666666666,2023-04-01,Steel Reinforcement Bars,2023-12-01,8,122.5,819.7,80.51455527347105,634.3134797201865,0.0,65997.78095766422,8665.779322110615
O4,H20,0.2,0.016666666666666666,2023-04-01,Steel Reinforcement Bars,2024-01-01,9,179.85,833.7,35.38329416465466,953.3738307360467,0.0,29499.05234507259,13247.12937807737
O4,H20,0.2,0.016666666666666666,2023-04-01,Steel Reinforcement Bars,2024-02-01,10,60.8,829.6,0.0,1471.9987370253782,0.0,0.0,20352.835870604227
O4,H20,0.2,0.016666666666666666,2023-04-01,Steel Reinforcement Bars,2024-03-01,11,91.23,821.7,0.0,1995.576937479364,0.0,0.0,27329.42615877989
O4,H20,0.2,0.016666666666666666,2023-04-01,Steel Reinforcement Bars,2024-04-01,12,111.96,819.4,0.0,2498.42513793335,0.0,0.0,34120.15930037645
O4,H20,0.2,0.016666666666666666,2023-05-01,Cement,2023-06-01,1,335.0,116.7,0.0,0.0,335.0,0.0,0.0
O4,H20,0.2,0.016666666666666666,2023-05-01,Cement,2023-07-01,2,425.98,115.2,329.54593304225375,0.0,425.98,37963.69148646764,0.0
O4,H20,0.2,0.016666666666666666,2023-05-01,Cement,2023-08-01,3,378.3,114.4,341.1468264621396,0.0,378.3,39027.19694726877,0.0
O4,H20,0.2,0.016666666666666666,2023-05-01,Cement,2023-09-01,4,446.33,113.5,339.66619840445003,0.0,116.78406695774623,38552.11351890508,0.0
O4,H20,0.2,0.016666666666666666,2023-05-01,Cement,2023-10-01,5,335.47,113.2,339.0765480038065,335.22275950439325,0.0,38383.4652340309,632.4536062649553
O4,H20,0.2,0.016666666666666666,2023-05-01,Cement,2023-11-01,6,381.97,112.0,345.03062682610744,963.6117174132366,0.0,38643.43020452403,1798.7418725047085
O4,H20,0.2,0.016666666666666666,2023-05-01,Cement,2023-12-01,7,467.38,111.7,335.23023216562126,1845.6672233258864,0.0,37445.21693289989,3436.017147425025
O4,H20,0.2,0.016666666666666666,2023-05-01,Cement,2024-01-01,8,434.45,110.6,338.34758462983825,3105.6833560646437,0.0,37421.242860060105,5724.809653012493
O4,H20,0.2,0.016666666666666666,2023-05-01,Cement,2024-02-01,9,367.77,110.6,229.81898527189773,4767.6097209690215,0.0,25417.97977107189,8788.29391898623
O4,H20,0.2,0.016666666666666666,2023-05-01,Cement,2024-03-01,10,318.63,110.8,0.0,6817.0236705032385,0.0,0.0,12588.77037819598
O4,H20,0.2,0.016666666666666666,2023-05-01,Cement,2024-04-01,11,395.86,110.2,0.0,9019.026605309353,0.0,0.0,16564.945531751513
O4,H20,0.2,0.016666666666666666,2023-05-01,Cement,2024-05-01,12,330.62,110.2,0.0,11286.269540115467,0.0,0.0,20729.115055345406
O4,H20,0.2,0.016666666666666666,2023-05-01,Granite,2023-06-01,1,1659.3,18.5,1523.1115584910335,0.0,1659.3,28177.56383208412,0.0
O4,H20,0.2,0.016666666666666666,2023-05-01,Granite,2023-07-01,2,1674.3,18.5,1475.2299105592656,0.0,1674.3,27291.753345346413,0.0
O4,H20,0.2,0.016666666666666666,2023-05-01,Granite,2023-08-01,3,1755.2,18.5,1483.7981604164934,0.0,232.08844150896653,27450.265967705127,0.0
O4,H20,0.2,0.016666666666666666,2023-05-01,Granite,2023-09-01,4,1729.4,18.6,1449.39651222523,1268.941469050299,0.0,26958.77512738928,393.37185540559267
O4,H20,0.2,0.016666666666666666,2023-05-01,Granite,2023-10-01,5,1742.2,19.5,1408.316153414011,4008.8810985170912,0.0,27462.164991573216,1302.8863570180547
O4,H20,0.2,0.016666666666666666,2023-05-01,Granite,2023-11-01,6,1621.1,20.3,1216.7332977871606,8319.317240209113,0.0,24699.68594507936,2814.7023329374165
O4,H20,0.2,0.016666666666666666,2023-05-01,Granite,2023-12-01,7,1531.7,21.2,662.5243720447656,14127.469535315146,0.0,14045.51668734903,4991.705902478018
O4,H20,0.2,0.016666666666666666,2023-05-01,Granite,2024-01-01,8,1664.5,22.3,1285.4751373639965,21019.55512820834,0.0,28666.095563217124,7812.267989317434
O4,H20,0.2,0.016666666666666666,2023-05-01,Granite,2024-02-01,9,1201.2,22.2,0.0,29037.4650931463,0.0,0.0,10743.862084464132
O4,H20,0.2,0.016666666666666666,2023-05-01,Granite,2024-03-01,10,1688.6,22.4,0.0,37853.45019544826,0.0,0.0,14131.954739634017
O4,H20,0.2,0.016666666666666666,2023-05-01,Granite,2024-04-01,11,1470.5,22.3,0.0,46887.53529775022,0.0,0.0,17426.5339523305
O4,H20,0.2,0.016666666666666666,2023-05-01,Granite,2024-05-01,12,1911.9,22.1,0.0,55480.220400052174,0.0,0.0,20435.21451401922
O4,H20,0.2,0.016666666666666666,2023-05-01,Ready Mixed Concrete,2023-06-01,1,1020.3,117.3,479.70913463888553,0.0,1020.3,56269.88149314127,0.0
O4,H20,0.2,0.016666666666666666,2023-05-01,Ready Mixed Concrete,2023-07-01,2,1046.0,116.3,903.682266181333,0.0,1046.0,105098.24755688902,0.0
O4,H20,0.2,0.016666666666666666,2023-05-01,Ready Mixed Concrete,2023-08-01,3,1113.5,116.4,941.8786364389264,0.0,633.7908653611145,109634.67328149104,0.0
O4,H20,0.2,0.016666666666666666,2023-05-01,Ready Mixed Concrete,2023-09-01,4,1081.8,116.6,935.9214111847508,301.5914008202187,0.0,109128.43654414194,586.092622260625
O4,H20,0.2,0.016666666666666666,2023-05-01,Ready Mixed Concrete,2023-10-01,5,1101.2,116.4,930.1212082401404,1525.6614380793642,0.0,108266.10863915234,2959.783189873967
O4,H20,0.2,0.016666666666666666,2023-05-01,Ready Mixed Concrete,2023-11-01,6,1070.0,115.4,923.2242249666725,3716.85288652326,0.0,106540.07556115401,7148.7470517464035
O4,H20,0.2,0.016666666666666666,2023-05-01,Ready Mixed Concrete,2023-12-01,7,1101.6,115.4,908.7885944091028,6806.565543207296,0.0,104874.20379481047,13091.2943947687
O4,H20,0.2,0.016666666666666666,2023-05-01,Ready Mixed Concrete,2024-01-01,8,1071.7,118.1,904.2848976062368,10849.402424858004,0.0,106796.04640729656,21355.240439595505
O4,H20,0.2,0.016666666666666666,2023-05-01,Ready Mixed Concrete,2024-02-01,9,874.95,118.0,0.0,15997.777900917816,0.0,0.0,31462.296538471703
O4,H20,0.2,0.016666666666666666,2023-05-01,Ready Mixed Concrete,2024-03-01,10,1112.0,118.0,0.0,21813.388274583864,0.0,0.0,42899.6636066816
O4,H20,0.2,0.016666666666666666,2023-05-01,Ready Mixed Concrete,2024-04-01,11,1114.9,119.2,0.0,27626.09864824991,0.0,0.0,54883.849314523155
O4,H20,0.2,0.016666666666666666,2023-05-01,Ready Mixed Concrete,2024-05-01,12,1151.8,120.4,0.0,33401.909021915955,0.0,0.0,67026.49743731135
O4,H20,0.2,0.016666666666666666,2023-05-01,Steel Reinforcement Bars,2023-06-01,1,135.08,885.5,59.80117884323143,0.0,135.08,52953.94386568143,0.0
O4,H20,0.2,0.016666666666666666,2023-05-01,Steel Reinforcement Bars,2023-07-01,2,141.5,859.2,67.73987531558394,0.0,141.5,58202.10087114973,0.0
O4,H20,0.2,0.016666666666666666,2023-05-01,Steel Reinforcement Bars,2023-08-01,3,173.95,832.6,74.14772548326144,0.0,114.14882115676855,61735.39623736348,0.0
O4,H20,0.2,0.016666666666666666,2023-05-01,Steel Reinforcement Bars,2023-09-01,4,140.71,830.1,77.26483858058145,0.0,13.168945841184637,64137.54250574067,0.0
O4,H20,0.2,0.016666666666666666,2023-05-01,Steel Reinforcement Bars,2023-10-01,5,162.59,827.4,71.43197395463001,39.098779642076806,0.0,59102.81525006087,539.1721712642392
O4,H20,0.2,0.016666666666666666,2023-05-01,Steel Reinforcement Bars,2023-11-01,6,187.13,826.7,87.4787255155733,130.9223978647351,0.0,72318.66238372446,1803.8924385796086
O4,H20,0.2,0.016666666666666666,2023-05-01,Steel Reinforcement Bars,2023-12-01,7,122.5,819.7,76.91480863378817,358.8079900420234,0.0,63047.068637116165,4901.915157290777
O4,H20,0.2,0.016666666666666666,2023-05-01,Steel Reinforcement Bars,2024-01-01,8,179.85,833.7,79.51431889727834,616.8223077348849,0.0,66291.08766466095,8570.745965976226
O4,H20,0.2,0.016666666666666666,2023-05-01,Steel Reinforcement Bars,2024-02-01,9,60.8,829.6,0.0,1070.8014340615348,0.0,0.0,14805.614494957486
O4,H20,0.2,0.016666666666666666,2023-05-01,Steel Reinforcement Bars,2024-03-01,10,91.23,821.7,0.0,1573.8648792854628,0.0,0.0,21554.079521814416
O4,H20,0.2,0.016666666666666666,2023-05-01,Steel Reinforcement Bars,2024-04-01,11,111.96,819.4,0.0,2056.198324509391,0.0,0.0,28080.81511838325
O4,H20,0.2,0.016666666666666666,2023-05-01,Steel Reinforcement Bars,2024-05-01,12,160.55,812.5,0.0,2489.9417697333192,0.0,0.0,33717.961465138695
O1,H30,0.3,0.024999999999999998,2022-07-01,Cement,2022-08-01,1,402.46,119.0,381.29974365234375,0.0,402.46,45374.669494628906,0.0
O1,H30,0.3,0.024999999999999998,2022-07-01,Cement,2022-09-01,2,346.61,118.6,372.5072021484375,0.0,346.61,44179.354174804685,0.0
O1,H30,0.3,0.024999999999999998,2022-07-01,Cement,2022-10-01,3,368.78,118.6,0.0,12.519743652343777,0.0,0.0,37.12103992919929
O1,H30,0.3,0.024999999999999998,2022-07-01,Cement,2022-11-01,4,296.3,118.4,0.0,470.026689453125,0.0,0.0,1391.27900078125
O1,H30,0.3,0.024999999999999998,2022-07-01,Cement,2022-12-01,5,375.31,118.3,265.5937736002604,848.5236352539064,0.0,31419.743416910806,2509.508651263428
O1,H30,0.3,0.024999999999999998,2022-07-01,Cement,2023-01-01,6,440.73,118.5,349.6237487792969,1161.6005810546876,0.0,41430.41423034668,3441.241721374512
O1,H30,0.3,0.024999999999999998,2022-07-01,Cement,2023-02-01,7,282.49,118.4,87.1346453857422,1898.5113004557295,0.0,10316.742013671877,5619.593449348959
O1,H30,0.3,0.024999999999999998,2022-07-01,Cement,2023-03-01,8,427.87,118.2,6.209340413411496,2839.665768636068,0.0,733.9440368652389,8391.21234631958
O1,H30,0.3,0.024999999999999998,2022-07-01,Cement,2023-04-01,9,315.7,118.0,271.80311401367186,3980.124882202149,0.0,32072.76745361328,11741.368402496339
O1,H30,0.3,0.024999999999999998,2022-07-01,Cement,2023-05-01,10,398.82,117.2,355.8330891927083,5043.673336181641,0.0,41703.63805338542,14777.962875012208
O1,H30,0.3,0.024999999999999998,2022-07-01,Cement,2023-06-01,11,335.0,116.7,93.3439857991537,6442.844904174805,0.0,10893.243142761237,18797.000007929993
O1,H30,0.3,0.024999999999999998,2022-07-01,Cement,2023-07-01,12,425.98,115.2,12.418680826822992,8106.869561360678,0.0,1430.6320312500088,23347.784336718752
O1,H30,0.3,0.024999999999999998,2022-07-01,Granite,2022-08-01,1,1491.5,20.5,1639.560517883736,0.0,1491.5,33610.99061661659,0.0
O1,H30,0.3,0.024999999999999998,2022-07-01,Granite,2022-09-01,2,1550.1,20.8,1645.9296598792216,0.0,1550.1,34235.33692548781,0.0
O1,H30,0.3,0.024999999999999998,2022-07-01,Granite,2022-10-01,3,1554.5,20.4,12.738283990971013,85.06051788373611,0.0,259.86099341580865,43.38086412070541
O1,H30,0.3,0.024999999999999998,2022-07-01,Granite,2022-11-01,4,1531.9,20.5,0.0,1838.6506956466933,0.0,0.0,942.3084815189302
O1,H30,0.3,0.024999999999999998,2022-07-01,Granite,2022-12-01,5,1692.1,19.3,1449.3451643451313,3444.779157400622,0.0,27972.361671861036,1662.1059434458
O1,H30,0.3,0.024999999999999998,2022-07-01,Granite,2023-01-01,6,1309.6,19.0,1665.6110382112363,5433.40761915455,0.0,31646.60972601349,2580.8686190984113
O1,H30,0.3,0.024999999999999998,2022-07-01,Granite,2023-02-01,7,1455.1,18.5,227.8793335840155,8725.88124525361,0.0,4215.767671304287,4035.720075929794
O1,H30,0.3,0.024999999999999998,2022-07-01,Granite,2023-03-01,8,1561.4,18.3,23.22691943582072,13577.665909563906,0.0,425.05262567551915,6211.782153625487
O1,H30,0.3,0.024999999999999998,2022-07-01,Granite,2023-04-01,9,1395.2,18.6,1368.3610455697155,18823.529907458218,0.0,25451.51544759671,8752.941406968072
O1,H30,0.3,0.024999999999999998,2022-07-01,Granite,2023-05-01,10,1844.9,18.3,1688.837957647057,23642.92082478835,0.0,30905.734624941146,10816.636277340669
O1,H30,0.3,0.024999999999999998,2022-07-01,Granite,2023-06-01,11,1659.3,18.5,355.31729123107266,30016.272787688198,0.0,6573.369887774844,13882.526164305791
O1,H30,0.3,0.024999999999999998,2022-07-01,Granite,2023-07-01,12,1674.3,18.5,46.45383887164144,38063.4627082351,0.0,859.3960191253666,17604.351502558733
O1,H30,0.3,0.024999999999999998,2022-07-01,Ready Mixed Concrete,2022-08-01,1,982.6,118.3,992.7471923828124,0.0,982.6,117441.9928588867,0.0
O1,H30,0.3,0.024999999999999998,2022-07-01,Ready Mixed Concrete,2022-09-01,2,993.4,118.6,1010.033203125,0.0,993.4,119789.93789062499,0.0
O1,H30,0.3,0.024999999999999998,2022-07-01,Ready Mixed Concrete,2022-10-01,3,930.7,118.5,34.572021484375114,62.04719238281234,0.0,4096.784545898451,183.81480743408156
O1,H30,0.3,0.024999999999999998,2022-07-01,Ready Mixed Concrete,2022-11-01,4,959.9,118.2,0.0,1104.9275878906246,0.0,0.0,3265.061022216795
O1,H30,0.3,0.024999999999999998,2022-07-01,Ready Mixed Concrete,2022-12-01,5,992.6,118.0,877.5457600911459,2149.680004882812,0.0,103550.39969075522,6341.556014404296
O1,H30,0.3,0.024999999999999998,2022-07-01,Ready Mixed Concrete,2023-01-01,6,808.1,117.6,1022.7876586914062,3378.9324218749994,0.0,120279.82866210937,9934.061320312496
O1,H30,0.3,0.024999999999999998,2022-07-01,Ready Mixed Concrete,2023-02-01,7,897.3,118.1,144.89826049804685,5396.530598958333,0.0,17112.484564819333,15933.256593424476
O1,H30,0.3,0.024999999999999998,2022-07-01,Ready Mixed Concrete,2023-03-01,8,1070.7,116.8,0.0,8263.516434733072,0.0,0.0,24129.467989420566
O1,H30,0.3,0.024999999999999998,2022-07-01,Ready Mixed Concrete,2023-04-01,9,918.4,117.2,876.8584838867188,11427.70053100586,0.0,102767.81431152344,33483.162555847164
O1,H30,0.3,0.024999999999999998,2022-07-01,Ready Mixed Concrete,2023-05-01,10,1041.6,117.6,1021.413106282552,14468.684627278646,0.0,120118.18129882812,42537.93280419921
O1,H30,0.3,0.024999999999999998,2022-07-01,Ready Mixed Concrete,2023-06-01,11,1020.3,117.3,144.21098429361973,18407.827207438153,0.0,16915.948457641593,53980.95328581238
O1,H30,0.3,0.024999999999999998,2022-07-01,Ready Mixed Concrete,2023-07-01,12,1046.0,116.3,0.0,23342.68289388021,0.0,0.0,67868.8505139567
O1,H30,0.3,0.024999999999999998,2022-07-01,Steel Reinforcement Bars,2022-08-01,1,102.45,1106.3,74.30752563476562,0.0,102.45,82206.4156097412,0.0
O1,H30,0.3,0.024999999999999998,2022-07-01,Steel Reinforcement Bars,2022-09-01,2,174.43,1072.6,75.21612167358398,0.0,174.43,80676.81210708618,0.0
O1,H30,0.3,0.024999999999999998,2022-07-01,Steel Reinforcement Bars,2022-10-01,3,108.27,1040.5,1.8171920776367188,0.0,33.96247436523437,1890.7883567810059,0.0
O1,H30,0.3,0.024999999999999998,2022-07-01,Steel Reinforcement Bars,2022-11-01,4,51.21,1004.5,0.0,98.3136473083496,0.0,0.0,2468.901468030929
O1,H30,0.3,0.024999999999999998,2022-07-01,Steel Reinforcement Bars,2022-12-01,5,70.5,952.3,44.25200108846028,179.15448669433593,0.0,42141.180636540725,4265.2204419754025
O1,H30,0.3,0.024999999999999998,2022-07-01,Steel Reinforcement Bars,2023-01-01,6,79.16,922.6,67.05061340332031,251.33532608032223,0.0,61860.89592590332,5797.049296042632
O1,H30,0.3,0.024999999999999998,2022-07-01,Steel Reinforcement Bars,2023-02-01,7,100.49,942.1,27.018232065836592,346.4381665547688,0.0,25453.876429224656,8159.484917781192
O1,H30,0.3,0.024999999999999998,2022-07-01,Steel Reinforcement Bars,2023-03-01,8,57.1,946.6,8.439239501953125,551.9816204325357,0.0,7988.584112548829,13062.645047535956
O1,H30,0.3,0.024999999999999998,2022-07-01,Steel Reinforcement Bars,2023-04-01,9,67.2,940.1,42.7406271870931,774.4433063761392,0.0,40180.46361858622,18201.35380810521
O1,H30,0.3,0.024999999999999998,2022-07-01,Steel Reinforcement Bars,2023-05-01,10,152.2,922.8,75.48985290527342,920.3442318216958,0.0,69662.03626098631,21232.341428126518
O1,H30,0.3,0.024999999999999998,2022-07-01,Steel Reinforcement Bars,2023-06-01,11,135.08,885.5,45.408084971110014,1126.1057844543454,0.0,40208.85924191792,24929.16680335807
O1,H30,0.3,0.024999999999999998,2022-07-01,Steel Reinforcement Bars,2023-07-01,12,141.5,859.2,16.87847900390625,1400.9371899922685,0.0,14501.98916015625,30092.130841033926
O1,H30,0.3,0.024999999999999998,2022-08-01,Cement,2022-09-01,1,346.61,118.6,343.8117370605469,0.0,346.61,40776.07201538086,0.0
O1,H30,0.3,0.024999999999999998,2022-08-01,Cement,2022-10-01,2,368.78,118.6,352.2923278808594,0.0,368.78,41781.87008666992,0.0
O1,H30,0.3,0.024999999999999998,2022-08-01,Cement,2022-11-01,3,296.3,118.4,16.961181640625,47.511737060546864,0.0,2008.20390625,140.63474169921872
O1,H30,0.3,0.024999999999999998,2022-08-01,Cement,2022-12-01,4,375.31,118.3,0.0,368.30580200195317,0.0,0.0,1089.2644094207762
O1,H30,0.3,0.024999999999999998,2022-08-01,Cement,2023-01-01,5,440.73,118.5,303.5099532063802,640.6410485839845,0.0,35965.92945495605,1897.899106430054
O1,H30,0.3,0.024999999999999998,2022-08-01,Cement,2023-02-01,6,282.49,118.4,337.06134033203125,1071.2162951660157,0.0,39908.0626953125,3170.8002336914064
O1,H30,0.3,0.024999999999999998,2022-08-01,Cement,2023-03-01,7,427.87,118.2,29.617793375651047,1659.9214949544275,0.0,3500.823177001954,4905.068017590333
O1,H30,0.3,0.024999999999999998,2022-08-01,Cement,2023-04-01,8,315.7,118.0,0.0,2697.8580350748707,0.0,0.0,7958.681203470868
O1,H30,0.3,0.024999999999999998,2022-08-01,Cement,2023-05-01,9,398.82,117.2,274.28142537434894,3682.2923685709643,0.0,32145.783053873696,10789.116639912925
O1,H30,0.3,0.024999999999999998,2022-08-01,Cement,2023-06-01,10,335.0,116.7,321.32696533203125,4730.5467020670585,0.0,37498.85685424805,13801.370003280643
O1,H30,0.3,0.024999999999999998,2022-08-01,Cement,2023-07-01,11,425.98,115.2,43.11194620768231,5962.102460937502,0.0,4966.4962031250025,17170.855087500004
O1,H30,0.3,0.024999999999999998,2022-08-01,Cement,2023-08-01,12,378.3,114.4,0.0,7562.665185139976,0.0,0.0,21629.22242950033
O1,H30,0.3,0.024999999999999998,2022-08-01,Granite,2022-09-01,1,1550.1,20.8,1678.8336149886825,0.0,1550.1,34919.739191764595,0.0
O1,H30,0.3,0.024999999999999998,2022-08-01,Granite,2022-10-01,2,1554.5,20.4,1681.7070837957572,0.0,1554.5,34306.82450943344,0.0
O1,H30,0.3,0.024999999999999998,2022-08-01,Granite,2022-11-01,3,1531.9,20.5,5.746937614149147,146.9336149886824,0.0,117.8122210900575,75.30347768169972
O1,H30,0.3,0.024999999999999998,2022-08-01,Granite,2022-12-01,4,1692.1,19.3,0.0,1815.3743137731221,0.0,0.0,875.9181063955314
O1,H30,0.3,0.024999999999999998,2022-08-01,Granite,2023-01-01,5,1309.6,19.0,1410.228975353399,3872.0619501717106,0.0,26794.35053171458,1839.2294263315625
O1,H30,0.3,0.024999999999999998,2022-08-01,Granite,2023-02-01,6,1455.1,18.5,1486.4846413265657,5783.249586570299,0.0,27499.965864541464,2674.7529337887627
O1,H30,0.3,0.024999999999999998,2022-08-01,Granite,2023-03-01,7,1561.4,18.3,105.6198359649527,8998.366198322286,0.0,1932.8429981586344,4116.752535732446
O1,H30,0.3,0.024999999999999998,2022-08-01,Granite,2023-04-01,8,1395.2,18.6,58.728339983571686,13866.16745140084,0.0,1092.3471236944335,6447.767864901391
O1,H30,0.3,0.024999999999999998,2022-08-01,Granite,2023-05-01,9,1844.9,18.3,1377.672674010405,18389.888540444343,0.0,25211.409934390413,8413.374007253286
O1,H30,0.3,0.024999999999999998,2022-08-01,Granite,2023-06-01,10,1659.3,18.5,1545.2129813101376,23157.93796947142,0.0,28586.440154237545,10710.54631088053
O1,H30,0.3,0.024999999999999998,2022-08-01,Granite,2023-07-01,11,1674.3,18.5,255.63281727509,29288.6600725089,0.0,4729.207119589165,13546.005283535365
O1,H30,0.3,0.024999999999999998,2022-08-01,Granite,2023-08-01,12,1755.2,18.5,117.45667996714336,36883.69515685653,0.0,2172.948579392152,17058.709010046143
O1,H30,0.3,0.024999999999999998,2022-08-01,Ready Mixed Concrete,2022-09-01,1,993.4,118.6,983.824951171875,0.0,993.4,116681.63920898437,0.0
O1,H30,0.3,0.024999999999999998,2022-08-01,Ready Mixed Concrete,2022-10-01,2,930.7,118.5,998.2011108398438,0.0,930.7,118286.83163452148,0.0
O1,H30,0.3,0.024999999999999998,2022-08-01,Ready Mixed Concrete,2022-11-01,3,959.9,118.2,28.752319335937383,23.924951171875023,0.0,3398.524145507799,70.69823071289068
O1,H30,0.3,0.024999999999999998,2022-08-01,Ready Mixed Concrete,2022-12-01,4,992.6,118.0,0.0,1013.3510131835936,0.0,0.0,2989.3854888916007
O1,H30,0.3,0.024999999999999998,2022-08-01,Ready Mixed Concrete,2023-01-01,5,808.1,117.6,927.8465372721356,2216.0293945312496,0.0,109114.75278320315,6515.126419921873
O1,H30,0.3,0.024999999999999998,2022-08-01,Ready Mixed Concrete,2023-02-01,6,897.3,118.1,972.8987426757812,3329.5077758789057,0.0,114899.34151000976,9830.371708282468
O1,H30,0.3,0.024999999999999998,2022-08-01,Ready Mixed Concrete,2023-03-01,7,1070.7,116.8,49.14275105794263,5197.432694498698,0.0,5739.873323567699,15176.503467936194
O1,H30,0.3,0.024999999999999998,2022-08-01,Ready Mixed Concrete,2023-04-01,8,918.4,117.2,8.18109130859375,8190.556355794271,0.0,958.8239013671875,23998.33012247721
O1,H30,0.3,0.024999999999999998,2022-08-01,Ready Mixed Concrete,2023-05-01,9,1041.6,117.6,881.528885904948,11109.622768147787,0.0,103667.79698242187,32662.290938354487
O1,H30,0.3,0.024999999999999998,2022-08-01,Ready Mixed Concrete,2023-06-01,10,1020.3,117.3,981.0798339843748,14058.170271809897,0.0,115080.66452636715,41225.58432208252
O1,H30,0.3,0.024999999999999998,2022-08-01,Ready Mixed Concrete,2023-07-01,11,1046.0,116.3,111.82258504231754,17862.546661376953,0.0,13004.96664042153,51935.35441795349
O1,H30,0.3,0.024999999999999998,2022-08-01,Ready Mixed Concrete,2023-08-01,12,1113.5,116.4,16.3621826171875,22580.502884928384,0.0,1904.5580566406252,65709.26339514159
O1,H30,0.3,0.024999999999999998,2022-08-01,Steel Reinforcement Bars,2022-09-01,1,174.43,1072.6,78.36917114257812,0.0,174.43,84058.7729675293,0.0
O1,H30,0.3,0.024999999999999998,2022-08-01,Steel Reinforcement Bars,2022-10-01,2,108.27,1040.5,77.11912536621094,0.0,108.27,80242.44994354248,0.0
O1,H30,0.3,0.024999999999999998,2022-08-01,Steel Reinforcement Bars,2022-11-01,3,51.21,1004.5,0.0,27.159171142578124,0.0,0.0,682.0346853179931
O1,H30,0.3,0.024999999999999998,2022-08-01,Steel Reinforcement Bars,2022-12-01,4,70.5,952.3,0.0,112.14746765136718,0.0,0.0,2669.950836109924
O1,H30,0.3,0.024999999999999998,2022-08-01,Steel Reinforcement Bars,2023-01-01,5,79.16,922.6,36.27255594889324,188.47576416015622,0.0,33465.060118448906,4347.193500354003
O1,H30,0.3,0.024999999999999998,2022-08-01,Steel Reinforcement Bars,2023-02-01,6,100.49,942.1,67.14173889160156,243.4740606689453,0.0,63254.23220977783,5734.422813905334
O1,H30,0.3,0.024999999999999998,2022-08-01,Steel Reinforcement Bars,2023-03-01,7,57.1,946.6,32.32062438964843,378.13491312662757,0.0,30594.703047241204,8948.56271914164
O1,H30,0.3,0.024999999999999998,2022-08-01,Steel Reinforcement Bars,2023-04-01,8,67.2,940.1,2.902882893880204,569.8375044759114,0.0,2729.00020853678,13392.605948945105
O1,H30,0.3,0.024999999999999998,2022-08-01,Steel Reinforcement Bars,2023-05-01,9,152.2,922.8,39.175438842773445,708.8607202148437,0.0,36151.09496411133,16353.416815356442
O1,H30,0.3,0.024999999999999998,2022-08-01,Steel Reinforcement Bars,2023-06-01,10,135.08,885.5,70.04462178548178,867.9068188476562,0.0,62024.51259104411,19213.287202239986
O1,H30,0.3,0.024999999999999998,2022-08-01,Steel Reinforcement Bars,2023-07-01,11,141.5,859.2,35.22350728352863,1059.708356323242,0.0,30264.037458007802,22762.535493823238
O1,H30,0.3,0.024999999999999998,2022-08-01,Steel Reinforcement Bars,2023-08-01,12,173.95,832.6,5.805765787760407,1289.1045155843096,0.0,4833.880594889315,26832.710491887403
O1,H30,0.3,0.024999999999999998,2022-09-01,Cement,2022-10-01,1,368.78,118.6,360.6171875,0.0,368.78,42769.198437499996,0.0
O1,H30,0.3,0.024999999999999998,2022-09-01,Cement,2022-11-01,2,296.3,118.4,361.7671661376953,0.0,296.3,42833.23247070313,0.0
O1,H30,0.3,0.024999999999999998,2022-09-01,Cement,2022-12-01,3,375.31,118.3,2.299957275390625,0.0,14.692812500000002,272.08494567871094,0.0
O1,H30,0.3,0.024999999999999998,2022-09-01,Cement,2023-01-01,4,440.73,118.5,0.0,281.6543536376953,0.0,0.0,834.4010226516723
O1,H30,0.3,0.024999999999999998,2022-09-01,Cement,2023-02-01,5,282.49,118.4,333.77699788411456,723.8486645507812,0.0,39519.196549479166,2142.592047070312
O1,H30,0.3,0.024999999999999998,2022-09-01,Cement,2023-03-01,6,427.87,118.2,322.6568603515625,1020.6629754638672,0.0,38138.04089355469,3016.059092495727
O1,H30,0.3,0.024999999999999998,2022-09-01,Cement,2023-04-01,7,315.7,118.0,2.486053466796875,1763.4242842610677,0.0,293.35430908203125,5202.10163857015
O1,H30,0.3,0.024999999999999998,2022-09-01,Cement,2023-05-01,8,398.82,117.2,9.13538411458336,2745.7224534098305,0.0,1070.6670182291698,8044.966788490802
O1,H30,0.3,0.024999999999999998,2022-09-01,Cement,2023-06-01,9,335.0,116.7,360.9893798828125,3794.32667602539,0.0,42127.46063232422,11069.948077304076
O1,H30,0.3,0.024999999999999998,2022-09-01,Cement,2023-07-01,10,425.98,115.2,367.94624023437495,4761.086282755534,0.0,42387.40687499999,13711.928494335936
O1,H30,0.3,0.024999999999999998,2022-09-01,Cement,2023-08-01,11,378.3,114.4,29.69843546549481,6136.5152693684895,0.0,3397.5010172526063,17550.43367039388
O1,H30,0.3,0.024999999999999998,2022-09-01,Cement,2023-09-01,12,446.33,113.5,36.347766113281295,7811.860496215821,0.0,4125.471453857427,22166.15415801239
O1,H30,0.3,0.024999999999999998,2022-09-01,Granite,2022-10-01,1,1554.5,20.4,1622.3443702513398,0.0,1554.5,33095.82515312733,0.0
O1,H30,0.3,0.024999999999999998,2022-09-01,Granite,2022-11-01,2,1531.9,20.5,1651.2009137510045,0.0,1531.9,33849.61873189559,0.0
O1,H30,0.3,0.024999999999999998,2022-09-01,Granite,2022-12-01,3,1692.1,19.3,57.71308699932956,0.0,69.75562974866011,1113.8625790870606,0.0
O1,H30,0.3,0.024999999999999998,2022-09-01,Granite,2023-01-01,4,1309.6,19.0,11.47793459050058,1963.9452840023446,0.0,218.080757219511,932.8740099011136
O1,H30,0.3,0.024999999999999998,2022-09-01,Granite,2023-02-01,5,1455.1,18.5,1245.9862386820064,3840.1036550040194,0.0,23050.74541561712,1776.0479404393589
O1,H30,0.3,0.024999999999999998,2022-09-01,Granite,2023-03-01,6,1561.4,18.3,1616.4436959326756,5621.4399605961935,0.0,29580.919635567963,2571.8087819727584
O1,H30,0.3,0.024999999999999998,2022-09-01,Granite,2023-04-01,7,1395.2,18.6,379.2714133848449,8814.962504870375,0.0,7054.448288958116,4098.957564764724
O1,H30,0.3,0.024999999999999998,2022-09-01,Granite,2023-05-01,8,1844.9,18.3,6.149977677850757,13175.228745077233,0.0,112.54459150466886,6027.667150872833
O1,H30,0.3,0.024999999999999998,2022-09-01,Granite,2023-06-01,9,1659.3,18.5,1240.6582817693566,18100.366398668935,0.0,22952.178212733095,8371.419459384382
O1,H30,0.3,0.024999999999999998,2022-09-01,Granite,2023-07-01,10,1674.3,18.5,1611.1157390200256,23016.65402993849,0.0,29805.641171870473,10645.202488846551
O1,H30,0.3,0.024999999999999998,2022-09-01,Granite,2023-08-01,11,1755.2,18.5,373.9434564721949,29092.699942977397,0.0,6917.953944735606,13455.373723627044
O1,H30,0.3,0.024999999999999998,2022-09-01,Granite,2023-09-01,12,1729.4,18.6,0.8220207652009321,36805.66159503633,0.0,15.289586232737339,17114.632641691893
O1,H30,0.3,0.024999999999999998,2022-09-01,Ready Mixed Concrete,2022-10-01,1,930.7,118.5,1029.2982177734375,0.0,930.7,121971.83880615234,0.0
O1,H30,0.3,0.024999999999999998,2022-09-01,Ready Mixed Concrete,2022-11-01,2,959.9,118.2,1025.5994873046875,0.0,959.9,121225.85939941407,0.0
O1,H30,0.3,0.024999999999999998,2022-09-01,Ready Mixed Concrete,2022-12-01,3,992.6,118.0,0.0,36.69821777343748,0.0,0.0,108.25974243164055
O1,H30,0.3,0.024999999999999998,2022-09-01,Ready Mixed Concrete,2023-01-01,4,808.1,117.6,0.0,1283.4959228515627,0.0,0.0,3773.4780131835937
O1,H30,0.3,0.024999999999999998,2022-09-01,Ready Mixed Concrete,2023-02-01,5,897.3,118.1,758.4921142578125,2441.0936279296875,0.0,89577.91869384766,7207.3289364624015
O1,H30,0.3,0.024999999999999998,2022-09-01,Ready Mixed Concrete,2023-03-01,6,1070.7,116.8,1008.0843505859376,3425.2913330078127,0.0,117744.25214843752,10001.850692382812
O1,H30,0.3,0.024999999999999998,2022-09-01,Ready Mixed Concrete,2023-04-01,7,918.4,117.2,251.03813883463545,5320.28115234375,0.0,29421.669871419275,15588.423776367186
O1,H30,0.3,0.024999999999999998,2022-09-01,Ready Mixed Concrete,2023-05-01,8,1041.6,117.6,2.891805013020757,8100.155322265624,0.0,340.076269531241,23814.45664746093
O1,H30,0.3,0.024999999999999998,2022-09-01,Ready Mixed Concrete,2023-06-01,9,1020.3,117.3,761.3839192708333,11152.367631022134,0.0,89310.33373046874,32704.318077972406
O1,H30,0.3,0.024999999999999998,2022-09-01,Ready Mixed Concrete,2023-07-01,10,1046.0,116.3,1010.9761555989584,14181.771744791666,0.0,117576.52689615886,41233.501347981764
O1,H30,0.3,0.024999999999999998,2022-09-01,Ready Mixed Concrete,2023-08-01,11,1113.5,116.4,253.92994384765632,17905.05977783203,0.0,29557.445463867196,52103.7239534912
O1,H30,0.3,0.024999999999999998,2022-09-01,Ready Mixed Concrete,2023-09-01,12,1081.8,116.6,5.783610026041515,22671.02396647135,0.0,674.3689290364406,66086.03486226399
O1,H30,0.3,0.024999999999999998,2022-09-01,Steel Reinforcement Bars,2022-10-01,1,108.27,1040.5,95.82665252685548,0.0,108.27,99707.63195419313,0.0
O1,H30,0.3,0.024999999999999998,2022-09-01,Steel Reinforcement Bars,2022-11-01,2,51.21,1004.5,85.01240921020508,0.0,51.21,85394.965051651,0.0
O1,H30,0.3,0.024999999999999998,2022-09-01,Steel Reinforcement Bars,2022-12-01,3,70.5,952.3,0.0,25.326652526855483,0.0,0.0,602.9642800331119
O1,H30,0.3,0.024999999999999998,2022-09-01,Steel Reinforcement Bars,2023-01-01,4,79.16,922.6,0.0,127.00571426391602,0.0,0.0,2929.386799497223
O1,H30,0.3,0.024999999999999998,2022-09-01,Steel Reinforcement Bars,2023-02-01,5,100.49,942.1,46.07542434692381,207.35477600097659,0.0,43407.657277236925,4883.723361763001
O1,H30,0.3,0.024999999999999998,2022-09-01,Steel Reinforcement Bars,2023-03-01,6,57.1,946.6,78.78264617919922,331.0938377380371,0.0,74575.65287322998,7835.335670070648
O1,H30,0.3,0.024999999999999998,2022-09-01,Steel Reinforcement Bars,2023-04-01,7,67.2,940.1,33.95130269368491,490.80832382202146,0.0,31917.619662333185,11535.222630627059
O1,H30,0.3,0.024999999999999998,2022-09-01,Steel Reinforcement Bars,2023-05-01,8,152.2,922.8,2.488161722819015,644.3054560852049,0.0,2296.075637817387,14864.126871885675
O1,H30,0.3,0.024999999999999998,2022-09-01,Steel Reinforcement Bars,2023-06-01,9,135.08,885.5,48.563586069742826,848.8738910420733,0.0,43003.05546475727,18791.9457629439
O1,H30,0.3,0.024999999999999998,2022-09-01,Steel Reinforcement Bars,2023-07-01,10,141.5,859.2,81.27080790201822,1049.510487721761,0.0,69827.87814941406,22543.485276263425
O1,H30,0.3,0.024999999999999998,2022-09-01,Steel Reinforcement Bars,2023-08-01,11,173.95,832.6,36.43946441650392,1266.2606704711911,0.0,30339.498073181163,26357.21585585784
O1,H30,0.3,0.024999999999999998,2022-09-01,Steel Reinforcement Bars,2023-09-01,12,140.71,830.1,4.97632344563803,1597.5216611226397,0.0,4130.846092224129,33152.56827244758
O1,H30,0.3,0.024999999999999998,2022-10-01,Cement,2022-11-01,1,296.3,118.4,367.7618408203125,0.0,296.3,43543.001953125,0.0
O1,H30,0.3,0.024999999999999998,2022-10-01,Cement,2022-12-01,2,375.31,118.3,364.2867126464844,0.0,375.31,43095.1181060791,0.0
O1,H30,0.3,0.024999999999999998,2022-10-01,Cement,2023-01-01,3,440.73,118.5,0.0,0.0,72.96815917968752,0.0,0.0
O1,H30,0.3,0.024999999999999998,2022-10-01,Cement,2023-02-01,4,282.49,118.4,0.0,449.55855346679687,0.0,0.0,1330.6933182617188
O1,H30,0.3,0.024999999999999998,2022-10-01,Cement,2023-03-01,5,427.87,118.2,260.9990026855469,753.7371069335937,0.0,30850.08211743164,2227.2931509887694
O1,H30,0.3,0.024999999999999998,2022-10-01,Cement,2023-04-01,6,315.7,118.0,333.78778076171875,1170.0856604003905,0.0,39386.95812988281,3451.7526981811516
O1,H30,0.3,0.024999999999999998,2022-10-01,Cement,2023-05-01,7,398.82,117.2,80.27908365885418,1764.3132165527343,0.0,9408.70860481771,5169.437724499511
O1,H30,0.3,0.024999999999999998,2022-10-01,Cement,2023-06-01,8,335.0,116.7,14.980611165364564,2756.148553466797,0.0,1748.2373229980446,8041.06340473938
O1,H30,0.3,0.024999999999999998,2022-10-01,Cement,2023-07-01,9,425.98,115.2,275.97961385091145,3737.2829740397133,0.0,31792.851515625,10763.374965234374
O1,H30,0.3,0.024999999999999998,2022-10-01,Cement,2023-08-01,10,378.3,114.4,348.76839192708337,4781.078005777995,0.0,39899.10403645834,13673.883096525065
O1,H30,0.3,0.024999999999999998,2022-10-01,Cement,2023-09-01,11,446.33,113.5,95.25969482421874,6032.822651367187,0.0,10811.975362548827,17118.134273254393
O1,H30,0.3,0.024999999999999998,2022-10-01,Cement,2023-10-01,12,335.47,113.2,29.96122233072913,7744.195688883463,0.0,3391.6103678385375,21916.073799540198
O1,H30,0.3,0.024999999999999998,2022-10-01,Granite,2022-11-01,1,1531.9,20.5,1529.9490702208238,0.0,1531.9,31363.955939526888,0.0
O1,H30,0.3,0.024999999999999998,2022-10-01,Granite,2022-12-01,2,1692.1,19.3,1498.675698173989,0.0,1692.1,28924.44097475799,0.0
O1,H30,0.3,0.024999999999999998,2022-10-01,Granite,2023-01-01,3,1309.6,19.0,0.0,220.34907022082393,0.0,0.0,104.66580835489137
O1,H30,0.3,0.024999999999999998,2022-10-01,Granite,2023-02-01,4,1455.1,18.5,0.0,1793.873838615637,0.0,0.0,829.666650359732
O1,H30,0.3,0.024999999999999998,2022-10-01,Granite,2023-03-01,5,1561.4,18.3,1321.95298456395,3261.0986070104495,0.0,24191.739617520285,1491.9526127072807
O1,H30,0.3,0.024999999999999998,2022-10-01,Granite,2023-04-01,6,1395.2,18.6,1645.1154663745674,4894.523375405263,0.0,30599.147674566957,2275.9533695634477
O1,H30,0.3,0.024999999999999998,2022-10-01,Granite,2023-05-01,7,1844.9,18.3,323.8011098394843,7400.201128364026,0.0,5925.560310062563,3385.5920162265415
O1,H30,0.3,0.024999999999999998,2022-10-01,Granite,2023-06-01,8,1659.3,18.5,1.2772560577338936,11736.594347697357,0.0,23.629237068077032,5428.174885810027
O1,H30,0.3,0.024999999999999998,2022-10-01,Granite,2023-07-01,9,1674.3,18.5,1323.2302406216838,16381.788676870172,0.0,24479.75945150115,7576.577263052454
O1,H30,0.3,0.024999999999999998,2022-10-01,Granite,2023-08-01,10,1755.2,18.5,1646.392722432301,20947.36026210072,0.0,30458.26536499757,9688.154121221582
O1,H30,0.3,0.024999999999999998,2022-10-01,Granite,2023-09-01,11,1729.4,18.6,325.0783658972182,26861.96208795295,0.0,6046.457605688259,12490.812370898122
O1,H30,0.3,0.024999999999999998,2022-10-01,Granite,2023-10-01,12,1742.2,19.5,2.5545121154677872,34410.15663623749,0.0,49.81298625162185,16774.95136016577
O1,H30,0.3,0.024999999999999998,2022-10-01,Ready Mixed Concrete,2022-11-01,1,959.9,118.2,1007.7864990234376,0.0,959.9,119120.36418457032,0.0
O1,H30,0.3,0.024999999999999998,2022-10-01,Ready Mixed Concrete,2022-12-01,2,992.6,118.0,1001.8561401367188,0.0,992.6,118219.02453613281,0.0
O1,H30,0.3,0.024999999999999998,2022-10-01,Ready Mixed Concrete,2023-01-01,3,808.1,117.6,0.0,199.6864990234376,0.0,0.0,587.0783071289064
O1,H30,0.3,0.024999999999999998,2022-10-01,Ready Mixed Concrete,2023-02-01,4,897.3,118.1,0.0,1312.029138183594,0.0,0.0,3873.7660304870606
O1,H30,0.3,0.024999999999999998,2022-10-01,Ready Mixed Concrete,2023-03-01,5,1070.7,116.8,695.8506632486977,2250.9717773437505,0.0,81275.35746744789,6572.837589843751
O1,H30,0.3,0.024999999999999998,2022-10-01,Ready Mixed Concrete,2023-04-01,6,918.4,117.2,1002.1770629882812,3342.2144165039067,0.0,117455.15178222656,9792.688240356445
O1,H30,0.3,0.024999999999999998,2022-10-01,Ready Mixed Concrete,2023-05-01,7,1041.6,117.6,308.8036946614585,5006.107718912761,0.0,36315.31449218752,14717.956693603515
O1,H30,0.3,0.024999999999999998,2022-10-01,Ready Mixed Concrete,2023-06-01,8,1020.3,117.3,4.95458984375,7693.478084309895,0.0,581.1733886718749,22561.124482238763
O1,H30,0.3,0.024999999999999998,2022-10-01,Ready Mixed Concrete,2023-07-01,9,1046.0,116.3,700.8052530924477,10663.95214436849,0.0,81503.65093465167,31005.440859751383
O1,H30,0.3,0.024999999999999998,2022-10-01,Ready Mixed Concrete,2023-08-01,10,1113.5,116.4,1007.1316528320312,13571.880794270834,0.0,117230.12438964844,39494.17311132812
O1,H30,0.3,0.024999999999999998,2022-10-01,Ready Mixed Concrete,2023-09-01,11,1081.8,116.6,313.7582845052085,17212.314697265625,0.0,36584.21597330731,50173.89734252929
O1,H30,0.3,0.024999999999999998,2022-10-01,Ready Mixed Concrete,2023-10-01,12,1101.2,116.4,9.9091796875,21840.480253092446,0.0,1153.428515625,63555.79753649901
O1,H30,0.3,0.024999999999999998,2022-10-01,Steel Reinforcement Bars,2022-11-01,1,51.21,1004.5,102.97801971435548,0.0,51.21,103441.42080307008,0.0
O1,H30,0.3,0.024999999999999998,2022-10-01,Steel Reinforcement Bars,2022-12-01,2,70.5,952.3,96.21478271484376,0.0,70.5,91625.33757934571,0.0
O1,H30,0.3,0.024999999999999998,2022-10-01,Steel Reinforcement Bars,2023-01-01,3,79.16,922.6,0.0,23.818019714355486,0.0,0.0,549.3626247116092
O1,H30,0.3,0.024999999999999998,2022-10-01,Steel Reinforcement Bars,2023-02-01,4,100.49,942.1,0.0,122.52082214355472,0.0,0.0,2885.6716635360726
O1,H30,0.3,0.024999999999999998,2022-10-01,Steel Reinforcement Bars,2023-03-01,5,57.1,946.6,81.80055338541663,264.61362457275396,0.0,77432.40383463539,6262.081425514222
O1,H30,0.3,0.024999999999999998,2022-10-01,Steel Reinforcement Bars,2023-04-01,6,67.2,940.1,107.2892608642578,396.60642700195325,0.0,100862.63413848876,9321.242550613406
O1,H30,0.3,0.024999999999999998,2022-10-01,Steel Reinforcement Bars,2023-05-01,7,152.2,922.8,22.34987665812176,525.3997828165691,0.0,20624.46618011476,12120.972989578248
O1,H30,0.3,0.024999999999999998,2022-10-01,Steel Reinforcement Bars,2023-06-01,8,135.08,885.5,0.0,778.6023994954427,0.0,0.0,17236.31061883036
O1,H30,0.3,0.024999999999999998,2022-10-01,Steel Reinforcement Bars,2023-07-01,9,141.5,859.2,75.52289174397785,1047.7348928324382,0.0,64889.26858642577,22505.345498040773
O1,H30,0.3,0.024999999999999998,2022-10-01,Steel Reinforcement Bars,2023-08-01,10,173.95,832.6,94.7339375813802,1284.4173861694337,0.0,78875.47643025716,26735.14789311676
O1,H30,0.3,0.024999999999999998,2022-10-01,Steel Reinforcement Bars,2023-09-01,11,140.71,830.1,16.072215016682946,1629.8627712504071,0.0,13341.545685348514,33823.727160374074
O1,H30,0.3,0.024999999999999998,2022-10-01,Steel Reinforcement Bars,2023-10-01,12,162.59,827.4,0.0,2048.1620939127606,0.0,0.0,42366.23291258545
O1,H30,0.3,0.024999999999999998,2022-11-01,Cement,2022-12-01,1,375.31,118.3,335.1029968261719,0.0,375.31,39642.68452453613,0.0
O1,H30,0.3,0.024999999999999998,2022-11-01,Cement,2023-01-01,2,440.73,118.5,334.489501953125,0.0,440.73,39637.00598144531,0.0
O1,H30,0.3,0.024999999999999998,2022-11-01,Cement,2023-02-01,3,282.49,118.4,0.0,52.612996826171866,0.0,0.0,155.73447060546872
O1,H30,0.3,0.024999999999999998,2022-11-01,Cement,2023-03-01,4,427.87,118.2,0.0,294.33549560546874,0.0,0.0,869.76138951416
O1,H30,0.3,0.024999999999999998,2022-11-01,Cement,2023-04-01,5,315.7,118.0,343.0290222167969,648.2279943847657,0.0,40477.42462158203,1912.2725834350586
O1,H30,0.3,0.024999999999999998,2022-11-01,Cement,2023-05-01,6,398.82,117.2,347.60552978515625,919.0004931640626,0.0,40739.36809082032,2692.6714449707033
O1,H30,0.3,0.024999999999999998,2022-11-01,Cement,2023-06-01,7,335.0,116.7,6.576944986979186,1596.6220141601564,0.0,767.529479980471,4658.144726312256
O1,H30,0.3,0.024999999999999998,2022-11-01,Cement,2023-07-01,8,425.98,115.2,0.0,2530.869064941406,0.0,0.0,7288.902907031249
O1,H30,0.3,0.024999999999999998,2022-11-01,Cement,2023-08-01,9,378.3,114.4,347.02989705403644,3519.373060709635,0.0,39700.22022298177,10065.406953629556
O1,H30,0.3,0.024999999999999998,2022-11-01,Cement,2023-09-01,10,446.33,113.5,355.60727945963544,4439.8470564778645,0.0,40361.426218668625,12598.06602275594
O1,H30,0.3,0.024999999999999998,2022-11-01,Cement,2023-10-01,11,335.47,113.2,10.57781982421875,5818.21094930013,0.0,1197.4092041015626,16465.536986519364
O1,H30,0.3,0.024999999999999998,2022-11-01,Cement,2023-11-01,12,381.97,112.0,0.0,7505.68212158203,0.0,0.0,21015.909940429683
O1,H30,0.3,0.024999999999999998,2022-11-01,Granite,2022-12-01,1,1692.1,19.3,1529.7068308262917,0.0,1692.1,29523.34183494743,0.0
O1,H30,0.3,0.024999999999999998,2022-11-01,Granite,2023-01-01,2,1309.6,19.0,1477.661667456743,0.0,1309.6,28075.57168167812,0.0
O1,H30,0.3,0.024999999999999998,2022-11-01,Granite,2023-02-01,3,1455.1,18.5,0.0,74.6068308262918,0.0,0.0,34.505659257159955
O1,H30,0.3,0.024999999999999998,2022-11-01,Granite,2023-03-01,4,1561.4,18.3,0.0,1520.5753291093265,0.0,0.0,695.6632130675168
O1,H30,0.3,0.024999999999999998,2022-11-01,Granite,2023-04-01,5,1395.2,18.6,1510.877510520074,3132.743827392361,0.0,28102.32169567338,1456.725879737448
O1,H30,0.3,0.024999999999999998,2022-11-01,Granite,2023-05-01,6,1844.9,18.3,1553.508013736514,4295.212325675395,0.0,28429.196651378206,1965.059638996493
O1,H30,0.3,0.024999999999999998,2022-11-01,Granite,2023-06-01,7,1659.3,18.5,45.80994737415972,7154.158334478502,0.0,847.4840264219548,3308.798229696307
O1,H30,0.3,0.024999999999999998,2022-11-01,Granite,2023-07-01,8,1674.3,18.5,6.358888315439799,11551.612357018126,0.0,117.63943383563628,5342.620715120883
O1,H30,0.3,0.024999999999999998,2022-11-01,Granite,2023-08-01,9,1755.2,18.5,1517.236398835514,15913.976326931908,0.0,28068.873378457007,7360.214051206007
O1,H30,0.3,0.024999999999999998,2022-11-01,Granite,2023-09-01,10,1729.4,18.6,1559.8669020519535,20308.499185161127,0.0,29013.524378166338,9443.452121099925
O1,H30,0.3,0.024999999999999998,2022-11-01,Granite,2023-10-01,11,1742.2,19.5,52.16883568959929,26207.45844222586,0.0,1017.2922959471862,12776.135990585104
O1,H30,0.3,0.024999999999999998,2022-11-01,Granite,2023-11-01,12,1621.1,20.3,12.717776630879598,33787.38460134255,0.0,258.17086560685584,17147.097685181343
O1,H30,0.3,0.024999999999999998,2022-11-01,Ready Mixed Concrete,2022-12-01,1,992.6,118.0,983.8172607421876,0.0,992.6,116090.43676757814,0.0
O1,H30,0.3,0.024999999999999998,2022-11-01,Ready Mixed Concrete,2023-01-01,2,808.1,117.6,966.996063232422,0.0,808.1,113718.73703613282,0.0
O1,H30,0.3,0.024999999999999998,2022-11-01,Ready Mixed Concrete,2023-02-01,3,897.3,118.1,0.0,86.51726074218766,0.0,0.0,255.44221234130904
O1,H30,0.3,0.024999999999999998,2022-11-01,Ready Mixed Concrete,2023-03-01,4,1070.7,116.8,0.0,966.6305847167971,0.0,0.0,2822.561307373047
O1,H30,0.3,0.024999999999999998,2022-11-01,Ready Mixed Concrete,2023-04-01,5,918.4,117.2,968.1434529622396,1999.0439086914066,0.0,113466.41268717448,5857.1986524658205
O1,H30,0.3,0.024999999999999998,2022-11-01,Ready Mixed Concrete,2023-05-01,6,1041.6,117.6,977.1277465820312,2908.257232666016,0.0,114910.22299804687,8550.276264038086
O1,H30,0.3,0.024999999999999998,2022-11-01,Ready Mixed Concrete,2023-06-01,7,1020.3,117.3,17.112518310546875,4806.914009602865,0.0,2007.2983978271484,14096.2753331604
O1,H30,0.3,0.024999999999999998,2022-11-01,Ready Mixed Concrete,2023-07-01,8,1046.0,116.3,16.25644938151038,7656.998533121745,0.0,1890.625063069657,22262.72323505147
O1,H30,0.3,0.024999999999999998,2022-11-01,Ready Mixed Concrete,2023-08-01,9,1113.5,116.4,984.39990234375,10456.695574951173,0.0,114584.1486328125,30428.984123107908
O1,H30,0.3,0.024999999999999998,2022-11-01,Ready Mixed Concrete,2023-09-01,10,1081.8,116.6,993.3841959635416,13304.34906616211,0.0,115828.59724934895,38782.17752786255
O1,H30,0.3,0.024999999999999998,2022-11-01,Ready Mixed Concrete,2023-10-01,11,1101.2,116.4,33.368967692057254,17117.002459716798,0.0,3884.1478393554644,49810.47715777587
O1,H30,0.3,0.024999999999999998,2022-11-01,Ready Mixed Concrete,2023-11-01,12,1070.0,115.4,32.51289876302076,21954.240049235028,0.0,3751.9885172525956,63337.98254204305
O1,H30,0.3,0.024999999999999998,2022-11-01,Steel Reinforcement Bars,2022-12-01,1,70.5,952.3,92.50870513916016,0.0,70.5,88096.03990402221,0.0
O1,H30,0.3,0.024999999999999998,2022-11-01,Steel Reinforcement Bars,2023-01-01,2,79.16,922.6,85.3186264038086,0.0,79.16,78714.96472015382,0.0
O1,H30,0.3,0.024999999999999998,2022-11-01,Steel Reinforcement Bars,2023-02-01,3,100.49,942.1,0.0,0.0,7.981294860839839,0.0,0.0
O1,H30,0.3,0.024999999999999998,2022-11-01,Steel Reinforcement Bars,2023-03-01,4,57.1,946.6,0.0,120.72733154296876,0.0,0.0,2857.0123009643553
O1,H30,0.3,0.024999999999999998,2022-11-01,Steel Reinforcement Bars,2023-04-01,5,67.2,940.1,59.04234212239583,231.3546630859375,0.0,55505.70582926432,5437.412969177245
O1,H30,0.3,0.024999999999999998,2022-11-01,Steel Reinforcement Bars,2023-05-01,6,152.2,922.8,91.82717895507812,256.98199462890625,0.0,84738.1207397461,5928.574616088867
O1,H30,0.3,0.024999999999999998,2022-11-01,Steel Reinforcement Bars,2023-06-01,7,135.08,885.5,32.54916229248048,358.77166829427085,0.0,28822.283209991467,7942.307806864421
O1,H30,0.3,0.024999999999999998,2022-11-01,Steel Reinforcement Bars,2023-07-01,8,141.5,859.2,0.0,545.9685209147135,0.0,0.0,11727.403829248047
O1,H30,0.3,0.024999999999999998,2022-11-01,Steel Reinforcement Bars,2023-08-01,9,173.95,832.6,58.570993041992175,733.2645358276368,0.0,48766.20880676268,15262.901313252258
O1,H30,0.3,0.024999999999999998,2022-11-01,Steel Reinforcement Bars,2023-09-01,10,140.71,830.1,90.88448079427084,953.8005507405601,0.0,75443.20750732423,19793.745929243472
O1,H30,0.3,0.024999999999999998,2022-11-01,Steel Reinforcement Bars,2023-10-01,11,162.59,827.4,32.077813212076855,1211.0275586954756,0.0,26541.18265167239,25050.105051615912
O1,H30,0.3,0.024999999999999998,2022-11-01,Steel Reinforcement Bars,2023-11-01,12,187.13,826.7,0.0,1534.5990474446617,0.0,0.0,31716.325813062547
O1,H30,0.3,0.024999999999999998,2022-12-01,Cement,2023-01-01,1,440.73,118.5,333.2225952148437,0.0,440.73,39486.87753295898,0.0
O1,H30,0.3,0.024999999999999998,2022-12-01,Cement,2023-02-01,2,282.49,118.4,333.2070770263672,0.0,282.49,39451.71791992187,0.0
O1,H30,0.3,0.024999999999999998,2022-12-01,Cement,2023-03-01,3,427.87,118.2,0.0,0.0,94.64740478515631,0.0,0.0
O1,H30,0.3,0.024999999999999998,2022-12-01,Cement,2023-04-01,4,315.7,118.0,0.0,350.72967224121095,0.0,0.0,1034.6525331115722
O1,H30,0.3,0.024999999999999998,2022-12-01,Cement,2023-05-01,5,398.82,117.2,304.8344451904297,618.3393444824219,0.0,35726.59697631836,1811.734279333496
O1,H30,0.3,0.024999999999999998,2022-12-01,Cement,2023-06-01,6,335.0,116.7,316.91650390625,949.7690167236328,0.0,36984.156005859375,2770.951106291199
O1,H30,0.3,0.024999999999999998,2022-12-01,Cement,2023-07-01,7,425.98,115.2,13.773719278971384,1495.0531341552735,0.0,1586.7324609375034,4305.753026367188
O1,H30,0.3,0.024999999999999998,2022-12-01,Cement,2023-08-01,8,378.3,114.4,3.3833211263020644,2404.933755493164,0.0,387.0519368489562,6878.110540710449
O1,H30,0.3,0.024999999999999998,2022-12-01,Cement,2023-09-01,9,446.33,113.5,308.21776631673174,3260.558096110026,0.0,34982.716476949056,9251.833597712199
O1,H30,0.3,0.024999999999999998,2022-12-01,Cement,2023-10-01,10,335.47,113.2,320.2998250325521,4230.42575785319,0.0,36257.9401936849,11972.104894724525
O1,H30,0.3,0.024999999999999998,2022-12-01,Cement,2023-11-01,11,381.97,112.0,17.15704040527345,5462.011185913086,0.0,1921.5885253906263,15293.631320556638
O1,H30,0.3,0.024999999999999998,2022-12-01,Cement,2023-12-01,12,467.38,111.7,6.766642252604129,6928.486439005534,0.0,755.8339396158811,19347.79838092295
O1,H30,0.3,0.024999999999999998,2022-12-01,Granite,2023-01-01,1,1309.6,19.0,1490.2450305894806,0.0,1309.6,28314.65558120013,0.0
O1,H30,0.3,0.024999999999999998,2022-12-01,Granite,2023-02-01,2,1455.1,18.5,1517.59865656118,0.0,1455.1,28075.57514638183,0.0
O1,H30,0.3,0.024999999999999998,2022-12-01,Granite,2023-03-01,3,1561.4,18.3,54.70725194339866,0.0,71.15496941051947,1001.1427105641956,0.0
O1,H30,0.3,0.024999999999999998,2022-12-01,Granite,2023-04-01,4,1395.2,18.6,13.238207444396268,1612.6436871506605,0.0,246.2306584657706,749.8793145250572
O1,H30,0.3,0.024999999999999998,2022-12-01,Granite,2023-05-01,5,1844.9,18.3,1339.6155369736946,2830.29462624472,0.0,24514.96432661861,1294.8597915069593
O1,H30,0.3,0.024999999999999998,2022-12-01,Granite,2023-06-01,6,1659.3,18.5,1489.3678195065738,4246.783772783175,0.0,27553.304660871614,1964.1374949122182
O1,H30,0.3,0.024999999999999998,2022-12-01,Granite,2023-07-01,7,1674.3,18.5,171.06308400564467,6987.8884562953235,0.0,3164.6670541044264,3231.898411036587
O1,H30,0.3,0.024999999999999998,2022-12-01,Granite,2023-08-01,8,1755.2,18.5,29.383395501134828,11137.460959314047,0.0,543.5928167709943,5151.0756936827465
O1,H30,0.3,0.024999999999999998,2022-12-01,Granite,2023-09-01,9,1729.4,18.6,1355.7607250304332,15483.896546338417,0.0,25217.14948556606,7200.011894047365
O1,H30,0.3,0.024999999999999998,2022-12-01,Granite,2023-10-01,10,1742.2,19.5,1505.5130075633122,19846.91552886392,0.0,29357.503647484587,9675.37132032116
O1,H30,0.3,0.024999999999999998,2022-12-01,Granite,2023-11-01,11,1621.1,20.3,187.20827206238323,25686.795236419857,0.0,3800.3279228663796,13036.048582483076
O1,H30,0.3,0.024999999999999998,2022-12-01,Granite,2023-12-01,12,1531.7,21.2,45.52858355787339,33121.587951539106,0.0,965.2059714269159,17554.441614315725
O1,H30,0.3,0.024999999999999998,2022-12-01,Ready Mixed Concrete,2023-01-01,1,808.1,117.6,960.5742797851562,0.0,808.1,112963.53530273437,0.0
O1,H30,0.3,0.024999999999999998,2022-12-01,Ready Mixed Concrete,2023-02-01,2,897.3,118.1,977.5479736328124,0.0,897.3,115448.41568603514,0.0
O1,H30,0.3,0.024999999999999998,2022-12-01,Ready Mixed Concrete,2023-03-01,3,1070.7,116.8,33.9473876953125,0.0,110.1257202148438,3965.0548828124997,0.0
O1,H30,0.3,0.024999999999999998,2022-12-01,Ready Mixed Concrete,2023-04-01,4,918.4,117.2,19.27433268229163,1019.7222534179688,0.0,2258.9517903645788,2987.7862025146483
O1,H30,0.3,0.024999999999999998,2022-12-01,Ready Mixed Concrete,2023-05-01,5,1041.6,117.6,906.0275838216146,1950.19189453125,0.0,106548.84385742187,5733.564169921874
O1,H30,0.3,0.024999999999999998,2022-12-01,Ready Mixed Concrete,2023-06-01,6,1020.3,117.3,982.1492513020834,2921.235868326823,0.0,115206.10717773438,8566.524183868407
O1,H30,0.3,0.024999999999999998,2022-12-01,Ready Mixed Concrete,2023-07-01,7,1046.0,116.3,102.0615275065104,4772.60742594401,0.0,11869.75564900716,13876.356090932208
O1,H30,0.3,0.024999999999999998,2022-12-01,Ready Mixed Concrete,2023-08-01,8,1113.5,116.4,32.60538736979163,7538.628234863281,0.0,3795.267089843746,21937.408163452146
O1,H30,0.3,0.024999999999999998,2022-12-01,Ready Mixed Concrete,2023-09-01,9,1081.8,116.6,919.3586385091146,10438.410571289063,0.0,107197.21725016275,30427.966815307616
O1,H30,0.3,0.024999999999999998,2022-12-01,Ready Mixed Concrete,2023-10-01,10,1101.2,116.4,995.4803059895834,13351.398295084635,0.0,115873.9076171875,38852.56903869628
O1,H30,0.3,0.024999999999999998,2022-12-01,Ready Mixed Concrete,2023-11-01,11,1070.0,115.4,115.3925821940104,17214.944657389322,0.0,13316.3039851888,49665.11533656819
O1,H30,0.3,0.024999999999999998,2022-12-01,Ready Mixed Concrete,2023-12-01,12,1101.6,115.4,45.93644205729163,22042.371325683594,0.0,5301.065413411454,63592.24127459717
O1,H30,0.3,0.024999999999999998,2022-12-01,Steel Reinforcement Bars,2023-01-01,1,79.16,922.6,75.59017181396484,0.0,79.16,69739.49251556396,0.0
O1,H30,0.3,0.024999999999999998,2022-12-01,Steel Reinforcement Bars,2023-02-01,2,100.49,942.1,80.58320236206055,0.0,100.49,75917.43494529724,0.0
O1,H30,0.3,0.024999999999999998,2022-12-01,Steel Reinforcement Bars,2023-03-01,3,57.1,946.6,9.986061096191406,18.490171813964842,0.0,9452.805433654785,437.569915977478
O1,H30,0.3,0.024999999999999998,2022-12-01,Steel Reinforcement Bars,2023-04-01,4,67.2,940.1,0.0,107.46354598999024,0.0,0.0,2525.661989629745
O1,H30,0.3,0.024999999999999998,2022-12-01,Steel Reinforcement Bars,2023-05-01,5,152.2,922.8,53.06657485961914,121.42298126220703,0.0,48969.83528045654,2801.2281777191156
O1,H30,0.3,0.024999999999999998,2022-12-01,Steel Reinforcement Bars,2023-06-01,6,135.08,885.5,99.60089874267578,152.50241653442382,0.0,88196.5958366394,3376.0222460308073
O1,H30,0.3,0.024999999999999998,2022-12-01,Steel Reinforcement Bars,2023-07-01,7,141.5,859.2,46.64573084513347,230.2284266662598,0.0,40078.01194213868,4945.306604791261
O1,H30,0.3,0.024999999999999998,2022-12-01,Steel Reinforcement Bars,2023-08-01,8,173.95,832.6,0.2228139241536411,375.1053355407715,0.0,185.51487325032159,7807.817559281158
O1,H30,0.3,0.024999999999999998,2022-12-01,Steel Reinforcement Bars,2023-09-01,9,140.71,830.1,53.28938878377278,599.8679752604166,0.0,44235.521629409785,12448.760156591796
O1,H30,0.3,0.024999999999999998,2022-12-01,Steel Reinforcement Bars,2023-10-01,10,162.59,827.4,99.82371266682944,802.9734289042154,0.0,82594.13986053468,16609.505376883695
O1,H30,0.3,0.024999999999999998,2022-12-01,Steel Reinforcement Bars,2023-11-01,11,187.13,826.7,46.86854476928711,1034.8282713317872,0.0,38746.225960769654,21387.31329774971
O1,H30,0.3,0.024999999999999998,2022-12-01,Steel Reinforcement Bars,2023-12-01,12,122.5,819.7,0.4456278483072822,1431.1368264261882,0.0,365.28114725747923,29327.571415538663
O1,H30,0.3,0.024999999999999998,2023-01-01,Cement,2023-02-01,1,282.49,118.4,327.59600830078125,0.0,282.49,38787.3673828125,0.0
O1,H30,0.3,0.024999999999999998,2023-01-01,Cement,2023-03-01,2,427.87,118.2,332.3861389160156,0.0,427.87,39288.041619873045,0.0
O1,H30,0.3,0.024999999999999998,2023-01-01,Cement,2023-04-01,3,315.7,118.0,9.58026123046875,11.896008300781261,0.0,1130.4708251953125,35.09322448730472
O1,H30,0.3,0.024999999999999998,2023-01-01,Cement,2023-05-01,4,398.82,117.2,0.0,273.0581555175781,0.0,0.0,800.0603956665037
O1,H30,0.3,0.024999999999999998,2023-01-01,Cement,2023-06-01,5,335.0,116.7,324.65679931640625,607.6205639648438,0.0,37887.44848022461,1772.7329953674316
O1,H30,0.3,0.024999999999999998,2023-01-01,Cement,2023-07-01,6,425.98,115.2,332.7674560546875,851.2029724121094,0.0,38334.8109375,2451.464560546875
O1,H30,0.3,0.024999999999999998,2023-01-01,Cement,2023-08-01,7,378.3,114.4,4.064692179361998,1467.1221801757813,0.0,465.0007853190126,4195.969435302734
O1,H30,0.3,0.024999999999999998,2023-01-01,Cement,2023-09-01,8,446.33,113.5,0.0,2347.7788439941405,0.0,0.0,6661.822469833373
O1,H30,0.3,0.024999999999999998,2023-01-01,Cement,2023-10-01,9,335.47,113.2,316.5648701985677,3343.360199991862,0.0,35835.14330647786,9461.709365976967
O1,H30,0.3,0.024999999999999998,2023-01-01,Cement,2023-11-01,10,381.97,112.0,316.58359781901044,4292.441555989583,0.0,35457.36295572917,12018.836356770833
O1,H30,0.3,0.024999999999999998,2023-01-01,Cement,2023-12-01,11,467.38,111.7,0.0,5472.677782185872,0.0,0.0,15282.452706754048
O1,H30,0.3,0.024999999999999998,2023-01-01,Cement,2024-01-01,12,434.45,110.6,0.0,7002.427606201172,0.0,0.0,19361.71233114624
O1,H30,0.3,0.024999999999999998,2023-01-01,Granite,2023-02-01,1,1455.1,18.5,1442.9791976938332,0.0,1455.1,26695.115157335913,0.0
O1,H30,0.3,0.024999999999999998,2023-01-01,Granite,2023-03-01,2,1561.4,18.3,1495.7455196543422,0.0,1561.4,27372.143009674463,0.0
O1,H30,0.3,0.024999999999999998,2023-01-01,Granite,2023-04-01,3,1395.2,18.6,105.532643921018,47.77919769383311,0.0,1962.907176930935,22.2173269276324
O1,H30,0.3,0.024999999999999998,2023-01-01,Granite,2023-05-01,4,1844.9,18.3,41.4786815072116,1141.6039150420088,0.0,759.0598715819723,522.283791131719
O1,H30,0.3,0.024999999999999998,2023-01-01,Granite,2023-06-01,5,1659.3,18.5,1515.9623121749044,2526.561276311202,0.0,28045.30277523573,1168.534590293931
O1,H30,0.3,0.024999999999999998,2023-01-01,Granite,2023-07-01,6,1674.3,18.5,1616.5078318292465,3937.997319087607,0.0,29905.39488884106,1821.3237600780183
O1,H30,0.3,0.024999999999999998,2023-01-01,Granite,2023-08-01,7,1755.2,18.5,116.78688392827551,6784.495674038918,0.0,2160.557352673097,3137.829249242999
O1,H30,0.3,0.024999999999999998,2023-01-01,Granite,2023-09-01,8,1729.4,18.6,0.0,11273.301860819474,0.0,0.0,5242.085365281056
O1,H30,0.3,0.024999999999999998,2023-01-01,Granite,2023-10-01,9,1742.2,19.5,1465.4876777083475,15866.094931528303,0.0,28577.009715312775,7734.721279120046
O1,H30,0.3,0.024999999999999998,2023-01-01,Granite,2023-11-01,10,1621.1,20.3,1557.037244403345,20579.988002237136,0.0,31607.856061387905,10444.343911135345
O1,H30,0.3,0.024999999999999998,2023-01-01,Granite,2023-12-01,11,1531.7,21.2,66.31224946171915,26848.768750654315,0.0,1405.8196885884458,14229.847437846785
O1,H30,0.3,0.024999999999999998,2023-01-01,Granite,2024-01-01,12,1664.5,22.3,0.0,34541.78674347484,0.0,0.0,19257.046109487223
O1,H30,0.3,0.024999999999999998,2023-01-01,Ready Mixed Concrete,2023-02-01,1,897.3,118.1,902.0069580078124,0.0,897.3,106527.02174072264,0.0
O1,H30,0.3,0.024999999999999998,2023-01-01,Ready Mixed Concrete,2023-03-01,2,1070.7,116.8,960.3303527832032,0.0,1070.7,112166.58520507814,0.0
O1,H30,0.3,0.024999999999999998,2023-01-01,Ready Mixed Concrete,2023-04-01,3,918.4,117.2,116.64678955078136,0.0,16.39304199218759,13671.003735351576,0.0
O1,H30,0.3,0.024999999999999998,2023-01-01,Ready Mixed Concrete,2023-05-01,4,1041.6,117.6,51.61030069986976,820.7373107910157,0.0,6069.371362304683,2412.967693725586
O1,H30,0.3,0.024999999999999998,2023-01-01,Ready Mixed Concrete,2023-06-01,5,1020.3,117.3,888.5807698567708,1779.4214111328126,0.0,104230.5243041992,5218.153288146972
O1,H30,0.3,0.024999999999999998,2023-01-01,Ready Mixed Concrete,2023-07-01,6,1046.0,116.3,946.9041646321616,2764.0158121744794,0.0,110124.95434672039,8036.3759738972985
O1,H30,0.3,0.024999999999999998,2023-01-01,Ready Mixed Concrete,2023-08-01,7,1113.5,116.4,106.35451253255212,4569.690983072916,0.0,12379.665258789068,13297.800760742186
O1,H30,0.3,0.024999999999999998,2023-01-01,Ready Mixed Concrete,2023-09-01,8,1081.8,116.6,44.451934814453125,7353.970318603516,0.0,5183.095599365234,21436.823478729246
O1,H30,0.3,0.024999999999999998,2023-01-01,Ready Mixed Concrete,2023-10-01,9,1101.2,116.4,881.4224039713541,10225.204166666666,0.0,102597.56782226563,29755.344124999996
O1,H30,0.3,0.024999999999999998,2023-01-01,Ready Mixed Concrete,2023-11-01,10,1070.0,115.4,939.7457987467448,13172.089949544272,0.0,108446.66517537435,38001.47950443522
O1,H30,0.3,0.024999999999999998,2023-01-01,Ready Mixed Concrete,2023-12-01,11,1101.6,115.4,99.19614664713548,16968.798136393234,0.0,11447.235323079434,48954.98262349448
O1,H30,0.3,0.024999999999999998,2023-01-01,Ready Mixed Concrete,2024-01-01,12,1071.7,118.1,37.293568929036496,21735.152121988936,0.0,4404.37049051921,64173.03664017233
O1,H30,0.3,0.024999999999999998,2023-01-01,Steel Reinforcement Bars,2023-02-01,1,100.49,942.1,78.14418029785156,0.0,100.49,73619.63225860595,0.0
O1,H30,0.3,0.024999999999999998,2023-01-01,Steel Reinforcement Bars,2023-03-01,2,57.1,946.6,79.62079620361328,0.0,57.1,75369.04568634034,0.0
O1,H30,0.3,0.024999999999999998,2023-01-01,Steel Reinforcement Bars,2023-04-01,3,67.2,940.1,2.953231811523437,10.94418029785156,0.0,2776.3332260131833,257.21559745025627
O1,H30,0.3,0.024999999999999998,2023-01-01,Steel Reinforcement Bars,2023-05-01,4,152.2,922.8,0.0,16.50915679931643,0.0,0.0,380.86624736023
O1,H30,0.3,0.024999999999999998,2023-01-01,Steel Reinforcement Bars,2023-06-01,5,135.08,885.5,80.97065734863281,42.1473651123047,0.0,71699.51708221436,933.0372951736452
O1,H30,0.3,0.024999999999999998,2023-01-01,Steel Reinforcement Bars,2023-07-01,6,141.5,859.2,85.33712768554688,61.36557342529298,0.0,73321.66010742188,1318.1325171752933
O1,H30,0.3,0.024999999999999998,2023-01-01,Steel Reinforcement Bars,2023-08-01,7,173.95,832.6,5.861826578776046,129.10443908691406,0.0,4880.556809488937,2687.3088995941157
O1,H30,0.3,0.024999999999999998,2023-01-01,Steel Reinforcement Bars,2023-09-01,8,140.71,830.1,2.990712483723968,315.42043243408204,0.0,2482.590432739266,6545.762524088287
O1,H30,0.3,0.024999999999999998,2023-01-01,Steel Reinforcement Bars,2023-10-01,9,162.59,827.4,83.96136983235677,485.718252360026,0.0,69469.63739929198,10047.082050067136
O1,H30,0.3,0.024999999999999998,2023-01-01,Steel Reinforcement Bars,2023-11-01,10,187.13,826.7,88.32784016927083,634.466784769694,0.0,73020.6254679362,13112.84227422765
O1,H30,0.3,0.024999999999999998,2023-01-01,Steel Reinforcement Bars,2023-12-01,11,122.5,819.7,8.852539062500014,931.8066870117186,0.0,7256.426269531262,19095.048533587644
O1,H30,0.3,0.024999999999999998,2023-01-01,Steel Reinforcement Bars,2024-01-01,12,179.85,833.7,5.981424967447936,1260.1244294230141,0.0,4986.713995361344,26264.143420249173
O1,H30,0.3,0.024999999999999998,2023-02-01,Cement,2023-03-01,1,427.87,118.2,359.5899353027344,0.0,427.87,42503.53035278321,0.0
O1,H30,0.3,0.024999999999999998,2023-02-01,Cement,2023-04-01,2,315.7,118.0,357.7567443847656,0.0,315.7,42215.295837402344,0.0
O1,H30,0.3,0.024999999999999998,2023-02-01,Cement,2023-05-01,3,398.82,117.2,0.0,0.0,39.23006469726562,0.0,0.0
O1,H30,0.3,0.024999999999999998,2023-02-01,Cement,2023-06-01,4,335.0,116.7,2.6547342936198106,382.3466796875,0.0,309.8074920654319,1115.4964379882813
O1,H30,0.3,0.024999999999999998,2023-02-01,Cement,2023-07-01,5,425.98,115.2,342.1426595052083,673.713359375,0.0,39414.834375,1940.294475
O1,H30,0.3,0.024999999999999998,2023-02-01,Cement,2023-08-01,6,378.3,114.4,366.7325948079427,1015.4147733561199,0.0,41954.20884602865,2904.086251798503
O1,H30,0.3,0.024999999999999998,2023-02-01,Cement,2023-09-01,7,446.33,113.5,28.369425455729186,1631.228846842448,0.0,3219.9297892252625,4628.611852915446
O1,H30,0.3,0.024999999999999998,2023-02-01,Cement,2023-10-01,8,335.47,113.2,4.904246012369811,2724.635515136719,0.0,555.1606486002626,7710.718507836913
O1,H30,0.3,0.024999999999999998,2023-02-01,Cement,2023-11-01,9,381.97,112.0,313.12957641601565,3799.9116088867186,0.0,35070.51255859375,10639.752504882812
O1,H30,0.3,0.024999999999999998,2023-02-01,Cement,2023-12-01,10,467.38,111.7,368.9821065266927,4794.681948649089,0.0,41215.30129903158,13389.14934160258
O1,H30,0.3,0.024999999999999998,2023-02-01,Cement,2024-01-01,11,434.45,110.6,61.88153198242185,6135.511864827474,0.0,6844.097437255856,16964.69030624796
O1,H30,0.3,0.024999999999999998,2023-02-01,Cement,2024-02-01,12,367.77,110.6,7.153757731119811,7912.003887532552,0.0,791.205605061851,21876.690749027504
O1,H30,0.3,0.024999999999999998,2023-02-01,Granite,2023-03-01,1,1561.4,18.3,1627.3704926902583,0.0,1561.4,29780.880016231727,0.0
O1,H30,0.3,0.024999999999999998,2023-02-01,Granite,2023-04-01,2,1395.2,18.6,1554.2704860893868,0.0,1395.2,28909.431041262596,0.0
O1,H30,0.3,0.024999999999999998,2023-02-01,Granite,2023-05-01,3,1844.9,18.3,0.0,0.0,217.5295073097418,0.0,0.0
O1,H30,0.3,0.024999999999999998,2023-02-01,Granite,2023-06-01,4,1659.3,18.5,0.0,1522.3409787796452,0.0,0.0,704.0827026855859
O1,H30,0.3,0.024999999999999998,2023-02-01,Granite,2023-07-01,5,1674.3,18.5,1519.6736458802625,3029.68195755929,0.0,28113.962448784856,1401.2279053711716
O1,H30,0.3,0.024999999999999998,2023-02-01,Granite,2023-08-01,6,1755.2,18.5,1538.9252290761358,4456.122936338935,0.0,28470.116737908513,2060.956858056757
O1,H30,0.3,0.024999999999999998,2023-02-01,Granite,2023-09-01,7,1729.4,18.6,1.3570632795206166,7428.037560998842,0.0,25.24137699908347,3454.037465864462
O1,H30,0.3,0.024999999999999998,2023-02-01,Granite,2023-10-01,8,1742.2,19.5,0.0,11926.077414734886,0.0,0.0,5813.962739683256
O1,H30,0.3,0.024999999999999998,2023-02-01,Granite,2023-11-01,9,1621.1,20.3,1483.8846060475569,16546.574331750453,0.0,30122.857502765404,8397.386473363355
O1,H30,0.3,0.024999999999999998,2023-02-01,Granite,2023-12-01,10,1531.7,21.2,1467.3471494107248,21256.471248766018,0.0,31107.759567507364,11265.929761845988
O1,H30,0.3,0.024999999999999998,2023-02-01,Granite,2024-01-01,11,1664.5,22.3,0.0,27317.45277182914,0.0,0.0,15229.479920294745
O1,H30,0.3,0.024999999999999998,2023-02-01,Granite,2024-02-01,12,1201.2,22.2,0.0,35309.08144430299,0.0,0.0,19596.540201588155
O1,H30,0.3,0.024999999999999998,2023-02-01,Ready Mixed Concrete,2023-03-01,1,1070.7,116.8,947.95458984375,0.0,1070.7,110721.09609374999,0.0
O1,H30,0.3,0.024999999999999998,2023-02-01,Ready Mixed Concrete,2023-04-01,2,918.4,117.2,947.930908203125,0.0,918.4,111097.50244140625,0.0
O1,H30,0.3,0.024999999999999998,2023-02-01,Ready Mixed Concrete,2023-05-01,3,1041.6,117.6,0.0,0.0,93.64541015624991,0.0,0.0
O1,H30,0.3,0.024999999999999998,2023-02-01,Ready Mixed Concrete,2023-06-01,4,1020.3,117.3,6.087504069010379,875.585498046875,0.0,714.0642272949174,2567.654473022461
O1,H30,0.3,0.024999999999999998,2023-02-01,Ready Mixed Concrete,2023-07-01,5,1046.0,116.3,960.1295979817708,1725.4709960937498,0.0,111663.07224527994,5016.806921142577
O1,H30,0.3,0.024999999999999998,2023-02-01,Ready Mixed Concrete,2023-08-01,6,1113.5,116.4,960.153279622396,2513.943998209635,0.0,111761.84174804689,7315.577034790037
O1,H30,0.3,0.024999999999999998,2023-02-01,Ready Mixed Concrete,2023-09-01,7,1081.8,116.6,0.0,4294.246598307292,0.0,0.0,12517.728834065752
O1,H30,0.3,0.024999999999999998,2023-02-01,Ready Mixed Concrete,2023-10-01,8,1101.2,116.4,0.0,7015.302478027344,0.0,0.0,20414.53021105957
O1,H30,0.3,0.024999999999999998,2023-02-01,Ready Mixed Concrete,2023-11-01,9,1070.0,115.4,916.7461547851562,9767.558357747395,0.0,105792.50626220704,28179.405862101234
O1,H30,0.3,0.024999999999999998,2023-02-01,Ready Mixed Concrete,2023-12-01,10,1101.6,115.4,900.2479451497396,12488.214237467448,0.0,103888.61287027996,36028.49807509359
O1,H30,0.3,0.024999999999999998,2023-02-01,Ready Mixed Concrete,2024-01-01,11,1071.7,118.1,0.0,16155.516271972654,0.0,0.0,47699.16179299926
O1,H30,0.3,0.024999999999999998,2023-02-01,Ready Mixed Concrete,2024-02-01,12,874.95,118.0,0.0,20919.816251627602,0.0,0.0,61713.45794230142
O1,H30,0.3,0.024999999999999998,2023-02-01,Steel Reinforcement Bars,2023-03-01,1,57.1,946.6,94.18199157714844,0.0,57.1,89152.67322692872,0.0
O1,H30,0.3,0.024999999999999998,2023-02-01,Steel Reinforcement Bars,2023-04-01,2,67.2,940.1,89.59136199951172,0.0,67.2,84224.83941574096,0.0
O1,H30,0.3,0.024999999999999998,2023-02-01,Steel Reinforcement Bars,2023-05-01,3,152.2,922.8,0.0,0.0,58.01800842285155,0.0,0.0
O1,H30,0.3,0.024999999999999998,2023-02-01,Steel Reinforcement Bars,2023-06-01,4,135.08,885.5,0.0,48.693353576660144,0.0,0.0,1077.949114803314
O1,H30,0.3,0.024999999999999998,2023-02-01,Steel Reinforcement Bars,2023-07-01,5,141.5,859.2,82.88786315917969,90.9667071533203,0.0,71217.25202636719,1953.9648696533202
O1,H30,0.3,0.024999999999999998,2023-02-01,Steel Reinforcement Bars,2023-08-01,6,173.95,832.6,81.83142852783203,100.79006072998044,0.0,68132.84739227295,2097.9451140945425
O1,H30,0.3,0.024999999999999998,2023-02-01,Steel Reinforcement Bars,2023-09-01,7,140.71,830.1,0.0,226.74127746582027,0.0,0.0,4705.4483606094345
O1,H30,0.3,0.024999999999999998,2023-02-01,Steel Reinforcement Bars,2023-10-01,8,162.59,827.4,0.3295949300130161,412.64392272949215,0.0,272.7068450927695,8535.539541659544
O1,H30,0.3,0.024999999999999998,2023-02-01,Steel Reinforcement Bars,2023-11-01,9,187.13,826.7,82.32582092285156,574.006567993164,0.0,68058.75615692139,11863.280743998717
O1,H30,0.3,0.024999999999999998,2023-02-01,Steel Reinforcement Bars,2023-12-01,10,122.5,819.7,82.16102345784506,800.3288081868488,0.0,67347.3909283956,16400.738101769
O1,H30,0.3,0.024999999999999998,2023-02-01,Steel Reinforcement Bars,2024-01-01,11,179.85,833.7,0.3295949300130161,1051.6268693033853,0.0,274.7832931518515,21918.53302345581
O1,H30,0.3,0.024999999999999998,2023-02-01,Steel Reinforcement Bars,2024-02-01,12,60.8,829.6,0.6591898600260322,1504.1359538777667,0.0,546.8639078775964,31195.77968342488
O1,H30,0.3,0.024999999999999998,2023-03-01,Cement,2023-04-01,1,315.7,118.0,373.9446411132813,0.0,315.7,44125.467651367195,0.0
O1,H30,0.3,0.024999999999999998,2023-03-01,Cement,2023-05-01,2,398.82,117.2,371.9776306152344,0.0,398.82,43595.77830810547,0.0
O1,H30,0.3,0.024999999999999998,2023-03-01,Cement,2023-06-01,3,335.0,116.7,0.0,38.94464111328131,0.0,0.0,113.62099044799821
O1,H30,0.3,0.024999999999999998,2023-03-01,Cement,2023-07-01,4,425.98,115.2,0.0,358.88691284179686,0.0,0.0,1033.594308984375
O1,H30,0.3,0.024999999999999998,2023-03-01,Cement,2023-08-01,5,378.3,114.4,352.0916748046875,726.5091845703125,0.0,40279.28759765625,2077.8162678710937
O1,H30,0.3,0.024999999999999998,2023-03-01,Cement,2023-09-01,6,446.33,113.5,343.1322021484375,1026.1014562988282,0.0,38945.504943847656,2911.562882247925
O1,H30,0.3,0.024999999999999998,2023-03-01,Cement,2023-10-01,7,335.47,113.2,0.0,1788.6454028320316,0.0,0.0,5061.866490014649
O1,H30,0.3,0.024999999999999998,2023-03-01,Cement,2023-11-01,8,381.97,112.0,0.0,2847.8215515136717,0.0,0.0,7973.90034423828
O1,H30,0.3,0.024999999999999998,2023-03-01,Cement,2023-12-01,9,467.38,111.7,345.7036437988281,3821.587700195312,0.0,38615.097012329104,10671.78365279541
O1,H30,0.3,0.024999999999999998,2023-03-01,Cement,2024-01-01,10,434.45,110.6,346.560791015625,4828.283848876953,0.0,38329.62348632812,13350.204842144774
O1,H30,0.3,0.024999999999999998,2023-03-01,Cement,2024-02-01,11,367.77,110.6,1.71429443359375,6247.363641357422,0.0,189.60096435546873,17273.96046835327
O1,H30,0.3,0.024999999999999998,2023-03-01,Cement,2024-03-01,12,318.63,110.8,1.71429443359375,8062.144224853516,0.0,189.9438232421875,22332.139502844235
O1,H30,0.3,0.024999999999999998,2023-03-01,Granite,2023-04-01,1,1395.2,18.6,1452.3836785823694,0.0,1395.2,27014.336421632073,0.0
O1,H30,0.3,0.024999999999999998,2023-03-01,Granite,2023-05-01,2,1844.9,18.3,1527.6060195264436,0.0,1844.9,27955.190157333916,0.0
O1,H30,0.3,0.024999999999999998,2023-03-01,Granite,2023-06-01,3,1659.3,18.5,150.44468188814812,0.0,206.91632141763057,2783.22661493074,0.0
O1,H30,0.3,0.024999999999999998,2023-03-01,Granite,2023-07-01,4,1674.3,18.5,52.21391346239375,1305.6896981088132,0.0,965.9573990542843,603.8814853753261
O1,H30,0.3,0.024999999999999998,2023-03-01,Granite,2023-08-01,5,1755.2,18.5,1406.3668236190092,2680.9240781057742,0.0,26017.78623695167,1239.9273861239205
O1,H30,0.3,0.024999999999999998,2023-03-01,Granite,2023-09-01,6,1729.4,18.6,1481.5891645630834,4134.17237156513,0.0,27557.55846087335,1922.3901527777855
O1,H30,0.3,0.024999999999999998,2023-03-01,Granite,2023-10-01,7,1742.2,19.5,113.31605014674052,6980.9874886434945,0.0,2209.66297786144,3403.2314007137034
O1,H30,0.3,0.024999999999999998,2023-03-01,Granite,2023-11-01,8,1621.1,20.3,23.973504942939144,11430.491770284943,0.0,486.66215034166464,5800.9745734196085
O1,H30,0.3,0.024999999999999998,2023-03-01,Granite,2023-12-01,9,1531.7,21.2,1378.1264150995546,16082.712102073132,0.0,29216.280000110557,8523.837414098758
O1,H30,0.3,0.024999999999999998,2023-03-01,Granite,2024-01-01,10,1664.5,22.3,1453.3487560436286,20626.10593880426,0.0,32409.677259772918,11499.054060883374
O1,H30,0.3,0.024999999999999998,2023-03-01,Granite,2024-02-01,11,1201.2,22.2,85.0756416272859,27010.926190634942,0.0,1888.6792441257471,14991.064035802392
O1,H30,0.3,0.024999999999999998,2023-03-01,Granite,2024-03-01,12,1688.6,22.4,0.0,34361.69519850925,0.0,0.0,19242.54931116518
O1,H30,0.3,0.024999999999999998,2023-03-01,Ready Mixed Concrete,2023-04-01,1,918.4,117.2,950.6583251953124,0.0,918.4,111417.15571289061,0.0
O1,H30,0.3,0.024999999999999998,2023-03-01,Ready Mixed Concrete,2023-05-01,2,1041.6,117.6,975.2839050292968,0.0,1041.6,114693.38723144529,0.0
O1,H30,0.3,0.024999999999999998,2023-03-01,Ready Mixed Concrete,2023-06-01,3,1020.3,117.3,49.251159667968864,0.0,69.64167480468757,5777.161029052748,0.0
O1,H30,0.3,0.024999999999999998,2023-03-01,Ready Mixed Concrete,2023-07-01,4,1046.0,116.3,24.40512084960937,879.9422302246091,0.0,2838.3155548095697,2558.432034378051
O1,H30,0.3,0.024999999999999998,2023-03-01,Ready Mixed Concrete,2023-08-01,5,1113.5,116.4,950.2174072265624,1741.6356201171875,0.0,110605.30620117187,5068.159654541015
O1,H30,0.3,0.024999999999999998,2023-03-01,Ready Mixed Concrete,2023-09-01,6,1081.8,116.6,974.8429870605468,2659.434130859375,0.0,113666.69229125975,7752.250491455076
O1,H30,0.3,0.024999999999999998,2023-03-01,Ready Mixed Concrete,2023-10-01,7,1101.2,116.4,48.68547566731786,4508.050048828125,0.0,5666.989367675799,13118.425642089842
O1,H30,0.3,0.024999999999999998,2023-03-01,Ready Mixed Concrete,2023-11-01,8,1070.0,115.4,23.714670817057254,7362.708953857422,0.0,2736.6730122884073,21241.41533187866
O1,H30,0.3,0.024999999999999998,2023-03-01,Ready Mixed Concrete,2023-12-01,9,1101.6,115.4,949.5269571940104,10234.453334554037,0.0,109575.4108601888,29526.397870188393
O1,H30,0.3,0.024999999999999998,2023-03-01,Ready Mixed Concrete,2024-01-01,10,1071.7,118.1,974.1525370279948,13159.812386067708,0.0,115047.41462300617,38854.3460698649
O1,H30,0.3,0.024999999999999998,2023-03-01,Ready Mixed Concrete,2024-02-01,11,874.95,118.0,47.99502563476574,17231.44839477539,0.0,5663.413024902357,50832.7727645874
O1,H30,0.3,0.024999999999999998,2023-03-01,Ready Mixed Concrete,2024-03-01,12,1112.0,118.0,0.0,22040.18694051107,0.0,0.0,65018.55147450765
O1,H30,0.3,0.024999999999999998,2023-03-01,Steel Reinforcement Bars,2023-04-01,1,67.2,940.1,91.67630767822266,0.0,67.2,86184.89684829712,0.0
O1,H30,0.3,0.024999999999999998,2023-03-01,Steel Reinforcement Bars,2023-05-01,2,152.2,922.8,92.16966247558594,0.0,152.2,85054.1645324707,0.0
O1,H30,0.3,0.024999999999999998,2023-03-01,Steel Reinforcement Bars,2023-06-01,3,135.08,885.5,0.9867095947265624,0.0,43.403692321777356,873.731346130371,0.0
O1,H30,0.3,0.024999999999999998,2023-03-01,Steel Reinforcement Bars,2023-07-01,4,141.5,859.2,0.0,42.345970153808594,0.0,0.0,909.5914389038086
O1,H30,0.3,0.024999999999999998,2023-03-01,Steel Reinforcement Bars,2023-08-01,5,173.95,832.6,90.0755386352539,53.22864990234376,0.0,74996.8934677124,1107.9543477172854
O1,H30,0.3,0.024999999999999998,2023-03-01,Steel Reinforcement Bars,2023-09-01,6,140.71,830.1,90.2618637084961,97.35132965087891,0.0,74926.37306442262,2020.2834685798643
O1,H30,0.3,0.024999999999999998,2023-03-01,Steel Reinforcement Bars,2023-10-01,7,162.59,827.4,0.3738187154134067,209.669548034668,0.0,309.29760513305274,4337.0146010971075
O1,H30,0.3,0.024999999999999998,2023-03-01,Steel Reinforcement Bars,2023-11-01,8,187.13,826.7,0.3749872843424526,387.70963012695313,0.0,310.0019879659056,8012.988780648804
O1,H30,0.3,0.024999999999999998,2023-03-01,Steel Reinforcement Bars,2023-12-01,9,122.5,819.7,90.45052591959636,630.7535309346517,0.0,74142.29609629314,12925.716732678351
O1,H30,0.3,0.024999999999999998,2023-03-01,Steel Reinforcement Bars,2024-01-01,10,179.85,833.7,90.63685099283852,816.8224190266927,0.0,75563.94267272948,17024.621268563846
O1,H30,0.3,0.024999999999999998,2023-03-01,Steel Reinforcement Bars,2024-02-01,11,60.8,829.6,0.7488059997558594,1212.39183303833,0.0,621.2094573974609,25145.006617214964
O1,H30,0.3,0.024999999999999998,2023-03-01,Steel Reinforcement Bars,2024-03-01,12,91.23,821.7,0.0,1668.168098042806,0.0,0.0,34268.34315404434
O1,H30,0.3,0.024999999999999998,2023-04-01,Cement,2023-05-01,1,398.82,117.2,361.5361633300781,0.0,398.82,42372.03834228516,0.0
O1,H30,0.3,0.024999999999999998,2023-04-01,Cement,2023-06-01,2,335.0,116.7,360.2596740722656,0.0,335.0,42042.3039642334,0.0
O1,H30,0.3,0.024999999999999998,2023-04-01,Cement,2023-07-01,3,425.98,115.2,0.0,0.0,64.4438366699219,0.0,0.0
O1,H30,0.3,0.024999999999999998,2023-04-01,Cement,2023-08-01,4,378.3,114.4,0.0,343.49583740234374,0.0,0.0,982.398094970703
O1,H30,0.3,0.024999999999999998,2023-04-01,Cement,2023-09-01,5,446.33,113.5,346.94886271158856,618.9616748046876,0.0,39378.695917765304,1756.303752258301
O1,H30,0.3,0.024999999999999998,2023-04-01,Cement,2023-10-01,6,335.47,113.2,340.93170166015625,1005.2875122070313,0.0,38593.46862792969,2844.9636595458983
O1,H30,0.3,0.024999999999999998,2023-04-01,Cement,2023-11-01,7,381.97,112.0,0.1360829671223768,1692.0622123209635,0.0,15.241292317706202,4737.774194498697
O1,H30,0.3,0.024999999999999998,2023-04-01,Cement,2023-12-01,8,467.38,111.7,12.306488037109377,2634.358614095052,0.0,1374.6347137451173,7356.4464298604325
O1,H30,0.3,0.024999999999999998,2023-04-01,Cement,2024-01-01,9,434.45,110.6,359.25535074869794,3609.721098836263,0.0,39733.64179280599,9980.878838282266
O1,H30,0.3,0.024999999999999998,2023-04-01,Cement,2024-02-01,10,367.77,110.6,353.2381896972656,4664.070071614584,0.0,39068.143780517574,12896.153748014323
O1,H30,0.3,0.024999999999999998,2023-04-01,Cement,2024-03-01,11,318.63,110.8,12.442571004231752,6126.814395141602,0.0,1378.6368672688782,16971.275874542236
O1,H30,0.3,0.024999999999999998,2023-04-01,Cement,2024-04-01,12,395.86,110.2,0.0,7865.566908365888,0.0,0.0,21669.636832548018
O1,H30,0.3,0.024999999999999998,2023-04-01,Granite,2023-05-01,1,1844.9,18.3,1412.216855681962,0.0,1844.9,25843.568458979906,0.0
O1,H30,0.3,0.024999999999999998,2023-04-01,Granite,2023-06-01,2,1659.3,18.5,1496.3421809793626,0.0,1659.3,27682.33034811821,0.0
O1,H30,0.3,0.024999999999999998,2023-04-01,Granite,2023-07-01,3,1674.3,18.5,168.25065059480153,0.0,262.08314431803797,3112.637036003828,0.0
O1,H30,0.3,0.024999999999999998,2023-04-01,Granite,2023-08-01,4,1755.2,18.5,56.03472977234037,1153.3590366613246,0.0,1036.6425007882967,533.4285544558626
O1,H30,0.3,0.024999999999999998,2023-04-01,Granite,2023-09-01,5,1729.4,18.6,1356.0356646318407,2500.7687239174506,0.0,25222.26336215224,1162.8574566216146
O1,H30,0.3,0.024999999999999998,2023-04-01,Granite,2023-10-01,6,1742.2,19.5,1440.1609899292414,3891.413140945918,0.0,28083.139303620206,1897.0639062111347
O1,H30,0.3,0.024999999999999998,2023-04-01,Granite,2023-11-01,7,1621.1,20.3,142.43122878778513,6759.193222606225,0.0,2891.353944392038,3430.290560472659
O1,H30,0.3,0.024999999999999998,2023-04-01,Granite,2023-12-01,8,1531.7,21.2,60.57707720842882,11156.534294195773,0.0,1284.2340368186908,5912.963175923759
O1,H30,0.3,0.024999999999999998,2023-04-01,Granite,2024-01-01,9,1664.5,22.3,1360.5780120679292,15563.506594573108,0.0,30340.889669114822,8676.654926474508
O1,H30,0.3,0.024999999999999998,2023-04-01,Granite,2024-02-01,10,1201.2,22.2,1444.7033373653296,20494.35597215887,0.0,32072.414089510316,11374.367564548173
O1,H30,0.3,0.024999999999999998,2023-04-01,Granite,2024-03-01,11,1688.6,22.4,146.97357622387358,26298.383361812565,0.0,3292.208107414768,14727.094682615034
O1,H30,0.3,0.024999999999999998,2023-04-01,Granite,2024-04-01,12,1470.5,22.3,65.11942464451727,33765.214088831584,0.0,1452.1631695727351,18824.10685452361
O1,H30,0.3,0.024999999999999998,2023-04-01,Ready Mixed Concrete,2023-05-01,1,1041.6,117.6,953.5484619140624,0.0,1041.6,112137.29912109373,0.0
O1,H30,0.3,0.024999999999999998,2023-04-01,Ready Mixed Concrete,2023-06-01,2,1020.3,117.3,946.4387512207032,0.0,1020.3,111017.26551818849,0.0
O1,H30,0.3,0.024999999999999998,2023-04-01,Ready Mixed Concrete,2023-07-01,3,1046.0,116.3,0.0,0.0,92.45153808593761,0.0,0.0
O1,H30,0.3,0.024999999999999998,2023-04-01,Ready Mixed Concrete,2023-08-01,4,1113.5,116.4,0.0,786.4872131347656,0.0,0.0,2288.677790222168
O1,H30,0.3,0.024999999999999998,2023-04-01,Ready Mixed Concrete,2023-09-01,5,1081.8,116.6,942.4807739257812,1604.6744262695313,0.0,109893.2582397461,4677.625952575683
O1,H30,0.3,0.024999999999999998,2023-04-01,Ready Mixed Concrete,2023-10-01,6,1101.2,116.4,944.056640625,2403.461639404297,0.0,109888.19296875001,6994.073370666503
O1,H30,0.3,0.024999999999999998,2023-04-01,Ready Mixed Concrete,2023-11-01,7,1070.0,115.4,0.0,4175.929626464844,0.0,0.0,12047.556972351073
O1,H30,0.3,0.024999999999999998,2023-04-01,Ready Mixed Concrete,2023-12-01,8,1101.6,115.4,0.0,6860.85425415039,0.0,0.0,19793.564523223875
O1,H30,0.3,0.024999999999999998,2023-04-01,Ready Mixed Concrete,2024-01-01,9,1071.7,118.1,933.939422607422,9575.678881835936,0.0,110298.24580993653,28272.1918986206
O1,H30,0.3,0.024999999999999998,2023-04-01,Ready Mixed Concrete,2024-02-01,10,874.95,118.0,930.5670166015624,12487.253509521483,0.0,109806.90795898436,36837.39785308837
O1,H30,0.3,0.024999999999999998,2023-04-01,Ready Mixed Concrete,2024-03-01,11,1112.0,118.0,0.0,16095.717559814453,0.0,0.0,47482.366801452634
O1,H30,0.3,0.024999999999999998,2023-04-01,Ready Mixed Concrete,2024-04-01,12,1114.9,119.2,0.0,20631.848626708983,0.0,0.0,61482.90890759277
O1,H30,0.3,0.024999999999999998,2023-04-01,Steel Reinforcement Bars,2023-05-01,1,152.2,922.8,79.23479461669922,0.0,152.2,73117.86847229004,0.0
O1,H30,0.3,0.024999999999999998,2023-04-01,Steel Reinforcement Bars,2023-06-01,2,135.08,885.5,81.7066650390625,0.0,135.08,72351.25189208984,0.0
O1,H30,0.3,0.024999999999999998,2023-04-01,Steel Reinforcement Bars,2023-07-01,3,141.5,859.2,4.9437408447265625,0.0,62.26520538330078,4247.662133789063,0.0
O1,H30,0.3,0.024999999999999998,2023-04-01,Steel Reinforcement Bars,2023-08-01,4,173.95,832.6,1.883583068847656,0.0,13.00854034423827,1568.2712631225584,0.0
O1,H30,0.3,0.024999999999999998,2023-04-01,Steel Reinforcement Bars,2023-09-01,5,140.71,830.1,78.05821990966797,25.175200500488273,0.0,64796.12834701538,522.4483483863828
O1,H30,0.3,0.024999999999999998,2023-04-01,Steel Reinforcement Bars,2023-10-01,6,162.59,827.4,80.53009033203125,30.353984069824207,0.0,66630.59674072266,627.8721604843137
O1,H30,0.3,0.024999999999999998,2023-04-01,Steel Reinforcement Bars,2023-11-01,7,187.13,826.7,3.969046274820968,89.05098754882812,0.0,3281.2105553944943,1840.4612851654051
O1,H30,0.3,0.024999999999999998,2023-04-01,Steel Reinforcement Bars,2023-12-01,8,122.5,819.7,1.1107686360677036,292.9080813598633,0.0,910.4970509846967,6002.418857266998
O1,H30,0.3,0.024999999999999998,2023-04-01,Steel Reinforcement Bars,2024-01-01,9,179.85,833.7,77.28540547688802,443.3842214457194,0.0,64432.84254608154,9241.235635482406
O1,H30,0.3,0.024999999999999998,2023-04-01,Steel Reinforcement Bars,2024-02-01,10,60.8,829.6,79.75727589925131,714.0211301676433,0.0,66166.63608601889,14808.79823967692
O1,H30,0.3,0.024999999999999998,2023-04-01,Steel Reinforcement Bars,2024-03-01,11,91.23,821.7,3.196231842041016,1031.5134443664551,0.0,2626.343704605103,21189.864930897904
O1,H30,0.3,0.024999999999999998,2023-04-01,Steel Reinforcement Bars,2024-04-01,12,111.96,819.4,0.3379542032877509,1408.033034464518,0.0,276.9196741739831,28843.55671100565
O1,H30,0.3,0.024999999999999998,2023-05-01,Cement,2023-06-01,1,335.0,116.7,366.6082763671875,0.0,335.0,42783.18585205078,0.0
O1,H30,0.3,0.024999999999999998,2023-05-01,Cement,2023-07-01,2,425.98,115.2,358.5407257080078,0.0,425.98,41303.8916015625,0.0
O1,H30,0.3,0.024999999999999998,2023-05-01,Cement,2023-08-01,3,378.3,114.4,0.0,0.0,11.691723632812511,0.0,0.0
O1,H30,0.3,0.024999999999999998,2023-05-01,Cement,2023-09-01,4,446.33,113.5,0.0,278.8190020751953,0.0,0.0,791.1489183883667
O1,H30,0.3,0.024999999999999998,2023-05-01,Cement,2023-10-01,5,335.47,113.2,349.9842834472656,668.4980041503907,0.0,39618.22088623047,1891.8493517456054
O1,H30,0.3,0.024999999999999998,2023-05-01,Cement,2023-11-01,6,381.97,112.0,349.7398376464844,1011.677006225586,0.0,39170.86181640625,2832.6956174316406
O1,H30,0.3,0.024999999999999998,2023-05-01,Cement,2023-12-01,7,467.38,111.7,0.0,1619.4302917480468,0.0,0.0,4522.259089706421
O1,H30,0.3,0.024999999999999998,2023-05-01,Cement,2024-01-01,8,434.45,110.6,0.0,2609.8534149169923,0.0,0.0,7216.244692245483
O1,H30,0.3,0.024999999999999998,2023-05-01,Cement,2024-02-01,9,367.77,110.6,336.96990966796875,3666.9565380859376,0.0,37268.872009277344,10139.134827807617
O1,H30,0.3,0.024999999999999998,2023-05-01,Cement,2024-03-01,10,318.63,110.8,332.7132670084636,4773.199661254883,0.0,36864.629984537765,13221.763061676023
O1,H30,0.3,0.024999999999999998,2023-05-01,Cement,2024-04-01,11,395.86,110.2,0.0,6139.182694091797,0.0,0.0,16913.4483222229
O1,H30,0.3,0.024999999999999998,2023-05-01,Cement,2024-05-01,12,330.62,110.2,0.0,7903.118993937175,0.0,0.0,21773.092828296918
O1,H30,0.3,0.024999999999999998,2023-05-01,Granite,2023-06-01,1,1659.3,18.5,1508.7962935793453,0.0,1659.3,27912.731431217886,0.0
O1,H30,0.3,0.024999999999999998,2023-05-01,Granite,2023-07-01,2,1674.3,18.5,1515.9796661523417,0.0,1674.3,28045.62382381832,0.0
O1,H30,0.3,0.024999999999999998,2023-05-01,Granite,2023-08-01,3,1755.2,18.5,14.366745145992809,0.0,246.40370642065477,265.78478520086696,0.0
O1,H30,0.3,0.024999999999999998,2023-05-01,Granite,2023-09-01,4,1729.4,18.6,0.0,1295.375959731687,0.0,0.0,602.3498212752345
O1,H30,0.3,0.024999999999999998,2023-05-01,Granite,2023-10-01,5,1742.2,19.5,1474.7994471081172,2592.3186646093673,0.0,28758.589218608286,1263.7553489970664
O1,H30,0.3,0.024999999999999998,2023-05-01,Granite,2023-11-01,6,1621.1,20.3,1472.1677690184958,4010.361369487048,0.0,29885.005711075468,2035.2583950146766
O1,H30,0.3,0.024999999999999998,2023-05-01,Granite,2023-12-01,7,1531.7,21.2,0.0,6992.6035214728445,0.0,0.0,3706.079866380607
O1,H30,0.3,0.024999999999999998,2023-05-01,Granite,2024-01-01,8,1664.5,22.3,0.0,11314.213442477138,0.0,0.0,6307.673994181004
O1,H30,0.3,0.024999999999999998,2023-05-01,Granite,2024-02-01,9,1201.2,22.2,1390.2878770695406,16099.12336348143,0.0,30864.3908709438,8935.013466732193
O1,H30,0.3,0.024999999999999998,2023-05-01,Granite,2024-03-01,10,1688.6,22.4,1362.9945797532223,20396.633284485724,0.0,30531.078586472177,11422.114639312005
O1,H30,0.3,0.024999999999999998,2023-05-01,Granite,2024-04-01,11,1470.5,22.3,0.0,26302.53108255956,0.0,0.0,14663.661078526953
O1,H30,0.3,0.024999999999999998,2023-05-01,Granite,2024-05-01,12,1911.9,22.1,0.0,33130.02346038661,0.0,0.0,18304.337961863603
O1,H30,0.3,0.024999999999999998,2023-05-01,Ready Mixed Concrete,2023-06-01,1,1020.3,117.3,1008.7596435546876,0.0,1020.3,118327.50618896485,0.0
O1,H30,0.3,0.024999999999999998,2023-05-01,Ready Mixed Concrete,2023-07-01,2,1046.0,116.3,981.2903747558594,0.0,1046.0,114124.07058410645,0.0
O1,H30,0.3,0.024999999999999998,2023-05-01,Ready Mixed Concrete,2023-08-01,3,1113.5,116.4,0.0,0.0,104.74035644531239,0.0,0.0
O1,H30,0.3,0.024999999999999998,2023-05-01,Ready Mixed Concrete,2023-09-01,4,1081.8,116.6,0.0,908.2500183105469,0.0,0.0,2647.548803375244
O1,H30,0.3,0.024999999999999998,2023-05-01,Ready Mixed Concrete,2023-10-01,5,1101.2,116.4,964.9572550455728,1797.1000366210935,0.0,112321.02448730468,5229.561106567382
O1,H30,0.3,0.024999999999999998,2023-05-01,Ready Mixed Concrete,2023-11-01,6,1070.0,115.4,970.5253295898438,2717.1500549316406,0.0,111998.62303466798,7838.977908477783
O1,H30,0.3,0.024999999999999998,2023-05-01,Ready Mixed Concrete,2023-12-01,7,1101.6,115.4,0.0,4570.557328287759,0.0,0.0,13186.057892110184
O1,H30,0.3,0.024999999999999998,2023-05-01,Ready Mixed Concrete,2024-01-01,8,1071.7,118.1,0.0,7424.389931233723,0.0,0.0,21920.511271967564
O1,H30,0.3,0.024999999999999998,2023-05-01,Ready Mixed Concrete,2024-02-01,9,874.95,118.0,949.9003295898438,10474.972534179686,0.0,112088.23889160156,30901.16897583007
O1,H30,0.3,0.024999999999999998,2023-05-01,Ready Mixed Concrete,2024-03-01,10,1112.0,118.0,943.0253295898438,13288.505137125649,0.0,111276.98889160156,39201.09015452066
O1,H30,0.3,0.024999999999999998,2023-05-01,Ready Mixed Concrete,2024-04-01,11,1114.9,119.2,0.0,17049.038069661452,0.0,0.0,50806.13344759113
O1,H30,0.3,0.024999999999999998,2023-05-01,Ready Mixed Concrete,2024-05-01,12,1151.8,120.4,0.0,21715.6963317871,0.0,0.0,65364.245958679174
O1,H30,0.3,0.024999999999999998,2023-05-01,Steel Reinforcement Bars,2023-06-01,1,135.08,885.5,78.85858917236328,0.0,135.08,69829.28071212769,0.0
O1,H30,0.3,0.024999999999999998,2023-05-01,Steel Reinforcement Bars,2023-07-01,2,141.5,859.2,73.97389221191406,0.0,141.5,63558.36818847657,0.0
O1,H30,0.3,0.024999999999999998,2023-05-01,Steel Reinforcement Bars,2023-08-01,3,173.95,832.6,0.0,0.0,95.09141082763671,0.0,0.0
O1,H30,0.3,0.024999999999999998,2023-05-01,Steel Reinforcement Bars,2023-09-01,4,140.71,830.1,0.0,12.122481384277336,0.0,0.0,251.5717949272154
O1,H30,0.3,0.024999999999999998,2023-05-01,Steel Reinforcement Bars,2023-10-01,5,162.59,827.4,75.55024973551433,2.364962768554676,0.0,62510.276631164554,48.91925486755347
O1,H30,0.3,0.024999999999999998,2023-05-01,Steel Reinforcement Bars,2023-11-01,6,187.13,826.7,78.78077697753906,0.0,31.932555847167976,65128.068327331544,0.0
O1,H30,0.3,0.024999999999999998,2023-05-01,Steel Reinforcement Bars,2023-12-01,7,122.5,819.7,3.2125256856282505,105.88273111979169,0.0,2633.307304509477,2169.801867472331
O1,H30,0.3,0.024999999999999998,2023-05-01,Steel Reinforcement Bars,2024-01-01,8,179.85,833.7,0.0,233.19623921712244,0.0,0.0,4860.392615882874
O1,H30,0.3,0.024999999999999998,2023-05-01,Steel Reinforcement Bars,2024-02-01,9,60.8,829.6,75.51424662272136,482.7722730000814,0.0,62646.61899820964,10012.696942021686
O1,H30,0.3,0.024999999999999998,2023-05-01,Steel Reinforcement Bars,2024-03-01,10,91.23,821.7,78.70877075195312,701.9183067830404,0.0,64674.99692687989,14419.156817090608
O1,H30,0.3,0.024999999999999998,2023-05-01,Steel Reinforcement Bars,2024-04-01,11,111.96,819.4,3.1765225728352817,975.8485871887208,0.0,2602.84259618123,19990.258308560944
O1,H30,0.3,0.024999999999999998,2023-05-01,Steel Reinforcement Bars,2024-05-01,12,160.55,812.5,0.0,1279.8976383463544,0.0,0.0,25997.920778910324
O2,H30,0.3,0.024999999999999998,2022-07-01,Cement,2022-08-01,1,402.46,119.0,0.0,0.0,402.46,0.0,0.0
O2,H30,0.3,0.024999999999999998,2022-07-01,Cement,2022-09-01,2,346.61,118.6,0.0,0.0,346.61,0.0,0.0
O2,H30,0.3,0.024999999999999998,2022-07-01,Cement,2022-10-01,3,368.78,118.6,0.0,0.0,368.78,0.0,0.0
O2,H30,0.3,0.024999999999999998,2022-07-01,Cement,2022-11-01,4,296.3,118.4,0.0,0.0,296.3,0.0,0.0
O2,H30,0.3,0.024999999999999998,2022-07-01,Cement,2022-12-01,5,375.31,118.3,0.0,0.0,375.31,0.0,0.0
O2,H30,0.3,0.024999999999999998,2022-07-01,Cement,2023-01-01,6,440.73,118.5,340.4296339942387,0.0,440.73,40340.911628317284,0.0
O2,H30,0.3,0.024999999999999998,2022-07-01,Cement,2023-02-01,7,282.49,118.4,358.93775939941406,0.0,282.49,42498.230712890625,0.0
O2,H30,0.3,0.024999999999999998,2022-07-01,Cement,2023-03-01,8,427.87,118.2,362.0424296061198,0.0,87.44036600576129,42793.415179443364,0.0
O2,H30,0.3,0.024999999999999998,2022-07-01,Cement,2023-04-01,9,315.7,118.0,365.1470998128256,383.66739339365273,0.0,43087.35777791342,1131.8188105112754
O2,H30,0.3,0.024999999999999998,2022-07-01,Cement,2023-05-01,10,398.82,117.2,368.2517700195313,1046.2572163934253,0.0,43159.10744628907,3065.533644032736
O2,H30,0.3,0.024999999999999998,2022-07-01,Cement,2023-06-01,11,335.0,116.7,0.0,2137.8141392060234,0.0,0.0,6237.072751133574
O2,H30,0.3,0.024999999999999998,2022-07-01,Cement,2023-07-01,12,425.98,115.2,0.0,3506.642832038153,0.0,0.0,10099.13135626988
O2,H30,0.3,0.024999999999999998,2022-07-01,Granite,2022-08-01,1,1491.5,20.5,1652.2988018747071,0.0,1491.5,33872.125438431496,0.0
O2,H30,0.3,0.024999999999999998,2022-07-01,Granite,2022-09-01,2,1550.1,20.8,1613.3504693806378,0.0,1550.1,33557.68976311727,0.0
O2,H30,0.3,0.024999999999999998,2022-07-01,Granite,2022-10-01,3,1554.5,20.4,0.0,97.79880187470712,0.0,0.0,49.877388956100624
O2,H30,0.3,0.024999999999999998,2022-07-01,Granite,2022-11-01,4,1531.9,20.5,0.0,1831.5480731300518,0.0,0.0,938.6683874791514
O2,H30,0.3,0.024999999999999998,2022-07-01,Granite,2022-12-01,5,1692.1,19.3,0.0,3405.097344385397,0.0,0.0,1642.9594686659539
O2,H30,0.3,0.024999999999999998,2022-07-01,Granite,2023-01-01,6,1309.6,19.0,0.0,5361.146615640742,0.0,0.0,2546.5446424293523
O2,H30,0.3,0.024999999999999998,2022-07-01,Granite,2023-02-01,7,1455.1,18.5,0.0,7171.695886896086,0.0,0.0,3316.9093476894395
O2,H30,0.3,0.024999999999999998,2022-07-01,Granite,2023-03-01,8,1561.4,18.3,1712.0648770828775,8875.945158151431,0.0,31330.78725061666,4060.7449098542793
O2,H30,0.3,0.024999999999999998,2022-07-01,Granite,2023-04-01,9,1395.2,18.6,1723.6783368007882,10746.394429406775,0.0,32060.417064494664,4997.073409674151
O2,H30,0.3,0.024999999999999998,2022-07-01,Granite,2023-05-01,10,1844.9,18.3,1735.2917965186984,13879.208577744997,0.0,31755.839876292182,6349.737924318336
O2,H30,0.3,0.024999999999999998,2022-07-01,Granite,2023-06-01,11,1659.3,18.5,0.0,18921.30106288401,0.0,0.0,8751.101741583854
O2,H30,0.3,0.024999999999999998,2022-07-01,Granite,2023-07-01,12,1674.3,18.5,0.0,25683.68534454172,0.0,0.0,11878.704471850544
O2,H30,0.3,0.024999999999999998,2022-07-01,Ready Mixed Concrete,2022-08-01,1,982.6,118.3,0.0,0.0,982.6,0.0,0.0
O2,H30,0.3,0.024999999999999998,2022-07-01,Ready Mixed Concrete,2022-09-01,2,993.4,118.6,0.0,0.0,993.4,0.0,0.0
O2,H30,0.3,0.024999999999999998,2022-07-01,Ready Mixed Concrete,2022-10-01,3,930.7,118.5,0.0,0.0,930.7,0.0,0.0
O2,H30,0.3,0.024999999999999998,2022-07-01,Ready Mixed Concrete,2022-11-01,4,959.9,118.2,0.0,0.0,959.9,0.0,0.0
O2,H30,0.3,0.024999999999999998,2022-07-01,Ready Mixed Concrete,2022-12-01,5,992.6,118.0,7.796117046810309,0.0,992.6,919.9418115236165,0.0
O2,H30,0.3,0.024999999999999998,2022-07-01,Ready Mixed Concrete,2023-01-01,6,808.1,117.6,1022.1003824869792,0.0,808.1,120199.00498046876,0.0
O2,H30,0.3,0.024999999999999998,2022-07-01,Ready Mixed Concrete,2023-02-01,7,897.3,118.1,1021.7567443847656,0.0,889.5038829531896,120669.47151184082,0.0
O2,H30,0.3,0.024999999999999998,2022-07-01,Ready Mixed Concrete,2023-03-01,8,1070.7,116.8,1021.413106282552,0.0,40.80350046621038,119301.05081380207,0.0
O2,H30,0.3,0.024999999999999998,2022-07-01,Ready Mixed Concrete,2023-04-01,9,918.4,117.2,1021.0694681803384,1133.2532439185552,0.0,119669.34167073567,3320.4320046813664
O2,H30,0.3,0.024999999999999998,2022-07-01,Ready Mixed Concrete,2023-05-01,10,1041.6,117.6,1020.725830078125,3164.719594119663,0.0,120037.35761718749,9304.275606711808
O2,H30,0.3,0.024999999999999998,2022-07-01,Ready Mixed Concrete,2023-06-01,11,1020.3,117.3,0.0,6238.555412501109,0.0,0.0,18294.5637471595
O2,H30,0.3,0.024999999999999998,2022-07-01,Ready Mixed Concrete,2023-07-01,12,1046.0,116.3,0.0,10307.41706096068,0.0,0.0,29968.81510474318
O2,H30,0.3,0.024999999999999998,2022-07-01,Steel Reinforcement Bars,2022-08-01,1,102.45,1106.3,0.0,0.0,102.45,0.0,0.0
O2,H30,0.3,0.024999999999999998,2022-07-01,Steel Reinforcement Bars,2022-09-01,2,174.43,1072.6,0.0,0.0,174.43,0.0,0.0
O2,H30,0.3,0.024999999999999998,2022-07-01,Steel Reinforcement Bars,2022-10-01,3,108.27,1040.5,0.0,0.0,108.27,0.0,0.0
O2,H30,0.3,0.024999999999999998,2022-07-01,Steel Reinforcement Bars,2022-11-01,4,51.21,1004.5,0.0,0.0,51.21,0.0,0.0
O2,H30,0.3,0.024999999999999998,2022-07-01,Steel Reinforcement Bars,2022-12-01,5,70.5,952.3,0.0,0.0,70.5,0.0,0.0
O2,H30,0.3,0.024999999999999998,2022-07-01,Steel Reinforcement Bars,2023-01-01,6,79.16,922.6,44.47756948007816,0.0,79.16,41035.00560232011,0.0
O2,H30,0.3,0.024999999999999998,2022-07-01,Steel Reinforcement Bars,2023-02-01,7,100.49,942.1,79.70947265625,0.0,100.49,75094.29418945312,0.0
O2,H30,0.3,0.024999999999999998,2022-07-01,Steel Reinforcement Bars,2023-03-01,8,57.1,946.6,83.92909240722655,0.0,12.622430519921842,79447.27887268065,0.0
O2,H30,0.3,0.024999999999999998,2022-07-01,Steel Reinforcement Bars,2023-04-01,9,67.2,940.1,88.14871215820311,56.98704213632816,0.0,82868.60429992675,1339.3379578090523
O2,H30,0.3,0.024999999999999998,2022-07-01,Steel Reinforcement Bars,2023-05-01,10,152.2,922.8,92.36833190917967,112.9031766798829,0.0,85237.496685791,2604.6762860048984
O2,H30,0.3,0.024999999999999998,2022-07-01,Steel Reinforcement Bars,2023-06-01,11,135.08,885.5,0.0,274.0880233816407,0.0,0.0,6067.623617611071
O2,H30,0.3,0.024999999999999998,2022-07-01,Steel Reinforcement Bars,2023-07-01,12,141.5,859.2,0.0,521.2212019925782,0.0,0.0,11195.83141880058
O2,H30,0.3,0.024999999999999998,2022-08-01,Cement,2022-09-01,1,346.61,118.6,0.0,0.0,346.61,0.0,0.0
O2,H30,0.3,0.024999999999999998,2022-08-01,Cement,2022-10-01,2,368.78,118.6,0.0,0.0,368.78,0.0,0.0
O2,H30,0.3,0.024999999999999998,2022-08-01,Cement,2022-11-01,3,296.3,118.4,0.0,0.0,296.3,0.0,0.0
O2,H30,0.3,0.024999999999999998,2022-08-01,Cement,2022-12-01,4,375.31,118.3,0.0,0.0,375.31,0.0,0.0
O2,H30,0.3,0.024999999999999998,2022-08-01,Cement,2023-01-01,5,440.73,118.5,61.08071889414077,0.0,440.73,7238.065188955681,0.0
O2,H30,0.3,0.024999999999999998,2022-08-01,Cement,2023-02-01,6,282.49,118.4,329.19415283203125,0.0,282.49,38976.587695312504,0.0
O2,H30,0.3,0.024999999999999998,2022-08-01,Cement,2023-03-01,7,427.87,118.2,325.26055908203125,0.0,366.78928110585923,38445.7980834961,0.0
O2,H30,0.3,0.024999999999999998,2022-08-01,Cement,2023-04-01,8,315.7,118.0,321.32696533203125,74.57487172617203,0.0,37916.58190917969,219.9958715922075
O2,H30,0.3,0.024999999999999998,2022-08-01,Cement,2023-05-01,9,398.82,117.2,317.39337158203125,391.29030253437526,0.0,37198.503149414064,1146.4805864257194
O2,H30,0.3,0.024999999999999998,2022-08-01,Cement,2023-06-01,10,335.0,116.7,313.45977783203125,1093.1526986746098,0.0,36580.75607299805,3189.272998383174
O2,H30,0.3,0.024999999999999998,2022-08-01,Cement,2023-07-01,11,425.98,115.2,0.0,2021.4284663968756,0.0,0.0,5821.713983223001
O2,H30,0.3,0.024999999999999998,2022-08-01,Cement,2023-08-01,12,378.3,114.4,0.0,3310.8440119511724,0.0,0.0,9469.013874180353
O2,H30,0.3,0.024999999999999998,2022-08-01,Granite,2022-09-01,1,1550.1,20.8,1471.8025562306725,0.0,1550.1,30613.49316959799,0.0
O2,H30,0.3,0.024999999999999998,2022-08-01,Granite,2022-10-01,2,1554.5,20.4,1618.5485821774096,0.0,1554.5,33018.39107641915,0.0
O2,H30,0.3,0.024999999999999998,2022-08-01,Granite,2022-11-01,3,1531.9,20.5,1552.5166117519875,0.0,60.09744376932758,31826.590540915742,0.0
O2,H30,0.3,0.024999999999999998,2022-08-01,Granite,2022-12-01,4,1692.1,19.3,0.0,1398.2511384080822,0.0,0.0,674.6561742818997
O2,H30,0.3,0.024999999999999998,2022-08-01,Granite,2023-01-01,5,1309.6,19.0,0.0,4731.518888568151,0.0,0.0,2247.4714720698717
O2,H30,0.3,0.024999999999999998,2022-08-01,Granite,2023-02-01,6,1455.1,18.5,0.0,7919.286638728221,0.0,0.0,3662.670070411802
O2,H30,0.3,0.024999999999999998,2022-08-01,Granite,2023-03-01,7,1561.4,18.3,0.0,11000.754388888292,0.0,0.0,5032.845132916394
O2,H30,0.3,0.024999999999999998,2022-08-01,Granite,2023-04-01,8,1395.2,18.6,0.0,14248.422139048362,0.0,0.0,6625.516294657488
O2,H30,0.3,0.024999999999999998,2022-08-01,Granite,2023-05-01,9,1844.9,18.3,1633.305491285495,17046.38988920843,0.0,29889.49049052456,7798.723374312855
O2,H30,0.3,0.024999999999999998,2022-08-01,Granite,2023-06-01,10,1659.3,18.5,1662.669661277281,20029.9576393685,0.0,30759.388733629698,9263.85540820793
O2,H30,0.3,0.024999999999999998,2022-08-01,Granite,2023-07-01,11,1674.3,18.5,0.0,24631.830880814065,0.0,0.0,11392.221782376504
O2,H30,0.3,0.024999999999999998,2022-08-01,Granite,2023-08-01,12,1755.2,18.5,0.0,30815.47378353691,0.0,0.0,14252.15662488582
O2,H30,0.3,0.024999999999999998,2022-08-01,Ready Mixed Concrete,2022-09-01,1,993.4,118.6,0.0,0.0,993.4,0.0,0.0
O2,H30,0.3,0.024999999999999998,2022-08-01,Ready Mixed Concrete,2022-10-01,2,930.7,118.5,0.0,0.0,930.7,0.0,0.0
O2,H30,0.3,0.024999999999999998,2022-08-01,Ready Mixed Concrete,2022-11-01,3,959.9,118.2,0.0,0.0,959.9,0.0,0.0
O2,H30,0.3,0.024999999999999998,2022-08-01,Ready Mixed Concrete,2022-12-01,4,992.6,118.0,0.0,0.0,992.6,0.0,0.0
O2,H30,0.3,0.024999999999999998,2022-08-01,Ready Mixed Concrete,2023-01-01,5,808.1,117.6,0.8183440162106308,0.0,808.1,96.23725630637017,0.0
O2,H30,0.3,0.024999999999999998,2022-08-01,Ready Mixed Concrete,2023-02-01,6,897.3,118.1,981.079833984375,0.0,897.3,115865.52839355468,0.0
O2,H30,0.3,0.024999999999999998,2022-08-01,Ready Mixed Concrete,2023-03-01,7,1070.7,116.8,985.170379638672,0.0,1069.8816559837894,115067.90034179689,0.0
O2,H30,0.3,0.024999999999999998,2022-08-01,Ready Mixed Concrete,2023-04-01,8,918.4,117.2,989.2609252929686,63.49817800058565,0.0,115941.38044433593,186.04966154171595
O2,H30,0.3,0.024999999999999998,2022-08-01,Ready Mixed Concrete,2023-05-01,9,1041.6,117.6,993.3514709472656,988.9667356398431,0.0,116818.13298339843,2907.5622027811382
O2,H30,0.3,0.024999999999999998,2022-08-01,Ready Mixed Concrete,2023-06-01,10,1020.3,117.3,997.4420166015624,2924.9962185720697,0.0,116999.94854736327,8577.551410962593
O2,H30,0.3,0.024999999999999998,2022-08-01,Ready Mixed Concrete,2023-07-01,11,1046.0,116.3,0.0,5828.677172451562,0.0,0.0,16946.878878902917
O2,H30,0.3,0.024999999999999998,2022-08-01,Ready Mixed Concrete,2023-08-01,12,1113.5,116.4,0.0,9662.300142932616,0.0,0.0,28117.29341593391
O2,H30,0.3,0.024999999999999998,2022-08-01,Steel Reinforcement Bars,2022-09-01,1,174.43,1072.6,0.0,0.0,174.43,0.0,0.0
O2,H30,0.3,0.024999999999999998,2022-08-01,Steel Reinforcement Bars,2022-10-01,2,108.27,1040.5,0.0,0.0,108.27,0.0,0.0
O2,H30,0.3,0.024999999999999998,2022-08-01,Steel Reinforcement Bars,2022-11-01,3,51.21,1004.5,0.0,0.0,51.21,0.0,0.0
O2,H30,0.3,0.024999999999999998,2022-08-01,Steel Reinforcement Bars,2022-12-01,4,70.5,952.3,0.0,0.0,70.5,0.0,0.0
O2,H30,0.3,0.024999999999999998,2022-08-01,Steel Reinforcement Bars,2023-01-01,5,79.16,922.6,0.0,0.0,79.16,0.0,0.0
O2,H30,0.3,0.024999999999999998,2022-08-01,Steel Reinforcement Bars,2023-02-01,6,100.49,942.1,64.983268637793,0.0,100.49,61220.73738366479,0.0
O2,H30,0.3,0.024999999999999998,2022-08-01,Steel Reinforcement Bars,2023-03-01,7,57.1,946.6,71.49606323242188,0.0,57.1,67678.17345581055,0.0
O2,H30,0.3,0.024999999999999998,2022-08-01,Steel Reinforcement Bars,2023-04-01,8,67.2,940.1,72.94750467936198,0.0,2.2167313622069997,68577.9491490682,0.0
O2,H30,0.3,0.024999999999999998,2022-08-01,Steel Reinforcement Bars,2023-05-01,9,152.2,922.8,74.39894612630208,0.0,15.72066812978511,68655.34748535155,0.0
O2,H30,0.3,0.024999999999999998,2022-08-01,Steel Reinforcement Bars,2023-06-01,10,135.08,885.5,75.85038757324219,74.34683654957686,0.0,67165.51819610596,1645.8530941162578
O2,H30,0.3,0.024999999999999998,2022-08-01,Steel Reinforcement Bars,2023-07-01,11,141.5,859.2,0.0,216.67261922545583,0.0,0.0,4654.127860962792
O2,H30,0.3,0.024999999999999998,2022-08-01,Steel Reinforcement Bars,2023-08-01,12,173.95,832.6,0.0,402.398789474577,0.0,0.0,8375.930802913319
O2,H30,0.3,0.024999999999999998,2022-09-01,Cement,2022-10-01,1,368.78,118.6,0.0,0.0,368.78,0.0,0.0
O2,H30,0.3,0.024999999999999998,2022-09-01,Cement,2022-11-01,2,296.3,118.4,0.0,0.0,296.3,0.0,0.0
O2,H30,0.3,0.024999999999999998,2022-09-01,Cement,2022-12-01,3,375.31,118.3,0.0,0.0,375.31,0.0,0.0
O2,H30,0.3,0.024999999999999998,2022-09-01,Cement,2023-01-01,4,440.73,118.5,0.0,0.0,440.73,0.0,0.0
O2,H30,0.3,0.024999999999999998,2022-09-01,Cement,2023-02-01,5,282.49,118.4,0.0,0.0,282.49,0.0,0.0
O2,H30,0.3,0.024999999999999998,2022-09-01,Cement,2023-03-01,6,427.87,118.2,260.8707121802736,0.0,427.87,30834.91817970834,0.0
O2,H30,0.3,0.024999999999999998,2022-09-01,Cement,2023-04-01,7,315.7,118.0,363.4754333496094,0.0,315.7,42890.101135253906,0.0
O2,H30,0.3,0.024999999999999998,2022-09-01,Cement,2023-05-01,8,398.82,117.2,377.0816243489583,0.0,137.9492878197264,44193.96637369791,0.0
O2,H30,0.3,0.024999999999999998,2022-09-01,Cement,2023-06-01,9,335.0,116.7,390.6878153483073,289.34614552988296,0.0,45593.26805114746,844.1673795834336
O2,H30,0.3,0.024999999999999998,2022-09-01,Cement,2023-07-01,10,425.98,115.2,404.29400634765625,864.7939154087242,0.0,46574.66953125,2490.6064763771255
O2,H30,0.3,0.024999999999999998,2022-09-01,Cement,2023-08-01,11,378.3,114.4,0.0,1878.609500635873,0.0,0.0,5372.823171818596
O2,H30,0.3,0.024999999999999998,2022-09-01,Cement,2023-09-01,12,446.33,113.5,0.0,3228.6890922106777,0.0,0.0,9161.405299147798
O2,H30,0.3,0.024999999999999998,2022-09-01,Granite,2022-10-01,1,1554.5,20.4,1680.0574572506694,0.0,1554.5,34273.172127913655,0.0
O2,H30,0.3,0.024999999999999998,2022-09-01,Granite,2022-11-01,2,1531.9,20.5,1662.678848341505,0.0,1531.9,34084.91639100085,0.0
O2,H30,0.3,0.024999999999999998,2022-09-01,Granite,2022-12-01,3,1692.1,19.3,1645.3002394323405,0.0,12.04254274933055,31754.294621044173,0.0
O2,H30,0.3,0.024999999999999998,2022-09-01,Granite,2023-01-01,4,1309.6,19.0,0.0,2033.1363055921743,0.0,0.0,965.7397451562828
O2,H30,0.3,0.024999999999999998,2022-09-01,Granite,2023-02-01,5,1455.1,18.5,0.0,5566.072850616689,0.0,0.0,2574.3086934102184
O2,H30,0.3,0.024999999999999998,2022-09-01,Granite,2023-03-01,6,1561.4,18.3,0.0,8992.709395641205,0.0,0.0,4114.164548505851
O2,H30,0.3,0.024999999999999998,2022-09-01,Granite,2023-04-01,7,1395.2,18.6,0.0,12585.545940665717,0.0,0.0,5852.278862409559
O2,H30,0.3,0.024999999999999998,2022-09-01,Granite,2023-05-01,8,1844.9,18.3,0.0,15728.682485690233,0.0,0.0,7195.872237203281
O2,H30,0.3,0.024999999999999998,2022-09-01,Granite,2023-06-01,9,1659.3,18.5,1563.7979006422224,19057.419030714747,0.0,28930.261161881113,8814.05630170557
O2,H30,0.3,0.024999999999999998,2022-09-01,Granite,2023-07-01,10,1674.3,18.5,1611.9377597852265,22371.155575739263,0.0,29820.84855602669,10346.659453779408
O2,H30,0.3,0.024999999999999998,2022-09-01,Granite,2023-08-01,11,1755.2,18.5,0.0,27167.790021406,0.0,0.0,12565.102884900274
O2,H30,0.3,0.024999999999999998,2022-09-01,Granite,2023-09-01,12,1729.4,18.6,0.0,33602.16222685796,0.0,0.0,15625.005435488953
O2,H30,0.3,0.024999999999999998,2022-09-01,Ready Mixed Concrete,2022-10-01,1,930.7,118.5,0.0,0.0,930.7,0.0,0.0
O2,H30,0.3,0.024999999999999998,2022-09-01,Ready Mixed Concrete,2022-11-01,2,959.9,118.2,0.0,0.0,959.9,0.0,0.0
O2,H30,0.3,0.024999999999999998,2022-09-01,Ready Mixed Concrete,2022-12-01,3,992.6,118.0,0.0,0.0,992.6,0.0,0.0
O2,H30,0.3,0.024999999999999998,2022-09-01,Ready Mixed Concrete,2023-01-01,4,808.1,117.6,0.0,0.0,808.1,0.0,0.0
O2,H30,0.3,0.024999999999999998,2022-09-01,Ready Mixed Concrete,2023-02-01,5,897.3,118.1,1009.530253092448,0.0,897.3,119225.5228902181,0.0
O2,H30,0.3,0.024999999999999998,2022-09-01,Ready Mixed Concrete,2023-03-01,6,1070.7,116.8,1010.9761555989584,0.0,1070.7,118082.01497395833,0.0
O2,H30,0.3,0.024999999999999998,2022-09-01,Ready Mixed Concrete,2023-04-01,7,918.4,117.2,1012.4220581054688,91.13025309244802,0.0,118655.86520996095,267.01164156087265
O2,H30,0.3,0.024999999999999998,2022-09-01,Ready Mixed Concrete,2023-05-01,8,1041.6,117.6,1013.8679606119792,1070.0366617838545,0.0,119230.87216796876,3145.9077856445315
O2,H30,0.3,0.024999999999999998,2022-09-01,Ready Mixed Concrete,2023-06-01,9,1020.3,117.3,1015.3138631184896,3082.6651285807293,0.0,119096.31614379883,9039.915489562987
O2,H30,0.3,0.024999999999999998,2022-09-01,Ready Mixed Concrete,2023-07-01,10,1046.0,116.3,7.309844870703387,6083.461555989584,0.0,850.1349584628039,17687.664474039713
O2,H30,0.3,0.024999999999999998,2022-09-01,Ready Mixed Concrete,2023-08-01,11,1113.5,116.4,0.0,10032.071846516927,0.0,0.0,29193.329073364253
O2,H30,0.3,0.024999999999999998,2022-09-01,Ready Mixed Concrete,2023-09-01,12,1081.8,116.6,0.0,14019.691981914973,0.0,0.0,40867.40212728214
O2,H30,0.3,0.024999999999999998,2022-09-01,Steel Reinforcement Bars,2022-10-01,1,108.27,1040.5,0.0,0.0,108.27,0.0,0.0
O2,H30,0.3,0.024999999999999998,2022-09-01,Steel Reinforcement Bars,2022-11-01,2,51.21,1004.5,0.0,0.0,51.21,0.0,0.0
O2,H30,0.3,0.024999999999999998,2022-09-01,Steel Reinforcement Bars,2022-12-01,3,70.5,952.3,64.86755933298345,0.0,70.5,61773.37675280013,0.0
O2,H30,0.3,0.024999999999999998,2022-09-01,Steel Reinforcement Bars,2023-01-01,4,79.16,922.6,0.0,0.0,79.16,0.0,0.0
O2,H30,0.3,0.024999999999999998,2022-09-01,Steel Reinforcement Bars,2023-02-01,5,100.49,942.1,0.0,0.0,35.62244066701655,0.0,0.0
O2,H30,0.3,0.024999999999999998,2022-09-01,Steel Reinforcement Bars,2023-03-01,6,57.1,946.6,0.0,7.767559332983446,0.0,0.0,183.81929161505323
O2,H30,0.3,0.024999999999999998,2022-09-01,Steel Reinforcement Bars,2023-04-01,7,67.2,940.1,82.51488876342773,5.435118665966897,0.0,77572.24692649841,127.73887644688698
O2,H30,0.3,0.024999999999999998,2022-09-01,Steel Reinforcement Bars,2023-05-01,8,152.2,922.8,83.75896962483723,0.0,81.89732200104964,77292.7771697998,0.0
O2,H30,0.3,0.024999999999999998,2022-09-01,Steel Reinforcement Bars,2023-06-01,9,135.08,885.5,85.00305048624675,12.302448096411155,0.0,75270.2012055715,272.3454447343019
O2,H30,0.3,0.024999999999999998,2022-09-01,Steel Reinforcement Bars,2023-07-01,10,141.5,859.2,86.24713134765625,101.94386581765954,0.0,74103.53525390626,2189.754237763327
O2,H30,0.3,0.024999999999999998,2022-09-01,Steel Reinforcement Bars,2023-08-01,11,173.95,832.6,0.0,244.13833402515473,0.0,0.0,5081.739422733595
O2,H30,0.3,0.024999999999999998,2022-09-01,Steel Reinforcement Bars,2023-09-01,12,140.71,830.1,0.0,505.81993358030604,0.0,0.0,10497.0281716253
O2,H30,0.3,0.024999999999999998,2022-10-01,Cement,2022-11-01,1,296.3,118.4,0.0,0.0,296.3,0.0,0.0
O2,H30,0.3,0.024999999999999998,2022-10-01,Cement,2022-12-01,2,375.31,118.3,0.0,0.0,375.31,0.0,0.0
O2,H30,0.3,0.024999999999999998,2022-10-01,Cement,2023-01-01,3,440.73,118.5,0.0,0.0,440.73,0.0,0.0
O2,H30,0.3,0.024999999999999998,2022-10-01,Cement,2023-02-01,4,282.49,118.4,0.0,0.0,282.49,0.0,0.0
O2,H30,0.3,0.024999999999999998,2022-10-01,Cement,2023-03-01,5,427.87,118.2,0.0,0.0,427.87,0.0,0.0
O2,H30,0.3,0.024999999999999998,2022-10-01,Cement,2023-04-01,6,315.7,118.0,304.6342925025392,0.0,315.7,35946.84651529963,0.0
O2,H30,0.3,0.024999999999999998,2022-10-01,Cement,2023-05-01,7,398.82,117.2,356.2586975097656,0.0,398.82,41753.51934814453,0.0
O2,H30,0.3,0.024999999999999998,2022-10-01,Cement,2023-06-01,8,335.0,116.7,363.749003092448,0.0,30.36570749746079,42449.508660888685,0.0
O2,H30,0.3,0.024999999999999998,2022-10-01,Cement,2023-07-01,9,425.98,115.2,371.2393086751302,234.91299001230482,0.0,42766.768359375,676.5494112354379
O2,H30,0.3,0.024999999999999998,2022-10-01,Cement,2023-08-01,10,378.3,114.4,378.7296142578125,881.2549831170577,0.0,43326.66787109375,2520.3892517147847
O2,H30,0.3,0.024999999999999998,2022-10-01,Cement,2023-09-01,11,446.33,113.5,0.0,1830.8062848969407,0.0,0.0,5194.912833395069
O2,H30,0.3,0.024999999999999998,2022-10-01,Cement,2023-10-01,12,335.47,113.2,0.0,3269.9472009346364,0.0,0.0,9253.950578645019
O2,H30,0.3,0.024999999999999998,2022-10-01,Granite,2022-11-01,1,1531.9,20.5,1467.402326127154,0.0,1531.9,30081.747685606657,0.0
O2,H30,0.3,0.024999999999999998,2022-10-01,Granite,2022-12-01,2,1692.1,19.3,1526.6400395429584,0.0,1692.1,29464.1527631791,0.0
O2,H30,0.3,0.024999999999999998,2022-10-01,Granite,2023-01-01,3,1309.6,19.0,1585.877752958763,157.80232612715417,0.0,30131.677306216498,74.95610491039822
O2,H30,0.3,0.024999999999999998,2022-10-01,Granite,2023-02-01,4,1455.1,18.5,177.39382613297926,1696.7446917972666,0.0,3281.7857834601164,784.7444199562358
O2,H30,0.3,0.024999999999999998,2022-10-01,Granite,2023-03-01,5,1561.4,18.3,0.0,4715.2648104261425,0.0,0.0,2157.23365076996
O2,H30,0.3,0.024999999999999998,2022-10-01,Granite,2023-04-01,6,1395.2,18.6,0.0,8077.378755187999,0.0,0.0,3755.9811211624196
O2,H30,0.3,0.024999999999999998,2022-10-01,Granite,2023-05-01,7,1844.9,18.3,0.0,10989.792699949854,0.0,0.0,5027.830160227058
O2,H30,0.3,0.024999999999999998,2022-10-01,Granite,2023-06-01,8,1659.3,18.5,0.0,14087.806644711709,0.0,0.0,6515.610573179165
O2,H30,0.3,0.024999999999999998,2022-10-01,Granite,2023-07-01,9,1674.3,18.5,1648.308606518902,17170.820589473566,0.0,30493.70922059969,7941.504522631523
O2,H30,0.3,0.024999999999999998,2022-10-01,Granite,2023-08-01,10,1755.2,18.5,1648.9472345477689,20172.93453423542,0.0,30505.523839133723,9329.982222083881
O2,H30,0.3,0.024999999999999998,2022-10-01,Granite,2023-09-01,11,1729.4,18.6,0.0,24849.157085516177,0.0,0.0,11554.858044765024
O2,H30,0.3,0.024999999999999998,2022-10-01,Granite,2023-10-01,12,1742.2,19.5,0.0,31161.526871344704,0.0,0.0,15191.244349780542
O2,H30,0.3,0.024999999999999998,2022-10-01,Ready Mixed Concrete,2022-11-01,1,959.9,118.2,0.0,0.0,959.9,0.0,0.0
O2,H30,0.3,0.024999999999999998,2022-10-01,Ready Mixed Concrete,2022-12-01,2,992.6,118.0,0.0,0.0,992.6,0.0,0.0
O2,H30,0.3,0.024999999999999998,2022-10-01,Ready Mixed Concrete,2023-01-01,3,808.1,117.6,0.0,0.0,808.1,0.0,0.0
O2,H30,0.3,0.024999999999999998,2022-10-01,Ready Mixed Concrete,2023-02-01,4,897.3,118.1,0.0,0.0,897.3,0.0,0.0
O2,H30,0.3,0.024999999999999998,2022-10-01,Ready Mixed Concrete,2023-03-01,5,1070.7,116.8,1004.6543579101562,0.0,1070.7,117343.62900390624,0.0
O2,H30,0.3,0.024999999999999998,2022-10-01,Ready Mixed Concrete,2023-04-01,6,918.4,117.2,1007.1316528320312,0.0,918.4,118035.82971191406,0.0
O2,H30,0.3,0.024999999999999998,2022-10-01,Ready Mixed Concrete,2023-05-01,7,1041.6,117.6,1009.6089477539062,0.0,36.94564208984366,118730.01225585937,0.0
O2,H30,0.3,0.024999999999999998,2022-10-01,Ready Mixed Concrete,2023-06-01,8,1020.3,117.3,1012.0862426757812,991.4860107421875,0.0,118717.71626586914,2907.532726501465
O2,H30,0.3,0.024999999999999998,2022-10-01,Ready Mixed Concrete,2023-07-01,9,1046.0,116.3,997.1644286109376,2966.880969238281,0.0,115970.22304745205,8626.206418060301
O2,H30,0.3,0.024999999999999998,2022-10-01,Ready Mixed Concrete,2023-08-01,10,1113.5,116.4,0.0,5886.862170410156,0.0,0.0,17130.768915893554
O2,H30,0.3,0.024999999999999998,2022-10-01,Ready Mixed Concrete,2023-09-01,11,1081.8,116.6,0.0,9835.70780019297,0.0,0.0,28671.0882375625
O2,H30,0.3,0.024999999999999998,2022-10-01,Ready Mixed Concrete,2023-10-01,12,1101.2,116.4,0.0,13765.15342997578,0.0,0.0,40056.59648122952
O2,H30,0.3,0.024999999999999998,2022-10-01,Steel Reinforcement Bars,2022-11-01,1,51.21,1004.5,112.9927767707275,0.0,51.21,113501.24426619578,0.0
O2,H30,0.3,0.024999999999999998,2022-10-01,Steel Reinforcement Bars,2022-12-01,2,70.5,952.3,0.0,0.0,70.5,0.0,0.0
O2,H30,0.3,0.024999999999999998,2022-10-01,Steel Reinforcement Bars,2023-01-01,3,79.16,922.6,0.0,33.832776770727506,0.0,0.0,780.3529962168299
O2,H30,0.3,0.024999999999999998,2022-10-01,Steel Reinforcement Bars,2023-02-01,4,100.49,942.1,0.0,46.33555354145501,0.0,0.0,1091.3181247851192
O2,H30,0.3,0.024999999999999998,2022-10-01,Steel Reinforcement Bars,2023-03-01,5,57.1,946.6,0.0,102.22833031218252,0.0,0.0,2419.233436837799
O2,H30,0.3,0.024999999999999998,2022-10-01,Steel Reinforcement Bars,2023-04-01,6,67.2,940.1,0.0,148.02110708291002,0.0,0.0,3478.8660692160925
O2,H30,0.3,0.024999999999999998,2022-10-01,Steel Reinforcement Bars,2023-05-01,7,152.2,922.8,97.8727684020996,108.81388385363755,0.0,90316.99068145751,2510.336300503418
O2,H30,0.3,0.024999999999999998,2022-10-01,Steel Reinforcement Bars,2023-06-01,8,135.08,885.5,94.7339375813802,86.72666062436505,0.0,83886.90172831216,1919.9114495718813
O2,H30,0.3,0.024999999999999998,2022-10-01,Steel Reinforcement Bars,2023-07-01,9,141.5,859.2,91.5951067606608,156.09220579719215,0.0,78698.51572875977,3352.8605805236875
O2,H30,0.3,0.024999999999999998,2022-10-01,Steel Reinforcement Bars,2023-08-01,10,173.95,832.6,88.4562759399414,287.7416885513995,0.0,73648.69534759522,5989.343247197379
O2,H30,0.3,0.024999999999999998,2022-10-01,Steel Reinforcement Bars,2023-09-01,11,140.71,830.1,0.0,544.2262780662675,0.0,0.0,11294.055835570214
O2,H30,0.3,0.024999999999999998,2022-10-01,Steel Reinforcement Bars,2023-10-01,12,162.59,827.4,0.0,867.2871435210769,0.0,0.0,17939.834563733475
O2,H30,0.3,0.024999999999999998,2022-11-01,Cement,2022-12-01,1,375.31,118.3,0.0,0.0,375.31,0.0,0.0
O2,H30,0.3,0.024999999999999998,2022-11-01,Cement,2023-01-01,2,440.73,118.5,0.0,0.0,440.73,0.0,0.0
O2,H30,0.3,0.024999999999999998,2022-11-01,Cement,2023-02-01,3,282.49,118.4,0.0,0.0,282.49,0.0,0.0
O2,H30,0.3,0.024999999999999998,2022-11-01,Cement,2023-03-01,4,427.87,118.2,0.0,0.0,427.87,0.0,0.0
O2,H30,0.3,0.024999999999999998,2022-11-01,Cement,2023-04-01,5,315.7,118.0,0.0,0.0,315.7,0.0,0.0
O2,H30,0.3,0.024999999999999998,2022-11-01,Cement,2023-05-01,6,398.82,117.2,318.87272634042984,0.0,398.82,37371.88352709838,0.0
O2,H30,0.3,0.024999999999999998,2022-11-01,Cement,2023-06-01,7,335.0,116.7,353.6068420410156,0.0,335.0,41265.91846618652,0.0
O2,H30,0.3,0.024999999999999998,2022-11-01,Cement,2023-07-01,8,425.98,115.2,355.60727945963544,0.0,107.10727365957018,40965.95859375,0.0
O2,H30,0.3,0.024999999999999998,2022-11-01,Cement,2023-08-01,9,378.3,114.4,357.6077168782552,294.17956838144545,0.0,40910.32281087239,841.3535655709339
O2,H30,0.3,0.024999999999999998,2022-11-01,Cement,2023-09-01,10,446.33,113.5,359.608154296875,875.9364162225265,0.0,40815.52551269531,2485.469581031419
O2,H30,0.3,0.024999999999999998,2022-11-01,Cement,2023-10-01,11,335.47,113.2,0.0,1926.1609809418626,0.0,0.0,5451.03557606547
O2,H30,0.3,0.024999999999999998,2022-11-01,Cement,2023-11-01,12,381.97,112.0,0.0,3289.493699958073,0.0,0.0,9210.582359882605
O2,H30,0.3,0.024999999999999998,2022-11-01,Granite,2022-12-01,1,1692.1,19.3,1425.6165040871942,0.0,1692.1,27514.39852888285,0.0
O2,H30,0.3,0.024999999999999998,2022-11-01,Granite,2023-01-01,2,1309.6,19.0,1468.247007303634,0.0,1309.6,27896.693138769046,0.0
O2,H30,0.3,0.024999999999999998,2022-11-01,Granite,2023-02-01,3,1455.1,18.5,1510.877510520074,0.0,29.483495912805665,27951.23394462137,0.0
O2,H30,0.3,0.024999999999999998,2022-11-01,Granite,2023-03-01,4,1561.4,18.3,1553.508013736514,1332.4635113908284,0.0,28429.196651378206,609.602056461304
O2,H30,0.3,0.024999999999999998,2022-11-01,Granite,2023-04-01,5,1395.2,18.6,0.0,4342.004533301731,0.0,0.0,2019.0321079853047
O2,H30,0.3,0.024999999999999998,2022-11-01,Granite,2023-05-01,6,1844.9,18.3,0.0,8455.353568949147,0.0,0.0,3868.3242577942347
O2,H30,0.3,0.024999999999999998,2022-11-01,Granite,2023-06-01,7,1659.3,18.5,0.0,12754.302604596563,0.0,0.0,5898.86495462591
O2,H30,0.3,0.024999999999999998,2022-11-01,Granite,2023-07-01,8,1674.3,18.5,0.0,17038.25164024398,0.0,0.0,7880.19138361284
O2,H30,0.3,0.024999999999999998,2022-11-01,Granite,2023-08-01,9,1755.2,18.5,142.19900825905688,21241.300675891394,0.0,2630.681652792552,9824.10156259977
O2,H30,0.3,0.024999999999999998,2022-11-01,Granite,2023-09-01,10,1729.4,18.6,1572.584678682833,25470.14971153881,0.0,29250.075023500696,11843.619615865546
O2,H30,0.3,0.024999999999999998,2022-11-01,Granite,2023-10-01,11,1742.2,19.5,0.0,29828.397755445283,0.0,0.0,14541.343905779573
O2,H30,0.3,0.024999999999999998,2022-11-01,Granite,2023-11-01,12,1621.1,20.3,0.0,35880.33047803459,0.0,0.0,18209.267717602554
O2,H30,0.3,0.024999999999999998,2022-11-01,Ready Mixed Concrete,2022-12-01,1,992.6,118.0,0.0,0.0,992.6,0.0,0.0
O2,H30,0.3,0.024999999999999998,2022-11-01,Ready Mixed Concrete,2023-01-01,2,808.1,117.6,0.0,0.0,808.1,0.0,0.0
O2,H30,0.3,0.024999999999999998,2022-11-01,Ready Mixed Concrete,2023-02-01,3,897.3,118.1,0.0,0.0,897.3,0.0,0.0
O2,H30,0.3,0.024999999999999998,2022-11-01,Ready Mixed Concrete,2023-03-01,4,1070.7,116.8,0.0,0.0,1070.7,0.0,0.0
O2,H30,0.3,0.024999999999999998,2022-11-01,Ready Mixed Concrete,2023-04-01,5,918.4,117.2,921.7260792050132,0.0,918.4,108026.29648282754,0.0
O2,H30,0.3,0.024999999999999998,2022-11-01,Ready Mixed Concrete,2023-05-01,6,1041.6,117.6,993.3841959635416,0.0,1041.6,116821.98144531249,0.0
O2,H30,0.3,0.024999999999999998,2022-11-01,Ready Mixed Concrete,2023-06-01,7,1020.3,117.3,1001.5124206542968,0.0,98.57392079498675,117477.406942749,0.0
O2,H30,0.3,0.024999999999999998,2022-11-01,Ready Mixed Concrete,2023-07-01,8,1046.0,116.3,1009.640645345052,869.1102751685548,0.0,117421.20705362955,2526.938125052573
O2,H30,0.3,0.024999999999999998,2022-11-01,Ready Mixed Concrete,2023-08-01,9,1113.5,116.4,1017.7688700358073,2672.2329709914065,0.0,118468.29647216797,7776.197945584992
O2,H30,0.3,0.024999999999999998,2022-11-01,Ready Mixed Concrete,2023-09-01,10,1081.8,116.6,0.0,5516.69631215931,0.0,0.0,16081.169749944385
O2,H30,0.3,0.024999999999999998,2022-11-01,Ready Mixed Concrete,2023-10-01,11,1101.2,116.4,0.0,9359.52852336302,0.0,0.0,27236.228002986387
O2,H30,0.3,0.024999999999999998,2022-11-01,Ready Mixed Concrete,2023-11-01,12,1070.0,115.4,0.0,13233.56073456673,0.0,0.0,38178.82271922501
O2,H30,0.3,0.024999999999999998,2022-11-01,Steel Reinforcement Bars,2022-12-01,1,70.5,952.3,0.0,0.0,70.5,0.0,0.0
O2,H30,0.3,0.024999999999999998,2022-11-01,Steel Reinforcement Bars,2023-01-01,2,79.16,922.6,0.0,0.0,79.16,0.0,0.0
O2,H30,0.3,0.024999999999999998,2022-11-01,Steel Reinforcement Bars,2023-02-01,3,100.49,942.1,0.0,0.0,100.49,0.0,0.0
O2,H30,0.3,0.024999999999999998,2022-11-01,Steel Reinforcement Bars,2023-03-01,4,57.1,946.6,0.0,0.0,57.1,0.0,0.0
O2,H30,0.3,0.024999999999999998,2022-11-01,Steel Reinforcement Bars,2023-04-01,5,67.2,940.1,0.0,0.0,67.2,0.0,0.0
O2,H30,0.3,0.024999999999999998,2022-11-01,Steel Reinforcement Bars,2023-05-01,6,152.2,922.8,79.89610661997075,0.0,152.2,73728.12718890901,0.0
O2,H30,0.3,0.024999999999999998,2022-11-01,Steel Reinforcement Bars,2023-06-01,7,135.08,885.5,91.12015533447266,0.0,135.08,80686.89754867554,0.0
O2,H30,0.3,0.024999999999999998,2022-11-01,Steel Reinforcement Bars,2023-07-01,8,141.5,859.2,90.88448079427084,0.0,61.60389338002925,78087.94589843751,0.0
O2,H30,0.3,0.024999999999999998,2022-11-01,Steel Reinforcement Bars,2023-08-01,9,173.95,832.6,90.64880625406904,0.0,2.933738045556595,75474.19608713788,0.0
O2,H30,0.3,0.024999999999999998,2022-11-01,Steel Reinforcement Bars,2023-09-01,10,140.71,830.1,90.4131317138672,121.19074274871426,0.0,75051.94063568117,2515.0108888926925
O2,H30,0.3,0.024999999999999998,2022-11-01,Steel Reinforcement Bars,2023-10-01,11,162.59,827.4,0.0,311.15029175149755,0.0,0.0,6436.143784879727
O2,H30,0.3,0.024999999999999998,2022-11-01,Steel Reinforcement Bars,2023-11-01,12,187.13,826.7,0.0,566.982972468148,0.0,0.0,11718.120583485448
O2,H30,0.3,0.024999999999999998,2022-12-01,Cement,2023-01-01,1,440.73,118.5,0.0,0.0,440.73,0.0,0.0
O2,H30,0.3,0.024999999999999998,2022-12-01,Cement,2023-02-01,2,282.49,118.4,0.0,0.0,282.49,0.0,0.0
O2,H30,0.3,0.024999999999999998,2022-12-01,Cement,2023-03-01,3,427.87,118.2,0.0,0.0,427.87,0.0,0.0
O2,H30,0.3,0.024999999999999998,2022-12-01,Cement,2023-04-01,4,315.7,118.0,0.0,0.0,315.7,0.0,0.0
O2,H30,0.3,0.024999999999999998,2022-12-01,Cement,2023-05-01,5,398.82,117.2,0.2042794817058961,0.0,398.82,23.941555255931025,0.0
O2,H30,0.3,0.024999999999999998,2022-12-01,Cement,2023-06-01,6,335.0,116.7,320.29982503255206,0.0,335.0,37378.989581298825,0.0
O2,H30,0.3,0.024999999999999998,2022-12-01,Cement,2023-07-01,7,425.98,115.2,321.9914855957031,0.0,425.7757205182941,37093.419140625,0.0
O2,H30,0.3,0.024999999999999998,2022-12-01,Cement,2023-08-01,8,378.3,114.4,323.6831461588542,0.0,57.79589548574205,37029.35192057292,0.0
O2,H30,0.3,0.024999999999999998,2022-12-01,Cement,2023-09-01,9,446.33,113.5,325.3748067220052,196.1655901099611,0.0,36930.040562947586,556.6198619370147
O2,H30,0.3,0.024999999999999998,2022-12-01,Cement,2023-10-01,10,335.47,113.2,327.06646728515625,826.8743263787765,0.0,37023.924096679686,2340.054343651937
O2,H30,0.3,0.024999999999999998,2022-12-01,Cement,2023-11-01,11,381.97,112.0,0.0,1736.457869369597,0.0,0.0,4862.082034234871
O2,H30,0.3,0.024999999999999998,2022-12-01,Cement,2023-12-01,12,467.38,111.7,0.0,2887.6978796455733,0.0,0.0,8063.896328910263
O2,H30,0.3,0.024999999999999998,2022-12-01,Granite,2023-01-01,1,1309.6,19.0,0.0,0.0,1309.6,0.0,0.0
O2,H30,0.3,0.024999999999999998,2022-12-01,Granite,2023-02-01,2,1455.1,18.5,0.0,0.0,1455.1,0.0,0.0
O2,H30,0.3,0.024999999999999998,2022-12-01,Granite,2023-03-01,3,1561.4,18.3,1516.7214454782732,0.0,1561.4,27756.0024522524,0.0
O2,H30,0.3,0.024999999999999998,2022-12-01,Granite,2023-04-01,4,1395.2,18.6,1494.510190777914,0.0,1395.2,27797.889548469204,0.0
O2,H30,0.3,0.024999999999999998,2022-12-01,Granite,2023-05-01,5,1844.9,18.3,0.0,0.0,328.17855452172694,0.0,0.0
O2,H30,0.3,0.024999999999999998,2022-12-01,Granite,2023-06-01,6,1659.3,18.5,0.0,1351.931636256187,0.0,0.0,625.2683817684864
O2,H30,0.3,0.024999999999999998,2022-12-01,Granite,2023-07-01,7,1674.3,18.5,0.0,2688.8632725123734,0.0,0.0,1243.5992635369726
O2,H30,0.3,0.024999999999999998,2022-12-01,Granite,2023-08-01,8,1755.2,18.5,1534.896403064447,3944.8949087685605,0.0,28395.583456692268,1824.513895305459
O2,H30,0.3,0.024999999999999998,2022-12-01,Granite,2023-09-01,9,1729.4,18.6,1542.9689970928164,5226.726545024747,0.0,28699.223345926388,2430.4278434365074
O2,H30,0.3,0.024999999999999998,2022-12-01,Granite,2023-10-01,10,1742.2,19.5,1551.0415911211855,8030.654584345381,0.0,30245.311026863117,3914.944109868373
O2,H30,0.3,0.024999999999999998,2022-12-01,Granite,2023-11-01,11,1621.1,20.3,0.0,12498.651620758832,0.0,0.0,6343.065697535107
O2,H30,0.3,0.024999999999999998,2022-12-01,Granite,2023-12-01,12,1531.7,21.2,0.0,18607.09024829347,0.0,0.0,9861.757831595536
O2,H30,0.3,0.024999999999999998,2022-12-01,Ready Mixed Concrete,2023-01-01,1,808.1,117.6,0.0,0.0,808.1,0.0,0.0
O2,H30,0.3,0.024999999999999998,2022-12-01,Ready Mixed Concrete,2023-02-01,2,897.3,118.1,0.0,0.0,897.3,0.0,0.0
O2,H30,0.3,0.024999999999999998,2022-12-01,Ready Mixed Concrete,2023-03-01,3,1070.7,116.8,0.0,0.0,1070.7,0.0,0.0
O2,H30,0.3,0.024999999999999998,2022-12-01,Ready Mixed Concrete,2023-04-01,4,918.4,117.2,0.0,0.0,918.4,0.0,0.0
O2,H30,0.3,0.024999999999999998,2022-12-01,Ready Mixed Concrete,2023-05-01,5,1041.6,117.6,0.0,0.0,1041.6,0.0,0.0
O2,H30,0.3,0.024999999999999998,2022-12-01,Ready Mixed Concrete,2023-06-01,6,1020.3,117.3,1014.754638671875,0.0,1020.3,119030.71911621094,0.0
O2,H30,0.3,0.024999999999999998,2022-12-01,Ready Mixed Concrete,2023-07-01,7,1046.0,116.3,1021.420166015625,0.0,1046.0,118791.16530761718,0.0
O2,H30,0.3,0.024999999999999998,2022-12-01,Ready Mixed Concrete,2023-08-01,8,1113.5,116.4,1028.085693359375,0.0,98.745361328125,119669.17470703126,0.0
O2,H30,0.3,0.024999999999999998,2022-12-01,Ready Mixed Concrete,2023-09-01,9,1081.8,116.6,1034.751220703125,954.3748046875,0.0,120651.99233398437,2782.002555664062
O2,H30,0.3,0.024999999999999998,2022-12-01,Ready Mixed Concrete,2023-10-01,10,1101.2,116.4,971.192321677344,2917.435302734375,0.0,113046.78624324285,8489.73673095703
O2,H30,0.3,0.024999999999999998,2022-12-01,Ready Mixed Concrete,2023-11-01,11,1070.0,115.4,0.0,5946.447021484375,0.0,0.0,17155.49965698242
O2,H30,0.3,0.024999999999999998,2022-12-01,Ready Mixed Concrete,2023-12-01,12,1101.6,115.4,0.0,9915.051061911718,0.0,0.0,28604.922313615305
O2,H30,0.3,0.024999999999999998,2022-12-01,Steel Reinforcement Bars,2023-01-01,1,79.16,922.6,0.0,0.0,79.16,0.0,0.0
O2,H30,0.3,0.024999999999999998,2022-12-01,Steel Reinforcement Bars,2023-02-01,2,100.49,942.1,0.0,0.0,100.49,0.0,0.0
O2,H30,0.3,0.024999999999999998,2022-12-01,Steel Reinforcement Bars,2023-03-01,3,57.1,946.6,0.0,0.0,57.1,0.0,0.0
O2,H30,0.3,0.024999999999999998,2022-12-01,Steel Reinforcement Bars,2023-04-01,4,67.2,940.1,0.0,0.0,67.2,0.0,0.0
O2,H30,0.3,0.024999999999999998,2022-12-01,Steel Reinforcement Bars,2023-05-01,5,152.2,922.8,0.0,0.0,152.2,0.0,0.0
O2,H30,0.3,0.024999999999999998,2022-12-01,Steel Reinforcement Bars,2023-06-01,6,135.08,885.5,84.74068059458011,0.0,135.08,75037.87266650068,0.0
O2,H30,0.3,0.024999999999999998,2022-12-01,Steel Reinforcement Bars,2023-07-01,7,141.5,859.2,99.93511962890624,0.0,141.5,85864.25478515624,0.0
O2,H30,0.3,0.024999999999999998,2022-12-01,Steel Reinforcement Bars,2023-08-01,8,173.95,832.6,100.04652659098308,0.0,89.20931940541988,83298.73803965251,0.0
O2,H30,0.3,0.024999999999999998,2022-12-01,Steel Reinforcement Bars,2023-09-01,9,140.71,830.1,100.15793355305988,43.965800223486355,0.0,83141.100642395,912.4002691379005
O2,H30,0.3,0.024999999999999998,2022-12-01,Steel Reinforcement Bars,2023-10-01,10,162.59,827.4,100.26934051513672,166.09812703795583,0.0,82962.85234222411,3435.739757780116
O2,H30,0.3,0.024999999999999998,2022-12-01,Steel Reinforcement Bars,2023-11-01,11,187.13,826.7,0.0,363.84838740548514,0.0,0.0,7519.836546702864
O2,H30,0.3,0.024999999999999998,2022-12-01,Steel Reinforcement Bars,2023-12-01,12,122.5,819.7,0.0,726.4979882881512,0.0,0.0,14887.760024994937
O2,H30,0.3,0.024999999999999998,2023-01-01,Cement,2023-02-01,1,282.49,118.4,0.0,0.0,282.49,0.0,0.0
O2,H30,0.3,0.024999999999999998,2023-01-01,Cement,2023-03-01,2,427.87,118.2,0.0,0.0,427.87,0.0,0.0
O2,H30,0.3,0.024999999999999998,2023-01-01,Cement,2023-04-01,3,315.7,118.0,0.0,0.0,315.7,0.0,0.0
O2,H30,0.3,0.024999999999999998,2023-01-01,Cement,2023-05-01,4,398.82,117.2,0.0,0.0,398.82,0.0,0.0
O2,H30,0.3,0.024999999999999998,2023-01-01,Cement,2023-06-01,5,335.0,116.7,42.84547668629574,0.0,335.0,5000.067129290713,0.0
O2,H30,0.3,0.024999999999999998,2023-01-01,Cement,2023-07-01,6,425.98,115.2,324.67552693684894,0.0,425.98,37402.620703125,0.0
O2,H30,0.3,0.024999999999999998,2023-01-01,Cement,2023-08-01,7,378.3,114.4,320.6295623779297,0.0,335.45452331370427,36680.021936035155,0.0
O2,H30,0.3,0.024999999999999998,2023-01-01,Cement,2023-09-01,8,446.33,113.5,316.58359781901044,0.0,78.8089963768553,35932.23835245769,0.0
O2,H30,0.3,0.024999999999999998,2023-01-01,Cement,2023-10-01,9,335.47,113.2,312.5376332600911,352.68056600107434,0.0,35379.26008504232,998.0860017830403
O2,H30,0.3,0.024999999999999998,2023-01-01,Cement,2023-11-01,10,381.97,112.0,308.4916687011719,975.4447298211592,0.0,34551.06689453125,2731.2452434992456
O2,H30,0.3,0.024999999999999998,2023-01-01,Cement,2023-12-01,11,467.38,111.7,0.0,1825.3365269013348,0.0,0.0,5097.252251371977
O2,H30,0.3,0.024999999999999998,2023-01-01,Cement,2024-01-01,12,434.45,110.6,0.0,3016.6499926826828,0.0,0.0,8341.037229767617
O2,H30,0.3,0.024999999999999998,2023-01-01,Granite,2023-02-01,1,1455.1,18.5,0.0,0.0,1455.1,0.0,0.0
O2,H30,0.3,0.024999999999999998,2023-01-01,Granite,2023-03-01,2,1561.4,18.3,0.0,0.0,1561.4,0.0,0.0
O2,H30,0.3,0.024999999999999998,2023-01-01,Granite,2023-04-01,3,1395.2,18.6,1434.9439139650983,0.0,1395.2,26689.95679975083,0.0
O2,H30,0.3,0.024999999999999998,2023-01-01,Granite,2023-05-01,4,1844.9,18.3,1657.986513336458,0.0,1844.9,30341.153194057184,0.0
O2,H30,0.3,0.024999999999999998,2023-01-01,Granite,2023-06-01,5,1659.3,18.5,1632.74919610318,0.0,224.35608603490164,30205.860127908833,0.0
O2,H30,0.3,0.024999999999999998,2023-01-01,Granite,2023-07-01,6,1674.3,18.5,1607.5118788699017,1418.6304273015564,0.0,29738.969759093183,656.1165726269699
O2,H30,0.3,0.024999999999999998,2023-01-01,Granite,2023-08-01,7,1755.2,18.5,1582.2745616366233,4389.110050706293,0.0,29272.07939027753,2029.9633984516604
O2,H30,0.3,0.024999999999999998,2023-01-01,Granite,2023-09-01,8,1729.4,18.6,0.0,8992.901552980931,0.0,0.0,4181.699222136133
O2,H30,0.3,0.024999999999999998,2023-01-01,Granite,2023-10-01,9,1742.2,19.5,0.0,15166.167616892191,0.0,0.0,7393.506713234942
O2,H30,0.3,0.024999999999999998,2023-01-01,Granite,2023-11-01,10,1621.1,20.3,0.0,21460.533680803455,0.0,0.0,10891.220843007752
O2,H30,0.3,0.024999999999999998,2023-01-01,Granite,2023-12-01,11,1531.7,21.2,0.0,27844.299744714717,0.0,0.0,14757.478864698798
O2,H30,0.3,0.024999999999999998,2023-01-01,Granite,2024-01-01,12,1664.5,22.3,0.0,34095.265808625976,0.0,0.0,19008.11068830898
O2,H30,0.3,0.024999999999999998,2023-01-01,Ready Mixed Concrete,2023-02-01,1,897.3,118.1,0.0,0.0,897.3,0.0,0.0
O2,H30,0.3,0.024999999999999998,2023-01-01,Ready Mixed Concrete,2023-03-01,2,1070.7,116.8,0.0,0.0,1070.7,0.0,0.0
O2,H30,0.3,0.024999999999999998,2023-01-01,Ready Mixed Concrete,2023-04-01,3,918.4,117.2,0.0,0.0,918.4,0.0,0.0
O2,H30,0.3,0.024999999999999998,2023-01-01,Ready Mixed Concrete,2023-05-01,4,1041.6,117.6,0.0,0.0,1041.6,0.0,0.0
O2,H30,0.3,0.024999999999999998,2023-01-01,Ready Mixed Concrete,2023-06-01,5,1020.3,117.3,54.14152008229178,0.0,1020.3,6350.800305652825,0.0
O2,H30,0.3,0.024999999999999998,2023-01-01,Ready Mixed Concrete,2023-07-01,6,1046.0,116.3,991.3560994466146,0.0,1046.0,115294.71436564128,0.0
O2,H30,0.3,0.024999999999999998,2023-01-01,Ready Mixed Concrete,2023-08-01,7,1113.5,116.4,987.7769165039062,0.0,1059.3584799177083,114977.2330810547,0.0
O2,H30,0.3,0.024999999999999998,2023-01-01,Ready Mixed Concrete,2023-09-01,8,1081.8,116.6,984.197733561198,0.0,36.30238047109356,114757.45573323568,0.0
O2,H30,0.3,0.024999999999999998,2023-01-01,Ready Mixed Concrete,2023-10-01,9,1101.2,116.4,980.6185506184896,932.0745360328126,0.0,114143.9992919922,2712.3368998554843
O2,H30,0.3,0.024999999999999998,2023-01-01,Ready Mixed Concrete,2023-11-01,10,1070.0,115.4,977.0393676757812,2879.5468056268237,0.0,112750.34302978516,8307.492534233386
O2,H30,0.3,0.024999999999999998,2023-01-01,Ready Mixed Concrete,2023-12-01,11,1101.6,115.4,0.0,5776.037625839324,0.0,0.0,16663.86855054645
O2,H30,0.3,0.024999999999999998,2023-01-01,Ready Mixed Concrete,2024-01-01,12,1071.7,118.1,0.0,9679.467813727606,0.0,0.0,28578.628720030752
O2,H30,0.3,0.024999999999999998,2023-01-01,Steel Reinforcement Bars,2023-02-01,1,100.49,942.1,0.0,0.0,100.49,0.0,0.0
O2,H30,0.3,0.024999999999999998,2023-01-01,Steel Reinforcement Bars,2023-03-01,2,57.1,946.6,0.0,0.0,57.1,0.0,0.0
O2,H30,0.3,0.024999999999999998,2023-01-01,Steel Reinforcement Bars,2023-04-01,3,67.2,940.1,0.0,0.0,67.2,0.0,0.0
O2,H30,0.3,0.024999999999999998,2023-01-01,Steel Reinforcement Bars,2023-05-01,4,152.2,922.8,0.0,0.0,152.2,0.0,0.0
O2,H30,0.3,0.024999999999999998,2023-01-01,Steel Reinforcement Bars,2023-06-01,5,135.08,885.5,0.0,0.0,135.08,0.0,0.0
O2,H30,0.3,0.024999999999999998,2023-01-01,Steel Reinforcement Bars,2023-07-01,6,141.5,859.2,69.8822401954102,0.0,141.5,60042.82077589645,0.0
O2,H30,0.3,0.024999999999999998,2023-01-01,Steel Reinforcement Bars,2023-08-01,7,173.95,832.6,89.82319641113281,0.0,173.95,74786.79333190918,0.0
O2,H30,0.3,0.024999999999999998,2023-01-01,Steel Reinforcement Bars,2023-09-01,8,140.71,830.1,91.3185526529948,0.0,70.8277598045898,75803.53055725098,0.0
O2,H30,0.3,0.024999999999999998,2023-01-01,Steel Reinforcement Bars,2023-10-01,9,162.59,827.4,92.81390889485678,0.0,2.8845633934570003,76794.2282196045,0.0
O2,H30,0.3,0.024999999999999998,2023-01-01,Steel Reinforcement Bars,2023-11-01,10,187.13,826.7,94.30926513671876,63.89398925953782,0.0,77965.46948852541,1320.5290230214978
O2,H30,0.3,0.024999999999999998,2023-01-01,Steel Reinforcement Bars,2023-12-01,11,122.5,819.7,0.0,285.2318874139324,0.0,0.0,5845.114452830009
O2,H30,0.3,0.024999999999999998,2023-01-01,Steel Reinforcement Bars,2024-01-01,12,179.85,833.7,0.0,543.5290507050457,0.0,0.0,11328.504239319916
O2,H30,0.3,0.024999999999999998,2023-02-01,Cement,2023-03-01,1,427.87,118.2,0.0,0.0,427.87,0.0,0.0
O2,H30,0.3,0.024999999999999998,2023-02-01,Cement,2023-04-01,2,315.7,118.0,0.0,0.0,315.7,0.0,0.0
O2,H30,0.3,0.024999999999999998,2023-02-01,Cement,2023-05-01,3,398.82,117.2,0.0,0.0,398.82,0.0,0.0
O2,H30,0.3,0.024999999999999998,2023-02-01,Cement,2023-06-01,4,335.0,116.7,0.0,0.0,335.0,0.0,0.0
O2,H30,0.3,0.024999999999999998,2023-02-01,Cement,2023-07-01,5,425.98,115.2,0.0,0.0,425.98,0.0,0.0
O2,H30,0.3,0.024999999999999998,2023-02-01,Cement,2023-08-01,6,378.3,114.4,347.4878844214845,0.0,378.3,39752.61397781783,0.0
O2,H30,0.3,0.024999999999999998,2023-02-01,Cement,2023-09-01,7,446.33,113.5,372.7615966796875,0.0,446.33,42308.44122314453,0.0
O2,H30,0.3,0.024999999999999998,2023-02-01,Cement,2023-10-01,8,335.47,113.2,373.8863525390625,12.017884421484496,0.0,42323.93510742188,34.01061291280112
O2,H30,0.3,0.024999999999999998,2023-02-01,Cement,2023-11-01,9,381.97,112.0,375.0111083984375,350.2973655226565,0.0,42001.244140625,980.8326234634382
O2,H30,0.3,0.024999999999999998,2023-02-01,Cement,2023-12-01,10,467.38,111.7,376.1358642578125,977.053199162891,0.0,42014.376037597656,2728.421058662373
O2,H30,0.3,0.024999999999999998,2023-02-01,Cement,2024-01-01,11,434.45,110.6,0.0,2011.7501412015629,0.0,0.0,5562.489140422321
O2,H30,0.3,0.024999999999999998,2023-02-01,Cement,2024-02-01,12,367.77,110.6,0.0,3489.262947498047,0.0,0.0,9647.812049832099
O2,H30,0.3,0.024999999999999998,2023-02-01,Granite,2023-03-01,1,1561.4,18.3,0.0,0.0,1561.4,0.0,0.0
O2,H30,0.3,0.024999999999999998,2023-02-01,Granite,2023-04-01,2,1395.2,18.6,0.0,0.0,1395.2,0.0,0.0
O2,H30,0.3,0.024999999999999998,2023-02-01,Granite,2023-05-01,3,1844.9,18.3,1519.6736458802625,0.0,1844.9,27810.027719608803,0.0
O2,H30,0.3,0.024999999999999998,2023-02-01,Granite,2023-06-01,4,1659.3,18.5,1538.9252290761358,0.0,1659.3,28470.116737908513,0.0
O2,H30,0.3,0.024999999999999998,2023-02-01,Granite,2023-07-01,5,1674.3,18.5,1521.030709159783,0.0,154.62635411973747,28139.068119455987,0.0
O2,H30,0.3,0.024999999999999998,2023-02-01,Granite,2023-08-01,6,1755.2,18.5,1503.1361892434302,1303.3988749563985,0.0,27808.01950100346,602.8219796673343
O2,H30,0.3,0.024999999999999998,2023-02-01,Granite,2023-09-01,7,1729.4,18.6,1366.213163211741,4153.628459072581,0.0,25411.564835738383,1931.4372334687503
O2,H30,0.3,0.024999999999999998,2023-02-01,Granite,2023-10-01,8,1742.2,19.5,0.0,8494.194232432192,0.0,0.0,4140.919688310693
O2,H30,0.3,0.024999999999999998,2023-02-01,Granite,2023-11-01,9,1621.1,20.3,0.0,14322.073169003545,0.0,0.0,7268.452133269298
O2,H30,0.3,0.024999999999999998,2023-02-01,Granite,2023-12-01,10,1531.7,21.2,0.0,20239.352105574897,0.0,0.0,10726.856615954694
O2,H30,0.3,0.024999999999999998,2023-02-01,Granite,2024-01-01,11,1664.5,22.3,0.0,26023.83104214625,0.0,0.0,14508.285805996533
O2,H30,0.3,0.024999999999999998,2023-02-01,Granite,2024-02-01,12,1201.2,22.2,0.0,32271.609978717603,0.0,0.0,17910.743538188268
O2,H30,0.3,0.024999999999999998,2023-02-01,Ready Mixed Concrete,2023-03-01,1,1070.7,116.8,0.0,0.0,1070.7,0.0,0.0
O2,H30,0.3,0.024999999999999998,2023-02-01,Ready Mixed Concrete,2023-04-01,2,918.4,117.2,0.0,0.0,918.4,0.0,0.0
O2,H30,0.3,0.024999999999999998,2023-02-01,Ready Mixed Concrete,2023-05-01,3,1041.6,117.6,0.0,0.0,1041.6,0.0,0.0
O2,H30,0.3,0.024999999999999998,2023-02-01,Ready Mixed Concrete,2023-06-01,4,1020.3,117.3,0.0,0.0,1020.3,0.0,0.0
O2,H30,0.3,0.024999999999999998,2023-02-01,Ready Mixed Concrete,2023-07-01,5,1046.0,116.3,138.39943430755227,0.0,1046.0,16095.854209968329,0.0
O2,H30,0.3,0.024999999999999998,2023-02-01,Ready Mixed Concrete,2023-08-01,6,1113.5,116.4,933.2443644205728,0.0,1113.5,108629.64401855468,0.0
O2,H30,0.3,0.024999999999999998,2023-02-01,Ready Mixed Concrete,2023-09-01,7,1081.8,116.6,916.7461547851562,0.0,943.4005656924477,106892.60164794921,0.0
O2,H30,0.3,0.024999999999999998,2023-02-01,Ready Mixed Concrete,2023-10-01,8,1101.2,116.4,900.2479451497396,0.0,29.556201271874897,104788.8608154297,0.0
O2,H30,0.3,0.024999999999999998,2023-02-01,Ready Mixed Concrete,2023-11-01,9,1070.0,115.4,883.7497355143229,918.3899535132814,0.0,101984.71947835287,2649.555015885817
O2,H30,0.3,0.024999999999999998,2023-02-01,Ready Mixed Concrete,2023-12-01,10,1101.6,115.4,867.2515258789062,2705.4278521763026,0.0,100080.82608642579,7805.159353528633
O2,H30,0.3,0.024999999999999998,2023-02-01,Ready Mixed Concrete,2024-01-01,11,1071.7,118.1,0.0,5406.115486353647,0.0,0.0,15961.55597345914
O2,H30,0.3,0.024999999999999998,2023-02-01,Ready Mixed Concrete,2024-02-01,12,874.95,118.0,0.0,9170.804646409895,0.0,0.0,27053.873706909188
O2,H30,0.3,0.024999999999999998,2023-02-01,Steel Reinforcement Bars,2023-03-01,1,57.1,946.6,0.0,0.0,57.1,0.0,0.0
O2,H30,0.3,0.024999999999999998,2023-02-01,Steel Reinforcement Bars,2023-04-01,2,67.2,940.1,0.0,0.0,67.2,0.0,0.0
O2,H30,0.3,0.024999999999999998,2023-02-01,Steel Reinforcement Bars,2023-05-01,3,152.2,922.8,0.0,0.0,152.2,0.0,0.0
O2,H30,0.3,0.024999999999999998,2023-02-01,Steel Reinforcement Bars,2023-06-01,4,135.08,885.5,0.0,0.0,135.08,0.0,0.0
O2,H30,0.3,0.024999999999999998,2023-02-01,Steel Reinforcement Bars,2023-07-01,5,141.5,859.2,1.6037278764811589,0.0,141.5,1377.9229914726118,0.0
O2,H30,0.3,0.024999999999999998,2023-02-01,Steel Reinforcement Bars,2023-08-01,6,173.95,832.6,82.16102345784505,0.0,173.95,68407.2681310018,0.0
O2,H30,0.3,0.024999999999999998,2023-02-01,Steel Reinforcement Bars,2023-09-01,7,140.71,830.1,82.32582092285156,0.0,139.10627212351886,68338.66394805908,0.0
O2,H30,0.3,0.024999999999999998,2023-02-01,Steel Reinforcement Bars,2023-10-01,8,162.59,827.4,82.49061838785808,0.0,78.8252486656738,68252.73765411378,0.0
O2,H30,0.3,0.024999999999999998,2023-02-01,Steel Reinforcement Bars,2023-11-01,9,187.13,826.7,82.65541585286458,0.0,21.039427742822227,68331.23228556315,0.0
O2,H30,0.3,0.024999999999999998,2023-02-01,Steel Reinforcement Bars,2023-12-01,10,122.5,819.7,82.8202133178711,126.08119064503586,0.0,67887.72885665894,2583.7187992933973
O2,H30,0.3,0.024999999999999998,2023-02-01,Steel Reinforcement Bars,2024-01-01,11,179.85,833.7,0.0,277.4677971429363,0.0,0.0,5783.122561951651
O2,H30,0.3,0.024999999999999998,2023-02-01,Steel Reinforcement Bars,2024-02-01,12,60.8,829.6,0.0,630.7246169587079,0.0,0.0,13081.228555723601
O2,H30,0.3,0.024999999999999998,2023-03-01,Cement,2023-04-01,1,315.7,118.0,0.0,0.0,315.7,0.0,0.0
O2,H30,0.3,0.024999999999999998,2023-03-01,Cement,2023-05-01,2,398.82,117.2,0.0,0.0,398.82,0.0,0.0
O2,H30,0.3,0.024999999999999998,2023-03-01,Cement,2023-06-01,3,335.0,116.7,0.0,0.0,335.0,0.0,0.0
O2,H30,0.3,0.024999999999999998,2023-03-01,Cement,2023-07-01,4,425.98,115.2,0.0,0.0,425.98,0.0,0.0
O2,H30,0.3,0.024999999999999998,2023-03-01,Cement,2023-08-01,5,378.3,114.4,18.73551930917984,0.0,378.3,2143.3434089701736,0.0
O2,H30,0.3,0.024999999999999998,2023-03-01,Cement,2023-09-01,6,446.33,113.5,344.84649658203125,0.0,446.33,39140.07736206055,0.0
O2,H30,0.3,0.024999999999999998,2023-03-01,Cement,2023-10-01,7,335.47,113.2,345.7036437988281,0.0,316.7344806908202,39133.65247802735,0.0
O2,H30,0.3,0.024999999999999998,2023-03-01,Cement,2023-11-01,8,381.97,112.0,346.560791015625,0.0,18.38798410878894,38814.80859375,0.0
O2,H30,0.3,0.024999999999999998,2023-03-01,Cement,2023-12-01,9,467.38,111.7,347.4179382324219,241.90565969003922,0.0,38806.583700561525,675.5215546844345
O2,H30,0.3,0.024999999999999998,2023-03-01,Cement,2024-01-01,10,434.45,110.6,348.27508544921875,863.3021103957033,0.0,38519.22445068359,2387.030335244119
O2,H30,0.3,0.024999999999999998,2023-03-01,Cement,2024-02-01,11,367.77,110.6,0.0,1898.7964993337896,0.0,0.0,5250.172320657927
O2,H30,0.3,0.024999999999999998,2023-03-01,Cement,2024-03-01,12,318.63,110.8,0.0,3331.7059737210943,0.0,0.0,9228.82554720743
O2,H30,0.3,0.024999999999999998,2023-03-01,Granite,2023-04-01,1,1395.2,18.6,0.0,0.0,1395.2,0.0,0.0
O2,H30,0.3,0.024999999999999998,2023-03-01,Granite,2023-05-01,2,1844.9,18.3,1473.918400940882,0.0,1844.9,26972.706737218145,0.0
O2,H30,0.3,0.024999999999999998,2023-03-01,Granite,2023-06-01,3,1659.3,18.5,1556.811505507157,0.0,1659.3,28801.012851882406,0.0
O2,H30,0.3,0.024999999999999998,2023-03-01,Granite,2023-07-01,4,1674.3,18.5,1533.8030780254771,0.0,200.3815990591179,28375.356943471328,0.0
O2,H30,0.3,0.024999999999999998,2023-03-01,Granite,2023-08-01,5,1755.2,18.5,1519.6828737657495,1275.5299064480394,0.0,28114.133164666364,589.9325817322182
O2,H30,0.3,0.024999999999999998,2023-03-01,Granite,2023-09-01,6,1729.4,18.6,1505.5626695060223,4110.662890921556,0.0,28003.465652812018,1911.4582442785236
O2,H30,0.3,0.024999999999999998,2023-03-01,Granite,2023-10-01,7,1742.2,19.5,0.0,8452.678749160823,0.0,0.0,4120.680890215901
O2,H30,0.3,0.024999999999999998,2023-03-01,Granite,2023-11-01,8,1621.1,20.3,0.0,14421.357276906112,0.0,0.0,7318.838818029851
O2,H30,0.3,0.024999999999999998,2023-03-01,Granite,2023-12-01,9,1531.7,21.2,0.0,20479.4358046514,0.0,0.0,10854.100976465239
O2,H30,0.3,0.024999999999999998,2023-03-01,Granite,2024-01-01,10,1664.5,22.3,0.0,26404.71433239669,0.0,0.0,14720.628240311155
O2,H30,0.3,0.024999999999999998,2023-03-01,Granite,2024-02-01,11,1201.2,22.2,0.0,32793.292860141984,0.0,0.0,18200.2775373788
O2,H30,0.3,0.024999999999999998,2023-03-01,Granite,2024-03-01,12,1688.6,22.4,0.0,38694.47138788728,0.0,0.0,21668.903977216873
O2,H30,0.3,0.024999999999999998,2023-03-01,Ready Mixed Concrete,2023-04-01,1,918.4,117.2,0.0,0.0,918.4,0.0,0.0
O2,H30,0.3,0.024999999999999998,2023-03-01,Ready Mixed Concrete,2023-05-01,2,1041.6,117.6,0.0,0.0,1041.6,0.0,0.0
O2,H30,0.3,0.024999999999999998,2023-03-01,Ready Mixed Concrete,2023-06-01,3,1020.3,117.3,0.0,0.0,1020.3,0.0,0.0
O2,H30,0.3,0.024999999999999998,2023-03-01,Ready Mixed Concrete,2023-07-01,4,1046.0,116.3,0.0,0.0,1046.0,0.0,0.0
O2,H30,0.3,0.024999999999999998,2023-03-01,Ready Mixed Concrete,2023-08-01,5,1113.5,116.4,3.9410145077475818,0.0,1113.5,458.73408870181856,0.0
O2,H30,0.3,0.024999999999999998,2023-03-01,Ready Mixed Concrete,2023-09-01,6,1081.8,116.6,998.557657877604,0.0,1081.8,116431.82290852863,0.0
O2,H30,0.3,0.024999999999999998,2023-03-01,Ready Mixed Concrete,2023-10-01,7,1101.2,116.4,998.212432861328,0.0,1097.2589854922526,116191.92718505858,0.0
O2,H30,0.3,0.024999999999999998,2023-03-01,Ready Mixed Concrete,2023-11-01,8,1070.0,115.4,997.867207845052,0.0,67.5013276146484,115153.875785319,0.0
O2,H30,0.3,0.024999999999999998,2023-03-01,Ready Mixed Concrete,2023-12-01,9,1101.6,115.4,997.521982828776,899.1111052466797,0.0,115114.03681844076,2593.9355386366706
O2,H30,0.3,0.024999999999999998,2023-03-01,Ready Mixed Concrete,2024-01-01,10,1071.7,118.1,997.1767578125,2825.9894183384113,0.0,117766.57509765624,8343.733757644159
O2,H30,0.3,0.024999999999999998,2023-03-01,Ready Mixed Concrete,2024-02-01,11,874.95,118.0,0.0,5947.1397142589185,0.0,0.0,17544.062157063807
O2,H30,0.3,0.024999999999999998,2023-03-01,Ready Mixed Concrete,2024-03-01,12,1112.0,118.0,0.0,9828.416767991926,0.0,0.0,28993.829465576182
O2,H30,0.3,0.024999999999999998,2023-03-01,Steel Reinforcement Bars,2023-04-01,1,67.2,940.1,0.0,0.0,67.2,0.0,0.0
O2,H30,0.3,0.024999999999999998,2023-03-01,Steel Reinforcement Bars,2023-05-01,2,152.2,922.8,0.0,0.0,152.2,0.0,0.0
O2,H30,0.3,0.024999999999999998,2023-03-01,Steel Reinforcement Bars,2023-06-01,3,135.08,885.5,0.0,0.0,135.08,0.0,0.0
O2,H30,0.3,0.024999999999999998,2023-03-01,Steel Reinforcement Bars,2023-07-01,4,141.5,859.2,0.0,0.0,141.5,0.0,0.0
O2,H30,0.3,0.024999999999999998,2023-03-01,Steel Reinforcement Bars,2023-08-01,5,173.95,832.6,0.619963863826527,0.0,173.95,516.1819130219664,0.0
O2,H30,0.3,0.024999999999999998,2023-03-01,Steel Reinforcement Bars,2023-09-01,6,140.71,830.1,90.63685099283856,0.0,140.71,75237.65000915529,0.0
O2,H30,0.3,0.024999999999999998,2023-03-01,Steel Reinforcement Bars,2023-10-01,7,162.59,827.4,90.82434463500977,0.0,161.97003613617346,75148.06275100708,0.0
O2,H30,0.3,0.024999999999999998,2023-03-01,Steel Reinforcement Bars,2023-11-01,8,187.13,826.7,91.01183827718098,0.0,95.87318514333491,75239.48670374553,0.0
O2,H30,0.3,0.024999999999999998,2023-03-01,Steel Reinforcement Bars,2023-12-01,9,122.5,819.7,91.19933191935222,59.58115949167484,0.0,74756.09237429302,1220.9669108831465
O2,H30,0.3,0.024999999999999998,2023-03-01,Steel Reinforcement Bars,2024-01-01,10,179.85,833.7,91.38682556152344,152.82415726053065,0.0,76189.1964706421,3185.23749770261
O2,H30,0.3,0.024999999999999998,2023-03-01,Steel Reinforcement Bars,2024-02-01,11,60.8,829.6,0.0,456.3164869487387,0.0,0.0,9464.00393931684
O2,H30,0.3,0.024999999999999998,2023-03-01,Steel Reinforcement Bars,2024-03-01,12,91.23,821.7,0.0,820.7656421984702,0.0,0.0,16860.578204862075
O2,H30,0.3,0.024999999999999998,2023-04-01,Cement,2023-05-01,1,398.82,117.2,0.0,0.0,398.82,0.0,0.0
O2,H30,0.3,0.024999999999999998,2023-04-01,Cement,2023-06-01,2,335.0,116.7,0.0,0.0,335.0,0.0,0.0
O2,H30,0.3,0.024999999999999998,2023-04-01,Cement,2023-07-01,3,425.98,115.2,0.0,0.0,425.98,0.0,0.0
O2,H30,0.3,0.024999999999999998,2023-04-01,Cement,2023-08-01,4,378.3,114.4,0.0,0.0,378.3,0.0,0.0
O2,H30,0.3,0.024999999999999998,2023-04-01,Cement,2023-09-01,5,446.33,113.5,0.0,0.0,446.33,0.0,0.0
O2,H30,0.3,0.024999999999999998,2023-04-01,Cement,2023-10-01,6,335.47,113.2,312.8338545752931,0.0,335.47,35412.79233792318,0.0
O2,H30,0.3,0.024999999999999998,2023-04-01,Cement,2023-11-01,7,381.97,112.0,359.3914337158203,0.0,381.97,40251.840576171875,0.0
O2,H30,0.3,0.024999999999999998,2023-04-01,Cement,2023-12-01,8,467.38,111.7,365.544677734375,0.0,154.54614542470688,40831.34050292969,0.0
O2,H30,0.3,0.024999999999999998,2023-04-01,Cement,2024-01-01,9,434.45,110.6,371.6979217529297,237.77528829111344,0.0,41109.79014587402,657.4486721249286
O2,H30,0.3,0.024999999999999998,2023-04-01,Cement,2024-02-01,10,367.77,110.6,377.8511657714844,907.7752543166018,0.0,41790.33893432617,2509.998578185404
O2,H30,0.3,0.024999999999999998,2023-04-01,Cement,2024-03-01,11,318.63,110.8,0.0,1998.6131420950196,0.0,0.0,5536.158403603204
O2,H30,0.3,0.024999999999999998,2023-04-01,Cement,2024-04-01,12,395.86,110.2,0.0,3390.072195644922,0.0,0.0,9339.64889900176
O2,H30,0.3,0.024999999999999998,2023-04-01,Granite,2023-05-01,1,1844.9,18.3,0.0,0.0,1844.9,0.0,0.0
O2,H30,0.3,0.024999999999999998,2023-04-01,Granite,2023-06-01,2,1659.3,18.5,1552.376910751703,0.0,1659.3,28718.972848906506,0.0
O2,H30,0.3,0.024999999999999998,2023-04-01,Granite,2023-07-01,3,1674.3,18.5,1524.2863152266425,0.0,1674.3,28199.296831692885,0.0
O2,H30,0.3,0.024999999999999998,2023-04-01,Granite,2023-08-01,4,1755.2,18.5,1496.1957197015818,0.0,202.82308924829704,27679.62081447926,0.0
O2,H30,0.3,0.024999999999999998,2023-04-01,Granite,2023-09-01,5,1729.4,18.6,1498.466893419626,1347.2632259783454,0.0,27871.484217605048,626.4774000799307
O2,H30,0.3,0.024999999999999998,2023-04-01,Granite,2023-10-01,6,1742.2,19.5,1500.7380671376702,4177.922171658273,0.0,29264.392309184568,2036.737058683408
O2,H30,0.3,0.024999999999999998,2023-04-01,Granite,2023-11-01,7,1621.1,20.3,17.03380278533018,8628.148010757826,0.0,345.7861965422027,4378.785115459596
O2,H30,0.3,0.024999999999999998,2023-04-01,Granite,2023-12-01,8,1531.7,21.2,0.0,14668.511916995049,0.0,0.0,7774.311316007374
O2,H30,0.3,0.024999999999999998,2023-04-01,Granite,2024-01-01,9,1664.5,22.3,0.0,20593.109626017602,0.0,0.0,11480.658616504814
O2,H30,0.3,0.024999999999999998,2023-04-01,Granite,2024-02-01,10,1201.2,22.2,0.0,26981.007335040154,0.0,0.0,14974.459070947283
O2,H30,0.3,0.024999999999999998,2023-04-01,Granite,2024-03-01,11,1688.6,22.4,0.0,32881.50504406271,0.0,0.0,18413.642824675117
O2,H30,0.3,0.024999999999999998,2023-04-01,Granite,2024-04-01,12,1470.5,22.3,0.0,39000.102753085266,0.0,0.0,21742.557284845036
O2,H30,0.3,0.024999999999999998,2023-04-01,Ready Mixed Concrete,2023-05-01,1,1041.6,117.6,0.0,0.0,1041.6,0.0,0.0
O2,H30,0.3,0.024999999999999998,2023-04-01,Ready Mixed Concrete,2023-06-01,2,1020.3,117.3,0.0,0.0,1020.3,0.0,0.0
O2,H30,0.3,0.024999999999999998,2023-04-01,Ready Mixed Concrete,2023-07-01,3,1046.0,116.3,0.0,0.0,1046.0,0.0,0.0
O2,H30,0.3,0.024999999999999998,2023-04-01,Ready Mixed Concrete,2023-08-01,4,1113.5,116.4,0.0,0.0,1113.5,0.0,0.0
O2,H30,0.3,0.024999999999999998,2023-04-01,Ready Mixed Concrete,2023-09-01,5,1081.8,116.6,27.31025685800796,0.0,1081.8,3184.375949643728,0.0
O2,H30,0.3,0.024999999999999998,2023-04-01,Ready Mixed Concrete,2023-10-01,6,1101.2,116.4,937.3118286132812,0.0,1101.2,109103.09685058595,0.0
O2,H30,0.3,0.024999999999999998,2023-04-01,Ready Mixed Concrete,2023-11-01,7,1070.0,115.4,933.939422607422,0.0,1042.689743141992,107776.6093688965,0.0
O2,H30,0.3,0.024999999999999998,2023-04-01,Ready Mixed Concrete,2023-12-01,8,1101.6,115.4,930.5670166015624,0.0,136.9779145287107,107387.4337158203,0.0
O2,H30,0.3,0.024999999999999998,2023-04-01,Ready Mixed Concrete,2024-01-01,9,1071.7,118.1,927.1946105957032,826.861508078711,0.0,109501.68351135254,2441.308602602394
O2,H30,0.3,0.024999999999999998,2023-04-01,Ready Mixed Concrete,2024-02-01,10,874.95,118.0,923.8222045898438,2781.040032758985,0.0,109011.02014160156,8204.068096639005
O2,H30,0.3,0.024999999999999998,2023-04-01,Ready Mixed Concrete,2024-03-01,11,1112.0,118.0,0.0,5425.363168034962,0.0,0.0,16004.821345703136
O2,H30,0.3,0.024999999999999998,2023-04-01,Ready Mixed Concrete,2024-04-01,12,1114.9,119.2,0.0,8990.608507900783,0.0,0.0,26792.01335354433
O2,H30,0.3,0.024999999999999998,2023-04-01,Steel Reinforcement Bars,2023-05-01,1,152.2,922.8,0.0,0.0,152.2,0.0,0.0
O2,H30,0.3,0.024999999999999998,2023-04-01,Steel Reinforcement Bars,2023-06-01,2,135.08,885.5,0.0,0.0,135.08,0.0,0.0
O2,H30,0.3,0.024999999999999998,2023-04-01,Steel Reinforcement Bars,2023-07-01,3,141.5,859.2,0.0,0.0,141.5,0.0,0.0
O2,H30,0.3,0.024999999999999998,2023-04-01,Steel Reinforcement Bars,2023-08-01,4,173.95,832.6,0.0,0.0,173.95,0.0,0.0
O2,H30,0.3,0.024999999999999998,2023-04-01,Steel Reinforcement Bars,2023-09-01,5,140.71,830.1,5.435730516251667,0.0,140.71,4512.199901540509,0.0
O2,H30,0.3,0.024999999999999998,2023-04-01,Steel Reinforcement Bars,2023-10-01,6,162.59,827.4,81.64085896809895,0.0,162.59,67549.64671020507,0.0
O2,H30,0.3,0.024999999999999998,2023-04-01,Steel Reinforcement Bars,2023-11-01,7,187.13,826.7,81.25445175170898,0.0,181.69426948374831,67173.05526313782,0.0
O2,H30,0.3,0.024999999999999998,2023-04-01,Steel Reinforcement Bars,2023-12-01,8,122.5,819.7,80.86804453531902,0.0,35.42341051564938,66287.536105601,0.0
O2,H30,0.3,0.024999999999999998,2023-04-01,Steel Reinforcement Bars,2024-01-01,9,179.85,833.7,80.48163731892903,0.0,11.51895876394039,67097.54103279114,0.0
O2,H30,0.3,0.024999999999999998,2023-04-01,Steel Reinforcement Bars,2024-02-01,10,60.8,829.6,80.09523010253906,188.39908577137862,0.0,66447.00289306641,3907.3970388983926
O2,H30,0.3,0.024999999999999998,2023-04-01,Steel Reinforcement Bars,2024-03-01,11,91.23,821.7,0.0,426.84980886168626,0.0,0.0,8768.56219854119
O2,H30,0.3,0.024999999999999998,2023-04-01,Steel Reinforcement Bars,2024-04-01,12,111.96,819.4,0.0,724.6657620545329,0.0,0.0,14844.778135687107
O2,H30,0.3,0.024999999999999998,2023-05-01,Cement,2023-06-01,1,335.0,116.7,0.0,0.0,335.0,0.0,0.0
O2,H30,0.3,0.024999999999999998,2023-05-01,Cement,2023-07-01,2,425.98,115.2,0.0,0.0,425.98,0.0,0.0
O2,H30,0.3,0.024999999999999998,2023-05-01,Cement,2023-08-01,3,378.3,114.4,0.0,0.0,378.3,0.0,0.0
O2,H30,0.3,0.024999999999999998,2023-05-01,Cement,2023-09-01,4,446.33,113.5,0.0,0.0,446.33,0.0,0.0
O2,H30,0.3,0.024999999999999998,2023-05-01,Cement,2023-10-01,5,335.47,113.2,41.1714425676434,0.0,335.47,4660.6072986572335,0.0
O2,H30,0.3,0.024999999999999998,2023-05-01,Cement,2023-11-01,6,381.97,112.0,341.22655232747394,0.0,381.97,38217.37386067708,0.0
O2,H30,0.3,0.024999999999999998,2023-05-01,Cement,2023-12-01,7,467.38,111.7,336.96990966796875,0.0,426.2085574323566,37639.53890991211,0.0
O2,H30,0.3,0.024999999999999998,2023-05-01,Cement,2024-01-01,8,434.45,110.6,332.7132670084636,0.0,52.05200510488265,36798.08733113608,0.0
O2,H30,0.3,0.024999999999999998,2023-05-01,Cement,2024-02-01,9,367.77,110.6,328.4566243489583,351.5979045630861,0.0,36327.30265299479,972.168206116933
O2,H30,0.3,0.024999999999999998,2023-05-01,Cement,2024-03-01,10,318.63,110.8,324.1999816894531,1085.049076134636,0.0,35921.357971191406,3005.585940892941
O2,H30,0.3,0.024999999999999998,2023-05-01,Cement,2024-04-01,11,395.86,110.2,0.0,2069.7268720551438,0.0,0.0,5702.097532511921
O2,H30,0.3,0.024999999999999998,2023-05-01,Cement,2024-05-01,12,330.62,110.2,0.0,3443.844649665105,0.0,0.0,9487.792009827364
O2,H30,0.3,0.024999999999999998,2023-05-01,Granite,2023-06-01,1,1659.3,18.5,1523.163038725338,0.0,1659.3,28178.516216418753,0.0
O2,H30,0.3,0.024999999999999998,2023-05-01,Granite,2023-07-01,2,1674.3,18.5,1506.164615489724,0.0,1674.3,27864.045386559894,0.0
O2,H30,0.3,0.024999999999999998,2023-05-01,Granite,2023-08-01,3,1755.2,18.5,1489.16619225411,0.0,232.03696127466196,27549.574556701034,0.0
O2,H30,0.3,0.024999999999999998,2023-05-01,Granite,2023-09-01,4,1729.4,18.6,1472.1677690184958,1299.927654215062,0.0,27382.320503744024,604.4663592100038
O2,H30,0.3,0.024999999999999998,2023-05-01,Granite,2023-10-01,5,1742.2,19.5,1134.59287739031,4076.2215006842343,0.0,22124.561109111044,1987.157981583564
O2,H30,0.3,0.024999999999999998,2023-05-01,Granite,2023-11-01,6,1621.1,20.3,0.0,8445.783116171902,0.0,0.0,4286.23493145724
O2,H30,0.3,0.024999999999999998,2023-05-01,Granite,2023-12-01,7,1531.7,21.2,0.0,14039.337609049879,0.0,0.0,7440.848932796434
O2,H30,0.3,0.024999999999999998,2023-05-01,Granite,2024-01-01,8,1664.5,22.3,0.0,19500.092101927858,0.0,0.0,10871.301346824781
O2,H30,0.3,0.024999999999999998,2023-05-01,Granite,2024-02-01,9,1201.2,22.2,0.0,25424.146594805836,0.0,0.0,14110.401360117237
O2,H30,0.3,0.024999999999999998,2023-05-01,Granite,2024-03-01,10,1688.6,22.4,0.0,30860.801087683816,0.0,0.0,17282.048609102934
O2,H30,0.3,0.024999999999999998,2023-05-01,Granite,2024-04-01,11,1470.5,22.3,0.0,36515.55558056179,0.0,0.0,20357.4222361632
O2,H30,0.3,0.024999999999999998,2023-05-01,Granite,2024-05-01,12,1911.9,22.1,0.0,41728.910073439765,0.0,0.0,23055.22281557547
O2,H30,0.3,0.024999999999999998,2023-05-01,Ready Mixed Concrete,2023-06-01,1,1020.3,117.3,0.0,0.0,1020.3,0.0,0.0
O2,H30,0.3,0.024999999999999998,2023-05-01,Ready Mixed Concrete,2023-07-01,2,1046.0,116.3,0.0,0.0,1046.0,0.0,0.0
O2,H30,0.3,0.024999999999999998,2023-05-01,Ready Mixed Concrete,2023-08-01,3,1113.5,116.4,0.0,0.0,1113.5,0.0,0.0
O2,H30,0.3,0.024999999999999998,2023-05-01,Ready Mixed Concrete,2023-09-01,4,1081.8,116.6,0.0,0.0,1081.8,0.0,0.0
O2,H30,0.3,0.024999999999999998,2023-05-01,Ready Mixed Concrete,2023-10-01,5,1101.2,116.4,48.60827626718765,0.0,1101.2,5658.003357500643,0.0
O2,H30,0.3,0.024999999999999998,2023-05-01,Ready Mixed Concrete,2023-11-01,6,1070.0,115.4,956.7753295898438,0.0,1070.0,110411.87303466798,0.0
O2,H30,0.3,0.024999999999999998,2023-05-01,Ready Mixed Concrete,2023-12-01,7,1101.6,115.4,949.9003295898438,0.0,1052.9917237328123,109618.49803466798,0.0
O2,H30,0.3,0.024999999999999998,2023-05-01,Ready Mixed Concrete,2024-01-01,8,1071.7,118.1,943.0253295898438,0.0,66.31639414296865,111371.29142456054,0.0
O2,H30,0.3,0.024999999999999998,2023-05-01,Ready Mixed Concrete,2024-02-01,9,874.95,118.0,936.1503295898438,1080.333935446875,0.0,110465.73889160156,3186.985109568281
O2,H30,0.3,0.024999999999999998,2023-05-01,Ready Mixed Concrete,2024-03-01,10,1112.0,118.0,929.2753295898438,2866.6432004835942,0.0,109654.48889160156,8456.597441426602
O2,H30,0.3,0.024999999999999998,2023-05-01,Ready Mixed Concrete,2024-04-01,11,1114.9,119.2,0.0,5586.202795110157,0.0,0.0,16646.884329428267
O2,H30,0.3,0.024999999999999998,2023-05-01,Ready Mixed Concrete,2024-05-01,12,1151.8,120.4,0.0,9198.137719326565,0.0,0.0,27686.39453517296
O2,H30,0.3,0.024999999999999998,2023-05-01,Steel Reinforcement Bars,2023-06-01,1,135.08,885.5,0.0,0.0,135.08,0.0,0.0
O2,H30,0.3,0.024999999999999998,2023-05-01,Steel Reinforcement Bars,2023-07-01,2,141.5,859.2,0.0,0.0,141.5,0.0,0.0
O2,H30,0.3,0.024999999999999998,2023-05-01,Steel Reinforcement Bars,2023-08-01,3,173.95,832.6,0.0,0.0,173.95,0.0,0.0
O2,H30,0.3,0.024999999999999998,2023-05-01,Steel Reinforcement Bars,2023-09-01,4,140.71,830.1,0.0,0.0,140.71,0.0,0.0
O2,H30,0.3,0.024999999999999998,2023-05-01,Steel Reinforcement Bars,2023-10-01,5,162.59,827.4,0.0,0.0,162.59,0.0,0.0
O2,H30,0.3,0.024999999999999998,2023-05-01,Steel Reinforcement Bars,2023-11-01,6,187.13,826.7,69.22420682443851,0.0,187.13,57227.65178176332,0.0
O2,H30,0.3,0.024999999999999998,2023-05-01,Steel Reinforcement Bars,2023-12-01,7,122.5,819.7,78.72677230834961,0.0,122.5,64532.33526115418,0.0
O2,H30,0.3,0.024999999999999998,2023-05-01,Steel Reinforcement Bars,2024-01-01,8,179.85,833.7,78.70877075195312,0.0,110.62579317556148,65619.50217590333,0.0
O2,H30,0.3,0.024999999999999998,2023-05-01,Steel Reinforcement Bars,2024-02-01,9,60.8,829.6,78.69076919555664,87.15097913278812,0.0,65281.86212463379,1807.5113072140255
O2,H30,0.3,0.024999999999999998,2023-05-01,Steel Reinforcement Bars,2024-03-01,10,91.23,821.7,78.67276763916016,222.58072901752934,0.0,64645.413169097905,4572.364625842596
O2,H30,0.3,0.024999999999999998,2023-05-01,Steel Reinforcement Bars,2024-04-01,11,111.96,819.4,0.0,415.9712480978272,0.0,0.0,8521.17101728399
O2,H30,0.3,0.024999999999999998,2023-05-01,Steel Reinforcement Bars,2024-05-01,12,160.55,812.5,0.0,639.4445348172853,0.0,0.0,12988.717113476108
O3,H30,0.3,0.024999999999999998,2022-07-01,Cement,2022-08-01,1,402.46,119.0,420.2237243652344,0.0,402.46,50006.62319946289,0.0
O3,H30,0.3,0.024999999999999998,2022-07-01,Cement,2022-09-01,2,346.61,118.6,425.7893676757813,0.0,346.61,50498.61900634766,0.0
O3,H30,0.3,0.024999999999999998,2022-07-01,Cement,2022-10-01,3,368.78,118.6,11.13128662109375,51.4437243652344,0.0,1320.1705932617188,152.53064274291998
O3,H30,0.3,0.024999999999999998,2022-07-01,Cement,2022-11-01,4,296.3,118.4,0.0,601.1568164062501,0.0,0.0,1779.4241765625002
O3,H30,0.3,0.024999999999999998,2022-07-01,Cement,2022-12-01,5,375.31,118.3,254.94619059244792,1082.9911950683595,0.0,30160.134347086587,3202.946459414673
O3,H30,0.3,0.024999999999999998,2022-07-01,Cement,2023-01-01,6,440.73,118.5,454.8383483886719,1499.4055737304689,0.0,53898.34428405762,4441.989012176514
O3,H30,0.3,0.024999999999999998,2022-07-01,Cement,2023-02-01,7,282.49,118.4,203.03598714192708,2329.0061429850266,0.0,24039.460877604168,6893.858183235679
O3,H30,0.3,0.024999999999999998,2022-07-01,Cement,2023-03-01,8,427.87,118.2,6.28765869140625,3468.065060628256,0.0,743.2012573242188,10248.132254156495
O3,H30,0.3,0.024999999999999998,2022-07-01,Cement,2023-04-01,9,315.7,118.0,234.2655008951823,4922.3299654134125,0.0,27643.32910563151,14520.873397969566
O3,H30,0.3,0.024999999999999998,2022-07-01,Cement,2023-05-01,10,398.82,117.2,461.1260070800781,6299.762528889975,0.0,54043.96802978516,18458.304209647627
O3,H30,0.3,0.024999999999999998,2022-07-01,Cement,2023-06-01,11,335.0,116.7,236.2919942220052,7975.280593261719,0.0,27575.27572570801,23267.881130841066
O3,H30,0.3,0.024999999999999998,2022-07-01,Cement,2023-07-01,12,425.98,115.2,12.5753173828125,10020.944664713543,0.0,1448.6765625,28860.320634375003
O3,H30,0.3,0.024999999999999998,2022-07-01,Granite,2022-08-01,1,1491.5,20.5,1824.312035376388,0.0,1491.5,37398.39672521595,0.0
O3,H30,0.3,0.024999999999999998,2022-07-01,Granite,2022-09-01,2,1550.1,20.8,1884.5100386321187,0.0,1550.1,39197.80880354807,0.0
O3,H30,0.3,0.024999999999999998,2022-07-01,Granite,2022-10-01,3,1554.5,20.4,120.39600651146134,269.81203537638794,0.0,2456.078532833811,137.6041380419578
O3,H30,0.3,0.024999999999999998,2022-07-01,Granite,2022-11-01,4,1531.9,20.5,0.0,2446.7341093848945,0.0,0.0,1253.9512310597584
O3,H30,0.3,0.024999999999999998,2022-07-01,Granite,2022-12-01,5,1692.1,19.3,1093.9123429710412,4583.852189904863,0.0,21112.508219341096,2211.708681629096
O3,H30,0.3,0.024999999999999998,2022-07-01,Granite,2023-01-01,6,1309.6,19.0,1782.741614292589,7103.47027042483,0.0,33872.09067155919,3374.148378451794
O3,H30,0.3,0.024999999999999998,2022-07-01,Granite,2023-02-01,7,1455.1,18.5,714.0280924559008,10571.50069391584,0.0,13209.519710434166,4889.319070936075
O3,H30,0.3,0.024999999999999998,2022-07-01,Granite,2023-03-01,8,1561.4,18.3,50.39764226870625,15715.972731699438,0.0,922.2768535173244,7190.057524752492
O3,H30,0.3,0.024999999999999998,2022-07-01,Granite,2023-04-01,9,1395.2,18.6,922.9683709471584,21740.672861938936,0.0,17167.211699617146,10109.412880801607
O3,H30,0.3,0.024999999999999998,2022-07-01,Granite,2023-05-01,10,1844.9,18.3,1833.139256561295,27366.07063444714,0.0,33546.448395071704,12519.977315259566
O3,H30,0.3,0.024999999999999998,2022-07-01,Granite,2023-06-01,11,1659.3,18.5,985.767349017196,34100.036777902504,0.0,18236.695956818126,15771.267009779907
O3,H30,0.3,0.024999999999999998,2022-07-01,Granite,2023-07-01,12,1674.3,18.5,100.7952845374125,42652.14217791916,0.0,1864.7127639421312,19726.61575728761
O3,H30,0.3,0.024999999999999998,2022-07-01,Ready Mixed Concrete,2022-08-01,1,982.6,118.3,1063.917236328125,0.0,982.6,125861.40905761719,0.0
O3,H30,0.3,0.024999999999999998,2022-07-01,Ready Mixed Concrete,2022-09-01,2,993.4,118.6,1072.8510131835938,0.0,993.4,127240.13016357421,0.0
O3,H30,0.3,0.024999999999999998,2022-07-01,Ready Mixed Concrete,2022-10-01,3,930.7,118.5,17.8675537109375,133.21723632812495,0.0,2117.3051147460938,394.6560626220702
O3,H30,0.3,0.024999999999999998,2022-07-01,Ready Mixed Concrete,2022-11-01,4,959.9,118.2,0.0,1310.0854858398438,0.0,0.0,3871.302610656738
O3,H30,0.3,0.024999999999999998,2022-07-01,Ready Mixed Concrete,2022-12-01,5,992.6,118.0,840.4994750976563,2472.1212890625,0.0,99178.93806152344,7292.757802734375
O3,H30,0.3,0.024999999999999998,2022-07-01,Ready Mixed Concrete,2023-01-01,6,808.1,117.6,1115.9105224609375,3818.6570922851565,0.0,131231.07744140623,11226.851851318359
O3,H30,0.3,0.024999999999999998,2022-07-01,Ready Mixed Concrete,2023-02-01,7,897.3,118.1,290.81162109375,5916.492370605469,0.0,34344.85245117187,17468.443724212644
O3,H30,0.3,0.024999999999999998,2022-07-01,Ready Mixed Concrete,2023-03-01,8,1070.7,116.8,30.8011474609375,8956.838171386718,0.0,3597.5740234375,26153.967460449214
O3,H30,0.3,0.024999999999999998,2022-07-01,Ready Mixed Concrete,2023-04-01,9,918.4,117.2,826.0901000976563,12440.295593261719,0.0,96817.75973144532,36450.06608825683
O3,H30,0.3,0.024999999999999998,2022-07-01,Ready Mixed Concrete,2023-05-01,10,1041.6,117.6,1146.711669921875,15831.354162597656,0.0,134853.2923828125,46544.1812380371
O3,H30,0.3,0.024999999999999998,2022-07-01,Ready Mixed Concrete,2023-06-01,11,1020.3,117.3,366.8232910156249,20069.80283203125,0.0,43028.372036132794,58854.696804931635
O3,H30,0.3,0.024999999999999998,2022-07-01,Ready Mixed Concrete,2023-07-01,12,1046.0,116.3,61.602294921875,25429.26317138672,0.0,7164.346899414062,73935.58267080688
O3,H30,0.3,0.024999999999999998,2022-07-01,Steel Reinforcement Bars,2022-08-01,1,102.45,1106.3,119.75218963623048,0.0,102.45,132481.84739456177,0.0
O3,H30,0.3,0.024999999999999998,2022-07-01,Steel Reinforcement Bars,2022-09-01,2,174.43,1072.6,128.82719039916992,0.0,174.43,138180.04442214966,0.0
O3,H30,0.3,0.024999999999999998,2022-07-01,Steel Reinforcement Bars,2022-10-01,3,108.27,1040.5,18.15000152587889,11.482189636230487,0.0,18885.076587676984,298.68045791244555
O3,H30,0.3,0.024999999999999998,2022-07-01,Steel Reinforcement Bars,2022-11-01,4,51.21,1004.5,0.0,208.85156967163087,0.0,0.0,5244.78504337883
O3,H30,0.3,0.024999999999999998,2022-07-01,Steel Reinforcement Bars,2022-12-01,5,70.5,952.3,27.22070103963217,405.08095123291014,0.0,25922.273600041717,9643.964746477506
O3,H30,0.3,0.024999999999999998,2022-07-01,Steel Reinforcement Bars,2023-01-01,6,79.16,922.6,96.0046467590332,592.6503327941895,0.0,88573.88709988404,13669.479925897978
O3,H30,0.3,0.024999999999999998,2022-07-01,Steel Reinforcement Bars,2023-02-01,7,100.49,942.1,107.00251469930012,786.110415395101,0.0,100807.06909821065,18514.865558593116
O3,H30,0.3,0.024999999999999998,2022-07-01,Steel Reinforcement Bars,2023-03-01,8,57.1,946.6,39.687756398518886,1118.9651447550457,0.0,37568.43020683798,26480.310150628156
O3,H30,0.3,0.024999999999999998,2022-07-01,Steel Reinforcement Bars,2023-04-01,9,67.2,940.1,0.0,1548.7223888142905,0.0,0.0,36398.84794310786
O3,H30,0.3,0.024999999999999998,2022-07-01,Steel Reinforcement Bars,2023-05-01,10,152.2,922.8,20.23586013793945,1933.1673892720544,0.0,18673.651735290525,44598.171670506286
O3,H30,0.3,0.024999999999999998,2022-07-01,Steel Reinforcement Bars,2023-06-01,11,135.08,885.5,140.09996541341147,2334.7323897298184,0.0,124058.51937357585,51685.138277643855
O3,H30,0.3,0.024999999999999998,2022-07-01,Steel Reinforcement Bars,2023-07-01,12,141.5,859.2,121.3332926940918,2750.113250325521,0.0,104249.56508276367,59072.4326169922
O3,H30,0.3,0.024999999999999998,2022-08-01,Cement,2022-09-01,1,346.61,118.6,403.7850646972656,0.0,346.61,47888.9086730957,0.0
O3,H30,0.3,0.024999999999999998,2022-08-01,Cement,2022-10-01,2,368.78,118.6,408.9325408935547,0.0,368.78,48499.39934997558,0.0
O3,H30,0.3,0.024999999999999998,2022-08-01,Cement,2022-11-01,3,296.3,118.4,10.294952392578123,107.48506469726561,0.0,1218.9223632812498,318.1557915039062
O3,H30,0.3,0.024999999999999998,2022-08-01,Cement,2022-12-01,4,375.31,118.3,0.0,544.892670288086,0.0,0.0,1611.5200723770142
O3,H30,0.3,0.024999999999999998,2022-08-01,Cement,2023-01-01,5,440.73,118.5,245.2714329020182,927.1752282714845,0.0,29064.664798889156,2746.7566137542726
O3,H30,0.3,0.024999999999999998,2022-08-01,Cement,2023-02-01,6,282.49,118.4,387.9709777832031,1467.6977862548829,0.0,45935.76376953125,4344.385447314453
O3,H30,0.3,0.024999999999999998,2022-08-01,Cement,2023-03-01,7,427.87,118.2,149.59761617024742,2108.1117771402996,0.0,17682.438231323245,6229.470301449584
O3,H30,0.3,0.024999999999999998,2022-08-01,Cement,2023-04-01,8,315.7,118.0,13.796142578125,3248.6667458089196,0.0,1627.94482421875,9583.566900136311
O3,H30,0.3,0.024999999999999998,2022-08-01,Cement,2023-05-01,9,398.82,117.2,186.79659769694007,4455.699330647787,0.0,21892.561250081377,13055.199038798015
O3,H30,0.3,0.024999999999999998,2022-08-01,Cement,2023-06-01,10,335.0,116.7,401.7671203613281,5740.348058064779,0.0,46886.22294616699,16747.465459403993
O3,H30,0.3,0.024999999999999998,2022-08-01,Cement,2023-07-01,11,425.98,115.2,235.6647365315756,7120.813383178711,0.0,27148.577648437513,20507.942543554687
O3,H30,0.3,0.024999999999999998,2022-08-01,Cement,2023-08-01,12,378.3,114.4,27.59228515625,8950.725828653973,0.0,3156.5574218750003,25599.07586995036
O3,H30,0.3,0.024999999999999998,2022-08-01,Granite,2022-09-01,1,1550.1,20.8,1845.707137184283,0.0,1550.1,38390.708453433086,0.0
O3,H30,0.3,0.024999999999999998,2022-08-01,Granite,2022-10-01,2,1554.5,20.4,1788.9517301591466,0.0,1554.5,36494.615295246585,0.0
O3,H30,0.3,0.024999999999999998,2022-08-01,Granite,2022-11-01,3,1531.9,20.5,0.0,313.80713718428296,0.0,0.0,160.82615780694502
O3,H30,0.3,0.024999999999999998,2022-08-01,Granite,2022-12-01,4,1692.1,19.3,0.0,2256.366004527713,0.0,0.0,1088.6965971846214
O3,H30,0.3,0.024999999999999998,2022-08-01,Granite,2023-01-01,5,1309.6,19.0,1384.21242440712,4581.424871871142,0.0,26300.03606373528,2176.1768141387925
O3,H30,0.3,0.024999999999999998,2022-08-01,Granite,2023-02-01,6,1455.1,18.5,1826.2087760588188,6760.983739214573,0.0,33784.86235708815,3126.9549793867395
O3,H30,0.3,0.024999999999999998,2022-08-01,Granite,2023-03-01,7,1561.4,18.3,440.7344740846902,10218.455030965122,0.0,8065.44087574983,4674.943176666543
O3,H30,0.3,0.024999999999999998,2022-08-01,Granite,2023-04-01,8,1395.2,18.6,0.0,15668.335098774489,0.0,0.0,7285.775820930137
O3,H30,0.3,0.024999999999999998,2022-08-01,Granite,2023-05-01,9,1844.9,18.3,950.6798932142837,21109.249640668546,0.0,17397.44204582139,9657.481710605858
O3,H30,0.3,0.024999999999999998,2022-08-01,Granite,2023-06-01,10,1659.3,18.5,1821.161265790784,26735.764182562605,0.0,33691.4834171295,12365.290934435205
O3,H30,0.3,0.024999999999999998,2022-08-01,Granite,2023-07-01,11,1674.3,18.5,869.2194950094915,33297.95861767094,0.0,16080.560657675593,15400.30586067281
O3,H30,0.3,0.024999999999999998,2022-08-01,Granite,2023-08-01,12,1755.2,18.5,0.0,41600.414318570074,0.0,0.0,19240.191622338658
O3,H30,0.3,0.024999999999999998,2022-08-01,Ready Mixed Concrete,2022-09-01,1,993.4,118.6,1025.6824951171875,0.0,993.4,121645.94392089843,0.0
O3,H30,0.3,0.024999999999999998,2022-08-01,Ready Mixed Concrete,2022-10-01,2,930.7,118.5,1024.3536071777344,0.0,930.7,121385.90245056152,0.0
O3,H30,0.3,0.024999999999999998,2022-08-01,Ready Mixed Concrete,2022-11-01,3,959.9,118.2,0.0,65.78249511718752,0.0,0.0,194.38727307128912
O3,H30,0.3,0.024999999999999998,2022-08-01,Ready Mixed Concrete,2022-12-01,4,992.6,118.0,0.0,1123.2185974121094,0.0,0.0,3313.4948623657224
O3,H30,0.3,0.024999999999999998,2022-08-01,Ready Mixed Concrete,2023-01-01,5,808.1,117.6,955.0242207845052,2365.1546997070313,0.0,112310.8483642578,6953.554817138671
O3,H30,0.3,0.024999999999999998,2022-08-01,Ready Mixed Concrete,2023-02-01,6,897.3,118.1,1067.328125,3517.8908020019526,0.0,126051.45156249999,10386.572592910763
O3,H30,0.3,0.024999999999999998,2022-08-01,Ready Mixed Concrete,2023-03-01,7,1070.7,116.8,134.80062866210926,5452.2511250813795,0.0,15744.713427734361,15920.573285237626
O3,H30,0.3,0.024999999999999998,2022-08-01,Ready Mixed Concrete,2023-04-01,8,918.4,117.2,44.99344889322924,8606.239573160807,0.0,5273.232210286467,25216.28194936116
O3,H30,0.3,0.024999999999999998,2022-08-01,Ready Mixed Concrete,2023-05-01,9,1041.6,117.6,851.0895446777345,11771.828649902343,0.0,100088.13045410157,34609.17623071288
O3,H30,0.3,0.024999999999999998,2022-08-01,Ready Mixed Concrete,2023-06-01,10,1020.3,117.3,1112.321573893229,15003.71117553711,0.0,130475.32061767577,43998.38302226257
O3,H30,0.3,0.024999999999999998,2022-08-01,Ready Mixed Concrete,2023-07-01,11,1046.0,116.3,328.7222025553385,19060.98324584961,0.0,38230.39215718587,55419.80878730773
O3,H30,0.3,0.024999999999999998,2022-08-01,Ready Mixed Concrete,2023-08-01,12,1113.5,116.4,89.98689778645848,24163.076890055338,0.0,10474.474902343769,70314.55375006102
O3,H30,0.3,0.024999999999999998,2022-08-01,Steel Reinforcement Bars,2022-09-01,1,174.43,1072.6,121.1546859741211,0.0,174.43,129950.51617584228,0.0
O3,H30,0.3,0.024999999999999998,2022-08-01,Steel Reinforcement Bars,2022-10-01,2,108.27,1040.5,123.04735946655272,0.0,108.27,128030.7775249481,0.0
O3,H30,0.3,0.024999999999999998,2022-08-01,Steel Reinforcement Bars,2022-11-01,3,51.21,1004.5,3.785346984863281,69.94468597412109,0.0,3802.3810462951656,1756.4859265251155
O3,H30,0.3,0.024999999999999998,2022-08-01,Steel Reinforcement Bars,2022-12-01,4,70.5,952.3,0.0,243.64673141479489,0.0,0.0,5800.6195581577285
O3,H30,0.3,0.024999999999999998,2022-08-01,Steel Reinforcement Bars,2023-01-01,5,79.16,922.6,0.0010397847493521,412.474123840332,0.0,0.9593054097522475,9513.715666377257
O3,H30,0.3,0.024999999999999998,2022-08-01,Steel Reinforcement Bars,2023-02-01,6,100.49,942.1,79.8302394104004,559.9715162658691,0.0,75208.06854853821,13188.729136851882
O3,H30,0.3,0.024999999999999998,2022-08-01,Steel Reinforcement Bars,2023-03-01,7,57.1,946.6,125.41422053019204,750.8599484761555,0.0,118717.10115387979,17769.10068068822
O3,H30,0.3,0.024999999999999998,2022-08-01,Steel Reinforcement Bars,2023-04-01,8,67.2,940.1,44.05264938354492,1011.4786200968422,0.0,41413.895685470576,23772.27626882603
O3,H30,0.3,0.024999999999999998,2022-08-01,Steel Reinforcement Bars,2023-05-01,9,152.2,922.8,0.0,1312.511512247721,0.0,0.0,30279.640587554917
O3,H30,0.3,0.024999999999999998,2022-08-01,Steel Reinforcement Bars,2023-06-01,10,135.08,885.5,76.76549636840821,1674.7170537821448,0.0,67975.84703422547,37074.04877810223
O3,H30,0.3,0.024999999999999998,2022-08-01,Steel Reinforcement Bars,2023-07-01,11,141.5,859.2,119.28577423095705,2030.5025953165687,0.0,102490.3372192383,43615.1957473999
O3,H30,0.3,0.024999999999999998,2022-08-01,Steel Reinforcement Bars,2023-08-01,12,173.95,832.6,40.98790634155273,2430.6036332194008,0.0,34126.530819976804,50593.01462546182
O3,H30,0.3,0.024999999999999998,2022-09-01,Cement,2022-10-01,1,368.78,118.6,400.0435180664063,0.0,368.78,47445.161242675786,0.0
O3,H30,0.3,0.024999999999999998,2022-09-01,Cement,2022-11-01,2,296.3,118.4,411.1345825195313,0.0,296.3,48678.33457031251,0.0
O3,H30,0.3,0.024999999999999998,2022-09-01,Cement,2022-12-01,3,375.31,118.3,22.182128906249943,24.733518066406305,0.0,2624.1458496093683,73.14937968139664
O3,H30,0.3,0.024999999999999998,2022-09-01,Cement,2023-01-01,4,440.73,118.5,0.0,395.1816186523439,0.0,0.0,1170.7255452575687
O3,H30,0.3,0.024999999999999998,2022-09-01,Cement,2023-02-01,5,282.49,118.4,383.7429809570313,946.0518481445313,0.0,45435.16894531251,2800.3134705078123
O3,H30,0.3,0.024999999999999998,2022-09-01,Cement,2023-03-01,6,427.87,118.2,397.77484130859375,1351.5420776367187,0.0,47016.98624267578,3993.806839416503
O3,H30,0.3,0.024999999999999998,2022-09-01,Cement,2023-04-01,7,315.7,118.0,28.119522094726506,2252.9452880859376,0.0,3318.1036071777276,6646.188599853515
O3,H30,0.3,0.024999999999999998,2022-09-01,Cement,2023-05-01,8,398.82,117.2,0.0,3469.00333984375,0.0,0.0,10164.179785742186
O3,H30,0.3,0.024999999999999998,2022-09-01,Cement,2023-06-01,9,335.0,116.7,344.9204821777344,4777.000913696289,0.0,40252.22027014161,13936.900165708923
O3,H30,0.3,0.024999999999999998,2022-09-01,Cement,2023-07-01,10,425.98,115.2,454.12548828125,5994.0184875488285,0.0,52315.25625,17262.773244140626
O3,H30,0.3,0.024999999999999998,2022-09-01,Cement,2023-08-01,11,378.3,114.4,123.2926678466797,7603.636543579102,0.0,14104.68120166016,21746.400514636232
O3,H30,0.3,0.024999999999999998,2022-09-01,Cement,2023-09-01,12,446.33,113.5,28.175323486328125,9599.350087890625,0.0,3197.899215698242,27238.15587438965
O3,H30,0.3,0.024999999999999998,2022-09-01,Granite,2022-10-01,1,1554.5,20.4,1899.755211116272,0.0,1554.5,38755.006306771946,0.0
O3,H30,0.3,0.024999999999999998,2022-09-01,Granite,2022-11-01,2,1531.9,20.5,1924.8646902740184,0.0,1531.9,39459.726150617375,0.0
O3,H30,0.3,0.024999999999999998,2022-09-01,Granite,2022-12-01,3,1692.1,19.3,50.2189583154925,207.65521111627208,0.0,969.2258954890053,100.19363936360128
O3,H30,0.3,0.024999999999999998,2022-09-01,Granite,2023-01-01,4,1309.6,19.0,0.0,2722.6751125065625,0.0,0.0,1293.270678440617
O3,H30,0.3,0.024999999999999998,2022-09-01,Granite,2023-02-01,5,1455.1,18.5,1005.3641555018,5142.4139722123455,0.0,18599.2368767833,2378.3664621482094
O3,H30,0.3,0.024999999999999998,2022-09-01,Granite,2023-03-01,6,1561.4,18.3,1842.767438095492,7455.85283191813,0.0,33722.64411714751,3411.052670602544
O3,H30,0.3,0.024999999999999998,2022-09-01,Granite,2023-04-01,7,1395.2,18.6,847.2715100292405,10940.855847125713,0.0,15759.250086543874,5087.497968913457
O3,H30,0.3,0.024999999999999998,2022-09-01,Granite,2023-05-01,8,1844.9,18.3,19.73645487109729,15818.926300428788,0.0,361.1771241410804,7237.158782446169
O3,H30,0.3,0.024999999999999998,2022-09-01,Granite,2023-06-01,9,1659.3,18.5,1025.1006103728976,21729.868263761105,0.0,18964.361291898604,10050.064071989511
O3,H30,0.3,0.024999999999999998,2022-09-01,Granite,2023-07-01,10,1674.3,18.5,1862.503892966589,27645.54668196452,0.0,34456.322019881896,12786.06534040859
O3,H30,0.3,0.024999999999999998,2022-09-01,Granite,2023-08-01,11,1755.2,18.5,867.0079649003376,34505.42571054083,0.0,16039.647350656245,15958.759391125133
O3,H30,0.3,0.024999999999999998,2022-09-01,Granite,2023-09-01,12,1729.4,18.6,39.47290974219459,43253.60863208373,0.0,734.1961212048194,20112.928013918936
O3,H30,0.3,0.024999999999999998,2022-09-01,Ready Mixed Concrete,2022-10-01,1,930.7,118.5,1094.1734619140625,0.0,930.7,129659.5552368164,0.0
O3,H30,0.3,0.024999999999999998,2022-09-01,Ready Mixed Concrete,2022-11-01,2,959.9,118.2,1126.0674438476562,0.0,959.9,133101.17186279298,0.0
O3,H30,0.3,0.024999999999999998,2022-09-01,Ready Mixed Concrete,2022-12-01,3,992.6,118.0,63.7879638671875,101.57346191406248,0.0,7526.979736328125,299.6417126464843
O3,H30,0.3,0.024999999999999998,2022-09-01,Ready Mixed Concrete,2023-01-01,4,808.1,117.6,0.0,1513.7143676757814,0.0,0.0,4450.3202409667965
O3,H30,0.3,0.024999999999999998,2022-09-01,Ready Mixed Concrete,2023-02-01,5,897.3,118.1,708.8788126627604,2900.4432373046875,0.0,83718.587775472,8563.558658142088
O3,H30,0.3,0.024999999999999998,2022-09-01,Ready Mixed Concrete,2023-03-01,6,1070.7,116.8,1209.330810546875,4113.772106933594,0.0,141249.83867187498,12012.214552246092
O3,H30,0.3,0.024999999999999998,2022-09-01,Ready Mixed Concrete,2023-04-01,7,918.4,117.2,505.1311360677083,6188.279789225261,0.0,59201.36914713542,18131.65978243001
O3,H30,0.3,0.024999999999999998,2022-09-01,Ready Mixed Concrete,2023-05-01,8,1041.6,117.6,9.3582763671875,9348.918282063803,0.0,1100.5333007812499,27485.81974926758
O3,H30,0.3,0.024999999999999998,2022-09-01,Ready Mixed Concrete,2023-06-01,9,1020.3,117.3,550.5062784830728,13035.987910970054,0.0,64574.38646606444,38228.03454891968
O3,H30,0.3,0.024999999999999998,2022-09-01,Ready Mixed Concrete,2023-07-01,10,1046.0,116.3,1218.6890869140625,16706.715816243493,0.0,141733.54080810546,48574.77623572795
O3,H30,0.3,0.024999999999999998,2022-09-01,Ready Mixed Concrete,2023-08-01,11,1113.5,116.4,682.2202229817709,20860.450000000004,0.0,79410.43395507814,60703.90950000001
O3,H30,0.3,0.024999999999999998,2022-09-01,Ready Mixed Concrete,2023-09-01,12,1081.8,116.6,18.716552734375,26264.57327067058,0.0,2182.3500488281247,76561.23108400473
O3,H30,0.3,0.024999999999999998,2022-09-01,Steel Reinforcement Bars,2022-10-01,1,108.27,1040.5,160.803955078125,0.0,108.27,167316.51525878906,0.0
O3,H30,0.3,0.024999999999999998,2022-09-01,Steel Reinforcement Bars,2022-11-01,2,51.21,1004.5,158.41053009033203,0.0,51.21,159123.37747573853,0.0
O3,H30,0.3,0.024999999999999998,2022-09-01,Steel Reinforcement Bars,2022-12-01,3,70.5,952.3,0.0,90.303955078125,0.0,0.0,2149.9114105224608
O3,H30,0.3,0.024999999999999998,2022-09-01,Steel Reinforcement Bars,2023-01-01,4,79.16,922.6,0.0,330.35844024658206,0.0,0.0,7619.717424287414
O3,H30,0.3,0.024999999999999998,2022-09-01,Steel Reinforcement Bars,2023-02-01,5,100.49,942.1,0.0,549.0829254150391,0.0,0.0,12932.275600837707
O3,H30,0.3,0.024999999999999998,2022-09-01,Steel Reinforcement Bars,2023-03-01,6,57.1,946.6,75.39871063232421,811.1974105834961,0.0,71372.4194845581,19196.986721458434
O3,H30,0.3,0.024999999999999998,2022-09-01,Steel Reinforcement Bars,2023-04-01,7,67.2,940.1,132.080078125,1063.211895751953,0.0,124168.4814453125,24988.137579910275
O3,H30,0.3,0.024999999999999998,2022-09-01,Steel Reinforcement Bars,2023-05-01,8,152.2,922.8,68.2272201538086,1305.6250915527341,0.0,62960.07875793458,30120.77086212157
O3,H30,0.3,0.024999999999999998,2022-09-01,Steel Reinforcement Bars,2023-06-01,9,135.08,885.5,11.127220153808594,1697.2383654785153,0.0,9853.15344619751,37572.61431578063
O3,H30,0.3,0.024999999999999998,2022-09-01,Steel Reinforcement Bars,2023-07-01,10,141.5,859.2,74.56144561767577,2150.658859558105,0.0,64063.194074707026,46196.1523033081
O3,H30,0.3,0.024999999999999998,2022-09-01,Steel Reinforcement Bars,2023-08-01,11,173.95,832.6,131.24281311035156,2582.756573791504,0.0,109272.76619567872,53760.07808347014
O3,H30,0.3,0.024999999999999998,2022-09-01,Steel Reinforcement Bars,2023-09-01,12,140.71,830.1,67.38995513916016,3122.655733642578,0.0,55940.40176101685,64802.91311241759
O3,H30,0.3,0.024999999999999998,2022-10-01,Cement,2022-11-01,1,296.3,118.4,424.7693481445313,0.0,296.3,50292.690820312506,0.0
O3,H30,0.3,0.024999999999999998,2022-10-01,Cement,2022-12-01,2,375.31,118.3,423.3801879882813,0.0,375.31,50085.876239013676,0.0
O3,H30,0.3,0.024999999999999998,2022-10-01,Cement,2023-01-01,3,440.73,118.5,0.0,0.0,15.960651855468711,0.0,0.0
O3,H30,0.3,0.024999999999999998,2022-10-01,Cement,2023-02-01,4,282.49,118.4,0.0,565.6595361328126,0.0,0.0,1674.3522269531252
O3,H30,0.3,0.024999999999999998,2022-10-01,Cement,2023-03-01,5,427.87,118.2,261.1802465820312,985.9390722656252,0.0,30871.50514599609,2913.449958544922
O3,H30,0.3,0.024999999999999998,2022-10-01,Cement,2023-04-01,6,315.7,118.0,392.1101379394531,1518.3886083984378,0.0,46268.99627685547,4479.246394775391
O3,H30,0.3,0.024999999999999998,2022-10-01,Cement,2023-05-01,7,398.82,117.2,138.91733337402349,2228.8983911132814,0.0,16281.111471435554,6530.672285961914
O3,H30,0.3,0.024999999999999998,2022-10-01,Cement,2023-06-01,8,335.0,116.7,15.974884033203123,3395.3383117675785,0.0,1864.2689666748045,9905.89952458191
O3,H30,0.3,0.024999999999999998,2022-10-01,Cement,2023-07-01,9,425.98,115.2,220.0449926757812,4609.715565795899,0.0,25349.183156249994,13275.98082949219
O3,H30,0.3,0.024999999999999998,2022-10-01,Cement,2023-08-01,10,378.3,114.4,408.08502197265625,5887.7477038574225,0.0,46684.926513671875,16838.95843303223
O3,H30,0.3,0.024999999999999998,2022-10-01,Cement,2023-09-01,11,446.33,113.5,212.0023553466797,7317.794834594727,0.0,24062.267331848147,20764.242843162538
O3,H30,0.3,0.024999999999999998,2022-10-01,Cement,2023-10-01,12,335.47,113.2,31.94976806640625,9266.78698730469,0.0,3616.7137451171875,26225.007174072267
O3,H30,0.3,0.024999999999999998,2022-10-01,Granite,2022-11-01,1,1531.9,20.5,1798.7626353080366,0.0,1531.9,36874.63402381475,0.0
O3,H30,0.3,0.024999999999999998,2022-10-01,Granite,2022-12-01,2,1692.1,19.3,1753.5982667862968,0.0,1692.1,33844.44654897553,0.0
O3,H30,0.3,0.024999999999999998,2022-10-01,Granite,2023-01-01,3,1309.6,19.0,0.0,489.16263530803667,0.0,0.0,232.3522517713174
O3,H30,0.3,0.024999999999999998,2022-10-01,Granite,2023-02-01,4,1455.1,18.5,0.0,2586.4235374023697,0.0,0.0,1196.220886048596
O3,H30,0.3,0.024999999999999998,2022-10-01,Granite,2023-03-01,5,1561.4,18.3,1015.9005522828866,4577.384439496704,0.0,18590.980106776824,2094.153381069742
O3,H30,0.3,0.024999999999999998,2022-10-01,Granite,2023-04-01,6,1395.2,18.6,1851.125232433552,6734.545341591037,0.0,34430.92932326407,3131.5635838398325
O3,H30,0.3,0.024999999999999998,2022-10-01,Granite,2023-05-01,7,1844.9,18.3,830.0324481446385,9457.906795968256,0.0,15189.593801046885,4326.992359155477
O3,H30,0.3,0.024999999999999998,2022-10-01,Granite,2023-06-01,8,1659.3,18.5,0.0,14217.993482779028,0.0,0.0,6575.8219857853
O3,H30,0.3,0.024999999999999998,2022-10-01,Granite,2023-07-01,9,1674.3,18.5,813.6908558372811,19793.112617734438,0.0,15053.2808329897,9154.314585702177
O3,H30,0.3,0.024999999999999998,2022-10-01,Granite,2023-08-01,10,1755.2,18.5,1830.3563044094449,25287.331752689846,0.0,33861.59163157473,11695.390935619052
O3,H30,0.3,0.024999999999999998,2022-10-01,Granite,2023-09-01,11,1729.4,18.6,1011.4732165661368,31621.041743482536,0.0,18813.401828130147,14703.78441071938
O3,H30,0.3,0.024999999999999998,2022-10-01,Granite,2023-10-01,12,1742.2,19.5,0.0,39772.30803868467,0.0,0.0,19389.000168858773
O3,H30,0.3,0.024999999999999998,2022-10-01,Ready Mixed Concrete,2022-11-01,1,959.9,118.2,1087.1026611328125,0.0,959.9,128495.53454589844,0.0
O3,H30,0.3,0.024999999999999998,2022-10-01,Ready Mixed Concrete,2022-12-01,2,992.6,118.0,1098.363037109375,0.0,992.6,129606.83837890625,0.0
O3,H30,0.3,0.024999999999999998,2022-10-01,Ready Mixed Concrete,2023-01-01,3,808.1,117.6,22.520751953125,279.0026611328125,0.0,2648.4404296875,820.2678237304685
O3,H30,0.3,0.024999999999999998,2022-10-01,Ready Mixed Concrete,2023-02-01,4,897.3,118.1,0.0,1567.1683593750001,0.0,0.0,4627.064581054688
O3,H30,0.3,0.024999999999999998,2022-10-01,Ready Mixed Concrete,2023-03-01,5,1070.7,116.8,624.6348632812499,2704.454809570313,0.0,72957.35203124999,7897.008043945313
O3,H30,0.3,0.024999999999999998,2022-10-01,Ready Mixed Concrete,2023-04-01,6,918.4,117.2,1136.020263671875,3994.0412597656255,0.0,133141.57490234377,11702.540891113282
O3,H30,0.3,0.024999999999999998,2022-10-01,Ready Mixed Concrete,2023-05-01,7,1041.6,117.6,521.4698323567709,5785.062573242187,0.0,61324.85228515625,17008.083965332025
O3,H30,0.3,0.024999999999999998,2022-10-01,Ready Mixed Concrete,2023-06-01,8,1020.3,117.3,20.168863932291742,8733.404150390625,0.0,2365.807739257821,25610.707671020504
O3,H30,0.3,0.024999999999999998,2022-10-01,Ready Mixed Concrete,2023-07-01,9,1046.0,116.3,529.0834635416666,12177.515559895834,0.0,61532.406809895816,35406.12649039713
O3,H30,0.3,0.024999999999999998,2022-10-01,Ready Mixed Concrete,2023-08-01,10,1113.5,116.4,1156.1891276041663,15574.295833333334,0.0,134580.41445312498,45321.200874999995
O3,H30,0.3,0.024999999999999998,2022-10-01,Ready Mixed Concrete,2023-09-01,11,1081.8,116.6,657.3589599609377,19531.8595703125,0.0,76648.05473144533,56935.37064746093
O3,H30,0.3,0.024999999999999998,2022-10-01,Ready Mixed Concrete,2023-10-01,12,1101.2,116.4,40.337727864583485,24626.21243489583,0.0,4695.311523437518,71662.27818554686
O3,H30,0.3,0.024999999999999998,2022-10-01,Steel Reinforcement Bars,2022-11-01,1,51.21,1004.5,130.0620574951172,0.0,51.21,130647.33675384521,0.0
O3,H30,0.3,0.024999999999999998,2022-10-01,Steel Reinforcement Bars,2022-12-01,2,70.5,952.3,139.0100555419922,0.0,70.5,132379.27589263915,0.0
O3,H30,0.3,0.024999999999999998,2022-10-01,Steel Reinforcement Bars,2023-01-01,3,79.16,922.6,17.89599609375,50.90205749511719,0.0,16510.84599609375,1174.0559561248779
O3,H30,0.3,0.024999999999999998,2022-10-01,Steel Reinforcement Bars,2023-02-01,4,100.49,942.1,0.0,219.48417053222659,0.0,0.0,5169.400926460266
O3,H30,0.3,0.024999999999999998,2022-10-01,Steel Reinforcement Bars,2023-03-01,5,57.1,946.6,48.36868387858071,449.35227966308594,0.0,45785.7961594645,10633.921698226928
O3,H30,0.3,0.024999999999999998,2022-10-01,Steel Reinforcement Bars,2023-04-01,6,67.2,940.1,109.3330535888672,669.1203887939453,0.0,102784.00367889406,15726.001937629697
O3,H30,0.3,0.024999999999999998,2022-10-01,Steel Reinforcement Bars,2023-05-01,7,152.2,922.8,111.64680633544924,852.2571818033853,0.0,103027.67288635255,19661.573184204095
O3,H30,0.3,0.024999999999999998,2022-10-01,Steel Reinforcement Bars,2023-06-01,8,135.08,885.5,51.14676411946616,1161.8470284016926,0.0,45290.459627787284,25720.388591242467
O3,H30,0.3,0.024999999999999998,2022-10-01,Steel Reinforcement Bars,2023-07-01,9,141.5,859.2,49.29733886718749,1576.6636813354492,0.0,42356.2735546875,33866.73587508545
O3,H30,0.3,0.024999999999999998,2022-10-01,Steel Reinforcement Bars,2023-08-01,10,173.95,832.6,110.26170857747394,2010.177098388672,0.0,91803.8985616048,41841.836302960204
O3,H30,0.3,0.024999999999999998,2022-10-01,Steel Reinforcement Bars,2023-09-01,11,140.71,830.1,112.575461324056,2526.2278543090824,0.0,93448.89044509888,52425.54354654923
O3,H30,0.3,0.024999999999999998,2022-10-01,Steel Reinforcement Bars,2023-10-01,12,162.59,827.4,52.075419108072936,3130.6603188069666,0.0,43087.20177001954,64757.7086945221
O3,H30,0.3,0.024999999999999998,2022-11-01,Cement,2022-12-01,1,375.31,118.3,417.8412170410156,0.0,375.31,49430.61597595215,0.0
O3,H30,0.3,0.024999999999999998,2022-11-01,Cement,2023-01-01,2,440.73,118.5,406.2331237792969,0.0,440.73,48138.62516784668,0.0
O3,H30,0.3,0.024999999999999998,2022-11-01,Cement,2023-02-01,3,282.49,118.4,0.0,135.35121704101562,0.0,0.0,400.6396024414062
O3,H30,0.3,0.024999999999999998,2022-11-01,Cement,2023-03-01,4,427.87,118.2,0.0,531.5555578613281,0.0,0.0,1570.7466734802244
O3,H30,0.3,0.024999999999999998,2022-11-01,Cement,2023-04-01,5,315.7,118.0,274.8900191243489,1039.9298986816405,0.0,32437.022256673168,3067.793201110839
O3,H30,0.3,0.024999999999999998,2022-11-01,Cement,2023-05-01,6,398.82,117.2,385.5940246582031,1465.184239501953,0.0,45191.619689941406,4292.989821740722
O3,H30,0.3,0.024999999999999998,2022-11-01,Cement,2023-06-01,7,335.0,116.7,116.69985005696616,2229.1485994466143,0.0,13618.872501647951,6503.541038885497
O3,H30,0.3,0.024999999999999998,2022-11-01,Cement,2023-07-01,8,425.98,115.2,11.99168904622394,3287.7269840494787,0.0,1381.442578124998,9468.653714062499
O3,H30,0.3,0.024999999999999998,2022-11-01,Cement,2023-08-01,9,378.3,114.4,286.8817081705729,4510.685218709309,0.0,32819.26741471354,12900.559725508623
O3,H30,0.3,0.024999999999999998,2022-11-01,Cement,2023-09-01,10,446.33,113.5,397.5857137044271,5677.605142415364,0.0,45125.97850545248,16110.204591603595
O3,H30,0.3,0.024999999999999998,2022-11-01,Cement,2023-10-01,11,335.47,113.2,128.6915391031901,7242.266774291991,0.0,14567.88222648112,20495.614971246334
O3,H30,0.3,0.024999999999999998,2022-11-01,Cement,2023-11-01,12,381.97,112.0,23.98337809244788,9158.014119873047,0.0,2686.1383463541624,25642.43953564453
O3,H30,0.3,0.024999999999999998,2022-11-01,Granite,2022-12-01,1,1692.1,19.3,1797.9343517283223,0.0,1692.1,34700.13298835662,0.0
O3,H30,0.3,0.024999999999999998,2022-11-01,Granite,2023-01-01,2,1309.6,19.0,1753.2050520190965,0.0,1309.6,33310.895988362834,0.0
O3,H30,0.3,0.024999999999999998,2022-11-01,Granite,2023-02-01,3,1455.1,18.5,0.0,342.8343517283224,0.0,0.0,158.56088767434912
O3,H30,0.3,0.024999999999999998,2022-11-01,Granite,2023-03-01,4,1561.4,18.3,0.0,2332.573755475741,0.0,0.0,1067.1524931301515
O3,H30,0.3,0.024999999999999998,2022-11-01,Granite,2023-04-01,5,1395.2,18.6,1142.044693991215,4488.51315922316,0.0,21242.031308236597,2087.1586190387698
O3,H30,0.3,0.024999999999999998,2022-11-01,Granite,2023-05-01,6,1844.9,18.3,1660.788270453015,6194.75256297058,0.0,30392.425349290177,2834.0992975590398
O3,H30,0.3,0.024999999999999998,2022-11-01,Granite,2023-06-01,7,1659.3,18.5,528.2022002824592,9228.636660709213,0.0,9771.740705225495,4268.244455578011
O3,H30,0.3,0.024999999999999998,2022-11-01,Granite,2023-07-01,8,1674.3,18.5,18.917247641318,13908.309028900861,0.0,349.969081364383,6432.592925866648
O3,H30,0.3,0.024999999999999998,2022-11-01,Granite,2023-08-01,9,1755.2,18.5,1160.961941632533,19035.283597374968,0.0,21477.795920201857,8803.818663785922
O3,H30,0.3,0.024999999999999998,2022-11-01,Granite,2023-09-01,10,1729.4,18.6,1679.705518094333,24206.975413490392,0.0,31242.522636554597,11256.243567273033
O3,H30,0.3,0.024999999999999998,2022-11-01,Granite,2023-10-01,11,1742.2,19.5,547.1194479237774,30526.82917123835,0.0,10668.82923451366,14881.829220978694
O3,H30,0.3,0.024999999999999998,2022-11-01,Granite,2023-11-01,12,1621.1,20.3,37.834495282636,38647.48844708064,0.0,768.0402542375108,19613.600386893424
O3,H30,0.3,0.024999999999999998,2022-11-01,Ready Mixed Concrete,2022-12-01,1,992.6,118.0,1026.403564453125,0.0,992.6,121115.62060546875,0.0
O3,H30,0.3,0.024999999999999998,2022-11-01,Ready Mixed Concrete,2023-01-01,2,808.1,117.6,1035.2061767578125,0.0,808.1,121740.24638671875,0.0
O3,H30,0.3,0.024999999999999998,2022-11-01,Ready Mixed Concrete,2023-02-01,3,897.3,118.1,17.605224609375,129.10356445312505,0.0,2079.1770263671874,381.17827404785163
O3,H30,0.3,0.024999999999999998,2022-11-01,Ready Mixed Concrete,2023-03-01,4,1070.7,116.8,0.0,1120.0133056640623,0.0,0.0,3270.4388525390614
O3,H30,0.3,0.024999999999999998,2022-11-01,Ready Mixed Concrete,2023-04-01,5,918.4,117.2,944.3605550130208,2280.828271484375,0.0,110679.05704752603,6682.8268354492175
O3,H30,0.3,0.024999999999999998,2022-11-01,Ready Mixed Concrete,2023-05-01,6,1041.6,117.6,1061.35888671875,3318.443237304688,0.0,124815.80507812499,9756.223117675781
O3,H30,0.3,0.024999999999999998,2022-11-01,Ready Mixed Concrete,2023-06-01,7,1020.3,117.3,144.43070475260424,5321.718758138021,0.0,16941.721667480477,15605.940258239745
O3,H30,0.3,0.024999999999999998,2022-11-01,Ready Mixed Concrete,2023-07-01,8,1046.0,116.3,54.86474609375,8360.653165690104,0.0,6380.769970703125,24308.599079243977
O3,H30,0.3,0.024999999999999998,2022-11-01,Ready Mixed Concrete,2023-08-01,9,1113.5,116.4,983.8664143880208,11476.518277994792,0.0,114522.05063476562,33396.66818896484
O3,H30,0.3,0.024999999999999998,2022-11-01,Ready Mixed Concrete,2023-09-01,10,1081.8,116.6,1116.2236328125,14678.94813639323,0.0,130151.6755859375,42789.13381758626
O3,H30,0.3,0.024999999999999998,2022-11-01,Ready Mixed Concrete,2023-10-01,11,1101.2,116.4,214.65433756510424,18845.84440917969,0.0,24985.764892578136,54841.40723071289
O3,H30,0.3,0.024999999999999998,2022-11-01,Ready Mixed Concrete,2023-11-01,12,1070.0,115.4,109.7294921875,24160.164314778645,0.0,12662.783398437501,69702.07404813639
O3,H30,0.3,0.024999999999999998,2022-11-01,Steel Reinforcement Bars,2022-12-01,1,70.5,952.3,138.33480834960938,0.0,70.5,131736.237991333,0.0
O3,H30,0.3,0.024999999999999998,2022-11-01,Steel Reinforcement Bars,2023-01-01,2,79.16,922.6,146.02474975585938,0.0,79.16,134722.43412475588,0.0
O3,H30,0.3,0.024999999999999998,2022-11-01,Steel Reinforcement Bars,2023-02-01,3,100.49,942.1,15.3798828125,37.84480834960938,0.0,14489.38759765625,891.3398486541748
O3,H30,0.3,0.024999999999999998,2022-11-01,Steel Reinforcement Bars,2023-03-01,4,57.1,946.6,0.0,265.1043664550781,0.0,0.0,6273.694832159423
O3,H30,0.3,0.024999999999999998,2022-11-01,Steel Reinforcement Bars,2023-04-01,5,67.2,940.1,0.0,497.64380737304685,0.0,0.0,11695.873582785032
O3,H30,0.3,0.024999999999999998,2022-11-01,Steel Reinforcement Bars,2023-05-01,6,152.2,922.8,53.79257873535157,645.1832482910156,0.0,49639.79165698242,14884.377538073728
O3,H30,0.3,0.024999999999999998,2022-11-01,Steel Reinforcement Bars,2023-06-01,7,135.08,885.5,132.221555074056,809.8426892089843,0.0,117082.18701807658,17927.89253236389
O3,H30,0.3,0.024999999999999998,2022-11-01,Steel Reinforcement Bars,2023-07-01,8,141.5,859.2,81.90851175944009,1021.8747088623047,0.0,70375.79330371093,21949.868746362306
O3,H30,0.3,0.024999999999999998,2022-11-01,Steel Reinforcement Bars,2023-08-01,9,173.95,832.6,6.959070841471345,1333.6782835896809,0.0,5794.122382609042,27760.513472919203
O3,H30,0.3,0.024999999999999998,2022-11-01,Steel Reinforcement Bars,2023-09-01,10,140.71,830.1,60.75164957682294,1760.6303700764972,0.0,50429.94431372073,36537.48175501251
O3,H30,0.3,0.024999999999999998,2022-11-01,Steel Reinforcement Bars,2023-10-01,11,162.59,827.4,139.18062591552734,2172.661527404785,0.0,115158.04988250732,44941.50369436797
O3,H30,0.3,0.024999999999999998,2022-11-01,Steel Reinforcement Bars,2023-11-01,12,187.13,826.7,88.86758260091143,2620.9043343098956,0.0,73466.83053617348,54167.540329349766
O3,H30,0.3,0.024999999999999998,2022-12-01,Cement,2023-01-01,1,440.73,118.5,406.8157958984375,0.0,440.73,48207.671813964844,0.0
O3,H30,0.3,0.024999999999999998,2022-12-01,Cement,2023-02-01,2,282.49,118.4,399.65240478515625,0.0,282.49,47318.8447265625,0.0
O3,H30,0.3,0.024999999999999998,2022-12-01,Cement,2023-03-01,3,427.87,118.2,0.0,0.0,21.054204101562505,0.0,0.0
O3,H30,0.3,0.024999999999999998,2022-12-01,Cement,2023-04-01,4,315.7,118.0,0.0,490.76820068359376,0.0,0.0,1447.7661920166015
O3,H30,0.3,0.024999999999999998,2022-12-01,Cement,2023-05-01,5,398.82,117.2,293.5315836588542,898.4164013671875,0.0,34401.90160481771,2632.360056005859
O3,H30,0.3,0.024999999999999998,2022-12-01,Cement,2023-06-01,6,335.0,116.7,369.9814758300781,1369.8846020507813,0.0,43176.83822937012,3996.6383264831543
O3,H30,0.3,0.024999999999999998,2022-12-01,Cement,2023-07-01,7,425.98,115.2,77.69546712239583,2043.9043863932293,0.0,8950.5178125,5886.4446328125005
O3,H30,0.3,0.024999999999999998,2022-12-01,Cement,2023-08-01,8,378.3,114.4,2.49114990234375,3135.5856465657553,0.0,284.987548828125,8967.77494917806
O3,H30,0.3,0.024999999999999998,2022-12-01,Cement,2023-09-01,9,446.33,113.5,296.0227335611979,4236.932373860677,0.0,33598.580259195965,12022.295610829671
O3,H30,0.3,0.024999999999999998,2022-12-01,Cement,2023-10-01,10,335.47,113.2,372.4726257324219,5451.630251057943,0.0,42163.90123291016,15428.113610493976
O3,H30,0.3,0.024999999999999998,2022-12-01,Cement,2023-11-01,11,381.97,112.0,80.18661702473958,6915.850861816406,0.0,8980.901106770832,19364.382413085936
O3,H30,0.3,0.024999999999999998,2022-12-01,Cement,2023-12-01,12,467.38,111.7,4.9822998046875,8667.134098307293,0.0,556.5228881835938,24202.971969523118
O3,H30,0.3,0.024999999999999998,2022-12-01,Granite,2023-01-01,1,1309.6,19.0,1685.1703660260707,0.0,1309.6,32018.236954495344,0.0
O3,H30,0.3,0.024999999999999998,2022-12-01,Granite,2023-02-01,2,1455.1,18.5,1707.8002570779342,0.0,1455.1,31594.304755941783,0.0
O3,H30,0.3,0.024999999999999998,2022-12-01,Granite,2023-03-01,3,1561.4,18.3,45.25978210372705,123.77036602607063,0.0,828.254012498205,56.62494245692731
O3,H30,0.3,0.024999999999999998,2022-12-01,Granite,2023-04-01,4,1395.2,18.6,0.0,2121.540989130076,0.0,0.0,986.5165599454854
O3,H30,0.3,0.024999999999999998,2022-12-01,Granite,2023-05-01,5,1844.9,18.3,1270.9143541433848,3714.8713943378075,0.0,23257.73268082394,1699.5536629095468
O3,H30,0.3,0.024999999999999998,2022-12-01,Granite,2023-06-01,6,1659.3,18.5,1763.602064961776,5493.801799545539,0.0,32626.638201792855,2540.8833322898117
O3,H30,0.3,0.024999999999999998,2022-12-01,Granite,2023-07-01,7,1674.3,18.5,480.0251695347936,8528.646558896657,0.0,8880.465636393681,3944.4990334897034
O3,H30,0.3,0.024999999999999998,2022-12-01,Granite,2023-08-01,8,1755.2,18.5,0.0,13246.19338320955,0.0,0.0,6126.364439734416
O3,H30,0.3,0.024999999999999998,2022-12-01,Granite,2023-09-01,9,1729.4,18.6,1237.1872066144133,18469.56537705723,0.0,23011.68204302809,8588.347900331613
O3,H30,0.3,0.024999999999999998,2022-12-01,Granite,2023-10-01,10,1742.2,19.5,1712.9518998273852,23680.13737090492,0.0,33402.56204663401,11544.066968316147
O3,H30,0.3,0.024999999999999998,2022-12-01,Granite,2023-11-01,11,1621.1,20.3,463.102151929374,30248.996571367017,0.0,9400.973684166293,15351.36575996876
O3,H30,0.3,0.024999999999999998,2022-12-01,Granite,2023-12-01,12,1531.7,21.2,0.0,38620.207671656506,0.0,0.0,20468.710065977946
O3,H30,0.3,0.024999999999999998,2022-12-01,Ready Mixed Concrete,2023-01-01,1,808.1,117.6,1039.676513671875,0.0,808.1,122265.9580078125,0.0
O3,H30,0.3,0.024999999999999998,2022-12-01,Ready Mixed Concrete,2023-02-01,2,897.3,118.1,1053.2274169921875,0.0,897.3,124386.15794677734,0.0
O3,H30,0.3,0.024999999999999998,2022-12-01,Ready Mixed Concrete,2023-03-01,3,1070.7,116.8,27.101806640625,0.0,31.023486328125045,3165.491015625,0.0
O3,H30,0.3,0.024999999999999998,2022-12-01,Ready Mixed Concrete,2023-04-01,4,918.4,117.2,21.297770182291742,1174.5039306640624,0.0,2496.0986653645923,3441.2965168457026
O3,H30,0.3,0.024999999999999998,2022-12-01,Ready Mixed Concrete,2023-05-01,5,1041.6,117.6,920.3428304036456,2252.90966796875,0.0,108232.31685546871,6623.554423828124
O3,H30,0.3,0.024999999999999998,2022-12-01,Ready Mixed Concrete,2023-06-01,6,1020.3,117.3,1068.7211507161458,3373.9131754557293,0.0,125360.9909790039,9894.000387023925
O3,H30,0.3,0.024999999999999998,2022-12-01,Ready Mixed Concrete,2023-07-01,7,1046.0,116.3,191.08028564453127,5389.559513346354,0.0,22222.637220458986,15670.144285054523
O3,H30,0.3,0.024999999999999998,2022-12-01,Ready Mixed Concrete,2023-08-01,8,1113.5,116.4,64.10616048177098,8406.427001953125,0.0,7461.957080078143,24462.70257568359
O3,H30,0.3,0.024999999999999998,2022-12-01,Ready Mixed Concrete,2023-09-01,9,1081.8,116.6,963.151220703125,11646.074776204428,0.0,112303.43233398437,33948.30797263591
O3,H30,0.3,0.024999999999999998,2022-12-01,Ready Mixed Concrete,2023-10-01,10,1101.2,116.4,1111.5295410156248,14930.428710937502,0.0,129382.03857421874,43447.54754882812
O3,H30,0.3,0.024999999999999998,2022-12-01,Ready Mixed Concrete,2023-11-01,11,1070.0,115.4,233.8886759440105,19209.1338663737,0.0,26990.75320393881,55418.35120448812
O3,H30,0.3,0.024999999999999998,2022-12-01,Ready Mixed Concrete,2023-12-01,12,1101.6,115.4,106.91455078125024,24567.768562825528,0.0,12337.939160156278,70878.01230375165
O3,H30,0.3,0.024999999999999998,2022-12-01,Steel Reinforcement Bars,2023-01-01,1,79.16,922.6,159.2202911376953,0.0,79.16,146896.6406036377,0.0
O3,H30,0.3,0.024999999999999998,2022-12-01,Steel Reinforcement Bars,2023-02-01,2,100.49,942.1,150.2219467163086,0.0,100.49,141524.09600143434,0.0
O3,H30,0.3,0.024999999999999998,2022-12-01,Steel Reinforcement Bars,2023-03-01,3,57.1,946.6,0.0,102.12029113769532,0.0,0.0,2416.6766897735597
O3,H30,0.3,0.024999999999999998,2022-12-01,Steel Reinforcement Bars,2023-04-01,4,67.2,940.1,0.0,344.3625289916992,0.0,0.0,8093.38033762741
O3,H30,0.3,0.024999999999999998,2022-12-01,Steel Reinforcement Bars,2023-05-01,5,152.2,922.8,0.0,501.6047668457032,0.0,0.0,11572.02197113037
O3,H30,0.3,0.024999999999999998,2022-12-01,Steel Reinforcement Bars,2023-06-01,6,135.08,885.5,109.72649383544922,675.967004699707,0.0,97162.81029129028,14964.219566539763
O3,H30,0.3,0.024999999999999998,2022-12-01,Steel Reinforcement Bars,2023-07-01,7,141.5,859.2,145.06173451741537,843.9092425537109,0.0,124637.0422973633,18127.17053005371
O3,H30,0.3,0.024999999999999998,2022-12-01,Steel Reinforcement Bars,2023-08-01,8,173.95,832.6,37.728243509928376,1089.127974243164,0.0,31412.535546366365,22670.19878387146
O3,H30,0.3,0.024999999999999998,2022-12-01,Steel Reinforcement Bars,2023-09-01,9,140.71,830.1,4.78600565592447,1512.6484404500325,0.0,3972.8632949829025,31391.236760439297
O3,H30,0.3,0.024999999999999998,2022-12-01,Steel Reinforcement Bars,2023-10-01,10,162.59,827.4,110.16076497395836,1952.0171501668294,0.0,91147.01693945315,40377.47475120086
O3,H30,0.3,0.024999999999999998,2022-12-01,Steel Reinforcement Bars,2023-11-01,11,187.13,826.7,149.84774017333984,2371.6318655395507,0.0,123879.12680130005,49015.701581038666
O3,H30,0.3,0.024999999999999998,2022-12-01,Steel Reinforcement Bars,2023-12-01,12,122.5,819.7,46.86598368326821,2966.0373458862305,0.0,38416.046825174955,60781.52031057358
O3,H30,0.3,0.024999999999999998,2023-01-01,Cement,2023-02-01,1,282.49,118.4,419.7359008789063,0.0,282.49,49696.73066406251,0.0
O3,H30,0.3,0.024999999999999998,2023-01-01,Cement,2023-03-01,2,427.87,118.2,414.0669250488281,0.0,427.87,48942.710540771484,0.0
O3,H30,0.3,0.024999999999999998,2023-01-01,Cement,2023-04-01,3,315.7,118.0,0.0,104.03590087890632,0.0,0.0,306.9059075927736
O3,H30,0.3,0.024999999999999998,2023-01-01,Cement,2023-05-01,4,398.82,117.2,0.0,539.0187268066406,0.0,0.0,1579.324869543457
O3,H30,0.3,0.024999999999999998,2023-01-01,Cement,2023-06-01,5,335.0,116.7,282.35991495768224,1037.821552734375,0.0,32951.40207556152,3027.844380102539
O3,H30,0.3,0.024999999999999998,2023-01-01,Cement,2023-07-01,6,425.98,115.2,398.26513671875,1445.6443786621094,0.0,45880.14375,4163.455810546875
O3,H30,0.3,0.024999999999999998,2023-01-01,Cement,2023-08-01,7,378.3,114.4,127.2134798177084,2183.5071195475257,0.0,14553.222091145843,6244.830361905923
O3,H30,0.3,0.024999999999999998,2023-01-01,Cement,2023-09-01,8,446.33,113.5,22.61651611328125,3251.6049971516923,0.0,2566.974578857422,9226.429179417926
O3,H30,0.3,0.024999999999999998,2023-01-01,Cement,2023-10-01,9,335.47,113.2,304.9764310709635,4557.776354573567,0.0,34523.331997233065,12898.507083443194
O3,H30,0.3,0.024999999999999998,2023-01-01,Cement,2023-11-01,10,381.97,112.0,420.8816528320313,5840.064228108723,0.0,47138.74511718751,16352.179838704424
O3,H30,0.3,0.024999999999999998,2023-01-01,Cement,2023-12-01,11,467.38,111.7,149.82999593098964,7341.9185327148425,0.0,16736.010545491543,20502.307502606196
O3,H30,0.3,0.024999999999999998,2023-01-01,Cement,2024-01-01,12,434.45,110.6,45.2330322265625,9297.584490152993,0.0,5002.773364257812,25707.821115273022
O3,H30,0.3,0.024999999999999998,2023-01-01,Granite,2023-02-01,1,1455.1,18.5,1653.4064846104131,0.0,1455.1,30588.019965292642,0.0
O3,H30,0.3,0.024999999999999998,2023-01-01,Granite,2023-03-01,2,1561.4,18.3,1696.9770418190187,0.0,1561.4,31054.679865288042,0.0
O3,H30,0.3,0.024999999999999998,2023-01-01,Granite,2023-04-01,3,1395.2,18.6,87.14111441721093,258.2064846104131,0.0,1620.8247281601234,120.0660153438421
O3,H30,0.3,0.024999999999999998,2023-01-01,Granite,2023-05-01,4,1844.9,18.3,0.0,1763.690011039845,0.0,0.0,806.888180050729
O3,H30,0.3,0.024999999999999998,2023-01-01,Granite,2023-06-01,5,1659.3,18.5,1631.445398184496,3541.914651886488,0.0,30181.739866413176,1638.1355264975007
O3,H30,0.3,0.024999999999999998,2023-01-01,Granite,2023-07-01,6,1674.3,18.5,1873.031259032896,5305.139292733131,0.0,34651.07829210858,2453.626922889073
O3,H30,0.3,0.024999999999999998,2023-01-01,Granite,2023-08-01,7,1755.2,18.5,218.61003818452173,8618.90933176427,0.0,4044.285706413652,3986.2455659409743
O3,H30,0.3,0.024999999999999998,2023-01-01,Granite,2023-09-01,8,1729.4,18.6,0.0,13831.510629828304,0.0,0.0,6431.652442870162
O3,H30,0.3,0.024999999999999998,2023-01-01,Granite,2023-10-01,9,1742.2,19.5,1441.8624938238436,19249.92196607686,0.0,28116.31862956495,9384.336958462469
O3,H30,0.3,0.024999999999999998,2023-01-01,Granite,2023-11-01,10,1621.1,20.3,1781.127968377383,24789.43330232542,0.0,36156.89775806088,12580.637400930149
O3,H30,0.3,0.024999999999999998,2023-01-01,Granite,2023-12-01,11,1531.7,21.2,316.2896518896612,31860.20713239782,0.0,6705.340620060817,16885.90978017084
O3,H30,0.3,0.024999999999999998,2023-01-01,Granite,2024-01-01,12,1664.5,22.3,0.0,40579.308930847605,0.0,0.0,22622.96472894754
O3,H30,0.3,0.024999999999999998,2023-01-01,Ready Mixed Concrete,2023-02-01,1,897.3,118.1,1017.7474975585938,0.0,897.3,120195.97946166992,0.0
O3,H30,0.3,0.024999999999999998,2023-01-01,Ready Mixed Concrete,2023-03-01,2,1070.7,116.8,1039.0945129394531,0.0,1070.7,121366.23911132812,0.0
O3,H30,0.3,0.024999999999999998,2023-01-01,Ready Mixed Concrete,2023-04-01,3,918.4,117.2,42.69403076171875,99.34749755859377,0.0,5003.740405273437,291.0881678466797
O3,H30,0.3,0.024999999999999998,2023-01-01,Ready Mixed Concrete,2023-05-01,4,1041.6,117.6,0.0,1114.5895080566406,0.0,0.0,3276.893153686523
O3,H30,0.3,0.024999999999999998,2023-01-01,Ready Mixed Concrete,2023-06-01,5,1020.3,117.3,938.9225769042968,2193.825549316406,0.0,110135.61827087401,6433.39342337036
O3,H30,0.3,0.024999999999999998,2023-01-01,Ready Mixed Concrete,2023-07-01,6,1046.0,116.3,1087.4671630859375,3247.3615905761717,0.0,126472.43106689453,9441.703824600218
O3,H30,0.3,0.024999999999999998,2023-01-01,Ready Mixed Concrete,2023-08-01,7,1113.5,116.4,160.17548624674487,5172.320208740234,0.0,18644.426599121103,15051.45180743408
O3,H30,0.3,0.024999999999999998,2023-01-01,Ready Mixed Concrete,2023-09-01,8,1081.8,116.6,23.261800130208258,8216.445989990236,0.0,2712.3258951822827,23950.940060821533
O3,H30,0.3,0.024999999999999998,2023-01-01,Ready Mixed Concrete,2023-10-01,9,1101.2,116.4,956.5172139485676,11401.347257486981,0.0,111338.60370361328,33177.92051928711
O3,H30,0.3,0.024999999999999998,2023-01-01,Ready Mixed Concrete,2023-11-01,10,1070.0,115.4,1110.728963216146,14640.710325113934,0.0,128178.12235514325,42238.4492879537
O3,H30,0.3,0.024999999999999998,2023-01-01,Ready Mixed Concrete,2023-12-01,11,1101.6,115.4,189.10444946289067,18804.990606689455,0.0,21822.653468017583,54252.397900299075
O3,H30,0.3,0.024999999999999998,2023-01-01,Ready Mixed Concrete,2024-01-01,12,1071.7,118.1,46.52360026041652,24109.89985148112,0.0,5494.437190755191,71184.479311498
O3,H30,0.3,0.024999999999999998,2023-01-01,Steel Reinforcement Bars,2023-02-01,1,100.49,942.1,169.7592315673828,0.0,100.49,159930.17205963135,0.0
O3,H30,0.3,0.024999999999999998,2023-01-01,Steel Reinforcement Bars,2023-03-01,2,57.1,946.6,154.6984405517578,0.0,57.1,146437.54382629396,0.0
O3,H30,0.3,0.024999999999999998,2023-01-01,Steel Reinforcement Bars,2023-04-01,3,67.2,940.1,0.0,102.55923156738281,0.0,0.0,2410.398339912414
O3,H30,0.3,0.024999999999999998,2023-01-01,Steel Reinforcement Bars,2023-05-01,4,152.2,922.8,0.0,274.81690368652346,0.0,0.0,6340.025968048095
O3,H30,0.3,0.024999999999999998,2023-01-01,Steel Reinforcement Bars,2023-06-01,5,135.08,885.5,41.55929667154945,464.19457580566404,0.0,36800.757202657034,10276.107421897888
O3,H30,0.3,0.024999999999999998,2023-01-01,Steel Reinforcement Bars,2023-07-01,6,141.5,859.2,150.10662841796875,647.1522479248047,0.0,128971.61513671876,13900.830285424805
O3,H30,0.3,0.024999999999999998,2023-01-01,Steel Reinforcement Bars,2023-08-01,7,173.95,832.6,109.67597096761072,839.2192167154947,0.0,91316.2134276327,17468.347995933018
O3,H30,0.3,0.024999999999999998,2023-01-01,Steel Reinforcement Bars,2023-09-01,8,140.71,830.1,2.2572784423828125,1214.6328139241534,0.0,1873.7668350219726,25206.66747096099
O3,H30,0.3,0.024999999999999998,2023-01-01,Steel Reinforcement Bars,2023-10-01,9,162.59,827.4,34.41994669596352,1677.842382100423,0.0,28479.06389624021,34706.169673747245
O3,H30,0.3,0.024999999999999998,2023-01-01,Steel Reinforcement Bars,2023-11-01,10,187.13,826.7,152.36390686035156,2118.7692287190753,0.0,125959.24180145265,43789.663034551486
O3,H30,0.3,0.024999999999999998,2023-01-01,Steel Reinforcement Bars,2023-12-01,11,122.5,819.7,121.32987782796226,2658.746022033691,0.0,99454.10085558068,54484.35285652542
O3,H30,0.3,0.024999999999999998,2023-01-01,Steel Reinforcement Bars,2024-01-01,12,179.85,833.7,4.514556884765625,3293.7367222086586,0.0,3763.786074829102,68649.70763263397
O3,H30,0.3,0.024999999999999998,2023-02-01,Cement,2023-03-01,1,427.87,118.2,412.4566650390625,0.0,427.87,48752.37780761719,0.0
O3,H30,0.3,0.024999999999999998,2023-02-01,Cement,2023-04-01,2,315.7,118.0,422.4425048828125,0.0,315.7,49848.215576171875,0.0
O3,H30,0.3,0.024999999999999998,2023-02-01,Cement,2023-05-01,3,398.82,117.2,19.9716796875,13.636665039062507,0.0,2340.680859375,39.95542856445314
O3,H30,0.3,0.024999999999999998,2023-02-01,Cement,2023-06-01,4,335.0,116.7,2.0364510091145576,513.5358349609376,0.0,237.65383276366887,1498.2407984985352
O3,H30,0.3,0.024999999999999998,2023-02-01,Cement,2023-07-01,5,425.98,115.2,322.7520475260417,942.4266845703125,0.0,37181.035875,2714.1888515625
O3,H30,0.3,0.024999999999999998,2023-02-01,Cement,2023-08-01,6,378.3,114.4,447.4537223307292,1421.0339851888023,0.0,51188.705834635424,4064.157197639974
O3,H30,0.3,0.024999999999999998,2023-02-01,Cement,2023-09-01,7,446.33,113.5,131.13833841959632,2154.3633333333337,0.0,14884.201410624182,6113.005958333334
O3,H30,0.3,0.024999999999999998,2023-02-01,Cement,2023-10-01,8,335.47,113.2,10.836876220703118,3446.006403808594,0.0,1226.734388183593,9752.19812277832
O3,H30,0.3,0.024999999999999998,2023-02-01,Cement,2023-11-01,9,381.97,112.0,219.56875040690107,4822.28781270345,0.0,24591.70004557292,13502.405875569659
O3,H30,0.3,0.024999999999999998,2023-02-01,Cement,2023-12-01,10,467.38,111.7,456.2541475423177,6123.996097819009,0.0,50963.588280476884,17101.259103159584
O3,H30,0.3,0.024999999999999998,2023-02-01,Cement,2024-01-01,11,434.45,110.6,251.92248596191405,7678.20313334147,0.0,27862.626947387693,21230.231663689163
O3,H30,0.3,0.024999999999999998,2023-02-01,Cement,2024-02-01,12,367.77,110.6,19.63730143229168,9755.344316406248,0.0,2171.8855384114595,26973.527034863273
O3,H30,0.3,0.024999999999999998,2023-02-01,Granite,2023-03-01,1,1561.4,18.3,1731.2661505978451,0.0,1561.4,31682.170555940567,0.0
O3,H30,0.3,0.024999999999999998,2023-02-01,Granite,2023-04-01,2,1395.2,18.6,1667.8703134442608,0.0,1395.2,31022.387830063253,0.0
O3,H30,0.3,0.024999999999999998,2023-02-01,Granite,2023-05-01,3,1844.9,18.3,0.0,0.0,113.63384940215496,0.0,0.0
O3,H30,0.3,0.024999999999999998,2023-02-01,Granite,2023-06-01,4,1659.3,18.5,0.0,1739.8364640421062,0.0,0.0,804.6743646194741
O3,H30,0.3,0.024999999999999998,2023-02-01,Granite,2023-07-01,5,1674.3,18.5,1676.466841805549,3464.672928084212,0.0,31014.636573402655,1602.411229238948
O3,H30,0.3,0.024999999999999998,2023-02-01,Granite,2023-08-01,6,1755.2,18.5,1725.3184947293762,5108.609392126318,0.0,31918.39215249346,2362.731843858422
O3,H30,0.3,0.024999999999999998,2023-02-01,Granite,2023-09-01,7,1729.4,18.6,38.76324287173611,8454.812697973974,0.0,720.9963174142918,3931.4879045578978
O3,H30,0.3,0.024999999999999998,2023-02-01,Granite,2023-10-01,8,1742.2,19.5,0.0,13513.534498551004,0.0,0.0,6587.848068043613
O3,H30,0.3,0.024999999999999998,2023-02-01,Granite,2023-11-01,9,1621.1,20.3,1656.2900217013666,18732.11954199977,0.0,33622.687440537746,9506.550667564883
O3,H30,0.3,0.024999999999999998,2023-02-01,Granite,2023-12-01,10,1531.7,21.2,1684.9648545210116,24040.10458544854,0.0,35721.25491584544,12741.255430287723
O3,H30,0.3,0.024999999999999998,2023-02-01,Granite,2024-01-01,11,1664.5,22.3,18.586422767553813,30871.579650598673,0.0,414.47722771645005,17210.90565520876
O3,H30,0.3,0.024999999999999998,2023-02-01,Granite,2024-02-01,12,1201.2,22.2,0.0,39851.31957026982,0.0,0.0,22117.482361499748
O3,H30,0.3,0.024999999999999998,2023-02-01,Ready Mixed Concrete,2023-03-01,1,1070.7,116.8,1006.7034912109376,0.0,1070.7,117582.96777343751,0.0
O3,H30,0.3,0.024999999999999998,2023-02-01,Ready Mixed Concrete,2023-04-01,2,918.4,117.2,1016.0463256835938,0.0,918.4,119080.6293701172,0.0
O3,H30,0.3,0.024999999999999998,2023-02-01,Ready Mixed Concrete,2023-05-01,3,1041.6,117.6,18.685668945312383,0.0,34.896508789062295,2197.434667968736,0.0
O3,H30,0.3,0.024999999999999998,2023-02-01,Ready Mixed Concrete,2023-06-01,4,1020.3,117.3,2.8902384440103788,1002.4498168945313,0.0,339.0249694824174,2939.684088043213
O3,H30,0.3,0.024999999999999998,2023-02-01,Ready Mixed Concrete,2023-07-01,5,1046.0,116.3,993.798299153646,1997.8853027343748,0.0,115578.74219156902,5808.851517700195
O3,H30,0.3,0.024999999999999998,2023-02-01,Ready Mixed Concrete,2023-08-01,6,1113.5,116.4,1003.141133626302,2928.711027018229,0.0,116765.62795410155,8522.549088623045
O3,H30,0.3,0.024999999999999998,2023-02-01,Ready Mixed Concrete,2023-09-01,7,1081.8,116.6,40.23606363932288,4885.035050455729,0.0,4691.525020345048,14239.877172078448
O3,H30,0.3,0.024999999999999998,2023-02-01,Ready Mixed Concrete,2023-10-01,8,1101.2,116.4,58.89621988932299,7825.100207519531,0.0,6855.519995117196,22771.041603881833
O3,H30,0.3,0.024999999999999998,2023-02-01,Ready Mixed Concrete,2023-11-01,9,1070.0,115.4,1049.8042805989585,10836.601428222655,0.0,121147.41398111981,31263.595120422357
O3,H30,0.3,0.024999999999999998,2023-02-01,Ready Mixed Concrete,2023-12-01,10,1101.6,115.4,1059.1471150716145,13875.398868815102,0.0,122225.57707926432,40030.52573653157
O3,H30,0.3,0.024999999999999998,2023-02-01,Ready Mixed Concrete,2024-01-01,11,1071.7,118.1,96.24204508463528,17993.900590006506,0.0,11366.185524495426,53126.9914919942
O3,H30,0.3,0.024999999999999998,2023-02-01,Ready Mixed Concrete,2024-02-01,12,874.95,118.0,114.90220133463548,23368.299426269525,0.0,13558.459757486986,68936.48330749509
O3,H30,0.3,0.024999999999999998,2023-02-01,Steel Reinforcement Bars,2023-03-01,1,57.1,946.6,156.06752014160156,0.0,57.1,147733.51456604004,0.0
O3,H30,0.3,0.024999999999999998,2023-02-01,Steel Reinforcement Bars,2023-04-01,2,67.2,940.1,138.47831344604492,0.0,67.2,130183.46247062684,0.0
O3,H30,0.3,0.024999999999999998,2023-02-01,Steel Reinforcement Bars,2023-05-01,3,152.2,922.8,0.0,3.867520141601574,0.0,0.0,89.2236896667483
O3,H30,0.3,0.024999999999999998,2023-02-01,Steel Reinforcement Bars,2023-06-01,4,135.08,885.5,0.0,163.33335372924805,0.0,0.0,3615.7921181812285
O3,H30,0.3,0.024999999999999998,2023-02-01,Steel Reinforcement Bars,2023-07-01,5,141.5,859.2,121.0531793721517,316.37918731689456,0.0,104008.89171655275,6795.824943566895
O3,H30,0.3,0.024999999999999998,2023-02-01,Steel Reinforcement Bars,2023-08-01,6,173.95,832.6,132.03396606445312,436.97502090454105,0.0,109931.48014526367,9095.635060128021
O3,H30,0.3,0.024999999999999998,2023-02-01,Steel Reinforcement Bars,2023-09-01,7,140.71,830.1,9.491082560221344,711.8640338643393,0.0,7878.5476332397375,14772.9583627697
O3,H30,0.3,0.024999999999999998,2023-02-01,Steel Reinforcement Bars,2023-10-01,8,162.59,827.4,0.0,1096.9070128885908,0.0,0.0,22689.521561600497
O3,H30,0.3,0.024999999999999998,2023-02-01,Steel Reinforcement Bars,2023-11-01,9,187.13,826.7,118.07377110799156,1466.9010744730635,0.0,97611.58657497662,30317.17795667204
O3,H30,0.3,0.024999999999999998,2023-02-01,Steel Reinforcement Bars,2023-12-01,10,122.5,819.7,126.0751495361328,1901.5251360575362,0.0,103343.80007476806,38967.00385065906
O3,H30,0.3,0.024999999999999998,2023-02-01,Steel Reinforcement Bars,2024-01-01,11,179.85,833.7,6.511674296061187,2396.8729687500004,0.0,5428.782860626212,49956.824851171885
O3,H30,0.3,0.024999999999999998,2023-02-01,Steel Reinforcement Bars,2024-02-01,12,60.8,829.6,0.0,3137.345950978597,0.0,0.0,65068.555023296096
O3,H30,0.3,0.024999999999999998,2023-03-01,Cement,2023-04-01,1,315.7,118.0,460.725830078125,0.0,315.7,54365.64794921875,0.0
O3,H30,0.3,0.024999999999999998,2023-03-01,Cement,2023-05-01,2,398.82,117.2,445.14161682128906,0.0,398.82,52170.59749145508,0.0
O3,H30,0.3,0.024999999999999998,2023-03-01,Cement,2023-06-01,3,335.0,116.7,0.0,125.725830078125,0.0,0.0,366.8051092529297
O3,H30,0.3,0.024999999999999998,2023-03-01,Cement,2023-07-01,4,425.98,115.2,0.0,605.613276977539,0.0,0.0,1744.1662376953125
O3,H30,0.3,0.024999999999999998,2023-03-01,Cement,2023-08-01,5,378.3,114.4,301.34140441894533,1133.1807238769532,0.0,34473.456665527345,3240.8968702880857
O3,H30,0.3,0.024999999999999998,2023-03-01,Cement,2023-09-01,6,446.33,113.5,454.5645751953125,1592.7181707763673,0.0,51593.07928466797,4519.337809577942
O3,H30,0.3,0.024999999999999998,2023-03-01,Cement,2023-10-01,7,335.47,113.2,140.81410807291667,2464.457022094726,0.0,15940.157033854168,6974.413372528074
O3,H30,0.3,0.024999999999999998,2023-03-01,Cement,2023-11-01,8,381.97,112.0,0.0,3744.2604486083974,0.0,0.0,10483.929256103513
O3,H30,0.3,0.024999999999999998,2023-03-01,Cement,2023-12-01,9,467.38,111.7,203.9287038167318,5079.467983194986,0.0,22778.836216328942,14184.414343071998
O3,H30,0.3,0.024999999999999998,2023-03-01,Cement,2024-01-01,10,434.45,110.6,404.9283243815104,6447.605517781575,0.0,44785.072676595046,17827.629256666052
O3,H30,0.3,0.024999999999999998,2023-03-01,Cement,2024-02-01,11,367.77,110.6,188.59055786132808,8086.351756184895,0.0,20858.115699462884,22358.762605851232
O3,H30,0.3,0.024999999999999998,2023-03-01,Cement,2024-03-01,12,318.63,110.8,0.0,10179.166318969726,0.0,0.0,28196.29070354614
O3,H30,0.3,0.024999999999999998,2023-03-01,Granite,2023-04-01,1,1395.2,18.6,1624.4559874327056,0.0,1395.2,30214.881366248326,0.0
O3,H30,0.3,0.024999999999999998,2023-03-01,Granite,2023-05-01,2,1844.9,18.3,1681.2184320314902,0.0,1844.9,30766.29730617627,0.0
O3,H30,0.3,0.024999999999999998,2023-03-01,Granite,2023-06-01,3,1659.3,18.5,113.52488919756934,0.0,34.844012567294385,2100.210450155033,0.0
O3,H30,0.3,0.024999999999999998,2023-03-01,Granite,2023-07-01,4,1674.3,18.5,60.2658583445882,1631.374419464196,0.0,1114.9183793748819,754.5106690021906
O3,H30,0.3,0.024999999999999998,2023-03-01,Granite,2023-08-01,5,1755.2,18.5,1624.5443828928223,3295.373728125962,0.0,30054.071083517214,1524.1103492582572
O3,H30,0.3,0.024999999999999998,2023-03-01,Granite,2023-09-01,6,1729.4,18.6,1688.2252595230973,5045.438895132316,0.0,31400.98982712961,2346.129086236527
O3,H30,0.3,0.024999999999999998,2023-03-01,Granite,2023-10-01,7,1742.2,19.5,91.1605068149563,8407.248445031491,0.0,1777.6298828916479,4098.533616952852
O3,H30,0.3,0.024999999999999998,2023-03-01,Granite,2023-11-01,8,1621.1,20.3,0.0,13578.383254453764,0.0,0.0,6891.029501635285
O3,H30,0.3,0.024999999999999998,2023-03-01,Granite,2023-12-01,9,1531.7,21.2,1491.846667049911,18930.078570690992,0.0,31627.149341458113,10032.941642466225
O3,H30,0.3,0.024999999999999998,2023-03-01,Granite,2024-01-01,10,1664.5,22.3,1617.346205228058,24148.973886928223,0.0,36066.82037658569,13463.052941962484
O3,H30,0.3,0.024999999999999998,2023-03-01,Granite,2024-02-01,11,1201.2,22.2,92.71331001823978,31323.015870215364,0.0,2058.235482404923,17384.273807969526
O3,H30,0.3,0.024999999999999998,2023-03-01,Granite,2024-03-01,12,1688.6,22.4,0.0,39627.00405873056,0.0,0.0,22191.12227288911
O3,H30,0.3,0.024999999999999998,2023-03-01,Ready Mixed Concrete,2023-04-01,1,918.4,117.2,998.8489379882812,0.0,918.4,117065.09553222657,0.0
O3,H30,0.3,0.024999999999999998,2023-03-01,Ready Mixed Concrete,2023-05-01,2,1041.6,117.6,1025.803192138672,0.0,1041.6,120634.45539550783,0.0
O3,H30,0.3,0.024999999999999998,2023-03-01,Ready Mixed Concrete,2023-06-01,3,1020.3,117.3,53.90850830078125,0.0,21.451062011718705,6323.46802368164,0.0
O3,H30,0.3,0.024999999999999998,2023-03-01,Ready Mixed Concrete,2023-07-01,4,1046.0,116.3,34.30964152018237,978.6521301269534,0.0,3990.2113087972093,2845.4310683441167
O3,H30,0.3,0.024999999999999998,2023-03-01,Ready Mixed Concrete,2023-08-01,5,1113.5,116.4,1013.5597127278644,1943.7127685546875,0.0,117978.35056152342,5656.20415649414
O3,H30,0.3,0.024999999999999998,2023-03-01,Ready Mixed Concrete,2023-09-01,6,1081.8,116.6,1040.5139668782551,2974.7830485026043,0.0,121323.92853800455,8671.49258638509
O3,H30,0.3,0.024999999999999998,2023-03-01,Ready Mixed Concrete,2023-10-01,7,1101.2,116.4,72.13387044270848,5000.013041178386,0.0,8396.382519531267,14550.0379498291
O3,H30,0.3,0.024999999999999998,2023-03-01,Ready Mixed Concrete,2023-11-01,8,1070.0,115.4,56.049591064453125,8096.957000732422,0.0,6468.122808837891,23359.720947113034
O3,H30,0.3,0.024999999999999998,2023-03-01,Ready Mixed Concrete,2023-12-01,9,1101.6,115.4,1035.2996622721353,11234.434830729166,0.0,119473.58102620441,32411.34448665364
O3,H30,0.3,0.024999999999999998,2023-03-01,Ready Mixed Concrete,2024-01-01,10,1071.7,118.1,1062.253916422526,14457.862251790362,0.0,125452.1875295003,42686.83829841104
O3,H30,0.3,0.024999999999999998,2023-03-01,Ready Mixed Concrete,2024-02-01,11,874.95,118.0,93.87381998697924,18913.339335123692,0.0,11077.11075846355,55794.351038614885
O3,H30,0.3,0.024999999999999998,2023-03-01,Ready Mixed Concrete,2024-03-01,12,1112.0,118.0,0.0,24194.020334879548,0.0,0.0,71372.35998789466
O3,H30,0.3,0.024999999999999998,2023-03-01,Steel Reinforcement Bars,2023-04-01,1,67.2,940.1,142.59893798828125,0.0,67.2,134057.2616027832,0.0
O3,H30,0.3,0.024999999999999998,2023-03-01,Steel Reinforcement Bars,2023-05-01,2,152.2,922.8,142.56954193115234,0.0,152.2,131563.17329406738,0.0
O3,H30,0.3,0.024999999999999998,2023-03-01,Steel Reinforcement Bars,2023-06-01,3,135.08,885.5,0.0,7.5189379882812375,0.0,0.0,166.45048971557588
O3,H30,0.3,0.024999999999999998,2023-03-01,Steel Reinforcement Bars,2023-07-01,4,141.5,859.2,0.0,151.1874179077148,0.0,0.0,3247.505736657714
O3,H30,0.3,0.024999999999999998,2023-03-01,Steel Reinforcement Bars,2023-08-01,5,173.95,832.6,137.9541887410482,262.4058978271484,0.0,114860.65754579673,5461.978763272094
O3,H30,0.3,0.024999999999999998,2023-03-01,Steel Reinforcement Bars,2023-09-01,6,140.71,830.1,148.54393005371094,406.864377746582,0.0,123306.31633758545,8443.452999185942
O3,H30,0.3,0.024999999999999998,2023-03-01,Steel Reinforcement Bars,2023-10-01,7,162.59,827.4,7.212238871256488,667.3970464070638,0.0,5967.4064420776185,13805.107904930115
O3,H30,0.3,0.024999999999999998,2023-03-01,Steel Reinforcement Bars,2023-11-01,8,187.13,826.7,0.0,1051.9336451212566,0.0,0.0,21740.83861054357
O3,H30,0.3,0.024999999999999998,2023-03-01,Steel Reinforcement Bars,2023-12-01,9,122.5,819.7,131.1991838582357,1508.3124827067059,0.0,107543.9710085958,30909.09355186717
O3,H30,0.3,0.024999999999999998,2023-03-01,Steel Reinforcement Bars,2024-01-01,10,179.85,833.7,135.03392028808594,1907.3413202921552,0.0,112577.77934417725,39753.761468189245
O3,H30,0.3,0.024999999999999998,2023-03-01,Steel Reinforcement Bars,2024-02-01,11,60.8,829.6,0.4572339884439884,2556.61934173584,0.0,379.3213168131328,53024.28514760132
O3,H30,0.3,0.024999999999999998,2023-03-01,Steel Reinforcement Bars,2024-03-01,12,91.23,821.7,0.0,3310.501283467611,0.0,0.0,68005.97261563339
O3,H30,0.3,0.024999999999999998,2023-04-01,Cement,2023-05-01,1,398.82,117.2,439.8238525390625,0.0,398.82,51547.35551757813,0.0
O3,H30,0.3,0.024999999999999998,2023-04-01,Cement,2023-06-01,2,335.0,116.7,441.5473785400391,0.0,335.0,51528.57907562257,0.0
O3,H30,0.3,0.024999999999999998,2023-04-01,Cement,2023-07-01,3,425.98,115.2,3.447052001953125,13.843852539062482,0.0,397.100390625,39.87029531249995
O3,H30,0.3,0.024999999999999998,2023-04-01,Cement,2023-08-01,4,378.3,114.4,0.0,516.9150836181641,0.0,0.0,1478.3771391479493
O3,H30,0.3,0.024999999999999998,2023-04-01,Cement,2023-09-01,5,446.33,113.5,385.907182006836,955.4033666992189,0.0,43800.46515777589,2710.957053009033
O3,H30,0.3,0.024999999999999998,2023-04-01,Cement,2023-10-01,6,335.47,113.2,478.0327453613281,1504.7516497802735,0.0,54113.30677490235,4258.447168878173
O3,H30,0.3,0.024999999999999998,2023-04-01,Cement,2023-11-01,7,381.97,112.0,96.4338926188151,2393.5071148681645,0.0,10800.59597330729,6701.81992163086
O3,H30,0.3,0.024999999999999998,2023-04-01,Cement,2023-12-01,8,467.38,111.7,4.679476521809875,3674.885325317383,0.0,522.697527486163,10262.117270948791
O3,H30,0.3,0.024999999999999998,2023-04-01,Cement,2024-01-01,9,434.45,110.6,379.9339131673177,5085.627428385417,0.0,42020.69079630534,14061.759839485678
O3,H30,0.3,0.024999999999999998,2023-04-01,Cement,2024-02-01,10,367.77,110.6,490.58658589680994,6567.729007975262,0.0,54258.876400187175,18159.770707051597
O3,H30,0.3,0.024999999999999998,2023-04-01,Cement,2024-03-01,11,318.63,110.8,119.64047851562498,8478.904500732424,0.0,13256.165019531247,23486.56546702881
O3,H30,0.3,0.024999999999999998,2023-04-01,Cement,2024-04-01,12,395.86,110.2,0.0,10803.436579386394,0.0,0.0,29763.467776209516
O3,H30,0.3,0.024999999999999998,2023-04-01,Granite,2023-05-01,1,1844.9,18.3,1575.6205736005663,0.0,1844.9,28833.856496890367,0.0
O3,H30,0.3,0.024999999999999998,2023-04-01,Granite,2023-06-01,2,1659.3,18.5,1697.0578778252398,0.0,1659.3,31395.570739766936,0.0
O3,H30,0.3,0.024999999999999998,2023-04-01,Granite,2023-07-01,3,1674.3,18.5,242.87460844934665,0.0,98.67942639943362,4493.180256312913,0.0
O3,H30,0.3,0.024999999999999998,2023-04-01,Granite,2023-08-01,4,1755.2,18.5,56.25370701567749,1517.478451425806,0.0,1040.6935797900337,701.8337837844352
O3,H30,0.3,0.024999999999999998,2023-04-01,Granite,2023-09-01,5,1729.4,18.6,1445.2533791825751,3303.631511300959,0.0,26881.7128527959,1536.1886527549461
O3,H30,0.3,0.024999999999999998,2023-04-01,Granite,2023-10-01,6,1742.2,19.5,1566.6906834072486,5133.23827819179,0.0,30550.468326441347,2502.4536606184975
O3,H30,0.3,0.024999999999999998,2023-04-01,Granite,2023-11-01,7,1621.1,20.3,183.03075424151552,8529.198424265196,0.0,3715.5243111027653,4328.568200314587
O3,H30,0.3,0.024999999999999998,2023-04-01,Granite,2023-12-01,8,1531.7,21.2,66.9331930180067,13581.24925374585,0.0,1418.9836919817421,7198.062104485299
O3,H30,0.3,0.024999999999999998,2023-04-01,Granite,2024-01-01,9,1664.5,22.3,1420.9421817776558,18683.53083746802,0.0,31687.010653641726,10416.068441888421
O3,H30,0.3,0.024999999999999998,2023-04-01,Granite,2024-02-01,10,1201.2,22.2,1577.370169409578,24316.045614208197,0.0,35017.61776089263,13495.405315885548
O3,H30,0.3,0.024999999999999998,2023-04-01,Granite,2024-03-01,11,1688.6,22.4,228.7009236510935,30882.10257272603,0.0,5122.900689784494,17293.977440726576
O3,H30,0.3,0.024999999999999998,2023-04-01,Granite,2024-04-01,12,1470.5,22.3,77.61267902033592,39243.629700653444,0.0,1730.762742153491,21878.323558114294
O3,H30,0.3,0.024999999999999998,2023-04-01,Ready Mixed Concrete,2023-05-01,1,1041.6,117.6,1016.8465576171876,0.0,1041.6,119581.15517578126,0.0
O3,H30,0.3,0.024999999999999998,2023-04-01,Ready Mixed Concrete,2023-06-01,2,1020.3,117.3,1027.112060546875,0.0,1020.3,120480.24470214844,0.0
O3,H30,0.3,0.024999999999999998,2023-04-01,Ready Mixed Concrete,2023-07-01,3,1046.0,116.3,20.531005859374886,0.0,29.153442382812386,2387.7559814452993,0.0
O3,H30,0.3,0.024999999999999998,2023-04-01,Ready Mixed Concrete,2023-08-01,4,1113.5,116.4,9.406697591145758,930.4586181640625,0.0,1094.9395996093663,2707.6345788574217
O3,H30,0.3,0.024999999999999998,2023-04-01,Ready Mixed Concrete,2023-09-01,5,1081.8,116.6,1015.1289469401044,1913.1482421875,0.0,118364.03521321616,5576.827125976562
O3,H30,0.3,0.024999999999999998,2023-04-01,Ready Mixed Concrete,2023-10-01,6,1101.2,116.4,1025.3944498697915,2885.844563802083,0.0,119355.91396484374,8397.80768066406
O3,H30,0.3,0.024999999999999998,2023-04-01,Ready Mixed Concrete,2023-11-01,7,1070.0,115.4,27.1370035807289,4904.8698323567705,0.0,3131.6102132161154,14150.549466349283
O3,H30,0.3,0.024999999999999998,2023-04-01,Ready Mixed Concrete,2023-12-01,8,1101.6,115.4,24.3363037109375,7917.68955078125,0.0,2808.409448242188,22842.534354003903
O3,H30,0.3,0.024999999999999998,2023-04-01,Ready Mixed Concrete,2024-01-01,9,1071.7,118.1,1030.058553059896,10987.546272786456,0.0,121649.91511637371,32440.73037040201
O3,H30,0.3,0.024999999999999998,2023-04-01,Ready Mixed Concrete,2024-02-01,10,874.95,118.0,1040.3240559895833,14278.4892985026,0.0,122758.23860677083,42121.543430582664
O3,H30,0.3,0.024999999999999998,2023-04-01,Ready Mixed Concrete,2024-03-01,11,1112.0,118.0,42.06660970052076,18362.44087727864,0.0,4963.85994466145,54169.20058797199
O3,H30,0.3,0.024999999999999998,2023-04-01,Ready Mixed Concrete,2024-04-01,12,1114.9,119.2,39.26590983072924,23483.816512044265,0.0,4680.496451822926,69981.7732058919
O3,H30,0.3,0.024999999999999998,2023-04-01,Steel Reinforcement Bars,2023-05-01,1,152.2,922.8,153.0134735107422,0.0,152.2,141200.83335571288,0.0
O3,H30,0.3,0.024999999999999998,2023-04-01,Steel Reinforcement Bars,2023-06-01,2,135.08,885.5,150.3367691040039,0.0,135.08,133123.20904159546,0.0
O3,H30,0.3,0.024999999999999998,2023-04-01,Steel Reinforcement Bars,2023-07-01,3,141.5,859.2,0.0,11.513473510742188,0.0,0.0,247.3094110107422
O3,H30,0.3,0.024999999999999998,2023-04-01,Steel Reinforcement Bars,2023-08-01,4,173.95,832.6,0.0,140.9137161254883,0.0,0.0,2933.1190011520384
O3,H30,0.3,0.024999999999999998,2023-04-01,Steel Reinforcement Bars,2023-09-01,5,140.71,830.1,139.58304850260416,303.5539587402344,0.0,115867.8885620117,6299.503528756713
O3,H30,0.3,0.024999999999999998,2023-04-01,Steel Reinforcement Bars,2023-10-01,6,162.59,827.4,135.54454040527344,444.31420135498047,0.0,112149.55273132325,9190.63925502777
O3,H30,0.3,0.024999999999999998,2023-04-01,Steel Reinforcement Bars,2023-11-01,7,187.13,826.7,0.0,700.1174924723307,0.0,0.0,14469.678275671895
O3,H30,0.3,0.024999999999999998,2023-04-01,Steel Reinforcement Bars,2023-12-01,8,122.5,819.7,0.0,1156.0953239949545,0.0,0.0,23691.283426966605
O3,H30,0.3,0.024999999999999998,2023-04-01,Steel Reinforcement Bars,2024-01-01,9,179.85,833.7,113.96375274658205,1554.723155517578,0.0,95011.58066482545,32404.317368875123
O3,H30,0.3,0.024999999999999998,2023-04-01,Steel Reinforcement Bars,2024-02-01,10,60.8,829.6,124.16287740071614,2072.4009870402015,0.0,103005.52309163411,42981.59647121377
O3,H30,0.3,0.024999999999999998,2023-04-01,Steel Reinforcement Bars,2024-03-01,11,91.23,821.7,7.353708902994796,2673.612571309407,0.0,6042.542605590825,54922.68624612349
O3,H30,0.3,0.024999999999999998,2023-04-01,Steel Reinforcement Bars,2024-04-01,12,111.96,819.4,0.0,3378.257032979329,0.0,0.0,69203.59532058155
O3,H30,0.3,0.024999999999999998,2023-05-01,Cement,2023-06-01,1,335.0,116.7,429.8902587890625,0.0,335.0,50168.19320068359,0.0
O3,H30,0.3,0.024999999999999998,2023-05-01,Cement,2023-07-01,2,425.98,115.2,432.4688415527344,0.0,425.98,49820.410546875,0.0
O3,H30,0.3,0.024999999999999998,2023-05-01,Cement,2023-08-01,3,378.3,114.4,5.157165527343807,51.59025878906249,0.0,589.9797363281315,147.5481401367187
O3,H30,0.3,0.024999999999999998,2023-05-01,Cement,2023-09-01,4,446.33,113.5,0.0,467.61935913085944,0.0,0.0,1326.8699315338135
O3,H30,0.3,0.024999999999999998,2023-05-01,Cement,2023-10-01,5,335.47,113.2,390.4861706542968,999.6656250000001,0.0,44203.0345180664,2829.05371875
O3,H30,0.3,0.024999999999999998,2023-05-01,Cement,2023-11-01,6,381.97,112.0,432.5349426269531,1485.2118908691407,0.0,48443.91357421875,4158.593294433594
O3,H30,0.3,0.024999999999999998,2023-05-01,Cement,2023-12-01,7,467.38,111.7,49.60166402180994,2275.834327392578,0.0,5540.505871236171,6355.267359243774
O3,H30,0.3,0.024999999999999998,2023-05-01,Cement,2024-01-01,8,434.45,110.6,15.10578409830731,3531.9217065429684,0.0,1670.6997212727886,9765.763518591306
O3,H30,0.3,0.024999999999999998,2023-05-01,Cement,2024-02-01,9,367.77,110.6,405.5919547526041,4904.290749715168,0.0,44858.470195638016,13560.363922962439
O3,H30,0.3,0.024999999999999998,2023-05-01,Cement,2024-03-01,10,318.63,110.8,447.6407267252604,6340.905576985676,0.0,49598.59252115885,17564.308448250318
O3,H30,0.3,0.024999999999999998,2023-05-01,Cement,2024-04-01,11,395.86,110.2,64.70744812011725,8105.882359008788,0.0,7130.760782836921,22331.70589906921
O3,H30,0.3,0.024999999999999998,2023-05-01,Cement,2024-05-01,12,330.62,110.2,20.47961344401051,10383.73986775716,0.0,2256.8534015299583,28607.203335670976
O3,H30,0.3,0.024999999999999998,2023-05-01,Granite,2023-06-01,1,1659.3,18.5,1737.659420864482,0.0,1659.3,32146.699285992916,0.0
O3,H30,0.3,0.024999999999999998,2023-05-01,Granite,2023-07-01,2,1674.3,18.5,1750.1362965015103,0.0,1674.3,32377.52148527794,0.0
O3,H30,0.3,0.024999999999999998,2023-05-01,Granite,2023-08-01,3,1755.2,18.5,24.953751274056685,0.0,17.5405791355181,461.6443985700487,0.0
O3,H30,0.3,0.024999999999999998,2023-05-01,Granite,2023-09-01,4,1729.4,18.6,0.0,1758.3957173659924,0.0,0.0,817.6540085751865
O3,H30,0.3,0.024999999999999998,2023-05-01,Granite,2023-10-01,5,1742.2,19.5,1579.8164711902489,3528.9451860060417,0.0,30806.421188209853,1720.3607781779451
O3,H30,0.3,0.024999999999999998,2023-05-01,Granite,2023-11-01,6,1621.1,20.3,1556.9531923794543,5420.594654646091,0.0,31606.149805302925,2750.951787232891
O3,H30,0.3,0.024999999999999998,2023-05-01,Granite,2023-12-01,7,1531.7,21.2,0.0,8981.460594476388,0.0,0.0,4760.174115072485
O3,H30,0.3,0.024999999999999998,2023-05-01,Granite,2024-01-01,8,1664.5,22.3,0.0,13966.47972668614,0.0,0.0,7786.312447627523
O3,H30,0.3,0.024999999999999998,2023-05-01,Granite,2024-02-01,9,1201.2,22.2,1517.79913017885,19414.798858895894,0.0,33695.14068997047,10775.21336668722
O3,H30,0.3,0.024999999999999998,2023-05-01,Granite,2024-03-01,10,1688.6,22.4,1504.747776111982,24375.71799110565,0.0,33706.35018490839,13650.402075019161
O3,H30,0.3,0.024999999999999998,2023-05-01,Granite,2024-04-01,11,1470.5,22.3,0.0,31072.53625349425,0.0,0.0,17322.938961323045
O3,H30,0.3,0.024999999999999998,2023-05-01,Granite,2024-05-01,12,1911.9,22.1,0.0,38832.702291994836,0.0,0.0,21455.068016327146
O3,H30,0.3,0.024999999999999998,2023-05-01,Ready Mixed Concrete,2023-06-01,1,1020.3,117.3,1032.4345703125,0.0,1020.3,121104.57509765624,0.0
O3,H30,0.3,0.024999999999999998,2023-05-01,Ready Mixed Concrete,2023-07-01,2,1046.0,116.3,1028.131317138672,0.0,1046.0,119571.67218322757,0.0
O3,H30,0.3,0.024999999999999998,2023-05-01,Ready Mixed Concrete,2023-08-01,3,1113.5,116.4,0.0,0.0,81.0654296875,0.0,0.0
O3,H30,0.3,0.024999999999999998,2023-05-01,Ready Mixed Concrete,2023-09-01,4,1081.8,116.6,2.3902486165363825,978.7658874511719,0.0,278.70298868814217,2853.102561920166
O3,H30,0.3,0.024999999999999998,2023-05-01,Ready Mixed Concrete,2023-10-01,5,1101.2,116.4,1037.215067545573,1938.1317749023435,0.0,120731.8338623047,5639.963464965819
O3,H30,0.3,0.024999999999999998,2023-05-01,Ready Mixed Concrete,2023-11-01,6,1070.0,115.4,1041.5183207194011,2931.087910970052,0.0,120191.2142110189,8456.188623148599
O3,H30,0.3,0.024999999999999998,2023-05-01,Ready Mixed Concrete,2023-12-01,7,1101.6,115.4,22.677714029947765,4929.659114583334,0.0,2617.008199055972,14222.066545572916
O3,H30,0.3,0.024999999999999998,2023-05-01,Ready Mixed Concrete,2024-01-01,8,1071.7,118.1,34.358673095703125,7999.648638916017,0.0,4057.759292602539,23618.96260639954
O3,H30,0.3,0.024999999999999998,2023-05-01,Ready Mixed Concrete,2024-02-01,9,874.95,118.0,1069.1834920247395,11289.065877278648,0.0,126163.65205891927,33302.744337972006
O3,H30,0.3,0.024999999999999998,2023-05-01,Ready Mixed Concrete,2024-03-01,10,1112.0,118.0,1073.4867451985676,14375.791788736982,0.0,126671.43593343098,42408.585776774096
O3,H30,0.3,0.024999999999999998,2023-05-01,Ready Mixed Concrete,2024-04-01,11,1114.9,119.2,54.64613850911451,18528.801192220053,0.0,6513.81971028645,55215.82755281576
O3,H30,0.3,0.024999999999999998,2023-05-01,Ready Mixed Concrete,2024-05-01,12,1151.8,120.4,66.32709757486987,23718.397340901694,0.0,7985.782548014333,71392.37599611409
O3,H30,0.3,0.024999999999999998,2023-05-01,Steel Reinforcement Bars,2023-06-01,1,135.08,885.5,153.0680389404297,0.0,135.08,135541.7484817505,0.0
O3,H30,0.3,0.024999999999999998,2023-05-01,Steel Reinforcement Bars,2023-07-01,2,141.5,859.2,142.25762176513672,0.0,141.5,122227.74862060547,0.0
O3,H30,0.3,0.024999999999999998,2023-05-01,Steel Reinforcement Bars,2023-08-01,3,173.95,832.6,0.0,0.0,20.8819610595703,0.0,0.0
O3,H30,0.3,0.024999999999999998,2023-05-01,Steel Reinforcement Bars,2023-09-01,4,140.71,830.1,0.0,154.6156607055664,0.0,0.0,3208.6614987922662
O3,H30,0.3,0.024999999999999998,2023-05-01,Steel Reinforcement Bars,2023-10-01,5,162.59,827.4,127.79058420817056,287.35132141113274,0.0,105733.92937384032,5943.86208338928
O3,H30,0.3,0.024999999999999998,2023-05-01,Steel Reinforcement Bars,2023-11-01,6,187.13,826.7,128.28370666503906,395.54698211669916,0.0,106052.1402999878,8174.96725289688
O3,H30,0.3,0.024999999999999998,2023-05-01,Steel Reinforcement Bars,2023-12-01,7,122.5,819.7,0.0,696.1632270304361,0.0,0.0,14266.124929921212
O3,H30,0.3,0.024999999999999998,2023-05-01,Steel Reinforcement Bars,2024-01-01,8,179.85,833.7,0.0,1067.7131786092123,0.0,0.0,22253.811925162507
O3,H30,0.3,0.024999999999999998,2023-05-01,Steel Reinforcement Bars,2024-02-01,9,60.8,829.6,123.89496612548828,1558.3131301879882,0.0,102783.26389770508,32319.414320098873
O3,H30,0.3,0.024999999999999998,2023-05-01,Steel Reinforcement Bars,2024-03-01,10,91.23,821.7,122.43205261230467,2018.4830817667644,0.0,100602.41763153076,41464.68870719376
O3,H30,0.3,0.024999999999999998,2023-05-01,Steel Reinforcement Bars,2024-04-01,11,111.96,819.4,0.0,2581.8179994710285,0.0,0.0,52888.541719164015
O3,H30,0.3,0.024999999999999998,2023-05-01,Steel Reinforcement Bars,2024-05-01,12,160.55,812.5,0.0,3218.9949697875973,0.0,0.0,65385.83532381057
O4,H30,0.3,0.024999999999999998,2022-07-01,Cement,2022-08-01,1,402.46,119.0,446.7800845133719,0.0,402.46,53166.830057091254,0.0
O4,H30,0.3,0.024999999999999998,2022-07-01,Cement,2022-09-01,2,346.61,118.6,447.13959180765437,0.0,346.61,53030.75558838781,0.0
O4,H30,0.3,0.024999999999999998,2022-07-01,Cement,2022-10-01,3,368.78,118.6,382.4169640685048,78.00008451337192,0.0,45354.651938524665,231.2702505821477
O4,H30,0.3,0.024999999999999998,2022-07-01,Cement,2022-11-01,4,296.3,118.4,446.4029986811801,675.6197608343982,0.0,52854.11504385173,1999.8344920698187
O4,H30,0.3,0.024999999999999998,2022-07-01,Cement,2022-12-01,5,375.31,118.3,397.8155198851235,1576.6464012239294,0.0,47061.576002410104,4662.93173161977
O4,H30,0.3,0.024999999999999998,2022-07-01,Cement,2023-01-01,6,440.73,118.5,420.4213728139753,2858.6560402946407,0.0,49819.932678456076,8468.768519372872
O4,H30,0.3,0.024999999999999998,2022-07-01,Cement,2023-02-01,7,282.49,118.4,288.59032668326665,4696.721199250476,0.0,34169.094679298774,13902.29474978141
O4,H30,0.3,0.024999999999999998,2022-07-01,Cement,2023-03-01,8,427.87,118.2,392.4574840895414,6809.827731020287,0.0,46388.4746193838,20123.040945164943
O4,H30,0.3,0.024999999999999998,2022-07-01,Cement,2023-04-01,9,315.7,118.0,262.1918726358863,9323.694589473362,0.0,30938.640971034583,27504.899038946416
O4,H30,0.3,0.024999999999999998,2022-07-01,Cement,2023-05-01,10,398.82,117.2,22.09367936071169,12146.89893201598,0.0,2589.37922107541,35590.41387080682
O4,H30,0.3,0.024999999999999998,2022-07-01,Cement,2023-06-01,11,335.0,116.7,0.0,15296.115147194485,0.0,0.0,44626.41594193991
O4,H30,0.3,0.024999999999999998,2022-07-01,Cement,2023-07-01,12,425.98,115.2,0.0,18376.445041733703,0.0,0.0,52924.161720193064
O4,H30,0.3,0.024999999999999998,2022-07-01,Granite,2022-08-01,1,1491.5,20.5,1859.7143063502954,0.0,1491.5,38124.14328018106,0.0
O4,H30,0.3,0.024999999999999998,2022-07-01,Granite,2022-09-01,2,1550.1,20.8,1707.2549326108751,0.0,1550.1,35510.9025983062,0.0
O4,H30,0.3,0.024999999999999998,2022-07-01,Granite,2022-10-01,3,1554.5,20.4,1765.3608711141392,305.2143063502954,0.0,36013.361770728436,155.6592962386506
O4,H30,0.3,0.024999999999999998,2022-07-01,Granite,2022-11-01,4,1531.9,20.5,1696.5037439666648,2340.283545311466,0.0,34778.32675131663,1199.395316972126
O4,H30,0.3,0.024999999999999998,2022-07-01,Granite,2022-12-01,5,1692.1,19.3,1797.0569149378796,5980.513655386776,0.0,34683.19845830108,2885.5978387241194
O4,H30,0.3,0.024999999999999998,2022-07-01,Granite,2023-01-01,6,1309.6,19.0,1767.9300868700723,11699.74750942875,0.0,33590.671650531374,5557.380066978656
O4,H30,0.3,0.024999999999999998,2022-07-01,Granite,2023-02-01,7,1455.1,18.5,1773.7714894008184,19070.538278408603,0.0,32814.77255391514,8820.123953763978
O4,H30,0.3,0.024999999999999998,2022-07-01,Granite,2023-03-01,8,1561.4,18.3,1925.596493563129,28102.959134258526,0.0,35238.41583220526,12857.103803923275
O4,H30,0.3,0.024999999999999998,2022-07-01,Granite,2023-04-01,9,1395.2,18.6,469.9240609002002,39075.35147950928,0.0,8740.587532743724,18170.038437971816
O4,H30,0.3,0.024999999999999998,2022-07-01,Granite,2023-05-01,10,1844.9,18.3,34.284073976064974,51523.64031832315,0.0,627.3985537619891,23572.06544563284
O4,H30,0.3,0.024999999999999998,2022-07-01,Granite,2023-06-01,11,1659.3,18.5,0.0,64627.45321803722,0.0,0.0,29890.197113342212
O4,H30,0.3,0.024999999999999998,2022-07-01,Granite,2023-07-01,12,1674.3,18.5,0.0,77750.55019172735,0.0,0.0,35959.6294636739
O4,H30,0.3,0.024999999999999998,2022-07-01,Ready Mixed Concrete,2022-08-01,1,982.6,118.3,1102.6068161515782,0.0,982.6,130438.3863507317,0.0
O4,H30,0.3,0.024999999999999998,2022-07-01,Ready Mixed Concrete,2022-09-01,2,993.4,118.6,1083.2480519180183,0.0,993.4,128473.21895747696,0.0
O4,H30,0.3,0.024999999999999998,2022-07-01,Ready Mixed Concrete,2022-10-01,3,930.7,118.5,1085.678727617856,171.90681615157814,0.0,128652.92922271595,509.27394284905023
O4,H30,0.3,0.024999999999999998,2022-07-01,Ready Mixed Concrete,2022-11-01,4,959.9,118.2,1058.8990005563137,1397.8616842211745,0.0,125161.86186575628,4130.68127687357
O4,H30,0.3,0.024999999999999998,2022-07-01,Ready Mixed Concrete,2022-12-01,5,992.6,118.0,1112.8558431934991,3676.7952799086274,0.0,131316.9894968329,10846.54607573045
O4,H30,0.3,0.024999999999999998,2022-07-01,Ready Mixed Concrete,2023-01-01,6,808.1,117.6,1094.9850912127322,7199.127876152394,0.0,128770.2467266173,21165.435955888035
O4,H30,0.3,0.024999999999999998,2022-07-01,Ready Mixed Concrete,2023-02-01,7,897.3,118.1,1029.135975479786,11745.116315589661,0.0,121540.95870416274,34677.45592177847
O4,H30,0.3,0.024999999999999998,2022-07-01,Ready Mixed Concrete,2023-03-01,8,1070.7,116.8,1042.0544326174586,17212.68984623966,0.0,121711.95772971916,50261.0543510198
O4,H30,0.3,0.024999999999999998,2022-07-01,Ready Mixed Concrete,2023-04-01,9,918.4,117.2,328.8065195287809,23861.699352369444,0.0,38536.12408877312,69914.77910244247
O4,H30,0.3,0.024999999999999998,2022-07-01,Ready Mixed Concrete,2023-05-01,10,1041.6,117.6,27.68739806106987,31429.563291116687,0.0,3256.0380119818165,92402.91607588304
O4,H30,0.3,0.024999999999999998,2022-07-01,Ready Mixed Concrete,2023-06-01,11,1020.3,117.3,0.0,39347.53374939271,0.0,0.0,115386.6427200941
O4,H30,0.3,0.024999999999999998,2022-07-01,Ready Mixed Concrete,2023-07-01,12,1046.0,116.3,0.0,47267.491605729796,0.0,0.0,137430.23184365936
O4,H30,0.3,0.024999999999999998,2022-07-01,Steel Reinforcement Bars,2022-08-01,1,102.45,1106.3,134.15781121815422,0.0,102.45,148418.786550644,0.0
O4,H30,0.3,0.024999999999999998,2022-07-01,Steel Reinforcement Bars,2022-09-01,2,174.43,1072.6,119.09297675465174,0.0,174.43,127739.12686703945,0.0
O4,H30,0.3,0.024999999999999998,2022-07-01,Steel Reinforcement Bars,2022-10-01,3,108.27,1040.5,81.92883790154316,25.887811218154226,0.0,85246.95583655566,673.4066893122368
O4,H30,0.3,0.024999999999999998,2022-07-01,Steel Reinforcement Bars,2022-11-01,4,51.21,1004.5,116.61474902022265,227.92859919096017,0.0,117139.51539081364,5723.856947182987
O4,H30,0.3,0.024999999999999998,2022-07-01,Steel Reinforcement Bars,2022-12-01,5,70.5,952.3,89.2427010991531,492.6082250653093,0.0,84985.82425672348,11727.77031824235
O4,H30,0.3,0.024999999999999998,2022-07-01,Steel Reinforcement Bars,2023-01-01,6,79.16,922.6,127.30903187560672,865.2425999598811,0.0,117455.31280843477,19956.820568074654
O4,H30,0.3,0.024999999999999998,2022-07-01,Steel Reinforcement Bars,2023-02-01,7,100.49,942.1,110.21030810634012,1305.7896759536059,0.0,103829.13126698304,30754.6113428973
O4,H30,0.3,0.024999999999999998,2022-07-01,Steel Reinforcement Bars,2023-03-01,8,57.1,946.6,108.0434476362467,1917.0357838229374,0.0,102273.92753247112,45366.651824169814
O4,H30,0.3,0.024999999999999998,2022-07-01,Steel Reinforcement Bars,2023-04-01,9,67.2,940.1,32.443766221136656,2628.3921997986095,0.0,30500.384624490573,61773.78767576681
O4,H30,0.3,0.024999999999999998,2022-07-01,Steel Reinforcement Bars,2023-05-01,10,152.2,922.8,0.0,3362.792063410528,0.0,0.0,77579.61290288086
O4,H30,0.3,0.024999999999999998,2022-07-01,Steel Reinforcement Bars,2023-06-01,11,135.08,885.5,20.79433599829764,4146.755693243584,0.0,18413.384526492562,91798.80415917982
O4,H30,0.3,0.024999999999999998,2022-07-01,Steel Reinforcement Bars,2023-07-01,12,141.5,859.2,0.0,4924.299323076639,0.0,0.0,105773.9494596862
O4,H30,0.3,0.024999999999999998,2022-08-01,Cement,2022-09-01,1,346.61,118.6,396.7376583342018,0.0,346.61,47053.086278436334,0.0
O4,H30,0.3,0.024999999999999998,2022-08-01,Cement,2022-10-01,2,368.78,118.6,364.1840633552292,0.0,368.78,43192.22991393018,0.0
O4,H30,0.3,0.024999999999999998,2022-08-01,Cement,2022-11-01,3,296.3,118.4,359.39795258277314,100.43765833420179,0.0,42552.71758580034,297.29546866923727
O4,H30,0.3,0.024999999999999998,2022-08-01,Cement,2022-12-01,4,375.31,118.3,382.50591183516343,486.04938002363286,0.0,45250.449370099836,1437.491041419894
O4,H30,0.3,0.024999999999999998,2022-08-01,Cement,2023-01-01,5,440.73,118.5,336.7200186988141,1165.639054295837,0.0,39901.32221580947,3453.205698351417
O4,H30,0.3,0.024999999999999998,2022-08-01,Cement,2023-02-01,6,282.49,118.4,341.52690985465307,2385.974640403205,0.0,40436.786126790925,7062.484935593487
O4,H30,0.3,0.024999999999999998,2022-08-01,Cement,2023-03-01,7,427.87,118.2,396.0238880770861,3797.6502452093864,0.0,46810.02357071158,11222.056474593735
O4,H30,0.3,0.024999999999999998,2022-08-01,Cement,2023-04-01,8,315.7,118.0,422.9519576500773,5663.022759870221,0.0,49908.33100270912,16705.917141617152
O4,H30,0.3,0.024999999999999998,2022-08-01,Cement,2023-05-01,9,398.82,117.2,57.190067477775926,7841.299162608142,0.0,6702.675908395338,22975.006546441855
O4,H30,0.3,0.024999999999999998,2022-08-01,Cement,2023-06-01,10,335.0,116.7,33.413594938031395,10506.34752299614,0.0,3899.366529268264,30652.26889834124
O4,H30,0.3,0.024999999999999998,2022-08-01,Cement,2023-07-01,11,425.98,115.2,0.0,13137.605950861915,0.0,0.0,37836.30513848231
O4,H30,0.3,0.024999999999999998,2022-08-01,Cement,2023-08-01,12,378.3,114.4,0.0,15849.957973665722,0.0,0.0,45330.87980468396
O4,H30,0.3,0.024999999999999998,2022-08-01,Granite,2022-09-01,1,1550.1,20.8,1789.3088327898733,0.0,1550.1,37217.62372202937,0.0
O4,H30,0.3,0.024999999999999998,2022-08-01,Granite,2022-10-01,2,1554.5,20.4,1783.0915336614883,0.0,1554.5,36375.06728669436,0.0
O4,H30,0.3,0.024999999999999998,2022-08-01,Granite,2022-11-01,3,1531.9,20.5,1600.3166193391653,257.40883278987326,0.0,32806.490696452885,131.92202680481003
O4,H30,0.3,0.024999999999999998,2022-08-01,Granite,2022-12-01,4,1692.1,19.3,1704.3039758450752,2137.7091992412347,0.0,32893.06673380995,1031.4446886338958
O4,H30,0.3,0.024999999999999998,2022-08-01,Granite,2023-01-01,5,1309.6,19.0,1713.7027575804493,6000.826185031761,0.0,32560.352394028538,2850.3924378900865
O4,H30,0.3,0.024999999999999998,2022-08-01,Granite,2023-02-01,6,1455.1,18.5,1768.5352447054188,11422.747146667361,0.0,32717.902027050248,5283.020555333655
O4,H30,0.3,0.024999999999999998,2022-08-01,Granite,2023-03-01,7,1561.4,18.3,1729.8078747069692,18452.070865883412,0.0,31655.484107137538,8441.82242114166
O4,H30,0.3,0.024999999999999998,2022-08-01,Granite,2023-04-01,8,1395.2,18.6,1641.4464351340378,27416.129829804882,0.0,30530.903693493106,12748.50037085927
O4,H30,0.3,0.024999999999999998,2022-08-01,Granite,2023-05-01,9,1844.9,18.3,132.3426102894548,37660.296668433315,0.0,2421.869768297023,17229.58572580824
O4,H30,0.3,0.024999999999999998,2022-08-01,Granite,2023-06-01,10,1659.3,18.5,176.6252012249986,49731.509942195786,0.0,3267.566222662474,23000.82334826555
O4,H30,0.3,0.024999999999999998,2022-08-01,Granite,2023-07-01,11,1674.3,18.5,78.99207023240297,61920.065826247715,0.0,1461.3532992994549,28638.030444639568
O4,H30,0.3,0.024999999999999998,2022-08-01,Granite,2023-08-01,12,1755.2,18.5,0.0,74204.34691152464,0.0,0.0,34319.51044658014
O4,H30,0.3,0.024999999999999998,2022-08-01,Ready Mixed Concrete,2022-09-01,1,993.4,118.6,1050.7546203461195,0.0,993.4,124619.49797304977,0.0
O4,H30,0.3,0.024999999999999998,2022-08-01,Ready Mixed Concrete,2022-10-01,2,930.7,118.5,1058.8237815699629,0.0,930.7,125470.6181160406,0.0
O4,H30,0.3,0.024999999999999998,2022-08-01,Ready Mixed Concrete,2022-11-01,3,959.9,118.2,1058.358492881044,90.85462034611953,0.0,125097.9738585394,268.4754031227832
O4,H30,0.3,0.024999999999999998,2022-08-01,Ready Mixed Concrete,2022-12-01,4,992.6,118.0,951.4835622045462,1207.8330222622021,0.0,112275.06034013645,3563.107415673496
O4,H30,0.3,0.024999999999999998,2022-08-01,Ready Mixed Concrete,2023-01-01,5,808.1,117.6,1067.742667501696,3567.669917059328,0.0,125566.53769819943,10488.949556154423
O4,H30,0.3,0.024999999999999998,2022-08-01,Ready Mixed Concrete,2023-02-01,6,897.3,118.1,1019.2510969299939,6789.790374060999,0.0,120373.55454743227,20046.856079415098
O4,H30,0.3,0.024999999999999998,2022-08-01,Ready Mixed Concrete,2023-03-01,7,1070.7,116.8,1148.6115997327079,10906.253498564365,0.0,134157.83484878027,31846.26021580794
O4,H30,0.3,0.024999999999999998,2022-08-01,Ready Mixed Concrete,2023-04-01,8,918.4,117.2,1139.3286749786462,16194.267719997728,0.0,133529.32070749733,47449.20441959334
O4,H30,0.3,0.024999999999999998,2022-08-01,Ready Mixed Concrete,2023-05-01,9,1041.6,117.6,0.0,22507.693541163797,0.0,0.0,66172.61901102155
O4,H30,0.3,0.024999999999999998,2022-08-01,Ready Mixed Concrete,2023-06-01,10,1020.3,117.3,124.38926351808664,29981.748037308513,0.0,14590.860610671562,87921.4761194072
O4,H30,0.3,0.024999999999999998,2022-08-01,Ready Mixed Concrete,2023-07-01,11,1046.0,116.3,141.23275221994413,37430.10253345323,0.0,16425.369083179503,108828.02311601526
O4,H30,0.3,0.024999999999999998,2022-08-01,Ready Mixed Concrete,2023-08-01,12,1113.5,116.4,0.0,44935.34629311603,0.0,0.0,130761.85771296764
O4,H30,0.3,0.024999999999999998,2022-08-01,Steel Reinforcement Bars,2022-09-01,1,174.43,1072.6,126.02535359576191,0.0,174.43,135174.79426681422,0.0
O4,H30,0.3,0.024999999999999998,2022-08-01,Steel Reinforcement Bars,2022-10-01,2,108.27,1040.5,112.58116276890176,0.0,108.27,117140.69986104229,0.0
O4,H30,0.3,0.024999999999999998,2022-08-01,Steel Reinforcement Bars,2022-11-01,3,51.21,1004.5,77.49497549993076,74.8153535957619,0.0,77843.70288968045,1878.8005671735707
O4,H30,0.3,0.024999999999999998,2022-08-01,Steel Reinforcement Bars,2022-12-01,4,70.5,952.3,86.0422497201214,242.92186996042557,0.0,81938.0344084716,5783.362419082831
O4,H30,0.3,0.024999999999999998,2022-08-01,Steel Reinforcement Bars,2023-01-01,5,79.16,922.6,118.70399674725697,479.86336182502,0.0,109516.30739901928,11068.048440494085
O4,H30,0.3,0.024999999999999998,2022-08-01,Steel Reinforcement Bars,2023-02-01,6,100.49,942.1,77.81578242920325,781.5171034097358,0.0,73310.24862655239,18406.6815780578
O4,H30,0.3,0.024999999999999998,2022-08-01,Steel Reinforcement Bars,2023-03-01,7,57.1,946.6,97.1940320950478,1245.2648417417086,0.0,92003.87078117226,29469.19247981753
O4,H30,0.3,0.024999999999999998,2022-08-01,Steel Reinforcement Bars,2023-04-01,8,67.2,940.1,98.03000829081684,1776.7283625028847,0.0,92158.01079419692,41757.55833972404
O4,H30,0.3,0.024999999999999998,2022-08-01,Steel Reinforcement Bars,2023-05-01,9,152.2,922.8,100.45291771965985,2320.385915359109,0.0,92697.95247170211,53531.30306733463
O4,H30,0.3,0.024999999999999998,2022-08-01,Steel Reinforcement Bars,2023-06-01,10,135.08,885.5,0.0,2979.1934765061496,0.0,0.0,65951.89558615489
O4,H30,0.3,0.024999999999999998,2022-08-01,Steel Reinforcement Bars,2023-07-01,11,141.5,859.2,0.0,3732.03395537285,0.0,0.0,80164.08936140881
O4,H30,0.3,0.024999999999999998,2022-08-01,Steel Reinforcement Bars,2023-08-01,12,173.95,832.6,0.0,4452.4244342395505,0.0,0.0,92677.21459869623
O4,H30,0.3,0.024999999999999998,2022-09-01,Cement,2022-10-01,1,368.78,118.6,418.83056676950457,0.0,368.78,49673.30521886324,0.0
O4,H30,0.3,0.024999999999999998,2022-09-01,Cement,2022-11-01,2,296.3,118.4,370.4927223049796,0.0,296.3,43866.33832090959,0.0
O4,H30,0.3,0.024999999999999998,2022-09-01,Cement,2022-12-01,3,375.31,118.3,381.6038748321843,43.52056676950457,0.0,45143.73839264741,128.71207622080973
O4,H30,0.3,0.024999999999999998,2022-09-01,Cement,2023-01-01,4,440.73,118.5,418.9863492235672,392.11385584398863,0.0,49649.88238299271,1161.6372979378164
O4,H30,0.3,0.024999999999999998,2022-09-01,Cement,2023-02-01,5,282.49,118.4,348.8388569857223,1280.5510197506571,0.0,41302.52066710952,3790.431018461945
O4,H30,0.3,0.024999999999999998,2022-09-01,Cement,2023-03-01,6,427.87,118.2,398.6505985202399,2442.594532880893,0.0,47120.50074509236,7217.866844663038
O4,H30,0.3,0.024999999999999998,2022-09-01,Cement,2023-04-01,7,315.7,118.0,416.6148552678417,4065.646902996851,0.0,49160.55292160532,11993.65836384071
O4,H30,0.3,0.024999999999999998,2022-09-01,Cement,2023-05-01,8,398.82,117.2,419.13121827790746,6004.22987163305,0.0,49122.178782170755,17592.393523884835
O4,H30,0.3,0.024999999999999998,2022-09-01,Cement,2023-06-01,9,335.0,116.7,246.9013510640698,8423.24769553709,0.0,28813.387669176944,24574.82515172946
O4,H30,0.3,0.024999999999999998,2022-09-01,Cement,2023-07-01,10,425.98,115.2,0.0,11170.416737719037,0.0,0.0,32170.800204630825
O4,H30,0.3,0.024999999999999998,2022-09-01,Cement,2023-08-01,11,378.3,114.4,0.0,14212.167130965056,0.0,0.0,40646.79799456006
O4,H30,0.3,0.024999999999999998,2022-09-01,Cement,2023-09-01,12,446.33,113.5,0.0,17185.88752421107,0.0,0.0,48764.95584994891
O4,H30,0.3,0.024999999999999998,2022-09-01,Granite,2022-10-01,1,1554.5,20.4,1875.238580493188,0.0,1554.5,38254.867042061036,0.0
O4,H30,0.3,0.024999999999999998,2022-09-01,Granite,2022-11-01,2,1531.9,20.5,1796.0776081391707,0.0,1531.9,36819.590966853,0.0
O4,H30,0.3,0.024999999999999998,2022-09-01,Granite,2022-12-01,3,1692.1,19.3,1785.1329214185553,183.1385804931881,0.0,34453.06538337812,88.36436508796325
O4,H30,0.3,0.024999999999999998,2022-09-01,Granite,2023-01-01,4,1309.6,19.0,1750.5857760260883,2544.8547691255467,0.0,33261.12974449568,1208.8060153346346
O4,H30,0.3,0.024999999999999998,2022-09-01,Granite,2023-02-01,5,1455.1,18.5,1667.3814795855958,6546.203879176461,0.0,30846.557372333522,3027.619294119113
O4,H30,0.3,0.024999999999999998,2022-09-01,Granite,2023-03-01,6,1561.4,18.3,1583.2141298011993,12191.838765253464,0.0,28972.818575361947,5577.76623510346
O4,H30,0.3,0.024999999999999998,2022-09-01,Granite,2023-04-01,7,1395.2,18.6,1704.740189624981,19671.055130916062,0.0,31708.16752702465,9147.04063587597
O4,H30,0.3,0.024999999999999998,2022-09-01,Granite,2023-05-01,8,1844.9,18.3,1674.8117294438507,28283.78562637986,0.0,30649.054648822468,12939.831924068785
O4,H30,0.3,0.024999999999999998,2022-09-01,Granite,2023-06-01,9,1659.3,18.5,592.0464057007991,38786.85631146864,0.0,10952.858505464785,17938.921044054245
O4,H30,0.3,0.024999999999999998,2022-09-01,Granite,2023-07-01,10,1674.3,18.5,40.84937472738761,50949.73872600127,0.0,755.7134324566708,23564.254160775585
O4,H30,0.3,0.024999999999999998,2022-09-01,Granite,2023-08-01,11,1755.2,18.5,145.85496464107064,63623.7675462347,0.0,2698.3168458598066,29425.992490133547
O4,H30,0.3,0.024999999999999998,2022-09-01,Granite,2023-09-01,12,1729.4,18.6,0.0,76364.44574119552,0.0,0.0,35509.46726965592
O4,H30,0.3,0.024999999999999998,2022-09-01,Ready Mixed Concrete,2022-10-01,1,930.7,118.5,1191.1105155959683,0.0,930.7,141146.59609812225,0.0
O4,H30,0.3,0.024999999999999998,2022-09-01,Ready Mixed Concrete,2022-11-01,2,959.9,118.2,1170.8834860248273,0.0,959.9,138398.4280481346,0.0
O4,H30,0.3,0.024999999999999998,2022-09-01,Ready Mixed Concrete,2022-12-01,3,992.6,118.0,1148.7950314279244,198.5105155959683,0.0,135557.8137084951,585.6060210081064
O4,H30,0.3,0.024999999999999998,2022-09-01,Ready Mixed Concrete,2023-01-01,4,808.1,117.6,1071.9016375149145,1752.404517216764,0.0,126055.63257175393,5152.069280617285
O4,H30,0.3,0.024999999999999998,2022-09-01,Ready Mixed Concrete,2023-02-01,5,897.3,118.1,1027.0095969492902,4365.893550265483,0.0,121289.83339971116,12890.300707158838
O4,H30,0.3,0.024999999999999998,2022-09-01,Ready Mixed Concrete,2023-03-01,6,1070.7,116.8,1108.8063700579985,7877.884220829118,0.0,129508.58402277422,23003.42192482102
O4,H30,0.3,0.024999999999999998,2022-09-01,Ready Mixed Concrete,2023-04-01,7,918.4,117.2,1075.7716275853784,12569.184488342044,0.0,126080.43475300635,36827.71055084218
O4,H30,0.3,0.024999999999999998,2022-09-01,Ready Mixed Concrete,2023-05-01,8,1041.6,117.6,1044.343306429579,18246.091125912968,0.0,122814.77283611847,53643.50791018412
O4,H30,0.3,0.024999999999999998,2022-09-01,Ready Mixed Concrete,2023-06-01,9,1020.3,117.3,225.855233566837,25020.069391069268,0.0,26492.818897389978,73371.35348931063
O4,H30,0.3,0.024999999999999998,2022-09-01,Ready Mixed Concrete,2023-07-01,10,1046.0,116.3,86.92544611573521,32812.69096265515,0.0,10109.429383260005,95402.89897391984
O4,H30,0.3,0.024999999999999998,2022-09-01,Ready Mixed Concrete,2023-08-01,11,1113.5,116.4,0.0,40763.66776780787,0.0,0.0,118622.2732043209
O4,H30,0.3,0.024999999999999998,2022-09-01,Ready Mixed Concrete,2023-09-01,12,1081.8,116.6,0.0,48833.27001907632,0.0,0.0,142348.98210560746
O4,H30,0.3,0.024999999999999998,2022-09-01,Steel Reinforcement Bars,2022-10-01,1,108.27,1040.5,148.0485283664485,0.0,108.27,154044.49376528966,0.0
O4,H30,0.3,0.024999999999999998,2022-09-01,Steel Reinforcement Bars,2022-11-01,2,51.21,1004.5,125.08271631933435,0.0,51.21,125645.58854277135,0.0
O4,H30,0.3,0.024999999999999998,2022-09-01,Steel Reinforcement Bars,2022-12-01,3,70.5,952.3,107.55226726746237,77.5485283664485,0.0,102422.02411880442,1846.2365890842223
O4,H30,0.3,0.024999999999999998,2022-09-01,Steel Reinforcement Bars,2023-01-01,4,79.16,922.6,101.04335431796632,271.51977305223136,0.0,93222.59869375573,6262.6035654497155
O4,H30,0.3,0.024999999999999998,2022-09-01,Steel Reinforcement Bars,2023-02-01,5,100.49,942.1,101.0833857958252,551.7132850054766,0.0,95230.65775824692,12994.227145091487
O4,H30,0.3,0.024999999999999998,2022-09-01,Steel Reinforcement Bars,2023-03-01,6,57.1,946.6,90.30987110678457,976.3401512766881,0.0,85487.32398968228,23105.08967996282
O4,H30,0.3,0.024999999999999998,2022-09-01,Steel Reinforcement Bars,2023-04-01,7,67.2,940.1,124.01026071338038,1491.9504033437247,0.0,116582.04609664889,35064.564354585884
O4,H30,0.3,0.024999999999999998,2022-09-01,Steel Reinforcement Bars,2023-05-01,8,152.2,922.8,117.8868471294848,2012.870526517546,0.0,108785.98253108858,46436.92304675978
O4,H30,0.3,0.024999999999999998,2022-09-01,Steel Reinforcement Bars,2023-06-01,9,135.08,885.5,78.91915048446171,2674.9209104047477,0.0,69882.90775399085,59216.0616540851
O4,H30,0.3,0.024999999999999998,2022-09-01,Steel Reinforcement Bars,2023-07-01,10,141.5,859.2,7.72024300719994,3448.438141421434,0.0,6633.2327917861885,74072.4512777324
O4,H30,0.3,0.024999999999999998,2022-09-01,Steel Reinforcement Bars,2023-08-01,11,173.95,832.6,0.0,4268.424522922583,0.0,0.0,88847.25644463355
O4,H30,0.3,0.024999999999999998,2022-09-01,Steel Reinforcement Bars,2023-09-01,12,140.71,830.1,0.0,5129.37114743093,0.0,0.0,106447.27473706038
O4,H30,0.3,0.024999999999999998,2022-10-01,Cement,2022-11-01,1,296.3,118.4,401.7126810636882,0.0,296.3,47562.781437940685,0.0
O4,H30,0.3,0.024999999999999998,2022-10-01,Cement,2022-12-01,2,375.31,118.3,376.1090314613388,0.0,375.31,44493.69842187638,0.0
O4,H30,0.3,0.024999999999999998,2022-10-01,Cement,2023-01-01,3,440.73,118.5,395.2676827566455,0.0,39.017318936311824,46839.22040666249,0.0
O4,H30,0.3,0.024999999999999998,2022-10-01,Cement,2023-02-01,4,282.49,118.4,363.68303121727087,495.331712525027,0.0,43060.070896124875,1466.18186907408
O4,H30,0.3,0.024999999999999998,2022-10-01,Cement,2023-03-01,5,427.87,118.2,414.17793559309314,1240.5511078066997,0.0,48955.83198710361,3665.828523568797
O4,H30,0.3,0.024999999999999998,2022-10-01,Cement,2023-04-01,6,315.7,118.0,331.7626291062995,2461.6235343056433,0.0,39147.990234543344,7261.789426201647
O4,H30,0.3,0.024999999999999998,2022-10-01,Cement,2023-05-01,7,398.82,117.2,417.2276854016772,4013.75389639768,0.0,48899.08472907657,11760.298916445201
O4,H30,0.3,0.024999999999999998,2022-10-01,Cement,2023-06-01,8,335.0,116.7,412.69086456610484,5961.466887596016,0.0,48161.02389486443,17392.579644561378
O4,H30,0.3,0.024999999999999998,2022-10-01,Cement,2023-07-01,9,425.98,115.2,96.72671683473646,8235.42756419603,0.0,11142.917779361642,23718.031384884565
O4,H30,0.3,0.024999999999999998,2022-10-01,Cement,2023-08-01,10,378.3,114.4,94.50483012024284,10969.759105362149,0.0,10811.352565755782,31373.511041335743
O4,H30,0.3,0.024999999999999998,2022-10-01,Cement,2023-09-01,11,446.33,113.5,0.0,13732.787363363002,0.0,0.0,38966.78414354252
O4,H30,0.3,0.024999999999999998,2022-10-01,Cement,2023-10-01,12,335.47,113.2,0.0,16701.1804514841,0.0,0.0,47264.34067769999
O4,H30,0.3,0.024999999999999998,2022-10-01,Granite,2022-11-01,1,1531.9,20.5,1798.0858167818828,0.0,1531.9,36860.759244028595,0.0
O4,H30,0.3,0.024999999999999998,2022-10-01,Granite,2022-12-01,2,1692.1,19.3,1840.9047128899997,0.0,1692.1,35529.460958776996,0.0
O4,H30,0.3,0.024999999999999998,2022-10-01,Granite,2023-01-01,3,1309.6,19.0,1786.280789632075,488.48581678188293,0.0,33939.33500300943,232.03076297139438
O4,H30,0.3,0.024999999999999998,2022-10-01,Granite,2023-02-01,4,1455.1,18.5,1840.4685717633763,2672.3763464537656,0.0,34048.66857762246,1235.9740602348666
O4,H30,0.3,0.024999999999999998,2022-10-01,Granite,2023-03-01,5,1561.4,18.3,1667.497746319115,6536.2476657577245,0.0,30515.208757639808,2990.3333070841586
O4,H30,0.3,0.024999999999999998,2022-10-01,Granite,2023-04-01,6,1395.2,18.6,1614.693520000979,12406.787556825058,0.0,30033.299472018214,5769.156213923652
O4,H30,0.3,0.024999999999999998,2022-10-01,Granite,2023-05-01,7,1844.9,18.3,1750.2995741105885,19495.125194211505,0.0,32030.482206223773,8919.019776351763
O4,H30,0.3,0.024999999999999998,2022-10-01,Granite,2023-06-01,8,1659.3,18.5,1750.506516545331,28383.756351598935,0.0,32384.370556088623,13127.487312614507
O4,H30,0.3,0.024999999999999998,2022-10-01,Granite,2023-07-01,9,1674.3,18.5,154.17579446365426,39007.68708309695,0.0,2852.2521975776035,18041.055275932336
O4,H30,0.3,0.024999999999999998,2022-10-01,Granite,2023-08-01,10,1755.2,18.5,248.51226152275103,51301.2243311403,0.0,4597.476838170895,23726.81625315239
O4,H30,0.3,0.024999999999999998,2022-10-01,Granite,2023-09-01,11,1729.4,18.6,0.0,63774.7373736473,0.0,0.0,29655.252878745996
O4,H30,0.3,0.024999999999999998,2022-10-01,Granite,2023-10-01,12,1742.2,19.5,0.0,76483.96267767706,0.0,0.0,37285.93180536756
O4,H30,0.3,0.024999999999999998,2022-10-01,Ready Mixed Concrete,2022-11-01,1,959.9,118.2,1117.8545515049843,0.0,959.9,132130.40798788916,0.0
O4,H30,0.3,0.024999999999999998,2022-10-01,Ready Mixed Concrete,2022-12-01,2,992.6,118.0,1072.9650671565212,0.0,992.6,126609.8779244695,0.0
O4,H30,0.3,0.024999999999999998,2022-10-01,Ready Mixed Concrete,2023-01-01,3,808.1,117.6,1123.646526237222,309.7545515049843,0.0,132140.8314854973,910.6783814246537
O4,H30,0.3,0.024999999999999998,2022-10-01,Ready Mixed Concrete,2023-02-01,4,897.3,118.1,1054.3545460351465,1603.2741701664897,0.0,124519.2718867508,4733.66698741656
O4,H30,0.3,0.024999999999999998,2022-10-01,Ready Mixed Concrete,2023-03-01,5,1070.7,116.8,1023.1389660177263,3847.0403150652173,0.0,119502.63123087042,11233.357719990432
O4,H30,0.3,0.024999999999999998,2022-10-01,Ready Mixed Concrete,2023-04-01,6,918.4,117.2,1033.9049948262602,7297.46100599909,0.0,121173.6653936377,21381.560747577332
O4,H30,0.3,0.024999999999999998,2022-10-01,Ready Mixed Concrete,2023-05-01,7,1041.6,117.6,1102.7291740254211,11647.82066295069,0.0,129680.95086538952,34244.59274907502
O4,H30,0.3,0.024999999999999998,2022-10-01,Ready Mixed Concrete,2023-06-01,8,1020.3,117.3,1057.2609949331204,17053.38531472855,0.0,124016.71470565502,50009.052435441474
O4,H30,0.3,0.024999999999999998,2022-10-01,Ready Mixed Concrete,2023-07-01,9,1046.0,116.3,430.956018811642,23535.979140531832,0.0,50120.18498779397,68430.8593510963
O4,H30,0.3,0.024999999999999998,2022-10-01,Ready Mixed Concrete,2023-08-01,10,1113.5,116.4,19.07106189343449,31008.333961268232,0.0,2219.8716043957747,90234.25182729054
O4,H30,0.3,0.024999999999999998,2022-10-01,Ready Mixed Concrete,2023-09-01,11,1081.8,116.6,0.0,38943.344800816274,0.0,0.0,113519.85009437942
O4,H30,0.3,0.024999999999999998,2022-10-01,Ready Mixed Concrete,2023-10-01,12,1101.2,116.4,0.0,46878.02670225776,0.0,0.0,136415.05770357008
O4,H30,0.3,0.024999999999999998,2022-10-01,Steel Reinforcement Bars,2022-11-01,1,51.21,1004.5,154.04423033373527,0.0,51.21,154737.42937023708,0.0
O4,H30,0.3,0.024999999999999998,2022-10-01,Steel Reinforcement Bars,2022-12-01,2,70.5,952.3,150.3120775120128,0.0,70.5,143142.19141468976,0.0
O4,H30,0.3,0.024999999999999998,2022-10-01,Steel Reinforcement Bars,2023-01-01,3,79.16,922.6,106.51099036012448,74.88423033373527,0.0,98267.03970625084,1727.204772647604
O4,H30,0.3,0.024999999999999998,2022-10-01,Steel Reinforcement Bars,2023-02-01,4,100.49,942.1,145.49623348200203,278.7505381794833,0.0,137072.00156339412,6565.272050472281
O4,H30,0.3,0.024999999999999998,2022-10-01,Steel Reinforcement Bars,2023-03-01,5,57.1,946.6,122.75158303016904,632.5178363853558,0.0,116196.64849635802,14968.534598059445
O4,H30,0.3,0.024999999999999998,2022-10-01,Steel Reinforcement Bars,2023-04-01,6,67.2,940.1,123.29909467634732,1121.6813680732305,0.0,115913.47890523412,26362.316353141097
O4,H30,0.3,0.024999999999999998,2022-10-01,Steel Reinforcement Bars,2023-05-01,7,152.2,922.8,81.66515698653201,1648.5964827912742,0.0,75360.60686717174,38033.12085799469
O4,H30,0.3,0.024999999999999998,2022-10-01,Steel Reinforcement Bars,2023-06-01,8,135.08,885.5,116.24509442623437,2315.930692185665,0.0,102935.03111443055,51268.915698260156
O4,H30,0.3,0.024999999999999998,2022-10-01,Steel Reinforcement Bars,2023-07-01,9,141.5,859.2,103.47697665175156,3058.5100585665878,0.0,88907.41833918494,65696.79605801031
O4,H30,0.3,0.024999999999999998,2022-10-01,Steel Reinforcement Bars,2023-08-01,10,173.95,832.6,50.87584108183256,3884.884519373745,0.0,42359.225284733795,80863.8712707645
O4,H30,0.3,0.024999999999999998,2022-10-01,Steel Reinforcement Bars,2023-09-01,11,140.71,830.1,0.0,4847.975956832654,0.0,0.0,100607.62104416965
O4,H30,0.3,0.024999999999999998,2022-10-01,Steel Reinforcement Bars,2023-10-01,12,162.59,827.4,0.0,5840.063235373395,0.0,0.0,120801.70802369868
O4,H30,0.3,0.024999999999999998,2022-11-01,Cement,2022-12-01,1,375.31,118.3,387.9763964708475,0.0,375.31,45897.60770250126,0.0
O4,H30,0.3,0.024999999999999998,2022-11-01,Cement,2023-01-01,2,440.73,118.5,363.52140663398103,0.0,440.73,43077.286686126754,0.0
O4,H30,0.3,0.024999999999999998,2022-11-01,Cement,2023-02-01,3,282.49,118.4,362.41972131967543,105.48639647084747,0.0,42910.49500424958,312.2397335537085
O4,H30,0.3,0.024999999999999998,2022-11-01,Cement,2023-03-01,4,427.87,118.2,366.30505717192074,429.114199575676,0.0,43297.25775772103,1268.0324597461224
O4,H30,0.3,0.024999999999999998,2022-11-01,Cement,2023-04-01,5,315.7,118.0,355.522772497313,1227.33172400018,0.0,41951.687154682935,3620.628585800531
O4,H30,0.3,0.024999999999999998,2022-11-01,Cement,2023-05-01,6,398.82,117.2,401.8598976272394,2308.7343055966044,0.0,47097.98000191246,6764.59151539805
O4,H30,0.3,0.024999999999999998,2022-11-01,Cement,2023-06-01,7,335.0,116.7,384.4224364292426,3809.4796596903416,0.0,44862.09833129262,11114.156907146571
O4,H30,0.3,0.024999999999999998,2022-11-01,Cement,2023-07-01,8,425.98,115.2,389.11086787193017,5621.104911411319,0.0,44825.571978846354,16188.7821448646
O4,H30,0.3,0.024999999999999998,2022-11-01,Cement,2023-08-01,9,378.3,114.4,152.7856918753577,7864.832599561539,0.0,17478.683150540925,22493.421234745998
O4,H30,0.3,0.024999999999999998,2022-11-01,Cement,2023-09-01,10,446.33,113.5,43.277675408302116,10429.641155583688,0.0,4912.01615884229,29594.10677896871
O4,H30,0.3,0.024999999999999998,2022-11-01,Cement,2023-10-01,11,335.47,113.2,0.0,13258.095403481197,0.0,0.0,37520.40999185178
O4,H30,0.3,0.024999999999999998,2022-11-01,Cement,2023-11-01,12,381.97,112.0,0.0,16083.327326787008,0.0,0.0,45033.31651500362
O4,H30,0.3,0.024999999999999998,2022-11-01,Granite,2022-12-01,1,1692.1,19.3,1676.422098405731,0.0,1692.1,32354.94649923061,0.0
O4,H30,0.3,0.024999999999999998,2022-11-01,Granite,2023-01-01,2,1309.6,19.0,1637.6841806433163,0.0,1309.6,31115.99943222301,0.0
O4,H30,0.3,0.024999999999999998,2022-11-01,Granite,2023-02-01,3,1455.1,18.5,1629.2190498582008,221.32209840573114,0.0,30140.552422376717,102.36147051265064
O4,H30,0.3,0.024999999999999998,2022-11-01,Granite,2023-03-01,4,1561.4,18.3,1627.7909425565044,1974.0283774547784,0.0,29788.574248784033,903.1179826855611
O4,H30,0.3,0.024999999999999998,2022-11-01,Granite,2023-04-01,5,1395.2,18.6,1650.438923551106,5522.153706362026,0.0,30698.163978050572,2567.801473458342
O4,H30,0.3,0.024999999999999998,2022-11-01,Granite,2023-05-01,6,1844.9,18.3,1688.624584081243,10248.369977825778,0.0,30901.82988868675,4688.629264855293
O4,H30,0.3,0.024999999999999998,2022-11-01,Granite,2023-06-01,7,1659.3,18.5,1600.5021493610027,16810.62517284064,0.0,29609.28976317855,7774.914142438794
O4,H30,0.3,0.024999999999999998,2022-11-01,Granite,2023-07-01,8,1674.3,18.5,1656.294452646187,25046.504951936742,0.0,30641.44737395446,11584.008540270743
O4,H30,0.3,0.024999999999999998,2022-11-01,Granite,2023-08-01,9,1755.2,18.5,113.73107511486296,34801.986880393844,0.0,2104.024889624965,16095.918932182152
O4,H30,0.3,0.024999999999999998,2022-11-01,Granite,2023-09-01,10,1729.4,18.6,444.24447216908425,46239.56326149713,0.0,8262.947182344968,21501.396916596168
O4,H30,0.3,0.024999999999999998,2022-11-01,Granite,2023-10-01,11,1742.2,19.5,190.88213829684742,57778.07071771529,0.0,3722.2016967885247,28166.8094748862
O4,H30,0.3,0.024999999999999998,2022-11-01,Granite,2023-11-01,12,1621.1,20.3,0.0,69881.92264610252,0.0,0.0,35465.075742897025
O4,H30,0.3,0.024999999999999998,2022-11-01,Ready Mixed Concrete,2022-12-01,1,992.6,118.0,1055.2955334910632,0.0,992.6,124524.87295194546,0.0
O4,H30,0.3,0.024999999999999998,2022-11-01,Ready Mixed Concrete,2023-01-01,2,808.1,117.6,1038.47514600579,0.0,808.1,122124.6771702809,0.0
O4,H30,0.3,0.024999999999999998,2022-11-01,Ready Mixed Concrete,2023-02-01,3,897.3,118.1,1035.3244501636436,157.99553349106327,0.0,122271.81756432631,466.48181263236427
O4,H30,0.3,0.024999999999999998,2022-11-01,Ready Mixed Concrete,2023-03-01,4,1070.7,116.8,1047.6658738780052,1181.0662129879167,0.0,122367.374068951,3448.713341924716
O4,H30,0.3,0.024999999999999998,2022-11-01,Ready Mixed Concrete,2023-04-01,5,918.4,117.2,1036.7978997065231,3391.7613426484136,0.0,121512.71384560452,9937.860733959851
O4,H30,0.3,0.024999999999999998,2022-11-01,Ready Mixed Concrete,2023-05-01,6,1041.6,117.6,1097.4477298417978,6526.922346186915,0.0,129059.85302939541,19189.151697789526
O4,H30,0.3,0.024999999999999998,2022-11-01,Ready Mixed Concrete,2023-06-01,7,1020.3,117.3,1161.148942399249,10720.181249431942,0.0,136202.7709434319,31436.931513959167
O4,H30,0.3,0.024999999999999998,2022-11-01,Ready Mixed Concrete,2023-07-01,8,1046.0,116.3,1067.3027049665022,15985.187882518767,0.0,124127.3045876042,46476.93376842331
O4,H30,0.3,0.024999999999999998,2022-11-01,Ready Mixed Concrete,2023-08-01,9,1113.5,116.4,179.4327173004334,22343.843458004838,0.0,20885.96829377045,65020.584462794075
O4,H30,0.3,0.024999999999999998,2022-11-01,Ready Mixed Concrete,2023-09-01,10,1081.8,116.6,25.553671966547313,29801.501738457413,0.0,2979.5581512994167,86871.37756760334
O4,H30,0.3,0.024999999999999998,2022-11-01,Ready Mixed Concrete,2023-10-01,11,1101.2,116.4,0.0,37419.192736210425,0.0,0.0,108889.85086237233
O4,H30,0.3,0.024999999999999998,2022-11-01,Ready Mixed Concrete,2023-11-01,12,1070.0,115.4,0.0,45093.63740592998,0.0,0.0,130095.14391610798
O4,H30,0.3,0.024999999999999998,2022-11-01,Steel Reinforcement Bars,2022-12-01,1,70.5,952.3,172.01139539262272,0.0,70.5,163806.4518323946,0.0
O4,H30,0.3,0.024999999999999998,2022-11-01,Steel Reinforcement Bars,2023-01-01,2,79.16,922.6,93.60452430005148,0.0,79.16,86359.5341192275,0.0
O4,H30,0.3,0.024999999999999998,2022-11-01,Steel Reinforcement Bars,2023-02-01,3,100.49,942.1,96.04263516397339,71.52139539262272,0.0,90481.76658797933,1684.5076649847465
O4,H30,0.3,0.024999999999999998,2022-11-01,Steel Reinforcement Bars,2023-03-01,4,57.1,946.6,122.14103959345066,280.0373150852969,0.0,115618.7080791604,6627.08306149355
O4,H30,0.3,0.024999999999999998,2022-11-01,Steel Reinforcement Bars,2023-04-01,5,67.2,940.1,108.39097529712555,574.4958699419444,0.0,101898.35587682773,13502.089183310547
O4,H30,0.3,0.024999999999999998,2022-11-01,Steel Reinforcement Bars,2023-05-01,6,152.2,922.8,118.28443004001076,906.0954643920427,0.0,109152.87204092192,20903.62236352442
O4,H30,0.3,0.024999999999999998,2022-11-01,Steel Reinforcement Bars,2023-06-01,7,135.08,885.5,82.29920986684178,1363.2060341392666,0.0,72875.95033708839,30177.973580758015
O4,H30,0.3,0.024999999999999998,2022-11-01,Steel Reinforcement Bars,2023-07-01,8,141.5,859.2,74.1157420433712,1932.1810339265012,0.0,63680.24556366454,41503.24860874125
O4,H30,0.3,0.024999999999999998,2022-11-01,Steel Reinforcement Bars,2023-08-01,9,173.95,832.6,117.6763736362866,2551.005243580578,0.0,97977.34868957223,53099.17414512972
O4,H30,0.3,0.024999999999999998,2022-11-01,Steel Reinforcement Bars,2023-09-01,10,140.71,830.1,81.25014744475524,3277.1851952780253,0.0,67445.74739389133,68009.78576500721
O4,H30,0.3,0.024999999999999998,2022-11-01,Steel Reinforcement Bars,2023-10-01,11,162.59,827.4,0.0,4099.161520611759,0.0,0.0,84791.15605385424
O4,H30,0.3,0.024999999999999998,2022-11-01,Steel Reinforcement Bars,2023-11-01,12,187.13,826.7,0.0,4977.847993390248,0.0,0.0,102879.67340339295
O4,H30,0.3,0.024999999999999998,2022-12-01,Cement,2023-01-01,1,440.73,118.5,377.15027576612,0.0,440.73,44692.30767828522,0.0
O4,H30,0.3,0.024999999999999998,2022-12-01,Cement,2023-02-01,2,282.49,118.4,351.86724483418664,0.0,282.49,41661.0817883677,0.0
O4,H30,0.3,0.024999999999999998,2022-12-01,Cement,2023-03-01,3,427.87,118.2,318.41495451072154,0.0,50.719724233880015,37636.647623167286,0.0
O4,H30,0.3,0.024999999999999998,2022-12-01,Cement,2023-04-01,4,315.7,118.0,345.6318511565435,413.31752060030664,0.0,40784.558436472136,1219.2866857709046
O4,H30,0.3,0.024999999999999998,2022-12-01,Cement,2023-05-01,5,398.82,117.2,373.04640499870993,1061.9299957113349,0.0,43721.038665848806,3111.454887434211
O4,H30,0.3,0.024999999999999998,2022-12-01,Cement,2023-06-01,6,335.0,116.7,347.62944533963,2119.9943219789066,0.0,40568.35627113483,6185.08343437346
O4,H30,0.3,0.024999999999999998,2022-12-01,Cement,2023-07-01,7,425.98,115.2,296.81833967079126,3460.125053245188,0.0,34193.472730075155,9965.160153346142
O4,H30,0.3,0.024999999999999998,2022-12-01,Cement,2023-08-01,8,378.3,114.4,340.5412663278924,5195.5652298510995,0.0,38957.92086791089,14859.316557374144
O4,H30,0.3,0.024999999999999998,2022-12-01,Cement,2023-09-01,9,446.33,113.5,205.32635171203174,7159.7937461278025,0.0,23304.5409193156,20315.914754637637
O4,H30,0.3,0.024999999999999998,2022-12-01,Cement,2023-10-01,10,335.47,113.2,0.0,9575.423528732399,0.0,0.0,27098.448586312687
O4,H30,0.3,0.024999999999999998,2022-12-01,Cement,2023-11-01,11,381.97,112.0,0.0,12149.879663049027,0.0,0.0,34019.663056537276
O4,H30,0.3,0.024999999999999998,2022-12-01,Cement,2023-12-01,12,467.38,111.7,0.0,14638.925797365655,0.0,0.0,40879.20028914359
O4,H30,0.3,0.024999999999999998,2022-12-01,Granite,2023-01-01,1,1309.6,19.0,1749.7269495514618,0.0,1309.6,33244.81204147777,0.0
O4,H30,0.3,0.024999999999999998,2022-12-01,Granite,2023-02-01,2,1455.1,18.5,1736.8997107139674,0.0,1455.1,32132.644648208396,0.0
O4,H30,0.3,0.024999999999999998,2022-12-01,Granite,2023-03-01,3,1561.4,18.3,1694.3644743055145,188.32694955146167,0.0,31006.869879790916,86.1595794197937
O4,H30,0.3,0.024999999999999998,2022-12-01,Granite,2023-04-01,4,1395.2,18.6,1635.9434787704515,2279.753609816891,0.0,30428.5487051304,1060.0854285648545
O4,H30,0.3,0.024999999999999998,2022-12-01,Granite,2023-05-01,5,1844.9,18.3,1472.8380714473012,5615.844744387834,0.0,26952.936707485613,2569.248970557434
O4,H30,0.3,0.024999999999999998,2022-12-01,Granite,2023-06-01,6,1659.3,18.5,1573.928426089227,10773.47935772923,0.0,29117.6758826507,4982.734202949769
O4,H30,0.3,0.024999999999999998,2022-12-01,Granite,2023-07-01,7,1674.3,18.5,1560.0741783377848,17388.952042517925,0.0,28861.37229924902,8042.39031966454
O4,H30,0.3,0.024999999999999998,2022-12-01,Granite,2023-08-01,8,1755.2,18.5,1535.617425799506,25497.453153395847,0.0,28408.922377290863,11792.572083445579
O4,H30,0.3,0.024999999999999998,2022-12-01,Granite,2023-09-01,9,1729.4,18.6,489.6086316606122,35191.82844261155,0.0,9106.720548887388,16364.200225814371
O4,H30,0.3,0.024999999999999998,2022-12-01,Granite,2023-10-01,10,1742.2,19.5,48.91843176588486,46409.02115762677,0.0,953.9094194347548,22624.397814343047
O4,H30,0.3,0.024999999999999998,2022-12-01,Granite,2023-11-01,11,1621.1,20.3,0.0,58236.922504302594,0.0,0.0,29555.238170933564
O4,H30,0.3,0.024999999999999998,2022-12-01,Granite,2023-12-01,12,1531.7,21.2,0.0,70203.1422827443,0.0,0.0,37207.665409854475
O4,H30,0.3,0.024999999999999998,2022-12-01,Ready Mixed Concrete,2023-01-01,1,808.1,117.6,1081.4874660403198,0.0,808.1,127182.9260063416,0.0
O4,H30,0.3,0.024999999999999998,2022-12-01,Ready Mixed Concrete,2023-02-01,2,897.3,118.1,1080.3442359034193,0.0,897.3,127588.65426019381,0.0
O4,H30,0.3,0.024999999999999998,2022-12-01,Ready Mixed Concrete,2023-03-01,3,1070.7,116.8,1094.1899892150282,10.787466040319714,0.0,127801.39074031528,31.49940083773356
O4,H30,0.3,0.024999999999999998,2022-12-01,Ready Mixed Concrete,2023-04-01,4,918.4,117.2,1028.872708539977,1254.2191679840585,0.0,120583.88144088532,3674.8621621932907
O4,H30,0.3,0.024999999999999998,2022-12-01,Ready Mixed Concrete,2023-05-01,5,1041.6,117.6,1030.5825591439184,3468.640859142826,0.0,121196.5089553248,10197.804125879906
O4,H30,0.3,0.024999999999999998,2022-12-01,Ready Mixed Concrete,2023-06-01,6,1020.3,117.3,1124.8593002165812,6733.23525884157,0.0,131945.995915405,19745.212396552903
O4,H30,0.3,0.024999999999999998,2022-12-01,Ready Mixed Concrete,2023-07-01,7,1046.0,116.3,1087.701433360915,11002.712217684231,0.0,126499.67669987441,31990.3857729169
O4,H30,0.3,0.024999999999999998,2022-12-01,Ready Mixed Concrete,2023-08-01,8,1113.5,116.4,1061.6371911423228,16329.548476743475,0.0,123574.56904896637,47518.98606732351
O4,H30,0.3,0.024999999999999998,2022-12-01,Ready Mixed Concrete,2023-09-01,9,1081.8,116.6,293.2871921823737,22775.786169163635,0.0,34197.28660846477,66391.416683112
O4,H30,0.3,0.024999999999999998,2022-12-01,Ready Mixed Concrete,2023-10-01,10,1101.2,116.4,0.0,30264.261052726117,0.0,0.0,88068.99966343299
O4,H30,0.3,0.024999999999999998,2022-12-01,Ready Mixed Concrete,2023-11-01,11,1070.0,115.4,0.0,38077.22312847097,0.0,0.0,109852.78872563875
O4,H30,0.3,0.024999999999999998,2022-12-01,Ready Mixed Concrete,2023-12-01,12,1101.6,115.4,0.0,45858.58520421583,0.0,0.0,132302.01831416265
O4,H30,0.3,0.024999999999999998,2022-12-01,Steel Reinforcement Bars,2023-01-01,1,79.16,922.6,141.16023117038867,0.0,79.16,130234.42927780059,0.0
O4,H30,0.3,0.024999999999999998,2022-12-01,Steel Reinforcement Bars,2023-02-01,2,100.49,942.1,128.18227485506864,0.0,100.49,120760.52114096018,0.0
O4,H30,0.3,0.024999999999999998,2022-12-01,Steel Reinforcement Bars,2023-03-01,3,57.1,946.6,100.1096406092345,84.06023117038868,0.0,94763.78580070139,1989.2853706472479
O4,H30,0.3,0.024999999999999998,2022-12-01,Steel Reinforcement Bars,2023-04-01,4,67.2,940.1,117.95459215244014,286.20273719584594,0.0,110889.11208250897,6726.479830945369
O4,H30,0.3,0.024999999999999998,2022-12-01,Steel Reinforcement Bars,2023-05-01,5,152.2,922.8,111.91178523177182,503.45488383053777,0.0,103272.19541187903,11614.704169970504
O4,H30,0.3,0.024999999999999998,2022-12-01,Steel Reinforcement Bars,2023-06-01,6,135.08,885.5,107.93527871871788,855.7816226176695,0.0,95576.68930542469,18944.86567069866
O4,H30,0.3,0.024999999999999998,2022-12-01,Steel Reinforcement Bars,2023-07-01,7,141.5,859.2,111.7320075660585,1313.6001466365733,0.0,96000.14090075747,28216.131149753593
O4,H30,0.3,0.024999999999999998,2022-12-01,Steel Reinforcement Bars,2023-08-01,8,173.95,832.6,150.1754905722235,1846.9039493741948,0.0,125036.1134504333,38443.30570622386
O4,H30,0.3,0.024999999999999998,2022-12-01,Steel Reinforcement Bars,2023-09-01,9,140.71,830.1,97.29829281313094,2525.1797596778747,0.0,80767.31286418,52403.79296271509
O4,H30,0.3,0.024999999999999998,2022-12-01,Steel Reinforcement Bars,2023-10-01,10,162.59,827.4,25.76732793724699,3331.751060553778,0.0,21319.887135278157,68917.2706875549
O4,H30,0.3,0.024999999999999998,2022-12-01,Steel Reinforcement Bars,2023-11-01,11,187.13,826.7,0.0,4211.080654242813,0.0,0.0,87032.50942156333
O4,H30,0.3,0.024999999999999998,2022-12-01,Steel Reinforcement Bars,2023-12-01,12,122.5,819.7,0.0,5180.807575869094,0.0,0.0,106167.6992484974
O4,H30,0.3,0.024999999999999998,2023-01-01,Cement,2023-02-01,1,282.49,118.4,400.27994693211457,0.0,282.49,47393.14571676237,0.0
O4,H30,0.3,0.024999999999999998,2023-01-01,Cement,2023-03-01,2,427.87,118.2,384.8829386577617,0.0,427.87,45493.16334934744,0.0
O4,H30,0.3,0.024999999999999998,2023-01-01,Cement,2023-04-01,3,315.7,118.0,359.4783394729675,84.57994693211458,0.0,42418.444057810164,249.510843449738
O4,H30,0.3,0.024999999999999998,2023-01-01,Cement,2023-05-01,4,398.82,117.2,350.58784950820547,470.92283252199087,0.0,41088.89596236168,1379.803899289433
O4,H30,0.3,0.024999999999999998,2023-01-01,Cement,2023-06-01,5,335.0,116.7,410.77219005612505,1280.5640575848345,0.0,47937.114579549794,3736.0456380037544
O4,H30,0.3,0.024999999999999998,2023-01-01,Cement,2023-07-01,6,425.98,115.2,382.4933687905392,2349.8131321558835,0.0,44063.23608467012,6767.461820608944
O4,H30,0.3,0.024999999999999998,2023-01-01,Cement,2023-08-01,7,378.3,114.4,412.51891680972943,3877.5143967830572,0.0,47192.16408303305,11089.691174799544
O4,H30,0.3,0.024999999999999998,2023-01-01,Cement,2023-09-01,8,446.33,113.5,319.96793801022085,5719.67903020077,0.0,36316.36096416006,16229.589248194685
O4,H30,0.3,0.024999999999999998,2023-01-01,Cement,2023-10-01,9,335.47,113.2,250.50819917691769,8085.2225804282125,0.0,28357.528146827084,22881.17990261184
O4,H30,0.3,0.024999999999999998,2023-01-01,Cement,2023-11-01,10,381.97,112.0,0.0,10724.234068665877,0.0,0.0,30027.855392264453
O4,H30,0.3,0.024999999999999998,2023-01-01,Cement,2023-12-01,11,467.38,111.7,0.0,13528.34375608046,0.0,0.0,37777.89993885468
O4,H30,0.3,0.024999999999999998,2023-01-01,Cement,2024-01-01,12,434.45,110.6,0.0,16365.38344349504,0.0,0.0,45250.28522126378
O4,H30,0.3,0.024999999999999998,2023-01-01,Granite,2023-02-01,1,1455.1,18.5,1822.8456199425227,0.0,1455.1,33722.64396893667,0.0
O4,H30,0.3,0.024999999999999998,2023-01-01,Granite,2023-03-01,2,1561.4,18.3,1834.2183771101425,0.0,1561.4,33566.19630111561,0.0
O4,H30,0.3,0.024999999999999998,2023-01-01,Granite,2023-04-01,3,1395.2,18.6,1712.9932456093707,427.64561994252267,0.0,31861.674368334297,198.85521327327305
O4,H30,0.3,0.024999999999999998,2023-01-01,Granite,2023-05-01,4,1844.9,18.3,1824.215295173721,2239.809616995188,0.0,33383.1399016791,1024.7128997752984
O4,H30,0.3,0.024999999999999998,2023-01-01,Granite,2023-06-01,5,1659.3,18.5,1646.8734872651262,5950.566859657224,0.0,30467.159514404833,2752.137172591466
O4,H30,0.3,0.024999999999999998,2023-01-01,Granite,2023-07-01,6,1674.3,18.5,1548.3978505160676,11470.539397492983,0.0,28645.36023454725,5305.124471340504
O4,H30,0.3,0.024999999999999998,2023-01-01,Granite,2023-08-01,7,1755.2,18.5,1662.5747533920774,18556.485422593865,0.0,30757.63293775343,8582.374507949662
O4,H30,0.3,0.024999999999999998,2023-01-01,Granite,2023-09-01,8,1729.4,18.6,1685.925705880234,27216.629298210813,0.0,31358.218129372355,12655.73262366803
O4,H30,0.3,0.024999999999999998,2023-01-01,Granite,2023-10-01,9,1742.2,19.5,243.89859220610174,37526.54792721984,0.0,4756.022548018984,18294.192114519672
O4,H30,0.3,0.024999999999999998,2023-01-01,Granite,2023-11-01,10,1621.1,20.3,97.86455904297759,49643.4922621091,0.0,1986.6505485724451,25194.072323020366
O4,H30,0.3,0.024999999999999998,2023-01-01,Granite,2023-12-01,11,1531.7,21.2,0.0,62093.73518920447,0.0,0.0,32909.67965027836
O4,H30,0.3,0.024999999999999998,2023-01-01,Granite,2024-01-01,12,1664.5,22.3,0.0,74509.0426753428,0.0,0.0,41538.791291503614
O4,H30,0.3,0.024999999999999998,2023-01-01,Ready Mixed Concrete,2023-02-01,1,897.3,118.1,1077.4260048435838,0.0,897.3,127244.01117202724,0.0
O4,H30,0.3,0.024999999999999998,2023-01-01,Ready Mixed Concrete,2023-03-01,2,1070.7,116.8,1060.4649796793751,0.0,1070.7,123862.30962655101,0.0
O4,H30,0.3,0.024999999999999998,2023-01-01,Ready Mixed Concrete,2023-04-01,3,918.4,117.2,1089.0028427338418,159.0260048435838,0.0,127631.13316840626,465.94619419170044
O4,H30,0.3,0.024999999999999998,2023-01-01,Ready Mixed Concrete,2023-05-01,4,1041.6,117.6,1075.296126631965,1255.316989366543,0.0,126454.82449191909,3690.6319487376363
O4,H30,0.3,0.024999999999999998,2023-01-01,Ready Mixed Concrete,2023-06-01,5,1020.3,117.3,1038.922116302622,3461.9108166233445,0.0,121865.56424229757,10152.053469747956
O4,H30,0.3,0.024999999999999998,2023-01-01,Ready Mixed Concrete,2023-07-01,6,1046.0,116.3,1040.783822949197,6718.100770512111,0.0,121043.15860899161,19532.87799026396
O4,H30,0.3,0.024999999999999998,2023-01-01,Ready Mixed Concrete,2023-08-01,7,1113.5,116.4,1004.4301159786033,10945.7128407035,0.0,116915.66549990943,31852.024366447182
O4,H30,0.3,0.024999999999999998,2023-01-01,Ready Mixed Concrete,2023-09-01,8,1081.8,116.6,985.6573767972161,16245.808733844086,0.0,114927.6501345554,47356.5324591555
O4,H30,0.3,0.024999999999999998,2023-01-01,Ready Mixed Concrete,2023-10-01,9,1101.2,116.4,327.2227416879821,22530.934742963273,0.0,38088.727132481115,65565.02010202312
O4,H30,0.3,0.024999999999999998,2023-01-01,Ready Mixed Concrete,2023-11-01,10,1070.0,115.4,96.35907813068661,29832.91812887968,0.0,11119.837616281236,86067.96880181787
O4,H30,0.3,0.024999999999999998,2023-01-01,Ready Mixed Concrete,2023-12-01,11,1101.6,115.4,0.0,37430.52425648407,0.0,0.0,107987.06247995653
O4,H30,0.3,0.024999999999999998,2023-01-01,Ready Mixed Concrete,2024-01-01,12,1071.7,118.1,0.0,45154.389462219144,0.0,0.0,133318.334887202
O4,H30,0.3,0.024999999999999998,2023-01-01,Steel Reinforcement Bars,2023-02-01,1,100.49,942.1,143.19315125822467,0.0,100.49,134902.26780037346,0.0
O4,H30,0.3,0.024999999999999998,2023-01-01,Steel Reinforcement Bars,2023-03-01,2,57.1,946.6,126.67529991564902,0.0,57.1,119910.83890015337,0.0
O4,H30,0.3,0.024999999999999998,2023-01-01,Steel Reinforcement Bars,2023-04-01,3,67.2,940.1,94.39055959770677,75.99315125822467,0.0,88736.56507780413,1786.0290374464253
O4,H30,0.3,0.024999999999999998,2023-01-01,Steel Reinforcement Bars,2023-05-01,4,152.2,922.8,113.1121349568242,193.6616024320984,0.0,104379.87813815738,4467.773168108509
O4,H30,0.3,0.024999999999999998,2023-01-01,Steel Reinforcement Bars,2023-06-01,5,135.08,885.5,92.90971631788435,422.8406132036788,0.0,82271.55379948659,9360.634074796439
O4,H30,0.3,0.024999999999999998,2023-01-01,Steel Reinforcement Bars,2023-07-01,6,141.5,859.2,127.7422188689771,758.7117589320835,0.0,109756.11445222513,16297.128581861154
O4,H30,0.3,0.024999999999999998,2023-01-01,Steel Reinforcement Bars,2023-08-01,7,173.95,832.6,138.68850152013562,1155.0426209783725,0.0,115472.04636566492,24042.21215566482
O4,H30,0.3,0.024999999999999998,2023-01-01,Steel Reinforcement Bars,2023-09-01,8,140.71,830.1,84.52666187549525,1712.3557018936385,0.0,70165.58202284861,35535.66170354773
O4,H30,0.3,0.024999999999999998,2023-01-01,Steel Reinforcement Bars,2023-10-01,9,162.59,827.4,77.53752677498855,2386.4772843290402,0.0,64154.54965362552,49364.2826263462
O4,H30,0.3,0.024999999999999998,2023-01-01,Steel Reinforcement Bars,2023-11-01,10,187.13,826.7,81.32205803972634,3120.5855286399374,0.0,67228.94538144176,64494.70141316591
O4,H30,0.3,0.024999999999999998,2023-01-01,Steel Reinforcement Bars,2023-12-01,11,122.5,819.7,0.0,3996.8612997258233,0.0,0.0,81905.68018463143
O4,H30,0.3,0.024999999999999998,2023-01-01,Steel Reinforcement Bars,2024-01-01,12,179.85,833.7,0.0,4897.109128851434,0.0,0.0,102067.99701808603
O4,H30,0.3,0.024999999999999998,2023-02-01,Cement,2023-03-01,1,427.87,118.2,442.8035756765871,0.0,427.87,52339.3826449726,0.0
O4,H30,0.3,0.024999999999999998,2023-02-01,Cement,2023-04-01,2,315.7,118.0,447.4545484863132,0.0,315.7,52799.63672138495,0.0
O4,H30,0.3,0.024999999999999998,2023-02-01,Cement,2023-05-01,3,398.82,117.2,406.0426043652846,43.98357567658712,0.0,47588.19323161136,128.87187673240027
O4,H30,0.3,0.024999999999999998,2023-02-01,Cement,2023-06-01,4,335.0,116.7,410.12716971515323,599.2416998394874,0.0,47861.84070575838,1748.2876592817045
O4,H30,0.3,0.024999999999999998,2023-02-01,Cement,2023-07-01,5,425.98,115.2,459.4144802199537,1469.5624283676723,0.0,52924.54812133867,4232.339793698896
O4,H30,0.3,0.024999999999999998,2023-02-01,Cement,2023-08-01,6,378.3,114.4,415.4261357126742,2797.6903266110103,0.0,47524.749925529926,8001.394334107489
O4,H30,0.3,0.024999999999999998,2023-02-01,Cement,2023-09-01,7,446.33,113.5,333.08475839594723,4517.202705074302,0.0,37805.12007794001,12817.56267564833
O4,H30,0.3,0.024999999999999998,2023-02-01,Cement,2023-10-01,8,335.47,113.2,475.1097693352392,6763.001219250268,0.0,53782.42588874908,19139.293450478257
O4,H30,0.3,0.024999999999999998,2023-02-01,Cement,2023-11-01,9,381.97,112.0,187.5602171652866,9295.384491822182,0.0,21006.7443225121,26027.076577102107
O4,H30,0.3,0.024999999999999998,2023-02-01,Cement,2023-12-01,10,467.38,111.7,0.0,12217.467533729336,0.0,0.0,34117.27808793917
O4,H30,0.3,0.024999999999999998,2023-02-01,Cement,2024-01-01,11,434.45,110.6,0.0,15360.040792801774,0.0,0.0,42470.5127920969
O4,H30,0.3,0.024999999999999998,2023-02-01,Cement,2024-02-01,12,367.77,110.6,0.0,18569.294051874214,0.0,0.0,51344.09805343219
O4,H30,0.3,0.024999999999999998,2023-02-01,Granite,2023-03-01,1,1561.4,18.3,1681.6310511457505,0.0,1561.4,30773.848235967234,0.0
O4,H30,0.3,0.024999999999999998,2023-02-01,Granite,2023-04-01,2,1395.2,18.6,1688.6859099285027,0.0,1395.2,31409.557924670153,0.0
O4,H30,0.3,0.024999999999999998,2023-02-01,Granite,2023-05-01,3,1844.9,18.3,1627.5632248386423,0.0,163.26894885424963,29784.407014547156,0.0
O4,H30,0.3,0.024999999999999998,2023-02-01,Granite,2023-06-01,4,1659.3,18.5,1600.0772463484027,1711.0169610742535,0.0,29601.42905744545,791.3453444968421
O4,H30,0.3,0.024999999999999998,2023-02-01,Granite,2023-07-01,5,1674.3,18.5,1540.7557748220659,5034.597146987149,0.0,28503.981834208218,2328.5011804815563
O4,H30,0.3,0.024999999999999998,2023-02-01,Granite,2023-08-01,6,1755.2,18.5,1650.3089870021006,9877.354579248447,0.0,30530.71625953886,4568.276492902407
O4,H30,0.3,0.024999999999999998,2023-02-01,Granite,2023-09-01,7,1729.4,18.6,1599.9948278700826,16286.667786331813,0.0,29759.90379838354,7573.300520644293
O4,H30,0.3,0.024999999999999998,2023-02-01,Granite,2023-10-01,8,1742.2,19.5,1640.4038734531257,24333.48998041728,0.0,31987.87553233595,11862.576365453422
O4,H30,0.3,0.024999999999999998,2023-02-01,Granite,2023-11-01,9,1621.1,20.3,152.94714995748473,34101.40700237283,0.0,3104.82714413694,17306.464053704207
O4,H30,0.3,0.024999999999999998,2023-02-01,Granite,2023-12-01,10,1531.7,21.2,0.0,45599.12789778151,0.0,0.0,24167.537785824195
O4,H30,0.3,0.024999999999999998,2023-02-01,Granite,2024-01-01,11,1664.5,22.3,0.0,57116.99594314767,0.0,0.0,31842.725238304825
O4,H30,0.3,0.024999999999999998,2023-02-01,Granite,2024-02-01,12,1201.2,22.2,0.0,69098.16398851383,0.0,0.0,38349.48101362517
O4,H30,0.3,0.024999999999999998,2023-02-01,Ready Mixed Concrete,2023-03-01,1,1070.7,116.8,1012.0865224126744,0.0,1070.7,118211.70581780036,0.0
O4,H30,0.3,0.024999999999999998,2023-02-01,Ready Mixed Concrete,2023-04-01,2,918.4,117.2,1001.6271433576363,0.0,918.4,117390.70120151498,0.0
O4,H30,0.3,0.024999999999999998,2023-02-01,Ready Mixed Concrete,2023-05-01,3,1041.6,117.6,1014.6130126792128,0.0,29.513477587325497,119318.49029107542,0.0
O4,H30,0.3,0.024999999999999998,2023-02-01,Ready Mixed Concrete,2023-06-01,4,1020.3,117.3,1053.571502458056,993.4136657703109,0.0,123583.93723832998,2913.1855748714365
O4,H30,0.3,0.024999999999999998,2023-02-01,Ready Mixed Concrete,2023-07-01,5,1046.0,116.3,950.0942235286283,2975.7403442198347,0.0,110495.95819637946,8651.965050819168
O4,H30,0.3,0.024999999999999998,2023-02-01,Ready Mixed Concrete,2023-08-01,6,1113.5,116.4,1071.9556997599157,5944.138525127414,0.0,124775.6434520542,17297.443108120773
O4,H30,0.3,0.024999999999999998,2023-02-01,Ready Mixed Concrete,2023-09-01,7,1081.8,116.6,1056.9581175965943,9894.330929563623,0.0,123241.3165117629,28841.974659677955
O4,H30,0.3,0.024999999999999998,2023-02-01,Ready Mixed Concrete,2023-10-01,8,1101.2,116.4,899.1097815271335,14897.079033759746,0.0,104656.37856975834,43350.49998824086
O4,H30,0.3,0.024999999999999998,2023-02-01,Ready Mixed Concrete,2023-11-01,9,1070.0,115.4,25.772947800650172,20987.985255552463,0.0,2974.19817619503,60550.33746226885
O4,H30,0.3,0.024999999999999998,2023-02-01,Ready Mixed Concrete,2023-12-01,10,1101.6,115.4,167.5321863971178,27946.401258872316,0.0,19333.214310227395,80625.36763184663
O4,H30,0.3,0.024999999999999998,2023-02-01,Ready Mixed Concrete,2024-01-01,11,1071.7,118.1,17.9103712322368,34960.49020999282,0.0,2115.2148425271657,103220.8473450038
O4,H30,0.3,0.024999999999999998,2023-02-01,Ready Mixed Concrete,2024-02-01,12,874.95,118.0,0.0,42338.86134751044,0.0,0.0,124899.6409751558
O4,H30,0.3,0.024999999999999998,2023-02-01,Steel Reinforcement Bars,2023-03-01,1,57.1,946.6,127.33355169119262,0.0,57.1,120533.94003088294,0.0
O4,H30,0.3,0.024999999999999998,2023-02-01,Steel Reinforcement Bars,2023-04-01,2,67.2,940.1,118.13762288521502,0.0,67.2,111061.17927439064,0.0
O4,H30,0.3,0.024999999999999998,2023-02-01,Steel Reinforcement Bars,2023-05-01,3,152.2,922.8,122.63590890108657,0.0,24.866448308807364,113168.41673392268,0.0
O4,H30,0.3,0.024999999999999998,2023-02-01,Steel Reinforcement Bars,2023-06-01,4,135.08,885.5,93.74883409295533,110.39117457640762,0.0,83014.59258931194,2443.7846271852236
O4,H30,0.3,0.024999999999999998,2023-02-01,Steel Reinforcement Bars,2023-07-01,5,141.5,859.2,107.08208837960794,336.99825805390185,0.0,92004.93033575914,7238.7225829978115
O4,H30,0.3,0.024999999999999998,2023-02-01,Steel Reinforcement Bars,2023-08-01,6,173.95,832.6,103.03302535316146,624.9041756243514,0.0,85785.29690904224,13007.380415620873
O4,H30,0.3,0.024999999999999998,2023-02-01,Steel Reinforcement Bars,2023-09-01,7,140.71,830.1,63.49665456005164,1053.1321815744088,0.0,52708.57295029887,21855.125598122915
O4,H30,0.3,0.024999999999999998,2023-02-01,Steel Reinforcement Bars,2023-10-01,8,162.59,827.4,101.5550272684633,1562.513212877628,0.0,84026.62956192654,32320.58580837373
O4,H30,0.3,0.024999999999999998,2023-02-01,Steel Reinforcement Bars,2023-11-01,9,187.13,826.7,118.74555899623395,2110.8508987408986,0.0,98166.95362218661,43626.010949727526
O4,H30,0.3,0.024999999999999998,2023-02-01,Steel Reinforcement Bars,2023-12-01,10,122.5,819.7,0.0,2825.3736118726324,0.0,0.0,57898.96874129992
O4,H30,0.3,0.024999999999999998,2023-02-01,Steel Reinforcement Bars,2024-01-01,11,179.85,833.7,0.0,3601.2918840006005,0.0,0.0,75059.92609228252
O4,H30,0.3,0.024999999999999998,2023-02-01,Steel Reinforcement Bars,2024-02-01,12,60.8,829.6,0.0,4496.260156128568,0.0,0.0,93252.4356381065
O4,H30,0.3,0.024999999999999998,2023-03-01,Cement,2023-04-01,1,315.7,118.0,445.8880248446675,0.0,315.7,52614.786931670766,0.0
O4,H30,0.3,0.024999999999999998,2023-03-01,Cement,2023-05-01,2,398.82,117.2,419.6171346993985,0.0,398.82,49179.12818676951,0.0
O4,H30,0.3,0.024999999999999998,2023-03-01,Cement,2023-06-01,3,335.0,116.7,406.1521731907409,110.88802484466748,0.0,47397.95861135946,323.5158124843174
O4,H30,0.3,0.024999999999999998,2023-03-01,Cement,2023-07-01,4,425.98,115.2,402.5667613064795,550.4131843887334,0.0,46375.690902506445,1585.1899710395521
O4,H30,0.3,0.024999999999999998,2023-03-01,Cement,2023-08-01,5,378.3,114.4,354.6259073475232,1443.7705171235405,0.0,40569.20380055666,4129.183678973325
O4,H30,0.3,0.024999999999999998,2023-03-01,Cement,2023-09-01,6,446.33,113.5,369.2786005284834,2671.664611164827,0.0,41913.12115998287,7580.848334180197
O4,H30,0.3,0.024999999999999998,2023-03-01,Cement,2023-10-01,7,335.47,113.2,352.2344835113045,4365.044612553636,0.0,39872.94353347967,12353.07625352679
O4,H30,0.3,0.024999999999999998,2023-03-01,Cement,2023-11-01,8,381.97,112.0,334.3485013458089,6381.203214470929,0.0,37447.0321507306,17867.3690005186
O4,H30,0.3,0.024999999999999998,2023-03-01,Cement,2023-12-01,9,467.38,111.7,108.87913594378506,8664.186299899528,0.0,12161.799484920792,24194.74024246943
O4,H30,0.3,0.024999999999999998,2023-03-01,Cement,2024-01-01,10,434.45,110.6,47.72319901773977,11314.447886673934,0.0,5278.185811362018,31284.448406653424
O4,H30,0.3,0.024999999999999998,2023-03-01,Cement,2024-02-01,11,367.77,110.6,0.0,14140.268609392126,0.0,0.0,39097.842704969225
O4,H30,0.3,0.024999999999999998,2023-03-01,Cement,2024-03-01,12,318.63,110.8,0.0,17062.952531128056,0.0,0.0,47264.378511224706
O4,H30,0.3,0.024999999999999998,2023-03-01,Granite,2023-04-01,1,1395.2,18.6,1511.7663256798962,0.0,1395.2,28118.853657646072,0.0
O4,H30,0.3,0.024999999999999998,2023-03-01,Granite,2023-05-01,2,1844.9,18.3,1532.6598970366276,0.0,1844.9,28047.676115770286,0.0
O4,H30,0.3,0.024999999999999998,2023-03-01,Granite,2023-06-01,3,1659.3,18.5,1537.5495762267715,0.0,147.53367432010373,28444.667160195273,0.0
O4,H30,0.3,0.024999999999999998,2023-03-01,Granite,2023-07-01,4,1674.3,18.5,1510.7527144817818,1370.1262227165237,0.0,27948.925217912965,633.6833780063921
O4,H30,0.3,0.024999999999999998,2023-03-01,Granite,2023-08-01,5,1755.2,18.5,1496.3602030848654,4196.902021659818,0.0,27682.663757070008,1941.067185017666
O4,H30,0.3,0.024999999999999998,2023-03-01,Granite,2023-09-01,6,1729.4,18.6,1502.3292729400357,8560.230535084895,0.0,27943.324476684666,3980.5071988144764
O4,H30,0.3,0.024999999999999998,2023-03-01,Granite,2023-10-01,7,1742.2,19.5,1460.2350645839435,14407.119251594835,0.0,28474.5837593869,7023.470635152481
O4,H30,0.3,0.024999999999999998,2023-03-01,Granite,2023-11-01,8,1621.1,20.3,666.1908491425852,21877.437241044812,0.0,13523.67423759448,11102.79939983024
O4,H30,0.3,0.024999999999999998,2023-03-01,Granite,2023-12-01,9,1531.7,21.2,0.0,30897.390295078734,0.0,0.0,16375.616856391727
O4,H30,0.3,0.024999999999999998,2023-03-01,Granite,2024-01-01,10,1664.5,22.3,0.0,40450.73419825524,0.0,0.0,22551.284315527297
O4,H30,0.3,0.024999999999999998,2023-03-01,Granite,2024-02-01,11,1201.2,22.2,0.0,50467.37810143175,0.0,0.0,28009.394846294617
O4,H30,0.3,0.024999999999999998,2023-03-01,Granite,2024-03-01,12,1688.6,22.4,0.0,59996.62200460826,0.0,0.0,33598.10832258062
O4,H30,0.3,0.024999999999999998,2023-03-01,Ready Mixed Concrete,2023-04-01,1,918.4,117.2,511.13268119944365,0.0,918.4,59904.7502365748,0.0
O4,H30,0.3,0.024999999999999998,2023-03-01,Ready Mixed Concrete,2023-05-01,2,1041.6,117.6,928.9188497854692,0.0,1041.6,109240.85673477118,0.0
O4,H30,0.3,0.024999999999999998,2023-03-01,Ready Mixed Concrete,2023-06-01,3,1020.3,117.3,941.1190895701003,0.0,509.1673188005563,110393.26920657276,0.0
O4,H30,0.3,0.024999999999999998,2023-03-01,Ready Mixed Concrete,2023-07-01,4,1046.0,116.3,938.3805412449796,394.0515309849129,0.0,109133.65694679112,1145.7048263386341
O4,H30,0.3,0.024999999999999998,2023-03-01,Ready Mixed Concrete,2023-08-01,5,1113.5,116.4,940.4040259078704,1661.722151539926,0.0,109463.02861567611,4835.611460981184
O4,H30,0.3,0.024999999999999998,2023-03-01,Ready Mixed Concrete,2023-09-01,6,1081.8,116.6,957.4433801982726,3899.4733133399186,0.0,111637.89813111858,11366.964708385862
O4,H30,0.3,0.024999999999999998,2023-03-01,Ready Mixed Concrete,2023-10-01,7,1101.2,116.4,960.4854758427355,7058.228501047782,0.0,111800.50938809442,20539.444938049044
O4,H30,0.3,0.024999999999999998,2023-03-01,Ready Mixed Concrete,2023-11-01,8,1070.0,115.4,967.0093826681812,11205.627068953916,0.0,111592.88275990811,32328.234093932046
O4,H30,0.3,0.024999999999999998,2023-03-01,Ready Mixed Concrete,2023-12-01,9,1101.6,115.4,0.0,16281.911112702785,0.0,0.0,46973.31356014753
O4,H30,0.3,0.024999999999999998,2023-03-01,Ready Mixed Concrete,2024-01-01,10,1071.7,118.1,0.0,22355.104539119835,0.0,0.0,66003.44615175131
O4,H30,0.3,0.024999999999999998,2023-03-01,Ready Mixed Concrete,2024-02-01,11,874.95,118.0,0.0,28625.047965536887,0.0,0.0,84443.8914983338
O4,H30,0.3,0.024999999999999998,2023-03-01,Ready Mixed Concrete,2024-03-01,12,1112.0,118.0,0.0,34657.94139195394,0.0,0.0,102240.9271062641
O4,H30,0.3,0.024999999999999998,2023-03-01,Steel Reinforcement Bars,2023-04-01,1,67.2,940.1,45.08361354963952,0.0,67.2,42383.105098016116,0.0
O4,H30,0.3,0.024999999999999998,2023-03-01,Steel Reinforcement Bars,2023-05-01,2,152.2,922.8,72.3166249403517,0.0,152.2,66733.78149495655,0.0
O4,H30,0.3,0.024999999999999998,2023-03-01,Steel Reinforcement Bars,2023-06-01,3,135.08,885.5,74.27940494347276,0.0,89.99638645036049,65774.41307744512,0.0
O4,H30,0.3,0.024999999999999998,2023-03-01,Steel Reinforcement Bars,2023-07-01,4,141.5,859.2,83.2444669454577,0.0,24.099761510008776,71523.64599953726,0.0
O4,H30,0.3,0.024999999999999998,2023-03-01,Steel Reinforcement Bars,2023-08-01,5,173.95,832.6,87.03291009201398,17.72964343346399,0.0,72463.60094261084,369.04252806755295
O4,H30,0.3,0.024999999999999998,2023-03-01,Steel Reinforcement Bars,2023-09-01,6,140.71,830.1,92.20478251451242,151.94375381238567,0.0,76539.18996529675,3153.212750991533
O4,H30,0.3,0.024999999999999998,2023-03-01,Steel Reinforcement Bars,2023-10-01,7,162.59,827.4,93.12713477291551,351.3107742833213,0.0,77053.39131111029,7266.8633660505
O4,H30,0.3,0.024999999999999998,2023-03-01,Steel Reinforcement Bars,2023-11-01,8,187.13,826.7,91.44625725048788,618.3425772687693,0.0,75598.62086897832,12779.595215702291
O4,H30,0.3,0.024999999999999998,2023-03-01,Steel Reinforcement Bars,2023-12-01,9,122.5,819.7,60.21026408563348,1043.131515027133,0.0,49354.35347099377,21376.372571693522
O4,H30,0.3,0.024999999999999998,2023-03-01,Steel Reinforcement Bars,2024-01-01,10,179.85,833.7,0.0,1502.0167100359845,0.0,0.0,31305.78327892501
O4,H30,0.3,0.024999999999999998,2023-03-01,Steel Reinforcement Bars,2024-02-01,11,60.8,829.6,0.0,2140.1621691304695,0.0,0.0,44386.963387765936
O4,H30,0.3,0.024999999999999998,2023-03-01,Steel Reinforcement Bars,2024-03-01,12,91.23,821.7,0.0,2747.8776282249546,0.0,0.0,56448.27617781113
O4,H30,0.3,0.024999999999999998,2023-04-01,Cement,2023-05-01,1,398.82,117.2,52.875318767430024,0.0,398.82,6196.987359542799,0.0
O4,H30,0.3,0.024999999999999998,2023-04-01,Cement,2023-06-01,2,335.0,116.7,320.6808139275163,0.0,335.0,37423.45098534115,0.0
O4,H30,0.3,0.024999999999999998,2023-04-01,Cement,2023-07-01,3,425.98,115.2,337.5380447462072,0.0,373.10468123257,38884.38275476307,0.0
O4,H30,0.3,0.024999999999999998,2023-04-01,Cement,2023-08-01,4,378.3,114.4,341.93425469494696,0.0,4.743867305053698,39117.27873710194,0.0
O4,H30,0.3,0.024999999999999998,2023-04-01,Cement,2023-09-01,5,446.33,113.5,347.8753634391409,264.76417744115355,0.0,39483.853750342496,751.2683534892732
O4,H30,0.3,0.024999999999999998,2023-04-01,Cement,2023-10-01,6,335.47,113.2,359.9377368825536,982.3226095772541,0.0,40744.95181510507,2779.9729851036286
O4,H30,0.3,0.024999999999999998,2023-04-01,Cement,2023-11-01,7,381.97,112.0,367.5555747686416,2001.2564051524953,0.0,41166.224374087855,5603.517934426986
O4,H30,0.3,0.024999999999999998,2023-04-01,Cement,2023-12-01,8,467.38,111.7,386.30683985450486,3294.7179376102904,0.0,43150.47401174819,9200.499840776736
O4,H30,0.3,0.024999999999999998,2023-04-01,Cement,2024-01-01,9,434.45,110.6,209.4169301106126,4988.665044836727,0.0,23161.512470233753,13793.65884897355
O4,H30,0.3,0.024999999999999998,2023-04-01,Cement,2024-02-01,10,367.77,110.6,0.0,7135.598991917668,0.0,0.0,19729.93121265235
O4,H30,0.3,0.024999999999999998,2023-04-01,Cement,2024-03-01,11,318.63,110.8,0.0,9541.089869109222,0.0,0.0,26428.81893743254
O4,H30,0.3,0.024999999999999998,2023-04-01,Cement,2024-04-01,12,395.86,110.2,0.0,11869.350746300775,0.0,0.0,32700.061306058637
O4,H30,0.3,0.024999999999999998,2023-04-01,Granite,2023-05-01,1,1844.9,18.3,1481.9050577606804,0.0,1844.9,27118.862557020453,0.0
O4,H30,0.3,0.024999999999999998,2023-04-01,Granite,2023-06-01,2,1659.3,18.5,1510.6137273468885,0.0,1659.3,27946.35395591744,0.0
O4,H30,0.3,0.024999999999999998,2023-04-01,Granite,2023-07-01,3,1674.3,18.5,1523.5316146475693,0.0,192.39494223931956,28185.334870980034,0.0
O4,H30,0.3,0.024999999999999998,2023-04-01,Granite,2023-08-01,4,1755.2,18.5,1495.372034541669,1237.3187851075688,0.0,27664.382639020878,572.2599381122506
O4,H30,0.3,0.024999999999999998,2023-04-01,Granite,2023-09-01,5,1729.4,18.6,1484.1905288550706,4023.9691848627076,0.0,27605.943836704315,1871.145670961159
O4,H30,0.3,0.024999999999999998,2023-04-01,Granite,2023-10-01,6,1742.2,19.5,1443.4197714358086,8293.191619159516,0.0,28146.685542998268,4042.9309143402634
O4,H30,0.3,0.024999999999999998,2023-04-01,Granite,2023-11-01,7,1621.1,20.3,1459.20100877627,14167.704582311393,0.0,29621.780478158285,7190.110075523031
O4,H30,0.3,0.024999999999999998,2023-04-01,Granite,2023-12-01,8,1531.7,21.2,833.5492746613854,21575.03731689908,0.0,17671.24462282137,11434.769777956511
O4,H30,0.3,0.024999999999999998,2023-04-01,Granite,2024-01-01,9,1664.5,22.3,0.0,30308.77106026304,0.0,0.0,16897.139866096644
O4,H30,0.3,0.024999999999999998,2023-04-01,Granite,2024-02-01,10,1201.2,22.2,0.0,40339.35407828839,0.0,0.0,22388.341513450054
O4,H30,0.3,0.024999999999999998,2023-04-01,Granite,2024-03-01,11,1688.6,22.4,0.0,49882.53709631373,0.0,0.0,27934.220773935685
O4,H30,0.3,0.024999999999999998,2023-04-01,Granite,2024-04-01,12,1470.5,22.3,0.0,59643.820114339076,0.0,0.0,33251.42971374404
O4,H30,0.3,0.024999999999999998,2023-04-01,Ready Mixed Concrete,2023-05-01,1,1041.6,117.6,483.12042960601934,0.0,1041.6,56814.96252166787,0.0
O4,H30,0.3,0.024999999999999998,2023-04-01,Ready Mixed Concrete,2023-06-01,2,1020.3,117.3,891.1070787812457,0.0,1020.3,104526.86034104013,0.0
O4,H30,0.3,0.024999999999999998,2023-04-01,Ready Mixed Concrete,2023-07-01,3,1046.0,116.3,905.358479576664,0.0,562.8795703939807,105293.19117476602,0.0
O4,H30,0.3,0.024999999999999998,2023-04-01,Ready Mixed Concrete,2023-08-01,4,1113.5,116.4,899.5089703728011,260.72750838726506,0.0,104702.84415139405,758.7170494069412
O4,H30,0.3,0.024999999999999998,2023-04-01,Ready Mixed Concrete,2023-09-01,5,1081.8,116.6,903.2693764149872,1458.5134963511944,0.0,105321.2092899875,4251.566841863731
O4,H30,0.3,0.024999999999999998,2023-04-01,Ready Mixed Concrete,2023-10-01,6,1101.2,116.4,918.56030278976,3536.408454687925,0.0,106920.41924472808,10290.94860314186
O4,H30,0.3,0.024999999999999998,2023-04-01,Ready Mixed Concrete,2023-11-01,7,1070.0,115.4,911.9233794860696,6548.772789439642,0.0,105235.95799269243,18893.209497533368
O4,H30,0.3,0.024999999999999998,2023-04-01,Ready Mixed Concrete,2023-12-01,8,1101.6,115.4,909.5360667694162,10448.097426981118,0.0,104960.46210519063,30142.76107684052
O4,H30,0.3,0.024999999999999998,2023-04-01,Ready Mixed Concrete,2024-01-01,9,1071.7,118.1,0.0,15289.245444008662,0.0,0.0,45141.49717343557
O4,H30,0.3,0.024999999999999998,2023-04-01,Ready Mixed Concrete,2024-02-01,10,874.95,118.0,0.0,21236.679527805623,0.0,0.0,62648.204607026586
O4,H30,0.3,0.024999999999999998,2023-04-01,Ready Mixed Concrete,2024-03-01,11,1112.0,118.0,0.0,26947.063611602585,0.0,0.0,79493.83765422762
O4,H30,0.3,0.024999999999999998,2023-04-01,Ready Mixed Concrete,2024-04-01,12,1114.9,119.2,0.0,32654.547695399546,0.0,0.0,97310.55213229064
O4,H30,0.3,0.024999999999999998,2023-04-01,Steel Reinforcement Bars,2023-05-01,1,152.2,922.8,62.5624462097969,0.0,152.2,57732.62536240058,0.0
O4,H30,0.3,0.024999999999999998,2023-04-01,Steel Reinforcement Bars,2023-06-01,2,135.08,885.5,69.4621229710079,0.0,135.08,61508.70989082749,0.0
O4,H30,0.3,0.024999999999999998,2023-04-01,Steel Reinforcement Bars,2023-07-01,3,141.5,859.2,69.58339249768703,0.0,78.9375537902031,59786.0508340127,0.0
O4,H30,0.3,0.024999999999999998,2023-04-01,Steel Reinforcement Bars,2023-08-01,4,173.95,832.6,72.15225094997801,0.0,41.925430819195185,60073.96414095169,0.0
O4,H30,0.3,0.024999999999999998,2023-04-01,Steel Reinforcement Bars,2023-09-01,5,140.71,830.1,73.96690141935855,60.89796167849184,0.0,61399.924868209535,1263.7849497329019
O4,H30,0.3,0.024999999999999998,2023-04-01,Steel Reinforcement Bars,2023-10-01,6,162.59,827.4,76.42107731756802,172.06817430696165,0.0,63230.799372555775,3559.2301855395017
O4,H30,0.3,0.024999999999999998,2023-04-01,Steel Reinforcement Bars,2023-11-01,7,187.13,826.7,74.76215965046389,332.66528835479005,0.0,61805.877383038496,6875.359847072624
O4,H30,0.3,0.024999999999999998,2023-04-01,Steel Reinforcement Bars,2023-12-01,8,122.5,819.7,80.51455527347105,634.3134797201865,0.0,65997.78095766422,12998.66898316592
O4,H30,0.3,0.024999999999999998,2023-04-01,Steel Reinforcement Bars,2024-01-01,9,179.85,833.7,35.38329416465466,953.3738307360467,0.0,29499.05234507259,19870.694067116056
O4,H30,0.3,0.024999999999999998,2023-04-01,Steel Reinforcement Bars,2024-02-01,10,60.8,829.6,0.0,1471.9987370253782,0.0,0.0,30529.25380590634
O4,H30,0.3,0.024999999999999998,2023-04-01,Steel Reinforcement Bars,2024-03-01,11,91.23,821.7,0.0,1995.576937479364,0.0,0.0,40994.13923816984
O4,H30,0.3,0.024999999999999998,2023-04-01,Steel Reinforcement Bars,2024-04-01,12,111.96,819.4,0.0,2498.42513793335,0.0,0.0,51180.23895056467
O4,H30,0.3,0.024999999999999998,2023-05-01,Cement,2023-06-01,1,335.0,116.7,0.0,0.0,335.0,0.0,0.0
O4,H30,0.3,0.024999999999999998,2023-05-01,Cement,2023-07-01,2,425.98,115.2,329.54593304225375,0.0,425.98,37963.69148646764,0.0
O4,H30,0.3,0.024999999999999998,2023-05-01,Cement,2023-08-01,3,378.3,114.4,341.1468264621396,0.0,378.3,39027.19694726877,0.0
O4,H30,0.3,0.024999999999999998,2023-05-01,Cement,2023-09-01,4,446.33,113.5,339.66619840445003,0.0,116.78406695774623,38552.11351890508,0.0
O4,H30,0.3,0.024999999999999998,2023-05-01,Cement,2023-10-01,5,335.47,113.2,339.0765480038065,335.22275950439325,0.0,38383.4652340309,948.6804093974328
O4,H30,0.3,0.024999999999999998,2023-05-01,Cement,2023-11-01,6,381.97,112.0,345.03062682610744,963.6117174132366,0.0,38643.43020452403,2698.1128087570623
O4,H30,0.3,0.024999999999999998,2023-05-01,Cement,2023-12-01,7,467.38,111.7,335.23023216562126,1845.6672233258864,0.0,37445.21693289989,5154.025721137537
O4,H30,0.3,0.024999999999999998,2023-05-01,Cement,2024-01-01,8,434.45,110.6,338.34758462983825,3105.6833560646437,0.0,37421.242860060105,8587.21447951874
O4,H30,0.3,0.024999999999999998,2023-05-01,Cement,2024-02-01,9,367.77,110.6,229.81898527189773,4767.6097209690215,0.0,25417.97977107189,13182.440878479343
O4,H30,0.3,0.024999999999999998,2023-05-01,Cement,2024-03-01,10,318.63,110.8,0.0,6817.0236705032385,0.0,0.0,18883.15556729397
O4,H30,0.3,0.024999999999999998,2023-05-01,Cement,2024-04-01,11,395.86,110.2,0.0,9019.026605309353,0.0,0.0,24847.418297627268
O4,H30,0.3,0.024999999999999998,2023-05-01,Cement,2024-05-01,12,330.62,110.2,0.0,11286.269540115467,0.0,0.0,31093.67258301811
O4,H30,0.3,0.024999999999999998,2023-05-01,Granite,2023-06-01,1,1659.3,18.5,1523.1115584910335,0.0,1659.3,28177.56383208412,0.0
O4,H30,0.3,0.024999999999999998,2023-05-01,Granite,2023-07-01,2,1674.3,18.5,1475.2299105592656,0.0,1674.3,27291.753345346413,0.0
O4,H30,0.3,0.024999999999999998,2023-05-01,Granite,2023-08-01,3,1755.2,18.5,1483.7981604164934,0.0,232.08844150896653,27450.265967705127,0.0
O4,H30,0.3,0.024999999999999998,2023-05-01,Granite,2023-09-01,4,1729.4,18.6,1449.39651222523,1268.941469050299,0.0,26958.77512738928,590.0577831083891
O4,H30,0.3,0.024999999999999998,2023-05-01,Granite,2023-10-01,5,1742.2,19.5,1408.316153414011,4008.8810985170912,0.0,27462.164991573216,1954.3295355270818
O4,H30,0.3,0.024999999999999998,2023-05-01,Granite,2023-11-01,6,1621.1,20.3,1216.7332977871606,8319.317240209113,0.0,24699.68594507936,4222.0534994061245
O4,H30,0.3,0.024999999999999998,2023-05-01,Granite,2023-12-01,7,1531.7,21.2,662.5243720447656,14127.469535315146,0.0,14045.51668734903,7487.558853717026
O4,H30,0.3,0.024999999999999998,2023-05-01,Granite,2024-01-01,8,1664.5,22.3,1285.4751373639965,21019.55512820834,0.0,28666.095563217124,11718.40198397615
O4,H30,0.3,0.024999999999999998,2023-05-01,Granite,2024-02-01,9,1201.2,22.2,0.0,29037.4650931463,0.0,0.0,16115.793126696195
O4,H30,0.3,0.024999999999999998,2023-05-01,Granite,2024-03-01,10,1688.6,22.4,0.0,37853.45019544826,0.0,0.0,21197.932109451023
O4,H30,0.3,0.024999999999999998,2023-05-01,Granite,2024-04-01,11,1470.5,22.3,0.0,46887.53529775022,0.0,0.0,26139.800928495748
O4,H30,0.3,0.024999999999999998,2023-05-01,Granite,2024-05-01,12,1911.9,22.1,0.0,55480.220400052174,0.0,0.0,30652.821771028826
O4,H30,0.3,0.024999999999999998,2023-05-01,Ready Mixed Concrete,2023-06-01,1,1020.3,117.3,479.70913463888553,0.0,1020.3,56269.88149314127,0.0
O4,H30,0.3,0.024999999999999998,2023-05-01,Ready Mixed Concrete,2023-07-01,2,1046.0,116.3,903.682266181333,0.0,1046.0,105098.24755688902,0.0
O4,H30,0.3,0.024999999999999998,2023-05-01,Ready Mixed Concrete,2023-08-01,3,1113.5,116.4,941.8786364389264,0.0,633.7908653611145,109634.67328149104,0.0
O4,H30,0.3,0.024999999999999998,2023-05-01,Ready Mixed Concrete,2023-09-01,4,1081.8,116.6,935.9214111847508,301.5914008202187,0.0,109128.43654414194,879.1389333909375
O4,H30,0.3,0.024999999999999998,2023-05-01,Ready Mixed Concrete,2023-10-01,5,1101.2,116.4,930.1212082401404,1525.6614380793642,0.0,108266.10863915234,4439.674784810949
O4,H30,0.3,0.024999999999999998,2023-05-01,Ready Mixed Concrete,2023-11-01,6,1070.0,115.4,923.2242249666725,3716.85288652326,0.0,106540.07556115401,10723.120577619606
O4,H30,0.3,0.024999999999999998,2023-05-01,Ready Mixed Concrete,2023-12-01,7,1101.6,115.4,908.7885944091028,6806.565543207296,0.0,104874.20379481047,19636.94159215305
O4,H30,0.3,0.024999999999999998,2023-05-01,Ready Mixed Concrete,2024-01-01,8,1071.7,118.1,904.2848976062368,10849.402424858004,0.0,106796.04640729656,32032.860659393256
O4,H30,0.3,0.024999999999999998,2023-05-01,Ready Mixed Concrete,2024-02-01,9,874.95,118.0,0.0,15997.777900917816,0.0,0.0,47193.44480770755
O4,H30,0.3,0.024999999999999998,2023-05-01,Ready Mixed Concrete,2024-03-01,10,1112.0,118.0,0.0,21813.388274583864,0.0,0.0,64349.49541002239
O4,H30,0.3,0.024999999999999998,2023-05-01,Ready Mixed Concrete,2024-04-01,11,1114.9,119.2,0.0,27626.09864824991,0.0,0.0,82325.77397178473
O4,H30,0.3,0.024999999999999998,2023-05-01,Ready Mixed Concrete,2024-05-01,12,1151.8,120.4,0.0,33401.909021915955,0.0,0.0,100539.74615596702
O4,H30,0.3,0.024999999999999998,2023-05-01,Steel Reinforcement Bars,2023-06-01,1,135.08,885.5,59.80117884323143,0.0,135.08,52953.94386568143,0.0
O4,H30,0.3,0.024999999999999998,2023-05-01,Steel Reinforcement Bars,2023-07-01,2,141.5,859.2,67.73987531558394,0.0,141.5,58202.10087114973,0.0
O4,H30,0.3,0.024999999999999998,2023-05-01,Steel Reinforcement Bars,2023-08-01,3,173.95,832.6,74.14772548326144,0.0,114.14882115676855,61735.39623736348,0.0
O4,H30,0.3,0.024999999999999998,2023-05-01,Steel Reinforcement Bars,2023-09-01,4,140.71,830.1,77.26483858058145,0.0,13.168945841184637,64137.54250574067,0.0
O4,H30,0.3,0.024999999999999998,2023-05-01,Steel Reinforcement Bars,2023-10-01,5,162.59,827.4,71.43197395463001,39.098779642076806,0.0,59102.81525006087,808.7582568963587
O4,H30,0.3,0.024999999999999998,2023-05-01,Steel Reinforcement Bars,2023-11-01,6,187.13,826.7,87.4787255155733,130.9223978647351,0.0,72318.66238372446,2705.8386578694126
O4,H30,0.3,0.024999999999999998,2023-05-01,Steel Reinforcement Bars,2023-12-01,7,122.5,819.7,76.91480863378817,358.8079900420234,0.0,63047.068637116165,7352.872735936165
O4,H30,0.3,0.024999999999999998,2023-05-01,Steel Reinforcement Bars,2024-01-01,8,179.85,833.7,79.51431889727834,616.8223077348849,0.0,66291.08766466095,12856.11894896434
O4,H30,0.3,0.024999999999999998,2023-05-01,Steel Reinforcement Bars,2024-02-01,9,60.8,829.6,0.0,1070.8014340615348,0.0,0.0,22208.42174243623
O4,H30,0.3,0.024999999999999998,2023-05-01,Steel Reinforcement Bars,2024-03-01,10,91.23,821.7,0.0,1573.8648792854628,0.0,0.0,32331.119282721622
O4,H30,0.3,0.024999999999999998,2023-05-01,Steel Reinforcement Bars,2024-04-01,11,111.96,819.4,0.0,2056.198324509391,0.0,0.0,42121.22267757488
O4,H30,0.3,0.024999999999999998,2023-05-01,Steel Reinforcement Bars,2024-05-01,12,160.55,812.5,0.0,2489.9417697333192,0.0,0.0,50576.94219770805
O1,H40,0.4,0.03333333333333333,2022-07-01,Cement,2022-08-01,1,402.46,119.0,381.29974365234375,0.0,402.46,45374.669494628906,0.0
O1,H40,0.4,0.03333333333333333,2022-07-01,Cement,2022-09-01,2,346.61,118.6,372.5072021484375,0.0,346.61,44179.354174804685,0.0
O1,H40,0.4,0.03333333333333333,2022-07-01,Cement,2022-10-01,3,368.78,118.6,0.0,12.519743652343777,0.0,0.0,49.49471990559906
O1,H40,0.4,0.03333333333333333,2022-07-01,Cement,2022-11-01,4,296.3,118.4,0.0,470.026689453125,0.0,0.0,1855.0386677083334
O1,H40,0.4,0.03333333333333333,2022-07-01,Cement,2022-12-01,5,375.31,118.3,265.5937736002604,848.5236352539064,0.0,31419.743416910806,3346.011535017904
O1,H40,0.4,0.03333333333333333,2022-07-01,Cement,2023-01-01,6,440.73,118.5,349.6237487792969,1161.6005810546876,0.0,41430.41423034668,4588.3222951660155
O1,H40,0.4,0.03333333333333333,2022-07-01,Cement,2023-02-01,7,282.49,118.4,87.1346453857422,1898.5113004557295,0.0,10316.742013671877,7492.791265798613
O1,H40,0.4,0.03333333333333333,2022-07-01,Cement,2023-03-01,8,427.87,118.2,6.209340413411496,2839.665768636068,0.0,733.9440368652389,11188.283128426108
O1,H40,0.4,0.03333333333333333,2022-07-01,Cement,2023-04-01,9,315.7,118.0,271.80311401367186,3980.124882202149,0.0,32072.76745361328,15655.157869995119
O1,H40,0.4,0.03333333333333333,2022-07-01,Cement,2023-05-01,10,398.82,117.2,355.8330891927083,5043.673336181641,0.0,41703.63805338542,19703.95050001628
O1,H40,0.4,0.03333333333333333,2022-07-01,Cement,2023-06-01,11,335.0,116.7,93.3439857991537,6442.844904174805,0.0,10893.243142761237,25062.666677239995
O1,H40,0.4,0.03333333333333333,2022-07-01,Cement,2023-07-01,12,425.98,115.2,12.418680826822992,8106.869561360678,0.0,1430.6320312500088,31130.379115625
O1,H40,0.4,0.03333333333333333,2022-07-01,Granite,2022-08-01,1,1491.5,20.5,1639.560517883736,0.0,1491.5,33610.99061661659,0.0
O1,H40,0.4,0.03333333333333333,2022-07-01,Granite,2022-09-01,2,1550.1,20.8,1645.9296598792216,0.0,1550.1,34235.33692548781,0.0
O1,H40,0.4,0.03333333333333333,2022-07-01,Granite,2022-10-01,3,1554.5,20.4,12.738283990971013,85.06051788373611,0.0,259.86099341580865,57.84115216094055
O1,H40,0.4,0.03333333333333333,2022-07-01,Granite,2022-11-01,4,1531.9,20.5,0.0,1838.6506956466933,0.0,0.0,1256.4113086919072
O1,H40,0.4,0.03333333333333333,2022-07-01,Granite,2022-12-01,5,1692.1,19.3,1449.3451643451313,3444.779157400622,0.0,27972.361671861036,2216.1412579277335
O1,H40,0.4,0.03333333333333333,2022-07-01,Granite,2023-01-01,6,1309.6,19.0,1665.6110382112363,5433.40761915455,0.0,31646.60972601349,3441.1581587978817
O1,H40,0.4,0.03333333333333333,2022-07-01,Granite,2023-02-01,7,1455.1,18.5,227.8793335840155,8725.88124525361,0.0,4215.767671304287,5380.960101239726
O1,H40,0.4,0.03333333333333333,2022-07-01,Granite,2023-03-01,8,1561.4,18.3,23.22691943582072,13577.665909563906,0.0,425.05262567551915,8282.376204833983
O1,H40,0.4,0.03333333333333333,2022-07-01,Granite,2023-04-01,9,1395.2,18.6,1368.3610455697155,18823.529907458218,0.0,25451.51544759671,11670.588542624095
O1,H40,0.4,0.03333333333333333,2022-07-01,Granite,2023-05-01,10,1844.9,18.3,1688.837957647057,23642.92082478835,0.0,30905.734624941146,14422.181703120894
O1,H40,0.4,0.03333333333333333,2022-07-01,Granite,2023-06-01,11,1659.3,18.5,355.31729123107266,30016.272787688198,0.0,6573.369887774844,18510.034885741057
O1,H40,0.4,0.03333333333333333,2022-07-01,Granite,2023-07-01,12,1674.3,18.5,46.45383887164144,38063.4627082351,0.0,859.3960191253666,23472.468670078313
O1,H40,0.4,0.03333333333333333,2022-07-01,Ready Mixed Concrete,2022-08-01,1,982.6,118.3,992.7471923828124,0.0,982.6,117441.9928588867,0.0
O1,H40,0.4,0.03333333333333333,2022-07-01,Ready Mixed Concrete,2022-09-01,2,993.4,118.6,1010.033203125,0.0,993.4,119789.93789062499,0.0
O1,H40,0.4,0.03333333333333333,2022-07-01,Ready Mixed Concrete,2022-10-01,3,930.7,118.5,34.572021484375114,62.04719238281234,0.0,4096.784545898451,245.08640991210873
O1,H40,0.4,0.03333333333333333,2022-07-01,Ready Mixed Concrete,2022-11-01,4,959.9,118.2,0.0,1104.9275878906246,0.0,0.0,4353.414696289061
O1,H40,0.4,0.03333333333333333,2022-07-01,Ready Mixed Concrete,2022-12-01,5,992.6,118.0,877.5457600911459,2149.680004882812,0.0,103550.39969075522,8455.408019205728
O1,H40,0.4,0.03333333333333333,2022-07-01,Ready Mixed Concrete,2023-01-01,6,808.1,117.6,1022.7876586914062,3378.9324218749994,0.0,120279.82866210937,13245.415093749998
O1,H40,0.4,0.03333333333333333,2022-07-01,Ready Mixed Concrete,2023-02-01,7,897.3,118.1,144.89826049804685,5396.530598958333,0.0,17112.484564819333,21244.34212456597
O1,H40,0.4,0.03333333333333333,2022-07-01,Ready Mixed Concrete,2023-03-01,8,1070.7,116.8,0.0,8263.516434733072,0.0,0.0,32172.62398589409
O1,H40,0.4,0.03333333333333333,2022-07-01,Ready Mixed Concrete,2023-04-01,9,918.4,117.2,876.8584838867188,11427.70053100586,0.0,102767.81431152344,44644.21674112956
O1,H40,0.4,0.03333333333333333,2022-07-01,Ready Mixed Concrete,2023-05-01,10,1041.6,117.6,1021.413106282552,14468.684627278646,0.0,120118.18129882812,56717.243738932295
O1,H40,0.4,0.03333333333333333,2022-07-01,Ready Mixed Concrete,2023-06-01,11,1020.3,117.3,144.21098429361973,18407.827207438153,0.0,16915.948457641593,71974.60438108318
O1,H40,0.4,0.03333333333333333,2022-07-01,Ready Mixed Concrete,2023-07-01,12,1046.0,116.3,0.0,23342.68289388021,0.0,0.0,90491.80068527561
O1,H40,0.4,0.03333333333333333,2022-07-01,Steel Reinforcement Bars,2022-08-01,1,102.45,1106.3,74.30752563476562,0.0,102.45,82206.4156097412,0.0
O1,H40,0.4,0.03333333333333333,2022-07-01,Steel Reinforcement Bars,2022-09-01,2,174.43,1072.6,75.21612167358398,0.0,174.43,80676.81210708618,0.0
O1,H40,0.4,0.03333333333333333,2022-07-01,Steel Reinforcement Bars,2022-10-01,3,108.27,1040.5,1.8171920776367188,0.0,33.96247436523437,1890.7883567810059,0.0
O1,H40,0.4,0.03333333333333333,2022-07-01,Steel Reinforcement Bars,2022-11-01,4,51.21,1004.5,0.0,98.3136473083496,0.0,0.0,3291.8686240412394
O1,H40,0.4,0.03333333333333333,2022-07-01,Steel Reinforcement Bars,2022-12-01,5,70.5,952.3,44.25200108846028,179.15448669433593,0.0,42141.180636540725,5686.960589300536
O1,H40,0.4,0.03333333333333333,2022-07-01,Steel Reinforcement Bars,2023-01-01,6,79.16,922.6,67.05061340332031,251.33532608032223,0.0,61860.89592590332,7729.399061390177
O1,H40,0.4,0.03333333333333333,2022-07-01,Steel Reinforcement Bars,2023-02-01,7,100.49,942.1,27.018232065836592,346.4381665547688,0.0,25453.876429224656,10879.313223708257
O1,H40,0.4,0.03333333333333333,2022-07-01,Steel Reinforcement Bars,2023-03-01,8,57.1,946.6,8.439239501953125,551.9816204325357,0.0,7988.584112548829,17416.86006338128
O1,H40,0.4,0.03333333333333333,2022-07-01,Steel Reinforcement Bars,2023-04-01,9,67.2,940.1,42.7406271870931,774.4433063761392,0.0,40180.46361858622,24268.47174414028
O1,H40,0.4,0.03333333333333333,2022-07-01,Steel Reinforcement Bars,2023-05-01,10,152.2,922.8,75.48985290527342,920.3442318216958,0.0,69662.03626098631,28309.78857083536
O1,H40,0.4,0.03333333333333333,2022-07-01,Steel Reinforcement Bars,2023-06-01,11,135.08,885.5,45.408084971110014,1126.1057844543454,0.0,40208.85924191792,33238.8890711441
O1,H40,0.4,0.03333333333333333,2022-07-01,Steel Reinforcement Bars,2023-07-01,12,141.5,859.2,16.87847900390625,1400.9371899922685,0.0,14501.98916015625,40122.84112137857
O1,H40,0.4,0.03333333333333333,2022-08-01,Cement,2022-09-01,1,346.61,118.6,343.8117370605469,0.0,346.61,40776.07201538086,0.0
O1,H40,0.4,0.03333333333333333,2022-08-01,Cement,2022-10-01,2,368.78,118.6,352.2923278808594,0.0,368.78,41781.87008666992,0.0
O1,H40,0.4,0.03333333333333333,2022-08-01,Cement,2022-11-01,3,296.3,118.4,16.961181640625,47.511737060546864,0.0,2008.20390625,187.51298893229162
O1,H40,0.4,0.03333333333333333,2022-08-01,Cement,2022-12-01,4,375.31,118.3,0.0,368.30580200195317,0.0,0.0,1452.3525458943686
O1,H40,0.4,0.03333333333333333,2022-08-01,Cement,2023-01-01,5,440.73,118.5,303.5099532063802,640.6410485839845,0.0,35965.92945495605,2530.5321419067386
O1,H40,0.4,0.03333333333333333,2022-08-01,Cement,2023-02-01,6,282.49,118.4,337.06134033203125,1071.2162951660157,0.0,39908.0626953125,4227.733644921876
O1,H40,0.4,0.03333333333333333,2022-08-01,Cement,2023-03-01,7,427.87,118.2,29.617793375651047,1659.9214949544275,0.0,3500.823177001954,6540.090690120444
O1,H40,0.4,0.03333333333333333,2022-08-01,Cement,2023-04-01,8,315.7,118.0,0.0,2697.8580350748707,0.0,0.0,10611.574937961157
O1,H40,0.4,0.03333333333333333,2022-08-01,Cement,2023-05-01,9,398.82,117.2,274.28142537434894,3682.2923685709643,0.0,32145.783053873696,14385.488853217234
O1,H40,0.4,0.03333333333333333,2022-08-01,Cement,2023-06-01,10,335.0,116.7,321.32696533203125,4730.5467020670585,0.0,37498.85685424805,18401.826671040857
O1,H40,0.4,0.03333333333333333,2022-08-01,Cement,2023-07-01,11,425.98,115.2,43.11194620768231,5962.102460937502,0.0,4966.4962031250025,22894.473450000005
O1,H40,0.4,0.03333333333333333,2022-08-01,Cement,2023-08-01,12,378.3,114.4,0.0,7562.665185139976,0.0,0.0,28838.963239333774
O1,H40,0.4,0.03333333333333333,2022-08-01,Granite,2022-09-01,1,1550.1,20.8,1678.8336149886825,0.0,1550.1,34919.739191764595,0.0
O1,H40,0.4,0.03333333333333333,2022-08-01,Granite,2022-10-01,2,1554.5,20.4,1681.7070837957572,0.0,1554.5,34306.82450943344,0.0
O1,H40,0.4,0.03333333333333333,2022-08-01,Granite,2022-11-01,3,1531.9,20.5,5.746937614149147,146.9336149886824,0.0,117.8122210900575,100.40463690893297
O1,H40,0.4,0.03333333333333333,2022-08-01,Granite,2022-12-01,4,1692.1,19.3,0.0,1815.3743137731221,0.0,0.0,1167.8908085273752
O1,H40,0.4,0.03333333333333333,2022-08-01,Granite,2023-01-01,5,1309.6,19.0,1410.228975353399,3872.0619501717106,0.0,26794.35053171458,2452.3059017754167
O1,H40,0.4,0.03333333333333333,2022-08-01,Granite,2023-02-01,6,1455.1,18.5,1486.4846413265657,5783.249586570299,0.0,27499.965864541464,3566.3372450516845
O1,H40,0.4,0.03333333333333333,2022-08-01,Granite,2023-03-01,7,1561.4,18.3,105.6198359649527,8998.366198322286,0.0,1932.8429981586344,5489.003380976595
O1,H40,0.4,0.03333333333333333,2022-08-01,Granite,2023-04-01,8,1395.2,18.6,58.728339983571686,13866.16745140084,0.0,1092.3471236944335,8597.02381986852
O1,H40,0.4,0.03333333333333333,2022-08-01,Granite,2023-05-01,9,1844.9,18.3,1377.672674010405,18389.888540444343,0.0,25211.409934390413,11217.832009671049
O1,H40,0.4,0.03333333333333333,2022-08-01,Granite,2023-06-01,10,1659.3,18.5,1545.2129813101376,23157.93796947142,0.0,28586.440154237545,14280.728414507375
O1,H40,0.4,0.03333333333333333,2022-08-01,Granite,2023-07-01,11,1674.3,18.5,255.63281727509,29288.6600725089,0.0,4729.207119589165,18061.340378047156
O1,H40,0.4,0.03333333333333333,2022-08-01,Granite,2023-08-01,12,1755.2,18.5,117.45667996714336,36883.69515685653,0.0,2172.948579392152,22744.945346728193
O1,H40,0.4,0.03333333333333333,2022-08-01,Ready Mixed Concrete,2022-09-01,1,993.4,118.6,983.824951171875,0.0,993.4,116681.63920898437,0.0
O1,H40,0.4,0.03333333333333333,2022-08-01,Ready Mixed Concrete,2022-10-01,2,930.7,118.5,998.2011108398438,0.0,930.7,118286.83163452148,0.0
O1,H40,0.4,0.03333333333333333,2022-08-01,Ready Mixed Concrete,2022-11-01,3,959.9,118.2,28.752319335937383,23.924951171875023,0.0,3398.524145507799,94.26430761718758
O1,H40,0.4,0.03333333333333333,2022-08-01,Ready Mixed Concrete,2022-12-01,4,992.6,118.0,0.0,1013.3510131835936,0.0,0.0,3985.8473185221346
O1,H40,0.4,0.03333333333333333,2022-08-01,Ready Mixed Concrete,2023-01-01,5,808.1,117.6,927.8465372721356,2216.0293945312496,0.0,109114.75278320315,8686.835226562498
O1,H40,0.4,0.03333333333333333,2022-08-01,Ready Mixed Concrete,2023-02-01,6,897.3,118.1,972.8987426757812,3329.5077758789057,0.0,114899.34151000976,13107.162277709958
O1,H40,0.4,0.03333333333333333,2022-08-01,Ready Mixed Concrete,2023-03-01,7,1070.7,116.8,49.14275105794263,5197.432694498698,0.0,5739.873323567699,20235.337957248263
O1,H40,0.4,0.03333333333333333,2022-08-01,Ready Mixed Concrete,2023-04-01,8,918.4,117.2,8.18109130859375,8190.556355794271,0.0,958.8239013671875,31997.773496636288
O1,H40,0.4,0.03333333333333333,2022-08-01,Ready Mixed Concrete,2023-05-01,9,1041.6,117.6,881.528885904948,11109.622768147787,0.0,103667.79698242187,43549.72125113932
O1,H40,0.4,0.03333333333333333,2022-08-01,Ready Mixed Concrete,2023-06-01,10,1020.3,117.3,981.0798339843748,14058.170271809897,0.0,115080.66452636715,54967.44576277669
O1,H40,0.4,0.03333333333333333,2022-08-01,Ready Mixed Concrete,2023-07-01,11,1046.0,116.3,111.82258504231754,17862.546661376953,0.0,13004.96664042153,69247.13922393798
O1,H40,0.4,0.03333333333333333,2022-08-01,Ready Mixed Concrete,2023-08-01,12,1113.5,116.4,16.3621826171875,22580.502884928384,0.0,1904.5580566406252,87612.35119352213
O1,H40,0.4,0.03333333333333333,2022-08-01,Steel Reinforcement Bars,2022-09-01,1,174.43,1072.6,78.36917114257812,0.0,174.43,84058.7729675293,0.0
O1,H40,0.4,0.03333333333333333,2022-08-01,Steel Reinforcement Bars,2022-10-01,2,108.27,1040.5,77.11912536621094,0.0,108.27,80242.44994354248,0.0
O1,H40,0.4,0.03333333333333333,2022-08-01,Steel Reinforcement Bars,2022-11-01,3,51.21,1004.5,0.0,27.159171142578124,0.0,0.0,909.3795804239909
O1,H40,0.4,0.03333333333333333,2022-08-01,Steel Reinforcement Bars,2022-12-01,4,70.5,952.3,0.0,112.14746765136718,0.0,0.0,3559.9344481465655
O1,H40,0.4,0.03333333333333333,2022-08-01,Steel Reinforcement Bars,2023-01-01,5,79.16,922.6,36.27255594889324,188.47576416015622,0.0,33465.060118448906,5796.258000472004
O1,H40,0.4,0.03333333333333333,2022-08-01,Steel Reinforcement Bars,2023-02-01,6,100.49,942.1,67.14173889160156,243.4740606689453,0.0,63254.23220977783,7645.897085207112
O1,H40,0.4,0.03333333333333333,2022-08-01,Steel Reinforcement Bars,2023-03-01,7,57.1,946.6,32.32062438964843,378.13491312662757,0.0,30594.703047241204,11931.416958855521
O1,H40,0.4,0.03333333333333333,2022-08-01,Steel Reinforcement Bars,2023-04-01,8,67.2,940.1,2.902882893880204,569.8375044759114,0.0,2729.00020853678,17856.807931926807
O1,H40,0.4,0.03333333333333333,2022-08-01,Steel Reinforcement Bars,2023-05-01,9,152.2,922.8,39.175438842773445,708.8607202148437,0.0,36151.09496411133,21804.555753808592
O1,H40,0.4,0.03333333333333333,2022-08-01,Steel Reinforcement Bars,2023-06-01,10,135.08,885.5,70.04462178548178,867.9068188476562,0.0,62024.51259104411,25617.716269653316
O1,H40,0.4,0.03333333333333333,2022-08-01,Steel Reinforcement Bars,2023-07-01,11,141.5,859.2,35.22350728352863,1059.708356323242,0.0,30264.037458007802,30350.04732509765
O1,H40,0.4,0.03333333333333333,2022-08-01,Steel Reinforcement Bars,2023-08-01,12,173.95,832.6,5.805765787760407,1289.1045155843096,0.0,4833.880594889315,35776.94732251654
O1,H40,0.4,0.03333333333333333,2022-09-01,Cement,2022-10-01,1,368.78,118.6,360.6171875,0.0,368.78,42769.198437499996,0.0
O1,H40,0.4,0.03333333333333333,2022-09-01,Cement,2022-11-01,2,296.3,118.4,361.7671661376953,0.0,296.3,42833.23247070313,0.0
O1,H40,0.4,0.03333333333333333,2022-09-01,Cement,2022-12-01,3,375.31,118.3,2.299957275390625,0.0,14.692812500000002,272.08494567871094,0.0
O1,H40,0.4,0.03333333333333333,2022-09-01,Cement,2023-01-01,4,440.73,118.5,0.0,281.6543536376953,0.0,0.0,1112.5346968688964
O1,H40,0.4,0.03333333333333333,2022-09-01,Cement,2023-02-01,5,282.49,118.4,333.77699788411456,723.8486645507812,0.0,39519.196549479166,2856.78939609375
O1,H40,0.4,0.03333333333333333,2022-09-01,Cement,2023-03-01,6,427.87,118.2,322.6568603515625,1020.6629754638672,0.0,38138.04089355469,4021.4121233276364
O1,H40,0.4,0.03333333333333333,2022-09-01,Cement,2023-04-01,7,315.7,118.0,2.486053466796875,1763.4242842610677,0.0,293.35430908203125,6936.1355180935325
O1,H40,0.4,0.03333333333333333,2022-09-01,Cement,2023-05-01,8,398.82,117.2,9.13538411458336,2745.7224534098305,0.0,1070.6670182291698,10726.622384654405
O1,H40,0.4,0.03333333333333333,2022-09-01,Cement,2023-06-01,9,335.0,116.7,360.9893798828125,3794.32667602539,0.0,42127.46063232422,14759.930769738769
O1,H40,0.4,0.03333333333333333,2022-09-01,Cement,2023-07-01,10,425.98,115.2,367.94624023437495,4761.086282755534,0.0,42387.40687499999,18282.57132578125
O1,H40,0.4,0.03333333333333333,2022-09-01,Cement,2023-08-01,11,378.3,114.4,29.69843546549481,6136.5152693684895,0.0,3397.5010172526063,23400.57822719184
O1,H40,0.4,0.03333333333333333,2022-09-01,Cement,2023-09-01,12,446.33,113.5,36.347766113281295,7811.860496215821,0.0,4125.471453857427,29554.87221068319
O1,H40,0.4,0.03333333333333333,2022-09-01,Granite,2022-10-01,1,1554.5,20.4,1622.3443702513398,0.0,1554.5,33095.82515312733,0.0
O1,H40,0.4,0.03333333333333333,2022-09-01,Granite,2022-11-01,2,1531.9,20.5,1651.2009137510045,0.0,1531.9,33849.61873189559,0.0
O1,H40,0.4,0.03333333333333333,2022-09-01,Granite,2022-12-01,3,1692.1,19.3,57.71308699932956,0.0,69.75562974866011,1113.8625790870606,0.0
O1,H40,0.4,0.03333333333333333,2022-09-01,Granite,2023-01-01,4,1309.6,19.0,11.47793459050058,1963.9452840023446,0.0,218.080757219511,1243.8320132014849
O1,H40,0.4,0.03333333333333333,2022-09-01,Granite,2023-02-01,5,1455.1,18.5,1245.9862386820064,3840.1036550040194,0.0,23050.74541561712,2368.063920585812
O1,H40,0.4,0.03333333333333333,2022-09-01,Granite,2023-03-01,6,1561.4,18.3,1616.4436959326756,5621.4399605961935,0.0,29580.919635567963,3429.078375963678
O1,H40,0.4,0.03333333333333333,2022-09-01,Granite,2023-04-01,7,1395.2,18.6,379.2714133848449,8814.962504870375,0.0,7054.448288958116,5465.276753019632
O1,H40,0.4,0.03333333333333333,2022-09-01,Granite,2023-05-01,8,1844.9,18.3,6.149977677850757,13175.228745077233,0.0,112.54459150466886,8036.8895344971115
O1,H40,0.4,0.03333333333333333,2022-09-01,Granite,2023-06-01,9,1659.3,18.5,1240.6582817693566,18100.366398668935,0.0,22952.178212733095,11161.89261251251
O1,H40,0.4,0.03333333333333333,2022-09-01,Granite,2023-07-01,10,1674.3,18.5,1611.1157390200256,23016.65402993849,0.0,29805.641171870473,14193.60331846207
O1,H40,0.4,0.03333333333333333,2022-09-01,Granite,2023-08-01,11,1755.2,18.5,373.9434564721949,29092.699942977397,0.0,6917.953944735606,17940.498298169394
O1,H40,0.4,0.03333333333333333,2022-09-01,Granite,2023-09-01,12,1729.4,18.6,0.8220207652009321,36805.66159503633,0.0,15.289586232737339,22819.510188922523
O1,H40,0.4,0.03333333333333333,2022-09-01,Ready Mixed Concrete,2022-10-01,1,930.7,118.5,1029.2982177734375,0.0,930.7,121971.83880615234,0.0
O1,H40,0.4,0.03333333333333333,2022-09-01,Ready Mixed Concrete,2022-11-01,2,959.9,118.2,1025.5994873046875,0.0,959.9,121225.85939941407,0.0
O1,H40,0.4,0.03333333333333333,2022-09-01,Ready Mixed Concrete,2022-12-01,3,992.6,118.0,0.0,36.69821777343748,0.0,0.0,144.3463232421874
O1,H40,0.4,0.03333333333333333,2022-09-01,Ready Mixed Concrete,2023-01-01,4,808.1,117.6,0.0,1283.4959228515627,0.0,0.0,5031.304017578125
O1,H40,0.4,0.03333333333333333,2022-09-01,Ready Mixed Concrete,2023-02-01,5,897.3,118.1,758.4921142578125,2441.0936279296875,0.0,89577.91869384766,9609.771915283203
O1,H40,0.4,0.03333333333333333,2022-09-01,Ready Mixed Concrete,2023-03-01,6,1070.7,116.8,1008.0843505859376,3425.2913330078127,0.0,117744.25214843752,13335.800923177083
O1,H40,0.4,0.03333333333333333,2022-09-01,Ready Mixed Concrete,2023-04-01,7,918.4,117.2,251.03813883463545,5320.28115234375,0.0,29421.669871419275,20784.56503515625
O1,H40,0.4,0.03333333333333333,2022-09-01,Ready Mixed Concrete,2023-05-01,8,1041.6,117.6,2.891805013020757,8100.155322265624,0.0,340.076269531241,31752.608863281246
O1,H40,0.4,0.03333333333333333,2022-09-01,Ready Mixed Concrete,2023-06-01,9,1020.3,117.3,761.3839192708333,11152.367631022134,0.0,89310.33373046874,43605.75743729654
O1,H40,0.4,0.03333333333333333,2022-09-01,Ready Mixed Concrete,2023-07-01,10,1046.0,116.3,1010.9761555989584,14181.771744791666,0.0,117576.52689615886,54978.00179730902
O1,H40,0.4,0.03333333333333333,2022-09-01,Ready Mixed Concrete,2023-08-01,11,1113.5,116.4,253.92994384765632,17905.05977783203,0.0,29557.445463867196,69471.63193798828
O1,H40,0.4,0.03333333333333333,2022-09-01,Ready Mixed Concrete,2023-09-01,12,1081.8,116.6,5.783610026041515,22671.02396647135,0.0,674.3689290364406,88114.71314968531
O1,H40,0.4,0.03333333333333333,2022-09-01,Steel Reinforcement Bars,2022-10-01,1,108.27,1040.5,95.82665252685548,0.0,108.27,99707.63195419313,0.0
O1,H40,0.4,0.03333333333333333,2022-09-01,Steel Reinforcement Bars,2022-11-01,2,51.21,1004.5,85.01240921020508,0.0,51.21,85394.965051651,0.0
O1,H40,0.4,0.03333333333333333,2022-09-01,Steel Reinforcement Bars,2022-12-01,3,70.5,952.3,0.0,25.326652526855483,0.0,0.0,803.9523733774826
O1,H40,0.4,0.03333333333333333,2022-09-01,Steel Reinforcement Bars,2023-01-01,4,79.16,922.6,0.0,127.00571426391602,0.0,0.0,3905.849065996297
O1,H40,0.4,0.03333333333333333,2022-09-01,Steel Reinforcement Bars,2023-02-01,5,100.49,942.1,46.07542434692381,207.35477600097659,0.0,43407.657277236925,6511.631149017335
O1,H40,0.4,0.03333333333333333,2022-09-01,Steel Reinforcement Bars,2023-03-01,6,57.1,946.6,78.78264617919922,331.0938377380371,0.0,74575.65287322998,10447.114226760865
O1,H40,0.4,0.03333333333333333,2022-09-01,Steel Reinforcement Bars,2023-04-01,7,67.2,940.1,33.95130269368491,490.80832382202146,0.0,31917.619662333185,15380.29684083608
O1,H40,0.4,0.03333333333333333,2022-09-01,Steel Reinforcement Bars,2023-05-01,8,152.2,922.8,2.488161722819015,644.3054560852049,0.0,2296.075637817387,19818.8358291809
O1,H40,0.4,0.03333333333333333,2022-09-01,Steel Reinforcement Bars,2023-06-01,9,135.08,885.5,48.563586069742826,848.8738910420733,0.0,43003.05546475727,25055.927683925194
O1,H40,0.4,0.03333333333333333,2022-09-01,Steel Reinforcement Bars,2023-07-01,10,141.5,859.2,81.27080790201822,1049.510487721761,0.0,69827.87814941406,30057.980368351233
O1,H40,0.4,0.03333333333333333,2022-09-01,Steel Reinforcement Bars,2023-08-01,11,173.95,832.6,36.43946441650392,1266.2606704711911,0.0,30339.498073181163,35142.95447447713
O1,H40,0.4,0.03333333333333333,2022-09-01,Steel Reinforcement Bars,2023-09-01,12,140.71,830.1,4.97632344563803,1597.5216611226397,0.0,4130.846092224129,44203.42436326344
O1,H40,0.4,0.03333333333333333,2022-10-01,Cement,2022-11-01,1,296.3,118.4,367.7618408203125,0.0,296.3,43543.001953125,0.0
O1,H40,0.4,0.03333333333333333,2022-10-01,Cement,2022-12-01,2,375.31,118.3,364.2867126464844,0.0,375.31,43095.1181060791,0.0
O1,H40,0.4,0.03333333333333333,2022-10-01,Cement,2023-01-01,3,440.73,118.5,0.0,0.0,72.96815917968752,0.0,0.0
O1,H40,0.4,0.03333333333333333,2022-10-01,Cement,2023-02-01,4,282.49,118.4,0.0,449.55855346679687,0.0,0.0,1774.2577576822916
O1,H40,0.4,0.03333333333333333,2022-10-01,Cement,2023-03-01,5,427.87,118.2,260.9990026855469,753.7371069335937,0.0,30850.08211743164,2969.724201318359
O1,H40,0.4,0.03333333333333333,2022-10-01,Cement,2023-04-01,6,315.7,118.0,333.78778076171875,1170.0856604003905,0.0,39386.95812988281,4602.336930908202
O1,H40,0.4,0.03333333333333333,2022-10-01,Cement,2023-05-01,7,398.82,117.2,80.27908365885418,1764.3132165527343,0.0,9408.70860481771,6892.583632666016
O1,H40,0.4,0.03333333333333333,2022-10-01,Cement,2023-06-01,8,335.0,116.7,14.980611165364564,2756.148553466797,0.0,1748.2373229980446,10721.41787298584
O1,H40,0.4,0.03333333333333333,2022-10-01,Cement,2023-07-01,9,425.98,115.2,275.97961385091145,3737.2829740397133,0.0,31792.851515625,14351.166620312499
O1,H40,0.4,0.03333333333333333,2022-10-01,Cement,2023-08-01,10,378.3,114.4,348.76839192708337,4781.078005777995,0.0,39899.10403645834,18231.844128700086
O1,H40,0.4,0.03333333333333333,2022-10-01,Cement,2023-09-01,11,446.33,113.5,95.25969482421874,6032.822651367187,0.0,10811.975362548827,22824.179031005857
O1,H40,0.4,0.03333333333333333,2022-10-01,Cement,2023-10-01,12,335.47,113.2,29.96122233072913,7744.195688883463,0.0,3391.6103678385375,29221.431732720266
O1,H40,0.4,0.03333333333333333,2022-10-01,Granite,2022-11-01,1,1531.9,20.5,1529.9490702208238,0.0,1531.9,31363.955939526888,0.0
O1,H40,0.4,0.03333333333333333,2022-10-01,Granite,2022-12-01,2,1692.1,19.3,1498.675698173989,0.0,1692.1,28924.44097475799,0.0
O1,H40,0.4,0.03333333333333333,2022-10-01,Granite,2023-01-01,3,1309.6,19.0,0.0,220.34907022082393,0.0,0.0,139.55441113985515
O1,H40,0.4,0.03333333333333333,2022-10-01,Granite,2023-02-01,4,1455.1,18.5,0.0,1793.873838615637,0.0,0.0,1106.2222004796429
O1,H40,0.4,0.03333333333333333,2022-10-01,Granite,2023-03-01,5,1561.4,18.3,1321.95298456395,3261.0986070104495,0.0,24191.739617520285,1989.2701502763741
O1,H40,0.4,0.03333333333333333,2022-10-01,Granite,2023-04-01,6,1395.2,18.6,1645.1154663745674,4894.523375405263,0.0,30599.147674566957,3034.604492751263
O1,H40,0.4,0.03333333333333333,2022-10-01,Granite,2023-05-01,7,1844.9,18.3,323.8011098394843,7400.201128364026,0.0,5925.560310062563,4514.122688302055
O1,H40,0.4,0.03333333333333333,2022-10-01,Granite,2023-06-01,8,1659.3,18.5,1.2772560577338936,11736.594347697357,0.0,23.629237068077032,7237.566514413371
O1,H40,0.4,0.03333333333333333,2022-10-01,Granite,2023-07-01,9,1674.3,18.5,1323.2302406216838,16381.788676870172,0.0,24479.75945150115,10102.103017403273
O1,H40,0.4,0.03333333333333333,2022-10-01,Granite,2023-08-01,10,1755.2,18.5,1646.392722432301,20947.36026210072,0.0,30458.26536499757,12917.538828295445
O1,H40,0.4,0.03333333333333333,2022-10-01,Granite,2023-09-01,11,1729.4,18.6,325.0783658972182,26861.96208795295,0.0,6046.457605688259,16654.41649453083
O1,H40,0.4,0.03333333333333333,2022-10-01,Granite,2023-10-01,12,1742.2,19.5,2.5545121154677872,34410.15663623749,0.0,49.81298625162185,22366.601813554367
O1,H40,0.4,0.03333333333333333,2022-10-01,Ready Mixed Concrete,2022-11-01,1,959.9,118.2,1007.7864990234376,0.0,959.9,119120.36418457032,0.0
O1,H40,0.4,0.03333333333333333,2022-10-01,Ready Mixed Concrete,2022-12-01,2,992.6,118.0,1001.8561401367188,0.0,992.6,118219.02453613281,0.0
O1,H40,0.4,0.03333333333333333,2022-10-01,Ready Mixed Concrete,2023-01-01,3,808.1,117.6,0.0,199.6864990234376,0.0,0.0,782.7710761718754
O1,H40,0.4,0.03333333333333333,2022-10-01,Ready Mixed Concrete,2023-02-01,4,897.3,118.1,0.0,1312.029138183594,0.0,0.0,5165.021373982748
O1,H40,0.4,0.03333333333333333,2022-10-01,Ready Mixed Concrete,2023-03-01,5,1070.7,116.8,695.8506632486977,2250.9717773437505,0.0,81275.35746744789,8763.783453125001
O1,H40,0.4,0.03333333333333333,2022-10-01,Ready Mixed Concrete,2023-04-01,6,918.4,117.2,1002.1770629882812,3342.2144165039067,0.0,117455.15178222656,13056.917653808596
O1,H40,0.4,0.03333333333333333,2022-10-01,Ready Mixed Concrete,2023-05-01,7,1041.6,117.6,308.8036946614585,5006.107718912761,0.0,36315.31449218752,19623.942258138024
O1,H40,0.4,0.03333333333333333,2022-10-01,Ready Mixed Concrete,2023-06-01,8,1020.3,117.3,4.95458984375,7693.478084309895,0.0,581.1733886718749,30081.49930965169
O1,H40,0.4,0.03333333333333333,2022-10-01,Ready Mixed Concrete,2023-07-01,9,1046.0,116.3,700.8052530924477,10663.95214436849,0.0,81503.65093465167,41340.58781300185
O1,H40,0.4,0.03333333333333333,2022-10-01,Ready Mixed Concrete,2023-08-01,10,1113.5,116.4,1007.1316528320312,13571.880794270834,0.0,117230.12438964844,52658.89748177084
O1,H40,0.4,0.03333333333333333,2022-10-01,Ready Mixed Concrete,2023-09-01,11,1081.8,116.6,313.7582845052085,17212.314697265625,0.0,36584.21597330731,66898.52979003906
O1,H40,0.4,0.03333333333333333,2022-10-01,Ready Mixed Concrete,2023-10-01,12,1101.2,116.4,9.9091796875,21840.480253092446,0.0,1153.428515625,84741.0633819987
O1,H40,0.4,0.03333333333333333,2022-10-01,Steel Reinforcement Bars,2022-11-01,1,51.21,1004.5,102.97801971435548,0.0,51.21,103441.42080307008,0.0
O1,H40,0.4,0.03333333333333333,2022-10-01,Steel Reinforcement Bars,2022-12-01,2,70.5,952.3,96.21478271484376,0.0,70.5,91625.33757934571,0.0
O1,H40,0.4,0.03333333333333333,2022-10-01,Steel Reinforcement Bars,2023-01-01,3,79.16,922.6,0.0,23.818019714355486,0.0,0.0,732.4834996154791
O1,H40,0.4,0.03333333333333333,2022-10-01,Steel Reinforcement Bars,2023-02-01,4,100.49,942.1,0.0,122.52082214355472,0.0,0.0,3847.562218048097
O1,H40,0.4,0.03333333333333333,2022-10-01,Steel Reinforcement Bars,2023-03-01,5,57.1,946.6,81.80055338541663,264.61362457275396,0.0,77432.40383463539,8349.44190068563
O1,H40,0.4,0.03333333333333333,2022-10-01,Steel Reinforcement Bars,2023-04-01,6,67.2,940.1,107.2892608642578,396.60642700195325,0.0,100862.63413848876,12428.323400817875
O1,H40,0.4,0.03333333333333333,2022-10-01,Steel Reinforcement Bars,2023-05-01,7,152.2,922.8,22.34987665812176,525.3997828165691,0.0,20624.46618011476,16161.297319437665
O1,H40,0.4,0.03333333333333333,2022-10-01,Steel Reinforcement Bars,2023-06-01,8,135.08,885.5,0.0,778.6023994954427,0.0,0.0,22981.747491773815
O1,H40,0.4,0.03333333333333333,2022-10-01,Steel Reinforcement Bars,2023-07-01,9,141.5,859.2,75.52289174397785,1047.7348928324382,0.0,64889.26858642577,30007.12733072103
O1,H40,0.4,0.03333333333333333,2022-10-01,Steel Reinforcement Bars,2023-08-01,10,173.95,832.6,94.7339375813802,1284.4173861694337,0.0,78875.47643025716,35646.86385748902
O1,H40,0.4,0.03333333333333333,2022-10-01,Steel Reinforcement Bars,2023-09-01,11,140.71,830.1,16.072215016682946,1629.8627712504071,0.0,13341.545685348514,45098.30288049877
O1,H40,0.4,0.03333333333333333,2022-10-01,Steel Reinforcement Bars,2023-10-01,12,162.59,827.4,0.0,2048.1620939127606,0.0,0.0,56488.310550113936
O1,H40,0.4,0.03333333333333333,2022-11-01,Cement,2022-12-01,1,375.31,118.3,335.1029968261719,0.0,375.31,39642.68452453613,0.0
O1,H40,0.4,0.03333333333333333,2022-11-01,Cement,2023-01-01,2,440.73,118.5,334.489501953125,0.0,440.73,39637.00598144531,0.0
O1,H40,0.4,0.03333333333333333,2022-11-01,Cement,2023-02-01,3,282.49,118.4,0.0,52.612996826171866,0.0,0.0,207.64596080729163
O1,H40,0.4,0.03333333333333333,2022-11-01,Cement,2023-03-01,4,427.87,118.2,0.0,294.33549560546874,0.0,0.0,1159.6818526855468
O1,H40,0.4,0.03333333333333333,2022-11-01,Cement,2023-04-01,5,315.7,118.0,343.0290222167969,648.2279943847657,0.0,40477.42462158203,2549.6967779134116
O1,H40,0.4,0.03333333333333333,2022-11-01,Cement,2023-05-01,6,398.82,117.2,347.60552978515625,919.0004931640626,0.0,40739.36809082032,3590.2285932942714
O1,H40,0.4,0.03333333333333333,2022-11-01,Cement,2023-06-01,7,335.0,116.7,6.576944986979186,1596.6220141601564,0.0,767.529479980471,6210.8596350830085
O1,H40,0.4,0.03333333333333333,2022-11-01,Cement,2023-07-01,8,425.98,115.2,0.0,2530.869064941406,0.0,0.0,9718.537209375
O1,H40,0.4,0.03333333333333333,2022-11-01,Cement,2023-08-01,9,378.3,114.4,347.02989705403644,3519.373060709635,0.0,39700.22022298177,13420.54260483941
O1,H40,0.4,0.03333333333333333,2022-11-01,Cement,2023-09-01,10,446.33,113.5,355.60727945963544,4439.8470564778645,0.0,40361.426218668625,16797.421363674588
O1,H40,0.4,0.03333333333333333,2022-11-01,Cement,2023-10-01,11,335.47,113.2,10.57781982421875,5818.21094930013,0.0,1197.4092041015626,21954.049315359156
O1,H40,0.4,0.03333333333333333,2022-11-01,Cement,2023-11-01,12,381.97,112.0,0.0,7505.68212158203,0.0,0.0,28021.213253906248
O1,H40,0.4,0.03333333333333333,2022-11-01,Granite,2022-12-01,1,1692.1,19.3,1529.7068308262917,0.0,1692.1,29523.34183494743,0.0
O1,H40,0.4,0.03333333333333333,2022-11-01,Granite,2023-01-01,2,1309.6,19.0,1477.661667456743,0.0,1309.6,28075.57168167812,0.0
O1,H40,0.4,0.03333333333333333,2022-11-01,Granite,2023-02-01,3,1455.1,18.5,0.0,74.6068308262918,0.0,0.0,46.007545676213276
O1,H40,0.4,0.03333333333333333,2022-11-01,Granite,2023-03-01,4,1561.4,18.3,0.0,1520.5753291093265,0.0,0.0,927.5509507566892
O1,H40,0.4,0.03333333333333333,2022-11-01,Granite,2023-04-01,5,1395.2,18.6,1510.877510520074,3132.743827392361,0.0,28102.32169567338,1942.3011729832638
O1,H40,0.4,0.03333333333333333,2022-11-01,Granite,2023-05-01,6,1844.9,18.3,1553.508013736514,4295.212325675395,0.0,28429.196651378206,2620.0795186619907
O1,H40,0.4,0.03333333333333333,2022-11-01,Granite,2023-06-01,7,1659.3,18.5,45.80994737415972,7154.158334478502,0.0,847.4840264219548,4411.73097292841
O1,H40,0.4,0.03333333333333333,2022-11-01,Granite,2023-07-01,8,1674.3,18.5,6.358888315439799,11551.612357018126,0.0,117.63943383563628,7123.494286827845
O1,H40,0.4,0.03333333333333333,2022-11-01,Granite,2023-08-01,9,1755.2,18.5,1517.236398835514,15913.976326931908,0.0,28068.873378457007,9813.618734941343
O1,H40,0.4,0.03333333333333333,2022-11-01,Granite,2023-09-01,10,1729.4,18.6,1559.8669020519535,20308.499185161127,0.0,29013.524378166338,12591.269494799899
O1,H40,0.4,0.03333333333333333,2022-11-01,Granite,2023-10-01,11,1742.2,19.5,52.16883568959929,26207.45844222586,0.0,1017.2922959471862,17034.84798744681
O1,H40,0.4,0.03333333333333333,2022-11-01,Granite,2023-11-01,12,1621.1,20.3,12.717776630879598,33787.38460134255,0.0,258.17086560685584,22862.796913575123
O1,H40,0.4,0.03333333333333333,2022-11-01,Ready Mixed Concrete,2022-12-01,1,992.6,118.0,983.8172607421876,0.0,992.6,116090.43676757814,0.0
O1,H40,0.4,0.03333333333333333,2022-11-01,Ready Mixed Concrete,2023-01-01,2,808.1,117.6,966.996063232422,0.0,808.1,113718.73703613282,0.0
O1,H40,0.4,0.03333333333333333,2022-11-01,Ready Mixed Concrete,2023-02-01,3,897.3,118.1,0.0,86.51726074218766,0.0,0.0,340.5896164550787
O1,H40,0.4,0.03333333333333333,2022-11-01,Ready Mixed Concrete,2023-03-01,4,1070.7,116.8,0.0,966.6305847167971,0.0,0.0,3763.4150764973965
O1,H40,0.4,0.03333333333333333,2022-11-01,Ready Mixed Concrete,2023-04-01,5,918.4,117.2,968.1434529622396,1999.0439086914066,0.0,113466.41268717448,7809.598203287762
O1,H40,0.4,0.03333333333333333,2022-11-01,Ready Mixed Concrete,2023-05-01,6,1041.6,117.6,977.1277465820312,2908.257232666016,0.0,114910.22299804687,11400.368352050782
O1,H40,0.4,0.03333333333333333,2022-11-01,Ready Mixed Concrete,2023-06-01,7,1020.3,117.3,17.112518310546875,4806.914009602865,0.0,2007.2983978271484,18795.0337775472
O1,H40,0.4,0.03333333333333333,2022-11-01,Ready Mixed Concrete,2023-07-01,8,1046.0,116.3,16.25644938151038,7656.998533121745,0.0,1890.625063069657,29683.63098006863
O1,H40,0.4,0.03333333333333333,2022-11-01,Ready Mixed Concrete,2023-08-01,9,1113.5,116.4,984.39990234375,10456.695574951173,0.0,114584.1486328125,40571.978830810556
O1,H40,0.4,0.03333333333333333,2022-11-01,Ready Mixed Concrete,2023-09-01,10,1081.8,116.6,993.3841959635416,13304.34906616211,0.0,115828.59724934895,51709.570037150064
O1,H40,0.4,0.03333333333333333,2022-11-01,Ready Mixed Concrete,2023-10-01,11,1101.2,116.4,33.368967692057254,17117.002459716798,0.0,3884.1478393554644,66413.96954370118
O1,H40,0.4,0.03333333333333333,2022-11-01,Ready Mixed Concrete,2023-11-01,12,1070.0,115.4,32.51289876302076,21954.240049235028,0.0,3751.9885172525956,84450.64338939074
O1,H40,0.4,0.03333333333333333,2022-11-01,Steel Reinforcement Bars,2022-12-01,1,70.5,952.3,92.50870513916016,0.0,70.5,88096.03990402221,0.0
O1,H40,0.4,0.03333333333333333,2022-11-01,Steel Reinforcement Bars,2023-01-01,2,79.16,922.6,85.3186264038086,0.0,79.16,78714.96472015382,0.0
O1,H40,0.4,0.03333333333333333,2022-11-01,Steel Reinforcement Bars,2023-02-01,3,100.49,942.1,0.0,0.0,7.981294860839839,0.0,0.0
O1,H40,0.4,0.03333333333333333,2022-11-01,Steel Reinforcement Bars,2023-03-01,4,57.1,946.6,0.0,120.72733154296876,0.0,0.0,3809.349734619141
O1,H40,0.4,0.03333333333333333,2022-11-01,Steel Reinforcement Bars,2023-04-01,5,67.2,940.1,59.04234212239583,231.3546630859375,0.0,55505.70582926432,7249.883958902994
O1,H40,0.4,0.03333333333333333,2022-11-01,Steel Reinforcement Bars,2023-05-01,6,152.2,922.8,91.82717895507812,256.98199462890625,0.0,84738.1207397461,7904.766154785156
O1,H40,0.4,0.03333333333333333,2022-11-01,Steel Reinforcement Bars,2023-06-01,7,135.08,885.5,32.54916229248048,358.77166829427085,0.0,28822.283209991467,10589.743742485894
O1,H40,0.4,0.03333333333333333,2022-11-01,Steel Reinforcement Bars,2023-07-01,8,141.5,859.2,0.0,545.9685209147135,0.0,0.0,15636.538438997395
O1,H40,0.4,0.03333333333333333,2022-11-01,Steel Reinforcement Bars,2023-08-01,9,173.95,832.6,58.570993041992175,733.2645358276368,0.0,48766.20880676268,20350.53508433635
O1,H40,0.4,0.03333333333333333,2022-11-01,Steel Reinforcement Bars,2023-09-01,10,140.71,830.1,90.88448079427084,953.8005507405601,0.0,75443.20750732423,26391.6612389913
O1,H40,0.4,0.03333333333333333,2022-11-01,Steel Reinforcement Bars,2023-10-01,11,162.59,827.4,32.077813212076855,1211.0275586954756,0.0,26541.18265167239,33400.140068821216
O1,H40,0.4,0.03333333333333333,2022-11-01,Steel Reinforcement Bars,2023-11-01,12,187.13,826.7,0.0,1534.5990474446617,0.0,0.0,42288.43441741673
O1,H40,0.4,0.03333333333333333,2022-12-01,Cement,2023-01-01,1,440.73,118.5,333.2225952148437,0.0,440.73,39486.87753295898,0.0
O1,H40,0.4,0.03333333333333333,2022-12-01,Cement,2023-02-01,2,282.49,118.4,333.2070770263672,0.0,282.49,39451.71791992187,0.0
O1,H40,0.4,0.03333333333333333,2022-12-01,Cement,2023-03-01,3,427.87,118.2,0.0,0.0,94.64740478515631,0.0,0.0
O1,H40,0.4,0.03333333333333333,2022-12-01,Cement,2023-04-01,4,315.7,118.0,0.0,350.72967224121095,0.0,0.0,1379.5367108154296
O1,H40,0.4,0.03333333333333333,2022-12-01,Cement,2023-05-01,5,398.82,117.2,304.8344451904297,618.3393444824219,0.0,35726.59697631836,2415.645705777995
O1,H40,0.4,0.03333333333333333,2022-12-01,Cement,2023-06-01,6,335.0,116.7,316.91650390625,949.7690167236328,0.0,36984.156005859375,3694.601475054932
O1,H40,0.4,0.03333333333333333,2022-12-01,Cement,2023-07-01,7,425.98,115.2,13.773719278971384,1495.0531341552735,0.0,1586.7324609375034,5741.00403515625
O1,H40,0.4,0.03333333333333333,2022-12-01,Cement,2023-08-01,8,378.3,114.4,3.3833211263020644,2404.933755493164,0.0,387.0519368489562,9170.8140542806
O1,H40,0.4,0.03333333333333333,2022-12-01,Cement,2023-09-01,9,446.33,113.5,308.21776631673174,3260.558096110026,0.0,34982.716476949056,12335.778130282932
O1,H40,0.4,0.03333333333333333,2022-12-01,Cement,2023-10-01,10,335.47,113.2,320.2998250325521,4230.42575785319,0.0,36257.9401936849,15962.80652629937
O1,H40,0.4,0.03333333333333333,2022-12-01,Cement,2023-11-01,11,381.97,112.0,17.15704040527345,5462.011185913086,0.0,1921.5885253906263,20391.508427408855
O1,H40,0.4,0.03333333333333333,2022-12-01,Cement,2023-12-01,12,467.38,111.7,6.766642252604129,6928.486439005534,0.0,755.8339396158811,25797.06450789727
O1,H40,0.4,0.03333333333333333,2022-12-01,Granite,2023-01-01,1,1309.6,19.0,1490.2450305894806,0.0,1309.6,28314.65558120013,0.0
O1,H40,0.4,0.03333333333333333,2022-12-01,Granite,2023-02-01,2,1455.1,18.5,1517.59865656118,0.0,1455.1,28075.57514638183,0.0
O1,H40,0.4,0.03333333333333333,2022-12-01,Granite,2023-03-01,3,1561.4,18.3,54.70725194339866,0.0,71.15496941051947,1001.1427105641956,0.0
O1,H40,0.4,0.03333333333333333,2022-12-01,Granite,2023-04-01,4,1395.2,18.6,13.238207444396268,1612.6436871506605,0.0,246.2306584657706,999.8390860334096
O1,H40,0.4,0.03333333333333333,2022-12-01,Granite,2023-05-01,5,1844.9,18.3,1339.6155369736946,2830.29462624472,0.0,24514.96432661861,1726.4797220092792
O1,H40,0.4,0.03333333333333333,2022-12-01,Granite,2023-06-01,6,1659.3,18.5,1489.3678195065738,4246.783772783175,0.0,27553.304660871614,2618.8499932162913
O1,H40,0.4,0.03333333333333333,2022-12-01,Granite,2023-07-01,7,1674.3,18.5,171.06308400564467,6987.8884562953235,0.0,3164.6670541044264,4309.197881382116
O1,H40,0.4,0.03333333333333333,2022-12-01,Granite,2023-08-01,8,1755.2,18.5,29.383395501134828,11137.460959314047,0.0,543.5928167709943,6868.100924910329
O1,H40,0.4,0.03333333333333333,2022-12-01,Granite,2023-09-01,9,1729.4,18.6,1355.7607250304332,15483.896546338417,0.0,25217.14948556606,9600.01585872982
O1,H40,0.4,0.03333333333333333,2022-12-01,Granite,2023-10-01,10,1742.2,19.5,1505.5130075633122,19846.91552886392,0.0,29357.503647484587,12900.495093761549
O1,H40,0.4,0.03333333333333333,2022-12-01,Granite,2023-11-01,11,1621.1,20.3,187.20827206238323,25686.795236419857,0.0,3800.3279228663796,17381.398109977436
O1,H40,0.4,0.03333333333333333,2022-12-01,Granite,2023-12-01,12,1531.7,21.2,45.52858355787339,33121.587951539106,0.0,965.2059714269159,23405.922152420968
O1,H40,0.4,0.03333333333333333,2022-12-01,Ready Mixed Concrete,2023-01-01,1,808.1,117.6,960.5742797851562,0.0,808.1,112963.53530273437,0.0
O1,H40,0.4,0.03333333333333333,2022-12-01,Ready Mixed Concrete,2023-02-01,2,897.3,118.1,977.5479736328124,0.0,897.3,115448.41568603514,0.0
O1,H40,0.4,0.03333333333333333,2022-12-01,Ready Mixed Concrete,2023-03-01,3,1070.7,116.8,33.9473876953125,0.0,110.1257202148438,3965.0548828124997,0.0
O1,H40,0.4,0.03333333333333333,2022-12-01,Ready Mixed Concrete,2023-04-01,4,918.4,117.2,19.27433268229163,1019.7222534179688,0.0,2258.9517903645788,3983.714936686198
O1,H40,0.4,0.03333333333333333,2022-12-01,Ready Mixed Concrete,2023-05-01,5,1041.6,117.6,906.0275838216146,1950.19189453125,0.0,106548.84385742187,7644.7522265625
O1,H40,0.4,0.03333333333333333,2022-12-01,Ready Mixed Concrete,2023-06-01,6,1020.3,117.3,982.1492513020834,2921.235868326823,0.0,115206.10717773438,11422.032245157878
O1,H40,0.4,0.03333333333333333,2022-12-01,Ready Mixed Concrete,2023-07-01,7,1046.0,116.3,102.0615275065104,4772.60742594401,0.0,11869.75564900716,18501.808121242946
O1,H40,0.4,0.03333333333333333,2022-12-01,Ready Mixed Concrete,2023-08-01,8,1113.5,116.4,32.60538736979163,7538.628234863281,0.0,3795.267089843746,29249.877551269532
O1,H40,0.4,0.03333333333333333,2022-12-01,Ready Mixed Concrete,2023-09-01,9,1081.8,116.6,919.3586385091146,10438.410571289063,0.0,107197.21725016275,40570.62242041015
O1,H40,0.4,0.03333333333333333,2022-12-01,Ready Mixed Concrete,2023-10-01,10,1101.2,116.4,995.4803059895834,13351.398295084635,0.0,115873.9076171875,51803.425384928385
O1,H40,0.4,0.03333333333333333,2022-12-01,Ready Mixed Concrete,2023-11-01,11,1070.0,115.4,115.3925821940104,17214.944657389322,0.0,13316.3039851888,66220.15378209093
O1,H40,0.4,0.03333333333333333,2022-12-01,Ready Mixed Concrete,2023-12-01,12,1101.6,115.4,45.93644205729163,22042.371325683594,0.0,5301.065413411454,84789.65503279623
O1,H40,0.4,0.03333333333333333,2022-12-01,Steel Reinforcement Bars,2023-01-01,1,79.16,922.6,75.59017181396484,0.0,79.16,69739.49251556396,0.0
O1,H40,0.4,0.03333333333333333,2022-12-01,Steel Reinforcement Bars,2023-02-01,2,100.49,942.1,80.58320236206055,0.0,100.49,75917.43494529724,0.0
O1,H40,0.4,0.03333333333333333,2022-12-01,Steel Reinforcement Bars,2023-03-01,3,57.1,946.6,9.986061096191406,18.490171813964842,0.0,9452.805433654785,583.4265546366373
O1,H40,0.4,0.03333333333333333,2022-12-01,Steel Reinforcement Bars,2023-04-01,4,67.2,940.1,0.0,107.46354598999024,0.0,0.0,3367.5493195063273
O1,H40,0.4,0.03333333333333333,2022-12-01,Steel Reinforcement Bars,2023-05-01,5,152.2,922.8,53.06657485961914,121.42298126220703,0.0,48969.83528045654,3734.970903625488
O1,H40,0.4,0.03333333333333333,2022-12-01,Steel Reinforcement Bars,2023-06-01,6,135.08,885.5,99.60089874267578,152.50241653442382,0.0,88196.5958366394,4501.3629947077425
O1,H40,0.4,0.03333333333333333,2022-12-01,Steel Reinforcement Bars,2023-07-01,7,141.5,859.2,46.64573084513347,230.2284266662598,0.0,40078.01194213868,6593.74213972168
O1,H40,0.4,0.03333333333333333,2022-12-01,Steel Reinforcement Bars,2023-08-01,8,173.95,832.6,0.2228139241536411,375.1053355407715,0.0,185.51487325032159,10410.423412374877
O1,H40,0.4,0.03333333333333333,2022-12-01,Steel Reinforcement Bars,2023-09-01,9,140.71,830.1,53.28938878377278,599.8679752604166,0.0,44235.521629409785,16598.34687545573
O1,H40,0.4,0.03333333333333333,2022-12-01,Steel Reinforcement Bars,2023-10-01,10,162.59,827.4,99.82371266682944,802.9734289042154,0.0,82594.13986053468,22146.00716917826
O1,H40,0.4,0.03333333333333333,2022-12-01,Steel Reinforcement Bars,2023-11-01,11,187.13,826.7,46.86854476928711,1034.8282713317872,0.0,38746.225960769654,28516.41773033295
O1,H40,0.4,0.03333333333333333,2022-12-01,Steel Reinforcement Bars,2023-12-01,12,122.5,819.7,0.4456278483072822,1431.1368264261882,0.0,365.28114725747923,39103.42855405155
O1,H40,0.4,0.03333333333333333,2023-01-01,Cement,2023-02-01,1,282.49,118.4,327.59600830078125,0.0,282.49,38787.3673828125,0.0
O1,H40,0.4,0.03333333333333333,2023-01-01,Cement,2023-03-01,2,427.87,118.2,332.3861389160156,0.0,427.87,39288.041619873045,0.0
O1,H40,0.4,0.03333333333333333,2023-01-01,Cement,2023-04-01,3,315.7,118.0,9.58026123046875,11.896008300781261,0.0,1130.4708251953125,46.79096598307296
O1,H40,0.4,0.03333333333333333,2023-01-01,Cement,2023-05-01,4,398.82,117.2,0.0,273.0581555175781,0.0,0.0,1066.747194222005
O1,H40,0.4,0.03333333333333333,2023-01-01,Cement,2023-06-01,5,335.0,116.7,324.65679931640625,607.6205639648438,0.0,37887.44848022461,2363.6439938232425
O1,H40,0.4,0.03333333333333333,2023-01-01,Cement,2023-07-01,6,425.98,115.2,332.7674560546875,851.2029724121094,0.0,38334.8109375,3268.6194140625
O1,H40,0.4,0.03333333333333333,2023-01-01,Cement,2023-08-01,7,378.3,114.4,4.064692179361998,1467.1221801757813,0.0,465.0007853190126,5594.62591373698
O1,H40,0.4,0.03333333333333333,2023-01-01,Cement,2023-09-01,8,446.33,113.5,0.0,2347.7788439941405,0.0,0.0,8882.429959777832
O1,H40,0.4,0.03333333333333333,2023-01-01,Cement,2023-10-01,9,335.47,113.2,316.5648701985677,3343.360199991862,0.0,35835.14330647786,12615.612487969292
O1,H40,0.4,0.03333333333333333,2023-01-01,Cement,2023-11-01,10,381.97,112.0,316.58359781901044,4292.441555989583,0.0,35457.36295572917,16025.115142361112
O1,H40,0.4,0.03333333333333333,2023-01-01,Cement,2023-12-01,11,467.38,111.7,0.0,5472.677782185872,0.0,0.0,20376.603609005397
O1,H40,0.4,0.03333333333333333,2023-01-01,Cement,2024-01-01,12,434.45,110.6,0.0,7002.427606201172,0.0,0.0,25815.61644152832
O1,H40,0.4,0.03333333333333333,2023-01-01,Granite,2023-02-01,1,1455.1,18.5,1442.9791976938332,0.0,1455.1,26695.115157335913,0.0
O1,H40,0.4,0.03333333333333333,2023-01-01,Granite,2023-03-01,2,1561.4,18.3,1495.7455196543422,0.0,1561.4,27372.143009674463,0.0
O1,H40,0.4,0.03333333333333333,2023-01-01,Granite,2023-04-01,3,1395.2,18.6,105.532643921018,47.77919769383311,0.0,1962.907176930935,29.623102570176528
O1,H40,0.4,0.03333333333333333,2023-01-01,Granite,2023-05-01,4,1844.9,18.3,41.4786815072116,1141.6039150420088,0.0,759.0598715819723,696.3783881756253
O1,H40,0.4,0.03333333333333333,2023-01-01,Granite,2023-06-01,5,1659.3,18.5,1515.9623121749044,2526.561276311202,0.0,28045.30277523573,1558.046120391908
O1,H40,0.4,0.03333333333333333,2023-01-01,Granite,2023-07-01,6,1674.3,18.5,1616.5078318292465,3937.997319087607,0.0,29905.39488884106,2428.4316801040245
O1,H40,0.4,0.03333333333333333,2023-01-01,Granite,2023-08-01,7,1755.2,18.5,116.78688392827551,6784.495674038918,0.0,2160.557352673097,4183.772332324
O1,H40,0.4,0.03333333333333333,2023-01-01,Granite,2023-09-01,8,1729.4,18.6,0.0,11273.301860819474,0.0,0.0,6989.447153708074
O1,H40,0.4,0.03333333333333333,2023-01-01,Granite,2023-10-01,9,1742.2,19.5,1465.4876777083475,15866.094931528303,0.0,28577.009715312775,10312.961705493397
O1,H40,0.4,0.03333333333333333,2023-01-01,Granite,2023-11-01,10,1621.1,20.3,1557.037244403345,20579.988002237136,0.0,31607.856061387905,13925.791881513795
O1,H40,0.4,0.03333333333333333,2023-01-01,Granite,2023-12-01,11,1531.7,21.2,66.31224946171915,26848.768750654315,0.0,1405.8196885884458,18973.12991712905
O1,H40,0.4,0.03333333333333333,2023-01-01,Granite,2024-01-01,12,1664.5,22.3,0.0,34541.78674347484,0.0,0.0,25676.0614793163
O1,H40,0.4,0.03333333333333333,2023-01-01,Ready Mixed Concrete,2023-02-01,1,897.3,118.1,902.0069580078124,0.0,897.3,106527.02174072264,0.0
O1,H40,0.4,0.03333333333333333,2023-01-01,Ready Mixed Concrete,2023-03-01,2,1070.7,116.8,960.3303527832032,0.0,1070.7,112166.58520507814,0.0
O1,H40,0.4,0.03333333333333333,2023-01-01,Ready Mixed Concrete,2023-04-01,3,918.4,117.2,116.64678955078136,0.0,16.39304199218759,13671.003735351576,0.0
O1,H40,0.4,0.03333333333333333,2023-01-01,Ready Mixed Concrete,2023-05-01,4,1041.6,117.6,51.61030069986976,820.7373107910157,0.0,6069.371362304683,3217.2902583007817
O1,H40,0.4,0.03333333333333333,2023-01-01,Ready Mixed Concrete,2023-06-01,5,1020.3,117.3,888.5807698567708,1779.4214111328126,0.0,104230.5243041992,6957.537717529297
O1,H40,0.4,0.03333333333333333,2023-01-01,Ready Mixed Concrete,2023-07-01,6,1046.0,116.3,946.9041646321616,2764.0158121744794,0.0,110124.95434672039,10715.167965196399
O1,H40,0.4,0.03333333333333333,2023-01-01,Ready Mixed Concrete,2023-08-01,7,1113.5,116.4,106.35451253255212,4569.690983072916,0.0,12379.665258789068,17730.401014322917
O1,H40,0.4,0.03333333333333333,2023-01-01,Ready Mixed Concrete,2023-09-01,8,1081.8,116.6,44.451934814453125,7353.970318603516,0.0,5183.095599365234,28582.431304972328
O1,H40,0.4,0.03333333333333333,2023-01-01,Ready Mixed Concrete,2023-10-01,9,1101.2,116.4,881.4224039713541,10225.204166666666,0.0,102597.56782226563,39673.792166666666
O1,H40,0.4,0.03333333333333333,2023-01-01,Ready Mixed Concrete,2023-11-01,10,1070.0,115.4,939.7457987467448,13172.089949544272,0.0,108446.66517537435,50668.63933924697
O1,H40,0.4,0.03333333333333333,2023-01-01,Ready Mixed Concrete,2023-12-01,11,1101.6,115.4,99.19614664713548,16968.798136393234,0.0,11447.235323079434,65273.310164659306
O1,H40,0.4,0.03333333333333333,2023-01-01,Ready Mixed Concrete,2024-01-01,12,1071.7,118.1,37.293568929036496,21735.152121988936,0.0,4404.37049051921,85564.04885356312
O1,H40,0.4,0.03333333333333333,2023-01-01,Steel Reinforcement Bars,2023-02-01,1,100.49,942.1,78.14418029785156,0.0,100.49,73619.63225860595,0.0
O1,H40,0.4,0.03333333333333333,2023-01-01,Steel Reinforcement Bars,2023-03-01,2,57.1,946.6,79.62079620361328,0.0,57.1,75369.04568634034,0.0
O1,H40,0.4,0.03333333333333333,2023-01-01,Steel Reinforcement Bars,2023-04-01,3,67.2,940.1,2.953231811523437,10.94418029785156,0.0,2776.3332260131833,342.954129933675
O1,H40,0.4,0.03333333333333333,2023-01-01,Steel Reinforcement Bars,2023-05-01,4,152.2,922.8,0.0,16.50915679931643,0.0,0.0,507.8216631469733
O1,H40,0.4,0.03333333333333333,2023-01-01,Steel Reinforcement Bars,2023-06-01,5,135.08,885.5,80.97065734863281,42.1473651123047,0.0,71699.51708221436,1244.0497268981935
O1,H40,0.4,0.03333333333333333,2023-01-01,Steel Reinforcement Bars,2023-07-01,6,141.5,859.2,85.33712768554688,61.36557342529298,0.0,73321.66010742188,1757.510022900391
O1,H40,0.4,0.03333333333333333,2023-01-01,Steel Reinforcement Bars,2023-08-01,7,173.95,832.6,5.861826578776046,129.10443908691406,0.0,4880.556809488937,3583.078532792155
O1,H40,0.4,0.03333333333333333,2023-01-01,Steel Reinforcement Bars,2023-09-01,8,140.71,830.1,2.990712483723968,315.42043243408204,0.0,2482.590432739266,8727.68336545105
O1,H40,0.4,0.03333333333333333,2023-01-01,Steel Reinforcement Bars,2023-10-01,9,162.59,827.4,83.96136983235677,485.718252360026,0.0,69469.63739929198,13396.109400089515
O1,H40,0.4,0.03333333333333333,2023-01-01,Steel Reinforcement Bars,2023-11-01,10,187.13,826.7,88.32784016927083,634.466784769694,0.0,73020.6254679362,17483.789698970202
O1,H40,0.4,0.03333333333333333,2023-01-01,Steel Reinforcement Bars,2023-12-01,11,122.5,819.7,8.852539062500014,931.8066870117186,0.0,7256.426269531262,25460.06471145019
O1,H40,0.4,0.03333333333333333,2023-01-01,Steel Reinforcement Bars,2024-01-01,12,179.85,833.7,5.981424967447936,1260.1244294230141,0.0,4986.713995361344,35018.85789366557
O1,H40,0.4,0.03333333333333333,2023-02-01,Cement,2023-03-01,1,427.87,118.2,359.5899353027344,0.0,427.87,42503.53035278321,0.0
O1,H40,0.4,0.03333333333333333,2023-02-01,Cement,2023-04-01,2,315.7,118.0,357.7567443847656,0.0,315.7,42215.295837402344,0.0
O1,H40,0.4,0.03333333333333333,2023-02-01,Cement,2023-05-01,3,398.82,117.2,0.0,0.0,39.23006469726562,0.0,0.0
O1,H40,0.4,0.03333333333333333,2023-02-01,Cement,2023-06-01,4,335.0,116.7,2.6547342936198106,382.3466796875,0.0,309.8074920654319,1487.328583984375
O1,H40,0.4,0.03333333333333333,2023-02-01,Cement,2023-07-01,5,425.98,115.2,342.1426595052083,673.713359375,0.0,39414.834375,2587.0593
O1,H40,0.4,0.03333333333333333,2023-02-01,Cement,2023-08-01,6,378.3,114.4,366.7325948079427,1015.4147733561199,0.0,41954.20884602865,3872.115002398004
O1,H40,0.4,0.03333333333333333,2023-02-01,Cement,2023-09-01,7,446.33,113.5,28.369425455729186,1631.228846842448,0.0,3219.9297892252625,6171.482470553929
O1,H40,0.4,0.03333333333333333,2023-02-01,Cement,2023-10-01,8,335.47,113.2,4.904246012369811,2724.635515136719,0.0,555.1606486002626,10280.95801044922
O1,H40,0.4,0.03333333333333333,2023-02-01,Cement,2023-11-01,9,381.97,112.0,313.12957641601565,3799.9116088867186,0.0,35070.51255859375,14186.336673177082
O1,H40,0.4,0.03333333333333333,2023-02-01,Cement,2023-12-01,10,467.38,111.7,368.9821065266927,4794.681948649089,0.0,41215.30129903158,17852.19912213677
O1,H40,0.4,0.03333333333333333,2023-02-01,Cement,2024-01-01,11,434.45,110.6,61.88153198242185,6135.511864827474,0.0,6844.097437255856,22619.587074997286
O1,H40,0.4,0.03333333333333333,2023-02-01,Cement,2024-02-01,12,367.77,110.6,7.153757731119811,7912.003887532552,0.0,791.205605061851,29168.92099870334
O1,H40,0.4,0.03333333333333333,2023-02-01,Granite,2023-03-01,1,1561.4,18.3,1627.3704926902583,0.0,1561.4,29780.880016231727,0.0
O1,H40,0.4,0.03333333333333333,2023-02-01,Granite,2023-04-01,2,1395.2,18.6,1554.2704860893868,0.0,1395.2,28909.431041262596,0.0
O1,H40,0.4,0.03333333333333333,2023-02-01,Granite,2023-05-01,3,1844.9,18.3,0.0,0.0,217.5295073097418,0.0,0.0
O1,H40,0.4,0.03333333333333333,2023-02-01,Granite,2023-06-01,4,1659.3,18.5,0.0,1522.3409787796452,0.0,0.0,938.7769369141146
O1,H40,0.4,0.03333333333333333,2023-02-01,Granite,2023-07-01,5,1674.3,18.5,1519.6736458802625,3029.68195755929,0.0,28113.962448784856,1868.303873828229
O1,H40,0.4,0.03333333333333333,2023-02-01,Granite,2023-08-01,6,1755.2,18.5,1538.9252290761358,4456.122936338935,0.0,28470.116737908513,2747.94247740901
O1,H40,0.4,0.03333333333333333,2023-02-01,Granite,2023-09-01,7,1729.4,18.6,1.3570632795206166,7428.037560998842,0.0,25.24137699908347,4605.3832878192825
O1,H40,0.4,0.03333333333333333,2023-02-01,Granite,2023-10-01,8,1742.2,19.5,0.0,11926.077414734886,0.0,0.0,7751.950319577676
O1,H40,0.4,0.03333333333333333,2023-02-01,Granite,2023-11-01,9,1621.1,20.3,1483.8846060475569,16546.574331750453,0.0,30122.857502765404,11196.515297817807
O1,H40,0.4,0.03333333333333333,2023-02-01,Granite,2023-12-01,10,1531.7,21.2,1467.3471494107248,21256.471248766018,0.0,31107.759567507364,15021.239682461319
O1,H40,0.4,0.03333333333333333,2023-02-01,Granite,2024-01-01,11,1664.5,22.3,0.0,27317.45277182914,0.0,0.0,20305.97322705966
O1,H40,0.4,0.03333333333333333,2023-02-01,Granite,2024-02-01,12,1201.2,22.2,0.0,35309.08144430299,0.0,0.0,26128.72026878421
O1,H40,0.4,0.03333333333333333,2023-02-01,Ready Mixed Concrete,2023-03-01,1,1070.7,116.8,947.95458984375,0.0,1070.7,110721.09609374999,0.0
O1,H40,0.4,0.03333333333333333,2023-02-01,Ready Mixed Concrete,2023-04-01,2,918.4,117.2,947.930908203125,0.0,918.4,111097.50244140625,0.0
O1,H40,0.4,0.03333333333333333,2023-02-01,Ready Mixed Concrete,2023-05-01,3,1041.6,117.6,0.0,0.0,93.64541015624991,0.0,0.0
O1,H40,0.4,0.03333333333333333,2023-02-01,Ready Mixed Concrete,2023-06-01,4,1020.3,117.3,6.087504069010379,875.585498046875,0.0,714.0642272949174,3423.539297363281
O1,H40,0.4,0.03333333333333333,2023-02-01,Ready Mixed Concrete,2023-07-01,5,1046.0,116.3,960.1295979817708,1725.4709960937498,0.0,111663.07224527994,6689.07589485677
O1,H40,0.4,0.03333333333333333,2023-02-01,Ready Mixed Concrete,2023-08-01,6,1113.5,116.4,960.153279622396,2513.943998209635,0.0,111761.84174804689,9754.102713053386
O1,H40,0.4,0.03333333333333333,2023-02-01,Ready Mixed Concrete,2023-09-01,7,1081.8,116.6,0.0,4294.246598307292,0.0,0.0,16690.305112087673
O1,H40,0.4,0.03333333333333333,2023-02-01,Ready Mixed Concrete,2023-10-01,8,1101.2,116.4,0.0,7015.302478027344,0.0,0.0,27219.373614746095
O1,H40,0.4,0.03333333333333333,2023-02-01,Ready Mixed Concrete,2023-11-01,9,1070.0,115.4,916.7461547851562,9767.558357747395,0.0,105792.50626220704,37572.541149468314
O1,H40,0.4,0.03333333333333333,2023-02-01,Ready Mixed Concrete,2023-12-01,10,1101.6,115.4,900.2479451497396,12488.214237467448,0.0,103888.61287027996,48037.99743345811
O1,H40,0.4,0.03333333333333333,2023-02-01,Ready Mixed Concrete,2024-01-01,11,1071.7,118.1,0.0,16155.516271972654,0.0,0.0,63598.882390665676
O1,H40,0.4,0.03333333333333333,2023-02-01,Ready Mixed Concrete,2024-02-01,12,874.95,118.0,0.0,20919.816251627602,0.0,0.0,82284.61058973524
O1,H40,0.4,0.03333333333333333,2023-02-01,Steel Reinforcement Bars,2023-03-01,1,57.1,946.6,94.18199157714844,0.0,57.1,89152.67322692872,0.0
O1,H40,0.4,0.03333333333333333,2023-02-01,Steel Reinforcement Bars,2023-04-01,2,67.2,940.1,89.59136199951172,0.0,67.2,84224.83941574096,0.0
O1,H40,0.4,0.03333333333333333,2023-02-01,Steel Reinforcement Bars,2023-05-01,3,152.2,922.8,0.0,0.0,58.01800842285155,0.0,0.0
O1,H40,0.4,0.03333333333333333,2023-02-01,Steel Reinforcement Bars,2023-06-01,4,135.08,885.5,0.0,48.693353576660144,0.0,0.0,1437.2654864044184
O1,H40,0.4,0.03333333333333333,2023-02-01,Steel Reinforcement Bars,2023-07-01,5,141.5,859.2,82.88786315917969,90.9667071533203,0.0,71217.25202636719,2605.2864928710933
O1,H40,0.4,0.03333333333333333,2023-02-01,Steel Reinforcement Bars,2023-08-01,6,173.95,832.6,81.83142852783203,100.79006072998044,0.0,68132.84739227295,2797.260152126057
O1,H40,0.4,0.03333333333333333,2023-02-01,Steel Reinforcement Bars,2023-09-01,7,140.71,830.1,0.0,226.74127746582027,0.0,0.0,6273.931147479248
O1,H40,0.4,0.03333333333333333,2023-02-01,Steel Reinforcement Bars,2023-10-01,8,162.59,827.4,0.3295949300130161,412.64392272949215,0.0,272.7068450927695,11380.719388879394
O1,H40,0.4,0.03333333333333333,2023-02-01,Steel Reinforcement Bars,2023-11-01,9,187.13,826.7,82.32582092285156,574.006567993164,0.0,68058.75615692139,15817.707658664958
O1,H40,0.4,0.03333333333333333,2023-02-01,Steel Reinforcement Bars,2023-12-01,10,122.5,819.7,82.16102345784506,800.3288081868488,0.0,67347.3909283956,21867.65080235867
O1,H40,0.4,0.03333333333333333,2023-02-01,Steel Reinforcement Bars,2024-01-01,11,179.85,833.7,0.3295949300130161,1051.6268693033853,0.0,274.7832931518515,29224.710697941082
O1,H40,0.4,0.03333333333333333,2023-02-01,Steel Reinforcement Bars,2024-02-01,12,60.8,829.6,0.6591898600260322,1504.1359538777667,0.0,546.8639078775964,41594.37291123317
O1,H40,0.4,0.03333333333333333,2023-03-01,Cement,2023-04-01,1,315.7,118.0,373.9446411132813,0.0,315.7,44125.467651367195,0.0
O1,H40,0.4,0.03333333333333333,2023-03-01,Cement,2023-05-01,2,398.82,117.2,371.9776306152344,0.0,398.82,43595.77830810547,0.0
O1,H40,0.4,0.03333333333333333,2023-03-01,Cement,2023-06-01,3,335.0,116.7,0.0,38.94464111328131,0.0,0.0,151.4946539306643
O1,H40,0.4,0.03333333333333333,2023-03-01,Cement,2023-07-01,4,425.98,115.2,0.0,358.88691284179686,0.0,0.0,1378.1257453125
O1,H40,0.4,0.03333333333333333,2023-03-01,Cement,2023-08-01,5,378.3,114.4,352.0916748046875,726.5091845703125,0.0,40279.28759765625,2770.421690494792
O1,H40,0.4,0.03333333333333333,2023-03-01,Cement,2023-09-01,6,446.33,113.5,343.1322021484375,1026.1014562988282,0.0,38945.504943847656,3882.083842997233
O1,H40,0.4,0.03333333333333333,2023-03-01,Cement,2023-10-01,7,335.47,113.2,0.0,1788.6454028320316,0.0,0.0,6749.155320019532
O1,H40,0.4,0.03333333333333333,2023-03-01,Cement,2023-11-01,8,381.97,112.0,0.0,2847.8215515136717,0.0,0.0,10631.86712565104
O1,H40,0.4,0.03333333333333333,2023-03-01,Cement,2023-12-01,9,467.38,111.7,345.7036437988281,3821.587700195312,0.0,38615.097012329104,14229.044870393878
O1,H40,0.4,0.03333333333333333,2023-03-01,Cement,2024-01-01,10,434.45,110.6,346.560791015625,4828.283848876953,0.0,38329.62348632812,17800.2731228597
O1,H40,0.4,0.03333333333333333,2023-03-01,Cement,2024-02-01,11,367.77,110.6,1.71429443359375,6247.363641357422,0.0,189.60096435546873,23031.947291137694
O1,H40,0.4,0.03333333333333333,2023-03-01,Cement,2024-03-01,12,318.63,110.8,1.71429443359375,8062.144224853516,0.0,189.9438232421875,29776.186003792318
O1,H40,0.4,0.03333333333333333,2023-03-01,Granite,2023-04-01,1,1395.2,18.6,1452.3836785823694,0.0,1395.2,27014.336421632073,0.0
O1,H40,0.4,0.03333333333333333,2023-03-01,Granite,2023-05-01,2,1844.9,18.3,1527.6060195264436,0.0,1844.9,27955.190157333916,0.0
O1,H40,0.4,0.03333333333333333,2023-03-01,Granite,2023-06-01,3,1659.3,18.5,150.44468188814812,0.0,206.91632141763057,2783.22661493074,0.0
O1,H40,0.4,0.03333333333333333,2023-03-01,Granite,2023-07-01,4,1674.3,18.5,52.21391346239375,1305.6896981088132,0.0,965.9573990542843,805.1753138337682
O1,H40,0.4,0.03333333333333333,2023-03-01,Granite,2023-08-01,5,1755.2,18.5,1406.3668236190092,2680.9240781057742,0.0,26017.78623695167,1653.2365148318943
O1,H40,0.4,0.03333333333333333,2023-03-01,Granite,2023-09-01,6,1729.4,18.6,1481.5891645630834,4134.17237156513,0.0,27557.55846087335,2563.1868703703803
O1,H40,0.4,0.03333333333333333,2023-03-01,Granite,2023-10-01,7,1742.2,19.5,113.31605014674052,6980.9874886434945,0.0,2209.66297786144,4537.641867618272
O1,H40,0.4,0.03333333333333333,2023-03-01,Granite,2023-11-01,8,1621.1,20.3,23.973504942939144,11430.491770284943,0.0,486.66215034166464,7734.632764559478
O1,H40,0.4,0.03333333333333333,2023-03-01,Granite,2023-12-01,9,1531.7,21.2,1378.1264150995546,16082.712102073132,0.0,29216.280000110557,11365.11655213168
O1,H40,0.4,0.03333333333333333,2023-03-01,Granite,2024-01-01,10,1664.5,22.3,1453.3487560436286,20626.10593880426,0.0,32409.677259772918,15332.072081177834
O1,H40,0.4,0.03333333333333333,2023-03-01,Granite,2024-02-01,11,1201.2,22.2,85.0756416272859,27010.926190634942,0.0,1888.6792441257471,19988.085381069857
O1,H40,0.4,0.03333333333333333,2023-03-01,Granite,2024-03-01,12,1688.6,22.4,0.0,34361.69519850925,0.0,0.0,25656.732414886905
O1,H40,0.4,0.03333333333333333,2023-03-01,Ready Mixed Concrete,2023-04-01,1,918.4,117.2,950.6583251953124,0.0,918.4,111417.15571289061,0.0
O1,H40,0.4,0.03333333333333333,2023-03-01,Ready Mixed Concrete,2023-05-01,2,1041.6,117.6,975.2839050292968,0.0,1041.6,114693.38723144529,0.0
O1,H40,0.4,0.03333333333333333,2023-03-01,Ready Mixed Concrete,2023-06-01,3,1020.3,117.3,49.251159667968864,0.0,69.64167480468757,5777.161029052748,0.0
O1,H40,0.4,0.03333333333333333,2023-03-01,Ready Mixed Concrete,2023-07-01,4,1046.0,116.3,24.40512084960937,879.9422302246091,0.0,2838.3155548095697,3411.242712504068
O1,H40,0.4,0.03333333333333333,2023-03-01,Ready Mixed Concrete,2023-08-01,5,1113.5,116.4,950.2174072265624,1741.6356201171875,0.0,110605.30620117187,6757.546206054688
O1,H40,0.4,0.03333333333333333,2023-03-01,Ready Mixed Concrete,2023-09-01,6,1081.8,116.6,974.8429870605468,2659.434130859375,0.0,113666.69229125975,10336.33398860677
O1,H40,0.4,0.03333333333333333,2023-03-01,Ready Mixed Concrete,2023-10-01,7,1101.2,116.4,48.68547566731786,4508.050048828125,0.0,5666.989367675799,17491.234189453127
O1,H40,0.4,0.03333333333333333,2023-03-01,Ready Mixed Concrete,2023-11-01,8,1070.0,115.4,23.714670817057254,7362.708953857422,0.0,2736.6730122884073,28321.88710917155
O1,H40,0.4,0.03333333333333333,2023-03-01,Ready Mixed Concrete,2023-12-01,9,1101.6,115.4,949.5269571940104,10234.453334554037,0.0,109575.4108601888,39368.53049358453
O1,H40,0.4,0.03333333333333333,2023-03-01,Ready Mixed Concrete,2024-01-01,10,1071.7,118.1,974.1525370279948,13159.812386067708,0.0,115047.41462300617,51805.79475981987
O1,H40,0.4,0.03333333333333333,2023-03-01,Ready Mixed Concrete,2024-02-01,11,874.95,118.0,47.99502563476574,17231.44839477539,0.0,5663.413024902357,67777.0303527832
O1,H40,0.4,0.03333333333333333,2023-03-01,Ready Mixed Concrete,2024-03-01,12,1112.0,118.0,0.0,22040.18694051107,0.0,0.0,86691.4019660102
O1,H40,0.4,0.03333333333333333,2023-03-01,Steel Reinforcement Bars,2023-04-01,1,67.2,940.1,91.67630767822266,0.0,67.2,86184.89684829712,0.0
O1,H40,0.4,0.03333333333333333,2023-03-01,Steel Reinforcement Bars,2023-05-01,2,152.2,922.8,92.16966247558594,0.0,152.2,85054.1645324707,0.0
O1,H40,0.4,0.03333333333333333,2023-03-01,Steel Reinforcement Bars,2023-06-01,3,135.08,885.5,0.9867095947265624,0.0,43.403692321777356,873.731346130371,0.0
O1,H40,0.4,0.03333333333333333,2023-03-01,Steel Reinforcement Bars,2023-07-01,4,141.5,859.2,0.0,42.345970153808594,0.0,0.0,1212.788585205078
O1,H40,0.4,0.03333333333333333,2023-03-01,Steel Reinforcement Bars,2023-08-01,5,173.95,832.6,90.0755386352539,53.22864990234376,0.0,74996.8934677124,1477.2724636230473
O1,H40,0.4,0.03333333333333333,2023-03-01,Steel Reinforcement Bars,2023-09-01,6,140.71,830.1,90.2618637084961,97.35132965087891,0.0,74926.37306442262,2693.7112914398194
O1,H40,0.4,0.03333333333333333,2023-03-01,Steel Reinforcement Bars,2023-10-01,7,162.59,827.4,0.3738187154134067,209.669548034668,0.0,309.29760513305274,5782.686134796143
O1,H40,0.4,0.03333333333333333,2023-03-01,Steel Reinforcement Bars,2023-11-01,8,187.13,826.7,0.3749872843424526,387.70963012695313,0.0,310.0019879659056,10683.985040865073
O1,H40,0.4,0.03333333333333333,2023-03-01,Steel Reinforcement Bars,2023-12-01,9,122.5,819.7,90.45052591959636,630.7535309346517,0.0,74142.29609629314,17234.288976904467
O1,H40,0.4,0.03333333333333333,2023-03-01,Steel Reinforcement Bars,2024-01-01,10,179.85,833.7,90.63685099283852,816.8224190266927,0.0,75563.94267272948,22699.49502475179
O1,H40,0.4,0.03333333333333333,2023-03-01,Steel Reinforcement Bars,2024-02-01,11,60.8,829.6,0.7488059997558594,1212.39183303833,0.0,621.2094573974609,33526.675489619956
O1,H40,0.4,0.03333333333333333,2023-03-01,Steel Reinforcement Bars,2024-03-01,12,91.23,821.7,0.0,1668.168098042806,0.0,0.0,45691.12420539246
O1,H40,0.4,0.03333333333333333,2023-04-01,Cement,2023-05-01,1,398.82,117.2,361.5361633300781,0.0,398.82,42372.03834228516,0.0
O1,H40,0.4,0.03333333333333333,2023-04-01,Cement,2023-06-01,2,335.0,116.7,360.2596740722656,0.0,335.0,42042.3039642334,0.0
O1,H40,0.4,0.03333333333333333,2023-04-01,Cement,2023-07-01,3,425.98,115.2,0.0,0.0,64.4438366699219,0.0,0.0
O1,H40,0.4,0.03333333333333333,2023-04-01,Cement,2023-08-01,4,378.3,114.4,0.0,343.49583740234374,0.0,0.0,1309.8641266276043
O1,H40,0.4,0.03333333333333333,2023-04-01,Cement,2023-09-01,5,446.33,113.5,346.94886271158856,618.9616748046876,0.0,39378.695917765304,2341.7383363444014
O1,H40,0.4,0.03333333333333333,2023-04-01,Cement,2023-10-01,6,335.47,113.2,340.93170166015625,1005.2875122070313,0.0,38593.46862792969,3793.284879394532
O1,H40,0.4,0.03333333333333333,2023-04-01,Cement,2023-11-01,7,381.97,112.0,0.1360829671223768,1692.0622123209635,0.0,15.241292317706202,6317.032259331597
O1,H40,0.4,0.03333333333333333,2023-04-01,Cement,2023-12-01,8,467.38,111.7,12.306488037109377,2634.358614095052,0.0,1374.6347137451173,9808.595239813909
O1,H40,0.4,0.03333333333333333,2023-04-01,Cement,2024-01-01,9,434.45,110.6,359.25535074869794,3609.721098836263,0.0,39733.64179280599,13307.838451043022
O1,H40,0.4,0.03333333333333333,2023-04-01,Cement,2024-02-01,10,367.77,110.6,353.2381896972656,4664.070071614584,0.0,39068.143780517574,17194.871664019098
O1,H40,0.4,0.03333333333333333,2023-04-01,Cement,2024-03-01,11,318.63,110.8,12.442571004231752,6126.814395141602,0.0,1378.6368672688782,22628.367832722986
O1,H40,0.4,0.03333333333333333,2023-04-01,Cement,2024-04-01,12,395.86,110.2,0.0,7865.566908365888,0.0,0.0,28892.849110064028
O1,H40,0.4,0.03333333333333333,2023-04-01,Granite,2023-05-01,1,1844.9,18.3,1412.216855681962,0.0,1844.9,25843.568458979906,0.0
O1,H40,0.4,0.03333333333333333,2023-04-01,Granite,2023-06-01,2,1659.3,18.5,1496.3421809793626,0.0,1659.3,27682.33034811821,0.0
O1,H40,0.4,0.03333333333333333,2023-04-01,Granite,2023-07-01,3,1674.3,18.5,168.25065059480153,0.0,262.08314431803797,3112.637036003828,0.0
O1,H40,0.4,0.03333333333333333,2023-04-01,Granite,2023-08-01,4,1755.2,18.5,56.03472977234037,1153.3590366613246,0.0,1036.6425007882967,711.2380726078169
O1,H40,0.4,0.03333333333333333,2023-04-01,Granite,2023-09-01,5,1729.4,18.6,1356.0356646318407,2500.7687239174506,0.0,25222.26336215224,1550.4766088288193
O1,H40,0.4,0.03333333333333333,2023-04-01,Granite,2023-10-01,6,1742.2,19.5,1440.1609899292414,3891.413140945918,0.0,28083.139303620206,2529.4185416148466
O1,H40,0.4,0.03333333333333333,2023-04-01,Granite,2023-11-01,7,1621.1,20.3,142.43122878778513,6759.193222606225,0.0,2891.353944392038,4573.720747296879
O1,H40,0.4,0.03333333333333333,2023-04-01,Granite,2023-12-01,8,1531.7,21.2,60.57707720842882,11156.534294195773,0.0,1284.2340368186908,7883.950901231679
O1,H40,0.4,0.03333333333333333,2023-04-01,Granite,2024-01-01,9,1664.5,22.3,1360.5780120679292,15563.506594573108,0.0,30340.889669114822,11568.873235299345
O1,H40,0.4,0.03333333333333333,2023-04-01,Granite,2024-02-01,10,1201.2,22.2,1444.7033373653296,20494.35597215887,0.0,32072.414089510316,15165.823419397564
O1,H40,0.4,0.03333333333333333,2023-04-01,Granite,2024-03-01,11,1688.6,22.4,146.97357622387358,26298.383361812565,0.0,3292.208107414768,19636.126243486713
O1,H40,0.4,0.03333333333333333,2023-04-01,Granite,2024-04-01,12,1470.5,22.3,65.11942464451727,33765.214088831584,0.0,1452.1631695727351,25098.809139364814
O1,H40,0.4,0.03333333333333333,2023-04-01,Ready Mixed Concrete,2023-05-01,1,1041.6,117.6,953.5484619140624,0.0,1041.6,112137.29912109373,0.0
O1,H40,0.4,0.03333333333333333,2023-04-01,Ready Mixed Concrete,2023-06-01,2,1020.3,117.3,946.4387512207032,0.0,1020.3,111017.26551818849,0.0
O1,H40,0.4,0.03333333333333333,2023-04-01,Ready Mixed Concrete,2023-07-01,3,1046.0,116.3,0.0,0.0,92.45153808593761,0.0,0.0
O1,H40,0.4,0.03333333333333333,2023-04-01,Ready Mixed Concrete,2023-08-01,4,1113.5,116.4,0.0,786.4872131347656,0.0,0.0,3051.570386962891
O1,H40,0.4,0.03333333333333333,2023-04-01,Ready Mixed Concrete,2023-09-01,5,1081.8,116.6,942.4807739257812,1604.6744262695313,0.0,109893.2582397461,6236.834603434244
O1,H40,0.4,0.03333333333333333,2023-04-01,Ready Mixed Concrete,2023-10-01,6,1101.2,116.4,944.056640625,2403.461639404297,0.0,109888.19296875001,9325.431160888673
O1,H40,0.4,0.03333333333333333,2023-04-01,Ready Mixed Concrete,2023-11-01,7,1070.0,115.4,0.0,4175.929626464844,0.0,0.0,16063.409296468099
O1,H40,0.4,0.03333333333333333,2023-04-01,Ready Mixed Concrete,2023-12-01,8,1101.6,115.4,0.0,6860.85425415039,0.0,0.0,26391.4193642985
O1,H40,0.4,0.03333333333333333,2023-04-01,Ready Mixed Concrete,2024-01-01,9,1071.7,118.1,933.939422607422,9575.678881835936,0.0,110298.24580993653,37696.25586482747
O1,H40,0.4,0.03333333333333333,2023-04-01,Ready Mixed Concrete,2024-02-01,10,874.95,118.0,930.5670166015624,12487.253509521483,0.0,109806.90795898436,49116.5304707845
O1,H40,0.4,0.03333333333333333,2023-04-01,Ready Mixed Concrete,2024-03-01,11,1112.0,118.0,0.0,16095.717559814453,0.0,0.0,63309.82240193684
O1,H40,0.4,0.03333333333333333,2023-04-01,Ready Mixed Concrete,2024-04-01,12,1114.9,119.2,0.0,20631.848626708983,0.0,0.0,81977.21187679036
O1,H40,0.4,0.03333333333333333,2023-04-01,Steel Reinforcement Bars,2023-05-01,1,152.2,922.8,79.23479461669922,0.0,152.2,73117.86847229004,0.0
O1,H40,0.4,0.03333333333333333,2023-04-01,Steel Reinforcement Bars,2023-06-01,2,135.08,885.5,81.7066650390625,0.0,135.08,72351.25189208984,0.0
O1,H40,0.4,0.03333333333333333,2023-04-01,Steel Reinforcement Bars,2023-07-01,3,141.5,859.2,4.9437408447265625,0.0,62.26520538330078,4247.662133789063,0.0
O1,H40,0.4,0.03333333333333333,2023-04-01,Steel Reinforcement Bars,2023-08-01,4,173.95,832.6,1.883583068847656,0.0,13.00854034423827,1568.2712631225584,0.0
O1,H40,0.4,0.03333333333333333,2023-04-01,Steel Reinforcement Bars,2023-09-01,5,140.71,830.1,78.05821990966797,25.175200500488273,0.0,64796.12834701538,696.5977978485106
O1,H40,0.4,0.03333333333333333,2023-04-01,Steel Reinforcement Bars,2023-10-01,6,162.59,827.4,80.53009033203125,30.353984069824207,0.0,66630.59674072266,837.1628806457516
O1,H40,0.4,0.03333333333333333,2023-04-01,Steel Reinforcement Bars,2023-11-01,7,187.13,826.7,3.969046274820968,89.05098754882812,0.0,3281.2105553944943,2453.9483802205405
O1,H40,0.4,0.03333333333333333,2023-04-01,Steel Reinforcement Bars,2023-12-01,8,122.5,819.7,1.1107686360677036,292.9080813598633,0.0,910.4970509846967,8003.225143022664
O1,H40,0.4,0.03333333333333333,2023-04-01,Steel Reinforcement Bars,2024-01-01,9,179.85,833.7,77.28540547688802,443.3842214457194,0.0,64432.84254608154,12321.647513976543
O1,H40,0.4,0.03333333333333333,2023-04-01,Steel Reinforcement Bars,2024-02-01,10,60.8,829.6,79.75727589925131,714.0211301676433,0.0,66166.63608601889,19745.06431956923
O1,H40,0.4,0.03333333333333333,2023-04-01,Steel Reinforcement Bars,2024-03-01,11,91.23,821.7,3.196231842041016,1031.5134443664551,0.0,2626.343704605103,28253.153241197208
O1,H40,0.4,0.03333333333333333,2023-04-01,Steel Reinforcement Bars,2024-04-01,12,111.96,819.4,0.3379542032877509,1408.033034464518,0.0,276.9196741739831,38458.075614674206
O1,H40,0.4,0.03333333333333333,2023-05-01,Cement,2023-06-01,1,335.0,116.7,366.6082763671875,0.0,335.0,42783.18585205078,0.0
O1,H40,0.4,0.03333333333333333,2023-05-01,Cement,2023-07-01,2,425.98,115.2,358.5407257080078,0.0,425.98,41303.8916015625,0.0
O1,H40,0.4,0.03333333333333333,2023-05-01,Cement,2023-08-01,3,378.3,114.4,0.0,0.0,11.691723632812511,0.0,0.0
O1,H40,0.4,0.03333333333333333,2023-05-01,Cement,2023-09-01,4,446.33,113.5,0.0,278.8190020751953,0.0,0.0,1054.8652245178223
O1,H40,0.4,0.03333333333333333,2023-05-01,Cement,2023-10-01,5,335.47,113.2,349.9842834472656,668.4980041503907,0.0,39618.22088623047,2522.465802327474
O1,H40,0.4,0.03333333333333333,2023-05-01,Cement,2023-11-01,6,381.97,112.0,349.7398376464844,1011.677006225586,0.0,39170.86181640625,3776.927489908854
O1,H40,0.4,0.03333333333333333,2023-05-01,Cement,2023-12-01,7,467.38,111.7,0.0,1619.4302917480468,0.0,0.0,6029.678786275227
O1,H40,0.4,0.03333333333333333,2023-05-01,Cement,2024-01-01,8,434.45,110.6,0.0,2609.8534149169923,0.0,0.0,9621.659589660645
O1,H40,0.4,0.03333333333333333,2023-05-01,Cement,2024-02-01,9,367.77,110.6,336.96990966796875,3666.9565380859376,0.0,37268.872009277344,13518.846437076823
O1,H40,0.4,0.03333333333333333,2023-05-01,Cement,2024-03-01,10,318.63,110.8,332.7132670084636,4773.199661254883,0.0,36864.629984537765,17629.017415568032
O1,H40,0.4,0.03333333333333333,2023-05-01,Cement,2024-04-01,11,395.86,110.2,0.0,6139.182694091797,0.0,0.0,22551.264429630533
O1,H40,0.4,0.03333333333333333,2023-05-01,Cement,2024-05-01,12,330.62,110.2,0.0,7903.118993937175,0.0,0.0,29030.790437729225
O1,H40,0.4,0.03333333333333333,2023-05-01,Granite,2023-06-01,1,1659.3,18.5,1508.7962935793453,0.0,1659.3,27912.731431217886,0.0
O1,H40,0.4,0.03333333333333333,2023-05-01,Granite,2023-07-01,2,1674.3,18.5,1515.9796661523417,0.0,1674.3,28045.62382381832,0.0
O1,H40,0.4,0.03333333333333333,2023-05-01,Granite,2023-08-01,3,1755.2,18.5,14.366745145992809,0.0,246.40370642065477,265.78478520086696,0.0
O1,H40,0.4,0.03333333333333333,2023-05-01,Granite,2023-09-01,4,1729.4,18.6,0.0,1295.375959731687,0.0,0.0,803.133095033646
O1,H40,0.4,0.03333333333333333,2023-05-01,Granite,2023-10-01,5,1742.2,19.5,1474.7994471081172,2592.3186646093673,0.0,28758.589218608286,1685.0071319960887
O1,H40,0.4,0.03333333333333333,2023-05-01,Granite,2023-11-01,6,1621.1,20.3,1472.1677690184958,4010.361369487048,0.0,29885.005711075468,2713.677860019569
O1,H40,0.4,0.03333333333333333,2023-05-01,Granite,2023-12-01,7,1531.7,21.2,0.0,6992.6035214728445,0.0,0.0,4941.4398218408105
O1,H40,0.4,0.03333333333333333,2023-05-01,Granite,2024-01-01,8,1664.5,22.3,0.0,11314.213442477138,0.0,0.0,8410.231992241339
O1,H40,0.4,0.03333333333333333,2023-05-01,Granite,2024-02-01,9,1201.2,22.2,1390.2878770695406,16099.12336348143,0.0,30864.3908709438,11913.351288976259
O1,H40,0.4,0.03333333333333333,2023-05-01,Granite,2024-03-01,10,1688.6,22.4,1362.9945797532223,20396.633284485724,0.0,30531.078586472177,15229.48618574934
O1,H40,0.4,0.03333333333333333,2023-05-01,Granite,2024-04-01,11,1470.5,22.3,0.0,26302.53108255956,0.0,0.0,19551.548104702608
O1,H40,0.4,0.03333333333333333,2023-05-01,Granite,2024-05-01,12,1911.9,22.1,0.0,33130.02346038661,0.0,0.0,24405.78394915147
O1,H40,0.4,0.03333333333333333,2023-05-01,Ready Mixed Concrete,2023-06-01,1,1020.3,117.3,1008.7596435546876,0.0,1020.3,118327.50618896485,0.0
O1,H40,0.4,0.03333333333333333,2023-05-01,Ready Mixed Concrete,2023-07-01,2,1046.0,116.3,981.2903747558594,0.0,1046.0,114124.07058410645,0.0
O1,H40,0.4,0.03333333333333333,2023-05-01,Ready Mixed Concrete,2023-08-01,3,1113.5,116.4,0.0,0.0,104.74035644531239,0.0,0.0
O1,H40,0.4,0.03333333333333333,2023-05-01,Ready Mixed Concrete,2023-09-01,4,1081.8,116.6,0.0,908.2500183105469,0.0,0.0,3530.065071166992
O1,H40,0.4,0.03333333333333333,2023-05-01,Ready Mixed Concrete,2023-10-01,5,1101.2,116.4,964.9572550455728,1797.1000366210935,0.0,112321.02448730468,6972.748142089844
O1,H40,0.4,0.03333333333333333,2023-05-01,Ready Mixed Concrete,2023-11-01,6,1070.0,115.4,970.5253295898438,2717.1500549316406,0.0,111998.62303466798,10451.970544637044
O1,H40,0.4,0.03333333333333333,2023-05-01,Ready Mixed Concrete,2023-12-01,7,1101.6,115.4,0.0,4570.557328287759,0.0,0.0,17581.41052281358
O1,H40,0.4,0.03333333333333333,2023-05-01,Ready Mixed Concrete,2024-01-01,8,1071.7,118.1,0.0,7424.389931233723,0.0,0.0,29227.34836262342
O1,H40,0.4,0.03333333333333333,2023-05-01,Ready Mixed Concrete,2024-02-01,9,874.95,118.0,949.9003295898438,10474.972534179686,0.0,112088.23889160156,41201.558634440094
O1,H40,0.4,0.03333333333333333,2023-05-01,Ready Mixed Concrete,2024-03-01,10,1112.0,118.0,943.0253295898438,13288.505137125649,0.0,111276.98889160156,52268.12020602755
O1,H40,0.4,0.03333333333333333,2023-05-01,Ready Mixed Concrete,2024-04-01,11,1114.9,119.2,0.0,17049.038069661452,0.0,0.0,67741.51126345483
O1,H40,0.4,0.03333333333333333,2023-05-01,Ready Mixed Concrete,2024-05-01,12,1151.8,120.4,0.0,21715.6963317871,0.0,0.0,87152.32794490557
O1,H40,0.4,0.03333333333333333,2023-05-01,Steel Reinforcement Bars,2023-06-01,1,135.08,885.5,78.85858917236328,0.0,135.08,69829.28071212769,0.0
O1,H40,0.4,0.03333333333333333,2023-05-01,Steel Reinforcement Bars,2023-07-01,2,141.5,859.2,73.97389221191406,0.0,141.5,63558.36818847657,0.0
O1,H40,0.4,0.03333333333333333,2023-05-01,Steel Reinforcement Bars,2023-08-01,3,173.95,832.6,0.0,0.0,95.09141082763671,0.0,0.0
O1,H40,0.4,0.03333333333333333,2023-05-01,Steel Reinforcement Bars,2023-09-01,4,140.71,830.1,0.0,12.122481384277336,0.0,0.0,335.4290599029539
O1,H40,0.4,0.03333333333333333,2023-05-01,Steel Reinforcement Bars,2023-10-01,5,162.59,827.4,75.55024973551433,2.364962768554676,0.0,62510.276631164554,65.22567315673797
O1,H40,0.4,0.03333333333333333,2023-05-01,Steel Reinforcement Bars,2023-11-01,6,187.13,826.7,78.78077697753906,0.0,31.932555847167976,65128.068327331544,0.0
O1,H40,0.4,0.03333333333333333,2023-05-01,Steel Reinforcement Bars,2023-12-01,7,122.5,819.7,3.2125256856282505,105.88273111979169,0.0,2633.307304509477,2893.069156629775
O1,H40,0.4,0.03333333333333333,2023-05-01,Steel Reinforcement Bars,2024-01-01,8,179.85,833.7,0.0,233.19623921712244,0.0,0.0,6480.523487843833
O1,H40,0.4,0.03333333333333333,2023-05-01,Steel Reinforcement Bars,2024-02-01,9,60.8,829.6,75.51424662272136,482.7722730000814,0.0,62646.61899820964,13350.26258936225
O1,H40,0.4,0.03333333333333333,2023-05-01,Steel Reinforcement Bars,2024-03-01,10,91.23,821.7,78.70877075195312,701.9183067830404,0.0,64674.99692687989,19225.542422787476
O1,H40,0.4,0.03333333333333333,2023-05-01,Steel Reinforcement Bars,2024-04-01,11,111.96,819.4,3.1765225728352817,975.8485871887208,0.0,2602.84259618123,26653.677744747925
O1,H40,0.4,0.03333333333333333,2023-05-01,Steel Reinforcement Bars,2024-05-01,12,160.55,812.5,0.0,1279.8976383463544,0.0,0.0,34663.89437188043
O2,H40,0.4,0.03333333333333333,2022-07-01,Cement,2022-08-01,1,402.46,119.0,0.0,0.0,402.46,0.0,0.0
O2,H40,0.4,0.03333333333333333,2022-07-01,Cement,2022-09-01,2,346.61,118.6,0.0,0.0,346.61,0.0,0.0
O2,H40,0.4,0.03333333333333333,2022-07-01,Cement,2022-10-01,3,368.78,118.6,0.0,0.0,368.78,0.0,0.0
O2,H40,0.4,0.03333333333333333,2022-07-01,Cement,2022-11-01,4,296.3,118.4,0.0,0.0,296.3,0.0,0.0
O2,H40,0.4,0.03333333333333333,2022-07-01,Cement,2022-12-01,5,375.31,118.3,0.0,0.0,375.31,0.0,0.0
O2,H40,0.4,0.03333333333333333,2022-07-01,Cement,2023-01-01,6,440.73,118.5,340.4296339942387,0.0,440.73,40340.911628317284,0.0
O2,H40,0.4,0.03333333333333333,2022-07-01,Cement,2023-02-01,7,282.49,118.4,358.93775939941406,0.0,282.49,42498.230712890625,0.0
O2,H40,0.4,0.03333333333333333,2022-07-01,Cement,2023-03-01,8,427.87,118.2,362.0424296061198,0.0,87.44036600576129,42793.415179443364,0.0
O2,H40,0.4,0.03333333333333333,2022-07-01,Cement,2023-04-01,9,315.7,118.0,365.1470998128256,383.66739339365273,0.0,43087.35777791342,1509.0917473483673
O2,H40,0.4,0.03333333333333333,2022-07-01,Cement,2023-05-01,10,398.82,117.2,368.2517700195313,1046.2572163934253,0.0,43159.10744628907,4087.378192043648
O2,H40,0.4,0.03333333333333333,2022-07-01,Cement,2023-06-01,11,335.0,116.7,0.0,2137.8141392060234,0.0,0.0,8316.09700151143
O2,H40,0.4,0.03333333333333333,2022-07-01,Cement,2023-07-01,12,425.98,115.2,0.0,3506.642832038153,0.0,0.0,13465.508475026507
O2,H40,0.4,0.03333333333333333,2022-07-01,Granite,2022-08-01,1,1491.5,20.5,1652.2988018747071,0.0,1491.5,33872.125438431496,0.0
O2,H40,0.4,0.03333333333333333,2022-07-01,Granite,2022-09-01,2,1550.1,20.8,1613.3504693806378,0.0,1550.1,33557.68976311727,0.0
O2,H40,0.4,0.03333333333333333,2022-07-01,Granite,2022-10-01,3,1554.5,20.4,0.0,97.79880187470712,0.0,0.0,66.50318527480084
O2,H40,0.4,0.03333333333333333,2022-07-01,Granite,2022-11-01,4,1531.9,20.5,0.0,1831.5480731300518,0.0,0.0,1251.5578499722021
O2,H40,0.4,0.03333333333333333,2022-07-01,Granite,2022-12-01,5,1692.1,19.3,0.0,3405.097344385397,0.0,0.0,2190.6126248879386
O2,H40,0.4,0.03333333333333333,2022-07-01,Granite,2023-01-01,6,1309.6,19.0,0.0,5361.146615640742,0.0,0.0,3395.39285657247
O2,H40,0.4,0.03333333333333333,2022-07-01,Granite,2023-02-01,7,1455.1,18.5,0.0,7171.695886896086,0.0,0.0,4422.545796919254
O2,H40,0.4,0.03333333333333333,2022-07-01,Granite,2023-03-01,8,1561.4,18.3,1712.0648770828775,8875.945158151431,0.0,31330.78725061666,5414.326546472373
O2,H40,0.4,0.03333333333333333,2022-07-01,Granite,2023-04-01,9,1395.2,18.6,1723.6783368007882,10746.394429406775,0.0,32060.417064494664,6662.764546232201
O2,H40,0.4,0.03333333333333333,2022-07-01,Granite,2023-05-01,10,1844.9,18.3,1735.2917965186984,13879.208577744997,0.0,31755.839876292182,8466.317232424448
O2,H40,0.4,0.03333333333333333,2022-07-01,Granite,2023-06-01,11,1659.3,18.5,0.0,18921.30106288401,0.0,0.0,11668.13565544514
O2,H40,0.4,0.03333333333333333,2022-07-01,Granite,2023-07-01,12,1674.3,18.5,0.0,25683.68534454172,0.0,0.0,15838.27262913406
O2,H40,0.4,0.03333333333333333,2022-07-01,Ready Mixed Concrete,2022-08-01,1,982.6,118.3,0.0,0.0,982.6,0.0,0.0
O2,H40,0.4,0.03333333333333333,2022-07-01,Ready Mixed Concrete,2022-09-01,2,993.4,118.6,0.0,0.0,993.4,0.0,0.0
O2,H40,0.4,0.03333333333333333,2022-07-01,Ready Mixed Concrete,2022-10-01,3,930.7,118.5,0.0,0.0,930.7,0.0,0.0
O2,H40,0.4,0.03333333333333333,2022-07-01,Ready Mixed Concrete,2022-11-01,4,959.9,118.2,0.0,0.0,959.9,0.0,0.0
O2,H40,0.4,0.03333333333333333,2022-07-01,Ready Mixed Concrete,2022-12-01,5,992.6,118.0,7.796117046810309,0.0,992.6,919.9418115236165,0.0
O2,H40,0.4,0.03333333333333333,2022-07-01,Ready Mixed Concrete,2023-01-01,6,808.1,117.6,1022.1003824869792,0.0,808.1,120199.00498046876,0.0
O2,H40,0.4,0.03333333333333333,2022-07-01,Ready Mixed Concrete,2023-02-01,7,897.3,118.1,1021.7567443847656,0.0,889.5038829531896,120669.47151184082,0.0
O2,H40,0.4,0.03333333333333333,2022-07-01,Ready Mixed Concrete,2023-03-01,8,1070.7,116.8,1021.413106282552,0.0,40.80350046621038,119301.05081380207,0.0
O2,H40,0.4,0.03333333333333333,2022-07-01,Ready Mixed Concrete,2023-04-01,9,918.4,117.2,1021.0694681803384,1133.2532439185552,0.0,119669.34167073567,4427.242672908489
O2,H40,0.4,0.03333333333333333,2022-07-01,Ready Mixed Concrete,2023-05-01,10,1041.6,117.6,1020.725830078125,3164.719594119663,0.0,120037.35761718749,12405.700808949077
O2,H40,0.4,0.03333333333333333,2022-07-01,Ready Mixed Concrete,2023-06-01,11,1020.3,117.3,0.0,6238.555412501109,0.0,0.0,24392.75166287933
O2,H40,0.4,0.03333333333333333,2022-07-01,Ready Mixed Concrete,2023-07-01,12,1046.0,116.3,0.0,10307.41706096068,0.0,0.0,39958.42013965757
O2,H40,0.4,0.03333333333333333,2022-07-01,Steel Reinforcement Bars,2022-08-01,1,102.45,1106.3,0.0,0.0,102.45,0.0,0.0
O2,H40,0.4,0.03333333333333333,2022-07-01,Steel Reinforcement Bars,2022-09-01,2,174.43,1072.6,0.0,0.0,174.43,0.0,0.0
O2,H40,0.4,0.03333333333333333,2022-07-01,Steel Reinforcement Bars,2022-10-01,3,108.27,1040.5,0.0,0.0,108.27,0.0,0.0
O2,H40,0.4,0.03333333333333333,2022-07-01,Steel Reinforcement Bars,2022-11-01,4,51.21,1004.5,0.0,0.0,51.21,0.0,0.0
O2,H40,0.4,0.03333333333333333,2022-07-01,Steel Reinforcement Bars,2022-12-01,5,70.5,952.3,0.0,0.0,70.5,0.0,0.0
O2,H40,0.4,0.03333333333333333,2022-07-01,Steel Reinforcement Bars,2023-01-01,6,79.16,922.6,44.47756948007816,0.0,79.16,41035.00560232011,0.0
O2,H40,0.4,0.03333333333333333,2022-07-01,Steel Reinforcement Bars,2023-02-01,7,100.49,942.1,79.70947265625,0.0,100.49,75094.29418945312,0.0
O2,H40,0.4,0.03333333333333333,2022-07-01,Steel Reinforcement Bars,2023-03-01,8,57.1,946.6,83.92909240722655,0.0,12.622430519921842,79447.27887268065,0.0
O2,H40,0.4,0.03333333333333333,2022-07-01,Steel Reinforcement Bars,2023-04-01,9,67.2,940.1,88.14871215820311,56.98704213632816,0.0,82868.60429992675,1785.7839437454033
O2,H40,0.4,0.03333333333333333,2022-07-01,Steel Reinforcement Bars,2023-05-01,10,152.2,922.8,92.36833190917967,112.9031766798829,0.0,85237.496685791,3472.901714673198
O2,H40,0.4,0.03333333333333333,2022-07-01,Steel Reinforcement Bars,2023-06-01,11,135.08,885.5,0.0,274.0880233816407,0.0,0.0,8090.164823481428
O2,H40,0.4,0.03333333333333333,2022-07-01,Steel Reinforcement Bars,2023-07-01,12,141.5,859.2,0.0,521.2212019925782,0.0,0.0,14927.775225067442
O2,H40,0.4,0.03333333333333333,2022-08-01,Cement,2022-09-01,1,346.61,118.6,0.0,0.0,346.61,0.0,0.0
O2,H40,0.4,0.03333333333333333,2022-08-01,Cement,2022-10-01,2,368.78,118.6,0.0,0.0,368.78,0.0,0.0
O2,H40,0.4,0.03333333333333333,2022-08-01,Cement,2022-11-01,3,296.3,118.4,0.0,0.0,296.3,0.0,0.0
O2,H40,0.4,0.03333333333333333,2022-08-01,Cement,2022-12-01,4,375.31,118.3,0.0,0.0,375.31,0.0,0.0
O2,H40,0.4,0.03333333333333333,2022-08-01,Cement,2023-01-01,5,440.73,118.5,61.08071889414077,0.0,440.73,7238.065188955681,0.0
O2,H40,0.4,0.03333333333333333,2022-08-01,Cement,2023-02-01,6,282.49,118.4,329.19415283203125,0.0,282.49,38976.587695312504,0.0
O2,H40,0.4,0.03333333333333333,2022-08-01,Cement,2023-03-01,7,427.87,118.2,325.26055908203125,0.0,366.78928110585923,38445.7980834961,0.0
O2,H40,0.4,0.03333333333333333,2022-08-01,Cement,2023-04-01,8,315.7,118.0,321.32696533203125,74.57487172617203,0.0,37916.58190917969,293.32782878961
O2,H40,0.4,0.03333333333333333,2022-08-01,Cement,2023-05-01,9,398.82,117.2,317.39337158203125,391.29030253437526,0.0,37198.503149414064,1528.6407819009594
O2,H40,0.4,0.03333333333333333,2022-08-01,Cement,2023-06-01,10,335.0,116.7,313.45977783203125,1093.1526986746098,0.0,36580.75607299805,4252.3639978442325
O2,H40,0.4,0.03333333333333333,2022-08-01,Cement,2023-07-01,11,425.98,115.2,0.0,2021.4284663968756,0.0,0.0,7762.285310964002
O2,H40,0.4,0.03333333333333333,2022-08-01,Cement,2023-08-01,12,378.3,114.4,0.0,3310.8440119511724,0.0,0.0,12625.35183224047
O2,H40,0.4,0.03333333333333333,2022-08-01,Granite,2022-09-01,1,1550.1,20.8,1471.8025562306725,0.0,1550.1,30613.49316959799,0.0
O2,H40,0.4,0.03333333333333333,2022-08-01,Granite,2022-10-01,2,1554.5,20.4,1618.5485821774096,0.0,1554.5,33018.39107641915,0.0
O2,H40,0.4,0.03333333333333333,2022-08-01,Granite,2022-11-01,3,1531.9,20.5,1552.5166117519875,0.0,60.09744376932758,31826.590540915742,0.0
O2,H40,0.4,0.03333333333333333,2022-08-01,Granite,2022-12-01,4,1692.1,19.3,0.0,1398.2511384080822,0.0,0.0,899.5415657091995
O2,H40,0.4,0.03333333333333333,2022-08-01,Granite,2023-01-01,5,1309.6,19.0,0.0,4731.518888568151,0.0,0.0,2996.6286294264955
O2,H40,0.4,0.03333333333333333,2022-08-01,Granite,2023-02-01,6,1455.1,18.5,0.0,7919.286638728221,0.0,0.0,4883.560093882404
O2,H40,0.4,0.03333333333333333,2022-08-01,Granite,2023-03-01,7,1561.4,18.3,0.0,11000.754388888292,0.0,0.0,6710.4601772218575
O2,H40,0.4,0.03333333333333333,2022-08-01,Granite,2023-04-01,8,1395.2,18.6,0.0,14248.422139048362,0.0,0.0,8834.021726209985
O2,H40,0.4,0.03333333333333333,2022-08-01,Granite,2023-05-01,9,1844.9,18.3,1633.305491285495,17046.38988920843,0.0,29889.49049052456,10398.297832417142
O2,H40,0.4,0.03333333333333333,2022-08-01,Granite,2023-06-01,10,1659.3,18.5,1662.669661277281,20029.9576393685,0.0,30759.388733629698,12351.807210943907
O2,H40,0.4,0.03333333333333333,2022-08-01,Granite,2023-07-01,11,1674.3,18.5,0.0,24631.830880814065,0.0,0.0,15189.629043168674
O2,H40,0.4,0.03333333333333333,2022-08-01,Granite,2023-08-01,12,1755.2,18.5,0.0,30815.47378353691,0.0,0.0,19002.87549984776
O2,H40,0.4,0.03333333333333333,2022-08-01,Ready Mixed Concrete,2022-09-01,1,993.4,118.6,0.0,0.0,993.4,0.0,0.0
O2,H40,0.4,0.03333333333333333,2022-08-01,Ready Mixed Concrete,2022-10-01,2,930.7,118.5,0.0,0.0,930.7,0.0,0.0
O2,H40,0.4,0.03333333333333333,2022-08-01,Ready Mixed Concrete,2022-11-01,3,959.9,118.2,0.0,0.0,959.9,0.0,0.0
O2,H40,0.4,0.03333333333333333,2022-08-01,Ready Mixed Concrete,2022-12-01,4,992.6,118.0,0.0,0.0,992.6,0.0,0.0
O2,H40,0.4,0.03333333333333333,2022-08-01,Ready Mixed Concrete,2023-01-01,5,808.1,117.6,0.8183440162106308,0.0,808.1,96.23725630637017,0.0
O2,H40,0.4,0.03333333333333333,2022-08-01,Ready Mixed Concrete,2023-02-01,6,897.3,118.1,981.079833984375,0.0,897.3,115865.52839355468,0.0
O2,H40,0.4,0.03333333333333333,2022-08-01,Ready Mixed Concrete,2023-03-01,7,1070.7,116.8,985.170379638672,0.0,1069.8816559837894,115067.90034179689,0.0
O2,H40,0.4,0.03333333333333333,2022-08-01,Ready Mixed Concrete,2023-04-01,8,918.4,117.2,989.2609252929686,63.49817800058565,0.0,115941.38044433593,248.06621538895462
O2,H40,0.4,0.03333333333333333,2022-08-01,Ready Mixed Concrete,2023-05-01,9,1041.6,117.6,993.3514709472656,988.9667356398431,0.0,116818.13298339843,3876.749603708185
O2,H40,0.4,0.03333333333333333,2022-08-01,Ready Mixed Concrete,2023-06-01,10,1020.3,117.3,997.4420166015624,2924.9962185720697,0.0,116999.94854736327,11436.735214616792
O2,H40,0.4,0.03333333333333333,2022-08-01,Ready Mixed Concrete,2023-07-01,11,1046.0,116.3,0.0,5828.677172451562,0.0,0.0,22595.838505203887
O2,H40,0.4,0.03333333333333333,2022-08-01,Ready Mixed Concrete,2023-08-01,12,1113.5,116.4,0.0,9662.300142932616,0.0,0.0,37489.724554578555
O2,H40,0.4,0.03333333333333333,2022-08-01,Steel Reinforcement Bars,2022-09-01,1,174.43,1072.6,0.0,0.0,174.43,0.0,0.0
O2,H40,0.4,0.03333333333333333,2022-08-01,Steel Reinforcement Bars,2022-10-01,2,108.27,1040.5,0.0,0.0,108.27,0.0,0.0
O2,H40,0.4,0.03333333333333333,2022-08-01,Steel Reinforcement Bars,2022-11-01,3,51.21,1004.5,0.0,0.0,51.21,0.0,0.0
O2,H40,0.4,0.03333333333333333,2022-08-01,Steel Reinforcement Bars,2022-12-01,4,70.5,952.3,0.0,0.0,70.5,0.0,0.0
O2,H40,0.4,0.03333333333333333,2022-08-01,Steel Reinforcement Bars,2023-01-01,5,79.16,922.6,0.0,0.0,79.16,0.0,0.0
O2,H40,0.4,0.03333333333333333,2022-08-01,Steel Reinforcement Bars,2023-02-01,6,100.49,942.1,64.983268637793,0.0,100.49,61220.73738366479,0.0
O2,H40,0.4,0.03333333333333333,2022-08-01,Steel Reinforcement Bars,2023-03-01,7,57.1,946.6,71.49606323242188,0.0,57.1,67678.17345581055,0.0
O2,H40,0.4,0.03333333333333333,2022-08-01,Steel Reinforcement Bars,2023-04-01,8,67.2,940.1,72.94750467936198,0.0,2.2167313622069997,68577.9491490682,0.0
O2,H40,0.4,0.03333333333333333,2022-08-01,Steel Reinforcement Bars,2023-05-01,9,152.2,922.8,74.39894612630208,0.0,15.72066812978511,68655.34748535155,0.0
O2,H40,0.4,0.03333333333333333,2022-08-01,Steel Reinforcement Bars,2023-06-01,10,135.08,885.5,75.85038757324219,74.34683654957686,0.0,67165.51819610596,2194.4707921550103
O2,H40,0.4,0.03333333333333333,2022-08-01,Steel Reinforcement Bars,2023-07-01,11,141.5,859.2,0.0,216.67261922545583,0.0,0.0,6205.5038146170555
O2,H40,0.4,0.03333333333333333,2022-08-01,Steel Reinforcement Bars,2023-08-01,12,173.95,832.6,0.0,402.398789474577,0.0,0.0,11167.90773721776
O2,H40,0.4,0.03333333333333333,2022-09-01,Cement,2022-10-01,1,368.78,118.6,0.0,0.0,368.78,0.0,0.0
O2,H40,0.4,0.03333333333333333,2022-09-01,Cement,2022-11-01,2,296.3,118.4,0.0,0.0,296.3,0.0,0.0
O2,H40,0.4,0.03333333333333333,2022-09-01,Cement,2022-12-01,3,375.31,118.3,0.0,0.0,375.31,0.0,0.0
O2,H40,0.4,0.03333333333333333,2022-09-01,Cement,2023-01-01,4,440.73,118.5,0.0,0.0,440.73,0.0,0.0
O2,H40,0.4,0.03333333333333333,2022-09-01,Cement,2023-02-01,5,282.49,118.4,0.0,0.0,282.49,0.0,0.0
O2,H40,0.4,0.03333333333333333,2022-09-01,Cement,2023-03-01,6,427.87,118.2,260.8707121802736,0.0,427.87,30834.91817970834,0.0
O2,H40,0.4,0.03333333333333333,2022-09-01,Cement,2023-04-01,7,315.7,118.0,363.4754333496094,0.0,315.7,42890.101135253906,0.0
O2,H40,0.4,0.03333333333333333,2022-09-01,Cement,2023-05-01,8,398.82,117.2,377.0816243489583,0.0,137.9492878197264,44193.96637369791,0.0
O2,H40,0.4,0.03333333333333333,2022-09-01,Cement,2023-06-01,9,335.0,116.7,390.6878153483073,289.34614552988296,0.0,45593.26805114746,1125.5565061112447
O2,H40,0.4,0.03333333333333333,2022-09-01,Cement,2023-07-01,10,425.98,115.2,404.29400634765625,864.7939154087242,0.0,46574.66953125,3320.8086351695006
O2,H40,0.4,0.03333333333333333,2022-09-01,Cement,2023-08-01,11,378.3,114.4,0.0,1878.609500635873,0.0,0.0,7163.764229091463
O2,H40,0.4,0.03333333333333333,2022-09-01,Cement,2023-09-01,12,446.33,113.5,0.0,3228.6890922106777,0.0,0.0,12215.207065530398
O2,H40,0.4,0.03333333333333333,2022-09-01,Granite,2022-10-01,1,1554.5,20.4,1680.0574572506694,0.0,1554.5,34273.172127913655,0.0
O2,H40,0.4,0.03333333333333333,2022-09-01,Granite,2022-11-01,2,1531.9,20.5,1662.678848341505,0.0,1531.9,34084.91639100085,0.0
O2,H40,0.4,0.03333333333333333,2022-09-01,Granite,2022-12-01,3,1692.1,19.3,1645.3002394323405,0.0,12.04254274933055,31754.294621044173,0.0
O2,H40,0.4,0.03333333333333333,2022-09-01,Granite,2023-01-01,4,1309.6,19.0,0.0,2033.1363055921743,0.0,0.0,1287.6529935417102
O2,H40,0.4,0.03333333333333333,2022-09-01,Granite,2023-02-01,5,1455.1,18.5,0.0,5566.072850616689,0.0,0.0,3432.411591213625
O2,H40,0.4,0.03333333333333333,2022-09-01,Granite,2023-03-01,6,1561.4,18.3,0.0,8992.709395641205,0.0,0.0,5485.552731341135
O2,H40,0.4,0.03333333333333333,2022-09-01,Granite,2023-04-01,7,1395.2,18.6,0.0,12585.545940665717,0.0,0.0,7803.038483212745
O2,H40,0.4,0.03333333333333333,2022-09-01,Granite,2023-05-01,8,1844.9,18.3,0.0,15728.682485690233,0.0,0.0,9594.496316271043
O2,H40,0.4,0.03333333333333333,2022-09-01,Granite,2023-06-01,9,1659.3,18.5,1563.7979006422224,19057.419030714747,0.0,28930.261161881113,11752.075068940761
O2,H40,0.4,0.03333333333333333,2022-09-01,Granite,2023-07-01,10,1674.3,18.5,1611.9377597852265,22371.155575739263,0.0,29820.84855602669,13795.545938372547
O2,H40,0.4,0.03333333333333333,2022-09-01,Granite,2023-08-01,11,1755.2,18.5,0.0,27167.790021406,0.0,0.0,16753.470513200366
O2,H40,0.4,0.03333333333333333,2022-09-01,Granite,2023-09-01,12,1729.4,18.6,0.0,33602.16222685796,0.0,0.0,20833.340580651933
O2,H40,0.4,0.03333333333333333,2022-09-01,Ready Mixed Concrete,2022-10-01,1,930.7,118.5,0.0,0.0,930.7,0.0,0.0
O2,H40,0.4,0.03333333333333333,2022-09-01,Ready Mixed Concrete,2022-11-01,2,959.9,118.2,0.0,0.0,959.9,0.0,0.0
O2,H40,0.4,0.03333333333333333,2022-09-01,Ready Mixed Concrete,2022-12-01,3,992.6,118.0,0.0,0.0,992.6,0.0,0.0
O2,H40,0.4,0.03333333333333333,2022-09-01,Ready Mixed Concrete,2023-01-01,4,808.1,117.6,0.0,0.0,808.1,0.0,0.0
O2,H40,0.4,0.03333333333333333,2022-09-01,Ready Mixed Concrete,2023-02-01,5,897.3,118.1,1009.530253092448,0.0,897.3,119225.5228902181,0.0
O2,H40,0.4,0.03333333333333333,2022-09-01,Ready Mixed Concrete,2023-03-01,6,1070.7,116.8,1010.9761555989584,0.0,1070.7,118082.01497395833,0.0
O2,H40,0.4,0.03333333333333333,2022-09-01,Ready Mixed Concrete,2023-04-01,7,918.4,117.2,1012.4220581054688,91.13025309244802,0.0,118655.86520996095,356.01552208116357
O2,H40,0.4,0.03333333333333333,2022-09-01,Ready Mixed Concrete,2023-05-01,8,1041.6,117.6,1013.8679606119792,1070.0366617838545,0.0,119230.87216796876,4194.54371419271
O2,H40,0.4,0.03333333333333333,2022-09-01,Ready Mixed Concrete,2023-06-01,9,1020.3,117.3,1015.3138631184896,3082.6651285807293,0.0,119096.31614379883,12053.220652750651
O2,H40,0.4,0.03333333333333333,2022-09-01,Ready Mixed Concrete,2023-07-01,10,1046.0,116.3,7.309844870703387,6083.461555989584,0.0,850.1349584628039,23583.552632052953
O2,H40,0.4,0.03333333333333333,2022-09-01,Ready Mixed Concrete,2023-08-01,11,1113.5,116.4,0.0,10032.071846516927,0.0,0.0,38924.438764485676
O2,H40,0.4,0.03333333333333333,2022-09-01,Ready Mixed Concrete,2023-09-01,12,1081.8,116.6,0.0,14019.691981914973,0.0,0.0,54489.86950304286
O2,H40,0.4,0.03333333333333333,2022-09-01,Steel Reinforcement Bars,2022-10-01,1,108.27,1040.5,0.0,0.0,108.27,0.0,0.0
O2,H40,0.4,0.03333333333333333,2022-09-01,Steel Reinforcement Bars,2022-11-01,2,51.21,1004.5,0.0,0.0,51.21,0.0,0.0
O2,H40,0.4,0.03333333333333333,2022-09-01,Steel Reinforcement Bars,2022-12-01,3,70.5,952.3,64.86755933298345,0.0,70.5,61773.37675280013,0.0
O2,H40,0.4,0.03333333333333333,2022-09-01,Steel Reinforcement Bars,2023-01-01,4,79.16,922.6,0.0,0.0,79.16,0.0,0.0
O2,H40,0.4,0.03333333333333333,2022-09-01,Steel Reinforcement Bars,2023-02-01,5,100.49,942.1,0.0,0.0,35.62244066701655,0.0,0.0
O2,H40,0.4,0.03333333333333333,2022-09-01,Steel Reinforcement Bars,2023-03-01,6,57.1,946.6,0.0,7.767559332983446,0.0,0.0,245.092388820071
O2,H40,0.4,0.03333333333333333,2022-09-01,Steel Reinforcement Bars,2023-04-01,7,67.2,940.1,82.51488876342773,5.435118665966897,0.0,77572.24692649841,170.31850192918264
O2,H40,0.4,0.03333333333333333,2022-09-01,Steel Reinforcement Bars,2023-05-01,8,152.2,922.8,83.75896962483723,0.0,81.89732200104964,77292.7771697998,0.0
O2,H40,0.4,0.03333333333333333,2022-09-01,Steel Reinforcement Bars,2023-06-01,9,135.08,885.5,85.00305048624675,12.302448096411155,0.0,75270.2012055715,363.1272596457359
O2,H40,0.4,0.03333333333333333,2022-09-01,Steel Reinforcement Bars,2023-07-01,10,141.5,859.2,86.24713134765625,101.94386581765954,0.0,74103.53525390626,2919.6723170177693
O2,H40,0.4,0.03333333333333333,2022-09-01,Steel Reinforcement Bars,2023-08-01,11,173.95,832.6,0.0,244.13833402515473,0.0,0.0,6775.652563644794
O2,H40,0.4,0.03333333333333333,2022-09-01,Steel Reinforcement Bars,2023-09-01,12,140.71,830.1,0.0,505.81993358030604,0.0,0.0,13996.037562167068
O2,H40,0.4,0.03333333333333333,2022-10-01,Cement,2022-11-01,1,296.3,118.4,0.0,0.0,296.3,0.0,0.0
O2,H40,0.4,0.03333333333333333,2022-10-01,Cement,2022-12-01,2,375.31,118.3,0.0,0.0,375.31,0.0,0.0
O2,H40,0.4,0.03333333333333333,2022-10-01,Cement,2023-01-01,3,440.73,118.5,0.0,0.0,440.73,0.0,0.0
O2,H40,0.4,0.03333333333333333,2022-10-01,Cement,2023-02-01,4,282.49,118.4,0.0,0.0,282.49,0.0,0.0
O2,H40,0.4,0.03333333333333333,2022-10-01,Cement,2023-03-01,5,427.87,118.2,0.0,0.0,427.87,0.0,0.0
O2,H40,0.4,0.03333333333333333,2022-10-01,Cement,2023-04-01,6,315.7,118.0,304.6342925025392,0.0,315.7,35946.84651529963,0.0
O2,H40,0.4,0.03333333333333333,2022-10-01,Cement,2023-05-01,7,398.82,117.2,356.2586975097656,0.0,398.82,41753.51934814453,0.0
O2,H40,0.4,0.03333333333333333,2022-10-01,Cement,2023-06-01,8,335.0,116.7,363.749003092448,0.0,30.36570749746079,42449.508660888685,0.0
O2,H40,0.4,0.03333333333333333,2022-10-01,Cement,2023-07-01,9,425.98,115.2,371.2393086751302,234.91299001230482,0.0,42766.768359375,902.0658816472504
O2,H40,0.4,0.03333333333333333,2022-10-01,Cement,2023-08-01,10,378.3,114.4,378.7296142578125,881.2549831170577,0.0,43326.66787109375,3360.5190022863803
O2,H40,0.4,0.03333333333333333,2022-10-01,Cement,2023-09-01,11,446.33,113.5,0.0,1830.8062848969407,0.0,0.0,6926.550444526759
O2,H40,0.4,0.03333333333333333,2022-10-01,Cement,2023-10-01,12,335.47,113.2,0.0,3269.9472009346364,0.0,0.0,12338.600771526695
O2,H40,0.4,0.03333333333333333,2022-10-01,Granite,2022-11-01,1,1531.9,20.5,1467.402326127154,0.0,1531.9,30081.747685606657,0.0
O2,H40,0.4,0.03333333333333333,2022-10-01,Granite,2022-12-01,2,1692.1,19.3,1526.6400395429584,0.0,1692.1,29464.1527631791,0.0
O2,H40,0.4,0.03333333333333333,2022-10-01,Granite,2023-01-01,3,1309.6,19.0,1585.877752958763,157.80232612715417,0.0,30131.677306216498,99.9414732138643
O2,H40,0.4,0.03333333333333333,2022-10-01,Granite,2023-02-01,4,1455.1,18.5,177.39382613297926,1696.7446917972666,0.0,3281.7857834601164,1046.3258932749811
O2,H40,0.4,0.03333333333333333,2022-10-01,Granite,2023-03-01,5,1561.4,18.3,0.0,4715.2648104261425,0.0,0.0,2876.311534359947
O2,H40,0.4,0.03333333333333333,2022-10-01,Granite,2023-04-01,6,1395.2,18.6,0.0,8077.378755187999,0.0,0.0,5007.974828216559
O2,H40,0.4,0.03333333333333333,2022-10-01,Granite,2023-05-01,7,1844.9,18.3,0.0,10989.792699949854,0.0,0.0,6703.773546969411
O2,H40,0.4,0.03333333333333333,2022-10-01,Granite,2023-06-01,8,1659.3,18.5,0.0,14087.806644711709,0.0,0.0,8687.480764238888
O2,H40,0.4,0.03333333333333333,2022-10-01,Granite,2023-07-01,9,1674.3,18.5,1648.308606518902,17170.820589473566,0.0,30493.70922059969,10588.672696842033
O2,H40,0.4,0.03333333333333333,2022-10-01,Granite,2023-08-01,10,1755.2,18.5,1648.9472345477689,20172.93453423542,0.0,30505.523839133723,12439.976296111843
O2,H40,0.4,0.03333333333333333,2022-10-01,Granite,2023-09-01,11,1729.4,18.6,0.0,24849.157085516177,0.0,0.0,15406.47739302003
O2,H40,0.4,0.03333333333333333,2022-10-01,Granite,2023-10-01,12,1742.2,19.5,0.0,31161.526871344704,0.0,0.0,20254.992466374057
O2,H40,0.4,0.03333333333333333,2022-10-01,Ready Mixed Concrete,2022-11-01,1,959.9,118.2,0.0,0.0,959.9,0.0,0.0
O2,H40,0.4,0.03333333333333333,2022-10-01,Ready Mixed Concrete,2022-12-01,2,992.6,118.0,0.0,0.0,992.6,0.0,0.0
O2,H40,0.4,0.03333333333333333,2022-10-01,Ready Mixed Concrete,2023-01-01,3,808.1,117.6,0.0,0.0,808.1,0.0,0.0
O2,H40,0.4,0.03333333333333333,2022-10-01,Ready Mixed Concrete,2023-02-01,4,897.3,118.1,0.0,0.0,897.3,0.0,0.0
O2,H40,0.4,0.03333333333333333,2022-10-01,Ready Mixed Concrete,2023-03-01,5,1070.7,116.8,1004.6543579101562,0.0,1070.7,117343.62900390624,0.0
O2,H40,0.4,0.03333333333333333,2022-10-01,Ready Mixed Concrete,2023-04-01,6,918.4,117.2,1007.1316528320312,0.0,918.4,118035.82971191406,0.0
O2,H40,0.4,0.03333333333333333,2022-10-01,Ready Mixed Concrete,2023-05-01,7,1041.6,117.6,1009.6089477539062,0.0,36.94564208984366,118730.01225585937,0.0
O2,H40,0.4,0.03333333333333333,2022-10-01,Ready Mixed Concrete,2023-06-01,8,1020.3,117.3,1012.0862426757812,991.4860107421875,0.0,118717.71626586914,3876.710302001953
O2,H40,0.4,0.03333333333333333,2022-10-01,Ready Mixed Concrete,2023-07-01,9,1046.0,116.3,997.1644286109376,2966.880969238281,0.0,115970.22304745205,11501.608557413736
O2,H40,0.4,0.03333333333333333,2022-10-01,Ready Mixed Concrete,2023-08-01,10,1113.5,116.4,0.0,5886.862170410156,0.0,0.0,22841.02522119141
O2,H40,0.4,0.03333333333333333,2022-10-01,Ready Mixed Concrete,2023-09-01,11,1081.8,116.6,0.0,9835.70780019297,0.0,0.0,38228.11765008334
O2,H40,0.4,0.03333333333333333,2022-10-01,Ready Mixed Concrete,2023-10-01,12,1101.2,116.4,0.0,13765.15342997578,0.0,0.0,53408.795308306035
O2,H40,0.4,0.03333333333333333,2022-10-01,Steel Reinforcement Bars,2022-11-01,1,51.21,1004.5,112.9927767707275,0.0,51.21,113501.24426619578,0.0
O2,H40,0.4,0.03333333333333333,2022-10-01,Steel Reinforcement Bars,2022-12-01,2,70.5,952.3,0.0,0.0,70.5,0.0,0.0
O2,H40,0.4,0.03333333333333333,2022-10-01,Steel Reinforcement Bars,2023-01-01,3,79.16,922.6,0.0,33.832776770727506,0.0,0.0,1040.4706616224398
O2,H40,0.4,0.03333333333333333,2022-10-01,Steel Reinforcement Bars,2023-02-01,4,100.49,942.1,0.0,46.33555354145501,0.0,0.0,1455.0908330468255
O2,H40,0.4,0.03333333333333333,2022-10-01,Steel Reinforcement Bars,2023-03-01,5,57.1,946.6,0.0,102.22833031218252,0.0,0.0,3225.6445824503994
O2,H40,0.4,0.03333333333333333,2022-10-01,Steel Reinforcement Bars,2023-04-01,6,67.2,940.1,0.0,148.02110708291002,0.0,0.0,4638.488092288124
O2,H40,0.4,0.03333333333333333,2022-10-01,Steel Reinforcement Bars,2023-05-01,7,152.2,922.8,97.8727684020996,108.81388385363755,0.0,90316.99068145751,3347.1150673378907
O2,H40,0.4,0.03333333333333333,2022-10-01,Steel Reinforcement Bars,2023-06-01,8,135.08,885.5,94.7339375813802,86.72666062436505,0.0,83886.90172831216,2559.8819327625083
O2,H40,0.4,0.03333333333333333,2022-10-01,Steel Reinforcement Bars,2023-07-01,9,141.5,859.2,91.5951067606608,156.09220579719215,0.0,78698.51572875977,4470.480774031584
O2,H40,0.4,0.03333333333333333,2022-10-01,Steel Reinforcement Bars,2023-08-01,10,173.95,832.6,88.4562759399414,287.7416885513995,0.0,73648.69534759522,7985.790996263174
O2,H40,0.4,0.03333333333333333,2022-10-01,Steel Reinforcement Bars,2023-09-01,11,140.71,830.1,0.0,544.2262780662675,0.0,0.0,15058.741114093622
O2,H40,0.4,0.03333333333333333,2022-10-01,Steel Reinforcement Bars,2023-10-01,12,162.59,827.4,0.0,867.2871435210769,0.0,0.0,23919.7794183113
O2,H40,0.4,0.03333333333333333,2022-11-01,Cement,2022-12-01,1,375.31,118.3,0.0,0.0,375.31,0.0,0.0
O2,H40,0.4,0.03333333333333333,2022-11-01,Cement,2023-01-01,2,440.73,118.5,0.0,0.0,440.73,0.0,0.0
O2,H40,0.4,0.03333333333333333,2022-11-01,Cement,2023-02-01,3,282.49,118.4,0.0,0.0,282.49,0.0,0.0
O2,H40,0.4,0.03333333333333333,2022-11-01,Cement,2023-03-01,4,427.87,118.2,0.0,0.0,427.87,0.0,0.0
O2,H40,0.4,0.03333333333333333,2022-11-01,Cement,2023-04-01,5,315.7,118.0,0.0,0.0,315.7,0.0,0.0
O2,H40,0.4,0.03333333333333333,2022-11-01,Cement,2023-05-01,6,398.82,117.2,318.87272634042984,0.0,398.82,37371.88352709838,0.0
O2,H40,0.4,0.03333333333333333,2022-11-01,Cement,2023-06-01,7,335.0,116.7,353.6068420410156,0.0,335.0,41265.91846618652,0.0
O2,H40,0.4,0.03333333333333333,2022-11-01,Cement,2023-07-01,8,425.98,115.2,355.60727945963544,0.0,107.10727365957018,40965.95859375,0.0
O2,H40,0.4,0.03333333333333333,2022-11-01,Cement,2023-08-01,9,378.3,114.4,357.6077168782552,294.17956838144545,0.0,40910.32281087239,1121.8047540945786
O2,H40,0.4,0.03333333333333333,2022-11-01,Cement,2023-09-01,10,446.33,113.5,359.608154296875,875.9364162225265,0.0,40815.52551269531,3313.959441375225
O2,H40,0.4,0.03333333333333333,2022-11-01,Cement,2023-10-01,11,335.47,113.2,0.0,1926.1609809418626,0.0,0.0,7268.047434753962
O2,H40,0.4,0.03333333333333333,2022-11-01,Cement,2023-11-01,12,381.97,112.0,0.0,3289.493699958073,0.0,0.0,12280.776479843473
O2,H40,0.4,0.03333333333333333,2022-11-01,Granite,2022-12-01,1,1692.1,19.3,1425.6165040871942,0.0,1692.1,27514.39852888285,0.0
O2,H40,0.4,0.03333333333333333,2022-11-01,Granite,2023-01-01,2,1309.6,19.0,1468.247007303634,0.0,1309.6,27896.693138769046,0.0
O2,H40,0.4,0.03333333333333333,2022-11-01,Granite,2023-02-01,3,1455.1,18.5,1510.877510520074,0.0,29.483495912805665,27951.23394462137,0.0
O2,H40,0.4,0.03333333333333333,2022-11-01,Granite,2023-03-01,4,1561.4,18.3,1553.508013736514,1332.4635113908284,0.0,28429.196651378206,812.8027419484054
O2,H40,0.4,0.03333333333333333,2022-11-01,Granite,2023-04-01,5,1395.2,18.6,0.0,4342.004533301731,0.0,0.0,2692.042810647073
O2,H40,0.4,0.03333333333333333,2022-11-01,Granite,2023-05-01,6,1844.9,18.3,0.0,8455.353568949147,0.0,0.0,5157.76567705898
O2,H40,0.4,0.03333333333333333,2022-11-01,Granite,2023-06-01,7,1659.3,18.5,0.0,12754.302604596563,0.0,0.0,7865.153272834548
O2,H40,0.4,0.03333333333333333,2022-11-01,Granite,2023-07-01,8,1674.3,18.5,0.0,17038.25164024398,0.0,0.0,10506.921844817121
O2,H40,0.4,0.03333333333333333,2022-11-01,Granite,2023-08-01,9,1755.2,18.5,142.19900825905688,21241.300675891394,0.0,2630.681652792552,13098.80208346636
O2,H40,0.4,0.03333333333333333,2022-11-01,Granite,2023-09-01,10,1729.4,18.6,1572.584678682833,25470.14971153881,0.0,29250.075023500696,15791.492821154061
O2,H40,0.4,0.03333333333333333,2022-11-01,Granite,2023-10-01,11,1742.2,19.5,0.0,29828.397755445283,0.0,0.0,19388.458541039436
O2,H40,0.4,0.03333333333333333,2022-11-01,Granite,2023-11-01,12,1621.1,20.3,0.0,35880.33047803459,0.0,0.0,24279.023623470075
O2,H40,0.4,0.03333333333333333,2022-11-01,Ready Mixed Concrete,2022-12-01,1,992.6,118.0,0.0,0.0,992.6,0.0,0.0
O2,H40,0.4,0.03333333333333333,2022-11-01,Ready Mixed Concrete,2023-01-01,2,808.1,117.6,0.0,0.0,808.1,0.0,0.0
O2,H40,0.4,0.03333333333333333,2022-11-01,Ready Mixed Concrete,2023-02-01,3,897.3,118.1,0.0,0.0,897.3,0.0,0.0
O2,H40,0.4,0.03333333333333333,2022-11-01,Ready Mixed Concrete,2023-03-01,4,1070.7,116.8,0.0,0.0,1070.7,0.0,0.0
O2,H40,0.4,0.03333333333333333,2022-11-01,Ready Mixed Concrete,2023-04-01,5,918.4,117.2,921.7260792050132,0.0,918.4,108026.29648282754,0.0
O2,H40,0.4,0.03333333333333333,2022-11-01,Ready Mixed Concrete,2023-05-01,6,1041.6,117.6,993.3841959635416,0.0,1041.6,116821.98144531249,0.0
O2,H40,0.4,0.03333333333333333,2022-11-01,Ready Mixed Concrete,2023-06-01,7,1020.3,117.3,1001.5124206542968,0.0,98.57392079498675,117477.406942749,0.0
O2,H40,0.4,0.03333333333333333,2022-11-01,Ready Mixed Concrete,2023-07-01,8,1046.0,116.3,1009.640645345052,869.1102751685548,0.0,117421.20705362955,3369.2508334034305
O2,H40,0.4,0.03333333333333333,2022-11-01,Ready Mixed Concrete,2023-08-01,9,1113.5,116.4,1017.7688700358073,2672.2329709914065,0.0,118468.29647216797,10368.263927446658
O2,H40,0.4,0.03333333333333333,2022-11-01,Ready Mixed Concrete,2023-09-01,10,1081.8,116.6,0.0,5516.69631215931,0.0,0.0,21441.559666592515
O2,H40,0.4,0.03333333333333333,2022-11-01,Ready Mixed Concrete,2023-10-01,11,1101.2,116.4,0.0,9359.52852336302,0.0,0.0,36314.97067064852
O2,H40,0.4,0.03333333333333333,2022-11-01,Ready Mixed Concrete,2023-11-01,12,1070.0,115.4,0.0,13233.56073456673,0.0,0.0,50905.09695896669
O2,H40,0.4,0.03333333333333333,2022-11-01,Steel Reinforcement Bars,2022-12-01,1,70.5,952.3,0.0,0.0,70.5,0.0,0.0
O2,H40,0.4,0.03333333333333333,2022-11-01,Steel Reinforcement Bars,2023-01-01,2,79.16,922.6,0.0,0.0,79.16,0.0,0.0
O2,H40,0.4,0.03333333333333333,2022-11-01,Steel Reinforcement Bars,2023-02-01,3,100.49,942.1,0.0,0.0,100.49,0.0,0.0
O2,H40,0.4,0.03333333333333333,2022-11-01,Steel Reinforcement Bars,2023-03-01,4,57.1,946.6,0.0,0.0,57.1,0.0,0.0
O2,H40,0.4,0.03333333333333333,2022-11-01,Steel Reinforcement Bars,2023-04-01,5,67.2,940.1,0.0,0.0,67.2,0.0,0.0
O2,H40,0.4,0.03333333333333333,2022-11-01,Steel Reinforcement Bars,2023-05-01,6,152.2,922.8,79.89610661997075,0.0,152.2,73728.12718890901,0.0
O2,H40,0.4,0.03333333333333333,2022-11-01,Steel Reinforcement Bars,2023-06-01,7,135.08,885.5,91.12015533447266,0.0,135.08,80686.89754867554,0.0
O2,H40,0.4,0.03333333333333333,2022-11-01,Steel Reinforcement Bars,2023-07-01,8,141.5,859.2,90.88448079427084,0.0,61.60389338002925,78087.94589843751,0.0
O2,H40,0.4,0.03333333333333333,2022-11-01,Steel Reinforcement Bars,2023-08-01,9,173.95,832.6,90.64880625406904,0.0,2.933738045556595,75474.19608713788,0.0
O2,H40,0.4,0.03333333333333333,2022-11-01,Steel Reinforcement Bars,2023-09-01,10,140.71,830.1,90.4131317138672,121.19074274871426,0.0,75051.94063568117,3353.3478518569236
O2,H40,0.4,0.03333333333333333,2022-11-01,Steel Reinforcement Bars,2023-10-01,11,162.59,827.4,0.0,311.15029175149755,0.0,0.0,8581.525046506302
O2,H40,0.4,0.03333333333333333,2022-11-01,Steel Reinforcement Bars,2023-11-01,12,187.13,826.7,0.0,566.982972468148,0.0,0.0,15624.160777980598
O2,H40,0.4,0.03333333333333333,2022-12-01,Cement,2023-01-01,1,440.73,118.5,0.0,0.0,440.73,0.0,0.0
O2,H40,0.4,0.03333333333333333,2022-12-01,Cement,2023-02-01,2,282.49,118.4,0.0,0.0,282.49,0.0,0.0
O2,H40,0.4,0.03333333333333333,2022-12-01,Cement,2023-03-01,3,427.87,118.2,0.0,0.0,427.87,0.0,0.0
O2,H40,0.4,0.03333333333333333,2022-12-01,Cement,2023-04-01,4,315.7,118.0,0.0,0.0,315.7,0.0,0.0
O2,H40,0.4,0.03333333333333333,2022-12-01,Cement,2023-05-01,5,398.82,117.2,0.2042794817058961,0.0,398.82,23.941555255931025,0.0
O2,H40,0.4,0.03333333333333333,2022-12-01,Cement,2023-06-01,6,335.0,116.7,320.29982503255206,0.0,335.0,37378.989581298825,0.0
O2,H40,0.4,0.03333333333333333,2022-12-01,Cement,2023-07-01,7,425.98,115.2,321.9914855957031,0.0,425.7757205182941,37093.419140625,0.0
O2,H40,0.4,0.03333333333333333,2022-12-01,Cement,2023-08-01,8,378.3,114.4,323.6831461588542,0.0,57.79589548574205,37029.35192057292,0.0
O2,H40,0.4,0.03333333333333333,2022-12-01,Cement,2023-09-01,9,446.33,113.5,325.3748067220052,196.1655901099611,0.0,36930.040562947586,742.1598159160195
O2,H40,0.4,0.03333333333333333,2022-12-01,Cement,2023-10-01,10,335.47,113.2,327.06646728515625,826.8743263787765,0.0,37023.924096679686,3120.072458202583
O2,H40,0.4,0.03333333333333333,2022-12-01,Cement,2023-11-01,11,381.97,112.0,0.0,1736.457869369597,0.0,0.0,6482.776045646495
O2,H40,0.4,0.03333333333333333,2022-12-01,Cement,2023-12-01,12,467.38,111.7,0.0,2887.6978796455733,0.0,0.0,10751.86177188035
O2,H40,0.4,0.03333333333333333,2022-12-01,Granite,2023-01-01,1,1309.6,19.0,0.0,0.0,1309.6,0.0,0.0
O2,H40,0.4,0.03333333333333333,2022-12-01,Granite,2023-02-01,2,1455.1,18.5,0.0,0.0,1455.1,0.0,0.0
O2,H40,0.4,0.03333333333333333,2022-12-01,Granite,2023-03-01,3,1561.4,18.3,1516.7214454782732,0.0,1561.4,27756.0024522524,0.0
O2,H40,0.4,0.03333333333333333,2022-12-01,Granite,2023-04-01,4,1395.2,18.6,1494.510190777914,0.0,1395.2,27797.889548469204,0.0
O2,H40,0.4,0.03333333333333333,2022-12-01,Granite,2023-05-01,5,1844.9,18.3,0.0,0.0,328.17855452172694,0.0,0.0
O2,H40,0.4,0.03333333333333333,2022-12-01,Granite,2023-06-01,6,1659.3,18.5,0.0,1351.931636256187,0.0,0.0,833.6911756913154
O2,H40,0.4,0.03333333333333333,2022-12-01,Granite,2023-07-01,7,1674.3,18.5,0.0,2688.8632725123734,0.0,0.0,1658.1323513826303
O2,H40,0.4,0.03333333333333333,2022-12-01,Granite,2023-08-01,8,1755.2,18.5,1534.896403064447,3944.8949087685605,0.0,28395.583456692268,2432.6851937406122
O2,H40,0.4,0.03333333333333333,2022-12-01,Granite,2023-09-01,9,1729.4,18.6,1542.9689970928164,5226.726545024747,0.0,28699.223345926388,3240.570457915343
O2,H40,0.4,0.03333333333333333,2022-12-01,Granite,2023-10-01,10,1742.2,19.5,1551.0415911211855,8030.654584345381,0.0,30245.311026863117,5219.925479824498
O2,H40,0.4,0.03333333333333333,2022-12-01,Granite,2023-11-01,11,1621.1,20.3,0.0,12498.651620758832,0.0,0.0,8457.42093004681
O2,H40,0.4,0.03333333333333333,2022-12-01,Granite,2023-12-01,12,1531.7,21.2,0.0,18607.09024829347,0.0,0.0,13149.010442127385
O2,H40,0.4,0.03333333333333333,2022-12-01,Ready Mixed Concrete,2023-01-01,1,808.1,117.6,0.0,0.0,808.1,0.0,0.0
O2,H40,0.4,0.03333333333333333,2022-12-01,Ready Mixed Concrete,2023-02-01,2,897.3,118.1,0.0,0.0,897.3,0.0,0.0
O2,H40,0.4,0.03333333333333333,2022-12-01,Ready Mixed Concrete,2023-03-01,3,1070.7,116.8,0.0,0.0,1070.7,0.0,0.0
O2,H40,0.4,0.03333333333333333,2022-12-01,Ready Mixed Concrete,2023-04-01,4,918.4,117.2,0.0,0.0,918.4,0.0,0.0
O2,H40,0.4,0.03333333333333333,2022-12-01,Ready Mixed Concrete,2023-05-01,5,1041.6,117.6,0.0,0.0,1041.6,0.0,0.0
O2,H40,0.4,0.03333333333333333,2022-12-01,Ready Mixed Concrete,2023-06-01,6,1020.3,117.3,1014.754638671875,0.0,1020.3,119030.71911621094,0.0
O2,H40,0.4,0.03333333333333333,2022-12-01,Ready Mixed Concrete,2023-07-01,7,1046.0,116.3,1021.420166015625,0.0,1046.0,118791.16530761718,0.0
O2,H40,0.4,0.03333333333333333,2022-12-01,Ready Mixed Concrete,2023-08-01,8,1113.5,116.4,1028.085693359375,0.0,98.745361328125,119669.17470703126,0.0
O2,H40,0.4,0.03333333333333333,2022-12-01,Ready Mixed Concrete,2023-09-01,9,1081.8,116.6,1034.751220703125,954.3748046875,0.0,120651.99233398437,3709.3367408854165
O2,H40,0.4,0.03333333333333333,2022-12-01,Ready Mixed Concrete,2023-10-01,10,1101.2,116.4,971.192321677344,2917.435302734375,0.0,113046.78624324285,11319.648974609376
O2,H40,0.4,0.03333333333333333,2022-12-01,Ready Mixed Concrete,2023-11-01,11,1070.0,115.4,0.0,5946.447021484375,0.0,0.0,22873.99954264323
O2,H40,0.4,0.03333333333333333,2022-12-01,Ready Mixed Concrete,2023-12-01,12,1101.6,115.4,0.0,9915.051061911718,0.0,0.0,38139.89641815374
O2,H40,0.4,0.03333333333333333,2022-12-01,Steel Reinforcement Bars,2023-01-01,1,79.16,922.6,0.0,0.0,79.16,0.0,0.0
O2,H40,0.4,0.03333333333333333,2022-12-01,Steel Reinforcement Bars,2023-02-01,2,100.49,942.1,0.0,0.0,100.49,0.0,0.0
O2,H40,0.4,0.03333333333333333,2022-12-01,Steel Reinforcement Bars,2023-03-01,3,57.1,946.6,0.0,0.0,57.1,0.0,0.0
O2,H40,0.4,0.03333333333333333,2022-12-01,Steel Reinforcement Bars,2023-04-01,4,67.2,940.1,0.0,0.0,67.2,0.0,0.0
O2,H40,0.4,0.03333333333333333,2022-12-01,Steel Reinforcement Bars,2023-05-01,5,152.2,922.8,0.0,0.0,152.2,0.0,0.0
O2,H40,0.4,0.03333333333333333,2022-12-01,Steel Reinforcement Bars,2023-06-01,6,135.08,885.5,84.74068059458011,0.0,135.08,75037.87266650068,0.0
O2,H40,0.4,0.03333333333333333,2022-12-01,Steel Reinforcement Bars,2023-07-01,7,141.5,859.2,99.93511962890624,0.0,141.5,85864.25478515624,0.0
O2,H40,0.4,0.03333333333333333,2022-12-01,Steel Reinforcement Bars,2023-08-01,8,173.95,832.6,100.04652659098308,0.0,89.20931940541988,83298.73803965251,0.0
O2,H40,0.4,0.03333333333333333,2022-12-01,Steel Reinforcement Bars,2023-09-01,9,140.71,830.1,100.15793355305988,43.965800223486355,0.0,83141.100642395,1216.5336921838675
O2,H40,0.4,0.03333333333333333,2022-12-01,Steel Reinforcement Bars,2023-10-01,10,162.59,827.4,100.26934051513672,166.09812703795583,0.0,82962.85234222411,4580.986343706822
O2,H40,0.4,0.03333333333333333,2022-12-01,Steel Reinforcement Bars,2023-11-01,11,187.13,826.7,0.0,363.84838740548514,0.0,0.0,10026.448728937154
O2,H40,0.4,0.03333333333333333,2022-12-01,Steel Reinforcement Bars,2023-12-01,12,122.5,819.7,0.0,726.4979882881512,0.0,0.0,19850.346699993253
O2,H40,0.4,0.03333333333333333,2023-01-01,Cement,2023-02-01,1,282.49,118.4,0.0,0.0,282.49,0.0,0.0
O2,H40,0.4,0.03333333333333333,2023-01-01,Cement,2023-03-01,2,427.87,118.2,0.0,0.0,427.87,0.0,0.0
O2,H40,0.4,0.03333333333333333,2023-01-01,Cement,2023-04-01,3,315.7,118.0,0.0,0.0,315.7,0.0,0.0
O2,H40,0.4,0.03333333333333333,2023-01-01,Cement,2023-05-01,4,398.82,117.2,0.0,0.0,398.82,0.0,0.0
O2,H40,0.4,0.03333333333333333,2023-01-01,Cement,2023-06-01,5,335.0,116.7,42.84547668629574,0.0,335.0,5000.067129290713,0.0
O2,H40,0.4,0.03333333333333333,2023-01-01,Cement,2023-07-01,6,425.98,115.2,324.67552693684894,0.0,425.98,37402.620703125,0.0
O2,H40,0.4,0.03333333333333333,2023-01-01,Cement,2023-08-01,7,378.3,114.4,320.6295623779297,0.0,335.45452331370427,36680.021936035155,0.0
O2,H40,0.4,0.03333333333333333,2023-01-01,Cement,2023-09-01,8,446.33,113.5,316.58359781901044,0.0,78.8089963768553,35932.23835245769,0.0
O2,H40,0.4,0.03333333333333333,2023-01-01,Cement,2023-10-01,9,335.47,113.2,312.5376332600911,352.68056600107434,0.0,35379.26008504232,1330.7813357107204
O2,H40,0.4,0.03333333333333333,2023-01-01,Cement,2023-11-01,10,381.97,112.0,308.4916687011719,975.4447298211592,0.0,34551.06689453125,3641.660324665661
O2,H40,0.4,0.03333333333333333,2023-01-01,Cement,2023-12-01,11,467.38,111.7,0.0,1825.3365269013348,0.0,0.0,6796.336335162636
O2,H40,0.4,0.03333333333333333,2023-01-01,Cement,2024-01-01,12,434.45,110.6,0.0,3016.6499926826828,0.0,0.0,11121.38297302349
O2,H40,0.4,0.03333333333333333,2023-01-01,Granite,2023-02-01,1,1455.1,18.5,0.0,0.0,1455.1,0.0,0.0
O2,H40,0.4,0.03333333333333333,2023-01-01,Granite,2023-03-01,2,1561.4,18.3,0.0,0.0,1561.4,0.0,0.0
O2,H40,0.4,0.03333333333333333,2023-01-01,Granite,2023-04-01,3,1395.2,18.6,1434.9439139650983,0.0,1395.2,26689.95679975083,0.0
O2,H40,0.4,0.03333333333333333,2023-01-01,Granite,2023-05-01,4,1844.9,18.3,1657.986513336458,0.0,1844.9,30341.153194057184,0.0
O2,H40,0.4,0.03333333333333333,2023-01-01,Granite,2023-06-01,5,1659.3,18.5,1632.74919610318,0.0,224.35608603490164,30205.860127908833,0.0
O2,H40,0.4,0.03333333333333333,2023-01-01,Granite,2023-07-01,6,1674.3,18.5,1607.5118788699017,1418.6304273015564,0.0,29738.969759093183,874.8220968359599
O2,H40,0.4,0.03333333333333333,2023-01-01,Granite,2023-08-01,7,1755.2,18.5,1582.2745616366233,4389.110050706293,0.0,29272.07939027753,2706.617864602214
O2,H40,0.4,0.03333333333333333,2023-01-01,Granite,2023-09-01,8,1729.4,18.6,0.0,8992.901552980931,0.0,0.0,5575.5989628481775
O2,H40,0.4,0.03333333333333333,2023-01-01,Granite,2023-10-01,9,1742.2,19.5,0.0,15166.167616892191,0.0,0.0,9858.008950979925
O2,H40,0.4,0.03333333333333333,2023-01-01,Granite,2023-11-01,10,1621.1,20.3,0.0,21460.533680803455,0.0,0.0,14521.627790677005
O2,H40,0.4,0.03333333333333333,2023-01-01,Granite,2023-12-01,11,1531.7,21.2,0.0,27844.299744714717,0.0,0.0,19676.638486265067
O2,H40,0.4,0.03333333333333333,2023-01-01,Granite,2024-01-01,12,1664.5,22.3,0.0,34095.265808625976,0.0,0.0,25344.147584411978
O2,H40,0.4,0.03333333333333333,2023-01-01,Ready Mixed Concrete,2023-02-01,1,897.3,118.1,0.0,0.0,897.3,0.0,0.0
O2,H40,0.4,0.03333333333333333,2023-01-01,Ready Mixed Concrete,2023-03-01,2,1070.7,116.8,0.0,0.0,1070.7,0.0,0.0
O2,H40,0.4,0.03333333333333333,2023-01-01,Ready Mixed Concrete,2023-04-01,3,918.4,117.2,0.0,0.0,918.4,0.0,0.0
O2,H40,0.4,0.03333333333333333,2023-01-01,Ready Mixed Concrete,2023-05-01,4,1041.6,117.6,0.0,0.0,1041.6,0.0,0.0
O2,H40,0.4,0.03333333333333333,2023-01-01,Ready Mixed Concrete,2023-06-01,5,1020.3,117.3,54.14152008229178,0.0,1020.3,6350.800305652825,0.0
O2,H40,0.4,0.03333333333333333,2023-01-01,Ready Mixed Concrete,2023-07-01,6,1046.0,116.3,991.3560994466146,0.0,1046.0,115294.71436564128,0.0
O2,H40,0.4,0.03333333333333333,2023-01-01,Ready Mixed Concrete,2023-08-01,7,1113.5,116.4,987.7769165039062,0.0,1059.3584799177083,114977.2330810547,0.0
O2,H40,0.4,0.03333333333333333,2023-01-01,Ready Mixed Concrete,2023-09-01,8,1081.8,116.6,984.197733561198,0.0,36.30238047109356,114757.45573323568,0.0
O2,H40,0.4,0.03333333333333333,2023-01-01,Ready Mixed Concrete,2023-10-01,9,1101.2,116.4,980.6185506184896,932.0745360328126,0.0,114143.9992919922,3616.449199807313
O2,H40,0.4,0.03333333333333333,2023-01-01,Ready Mixed Concrete,2023-11-01,10,1070.0,115.4,977.0393676757812,2879.5468056268237,0.0,112750.34302978516,11076.656712311182
O2,H40,0.4,0.03333333333333333,2023-01-01,Ready Mixed Concrete,2023-12-01,11,1101.6,115.4,0.0,5776.037625839324,0.0,0.0,22218.491400728602
O2,H40,0.4,0.03333333333333333,2023-01-01,Ready Mixed Concrete,2024-01-01,12,1071.7,118.1,0.0,9679.467813727606,0.0,0.0,38104.83829337434
O2,H40,0.4,0.03333333333333333,2023-01-01,Steel Reinforcement Bars,2023-02-01,1,100.49,942.1,0.0,0.0,100.49,0.0,0.0
O2,H40,0.4,0.03333333333333333,2023-01-01,Steel Reinforcement Bars,2023-03-01,2,57.1,946.6,0.0,0.0,57.1,0.0,0.0
O2,H40,0.4,0.03333333333333333,2023-01-01,Steel Reinforcement Bars,2023-04-01,3,67.2,940.1,0.0,0.0,67.2,0.0,0.0
O2,H40,0.4,0.03333333333333333,2023-01-01,Steel Reinforcement Bars,2023-05-01,4,152.2,922.8,0.0,0.0,152.2,0.0,0.0
O2,H40,0.4,0.03333333333333333,2023-01-01,Steel Reinforcement Bars,2023-06-01,5,135.08,885.5,0.0,0.0,135.08,0.0,0.0
O2,H40,0.4,0.03333333333333333,2023-01-01,Steel Reinforcement Bars,2023-07-01,6,141.5,859.2,69.8822401954102,0.0,141.5,60042.82077589645,0.0
O2,H40,0.4,0.03333333333333333,2023-01-01,Steel Reinforcement Bars,2023-08-01,7,173.95,832.6,89.82319641113281,0.0,173.95,74786.79333190918,0.0
O2,H40,0.4,0.03333333333333333,2023-01-01,Steel Reinforcement Bars,2023-09-01,8,140.71,830.1,91.3185526529948,0.0,70.8277598045898,75803.53055725098,0.0
O2,H40,0.4,0.03333333333333333,2023-01-01,Steel Reinforcement Bars,2023-10-01,9,162.59,827.4,92.81390889485678,0.0,2.8845633934570003,76794.2282196045,0.0
O2,H40,0.4,0.03333333333333333,2023-01-01,Steel Reinforcement Bars,2023-11-01,10,187.13,826.7,94.30926513671876,63.89398925953782,0.0,77965.46948852541,1760.705364028664
O2,H40,0.4,0.03333333333333333,2023-01-01,Steel Reinforcement Bars,2023-12-01,11,122.5,819.7,0.0,285.2318874139324,0.0,0.0,7793.48593710668
O2,H40,0.4,0.03333333333333333,2023-01-01,Steel Reinforcement Bars,2024-01-01,12,179.85,833.7,0.0,543.5290507050457,0.0,0.0,15104.672319093223
O2,H40,0.4,0.03333333333333333,2023-02-01,Cement,2023-03-01,1,427.87,118.2,0.0,0.0,427.87,0.0,0.0
O2,H40,0.4,0.03333333333333333,2023-02-01,Cement,2023-04-01,2,315.7,118.0,0.0,0.0,315.7,0.0,0.0
O2,H40,0.4,0.03333333333333333,2023-02-01,Cement,2023-05-01,3,398.82,117.2,0.0,0.0,398.82,0.0,0.0
O2,H40,0.4,0.03333333333333333,2023-02-01,Cement,2023-06-01,4,335.0,116.7,0.0,0.0,335.0,0.0,0.0
O2,H40,0.4,0.03333333333333333,2023-02-01,Cement,2023-07-01,5,425.98,115.2,0.0,0.0,425.98,0.0,0.0
O2,H40,0.4,0.03333333333333333,2023-02-01,Cement,2023-08-01,6,378.3,114.4,347.4878844214845,0.0,378.3,39752.61397781783,0.0
O2,H40,0.4,0.03333333333333333,2023-02-01,Cement,2023-09-01,7,446.33,113.5,372.7615966796875,0.0,446.33,42308.44122314453,0.0
O2,H40,0.4,0.03333333333333333,2023-02-01,Cement,2023-10-01,8,335.47,113.2,373.8863525390625,12.017884421484496,0.0,42323.93510742188,45.34748388373483
O2,H40,0.4,0.03333333333333333,2023-02-01,Cement,2023-11-01,9,381.97,112.0,375.0111083984375,350.2973655226565,0.0,42001.244140625,1307.7768312845842
O2,H40,0.4,0.03333333333333333,2023-02-01,Cement,2023-12-01,10,467.38,111.7,376.1358642578125,977.053199162891,0.0,42014.376037597656,3637.894744883164
O2,H40,0.4,0.03333333333333333,2023-02-01,Cement,2024-01-01,11,434.45,110.6,0.0,2011.7501412015629,0.0,0.0,7416.652187229762
O2,H40,0.4,0.03333333333333333,2023-02-01,Cement,2024-02-01,12,367.77,110.6,0.0,3489.262947498047,0.0,0.0,12863.749399776134
O2,H40,0.4,0.03333333333333333,2023-02-01,Granite,2023-03-01,1,1561.4,18.3,0.0,0.0,1561.4,0.0,0.0
O2,H40,0.4,0.03333333333333333,2023-02-01,Granite,2023-04-01,2,1395.2,18.6,0.0,0.0,1395.2,0.0,0.0
O2,H40,0.4,0.03333333333333333,2023-02-01,Granite,2023-05-01,3,1844.9,18.3,1519.6736458802625,0.0,1844.9,27810.027719608803,0.0
O2,H40,0.4,0.03333333333333333,2023-02-01,Granite,2023-06-01,4,1659.3,18.5,1538.9252290761358,0.0,1659.3,28470.116737908513,0.0
O2,H40,0.4,0.03333333333333333,2023-02-01,Granite,2023-07-01,5,1674.3,18.5,1521.030709159783,0.0,154.62635411973747,28139.068119455987,0.0
O2,H40,0.4,0.03333333333333333,2023-02-01,Granite,2023-08-01,6,1755.2,18.5,1503.1361892434302,1303.3988749563985,0.0,27808.01950100346,803.7626395564457
O2,H40,0.4,0.03333333333333333,2023-02-01,Granite,2023-09-01,7,1729.4,18.6,1366.213163211741,4153.628459072581,0.0,25411.564835738383,2575.249644625
O2,H40,0.4,0.03333333333333333,2023-02-01,Granite,2023-10-01,8,1742.2,19.5,0.0,8494.194232432192,0.0,0.0,5521.226251080925
O2,H40,0.4,0.03333333333333333,2023-02-01,Granite,2023-11-01,9,1621.1,20.3,0.0,14322.073169003545,0.0,0.0,9691.269511025732
O2,H40,0.4,0.03333333333333333,2023-02-01,Granite,2023-12-01,10,1531.7,21.2,0.0,20239.352105574897,0.0,0.0,14302.475487939593
O2,H40,0.4,0.03333333333333333,2023-02-01,Granite,2024-01-01,11,1664.5,22.3,0.0,26023.83104214625,0.0,0.0,19344.381074662047
O2,H40,0.4,0.03333333333333333,2023-02-01,Granite,2024-02-01,12,1201.2,22.2,0.0,32271.609978717603,0.0,0.0,23880.991384251025
O2,H40,0.4,0.03333333333333333,2023-02-01,Ready Mixed Concrete,2023-03-01,1,1070.7,116.8,0.0,0.0,1070.7,0.0,0.0
O2,H40,0.4,0.03333333333333333,2023-02-01,Ready Mixed Concrete,2023-04-01,2,918.4,117.2,0.0,0.0,918.4,0.0,0.0
O2,H40,0.4,0.03333333333333333,2023-02-01,Ready Mixed Concrete,2023-05-01,3,1041.6,117.6,0.0,0.0,1041.6,0.0,0.0
O2,H40,0.4,0.03333333333333333,2023-02-01,Ready Mixed Concrete,2023-06-01,4,1020.3,117.3,0.0,0.0,1020.3,0.0,0.0
O2,H40,0.4,0.03333333333333333,2023-02-01,Ready Mixed Concrete,2023-07-01,5,1046.0,116.3,138.39943430755227,0.0,1046.0,16095.854209968329,0.0
O2,H40,0.4,0.03333333333333333,2023-02-01,Ready Mixed Concrete,2023-08-01,6,1113.5,116.4,933.2443644205728,0.0,1113.5,108629.64401855468,0.0
O2,H40,0.4,0.03333333333333333,2023-02-01,Ready Mixed Concrete,2023-09-01,7,1081.8,116.6,916.7461547851562,0.0,943.4005656924477,106892.60164794921,0.0
O2,H40,0.4,0.03333333333333333,2023-02-01,Ready Mixed Concrete,2023-10-01,8,1101.2,116.4,900.2479451497396,0.0,29.556201271874897,104788.8608154297,0.0
O2,H40,0.4,0.03333333333333333,2023-02-01,Ready Mixed Concrete,2023-11-01,9,1070.0,115.4,883.7497355143229,918.3899535132814,0.0,101984.71947835287,3532.740021181089
O2,H40,0.4,0.03333333333333333,2023-02-01,Ready Mixed Concrete,2023-12-01,10,1101.6,115.4,867.2515258789062,2705.4278521763026,0.0,100080.82608642579,10406.879138038177
O2,H40,0.4,0.03333333333333333,2023-02-01,Ready Mixed Concrete,2024-01-01,11,1071.7,118.1,0.0,5406.115486353647,0.0,0.0,21282.074631278854
O2,H40,0.4,0.03333333333333333,2023-02-01,Ready Mixed Concrete,2024-02-01,12,874.95,118.0,0.0,9170.804646409895,0.0,0.0,36071.831609212255
O2,H40,0.4,0.03333333333333333,2023-02-01,Steel Reinforcement Bars,2023-03-01,1,57.1,946.6,0.0,0.0,57.1,0.0,0.0
O2,H40,0.4,0.03333333333333333,2023-02-01,Steel Reinforcement Bars,2023-04-01,2,67.2,940.1,0.0,0.0,67.2,0.0,0.0
O2,H40,0.4,0.03333333333333333,2023-02-01,Steel Reinforcement Bars,2023-05-01,3,152.2,922.8,0.0,0.0,152.2,0.0,0.0
O2,H40,0.4,0.03333333333333333,2023-02-01,Steel Reinforcement Bars,2023-06-01,4,135.08,885.5,0.0,0.0,135.08,0.0,0.0
O2,H40,0.4,0.03333333333333333,2023-02-01,Steel Reinforcement Bars,2023-07-01,5,141.5,859.2,1.6037278764811589,0.0,141.5,1377.9229914726118,0.0
O2,H40,0.4,0.03333333333333333,2023-02-01,Steel Reinforcement Bars,2023-08-01,6,173.95,832.6,82.16102345784505,0.0,173.95,68407.2681310018,0.0
O2,H40,0.4,0.03333333333333333,2023-02-01,Steel Reinforcement Bars,2023-09-01,7,140.71,830.1,82.32582092285156,0.0,139.10627212351886,68338.66394805908,0.0
O2,H40,0.4,0.03333333333333333,2023-02-01,Steel Reinforcement Bars,2023-10-01,8,162.59,827.4,82.49061838785808,0.0,78.8252486656738,68252.73765411378,0.0
O2,H40,0.4,0.03333333333333333,2023-02-01,Steel Reinforcement Bars,2023-11-01,9,187.13,826.7,82.65541585286458,0.0,21.039427742822227,68331.23228556315,0.0
O2,H40,0.4,0.03333333333333333,2023-02-01,Steel Reinforcement Bars,2023-12-01,10,122.5,819.7,82.8202133178711,126.08119064503586,0.0,67887.72885665894,3444.958399057863
O2,H40,0.4,0.03333333333333333,2023-02-01,Steel Reinforcement Bars,2024-01-01,11,179.85,833.7,0.0,277.4677971429363,0.0,0.0,7710.830082602201
O2,H40,0.4,0.03333333333333333,2023-02-01,Steel Reinforcement Bars,2024-02-01,12,60.8,829.6,0.0,630.7246169587079,0.0,0.0,17441.638074298135
O2,H40,0.4,0.03333333333333333,2023-03-01,Cement,2023-04-01,1,315.7,118.0,0.0,0.0,315.7,0.0,0.0
O2,H40,0.4,0.03333333333333333,2023-03-01,Cement,2023-05-01,2,398.82,117.2,0.0,0.0,398.82,0.0,0.0
O2,H40,0.4,0.03333333333333333,2023-03-01,Cement,2023-06-01,3,335.0,116.7,0.0,0.0,335.0,0.0,0.0
O2,H40,0.4,0.03333333333333333,2023-03-01,Cement,2023-07-01,4,425.98,115.2,0.0,0.0,425.98,0.0,0.0
O2,H40,0.4,0.03333333333333333,2023-03-01,Cement,2023-08-01,5,378.3,114.4,18.73551930917984,0.0,378.3,2143.3434089701736,0.0
O2,H40,0.4,0.03333333333333333,2023-03-01,Cement,2023-09-01,6,446.33,113.5,344.84649658203125,0.0,446.33,39140.07736206055,0.0
O2,H40,0.4,0.03333333333333333,2023-03-01,Cement,2023-10-01,7,335.47,113.2,345.7036437988281,0.0,316.7344806908202,39133.65247802735,0.0
O2,H40,0.4,0.03333333333333333,2023-03-01,Cement,2023-11-01,8,381.97,112.0,346.560791015625,0.0,18.38798410878894,38814.80859375,0.0
O2,H40,0.4,0.03333333333333333,2023-03-01,Cement,2023-12-01,9,467.38,111.7,347.4179382324219,241.90565969003922,0.0,38806.583700561525,900.6954062459126
O2,H40,0.4,0.03333333333333333,2023-03-01,Cement,2024-01-01,10,434.45,110.6,348.27508544921875,863.3021103957033,0.0,38519.22445068359,3182.707113658826
O2,H40,0.4,0.03333333333333333,2023-03-01,Cement,2024-02-01,11,367.77,110.6,0.0,1898.7964993337896,0.0,0.0,7000.229760877238
O2,H40,0.4,0.03333333333333333,2023-03-01,Cement,2024-03-01,12,318.63,110.8,0.0,3331.7059737210943,0.0,0.0,12305.100729609909
O2,H40,0.4,0.03333333333333333,2023-03-01,Granite,2023-04-01,1,1395.2,18.6,0.0,0.0,1395.2,0.0,0.0
O2,H40,0.4,0.03333333333333333,2023-03-01,Granite,2023-05-01,2,1844.9,18.3,1473.918400940882,0.0,1844.9,26972.706737218145,0.0
O2,H40,0.4,0.03333333333333333,2023-03-01,Granite,2023-06-01,3,1659.3,18.5,1556.811505507157,0.0,1659.3,28801.012851882406,0.0
O2,H40,0.4,0.03333333333333333,2023-03-01,Granite,2023-07-01,4,1674.3,18.5,1533.8030780254771,0.0,200.3815990591179,28375.356943471328,0.0
O2,H40,0.4,0.03333333333333333,2023-03-01,Granite,2023-08-01,5,1755.2,18.5,1519.6828737657495,1275.5299064480394,0.0,28114.133164666364,786.5767756429576
O2,H40,0.4,0.03333333333333333,2023-03-01,Granite,2023-09-01,6,1729.4,18.6,1505.5626695060223,4110.662890921556,0.0,28003.465652812018,2548.610992371365
O2,H40,0.4,0.03333333333333333,2023-03-01,Granite,2023-10-01,7,1742.2,19.5,0.0,8452.678749160823,0.0,0.0,5494.241186954535
O2,H40,0.4,0.03333333333333333,2023-03-01,Granite,2023-11-01,8,1621.1,20.3,0.0,14421.357276906112,0.0,0.0,9758.451757373135
O2,H40,0.4,0.03333333333333333,2023-03-01,Granite,2023-12-01,9,1531.7,21.2,0.0,20479.4358046514,0.0,0.0,14472.134635286988
O2,H40,0.4,0.03333333333333333,2023-03-01,Granite,2024-01-01,10,1664.5,22.3,0.0,26404.71433239669,0.0,0.0,19627.504320414875
O2,H40,0.4,0.03333333333333333,2023-03-01,Granite,2024-02-01,11,1201.2,22.2,0.0,32793.292860141984,0.0,0.0,24267.036716505067
O2,H40,0.4,0.03333333333333333,2023-03-01,Granite,2024-03-01,12,1688.6,22.4,0.0,38694.47138788728,0.0,0.0,28891.871969622498
O2,H40,0.4,0.03333333333333333,2023-03-01,Ready Mixed Concrete,2023-04-01,1,918.4,117.2,0.0,0.0,918.4,0.0,0.0
O2,H40,0.4,0.03333333333333333,2023-03-01,Ready Mixed Concrete,2023-05-01,2,1041.6,117.6,0.0,0.0,1041.6,0.0,0.0
O2,H40,0.4,0.03333333333333333,2023-03-01,Ready Mixed Concrete,2023-06-01,3,1020.3,117.3,0.0,0.0,1020.3,0.0,0.0
O2,H40,0.4,0.03333333333333333,2023-03-01,Ready Mixed Concrete,2023-07-01,4,1046.0,116.3,0.0,0.0,1046.0,0.0,0.0
O2,H40,0.4,0.03333333333333333,2023-03-01,Ready Mixed Concrete,2023-08-01,5,1113.5,116.4,3.9410145077475818,0.0,1113.5,458.73408870181856,0.0
O2,H40,0.4,0.03333333333333333,2023-03-01,Ready Mixed Concrete,2023-09-01,6,1081.8,116.6,998.557657877604,0.0,1081.8,116431.82290852863,0.0
O2,H40,0.4,0.03333333333333333,2023-03-01,Ready Mixed Concrete,2023-10-01,7,1101.2,116.4,998.212432861328,0.0,1097.2589854922526,116191.92718505858,0.0
O2,H40,0.4,0.03333333333333333,2023-03-01,Ready Mixed Concrete,2023-11-01,8,1070.0,115.4,997.867207845052,0.0,67.5013276146484,115153.875785319,0.0
O2,H40,0.4,0.03333333333333333,2023-03-01,Ready Mixed Concrete,2023-12-01,9,1101.6,115.4,997.521982828776,899.1111052466797,0.0,115114.03681844076,3458.580718182228
O2,H40,0.4,0.03333333333333333,2023-03-01,Ready Mixed Concrete,2024-01-01,10,1071.7,118.1,997.1767578125,2825.9894183384113,0.0,117766.57509765624,11124.978343525545
O2,H40,0.4,0.03333333333333333,2023-03-01,Ready Mixed Concrete,2024-02-01,11,874.95,118.0,0.0,5947.1397142589185,0.0,0.0,23392.082876085078
O2,H40,0.4,0.03333333333333333,2023-03-01,Ready Mixed Concrete,2024-03-01,12,1112.0,118.0,0.0,9828.416767991926,0.0,0.0,38658.43928743491
O2,H40,0.4,0.03333333333333333,2023-03-01,Steel Reinforcement Bars,2023-04-01,1,67.2,940.1,0.0,0.0,67.2,0.0,0.0
O2,H40,0.4,0.03333333333333333,2023-03-01,Steel Reinforcement Bars,2023-05-01,2,152.2,922.8,0.0,0.0,152.2,0.0,0.0
O2,H40,0.4,0.03333333333333333,2023-03-01,Steel Reinforcement Bars,2023-06-01,3,135.08,885.5,0.0,0.0,135.08,0.0,0.0
O2,H40,0.4,0.03333333333333333,2023-03-01,Steel Reinforcement Bars,2023-07-01,4,141.5,859.2,0.0,0.0,141.5,0.0,0.0
O2,H40,0.4,0.03333333333333333,2023-03-01,Steel Reinforcement Bars,2023-08-01,5,173.95,832.6,0.619963863826527,0.0,173.95,516.1819130219664,0.0
O2,H40,0.4,0.03333333333333333,2023-03-01,Steel Reinforcement Bars,2023-09-01,6,140.71,830.1,90.63685099283856,0.0,140.71,75237.65000915529,0.0
O2,H40,0.4,0.03333333333333333,2023-03-01,Steel Reinforcement Bars,2023-10-01,7,162.59,827.4,90.82434463500977,0.0,161.97003613617346,75148.06275100708,0.0
O2,H40,0.4,0.03333333333333333,2023-03-01,Steel Reinforcement Bars,2023-11-01,8,187.13,826.7,91.01183827718098,0.0,95.87318514333491,75239.48670374553,0.0
O2,H40,0.4,0.03333333333333333,2023-03-01,Steel Reinforcement Bars,2023-12-01,9,122.5,819.7,91.19933191935222,59.58115949167484,0.0,74756.09237429302,1627.955881177529
O2,H40,0.4,0.03333333333333333,2023-03-01,Steel Reinforcement Bars,2024-01-01,10,179.85,833.7,91.38682556152344,152.82415726053065,0.0,76189.1964706421,4246.983330270147
O2,H40,0.4,0.03333333333333333,2023-03-01,Steel Reinforcement Bars,2024-02-01,11,60.8,829.6,0.0,456.3164869487387,0.0,0.0,12618.67191908912
O2,H40,0.4,0.03333333333333333,2023-03-01,Steel Reinforcement Bars,2024-03-01,12,91.23,821.7,0.0,820.7656421984702,0.0,0.0,22480.7709398161
O2,H40,0.4,0.03333333333333333,2023-04-01,Cement,2023-05-01,1,398.82,117.2,0.0,0.0,398.82,0.0,0.0
O2,H40,0.4,0.03333333333333333,2023-04-01,Cement,2023-06-01,2,335.0,116.7,0.0,0.0,335.0,0.0,0.0
O2,H40,0.4,0.03333333333333333,2023-04-01,Cement,2023-07-01,3,425.98,115.2,0.0,0.0,425.98,0.0,0.0
O2,H40,0.4,0.03333333333333333,2023-04-01,Cement,2023-08-01,4,378.3,114.4,0.0,0.0,378.3,0.0,0.0
O2,H40,0.4,0.03333333333333333,2023-04-01,Cement,2023-09-01,5,446.33,113.5,0.0,0.0,446.33,0.0,0.0
O2,H40,0.4,0.03333333333333333,2023-04-01,Cement,2023-10-01,6,335.47,113.2,312.8338545752931,0.0,335.47,35412.79233792318,0.0
O2,H40,0.4,0.03333333333333333,2023-04-01,Cement,2023-11-01,7,381.97,112.0,359.3914337158203,0.0,381.97,40251.840576171875,0.0
O2,H40,0.4,0.03333333333333333,2023-04-01,Cement,2023-12-01,8,467.38,111.7,365.544677734375,0.0,154.54614542470688,40831.34050292969,0.0
O2,H40,0.4,0.03333333333333333,2023-04-01,Cement,2024-01-01,9,434.45,110.6,371.6979217529297,237.77528829111344,0.0,41109.79014587402,876.5982294999048
O2,H40,0.4,0.03333333333333333,2023-04-01,Cement,2024-02-01,10,367.77,110.6,377.8511657714844,907.7752543166018,0.0,41790.33893432617,3346.664770913872
O2,H40,0.4,0.03333333333333333,2023-04-01,Cement,2024-03-01,11,318.63,110.8,0.0,1998.6131420950196,0.0,0.0,7381.544538137606
O2,H40,0.4,0.03333333333333333,2023-04-01,Cement,2024-04-01,12,395.86,110.2,0.0,3390.072195644922,0.0,0.0,12452.865198669013
O2,H40,0.4,0.03333333333333333,2023-04-01,Granite,2023-05-01,1,1844.9,18.3,0.0,0.0,1844.9,0.0,0.0
O2,H40,0.4,0.03333333333333333,2023-04-01,Granite,2023-06-01,2,1659.3,18.5,1552.376910751703,0.0,1659.3,28718.972848906506,0.0
O2,H40,0.4,0.03333333333333333,2023-04-01,Granite,2023-07-01,3,1674.3,18.5,1524.2863152266425,0.0,1674.3,28199.296831692885,0.0
O2,H40,0.4,0.03333333333333333,2023-04-01,Granite,2023-08-01,4,1755.2,18.5,1496.1957197015818,0.0,202.82308924829704,27679.62081447926,0.0
O2,H40,0.4,0.03333333333333333,2023-04-01,Granite,2023-09-01,5,1729.4,18.6,1498.466893419626,1347.2632259783454,0.0,27871.484217605048,835.3032001065742
O2,H40,0.4,0.03333333333333333,2023-04-01,Granite,2023-10-01,6,1742.2,19.5,1500.7380671376702,4177.922171658273,0.0,29264.392309184568,2715.649411577878
O2,H40,0.4,0.03333333333333333,2023-04-01,Granite,2023-11-01,7,1621.1,20.3,17.03380278533018,8628.148010757826,0.0,345.7861965422027,5838.380153946129
O2,H40,0.4,0.03333333333333333,2023-04-01,Granite,2023-12-01,8,1531.7,21.2,0.0,14668.511916995049,0.0,0.0,10365.748421343167
O2,H40,0.4,0.03333333333333333,2023-04-01,Granite,2024-01-01,9,1664.5,22.3,0.0,20593.109626017602,0.0,0.0,15307.544822006419
O2,H40,0.4,0.03333333333333333,2023-04-01,Granite,2024-02-01,10,1201.2,22.2,0.0,26981.007335040154,0.0,0.0,19965.945427929713
O2,H40,0.4,0.03333333333333333,2023-04-01,Granite,2024-03-01,11,1688.6,22.4,0.0,32881.50504406271,0.0,0.0,24551.523766233488
O2,H40,0.4,0.03333333333333333,2023-04-01,Granite,2024-04-01,12,1470.5,22.3,0.0,39000.102753085266,0.0,0.0,28990.076379793383
O2,H40,0.4,0.03333333333333333,2023-04-01,Ready Mixed Concrete,2023-05-01,1,1041.6,117.6,0.0,0.0,1041.6,0.0,0.0
O2,H40,0.4,0.03333333333333333,2023-04-01,Ready Mixed Concrete,2023-06-01,2,1020.3,117.3,0.0,0.0,1020.3,0.0,0.0
O2,H40,0.4,0.03333333333333333,2023-04-01,Ready Mixed Concrete,2023-07-01,3,1046.0,116.3,0.0,0.0,1046.0,0.0,0.0
O2,H40,0.4,0.03333333333333333,2023-04-01,Ready Mixed Concrete,2023-08-01,4,1113.5,116.4,0.0,0.0,1113.5,0.0,0.0
O2,H40,0.4,0.03333333333333333,2023-04-01,Ready Mixed Concrete,2023-09-01,5,1081.8,116.6,27.31025685800796,0.0,1081.8,3184.375949643728,0.0
O2,H40,0.4,0.03333333333333333,2023-04-01,Ready Mixed Concrete,2023-10-01,6,1101.2,116.4,937.3118286132812,0.0,1101.2,109103.09685058595,0.0
O2,H40,0.4,0.03333333333333333,2023-04-01,Ready Mixed Concrete,2023-11-01,7,1070.0,115.4,933.939422607422,0.0,1042.689743141992,107776.6093688965,0.0
O2,H40,0.4,0.03333333333333333,2023-04-01,Ready Mixed Concrete,2023-12-01,8,1101.6,115.4,930.5670166015624,0.0,136.9779145287107,107387.4337158203,0.0
O2,H40,0.4,0.03333333333333333,2023-04-01,Ready Mixed Concrete,2024-01-01,9,1071.7,118.1,927.1946105957032,826.861508078711,0.0,109501.68351135254,3255.078136803192
O2,H40,0.4,0.03333333333333333,2023-04-01,Ready Mixed Concrete,2024-02-01,10,874.95,118.0,923.8222045898438,2781.040032758985,0.0,109011.02014160156,10938.75746218534
O2,H40,0.4,0.03333333333333333,2023-04-01,Ready Mixed Concrete,2024-03-01,11,1112.0,118.0,0.0,5425.363168034962,0.0,0.0,21339.76179427085
O2,H40,0.4,0.03333333333333333,2023-04-01,Ready Mixed Concrete,2024-04-01,12,1114.9,119.2,0.0,8990.608507900783,0.0,0.0,35722.684471392444
O2,H40,0.4,0.03333333333333333,2023-04-01,Steel Reinforcement Bars,2023-05-01,1,152.2,922.8,0.0,0.0,152.2,0.0,0.0
O2,H40,0.4,0.03333333333333333,2023-04-01,Steel Reinforcement Bars,2023-06-01,2,135.08,885.5,0.0,0.0,135.08,0.0,0.0
O2,H40,0.4,0.03333333333333333,2023-04-01,Steel Reinforcement Bars,2023-07-01,3,141.5,859.2,0.0,0.0,141.5,0.0,0.0
O2,H40,0.4,0.03333333333333333,2023-04-01,Steel Reinforcement Bars,2023-08-01,4,173.95,832.6,0.0,0.0,173.95,0.0,0.0
O2,H40,0.4,0.03333333333333333,2023-04-01,Steel Reinforcement Bars,2023-09-01,5,140.71,830.1,5.435730516251667,0.0,140.71,4512.199901540509,0.0
O2,H40,0.4,0.03333333333333333,2023-04-01,Steel Reinforcement Bars,2023-10-01,6,162.59,827.4,81.64085896809895,0.0,162.59,67549.64671020507,0.0
O2,H40,0.4,0.03333333333333333,2023-04-01,Steel Reinforcement Bars,2023-11-01,7,187.13,826.7,81.25445175170898,0.0,181.69426948374831,67173.05526313782,0.0
O2,H40,0.4,0.03333333333333333,2023-04-01,Steel Reinforcement Bars,2023-12-01,8,122.5,819.7,80.86804453531902,0.0,35.42341051564938,66287.536105601,0.0
O2,H40,0.4,0.03333333333333333,2023-04-01,Steel Reinforcement Bars,2024-01-01,9,179.85,833.7,80.48163731892903,0.0,11.51895876394039,67097.54103279114,0.0
O2,H40,0.4,0.03333333333333333,2023-04-01,Steel Reinforcement Bars,2024-02-01,10,60.8,829.6,80.09523010253906,188.39908577137862,0.0,66447.00289306641,5209.86271853119
O2,H40,0.4,0.03333333333333333,2023-04-01,Steel Reinforcement Bars,2024-03-01,11,91.23,821.7,0.0,426.84980886168626,0.0,0.0,11691.416264721587
O2,H40,0.4,0.03333333333333333,2023-04-01,Steel Reinforcement Bars,2024-04-01,12,111.96,819.4,0.0,724.6657620545329,0.0,0.0,19793.037514249474
O2,H40,0.4,0.03333333333333333,2023-05-01,Cement,2023-06-01,1,335.0,116.7,0.0,0.0,335.0,0.0,0.0
O2,H40,0.4,0.03333333333333333,2023-05-01,Cement,2023-07-01,2,425.98,115.2,0.0,0.0,425.98,0.0,0.0
O2,H40,0.4,0.03333333333333333,2023-05-01,Cement,2023-08-01,3,378.3,114.4,0.0,0.0,378.3,0.0,0.0
O2,H40,0.4,0.03333333333333333,2023-05-01,Cement,2023-09-01,4,446.33,113.5,0.0,0.0,446.33,0.0,0.0
O2,H40,0.4,0.03333333333333333,2023-05-01,Cement,2023-10-01,5,335.47,113.2,41.1714425676434,0.0,335.47,4660.6072986572335,0.0
O2,H40,0.4,0.03333333333333333,2023-05-01,Cement,2023-11-01,6,381.97,112.0,341.22655232747394,0.0,381.97,38217.37386067708,0.0
O2,H40,0.4,0.03333333333333333,2023-05-01,Cement,2023-12-01,7,467.38,111.7,336.96990966796875,0.0,426.2085574323566,37639.53890991211,0.0
O2,H40,0.4,0.03333333333333333,2023-05-01,Cement,2024-01-01,8,434.45,110.6,332.7132670084636,0.0,52.05200510488265,36798.08733113608,0.0
O2,H40,0.4,0.03333333333333333,2023-05-01,Cement,2024-02-01,9,367.77,110.6,328.4566243489583,351.5979045630861,0.0,36327.30265299479,1296.2242748225774
O2,H40,0.4,0.03333333333333333,2023-05-01,Cement,2024-03-01,10,318.63,110.8,324.1999816894531,1085.049076134636,0.0,35921.357971191406,4007.4479211905887
O2,H40,0.4,0.03333333333333333,2023-05-01,Cement,2024-04-01,11,395.86,110.2,0.0,2069.7268720551438,0.0,0.0,7602.796710015895
O2,H40,0.4,0.03333333333333333,2023-05-01,Cement,2024-05-01,12,330.62,110.2,0.0,3443.844649665105,0.0,0.0,12650.389346436486
O2,H40,0.4,0.03333333333333333,2023-05-01,Granite,2023-06-01,1,1659.3,18.5,1523.163038725338,0.0,1659.3,28178.516216418753,0.0
O2,H40,0.4,0.03333333333333333,2023-05-01,Granite,2023-07-01,2,1674.3,18.5,1506.164615489724,0.0,1674.3,27864.045386559894,0.0
O2,H40,0.4,0.03333333333333333,2023-05-01,Granite,2023-08-01,3,1755.2,18.5,1489.16619225411,0.0,232.03696127466196,27549.574556701034,0.0
O2,H40,0.4,0.03333333333333333,2023-05-01,Granite,2023-09-01,4,1729.4,18.6,1472.1677690184958,1299.927654215062,0.0,27382.320503744024,805.9551456133383
O2,H40,0.4,0.03333333333333333,2023-05-01,Granite,2023-10-01,5,1742.2,19.5,1134.59287739031,4076.2215006842343,0.0,22124.561109111044,2649.5439754447525
O2,H40,0.4,0.03333333333333333,2023-05-01,Granite,2023-11-01,6,1621.1,20.3,0.0,8445.783116171902,0.0,0.0,5714.979908609654
O2,H40,0.4,0.03333333333333333,2023-05-01,Granite,2023-12-01,7,1531.7,21.2,0.0,14039.337609049879,0.0,0.0,9921.131910395248
O2,H40,0.4,0.03333333333333333,2023-05-01,Granite,2024-01-01,8,1664.5,22.3,0.0,19500.092101927858,0.0,0.0,14495.068462433042
O2,H40,0.4,0.03333333333333333,2023-05-01,Granite,2024-02-01,9,1201.2,22.2,0.0,25424.146594805836,0.0,0.0,18813.868480156318
O2,H40,0.4,0.03333333333333333,2023-05-01,Granite,2024-03-01,10,1688.6,22.4,0.0,30860.801087683816,0.0,0.0,23042.731478803915
O2,H40,0.4,0.03333333333333333,2023-05-01,Granite,2024-04-01,11,1470.5,22.3,0.0,36515.55558056179,0.0,0.0,27143.229648217603
O2,H40,0.4,0.03333333333333333,2023-05-01,Granite,2024-05-01,12,1911.9,22.1,0.0,41728.910073439765,0.0,0.0,30740.297087433963
O2,H40,0.4,0.03333333333333333,2023-05-01,Ready Mixed Concrete,2023-06-01,1,1020.3,117.3,0.0,0.0,1020.3,0.0,0.0
O2,H40,0.4,0.03333333333333333,2023-05-01,Ready Mixed Concrete,2023-07-01,2,1046.0,116.3,0.0,0.0,1046.0,0.0,0.0
O2,H40,0.4,0.03333333333333333,2023-05-01,Ready Mixed Concrete,2023-08-01,3,1113.5,116.4,0.0,0.0,1113.5,0.0,0.0
O2,H40,0.4,0.03333333333333333,2023-05-01,Ready Mixed Concrete,2023-09-01,4,1081.8,116.6,0.0,0.0,1081.8,0.0,0.0
O2,H40,0.4,0.03333333333333333,2023-05-01,Ready Mixed Concrete,2023-10-01,5,1101.2,116.4,48.60827626718765,0.0,1101.2,5658.003357500643,0.0
O2,H40,0.4,0.03333333333333333,2023-05-01,Ready Mixed Concrete,2023-11-01,6,1070.0,115.4,956.7753295898438,0.0,1070.0,110411.87303466798,0.0
O2,H40,0.4,0.03333333333333333,2023-05-01,Ready Mixed Concrete,2023-12-01,7,1101.6,115.4,949.9003295898438,0.0,1052.9917237328123,109618.49803466798,0.0
O2,H40,0.4,0.03333333333333333,2023-05-01,Ready Mixed Concrete,2024-01-01,8,1071.7,118.1,943.0253295898438,0.0,66.31639414296865,111371.29142456054,0.0
O2,H40,0.4,0.03333333333333333,2023-05-01,Ready Mixed Concrete,2024-02-01,9,874.95,118.0,936.1503295898438,1080.333935446875,0.0,110465.73889160156,4249.313479424375
O2,H40,0.4,0.03333333333333333,2023-05-01,Ready Mixed Concrete,2024-03-01,10,1112.0,118.0,929.2753295898438,2866.6432004835942,0.0,109654.48889160156,11275.46325523547
O2,H40,0.4,0.03333333333333333,2023-05-01,Ready Mixed Concrete,2024-04-01,11,1114.9,119.2,0.0,5586.202795110157,0.0,0.0,22195.845772571025
O2,H40,0.4,0.03333333333333333,2023-05-01,Ready Mixed Concrete,2024-05-01,12,1151.8,120.4,0.0,9198.137719326565,0.0,0.0,36915.19271356395
O2,H40,0.4,0.03333333333333333,2023-05-01,Steel Reinforcement Bars,2023-06-01,1,135.08,885.5,0.0,0.0,135.08,0.0,0.0
O2,H40,0.4,0.03333333333333333,2023-05-01,Steel Reinforcement Bars,2023-07-01,2,141.5,859.2,0.0,0.0,141.5,0.0,0.0
O2,H40,0.4,0.03333333333333333,2023-05-01,Steel Reinforcement Bars,2023-08-01,3,173.95,832.6,0.0,0.0,173.95,0.0,0.0
O2,H40,0.4,0.03333333333333333,2023-05-01,Steel Reinforcement Bars,2023-09-01,4,140.71,830.1,0.0,0.0,140.71,0.0,0.0
O2,H40,0.4,0.03333333333333333,2023-05-01,Steel Reinforcement Bars,2023-10-01,5,162.59,827.4,0.0,0.0,162.59,0.0,0.0
O2,H40,0.4,0.03333333333333333,2023-05-01,Steel Reinforcement Bars,2023-11-01,6,187.13,826.7,69.22420682443851,0.0,187.13,57227.65178176332,0.0
O2,H40,0.4,0.03333333333333333,2023-05-01,Steel Reinforcement Bars,2023-12-01,7,122.5,819.7,78.72677230834961,0.0,122.5,64532.33526115418,0.0
O2,H40,0.4,0.03333333333333333,2023-05-01,Steel Reinforcement Bars,2024-01-01,8,179.85,833.7,78.70877075195312,0.0,110.62579317556148,65619.50217590333,0.0
O2,H40,0.4,0.03333333333333333,2023-05-01,Steel Reinforcement Bars,2024-02-01,9,60.8,829.6,78.69076919555664,87.15097913278812,0.0,65281.86212463379,2410.0150762853673
O2,H40,0.4,0.03333333333333333,2023-05-01,Steel Reinforcement Bars,2024-03-01,10,91.23,821.7,78.67276763916016,222.58072901752934,0.0,64645.413169097905,6096.486167790129
O2,H40,0.4,0.03333333333333333,2023-05-01,Steel Reinforcement Bars,2024-04-01,11,111.96,819.4,0.0,415.9712480978272,0.0,0.0,11361.561356378654
O2,H40,0.4,0.03333333333333333,2023-05-01,Steel Reinforcement Bars,2024-05-01,12,160.55,812.5,0.0,639.4445348172853,0.0,0.0,17318.28948463481
O3,H40,0.4,0.03333333333333333,2022-07-01,Cement,2022-08-01,1,402.46,119.0,420.2237243652344,0.0,402.46,50006.62319946289,0.0
O3,H40,0.4,0.03333333333333333,2022-07-01,Cement,2022-09-01,2,346.61,118.6,425.7893676757813,0.0,346.61,50498.61900634766,0.0
O3,H40,0.4,0.03333333333333333,2022-07-01,Cement,2022-10-01,3,368.78,118.6,11.13128662109375,51.4437243652344,0.0,1320.1705932617188,203.37419032389332
O3,H40,0.4,0.03333333333333333,2022-07-01,Cement,2022-11-01,4,296.3,118.4,0.0,601.1568164062501,0.0,0.0,2372.5655687500002
O3,H40,0.4,0.03333333333333333,2022-07-01,Cement,2022-12-01,5,375.31,118.3,254.94619059244792,1082.9911950683595,0.0,30160.134347086587,4270.595279219564
O3,H40,0.4,0.03333333333333333,2022-07-01,Cement,2023-01-01,6,440.73,118.5,454.8383483886719,1499.4055737304689,0.0,53898.34428405762,5922.652016235352
O3,H40,0.4,0.03333333333333333,2022-07-01,Cement,2023-02-01,7,282.49,118.4,203.03598714192708,2329.0061429850266,0.0,24039.460877604168,9191.810910980905
O3,H40,0.4,0.03333333333333333,2022-07-01,Cement,2023-03-01,8,427.87,118.2,6.28765869140625,3468.065060628256,0.0,743.2012573242188,13664.17633887533
O3,H40,0.4,0.03333333333333333,2022-07-01,Cement,2023-04-01,9,315.7,118.0,234.2655008951823,4922.3299654134125,0.0,27643.32910563151,19361.164530626087
O3,H40,0.4,0.03333333333333333,2022-07-01,Cement,2023-05-01,10,398.82,117.2,461.1260070800781,6299.762528889975,0.0,54043.96802978516,24611.07227953017
O3,H40,0.4,0.03333333333333333,2022-07-01,Cement,2023-06-01,11,335.0,116.7,236.2919942220052,7975.280593261719,0.0,27575.27572570801,31023.84150778809
O3,H40,0.4,0.03333333333333333,2022-07-01,Cement,2023-07-01,12,425.98,115.2,12.5753173828125,10020.944664713543,0.0,1448.6765625,38480.427512500006
O3,H40,0.4,0.03333333333333333,2022-07-01,Granite,2022-08-01,1,1491.5,20.5,1824.312035376388,0.0,1491.5,37398.39672521595,0.0
O3,H40,0.4,0.03333333333333333,2022-07-01,Granite,2022-09-01,2,1550.1,20.8,1884.5100386321187,0.0,1550.1,39197.80880354807,0.0
O3,H40,0.4,0.03333333333333333,2022-07-01,Granite,2022-10-01,3,1554.5,20.4,120.39600651146134,269.81203537638794,0.0,2456.078532833811,183.47218405594379
O3,H40,0.4,0.03333333333333333,2022-07-01,Granite,2022-11-01,4,1531.9,20.5,0.0,2446.7341093848945,0.0,0.0,1671.9349747463446
O3,H40,0.4,0.03333333333333333,2022-07-01,Granite,2022-12-01,5,1692.1,19.3,1093.9123429710412,4583.852189904863,0.0,21112.508219341096,2948.944908838795
O3,H40,0.4,0.03333333333333333,2022-07-01,Granite,2023-01-01,6,1309.6,19.0,1782.741614292589,7103.47027042483,0.0,33872.09067155919,4498.864504602392
O3,H40,0.4,0.03333333333333333,2022-07-01,Granite,2023-02-01,7,1455.1,18.5,714.0280924559008,10571.50069391584,0.0,13209.519710434166,6519.092094581434
O3,H40,0.4,0.03333333333333333,2022-07-01,Granite,2023-03-01,8,1561.4,18.3,50.39764226870625,15715.972731699438,0.0,922.2768535173244,9586.743366336657
O3,H40,0.4,0.03333333333333333,2022-07-01,Granite,2023-04-01,9,1395.2,18.6,922.9683709471584,21740.672861938936,0.0,17167.211699617146,13479.21717440214
O3,H40,0.4,0.03333333333333333,2022-07-01,Granite,2023-05-01,10,1844.9,18.3,1833.139256561295,27366.07063444714,0.0,33546.448395071704,16693.303087012755
O3,H40,0.4,0.03333333333333333,2022-07-01,Granite,2023-06-01,11,1659.3,18.5,985.767349017196,34100.036777902504,0.0,18236.695956818126,21028.35601303988
O3,H40,0.4,0.03333333333333333,2022-07-01,Granite,2023-07-01,12,1674.3,18.5,100.7952845374125,42652.14217791916,0.0,1864.7127639421312,26302.154343050148
O3,H40,0.4,0.03333333333333333,2022-07-01,Ready Mixed Concrete,2022-08-01,1,982.6,118.3,1063.917236328125,0.0,982.6,125861.40905761719,0.0
O3,H40,0.4,0.03333333333333333,2022-07-01,Ready Mixed Concrete,2022-09-01,2,993.4,118.6,1072.8510131835938,0.0,993.4,127240.13016357421,0.0
O3,H40,0.4,0.03333333333333333,2022-07-01,Ready Mixed Concrete,2022-10-01,3,930.7,118.5,17.8675537109375,133.21723632812495,0.0,2117.3051147460938,526.2080834960935
O3,H40,0.4,0.03333333333333333,2022-07-01,Ready Mixed Concrete,2022-11-01,4,959.9,118.2,0.0,1310.0854858398438,0.0,0.0,5161.7368142089845
O3,H40,0.4,0.03333333333333333,2022-07-01,Ready Mixed Concrete,2022-12-01,5,992.6,118.0,840.4994750976563,2472.1212890625,0.0,99178.93806152344,9723.6770703125
O3,H40,0.4,0.03333333333333333,2022-07-01,Ready Mixed Concrete,2023-01-01,6,808.1,117.6,1115.9105224609375,3818.6570922851565,0.0,131231.07744140623,14969.135801757813
O3,H40,0.4,0.03333333333333333,2022-07-01,Ready Mixed Concrete,2023-02-01,7,897.3,118.1,290.81162109375,5916.492370605469,0.0,34344.85245117187,23291.258298950193
O3,H40,0.4,0.03333333333333333,2022-07-01,Ready Mixed Concrete,2023-03-01,8,1070.7,116.8,30.8011474609375,8956.838171386718,0.0,3597.5740234375,34871.956613932285
O3,H40,0.4,0.03333333333333333,2022-07-01,Ready Mixed Concrete,2023-04-01,9,918.4,117.2,826.0901000976563,12440.295593261719,0.0,96817.75973144532,48600.08811767578
O3,H40,0.4,0.03333333333333333,2022-07-01,Ready Mixed Concrete,2023-05-01,10,1041.6,117.6,1146.711669921875,15831.354162597656,0.0,134853.2923828125,62058.90831738281
O3,H40,0.4,0.03333333333333333,2022-07-01,Ready Mixed Concrete,2023-06-01,11,1020.3,117.3,366.8232910156249,20069.80283203125,0.0,43028.372036132794,78472.9290732422
O3,H40,0.4,0.03333333333333333,2022-07-01,Ready Mixed Concrete,2023-07-01,12,1046.0,116.3,61.602294921875,25429.26317138672,0.0,7164.346899414062,98580.77689440918
O3,H40,0.4,0.03333333333333333,2022-07-01,Steel Reinforcement Bars,2022-08-01,1,102.45,1106.3,119.75218963623048,0.0,102.45,132481.84739456177,0.0
O3,H40,0.4,0.03333333333333333,2022-07-01,Steel Reinforcement Bars,2022-09-01,2,174.43,1072.6,128.82719039916992,0.0,174.43,138180.04442214966,0.0
O3,H40,0.4,0.03333333333333333,2022-07-01,Steel Reinforcement Bars,2022-10-01,3,108.27,1040.5,18.15000152587889,11.482189636230487,0.0,18885.076587676984,398.24061054992734
O3,H40,0.4,0.03333333333333333,2022-07-01,Steel Reinforcement Bars,2022-11-01,4,51.21,1004.5,0.0,208.85156967163087,0.0,0.0,6993.046724505107
O3,H40,0.4,0.03333333333333333,2022-07-01,Steel Reinforcement Bars,2022-12-01,5,70.5,952.3,27.22070103963217,405.08095123291014,0.0,25922.273600041717,12858.619661970011
O3,H40,0.4,0.03333333333333333,2022-07-01,Steel Reinforcement Bars,2023-01-01,6,79.16,922.6,96.0046467590332,592.6503327941895,0.0,88573.88709988404,18225.97323453064
O3,H40,0.4,0.03333333333333333,2022-07-01,Steel Reinforcement Bars,2023-02-01,7,100.49,942.1,107.00251469930012,786.110415395101,0.0,100807.06909821065,24686.48741145749
O3,H40,0.4,0.03333333333333333,2022-07-01,Steel Reinforcement Bars,2023-03-01,8,57.1,946.6,39.687756398518886,1118.9651447550457,0.0,37568.43020683798,35307.08020083754
O3,H40,0.4,0.03333333333333333,2022-07-01,Steel Reinforcement Bars,2023-04-01,9,67.2,940.1,0.0,1548.7223888142905,0.0,0.0,48531.79725747715
O3,H40,0.4,0.03333333333333333,2022-07-01,Steel Reinforcement Bars,2023-05-01,10,152.2,922.8,20.23586013793945,1933.1673892720544,0.0,18673.651735290525,59464.22889400839
O3,H40,0.4,0.03333333333333333,2022-07-01,Steel Reinforcement Bars,2023-06-01,11,135.08,885.5,140.09996541341147,2334.7323897298184,0.0,124058.51937357585,68913.51770352514
O3,H40,0.4,0.03333333333333333,2022-07-01,Steel Reinforcement Bars,2023-07-01,12,141.5,859.2,121.3332926940918,2750.113250325521,0.0,104249.56508276367,78763.24348932294
O3,H40,0.4,0.03333333333333333,2022-08-01,Cement,2022-09-01,1,346.61,118.6,403.7850646972656,0.0,346.61,47888.9086730957,0.0
O3,H40,0.4,0.03333333333333333,2022-08-01,Cement,2022-10-01,2,368.78,118.6,408.9325408935547,0.0,368.78,48499.39934997558,0.0
O3,H40,0.4,0.03333333333333333,2022-08-01,Cement,2022-11-01,3,296.3,118.4,10.294952392578123,107.48506469726561,0.0,1218.9223632812498,424.2077220052083
O3,H40,0.4,0.03333333333333333,2022-08-01,Cement,2022-12-01,4,375.31,118.3,0.0,544.892670288086,0.0,0.0,2148.6934298360193
O3,H40,0.4,0.03333333333333333,2022-08-01,Cement,2023-01-01,5,440.73,118.5,245.2714329020182,927.1752282714845,0.0,29064.664798889156,3662.3421516723633
O3,H40,0.4,0.03333333333333333,2022-08-01,Cement,2023-02-01,6,282.49,118.4,387.9709777832031,1467.6977862548829,0.0,45935.76376953125,5792.513929752605
O3,H40,0.4,0.03333333333333333,2022-08-01,Cement,2023-03-01,7,427.87,118.2,149.59761617024742,2108.1117771402996,0.0,17682.438231323245,8305.96040193278
O3,H40,0.4,0.03333333333333333,2022-08-01,Cement,2023-04-01,8,315.7,118.0,13.796142578125,3248.6667458089196,0.0,1627.94482421875,12778.08920018175
O3,H40,0.4,0.03333333333333333,2022-08-01,Cement,2023-05-01,9,398.82,117.2,186.79659769694007,4455.699330647787,0.0,21892.561250081377,17406.932051730688
O3,H40,0.4,0.03333333333333333,2022-08-01,Cement,2023-06-01,10,335.0,116.7,401.7671203613281,5740.348058064779,0.0,46886.22294616699,22329.953945871992
O3,H40,0.4,0.03333333333333333,2022-08-01,Cement,2023-07-01,11,425.98,115.2,235.6647365315756,7120.813383178711,0.0,27148.577648437513,27343.92339140625
O3,H40,0.4,0.03333333333333333,2022-08-01,Cement,2023-08-01,12,378.3,114.4,27.59228515625,8950.725828653973,0.0,3156.5574218750003,34132.101159933816
O3,H40,0.4,0.03333333333333333,2022-08-01,Granite,2022-09-01,1,1550.1,20.8,1845.707137184283,0.0,1550.1,38390.708453433086,0.0
O3,H40,0.4,0.03333333333333333,2022-08-01,Granite,2022-10-01,2,1554.5,20.4,1788.9517301591466,0.0,1554.5,36494.615295246585,0.0
O3,H40,0.4,0.03333333333333333,2022-08-01,Granite,2022-11-01,3,1531.9,20.5,0.0,313.80713718428296,0.0,0.0,214.4348770759267
O3,H40,0.4,0.03333333333333333,2022-08-01,Granite,2022-12-01,4,1692.1,19.3,0.0,2256.366004527713,0.0,0.0,1451.5954629128287
O3,H40,0.4,0.03333333333333333,2022-08-01,Granite,2023-01-01,5,1309.6,19.0,1384.21242440712,4581.424871871142,0.0,26300.03606373528,2901.5690855183902
O3,H40,0.4,0.03333333333333333,2022-08-01,Granite,2023-02-01,6,1455.1,18.5,1826.2087760588188,6760.983739214573,0.0,33784.86235708815,4169.273305848987
O3,H40,0.4,0.03333333333333333,2022-08-01,Granite,2023-03-01,7,1561.4,18.3,440.7344740846902,10218.455030965122,0.0,8065.44087574983,6233.257568888725
O3,H40,0.4,0.03333333333333333,2022-08-01,Granite,2023-04-01,8,1395.2,18.6,0.0,15668.335098774489,0.0,0.0,9714.367761240183
O3,H40,0.4,0.03333333333333333,2022-08-01,Granite,2023-05-01,9,1844.9,18.3,950.6798932142837,21109.249640668546,0.0,17397.44204582139,12876.642280807813
O3,H40,0.4,0.03333333333333333,2022-08-01,Granite,2023-06-01,10,1659.3,18.5,1821.161265790784,26735.764182562605,0.0,33691.4834171295,16487.054579246942
O3,H40,0.4,0.03333333333333333,2022-08-01,Granite,2023-07-01,11,1674.3,18.5,869.2194950094915,33297.95861767094,0.0,16080.560657675593,20533.74114756375
O3,H40,0.4,0.03333333333333333,2022-08-01,Granite,2023-08-01,12,1755.2,18.5,0.0,41600.414318570074,0.0,0.0,25653.58882978488
O3,H40,0.4,0.03333333333333333,2022-08-01,Ready Mixed Concrete,2022-09-01,1,993.4,118.6,1025.6824951171875,0.0,993.4,121645.94392089843,0.0
O3,H40,0.4,0.03333333333333333,2022-08-01,Ready Mixed Concrete,2022-10-01,2,930.7,118.5,1024.3536071777344,0.0,930.7,121385.90245056152,0.0
O3,H40,0.4,0.03333333333333333,2022-08-01,Ready Mixed Concrete,2022-11-01,3,959.9,118.2,0.0,65.78249511718752,0.0,0.0,259.18303076171884
O3,H40,0.4,0.03333333333333333,2022-08-01,Ready Mixed Concrete,2022-12-01,4,992.6,118.0,0.0,1123.2185974121094,0.0,0.0,4417.9931498209635
O3,H40,0.4,0.03333333333333333,2022-08-01,Ready Mixed Concrete,2023-01-01,5,808.1,117.6,955.0242207845052,2365.1546997070313,0.0,112310.8483642578,9271.406422851564
O3,H40,0.4,0.03333333333333333,2022-08-01,Ready Mixed Concrete,2023-02-01,6,897.3,118.1,1067.328125,3517.8908020019526,0.0,126051.45156249999,13848.763457214352
O3,H40,0.4,0.03333333333333333,2022-08-01,Ready Mixed Concrete,2023-03-01,7,1070.7,116.8,134.80062866210926,5452.2511250813795,0.0,15744.713427734361,21227.431046983504
O3,H40,0.4,0.03333333333333333,2022-08-01,Ready Mixed Concrete,2023-04-01,8,918.4,117.2,44.99344889322924,8606.239573160807,0.0,5273.232210286467,33621.70926581488
O3,H40,0.4,0.03333333333333333,2022-08-01,Ready Mixed Concrete,2023-05-01,9,1041.6,117.6,851.0895446777345,11771.828649902343,0.0,100088.13045410157,46145.568307617184
O3,H40,0.4,0.03333333333333333,2022-08-01,Ready Mixed Concrete,2023-06-01,10,1020.3,117.3,1112.321573893229,15003.71117553711,0.0,130475.32061767577,58664.510696350095
O3,H40,0.4,0.03333333333333333,2022-08-01,Ready Mixed Concrete,2023-07-01,11,1046.0,116.3,328.7222025553385,19060.98324584961,0.0,38230.39215718587,73893.07838307698
O3,H40,0.4,0.03333333333333333,2022-08-01,Ready Mixed Concrete,2023-08-01,12,1113.5,116.4,89.98689778645848,24163.076890055338,0.0,10474.474902343769,93752.73833341472
O3,H40,0.4,0.03333333333333333,2022-08-01,Steel Reinforcement Bars,2022-09-01,1,174.43,1072.6,121.1546859741211,0.0,174.43,129950.51617584228,0.0
O3,H40,0.4,0.03333333333333333,2022-08-01,Steel Reinforcement Bars,2022-10-01,2,108.27,1040.5,123.04735946655272,0.0,108.27,128030.7775249481,0.0
O3,H40,0.4,0.03333333333333333,2022-08-01,Steel Reinforcement Bars,2022-11-01,3,51.21,1004.5,3.785346984863281,69.94468597412109,0.0,3802.3810462951656,2341.9812353668212
O3,H40,0.4,0.03333333333333333,2022-08-01,Steel Reinforcement Bars,2022-12-01,4,70.5,952.3,0.0,243.64673141479489,0.0,0.0,7734.159410876972
O3,H40,0.4,0.03333333333333333,2022-08-01,Steel Reinforcement Bars,2023-01-01,5,79.16,922.6,0.0010397847493521,412.474123840332,0.0,0.9593054097522475,12684.954221836344
O3,H40,0.4,0.03333333333333333,2022-08-01,Steel Reinforcement Bars,2023-02-01,6,100.49,942.1,79.8302394104004,559.9715162658691,0.0,75208.06854853821,17584.972182469177
O3,H40,0.4,0.03333333333333333,2022-08-01,Steel Reinforcement Bars,2023-03-01,7,57.1,946.6,125.41422053019204,750.8599484761555,0.0,118717.10115387979,23692.13424091763
O3,H40,0.4,0.03333333333333333,2022-08-01,Steel Reinforcement Bars,2023-04-01,8,67.2,940.1,44.05264938354492,1011.4786200968422,0.0,41413.895685470576,31696.36835843471
O3,H40,0.4,0.03333333333333333,2022-08-01,Steel Reinforcement Bars,2023-05-01,9,152.2,922.8,0.0,1312.511512247721,0.0,0.0,40372.854116739894
O3,H40,0.4,0.03333333333333333,2022-08-01,Steel Reinforcement Bars,2023-06-01,10,135.08,885.5,76.76549636840821,1674.7170537821448,0.0,67975.84703422547,49432.06503746964
O3,H40,0.4,0.03333333333333333,2022-08-01,Steel Reinforcement Bars,2023-07-01,11,141.5,859.2,119.28577423095705,2030.5025953165687,0.0,102490.3372192383,58153.59432986653
O3,H40,0.4,0.03333333333333333,2022-08-01,Steel Reinforcement Bars,2023-08-01,12,173.95,832.6,40.98790634155273,2430.6036332194008,0.0,34126.530819976804,67457.3528339491
O3,H40,0.4,0.03333333333333333,2022-09-01,Cement,2022-10-01,1,368.78,118.6,400.0435180664063,0.0,368.78,47445.161242675786,0.0
O3,H40,0.4,0.03333333333333333,2022-09-01,Cement,2022-11-01,2,296.3,118.4,411.1345825195313,0.0,296.3,48678.33457031251,0.0
O3,H40,0.4,0.03333333333333333,2022-09-01,Cement,2022-12-01,3,375.31,118.3,22.182128906249943,24.733518066406305,0.0,2624.1458496093683,97.5325062418622
O3,H40,0.4,0.03333333333333333,2022-09-01,Cement,2023-01-01,4,440.73,118.5,0.0,395.1816186523439,0.0,0.0,1560.9673936767583
O3,H40,0.4,0.03333333333333333,2022-09-01,Cement,2023-02-01,5,282.49,118.4,383.7429809570313,946.0518481445313,0.0,45435.16894531251,3733.751294010417
O3,H40,0.4,0.03333333333333333,2022-09-01,Cement,2023-03-01,6,427.87,118.2,397.77484130859375,1351.5420776367187,0.0,47016.98624267578,5325.075785888672
O3,H40,0.4,0.03333333333333333,2022-09-01,Cement,2023-04-01,7,315.7,118.0,28.119522094726506,2252.9452880859376,0.0,3318.1036071777276,8861.584799804687
O3,H40,0.4,0.03333333333333333,2022-09-01,Cement,2023-05-01,8,398.82,117.2,0.0,3469.00333984375,0.0,0.0,13552.239714322917
O3,H40,0.4,0.03333333333333333,2022-09-01,Cement,2023-06-01,9,335.0,116.7,344.9204821777344,4777.000913696289,0.0,40252.22027014161,18582.533554278565
O3,H40,0.4,0.03333333333333333,2022-09-01,Cement,2023-07-01,10,425.98,115.2,454.12548828125,5994.0184875488285,0.0,52315.25625,23017.0309921875
O3,H40,0.4,0.03333333333333333,2022-09-01,Cement,2023-08-01,11,378.3,114.4,123.2926678466797,7603.636543579102,0.0,14104.68120166016,28995.200686181644
O3,H40,0.4,0.03333333333333333,2022-09-01,Cement,2023-09-01,12,446.33,113.5,28.175323486328125,9599.350087890625,0.0,3197.899215698242,36317.54116585286
O3,H40,0.4,0.03333333333333333,2022-09-01,Granite,2022-10-01,1,1554.5,20.4,1899.755211116272,0.0,1554.5,38755.006306771946,0.0
O3,H40,0.4,0.03333333333333333,2022-09-01,Granite,2022-11-01,2,1531.9,20.5,1924.8646902740184,0.0,1531.9,39459.726150617375,0.0
O3,H40,0.4,0.03333333333333333,2022-09-01,Granite,2022-12-01,3,1692.1,19.3,50.2189583154925,207.65521111627208,0.0,969.2258954890053,133.59151915146836
O3,H40,0.4,0.03333333333333333,2022-09-01,Granite,2023-01-01,4,1309.6,19.0,0.0,2722.6751125065625,0.0,0.0,1724.3609045874896
O3,H40,0.4,0.03333333333333333,2022-09-01,Granite,2023-02-01,5,1455.1,18.5,1005.3641555018,5142.4139722123455,0.0,18599.2368767833,3171.15528286428
O3,H40,0.4,0.03333333333333333,2022-09-01,Granite,2023-03-01,6,1561.4,18.3,1842.767438095492,7455.85283191813,0.0,33722.64411714751,4548.070227470059
O3,H40,0.4,0.03333333333333333,2022-09-01,Granite,2023-04-01,7,1395.2,18.6,847.2715100292405,10940.855847125713,0.0,15759.250086543874,6783.330625217942
O3,H40,0.4,0.03333333333333333,2022-09-01,Granite,2023-05-01,8,1844.9,18.3,19.73645487109729,15818.926300428788,0.0,361.1771241410804,9649.54504326156
O3,H40,0.4,0.03333333333333333,2022-09-01,Granite,2023-06-01,9,1659.3,18.5,1025.1006103728976,21729.868263761105,0.0,18964.361291898604,13400.08542931935
O3,H40,0.4,0.03333333333333333,2022-09-01,Granite,2023-07-01,10,1674.3,18.5,1862.503892966589,27645.54668196452,0.0,34456.322019881896,17048.087120544787
O3,H40,0.4,0.03333333333333333,2022-09-01,Granite,2023-08-01,11,1755.2,18.5,867.0079649003376,34505.42571054083,0.0,16039.647350656245,21278.345854833515
O3,H40,0.4,0.03333333333333333,2022-09-01,Granite,2023-09-01,12,1729.4,18.6,39.47290974219459,43253.60863208373,0.0,734.1961212048194,26817.237351891912
O3,H40,0.4,0.03333333333333333,2022-09-01,Ready Mixed Concrete,2022-10-01,1,930.7,118.5,1094.1734619140625,0.0,930.7,129659.5552368164,0.0
O3,H40,0.4,0.03333333333333333,2022-09-01,Ready Mixed Concrete,2022-11-01,2,959.9,118.2,1126.0674438476562,0.0,959.9,133101.17186279298,0.0
O3,H40,0.4,0.03333333333333333,2022-09-01,Ready Mixed Concrete,2022-12-01,3,992.6,118.0,63.7879638671875,101.57346191406248,0.0,7526.979736328125,399.52228352864574
O3,H40,0.4,0.03333333333333333,2022-09-01,Ready Mixed Concrete,2023-01-01,4,808.1,117.6,0.0,1513.7143676757814,0.0,0.0,5933.7603212890635
O3,H40,0.4,0.03333333333333333,2022-09-01,Ready Mixed Concrete,2023-02-01,5,897.3,118.1,708.8788126627604,2900.4432373046875,0.0,83718.587775472,11418.07821085612
O3,H40,0.4,0.03333333333333333,2022-09-01,Ready Mixed Concrete,2023-03-01,6,1070.7,116.8,1209.330810546875,4113.772106933594,0.0,141249.83867187498,16016.286069661459
O3,H40,0.4,0.03333333333333333,2022-09-01,Ready Mixed Concrete,2023-04-01,7,918.4,117.2,505.1311360677083,6188.279789225261,0.0,59201.36914713542,24175.546376573355
O3,H40,0.4,0.03333333333333333,2022-09-01,Ready Mixed Concrete,2023-05-01,8,1041.6,117.6,9.3582763671875,9348.918282063803,0.0,1100.5333007812499,36647.75966569011
O3,H40,0.4,0.03333333333333333,2022-09-01,Ready Mixed Concrete,2023-06-01,9,1020.3,117.3,550.5062784830728,13035.987910970054,0.0,64574.38646606444,50970.712731892905
O3,H40,0.4,0.03333333333333333,2022-09-01,Ready Mixed Concrete,2023-07-01,10,1046.0,116.3,1218.6890869140625,16706.715816243493,0.0,141733.54080810546,64766.36831430394
O3,H40,0.4,0.03333333333333333,2022-09-01,Ready Mixed Concrete,2023-08-01,11,1113.5,116.4,682.2202229817709,20860.450000000004,0.0,79410.43395507814,80938.54600000003
O3,H40,0.4,0.03333333333333333,2022-09-01,Ready Mixed Concrete,2023-09-01,12,1081.8,116.6,18.716552734375,26264.57327067058,0.0,2182.3500488281247,102081.64144533964
O3,H40,0.4,0.03333333333333333,2022-09-01,Steel Reinforcement Bars,2022-10-01,1,108.27,1040.5,160.803955078125,0.0,108.27,167316.51525878906,0.0
O3,H40,0.4,0.03333333333333333,2022-09-01,Steel Reinforcement Bars,2022-11-01,2,51.21,1004.5,158.41053009033203,0.0,51.21,159123.37747573853,0.0
O3,H40,0.4,0.03333333333333333,2022-09-01,Steel Reinforcement Bars,2022-12-01,3,70.5,952.3,0.0,90.303955078125,0.0,0.0,2866.548547363281
O3,H40,0.4,0.03333333333333333,2022-09-01,Steel Reinforcement Bars,2023-01-01,4,79.16,922.6,0.0,330.35844024658206,0.0,0.0,10159.623232383221
O3,H40,0.4,0.03333333333333333,2022-09-01,Steel Reinforcement Bars,2023-02-01,5,100.49,942.1,0.0,549.0829254150391,0.0,0.0,17243.034134450278
O3,H40,0.4,0.03333333333333333,2022-09-01,Steel Reinforcement Bars,2023-03-01,6,57.1,946.6,75.39871063232421,811.1974105834961,0.0,71372.4194845581,25595.982295277914
O3,H40,0.4,0.03333333333333333,2022-09-01,Steel Reinforcement Bars,2023-04-01,7,67.2,940.1,132.080078125,1063.211895751953,0.0,124168.4814453125,33317.516773213705
O3,H40,0.4,0.03333333333333333,2022-09-01,Steel Reinforcement Bars,2023-05-01,8,152.2,922.8,68.2272201538086,1305.6250915527341,0.0,62960.07875793458,40161.0278161621
O3,H40,0.4,0.03333333333333333,2022-09-01,Steel Reinforcement Bars,2023-06-01,9,135.08,885.5,11.127220153808594,1697.2383654785153,0.0,9853.15344619751,50096.81908770751
O3,H40,0.4,0.03333333333333333,2022-09-01,Steel Reinforcement Bars,2023-07-01,10,141.5,859.2,74.56144561767577,2150.658859558105,0.0,64063.194074707026,61594.869737744135
O3,H40,0.4,0.03333333333333333,2022-09-01,Steel Reinforcement Bars,2023-08-01,11,173.95,832.6,131.24281311035156,2582.756573791504,0.0,109272.76619567872,71680.10411129353
O3,H40,0.4,0.03333333333333333,2022-09-01,Steel Reinforcement Bars,2023-09-01,12,140.71,830.1,67.38995513916016,3122.655733642578,0.0,55940.40176101685,86403.88414989015
O3,H40,0.4,0.03333333333333333,2022-10-01,Cement,2022-11-01,1,296.3,118.4,424.7693481445313,0.0,296.3,50292.690820312506,0.0
O3,H40,0.4,0.03333333333333333,2022-10-01,Cement,2022-12-01,2,375.31,118.3,423.3801879882813,0.0,375.31,50085.876239013676,0.0
O3,H40,0.4,0.03333333333333333,2022-10-01,Cement,2023-01-01,3,440.73,118.5,0.0,0.0,15.960651855468711,0.0,0.0
O3,H40,0.4,0.03333333333333333,2022-10-01,Cement,2023-02-01,4,282.49,118.4,0.0,565.6595361328126,0.0,0.0,2232.4696359375002
O3,H40,0.4,0.03333333333333333,2022-10-01,Cement,2023-03-01,5,427.87,118.2,261.1802465820312,985.9390722656252,0.0,30871.50514599609,3884.599944726563
O3,H40,0.4,0.03333333333333333,2022-10-01,Cement,2023-04-01,6,315.7,118.0,392.1101379394531,1518.3886083984378,0.0,46268.99627685547,5972.328526367189
O3,H40,0.4,0.03333333333333333,2022-10-01,Cement,2023-05-01,7,398.82,117.2,138.91733337402349,2228.8983911132814,0.0,16281.111471435554,8707.56304794922
O3,H40,0.4,0.03333333333333333,2022-10-01,Cement,2023-06-01,8,335.0,116.7,15.974884033203123,3395.3383117675785,0.0,1864.2689666748045,13207.86603277588
O3,H40,0.4,0.03333333333333333,2022-10-01,Cement,2023-07-01,9,425.98,115.2,220.0449926757812,4609.715565795899,0.0,25349.183156249994,17701.30777265625
O3,H40,0.4,0.03333333333333333,2022-10-01,Cement,2023-08-01,10,378.3,114.4,408.08502197265625,5887.7477038574225,0.0,46684.926513671875,22451.944577376304
O3,H40,0.4,0.03333333333333333,2022-10-01,Cement,2023-09-01,11,446.33,113.5,212.0023553466797,7317.794834594727,0.0,24062.267331848147,27685.657124216716
O3,H40,0.4,0.03333333333333333,2022-10-01,Cement,2023-10-01,12,335.47,113.2,31.94976806640625,9266.78698730469,0.0,3616.7137451171875,34966.67623209636
O3,H40,0.4,0.03333333333333333,2022-10-01,Granite,2022-11-01,1,1531.9,20.5,1798.7626353080366,0.0,1531.9,36874.63402381475,0.0
O3,H40,0.4,0.03333333333333333,2022-10-01,Granite,2022-12-01,2,1692.1,19.3,1753.5982667862968,0.0,1692.1,33844.44654897553,0.0
O3,H40,0.4,0.03333333333333333,2022-10-01,Granite,2023-01-01,3,1309.6,19.0,0.0,489.16263530803667,0.0,0.0,309.80300236175657
O3,H40,0.4,0.03333333333333333,2022-10-01,Granite,2023-02-01,4,1455.1,18.5,0.0,2586.4235374023697,0.0,0.0,1594.961181398128
O3,H40,0.4,0.03333333333333333,2022-10-01,Granite,2023-03-01,5,1561.4,18.3,1015.9005522828866,4577.384439496704,0.0,18590.980106776824,2792.2045080929893
O3,H40,0.4,0.03333333333333333,2022-10-01,Granite,2023-04-01,6,1395.2,18.6,1851.125232433552,6734.545341591037,0.0,34430.92932326407,4175.418111786443
O3,H40,0.4,0.03333333333333333,2022-10-01,Granite,2023-05-01,7,1844.9,18.3,830.0324481446385,9457.906795968256,0.0,15189.593801046885,5769.323145540636
O3,H40,0.4,0.03333333333333333,2022-10-01,Granite,2023-06-01,8,1659.3,18.5,0.0,14217.993482779028,0.0,0.0,8767.762647713735
O3,H40,0.4,0.03333333333333333,2022-10-01,Granite,2023-07-01,9,1674.3,18.5,813.6908558372811,19793.112617734438,0.0,15053.2808329897,12205.752780936236
O3,H40,0.4,0.03333333333333333,2022-10-01,Granite,2023-08-01,10,1755.2,18.5,1830.3563044094449,25287.331752689846,0.0,33861.59163157473,15593.854580825406
O3,H40,0.4,0.03333333333333333,2022-10-01,Granite,2023-09-01,11,1729.4,18.6,1011.4732165661368,31621.041743482536,0.0,18813.401828130147,19605.045880959173
O3,H40,0.4,0.03333333333333333,2022-10-01,Granite,2023-10-01,12,1742.2,19.5,0.0,39772.30803868467,0.0,0.0,25852.000225145035
O3,H40,0.4,0.03333333333333333,2022-10-01,Ready Mixed Concrete,2022-11-01,1,959.9,118.2,1087.1026611328125,0.0,959.9,128495.53454589844,0.0
O3,H40,0.4,0.03333333333333333,2022-10-01,Ready Mixed Concrete,2022-12-01,2,992.6,118.0,1098.363037109375,0.0,992.6,129606.83837890625,0.0
O3,H40,0.4,0.03333333333333333,2022-10-01,Ready Mixed Concrete,2023-01-01,3,808.1,117.6,22.520751953125,279.0026611328125,0.0,2648.4404296875,1093.6904316406249
O3,H40,0.4,0.03333333333333333,2022-10-01,Ready Mixed Concrete,2023-02-01,4,897.3,118.1,0.0,1567.1683593750001,0.0,0.0,6169.41944140625
O3,H40,0.4,0.03333333333333333,2022-10-01,Ready Mixed Concrete,2023-03-01,5,1070.7,116.8,624.6348632812499,2704.454809570313,0.0,72957.35203124999,10529.344058593751
O3,H40,0.4,0.03333333333333333,2022-10-01,Ready Mixed Concrete,2023-04-01,6,918.4,117.2,1136.020263671875,3994.0412597656255,0.0,133141.57490234377,15603.38785481771
O3,H40,0.4,0.03333333333333333,2022-10-01,Ready Mixed Concrete,2023-05-01,7,1041.6,117.6,521.4698323567709,5785.062573242187,0.0,61324.85228515625,22677.44528710937
O3,H40,0.4,0.03333333333333333,2022-10-01,Ready Mixed Concrete,2023-06-01,8,1020.3,117.3,20.168863932291742,8733.404150390625,0.0,2365.807739257821,34147.61022802734
O3,H40,0.4,0.03333333333333333,2022-10-01,Ready Mixed Concrete,2023-07-01,9,1046.0,116.3,529.0834635416666,12177.515559895834,0.0,61532.406809895816,47208.16865386285
O3,H40,0.4,0.03333333333333333,2022-10-01,Ready Mixed Concrete,2023-08-01,10,1113.5,116.4,1156.1891276041663,15574.295833333334,0.0,134580.41445312498,60428.26783333334
O3,H40,0.4,0.03333333333333333,2022-10-01,Ready Mixed Concrete,2023-09-01,11,1081.8,116.6,657.3589599609377,19531.8595703125,0.0,76648.05473144533,75913.8275299479
O3,H40,0.4,0.03333333333333333,2022-10-01,Ready Mixed Concrete,2023-10-01,12,1101.2,116.4,40.337727864583485,24626.21243489583,0.0,4695.311523437518,95549.70424739583
O3,H40,0.4,0.03333333333333333,2022-10-01,Steel Reinforcement Bars,2022-11-01,1,51.21,1004.5,130.0620574951172,0.0,51.21,130647.33675384521,0.0
O3,H40,0.4,0.03333333333333333,2022-10-01,Steel Reinforcement Bars,2022-12-01,2,70.5,952.3,139.0100555419922,0.0,70.5,132379.27589263915,0.0
O3,H40,0.4,0.03333333333333333,2022-10-01,Steel Reinforcement Bars,2023-01-01,3,79.16,922.6,17.89599609375,50.90205749511719,0.0,16510.84599609375,1565.4079414998373
O3,H40,0.4,0.03333333333333333,2022-10-01,Steel Reinforcement Bars,2023-02-01,4,100.49,942.1,0.0,219.48417053222659,0.0,0.0,6892.534568613689
O3,H40,0.4,0.03333333333333333,2022-10-01,Steel Reinforcement Bars,2023-03-01,5,57.1,946.6,48.36868387858071,449.35227966308594,0.0,45785.7961594645,14178.562264302573
O3,H40,0.4,0.03333333333333333,2022-10-01,Steel Reinforcement Bars,2023-04-01,6,67.2,940.1,109.3330535888672,669.1203887939453,0.0,102784.00367889406,20968.002583506266
O3,H40,0.4,0.03333333333333333,2022-10-01,Steel Reinforcement Bars,2023-05-01,7,152.2,922.8,111.64680633544924,852.2571818033853,0.0,103027.67288635255,26215.430912272128
O3,H40,0.4,0.03333333333333333,2022-10-01,Steel Reinforcement Bars,2023-06-01,8,135.08,885.5,51.14676411946616,1161.8470284016926,0.0,45290.459627787284,34293.851454989956
O3,H40,0.4,0.03333333333333333,2022-10-01,Steel Reinforcement Bars,2023-07-01,9,141.5,859.2,49.29733886718749,1576.6636813354492,0.0,42356.2735546875,45155.64783344726
O3,H40,0.4,0.03333333333333333,2022-10-01,Steel Reinforcement Bars,2023-08-01,10,173.95,832.6,110.26170857747394,2010.177098388672,0.0,91803.8985616048,55789.11507061361
O3,H40,0.4,0.03333333333333333,2022-10-01,Steel Reinforcement Bars,2023-09-01,11,140.71,830.1,112.575461324056,2526.2278543090824,0.0,93448.89044509888,69900.72472873231
O3,H40,0.4,0.03333333333333333,2022-10-01,Steel Reinforcement Bars,2023-10-01,12,162.59,827.4,52.075419108072936,3130.6603188069666,0.0,43087.20177001954,86343.61159269614
O3,H40,0.4,0.03333333333333333,2022-11-01,Cement,2022-12-01,1,375.31,118.3,417.8412170410156,0.0,375.31,49430.61597595215,0.0
O3,H40,0.4,0.03333333333333333,2022-11-01,Cement,2023-01-01,2,440.73,118.5,406.2331237792969,0.0,440.73,48138.62516784668,0.0
O3,H40,0.4,0.03333333333333333,2022-11-01,Cement,2023-02-01,3,282.49,118.4,0.0,135.35121704101562,0.0,0.0,534.1861365885417
O3,H40,0.4,0.03333333333333333,2022-11-01,Cement,2023-03-01,4,427.87,118.2,0.0,531.5555578613281,0.0,0.0,2094.3288979736326
O3,H40,0.4,0.03333333333333333,2022-11-01,Cement,2023-04-01,5,315.7,118.0,274.8900191243489,1039.9298986816405,0.0,32437.022256673168,4090.390934814452
O3,H40,0.4,0.03333333333333333,2022-11-01,Cement,2023-05-01,6,398.82,117.2,385.5940246582031,1465.184239501953,0.0,45191.619689941406,5723.98642898763
O3,H40,0.4,0.03333333333333333,2022-11-01,Cement,2023-06-01,7,335.0,116.7,116.69985005696616,2229.1485994466143,0.0,13618.872501647951,8671.38805184733
O3,H40,0.4,0.03333333333333333,2022-11-01,Cement,2023-07-01,8,425.98,115.2,11.99168904622394,3287.7269840494787,0.0,1381.442578124998,12624.871618749998
O3,H40,0.4,0.03333333333333333,2022-11-01,Cement,2023-08-01,9,378.3,114.4,286.8817081705729,4510.685218709309,0.0,32819.26741471354,17200.746300678165
O3,H40,0.4,0.03333333333333333,2022-11-01,Cement,2023-09-01,10,446.33,113.5,397.5857137044271,5677.605142415364,0.0,45125.97850545248,21480.272788804792
O3,H40,0.4,0.03333333333333333,2022-11-01,Cement,2023-10-01,11,335.47,113.2,128.6915391031901,7242.266774291991,0.0,14567.88222648112,27327.486628328446
O3,H40,0.4,0.03333333333333333,2022-11-01,Cement,2023-11-01,12,381.97,112.0,23.98337809244788,9158.014119873047,0.0,2686.1383463541624,34189.91938085938
O3,H40,0.4,0.03333333333333333,2022-11-01,Granite,2022-12-01,1,1692.1,19.3,1797.9343517283223,0.0,1692.1,34700.13298835662,0.0
O3,H40,0.4,0.03333333333333333,2022-11-01,Granite,2023-01-01,2,1309.6,19.0,1753.2050520190965,0.0,1309.6,33310.895988362834,0.0
O3,H40,0.4,0.03333333333333333,2022-11-01,Granite,2023-02-01,3,1455.1,18.5,0.0,342.8343517283224,0.0,0.0,211.41451689913217
O3,H40,0.4,0.03333333333333333,2022-11-01,Granite,2023-03-01,4,1561.4,18.3,0.0,2332.573755475741,0.0,0.0,1422.869990840202
O3,H40,0.4,0.03333333333333333,2022-11-01,Granite,2023-04-01,5,1395.2,18.6,1142.044693991215,4488.51315922316,0.0,21242.031308236597,2782.8781587183594
O3,H40,0.4,0.03333333333333333,2022-11-01,Granite,2023-05-01,6,1844.9,18.3,1660.788270453015,6194.75256297058,0.0,30392.425349290177,3778.7990634120533
O3,H40,0.4,0.03333333333333333,2022-11-01,Granite,2023-06-01,7,1659.3,18.5,528.2022002824592,9228.636660709213,0.0,9771.740705225495,5690.992607437349
O3,H40,0.4,0.03333333333333333,2022-11-01,Granite,2023-07-01,8,1674.3,18.5,18.917247641318,13908.309028900861,0.0,349.969081364383,8576.790567822198
O3,H40,0.4,0.03333333333333333,2022-11-01,Granite,2023-08-01,9,1755.2,18.5,1160.961941632533,19035.283597374968,0.0,21477.795920201857,11738.424885047898
O3,H40,0.4,0.03333333333333333,2022-11-01,Granite,2023-09-01,10,1729.4,18.6,1679.705518094333,24206.975413490392,0.0,31242.522636554597,15008.324756364043
O3,H40,0.4,0.03333333333333333,2022-11-01,Granite,2023-10-01,11,1742.2,19.5,547.1194479237774,30526.82917123835,0.0,10668.82923451366,19842.438961304928
O3,H40,0.4,0.03333333333333333,2022-11-01,Granite,2023-11-01,12,1621.1,20.3,37.834495282636,38647.48844708064,0.0,768.0402542375108,26151.467182524568
O3,H40,0.4,0.03333333333333333,2022-11-01,Ready Mixed Concrete,2022-12-01,1,992.6,118.0,1026.403564453125,0.0,992.6,121115.62060546875,0.0
O3,H40,0.4,0.03333333333333333,2022-11-01,Ready Mixed Concrete,2023-01-01,2,808.1,117.6,1035.2061767578125,0.0,808.1,121740.24638671875,0.0
O3,H40,0.4,0.03333333333333333,2022-11-01,Ready Mixed Concrete,2023-02-01,3,897.3,118.1,17.605224609375,129.10356445312505,0.0,2079.1770263671874,508.23769873046894
O3,H40,0.4,0.03333333333333333,2022-11-01,Ready Mixed Concrete,2023-03-01,4,1070.7,116.8,0.0,1120.0133056640623,0.0,0.0,4360.585136718749
O3,H40,0.4,0.03333333333333333,2022-11-01,Ready Mixed Concrete,2023-04-01,5,918.4,117.2,944.3605550130208,2280.828271484375,0.0,110679.05704752603,8910.435780598958
O3,H40,0.4,0.03333333333333333,2022-11-01,Ready Mixed Concrete,2023-05-01,6,1041.6,117.6,1061.35888671875,3318.443237304688,0.0,124815.80507812499,13008.297490234376
O3,H40,0.4,0.03333333333333333,2022-11-01,Ready Mixed Concrete,2023-06-01,7,1020.3,117.3,144.43070475260424,5321.718758138021,0.0,16941.721667480477,20807.92034431966
O3,H40,0.4,0.03333333333333333,2022-11-01,Ready Mixed Concrete,2023-07-01,8,1046.0,116.3,54.86474609375,8360.653165690104,0.0,6380.769970703125,32411.46543899197
O3,H40,0.4,0.03333333333333333,2022-11-01,Ready Mixed Concrete,2023-08-01,9,1113.5,116.4,983.8664143880208,11476.518277994792,0.0,114522.05063476562,44528.89091861979
O3,H40,0.4,0.03333333333333333,2022-11-01,Ready Mixed Concrete,2023-09-01,10,1081.8,116.6,1116.2236328125,14678.94813639323,0.0,130151.6755859375,57052.17842344835
O3,H40,0.4,0.03333333333333333,2022-11-01,Ready Mixed Concrete,2023-10-01,11,1101.2,116.4,214.65433756510424,18845.84440917969,0.0,24985.764892578136,73121.8763076172
O3,H40,0.4,0.03333333333333333,2022-11-01,Ready Mixed Concrete,2023-11-01,12,1070.0,115.4,109.7294921875,24160.164314778645,0.0,12662.783398437501,92936.09873084852
O3,H40,0.4,0.03333333333333333,2022-11-01,Steel Reinforcement Bars,2022-12-01,1,70.5,952.3,138.33480834960938,0.0,70.5,131736.237991333,0.0
O3,H40,0.4,0.03333333333333333,2022-11-01,Steel Reinforcement Bars,2023-01-01,2,79.16,922.6,146.02474975585938,0.0,79.16,134722.43412475588,0.0
O3,H40,0.4,0.03333333333333333,2022-11-01,Steel Reinforcement Bars,2023-02-01,3,100.49,942.1,15.3798828125,37.84480834960938,0.0,14489.38759765625,1188.4531315389
O3,H40,0.4,0.03333333333333333,2022-11-01,Steel Reinforcement Bars,2023-03-01,4,57.1,946.6,0.0,265.1043664550781,0.0,0.0,8364.92644287923
O3,H40,0.4,0.03333333333333333,2022-11-01,Steel Reinforcement Bars,2023-04-01,5,67.2,940.1,0.0,497.64380737304685,0.0,0.0,15594.498110380044
O3,H40,0.4,0.03333333333333333,2022-11-01,Steel Reinforcement Bars,2023-05-01,6,152.2,922.8,53.79257873535157,645.1832482910156,0.0,49639.79165698242,19845.83671743164
O3,H40,0.4,0.03333333333333333,2022-11-01,Steel Reinforcement Bars,2023-06-01,7,135.08,885.5,132.221555074056,809.8426892089843,0.0,117082.18701807658,23903.85670981852
O3,H40,0.4,0.03333333333333333,2022-11-01,Steel Reinforcement Bars,2023-07-01,8,141.5,859.2,81.90851175944009,1021.8747088623047,0.0,70375.79330371093,29266.491661816406
O3,H40,0.4,0.03333333333333333,2022-11-01,Steel Reinforcement Bars,2023-08-01,9,173.95,832.6,6.959070841471345,1333.6782835896809,0.0,5794.122382609042,37014.01796389228
O3,H40,0.4,0.03333333333333333,2022-11-01,Steel Reinforcement Bars,2023-09-01,10,140.71,830.1,60.75164957682294,1760.6303700764972,0.0,50429.94431372073,48716.64234001668
O3,H40,0.4,0.03333333333333333,2022-11-01,Steel Reinforcement Bars,2023-10-01,11,162.59,827.4,139.18062591552734,2172.661527404785,0.0,115158.04988250732,59922.00492582397
O3,H40,0.4,0.03333333333333333,2022-11-01,Steel Reinforcement Bars,2023-11-01,12,187.13,826.7,88.86758260091143,2620.9043343098956,0.0,73466.83053617348,72223.38710579969
O3,H40,0.4,0.03333333333333333,2022-12-01,Cement,2023-01-01,1,440.73,118.5,406.8157958984375,0.0,440.73,48207.671813964844,0.0
O3,H40,0.4,0.03333333333333333,2022-12-01,Cement,2023-02-01,2,282.49,118.4,399.65240478515625,0.0,282.49,47318.8447265625,0.0
O3,H40,0.4,0.03333333333333333,2022-12-01,Cement,2023-03-01,3,427.87,118.2,0.0,0.0,21.054204101562505,0.0,0.0
O3,H40,0.4,0.03333333333333333,2022-12-01,Cement,2023-04-01,4,315.7,118.0,0.0,490.76820068359376,0.0,0.0,1930.354922688802
O3,H40,0.4,0.03333333333333333,2022-12-01,Cement,2023-05-01,5,398.82,117.2,293.5315836588542,898.4164013671875,0.0,34401.90160481771,3509.8134080078125
O3,H40,0.4,0.03333333333333333,2022-12-01,Cement,2023-06-01,6,335.0,116.7,369.9814758300781,1369.8846020507813,0.0,43176.83822937012,5328.85110197754
O3,H40,0.4,0.03333333333333333,2022-12-01,Cement,2023-07-01,7,425.98,115.2,77.69546712239583,2043.9043863932293,0.0,8950.5178125,7848.592843750001
O3,H40,0.4,0.03333333333333333,2022-12-01,Cement,2023-08-01,8,378.3,114.4,2.49114990234375,3135.5856465657553,0.0,284.987548828125,11957.033265570748
O3,H40,0.4,0.03333333333333333,2022-12-01,Cement,2023-09-01,9,446.33,113.5,296.0227335611979,4236.932373860677,0.0,33598.580259195965,16029.727481106229
O3,H40,0.4,0.03333333333333333,2022-12-01,Cement,2023-10-01,10,335.47,113.2,372.4726257324219,5451.630251057943,0.0,42163.90123291016,20570.818147325303
O3,H40,0.4,0.03333333333333333,2022-12-01,Cement,2023-11-01,11,381.97,112.0,80.18661702473958,6915.850861816406,0.0,8980.901106770832,25819.17655078125
O3,H40,0.4,0.03333333333333333,2022-12-01,Cement,2023-12-01,12,467.38,111.7,4.9822998046875,8667.134098307293,0.0,556.5228881835938,32270.629292697486
O3,H40,0.4,0.03333333333333333,2022-12-01,Granite,2023-01-01,1,1309.6,19.0,1685.1703660260707,0.0,1309.6,32018.236954495344,0.0
O3,H40,0.4,0.03333333333333333,2022-12-01,Granite,2023-02-01,2,1455.1,18.5,1707.8002570779342,0.0,1455.1,31594.304755941783,0.0
O3,H40,0.4,0.03333333333333333,2022-12-01,Granite,2023-03-01,3,1561.4,18.3,45.25978210372705,123.77036602607063,0.0,828.254012498205,75.49992327590309
O3,H40,0.4,0.03333333333333333,2022-12-01,Granite,2023-04-01,4,1395.2,18.6,0.0,2121.540989130076,0.0,0.0,1315.355413260647
O3,H40,0.4,0.03333333333333333,2022-12-01,Granite,2023-05-01,5,1844.9,18.3,1270.9143541433848,3714.8713943378075,0.0,23257.73268082394,2266.0715505460626
O3,H40,0.4,0.03333333333333333,2022-12-01,Granite,2023-06-01,6,1659.3,18.5,1763.602064961776,5493.801799545539,0.0,32626.638201792855,3387.8444430530826
O3,H40,0.4,0.03333333333333333,2022-12-01,Granite,2023-07-01,7,1674.3,18.5,480.0251695347936,8528.646558896657,0.0,8880.465636393681,5259.332044652939
O3,H40,0.4,0.03333333333333333,2022-12-01,Granite,2023-08-01,8,1755.2,18.5,0.0,13246.19338320955,0.0,0.0,8168.485919645889
O3,H40,0.4,0.03333333333333333,2022-12-01,Granite,2023-09-01,9,1729.4,18.6,1237.1872066144133,18469.56537705723,0.0,23011.68204302809,11451.130533775484
O3,H40,0.4,0.03333333333333333,2022-12-01,Granite,2023-10-01,10,1742.2,19.5,1712.9518998273852,23680.13737090492,0.0,33402.56204663401,15392.089291088198
O3,H40,0.4,0.03333333333333333,2022-12-01,Granite,2023-11-01,11,1621.1,20.3,463.102151929374,30248.996571367017,0.0,9400.973684166293,20468.487679958347
O3,H40,0.4,0.03333333333333333,2022-12-01,Granite,2023-12-01,12,1531.7,21.2,0.0,38620.207671656506,0.0,0.0,27291.61342130393
O3,H40,0.4,0.03333333333333333,2022-12-01,Ready Mixed Concrete,2023-01-01,1,808.1,117.6,1039.676513671875,0.0,808.1,122265.9580078125,0.0
O3,H40,0.4,0.03333333333333333,2022-12-01,Ready Mixed Concrete,2023-02-01,2,897.3,118.1,1053.2274169921875,0.0,897.3,124386.15794677734,0.0
O3,H40,0.4,0.03333333333333333,2022-12-01,Ready Mixed Concrete,2023-03-01,3,1070.7,116.8,27.101806640625,0.0,31.023486328125045,3165.491015625,0.0
O3,H40,0.4,0.03333333333333333,2022-12-01,Ready Mixed Concrete,2023-04-01,4,918.4,117.2,21.297770182291742,1174.5039306640624,0.0,2496.0986653645923,4588.3953557942705
O3,H40,0.4,0.03333333333333333,2022-12-01,Ready Mixed Concrete,2023-05-01,5,1041.6,117.6,920.3428304036456,2252.90966796875,0.0,108232.31685546871,8831.4058984375
O3,H40,0.4,0.03333333333333333,2022-12-01,Ready Mixed Concrete,2023-06-01,6,1020.3,117.3,1068.7211507161458,3373.9131754557293,0.0,125360.9909790039,13192.0005160319
O3,H40,0.4,0.03333333333333333,2022-12-01,Ready Mixed Concrete,2023-07-01,7,1046.0,116.3,191.08028564453127,5389.559513346354,0.0,22222.637220458986,20893.52571340603
O3,H40,0.4,0.03333333333333333,2022-12-01,Ready Mixed Concrete,2023-08-01,8,1113.5,116.4,64.10616048177098,8406.427001953125,0.0,7461.957080078143,32616.93676757813
O3,H40,0.4,0.03333333333333333,2022-12-01,Ready Mixed Concrete,2023-09-01,9,1081.8,116.6,963.151220703125,11646.074776204428,0.0,112303.43233398437,45264.410630181206
O3,H40,0.4,0.03333333333333333,2022-12-01,Ready Mixed Concrete,2023-10-01,10,1101.2,116.4,1111.5295410156248,14930.428710937502,0.0,129382.03857421874,57930.06339843751
O3,H40,0.4,0.03333333333333333,2022-12-01,Ready Mixed Concrete,2023-11-01,11,1070.0,115.4,233.8886759440105,19209.1338663737,0.0,26990.75320393881,73891.1349393175
O3,H40,0.4,0.03333333333333333,2022-12-01,Ready Mixed Concrete,2023-12-01,12,1101.6,115.4,106.91455078125024,24567.768562825528,0.0,12337.939160156278,94504.0164050022
O3,H40,0.4,0.03333333333333333,2022-12-01,Steel Reinforcement Bars,2023-01-01,1,79.16,922.6,159.2202911376953,0.0,79.16,146896.6406036377,0.0
O3,H40,0.4,0.03333333333333333,2022-12-01,Steel Reinforcement Bars,2023-02-01,2,100.49,942.1,150.2219467163086,0.0,100.49,141524.09600143434,0.0
O3,H40,0.4,0.03333333333333333,2022-12-01,Steel Reinforcement Bars,2023-03-01,3,57.1,946.6,0.0,102.12029113769532,0.0,0.0,3222.2355863647463
O3,H40,0.4,0.03333333333333333,2022-12-01,Steel Reinforcement Bars,2023-04-01,4,67.2,940.1,0.0,344.3625289916992,0.0,0.0,10791.173783503215
O3,H40,0.4,0.03333333333333333,2022-12-01,Steel Reinforcement Bars,2023-05-01,5,152.2,922.8,0.0,501.6047668457032,0.0,0.0,15429.362628173829
O3,H40,0.4,0.03333333333333333,2022-12-01,Steel Reinforcement Bars,2023-06-01,6,135.08,885.5,109.72649383544922,675.967004699707,0.0,97162.81029129028,19952.292755386352
O3,H40,0.4,0.03333333333333333,2022-12-01,Steel Reinforcement Bars,2023-07-01,7,141.5,859.2,145.06173451741537,843.9092425537109,0.0,124637.0422973633,24169.56070673828
O3,H40,0.4,0.03333333333333333,2022-12-01,Steel Reinforcement Bars,2023-08-01,8,173.95,832.6,37.728243509928376,1089.127974243164,0.0,31412.535546366365,30226.931711828616
O3,H40,0.4,0.03333333333333333,2022-12-01,Steel Reinforcement Bars,2023-09-01,9,140.71,830.1,4.78600565592447,1512.6484404500325,0.0,3972.8632949829025,41854.9823472524
O3,H40,0.4,0.03333333333333333,2022-12-01,Steel Reinforcement Bars,2023-10-01,10,162.59,827.4,110.16076497395836,1952.0171501668294,0.0,91147.01693945315,53836.63300160115
O3,H40,0.4,0.03333333333333333,2022-12-01,Steel Reinforcement Bars,2023-11-01,11,187.13,826.7,149.84774017333984,2371.6318655395507,0.0,123879.12680130005,65354.26877471822
O3,H40,0.4,0.03333333333333333,2022-12-01,Steel Reinforcement Bars,2023-12-01,12,122.5,819.7,46.86598368326821,2966.0373458862305,0.0,38416.046825174955,81042.02708076478
O3,H40,0.4,0.03333333333333333,2023-01-01,Cement,2023-02-01,1,282.49,118.4,419.7359008789063,0.0,282.49,49696.73066406251,0.0
O3,H40,0.4,0.03333333333333333,2023-01-01,Cement,2023-03-01,2,427.87,118.2,414.0669250488281,0.0,427.87,48942.710540771484,0.0
O3,H40,0.4,0.03333333333333333,2023-01-01,Cement,2023-04-01,3,315.7,118.0,0.0,104.03590087890632,0.0,0.0,409.2078767903648
O3,H40,0.4,0.03333333333333333,2023-01-01,Cement,2023-05-01,4,398.82,117.2,0.0,539.0187268066406,0.0,0.0,2105.7664927246096
O3,H40,0.4,0.03333333333333333,2023-01-01,Cement,2023-06-01,5,335.0,116.7,282.35991495768224,1037.821552734375,0.0,32951.40207556152,4037.125840136719
O3,H40,0.4,0.03333333333333333,2023-01-01,Cement,2023-07-01,6,425.98,115.2,398.26513671875,1445.6443786621094,0.0,45880.14375,5551.2744140625
O3,H40,0.4,0.03333333333333333,2023-01-01,Cement,2023-08-01,7,378.3,114.4,127.2134798177084,2183.5071195475257,0.0,14553.222091145843,8326.440482541231
O3,H40,0.4,0.03333333333333333,2023-01-01,Cement,2023-09-01,8,446.33,113.5,22.61651611328125,3251.6049971516923,0.0,2566.974578857422,12301.905572557236
O3,H40,0.4,0.03333333333333333,2023-01-01,Cement,2023-10-01,9,335.47,113.2,304.9764310709635,4557.776354573567,0.0,34523.331997233065,17198.009444590927
O3,H40,0.4,0.03333333333333333,2023-01-01,Cement,2023-11-01,10,381.97,112.0,420.8816528320313,5840.064228108723,0.0,47138.74511718751,21802.9064516059
O3,H40,0.4,0.03333333333333333,2023-01-01,Cement,2023-12-01,11,467.38,111.7,149.82999593098964,7341.9185327148425,0.0,16736.010545491543,27336.410003474928
O3,H40,0.4,0.03333333333333333,2023-01-01,Cement,2024-01-01,12,434.45,110.6,45.2330322265625,9297.584490152993,0.0,5002.773364257812,34277.09482036403
O3,H40,0.4,0.03333333333333333,2023-01-01,Granite,2023-02-01,1,1455.1,18.5,1653.4064846104131,0.0,1455.1,30588.019965292642,0.0
O3,H40,0.4,0.03333333333333333,2023-01-01,Granite,2023-03-01,2,1561.4,18.3,1696.9770418190187,0.0,1561.4,31054.679865288042,0.0
O3,H40,0.4,0.03333333333333333,2023-01-01,Granite,2023-04-01,3,1395.2,18.6,87.14111441721093,258.2064846104131,0.0,1620.8247281601234,160.08802045845613
O3,H40,0.4,0.03333333333333333,2023-01-01,Granite,2023-05-01,4,1844.9,18.3,0.0,1763.690011039845,0.0,0.0,1075.8509067343055
O3,H40,0.4,0.03333333333333333,2023-01-01,Granite,2023-06-01,5,1659.3,18.5,1631.445398184496,3541.914651886488,0.0,30181.739866413176,2184.1807019966677
O3,H40,0.4,0.03333333333333333,2023-01-01,Granite,2023-07-01,6,1674.3,18.5,1873.031259032896,5305.139292733131,0.0,34651.07829210858,3271.5025638520974
O3,H40,0.4,0.03333333333333333,2023-01-01,Granite,2023-08-01,7,1755.2,18.5,218.61003818452173,8618.90933176427,0.0,4044.285706413652,5314.9940879213
O3,H40,0.4,0.03333333333333333,2023-01-01,Granite,2023-09-01,8,1729.4,18.6,0.0,13831.510629828304,0.0,0.0,8575.536590493548
O3,H40,0.4,0.03333333333333333,2023-01-01,Granite,2023-10-01,9,1742.2,19.5,1441.8624938238436,19249.92196607686,0.0,28116.31862956495,12512.44927794996
O3,H40,0.4,0.03333333333333333,2023-01-01,Granite,2023-11-01,10,1621.1,20.3,1781.127968377383,24789.43330232542,0.0,36156.89775806088,16774.183201240197
O3,H40,0.4,0.03333333333333333,2023-01-01,Granite,2023-12-01,11,1531.7,21.2,316.2896518896612,31860.20713239782,0.0,6705.340620060817,22514.546373561127
O3,H40,0.4,0.03333333333333333,2023-01-01,Granite,2024-01-01,12,1664.5,22.3,0.0,40579.308930847605,0.0,0.0,30163.952971930055
O3,H40,0.4,0.03333333333333333,2023-01-01,Ready Mixed Concrete,2023-02-01,1,897.3,118.1,1017.7474975585938,0.0,897.3,120195.97946166992,0.0
O3,H40,0.4,0.03333333333333333,2023-01-01,Ready Mixed Concrete,2023-03-01,2,1070.7,116.8,1039.0945129394531,0.0,1070.7,121366.23911132812,0.0
O3,H40,0.4,0.03333333333333333,2023-01-01,Ready Mixed Concrete,2023-04-01,3,918.4,117.2,42.69403076171875,99.34749755859377,0.0,5003.740405273437,388.11755712890636
O3,H40,0.4,0.03333333333333333,2023-01-01,Ready Mixed Concrete,2023-05-01,4,1041.6,117.6,0.0,1114.5895080566406,0.0,0.0,4369.190871582031
O3,H40,0.4,0.03333333333333333,2023-01-01,Ready Mixed Concrete,2023-06-01,5,1020.3,117.3,938.9225769042968,2193.825549316406,0.0,110135.61827087401,8577.857897827147
O3,H40,0.4,0.03333333333333333,2023-01-01,Ready Mixed Concrete,2023-07-01,6,1046.0,116.3,1087.4671630859375,3247.3615905761717,0.0,126472.43106689453,12588.938432800293
O3,H40,0.4,0.03333333333333333,2023-01-01,Ready Mixed Concrete,2023-08-01,7,1113.5,116.4,160.17548624674487,5172.320208740234,0.0,18644.426599121103,20068.60240991211
O3,H40,0.4,0.03333333333333333,2023-01-01,Ready Mixed Concrete,2023-09-01,8,1081.8,116.6,23.261800130208258,8216.445989990236,0.0,2712.3258951822827,31934.586747762045
O3,H40,0.4,0.03333333333333333,2023-01-01,Ready Mixed Concrete,2023-10-01,9,1101.2,116.4,956.5172139485676,11401.347257486981,0.0,111338.60370361328,44237.22735904949
O3,H40,0.4,0.03333333333333333,2023-01-01,Ready Mixed Concrete,2023-11-01,10,1070.0,115.4,1110.728963216146,14640.710325113934,0.0,128178.12235514325,56317.93238393827
O3,H40,0.4,0.03333333333333333,2023-01-01,Ready Mixed Concrete,2023-12-01,11,1101.6,115.4,189.10444946289067,18804.990606689455,0.0,21822.653468017583,72336.5305337321
O3,H40,0.4,0.03333333333333333,2023-01-01,Ready Mixed Concrete,2024-01-01,12,1071.7,118.1,46.52360026041652,24109.89985148112,0.0,5494.437190755191,94912.63908199735
O3,H40,0.4,0.03333333333333333,2023-01-01,Steel Reinforcement Bars,2023-02-01,1,100.49,942.1,169.7592315673828,0.0,100.49,159930.17205963135,0.0
O3,H40,0.4,0.03333333333333333,2023-01-01,Steel Reinforcement Bars,2023-03-01,2,57.1,946.6,154.6984405517578,0.0,57.1,146437.54382629396,0.0
O3,H40,0.4,0.03333333333333333,2023-01-01,Steel Reinforcement Bars,2023-04-01,3,67.2,940.1,0.0,102.55923156738281,0.0,0.0,3213.8644532165526
O3,H40,0.4,0.03333333333333333,2023-01-01,Steel Reinforcement Bars,2023-05-01,4,152.2,922.8,0.0,274.81690368652346,0.0,0.0,8453.36795739746
O3,H40,0.4,0.03333333333333333,2023-01-01,Steel Reinforcement Bars,2023-06-01,5,135.08,885.5,41.55929667154945,464.19457580566404,0.0,36800.757202657034,13701.476562530517
O3,H40,0.4,0.03333333333333333,2023-01-01,Steel Reinforcement Bars,2023-07-01,6,141.5,859.2,150.10662841796875,647.1522479248047,0.0,128971.61513671876,18534.440380566408
O3,H40,0.4,0.03333333333333333,2023-01-01,Steel Reinforcement Bars,2023-08-01,7,173.95,832.6,109.67597096761072,839.2192167154947,0.0,91316.2134276327,23291.130661244028
O3,H40,0.4,0.03333333333333333,2023-01-01,Steel Reinforcement Bars,2023-09-01,8,140.71,830.1,2.2572784423828125,1214.6328139241534,0.0,1873.7668350219726,33608.889961281326
O3,H40,0.4,0.03333333333333333,2023-01-01,Steel Reinforcement Bars,2023-10-01,9,162.59,827.4,34.41994669596352,1677.842382100423,0.0,28479.06389624021,46274.892898329665
O3,H40,0.4,0.03333333333333333,2023-01-01,Steel Reinforcement Bars,2023-11-01,10,187.13,826.7,152.36390686035156,2118.7692287190753,0.0,125959.24180145265,58386.21737940199
O3,H40,0.4,0.03333333333333333,2023-01-01,Steel Reinforcement Bars,2023-12-01,11,122.5,819.7,121.32987782796226,2658.746022033691,0.0,99454.10085558068,72645.80380870056
O3,H40,0.4,0.03333333333333333,2023-01-01,Steel Reinforcement Bars,2024-01-01,12,179.85,833.7,4.514556884765625,3293.7367222086586,0.0,3763.786074829102,91532.94351017864
O3,H40,0.4,0.03333333333333333,2023-02-01,Cement,2023-03-01,1,427.87,118.2,412.4566650390625,0.0,427.87,48752.37780761719,0.0
O3,H40,0.4,0.03333333333333333,2023-02-01,Cement,2023-04-01,2,315.7,118.0,422.4425048828125,0.0,315.7,49848.215576171875,0.0
O3,H40,0.4,0.03333333333333333,2023-02-01,Cement,2023-05-01,3,398.82,117.2,19.9716796875,13.636665039062507,0.0,2340.680859375,53.273904752604196
O3,H40,0.4,0.03333333333333333,2023-02-01,Cement,2023-06-01,4,335.0,116.7,2.0364510091145576,513.5358349609376,0.0,237.65383276366887,1997.6543979980472
O3,H40,0.4,0.03333333333333333,2023-02-01,Cement,2023-07-01,5,425.98,115.2,322.7520475260417,942.4266845703125,0.0,37181.035875,3618.91846875
O3,H40,0.4,0.03333333333333333,2023-02-01,Cement,2023-08-01,6,378.3,114.4,447.4537223307292,1421.0339851888023,0.0,51188.705834635424,5418.876263519966
O3,H40,0.4,0.03333333333333333,2023-02-01,Cement,2023-09-01,7,446.33,113.5,131.13833841959632,2154.3633333333337,0.0,14884.201410624182,8150.674611111112
O3,H40,0.4,0.03333333333333333,2023-02-01,Cement,2023-10-01,8,335.47,113.2,10.836876220703118,3446.006403808594,0.0,1226.734388183593,13002.930830371095
O3,H40,0.4,0.03333333333333333,2023-02-01,Cement,2023-11-01,9,381.97,112.0,219.56875040690107,4822.28781270345,0.0,24591.70004557292,18003.207834092882
O3,H40,0.4,0.03333333333333333,2023-02-01,Cement,2023-12-01,10,467.38,111.7,456.2541475423177,6123.996097819009,0.0,50963.588280476884,22801.678804212777
O3,H40,0.4,0.03333333333333333,2023-02-01,Cement,2024-01-01,11,434.45,110.6,251.92248596191405,7678.20313334147,0.0,27862.626947387693,28306.97555158555
O3,H40,0.4,0.03333333333333333,2023-02-01,Cement,2024-02-01,12,367.77,110.6,19.63730143229168,9755.344316406248,0.0,2171.8855384114595,35964.70271315103
O3,H40,0.4,0.03333333333333333,2023-02-01,Granite,2023-03-01,1,1561.4,18.3,1731.2661505978451,0.0,1561.4,31682.170555940567,0.0
O3,H40,0.4,0.03333333333333333,2023-02-01,Granite,2023-04-01,2,1395.2,18.6,1667.8703134442608,0.0,1395.2,31022.387830063253,0.0
O3,H40,0.4,0.03333333333333333,2023-02-01,Granite,2023-05-01,3,1844.9,18.3,0.0,0.0,113.63384940215496,0.0,0.0
O3,H40,0.4,0.03333333333333333,2023-02-01,Granite,2023-06-01,4,1659.3,18.5,0.0,1739.8364640421062,0.0,0.0,1072.8991528259655
O3,H40,0.4,0.03333333333333333,2023-02-01,Granite,2023-07-01,5,1674.3,18.5,1676.466841805549,3464.672928084212,0.0,31014.636573402655,2136.5483056519306
O3,H40,0.4,0.03333333333333333,2023-02-01,Granite,2023-08-01,6,1755.2,18.5,1725.3184947293762,5108.609392126318,0.0,31918.39215249346,3150.309125144563
O3,H40,0.4,0.03333333333333333,2023-02-01,Granite,2023-09-01,7,1729.4,18.6,38.76324287173611,8454.812697973974,0.0,720.9963174142918,5241.983872743864
O3,H40,0.4,0.03333333333333333,2023-02-01,Granite,2023-10-01,8,1742.2,19.5,0.0,13513.534498551004,0.0,0.0,8783.797424058153
O3,H40,0.4,0.03333333333333333,2023-02-01,Granite,2023-11-01,9,1621.1,20.3,1656.2900217013666,18732.11954199977,0.0,33622.687440537746,12675.400890086512
O3,H40,0.4,0.03333333333333333,2023-02-01,Granite,2023-12-01,10,1531.7,21.2,1684.9648545210116,24040.10458544854,0.0,35721.25491584544,16988.340573716967
O3,H40,0.4,0.03333333333333333,2023-02-01,Granite,2024-01-01,11,1664.5,22.3,18.586422767553813,30871.579650598673,0.0,414.47722771645005,22947.874206945016
O3,H40,0.4,0.03333333333333333,2023-02-01,Granite,2024-02-01,12,1201.2,22.2,0.0,39851.31957026982,0.0,0.0,29489.976481999667
O3,H40,0.4,0.03333333333333333,2023-02-01,Ready Mixed Concrete,2023-03-01,1,1070.7,116.8,1006.7034912109376,0.0,1070.7,117582.96777343751,0.0
O3,H40,0.4,0.03333333333333333,2023-02-01,Ready Mixed Concrete,2023-04-01,2,918.4,117.2,1016.0463256835938,0.0,918.4,119080.6293701172,0.0
O3,H40,0.4,0.03333333333333333,2023-02-01,Ready Mixed Concrete,2023-05-01,3,1041.6,117.6,18.685668945312383,0.0,34.896508789062295,2197.434667968736,0.0
O3,H40,0.4,0.03333333333333333,2023-02-01,Ready Mixed Concrete,2023-06-01,4,1020.3,117.3,2.8902384440103788,1002.4498168945313,0.0,339.0249694824174,3919.578784057617
O3,H40,0.4,0.03333333333333333,2023-02-01,Ready Mixed Concrete,2023-07-01,5,1046.0,116.3,993.798299153646,1997.8853027343748,0.0,115578.74219156902,7745.135356933592
O3,H40,0.4,0.03333333333333333,2023-02-01,Ready Mixed Concrete,2023-08-01,6,1113.5,116.4,1003.141133626302,2928.711027018229,0.0,116765.62795410155,11363.39878483073
O3,H40,0.4,0.03333333333333333,2023-02-01,Ready Mixed Concrete,2023-09-01,7,1081.8,116.6,40.23606363932288,4885.035050455729,0.0,4691.525020345048,18986.502896104597
O3,H40,0.4,0.03333333333333333,2023-02-01,Ready Mixed Concrete,2023-10-01,8,1101.2,116.4,58.89621988932299,7825.100207519531,0.0,6855.519995117196,30361.388805175782
O3,H40,0.4,0.03333333333333333,2023-02-01,Ready Mixed Concrete,2023-11-01,9,1070.0,115.4,1049.8042805989585,10836.601428222655,0.0,121147.41398111981,41684.79349389648
O3,H40,0.4,0.03333333333333333,2023-02-01,Ready Mixed Concrete,2023-12-01,10,1101.6,115.4,1059.1471150716145,13875.398868815102,0.0,122225.57707926432,53374.03431537543
O3,H40,0.4,0.03333333333333333,2023-02-01,Ready Mixed Concrete,2024-01-01,11,1071.7,118.1,96.24204508463528,17993.900590006506,0.0,11366.185524495426,70835.98865599227
O3,H40,0.4,0.03333333333333333,2023-02-01,Ready Mixed Concrete,2024-02-01,12,874.95,118.0,114.90220133463548,23368.299426269525,0.0,13558.459757486986,91915.31107666013
O3,H40,0.4,0.03333333333333333,2023-02-01,Steel Reinforcement Bars,2023-03-01,1,57.1,946.6,156.06752014160156,0.0,57.1,147733.51456604004,0.0
O3,H40,0.4,0.03333333333333333,2023-02-01,Steel Reinforcement Bars,2023-04-01,2,67.2,940.1,138.47831344604492,0.0,67.2,130183.46247062684,0.0
O3,H40,0.4,0.03333333333333333,2023-02-01,Steel Reinforcement Bars,2023-05-01,3,152.2,922.8,0.0,3.867520141601574,0.0,0.0,118.96491955566441
O3,H40,0.4,0.03333333333333333,2023-02-01,Steel Reinforcement Bars,2023-06-01,4,135.08,885.5,0.0,163.33335372924805,0.0,0.0,4821.056157574972
O3,H40,0.4,0.03333333333333333,2023-02-01,Steel Reinforcement Bars,2023-07-01,5,141.5,859.2,121.0531793721517,316.37918731689456,0.0,104008.89171655275,9061.099924755861
O3,H40,0.4,0.03333333333333333,2023-02-01,Steel Reinforcement Bars,2023-08-01,6,173.95,832.6,132.03396606445312,436.97502090454105,0.0,109931.48014526367,12127.51341350403
O3,H40,0.4,0.03333333333333333,2023-02-01,Steel Reinforcement Bars,2023-09-01,7,140.71,830.1,9.491082560221344,711.8640338643393,0.0,7878.5476332397375,19697.277817026268
O3,H40,0.4,0.03333333333333333,2023-02-01,Steel Reinforcement Bars,2023-10-01,8,162.59,827.4,0.0,1096.9070128885908,0.0,0.0,30252.695415467333
O3,H40,0.4,0.03333333333333333,2023-02-01,Steel Reinforcement Bars,2023-11-01,9,187.13,826.7,118.07377110799156,1466.9010744730635,0.0,97611.58657497662,40422.90394222939
O3,H40,0.4,0.03333333333333333,2023-02-01,Steel Reinforcement Bars,2023-12-01,10,122.5,819.7,126.0751495361328,1901.5251360575362,0.0,103343.80007476806,51956.005134212086
O3,H40,0.4,0.03333333333333333,2023-02-01,Steel Reinforcement Bars,2024-01-01,11,179.85,833.7,6.511674296061187,2396.8729687500004,0.0,5428.782860626212,66609.09980156252
O3,H40,0.4,0.03333333333333333,2023-02-01,Steel Reinforcement Bars,2024-02-01,12,60.8,829.6,0.0,3137.345950978597,0.0,0.0,86758.0733643948
O3,H40,0.4,0.03333333333333333,2023-03-01,Cement,2023-04-01,1,315.7,118.0,460.725830078125,0.0,315.7,54365.64794921875,0.0
O3,H40,0.4,0.03333333333333333,2023-03-01,Cement,2023-05-01,2,398.82,117.2,445.14161682128906,0.0,398.82,52170.59749145508,0.0
O3,H40,0.4,0.03333333333333333,2023-03-01,Cement,2023-06-01,3,335.0,116.7,0.0,125.725830078125,0.0,0.0,489.07347900390624
O3,H40,0.4,0.03333333333333333,2023-03-01,Cement,2023-07-01,4,425.98,115.2,0.0,605.613276977539,0.0,0.0,2325.55498359375
O3,H40,0.4,0.03333333333333333,2023-03-01,Cement,2023-08-01,5,378.3,114.4,301.34140441894533,1133.1807238769532,0.0,34473.456665527345,4321.195827050781
O3,H40,0.4,0.03333333333333333,2023-03-01,Cement,2023-09-01,6,446.33,113.5,454.5645751953125,1592.7181707763673,0.0,51593.07928466797,6025.783746103923
O3,H40,0.4,0.03333333333333333,2023-03-01,Cement,2023-10-01,7,335.47,113.2,140.81410807291667,2464.457022094726,0.0,15940.157033854168,9299.217830037434
O3,H40,0.4,0.03333333333333333,2023-03-01,Cement,2023-11-01,8,381.97,112.0,0.0,3744.2604486083974,0.0,0.0,13978.57234147135
O3,H40,0.4,0.03333333333333333,2023-03-01,Cement,2023-12-01,9,467.38,111.7,203.9287038167318,5079.467983194986,0.0,22778.836216328942,18912.55245742933
O3,H40,0.4,0.03333333333333333,2023-03-01,Cement,2024-01-01,10,434.45,110.6,404.9283243815104,6447.605517781575,0.0,44785.072676595046,23770.172342221405
O3,H40,0.4,0.03333333333333333,2023-03-01,Cement,2024-02-01,11,367.77,110.6,188.59055786132808,8086.351756184895,0.0,20858.115699462884,29811.68347446831
O3,H40,0.4,0.03333333333333333,2023-03-01,Cement,2024-03-01,12,318.63,110.8,0.0,10179.166318969726,0.0,0.0,37595.05427139486
O3,H40,0.4,0.03333333333333333,2023-03-01,Granite,2023-04-01,1,1395.2,18.6,1624.4559874327056,0.0,1395.2,30214.881366248326,0.0
O3,H40,0.4,0.03333333333333333,2023-03-01,Granite,2023-05-01,2,1844.9,18.3,1681.2184320314902,0.0,1844.9,30766.29730617627,0.0
O3,H40,0.4,0.03333333333333333,2023-03-01,Granite,2023-06-01,3,1659.3,18.5,113.52488919756934,0.0,34.844012567294385,2100.210450155033,0.0
O3,H40,0.4,0.03333333333333333,2023-03-01,Granite,2023-07-01,4,1674.3,18.5,60.2658583445882,1631.374419464196,0.0,1114.9183793748819,1006.0142253362543
O3,H40,0.4,0.03333333333333333,2023-03-01,Granite,2023-08-01,5,1755.2,18.5,1624.5443828928223,3295.373728125962,0.0,30054.071083517214,2032.1471323443432
O3,H40,0.4,0.03333333333333333,2023-03-01,Granite,2023-09-01,6,1729.4,18.6,1688.2252595230973,5045.438895132316,0.0,31400.98982712961,3128.172114982036
O3,H40,0.4,0.03333333333333333,2023-03-01,Granite,2023-10-01,7,1742.2,19.5,91.1605068149563,8407.248445031491,0.0,1777.6298828916479,5464.711489270469
O3,H40,0.4,0.03333333333333333,2023-03-01,Granite,2023-11-01,8,1621.1,20.3,0.0,13578.383254453764,0.0,0.0,9188.039335513713
O3,H40,0.4,0.03333333333333333,2023-03-01,Granite,2023-12-01,9,1531.7,21.2,1491.846667049911,18930.078570690992,0.0,31627.149341458113,13377.2555232883
O3,H40,0.4,0.03333333333333333,2023-03-01,Granite,2024-01-01,10,1664.5,22.3,1617.346205228058,24148.973886928223,0.0,36066.82037658569,17950.73725594998
O3,H40,0.4,0.03333333333333333,2023-03-01,Granite,2024-02-01,11,1201.2,22.2,92.71331001823978,31323.015870215364,0.0,2058.235482404923,23179.031743959367
O3,H40,0.4,0.03333333333333333,2023-03-01,Granite,2024-03-01,12,1688.6,22.4,0.0,39627.00405873056,0.0,0.0,29588.163030518816
O3,H40,0.4,0.03333333333333333,2023-03-01,Ready Mixed Concrete,2023-04-01,1,918.4,117.2,998.8489379882812,0.0,918.4,117065.09553222657,0.0
O3,H40,0.4,0.03333333333333333,2023-03-01,Ready Mixed Concrete,2023-05-01,2,1041.6,117.6,1025.803192138672,0.0,1041.6,120634.45539550783,0.0
O3,H40,0.4,0.03333333333333333,2023-03-01,Ready Mixed Concrete,2023-06-01,3,1020.3,117.3,53.90850830078125,0.0,21.451062011718705,6323.46802368164,0.0
O3,H40,0.4,0.03333333333333333,2023-03-01,Ready Mixed Concrete,2023-07-01,4,1046.0,116.3,34.30964152018237,978.6521301269534,0.0,3990.2113087972093,3793.908091125489
O3,H40,0.4,0.03333333333333333,2023-03-01,Ready Mixed Concrete,2023-08-01,5,1113.5,116.4,1013.5597127278644,1943.7127685546875,0.0,117978.35056152342,7541.605541992189
O3,H40,0.4,0.03333333333333333,2023-03-01,Ready Mixed Concrete,2023-09-01,6,1081.8,116.6,1040.5139668782551,2974.7830485026043,0.0,121323.92853800455,11561.99011518012
O3,H40,0.4,0.03333333333333333,2023-03-01,Ready Mixed Concrete,2023-10-01,7,1101.2,116.4,72.13387044270848,5000.013041178386,0.0,8396.382519531267,19400.050599772138
O3,H40,0.4,0.03333333333333333,2023-03-01,Ready Mixed Concrete,2023-11-01,8,1070.0,115.4,56.049591064453125,8096.957000732422,0.0,6468.122808837891,31146.294596150718
O3,H40,0.4,0.03333333333333333,2023-03-01,Ready Mixed Concrete,2023-12-01,9,1101.6,115.4,1035.2996622721353,11234.434830729166,0.0,119473.58102620441,43215.12598220486
O3,H40,0.4,0.03333333333333333,2023-03-01,Ready Mixed Concrete,2024-01-01,10,1071.7,118.1,1062.253916422526,14457.862251790362,0.0,125452.1875295003,56915.78439788139
O3,H40,0.4,0.03333333333333333,2023-03-01,Ready Mixed Concrete,2024-02-01,11,874.95,118.0,93.87381998697924,18913.339335123692,0.0,11077.11075846355,74392.46805148652
O3,H40,0.4,0.03333333333333333,2023-03-01,Ready Mixed Concrete,2024-03-01,12,1112.0,118.0,0.0,24194.020334879548,0.0,0.0,95163.14665052622
O3,H40,0.4,0.03333333333333333,2023-03-01,Steel Reinforcement Bars,2023-04-01,1,67.2,940.1,142.59893798828125,0.0,67.2,134057.2616027832,0.0
O3,H40,0.4,0.03333333333333333,2023-03-01,Steel Reinforcement Bars,2023-05-01,2,152.2,922.8,142.56954193115234,0.0,152.2,131563.17329406738,0.0
O3,H40,0.4,0.03333333333333333,2023-03-01,Steel Reinforcement Bars,2023-06-01,3,135.08,885.5,0.0,7.5189379882812375,0.0,0.0,221.93398628743452
O3,H40,0.4,0.03333333333333333,2023-03-01,Steel Reinforcement Bars,2023-07-01,4,141.5,859.2,0.0,151.1874179077148,0.0,0.0,4330.007648876952
O3,H40,0.4,0.03333333333333333,2023-03-01,Steel Reinforcement Bars,2023-08-01,5,173.95,832.6,137.9541887410482,262.4058978271484,0.0,114860.65754579673,7282.638351029459
O3,H40,0.4,0.03333333333333333,2023-03-01,Steel Reinforcement Bars,2023-09-01,6,140.71,830.1,148.54393005371094,406.864377746582,0.0,123306.31633758545,11257.937332247926
O3,H40,0.4,0.03333333333333333,2023-03-01,Steel Reinforcement Bars,2023-10-01,7,162.59,827.4,7.212238871256488,667.3970464070638,0.0,5967.4064420776185,18406.81053990682
O3,H40,0.4,0.03333333333333333,2023-03-01,Steel Reinforcement Bars,2023-11-01,8,187.13,826.7,0.0,1051.9336451212566,0.0,0.0,28987.784814058097
O3,H40,0.4,0.03333333333333333,2023-03-01,Steel Reinforcement Bars,2023-12-01,9,122.5,819.7,131.1991838582357,1508.3124827067059,0.0,107543.9710085958,41212.124735822894
O3,H40,0.4,0.03333333333333333,2023-03-01,Steel Reinforcement Bars,2024-01-01,10,179.85,833.7,135.03392028808594,1907.3413202921552,0.0,112577.77934417725,53005.015290919
O3,H40,0.4,0.03333333333333333,2023-03-01,Steel Reinforcement Bars,2024-02-01,11,60.8,829.6,0.4572339884439884,2556.61934173584,0.0,379.3213168131328,70699.04686346842
O3,H40,0.4,0.03333333333333333,2023-03-01,Steel Reinforcement Bars,2024-03-01,12,91.23,821.7,0.0,3310.501283467611,0.0,0.0,90674.63015417787
O3,H40,0.4,0.03333333333333333,2023-04-01,Cement,2023-05-01,1,398.82,117.2,439.8238525390625,0.0,398.82,51547.35551757813,0.0
O3,H40,0.4,0.03333333333333333,2023-04-01,Cement,2023-06-01,2,335.0,116.7,441.5473785400391,0.0,335.0,51528.57907562257,0.0
O3,H40,0.4,0.03333333333333333,2023-04-01,Cement,2023-07-01,3,425.98,115.2,3.447052001953125,13.843852539062482,0.0,397.100390625,53.160393749999926
O3,H40,0.4,0.03333333333333333,2023-04-01,Cement,2023-08-01,4,378.3,114.4,0.0,516.9150836181641,0.0,0.0,1971.1695188639324
O3,H40,0.4,0.03333333333333333,2023-04-01,Cement,2023-09-01,5,446.33,113.5,385.907182006836,955.4033666992189,0.0,43800.46515777589,3614.6094040120447
O3,H40,0.4,0.03333333333333333,2023-04-01,Cement,2023-10-01,6,335.47,113.2,478.0327453613281,1504.7516497802735,0.0,54113.30677490235,5677.929558504232
O3,H40,0.4,0.03333333333333333,2023-04-01,Cement,2023-11-01,7,381.97,112.0,96.4338926188151,2393.5071148681645,0.0,10800.59597330729,8935.759895507814
O3,H40,0.4,0.03333333333333333,2023-04-01,Cement,2023-12-01,8,467.38,111.7,4.679476521809875,3674.885325317383,0.0,522.697527486163,13682.823027931721
O3,H40,0.4,0.03333333333333333,2023-04-01,Cement,2024-01-01,9,434.45,110.6,379.9339131673177,5085.627428385417,0.0,42020.69079630534,18749.013119314237
O3,H40,0.4,0.03333333333333333,2023-04-01,Cement,2024-02-01,10,367.77,110.6,490.58658589680994,6567.729007975262,0.0,54258.876400187175,24213.027609402132
O3,H40,0.4,0.03333333333333333,2023-04-01,Cement,2024-03-01,11,318.63,110.8,119.64047851562498,8478.904500732424,0.0,13256.165019531247,31315.420622705085
O3,H40,0.4,0.03333333333333333,2023-04-01,Cement,2024-04-01,12,395.86,110.2,0.0,10803.436579386394,0.0,0.0,39684.62370161269
O3,H40,0.4,0.03333333333333333,2023-04-01,Granite,2023-05-01,1,1844.9,18.3,1575.6205736005663,0.0,1844.9,28833.856496890367,0.0
O3,H40,0.4,0.03333333333333333,2023-04-01,Granite,2023-06-01,2,1659.3,18.5,1697.0578778252398,0.0,1659.3,31395.570739766936,0.0
O3,H40,0.4,0.03333333333333333,2023-04-01,Granite,2023-07-01,3,1674.3,18.5,242.87460844934665,0.0,98.67942639943362,4493.180256312913,0.0
O3,H40,0.4,0.03333333333333333,2023-04-01,Granite,2023-08-01,4,1755.2,18.5,56.25370701567749,1517.478451425806,0.0,1040.6935797900337,935.7783783792471
O3,H40,0.4,0.03333333333333333,2023-04-01,Granite,2023-09-01,5,1729.4,18.6,1445.2533791825751,3303.631511300959,0.0,26881.7128527959,2048.251537006595
O3,H40,0.4,0.03333333333333333,2023-04-01,Granite,2023-10-01,6,1742.2,19.5,1566.6906834072486,5133.23827819179,0.0,30550.468326441347,3336.6048808246637
O3,H40,0.4,0.03333333333333333,2023-04-01,Granite,2023-11-01,7,1621.1,20.3,183.03075424151552,8529.198424265196,0.0,3715.5243111027653,5771.424267086116
O3,H40,0.4,0.03333333333333333,2023-04-01,Granite,2023-12-01,8,1531.7,21.2,66.9331930180067,13581.24925374585,0.0,1418.9836919817421,9597.416139313733
O3,H40,0.4,0.03333333333333333,2023-04-01,Granite,2024-01-01,9,1664.5,22.3,1420.9421817776558,18683.53083746802,0.0,31687.010653641726,13888.09125585123
O3,H40,0.4,0.03333333333333333,2023-04-01,Granite,2024-02-01,10,1201.2,22.2,1577.370169409578,24316.045614208197,0.0,35017.61776089263,17993.873754514065
O3,H40,0.4,0.03333333333333333,2023-04-01,Granite,2024-03-01,11,1688.6,22.4,228.7009236510935,30882.10257272603,0.0,5122.900689784494,23058.636587635436
O3,H40,0.4,0.03333333333333333,2023-04-01,Granite,2024-04-01,12,1470.5,22.3,77.61267902033592,39243.629700653444,0.0,1730.762742153491,29171.09807748573
O3,H40,0.4,0.03333333333333333,2023-04-01,Ready Mixed Concrete,2023-05-01,1,1041.6,117.6,1016.8465576171876,0.0,1041.6,119581.15517578126,0.0
O3,H40,0.4,0.03333333333333333,2023-04-01,Ready Mixed Concrete,2023-06-01,2,1020.3,117.3,1027.112060546875,0.0,1020.3,120480.24470214844,0.0
O3,H40,0.4,0.03333333333333333,2023-04-01,Ready Mixed Concrete,2023-07-01,3,1046.0,116.3,20.531005859374886,0.0,29.153442382812386,2387.7559814452993,0.0
O3,H40,0.4,0.03333333333333333,2023-04-01,Ready Mixed Concrete,2023-08-01,4,1113.5,116.4,9.406697591145758,930.4586181640625,0.0,1094.9395996093663,3610.1794384765626
O3,H40,0.4,0.03333333333333333,2023-04-01,Ready Mixed Concrete,2023-09-01,5,1081.8,116.6,1015.1289469401044,1913.1482421875,0.0,118364.03521321616,7435.769501302083
O3,H40,0.4,0.03333333333333333,2023-04-01,Ready Mixed Concrete,2023-10-01,6,1101.2,116.4,1025.3944498697915,2885.844563802083,0.0,119355.91396484374,11197.076907552084
O3,H40,0.4,0.03333333333333333,2023-04-01,Ready Mixed Concrete,2023-11-01,7,1070.0,115.4,27.1370035807289,4904.8698323567705,0.0,3131.6102132161154,18867.39928846571
O3,H40,0.4,0.03333333333333333,2023-04-01,Ready Mixed Concrete,2023-12-01,8,1101.6,115.4,24.3363037109375,7917.68955078125,0.0,2808.409448242188,30456.71247200521
O3,H40,0.4,0.03333333333333333,2023-04-01,Ready Mixed Concrete,2024-01-01,9,1071.7,118.1,1030.058553059896,10987.546272786456,0.0,121649.91511637371,43254.30716053602
O3,H40,0.4,0.03333333333333333,2023-04-01,Ready Mixed Concrete,2024-02-01,10,874.95,118.0,1040.3240559895833,14278.4892985026,0.0,122758.23860677083,56162.05790744356
O3,H40,0.4,0.03333333333333333,2023-04-01,Ready Mixed Concrete,2024-03-01,11,1112.0,118.0,42.06660970052076,18362.44087727864,0.0,4963.85994466145,72225.60078396265
O3,H40,0.4,0.03333333333333333,2023-04-01,Ready Mixed Concrete,2024-04-01,12,1114.9,119.2,39.26590983072924,23483.816512044265,0.0,4680.496451822926,93309.03094118921
O3,H40,0.4,0.03333333333333333,2023-04-01,Steel Reinforcement Bars,2023-05-01,1,152.2,922.8,153.0134735107422,0.0,152.2,141200.83335571288,0.0
O3,H40,0.4,0.03333333333333333,2023-04-01,Steel Reinforcement Bars,2023-06-01,2,135.08,885.5,150.3367691040039,0.0,135.08,133123.20904159546,0.0
O3,H40,0.4,0.03333333333333333,2023-04-01,Steel Reinforcement Bars,2023-07-01,3,141.5,859.2,0.0,11.513473510742188,0.0,0.0,329.7458813476563
O3,H40,0.4,0.03333333333333333,2023-04-01,Steel Reinforcement Bars,2023-08-01,4,173.95,832.6,0.0,140.9137161254883,0.0,0.0,3910.825334869385
O3,H40,0.4,0.03333333333333333,2023-04-01,Steel Reinforcement Bars,2023-09-01,5,140.71,830.1,139.58304850260416,303.5539587402344,0.0,115867.8885620117,8399.338038342286
O3,H40,0.4,0.03333333333333333,2023-04-01,Steel Reinforcement Bars,2023-10-01,6,162.59,827.4,135.54454040527344,444.31420135498047,0.0,112149.55273132325,12254.18567337036
O3,H40,0.4,0.03333333333333333,2023-04-01,Steel Reinforcement Bars,2023-11-01,7,187.13,826.7,0.0,700.1174924723307,0.0,0.0,19292.90436756253
O3,H40,0.4,0.03333333333333333,2023-04-01,Steel Reinforcement Bars,2023-12-01,8,122.5,819.7,0.0,1156.0953239949545,0.0,0.0,31588.377902622142
O3,H40,0.4,0.03333333333333333,2023-04-01,Steel Reinforcement Bars,2024-01-01,9,179.85,833.7,113.96375274658205,1554.723155517578,0.0,95011.58066482545,43205.7564918335
O3,H40,0.4,0.03333333333333333,2023-04-01,Steel Reinforcement Bars,2024-02-01,10,60.8,829.6,124.16287740071614,2072.4009870402015,0.0,103005.52309163411,57308.795294951706
O3,H40,0.4,0.03333333333333333,2023-04-01,Steel Reinforcement Bars,2024-03-01,11,91.23,821.7,7.353708902994796,2673.612571309407,0.0,6042.542605590825,73230.24832816466
O3,H40,0.4,0.03333333333333333,2023-04-01,Steel Reinforcement Bars,2024-04-01,12,111.96,819.4,0.0,3378.257032979329,0.0,0.0,92271.46042744207
O3,H40,0.4,0.03333333333333333,2023-05-01,Cement,2023-06-01,1,335.0,116.7,429.8902587890625,0.0,335.0,50168.19320068359,0.0
O3,H40,0.4,0.03333333333333333,2023-05-01,Cement,2023-07-01,2,425.98,115.2,432.4688415527344,0.0,425.98,49820.410546875,0.0
O3,H40,0.4,0.03333333333333333,2023-05-01,Cement,2023-08-01,3,378.3,114.4,5.157165527343807,51.59025878906249,0.0,589.9797363281315,196.73085351562497
O3,H40,0.4,0.03333333333333333,2023-05-01,Cement,2023-09-01,4,446.33,113.5,0.0,467.61935913085944,0.0,0.0,1769.1599087117515
O3,H40,0.4,0.03333333333333333,2023-05-01,Cement,2023-10-01,5,335.47,113.2,390.4861706542968,999.6656250000001,0.0,44203.0345180664,3772.0716250000005
O3,H40,0.4,0.03333333333333333,2023-05-01,Cement,2023-11-01,6,381.97,112.0,432.5349426269531,1485.2118908691407,0.0,48443.91357421875,5544.7910592447915
O3,H40,0.4,0.03333333333333333,2023-05-01,Cement,2023-12-01,7,467.38,111.7,49.60166402180994,2275.834327392578,0.0,5540.505871236171,8473.689812325032
O3,H40,0.4,0.03333333333333333,2023-05-01,Cement,2024-01-01,8,434.45,110.6,15.10578409830731,3531.9217065429684,0.0,1670.6997212727886,13021.01802478841
O3,H40,0.4,0.03333333333333333,2023-05-01,Cement,2024-02-01,9,367.77,110.6,405.5919547526041,4904.290749715168,0.0,44858.470195638016,18080.485230616585
O3,H40,0.4,0.03333333333333333,2023-05-01,Cement,2024-03-01,10,318.63,110.8,447.6407267252604,6340.905576985676,0.0,49598.59252115885,23419.07793100043
O3,H40,0.4,0.03333333333333333,2023-05-01,Cement,2024-04-01,11,395.86,110.2,64.70744812011725,8105.882359008788,0.0,7130.760782836921,29775.607865425613
O3,H40,0.4,0.03333333333333333,2023-05-01,Cement,2024-05-01,12,330.62,110.2,20.47961344401051,10383.73986775716,0.0,2256.8534015299583,38142.93778089464
O3,H40,0.4,0.03333333333333333,2023-05-01,Granite,2023-06-01,1,1659.3,18.5,1737.659420864482,0.0,1659.3,32146.699285992916,0.0
O3,H40,0.4,0.03333333333333333,2023-05-01,Granite,2023-07-01,2,1674.3,18.5,1750.1362965015103,0.0,1674.3,32377.52148527794,0.0
O3,H40,0.4,0.03333333333333333,2023-05-01,Granite,2023-08-01,3,1755.2,18.5,24.953751274056685,0.0,17.5405791355181,461.6443985700487,0.0
O3,H40,0.4,0.03333333333333333,2023-05-01,Granite,2023-09-01,4,1729.4,18.6,0.0,1758.3957173659924,0.0,0.0,1090.2053447669152
O3,H40,0.4,0.03333333333333333,2023-05-01,Granite,2023-10-01,5,1742.2,19.5,1579.8164711902489,3528.9451860060417,0.0,30806.421188209853,2293.8143709039273
O3,H40,0.4,0.03333333333333333,2023-05-01,Granite,2023-11-01,6,1621.1,20.3,1556.9531923794543,5420.594654646091,0.0,31606.149805302925,3667.9357163105215
O3,H40,0.4,0.03333333333333333,2023-05-01,Granite,2023-12-01,7,1531.7,21.2,0.0,8981.460594476388,0.0,0.0,6346.898820096648
O3,H40,0.4,0.03333333333333333,2023-05-01,Granite,2024-01-01,8,1664.5,22.3,0.0,13966.47972668614,0.0,0.0,10381.749930170032
O3,H40,0.4,0.03333333333333333,2023-05-01,Granite,2024-02-01,9,1201.2,22.2,1517.79913017885,19414.798858895894,0.0,33695.14068997047,14366.951155582961
O3,H40,0.4,0.03333333333333333,2023-05-01,Granite,2024-03-01,10,1688.6,22.4,1504.747776111982,24375.71799110565,0.0,33706.35018490839,18200.536100025547
O3,H40,0.4,0.03333333333333333,2023-05-01,Granite,2024-04-01,11,1470.5,22.3,0.0,31072.53625349425,0.0,0.0,23097.251948430727
O3,H40,0.4,0.03333333333333333,2023-05-01,Granite,2024-05-01,12,1911.9,22.1,0.0,38832.702291994836,0.0,0.0,28606.75735510286
O3,H40,0.4,0.03333333333333333,2023-05-01,Ready Mixed Concrete,2023-06-01,1,1020.3,117.3,1032.4345703125,0.0,1020.3,121104.57509765624,0.0
O3,H40,0.4,0.03333333333333333,2023-05-01,Ready Mixed Concrete,2023-07-01,2,1046.0,116.3,1028.131317138672,0.0,1046.0,119571.67218322757,0.0
O3,H40,0.4,0.03333333333333333,2023-05-01,Ready Mixed Concrete,2023-08-01,3,1113.5,116.4,0.0,0.0,81.0654296875,0.0,0.0
O3,H40,0.4,0.03333333333333333,2023-05-01,Ready Mixed Concrete,2023-09-01,4,1081.8,116.6,2.3902486165363825,978.7658874511719,0.0,278.70298868814217,3804.136749226888
O3,H40,0.4,0.03333333333333333,2023-05-01,Ready Mixed Concrete,2023-10-01,5,1101.2,116.4,1037.215067545573,1938.1317749023435,0.0,120731.8338623047,7519.9512866210935
O3,H40,0.4,0.03333333333333333,2023-05-01,Ready Mixed Concrete,2023-11-01,6,1070.0,115.4,1041.5183207194011,2931.087910970052,0.0,120191.2142110189,11274.918164198132
O3,H40,0.4,0.03333333333333333,2023-05-01,Ready Mixed Concrete,2023-12-01,7,1101.6,115.4,22.677714029947765,4929.659114583334,0.0,2617.008199055972,18962.755394097225
O3,H40,0.4,0.03333333333333333,2023-05-01,Ready Mixed Concrete,2024-01-01,8,1071.7,118.1,34.358673095703125,7999.648638916017,0.0,4057.759292602539,31491.950141866055
O3,H40,0.4,0.03333333333333333,2023-05-01,Ready Mixed Concrete,2024-02-01,9,874.95,118.0,1069.1834920247395,11289.065877278648,0.0,126163.65205891927,44403.65911729601
O3,H40,0.4,0.03333333333333333,2023-05-01,Ready Mixed Concrete,2024-03-01,10,1112.0,118.0,1073.4867451985676,14375.791788736982,0.0,126671.43593343098,56544.78103569879
O3,H40,0.4,0.03333333333333333,2023-05-01,Ready Mixed Concrete,2024-04-01,11,1114.9,119.2,54.64613850911451,18528.801192220053,0.0,6513.81971028645,73621.10340375434
O3,H40,0.4,0.03333333333333333,2023-05-01,Ready Mixed Concrete,2024-05-01,12,1151.8,120.4,66.32709757486987,23718.397340901694,0.0,7985.782548014333,95189.83466148547
O3,H40,0.4,0.03333333333333333,2023-05-01,Steel Reinforcement Bars,2023-06-01,1,135.08,885.5,153.0680389404297,0.0,135.08,135541.7484817505,0.0
O3,H40,0.4,0.03333333333333333,2023-05-01,Steel Reinforcement Bars,2023-07-01,2,141.5,859.2,142.25762176513672,0.0,141.5,122227.74862060547,0.0
O3,H40,0.4,0.03333333333333333,2023-05-01,Steel Reinforcement Bars,2023-08-01,3,173.95,832.6,0.0,0.0,20.8819610595703,0.0,0.0
O3,H40,0.4,0.03333333333333333,2023-05-01,Steel Reinforcement Bars,2023-09-01,4,140.71,830.1,0.0,154.6156607055664,0.0,0.0,4278.215331723022
O3,H40,0.4,0.03333333333333333,2023-05-01,Steel Reinforcement Bars,2023-10-01,5,162.59,827.4,127.79058420817056,287.35132141113274,0.0,105733.92937384032,7925.149444519041
O3,H40,0.4,0.03333333333333333,2023-05-01,Steel Reinforcement Bars,2023-11-01,6,187.13,826.7,128.28370666503906,395.54698211669916,0.0,106052.1402999878,10899.956337195841
O3,H40,0.4,0.03333333333333333,2023-05-01,Steel Reinforcement Bars,2023-12-01,7,122.5,819.7,0.0,696.1632270304361,0.0,0.0,19021.499906561618
O3,H40,0.4,0.03333333333333333,2023-05-01,Steel Reinforcement Bars,2024-01-01,8,179.85,833.7,0.0,1067.7131786092123,0.0,0.0,29671.74923355001
O3,H40,0.4,0.03333333333333333,2023-05-01,Steel Reinforcement Bars,2024-02-01,9,60.8,829.6,123.89496612548828,1558.3131301879882,0.0,102783.26389770508,43092.5524267985
O3,H40,0.4,0.03333333333333333,2023-05-01,Steel Reinforcement Bars,2024-03-01,10,91.23,821.7,122.43205261230467,2018.4830817667644,0.0,100602.41763153076,55286.25160959168
O3,H40,0.4,0.03333333333333333,2023-05-01,Steel Reinforcement Bars,2024-04-01,11,111.96,819.4,0.0,2581.8179994710285,0.0,0.0,70518.05562555202
O3,H40,0.4,0.03333333333333333,2023-05-01,Steel Reinforcement Bars,2024-05-01,12,160.55,812.5,0.0,3218.9949697875973,0.0,0.0,87181.11376508075
O4,H40,0.4,0.03333333333333333,2022-07-01,Cement,2022-08-01,1,402.46,119.0,446.7800845133719,0.0,402.46,53166.830057091254,0.0
O4,H40,0.4,0.03333333333333333,2022-07-01,Cement,2022-09-01,2,346.61,118.6,447.13959180765437,0.0,346.61,53030.75558838781,0.0
O4,H40,0.4,0.03333333333333333,2022-07-01,Cement,2022-10-01,3,368.78,118.6,382.4169640685048,78.00008451337192,0.0,45354.651938524665,308.3603341095303
O4,H40,0.4,0.03333333333333333,2022-07-01,Cement,2022-11-01,4,296.3,118.4,446.4029986811801,675.6197608343982,0.0,52854.11504385173,2666.445989426425
O4,H40,0.4,0.03333333333333333,2022-07-01,Cement,2022-12-01,5,375.31,118.3,397.8155198851235,1576.6464012239294,0.0,47061.576002410104,6217.242308826361
O4,H40,0.4,0.03333333333333333,2022-07-01,Cement,2023-01-01,6,440.73,118.5,420.4213728139753,2858.6560402946407,0.0,49819.932678456076,11291.69135916383
O4,H40,0.4,0.03333333333333333,2022-07-01,Cement,2023-02-01,7,282.49,118.4,288.59032668326665,4696.721199250476,0.0,34169.094679298774,18536.392999708547
O4,H40,0.4,0.03333333333333333,2022-07-01,Cement,2023-03-01,8,427.87,118.2,392.4574840895414,6809.827731020287,0.0,46388.4746193838,26830.72126021993
O4,H40,0.4,0.03333333333333333,2022-07-01,Cement,2023-04-01,9,315.7,118.0,262.1918726358863,9323.694589473362,0.0,30938.640971034583,36673.198718595224
O4,H40,0.4,0.03333333333333333,2022-07-01,Cement,2023-05-01,10,398.82,117.2,22.09367936071169,12146.89893201598,0.0,2589.37922107541,47453.88516107576
O4,H40,0.4,0.03333333333333333,2022-07-01,Cement,2023-06-01,11,335.0,116.7,0.0,15296.115147194485,0.0,0.0,59501.887922586546
O4,H40,0.4,0.03333333333333333,2022-07-01,Cement,2023-07-01,12,425.98,115.2,0.0,18376.445041733703,0.0,0.0,70565.54896025742
O4,H40,0.4,0.03333333333333333,2022-07-01,Granite,2022-08-01,1,1491.5,20.5,1859.7143063502954,0.0,1491.5,38124.14328018106,0.0
O4,H40,0.4,0.03333333333333333,2022-07-01,Granite,2022-09-01,2,1550.1,20.8,1707.2549326108751,0.0,1550.1,35510.9025983062,0.0
O4,H40,0.4,0.03333333333333333,2022-07-01,Granite,2022-10-01,3,1554.5,20.4,1765.3608711141392,305.2143063502954,0.0,36013.361770728436,207.54572831820084
O4,H40,0.4,0.03333333333333333,2022-07-01,Granite,2022-11-01,4,1531.9,20.5,1696.5037439666648,2340.283545311466,0.0,34778.32675131663,1599.193755962835
O4,H40,0.4,0.03333333333333333,2022-07-01,Granite,2022-12-01,5,1692.1,19.3,1797.0569149378796,5980.513655386776,0.0,34683.19845830108,3847.4637849654923
O4,H40,0.4,0.03333333333333333,2022-07-01,Granite,2023-01-01,6,1309.6,19.0,1767.9300868700723,11699.74750942875,0.0,33590.671650531374,7409.840089304874
O4,H40,0.4,0.03333333333333333,2022-07-01,Granite,2023-02-01,7,1455.1,18.5,1773.7714894008184,19070.538278408603,0.0,32814.77255391514,11760.165271685306
O4,H40,0.4,0.03333333333333333,2022-07-01,Granite,2023-03-01,8,1561.4,18.3,1925.596493563129,28102.959134258526,0.0,35238.41583220526,17142.8050718977
O4,H40,0.4,0.03333333333333333,2022-07-01,Granite,2023-04-01,9,1395.2,18.6,469.9240609002002,39075.35147950928,0.0,8740.587532743724,24226.71791729575
O4,H40,0.4,0.03333333333333333,2022-07-01,Granite,2023-05-01,10,1844.9,18.3,34.284073976064974,51523.64031832315,0.0,627.3985537619891,31429.42059417712
O4,H40,0.4,0.03333333333333333,2022-07-01,Granite,2023-06-01,11,1659.3,18.5,0.0,64627.45321803722,0.0,0.0,39853.596151122954
O4,H40,0.4,0.03333333333333333,2022-07-01,Granite,2023-07-01,12,1674.3,18.5,0.0,77750.55019172735,0.0,0.0,47946.17261823187
O4,H40,0.4,0.03333333333333333,2022-07-01,Ready Mixed Concrete,2022-08-01,1,982.6,118.3,1102.6068161515782,0.0,982.6,130438.3863507317,0.0
O4,H40,0.4,0.03333333333333333,2022-07-01,Ready Mixed Concrete,2022-09-01,2,993.4,118.6,1083.2480519180183,0.0,993.4,128473.21895747696,0.0
O4,H40,0.4,0.03333333333333333,2022-07-01,Ready Mixed Concrete,2022-10-01,3,930.7,118.5,1085.678727617856,171.90681615157814,0.0,128652.92922271595,679.0319237987336
O4,H40,0.4,0.03333333333333333,2022-07-01,Ready Mixed Concrete,2022-11-01,4,959.9,118.2,1058.8990005563137,1397.8616842211745,0.0,125161.86186575628,5507.575035831427
O4,H40,0.4,0.03333333333333333,2022-07-01,Ready Mixed Concrete,2022-12-01,5,992.6,118.0,1112.8558431934991,3676.7952799086274,0.0,131316.9894968329,14462.061434307267
O4,H40,0.4,0.03333333333333333,2022-07-01,Ready Mixed Concrete,2023-01-01,6,808.1,117.6,1094.9850912127322,7199.127876152394,0.0,128770.2467266173,28220.581274517383
O4,H40,0.4,0.03333333333333333,2022-07-01,Ready Mixed Concrete,2023-02-01,7,897.3,118.1,1029.135975479786,11745.116315589661,0.0,121540.95870416274,46236.607895704634
O4,H40,0.4,0.03333333333333333,2022-07-01,Ready Mixed Concrete,2023-03-01,8,1070.7,116.8,1042.0544326174586,17212.68984623966,0.0,121711.95772971916,67014.73913469307
O4,H40,0.4,0.03333333333333333,2022-07-01,Ready Mixed Concrete,2023-04-01,9,918.4,117.2,328.8065195287809,23861.699352369444,0.0,38536.12408877312,93219.7054699233
O4,H40,0.4,0.03333333333333333,2022-07-01,Ready Mixed Concrete,2023-05-01,10,1041.6,117.6,27.68739806106987,31429.563291116687,0.0,3256.0380119818165,123203.8881011774
O4,H40,0.4,0.03333333333333333,2022-07-01,Ready Mixed Concrete,2023-06-01,11,1020.3,117.3,0.0,39347.53374939271,0.0,0.0,153848.85696012547
O4,H40,0.4,0.03333333333333333,2022-07-01,Ready Mixed Concrete,2023-07-01,12,1046.0,116.3,0.0,47267.491605729796,0.0,0.0,183240.30912487916
O4,H40,0.4,0.03333333333333333,2022-07-01,Steel Reinforcement Bars,2022-08-01,1,102.45,1106.3,134.15781121815422,0.0,102.45,148418.786550644,0.0
O4,H40,0.4,0.03333333333333333,2022-07-01,Steel Reinforcement Bars,2022-09-01,2,174.43,1072.6,119.09297675465174,0.0,174.43,127739.12686703945,0.0
O4,H40,0.4,0.03333333333333333,2022-07-01,Steel Reinforcement Bars,2022-10-01,3,108.27,1040.5,81.92883790154316,25.887811218154226,0.0,85246.95583655566,897.875585749649
O4,H40,0.4,0.03333333333333333,2022-07-01,Steel Reinforcement Bars,2022-11-01,4,51.21,1004.5,116.61474902022265,227.92859919096017,0.0,117139.51539081364,7631.8092629106495
O4,H40,0.4,0.03333333333333333,2022-07-01,Steel Reinforcement Bars,2022-12-01,5,70.5,952.3,89.2427010991531,492.6082250653093,0.0,84985.82425672348,15637.0270909898
O4,H40,0.4,0.03333333333333333,2022-07-01,Steel Reinforcement Bars,2023-01-01,6,79.16,922.6,127.30903187560672,865.2425999598811,0.0,117455.31280843477,26609.09409076621
O4,H40,0.4,0.03333333333333333,2022-07-01,Steel Reinforcement Bars,2023-02-01,7,100.49,942.1,110.21030810634012,1305.7896759536059,0.0,103829.13126698304,41006.1484571964
O4,H40,0.4,0.03333333333333333,2022-07-01,Steel Reinforcement Bars,2023-03-01,8,57.1,946.6,108.0434476362467,1917.0357838229374,0.0,102273.92753247112,60488.86909889309
O4,H40,0.4,0.03333333333333333,2022-07-01,Steel Reinforcement Bars,2023-04-01,9,67.2,940.1,32.443766221136656,2628.3921997986095,0.0,30500.384624490573,82365.05023435576
O4,H40,0.4,0.03333333333333333,2022-07-01,Steel Reinforcement Bars,2023-05-01,10,152.2,922.8,0.0,3362.792063410528,0.0,0.0,103439.48387050783
O4,H40,0.4,0.03333333333333333,2022-07-01,Steel Reinforcement Bars,2023-06-01,11,135.08,885.5,20.79433599829764,4146.755693243584,0.0,18413.384526492562,122398.40554557311
O4,H40,0.4,0.03333333333333333,2022-07-01,Steel Reinforcement Bars,2023-07-01,12,141.5,859.2,0.0,4924.299323076639,0.0,0.0,141031.93261291494
O4,H40,0.4,0.03333333333333333,2022-08-01,Cement,2022-09-01,1,346.61,118.6,396.7376583342018,0.0,346.61,47053.086278436334,0.0
O4,H40,0.4,0.03333333333333333,2022-08-01,Cement,2022-10-01,2,368.78,118.6,364.1840633552292,0.0,368.78,43192.22991393018,0.0
O4,H40,0.4,0.03333333333333333,2022-08-01,Cement,2022-11-01,3,296.3,118.4,359.39795258277314,100.43765833420179,0.0,42552.71758580034,396.3939582256497
O4,H40,0.4,0.03333333333333333,2022-08-01,Cement,2022-12-01,4,375.31,118.3,382.50591183516343,486.04938002363286,0.0,45250.449370099836,1916.6547218931923
O4,H40,0.4,0.03333333333333333,2022-08-01,Cement,2023-01-01,5,440.73,118.5,336.7200186988141,1165.639054295837,0.0,39901.32221580947,4604.274264468556
O4,H40,0.4,0.03333333333333333,2022-08-01,Cement,2023-02-01,6,282.49,118.4,341.52690985465307,2385.974640403205,0.0,40436.786126790925,9416.646580791316
O4,H40,0.4,0.03333333333333333,2022-08-01,Cement,2023-03-01,7,427.87,118.2,396.0238880770861,3797.6502452093864,0.0,46810.02357071158,14962.741966124982
O4,H40,0.4,0.03333333333333333,2022-08-01,Cement,2023-04-01,8,315.7,118.0,422.9519576500773,5663.022759870221,0.0,49908.33100270912,22274.55618882287
O4,H40,0.4,0.03333333333333333,2022-08-01,Cement,2023-05-01,9,398.82,117.2,57.190067477775926,7841.299162608142,0.0,6702.675908395338,30633.342061922474
O4,H40,0.4,0.03333333333333333,2022-08-01,Cement,2023-06-01,10,335.0,116.7,33.413594938031395,10506.34752299614,0.0,3899.366529268264,40869.69186445499
O4,H40,0.4,0.03333333333333333,2022-08-01,Cement,2023-07-01,11,425.98,115.2,0.0,13137.605950861915,0.0,0.0,50448.40685130975
O4,H40,0.4,0.03333333333333333,2022-08-01,Cement,2023-08-01,12,378.3,114.4,0.0,15849.957973665722,0.0,0.0,60441.17307291195
O4,H40,0.4,0.03333333333333333,2022-08-01,Granite,2022-09-01,1,1550.1,20.8,1789.3088327898733,0.0,1550.1,37217.62372202937,0.0
O4,H40,0.4,0.03333333333333333,2022-08-01,Granite,2022-10-01,2,1554.5,20.4,1783.0915336614883,0.0,1554.5,36375.06728669436,0.0
O4,H40,0.4,0.03333333333333333,2022-08-01,Granite,2022-11-01,3,1531.9,20.5,1600.3166193391653,257.40883278987326,0.0,32806.490696452885,175.89603573974674
O4,H40,0.4,0.03333333333333333,2022-08-01,Granite,2022-12-01,4,1692.1,19.3,1704.3039758450752,2137.7091992412347,0.0,32893.06673380995,1375.2595848451942
O4,H40,0.4,0.03333333333333333,2022-08-01,Granite,2023-01-01,5,1309.6,19.0,1713.7027575804493,6000.826185031761,0.0,32560.352394028538,3800.523250520115
O4,H40,0.4,0.03333333333333333,2022-08-01,Granite,2023-02-01,6,1455.1,18.5,1768.5352447054188,11422.747146667361,0.0,32717.902027050248,7044.02740711154
O4,H40,0.4,0.03333333333333333,2022-08-01,Granite,2023-03-01,7,1561.4,18.3,1729.8078747069692,18452.070865883412,0.0,31655.484107137538,11255.763228188882
O4,H40,0.4,0.03333333333333333,2022-08-01,Granite,2023-04-01,8,1395.2,18.6,1641.4464351340378,27416.129829804882,0.0,30530.903693493106,16998.000494479027
O4,H40,0.4,0.03333333333333333,2022-08-01,Granite,2023-05-01,9,1844.9,18.3,132.3426102894548,37660.296668433315,0.0,2421.869768297023,22972.780967744322
O4,H40,0.4,0.03333333333333333,2022-08-01,Granite,2023-06-01,10,1659.3,18.5,176.6252012249986,49731.509942195786,0.0,3267.566222662474,30667.76446435407
O4,H40,0.4,0.03333333333333333,2022-08-01,Granite,2023-07-01,11,1674.3,18.5,78.99207023240297,61920.065826247715,0.0,1461.3532992994549,38184.04059285276
O4,H40,0.4,0.03333333333333333,2022-08-01,Granite,2023-08-01,12,1755.2,18.5,0.0,74204.34691152464,0.0,0.0,45759.347262106865
O4,H40,0.4,0.03333333333333333,2022-08-01,Ready Mixed Concrete,2022-09-01,1,993.4,118.6,1050.7546203461195,0.0,993.4,124619.49797304977,0.0
O4,H40,0.4,0.03333333333333333,2022-08-01,Ready Mixed Concrete,2022-10-01,2,930.7,118.5,1058.8237815699629,0.0,930.7,125470.6181160406,0.0
O4,H40,0.4,0.03333333333333333,2022-08-01,Ready Mixed Concrete,2022-11-01,3,959.9,118.2,1058.358492881044,90.85462034611953,0.0,125097.9738585394,357.96720416371096
O4,H40,0.4,0.03333333333333333,2022-08-01,Ready Mixed Concrete,2022-12-01,4,992.6,118.0,951.4835622045462,1207.8330222622021,0.0,112275.06034013645,4750.809887564661
O4,H40,0.4,0.03333333333333333,2022-08-01,Ready Mixed Concrete,2023-01-01,5,808.1,117.6,1067.742667501696,3567.669917059328,0.0,125566.53769819943,13985.266074872565
O4,H40,0.4,0.03333333333333333,2022-08-01,Ready Mixed Concrete,2023-02-01,6,897.3,118.1,1019.2510969299939,6789.790374060999,0.0,120373.55454743227,26729.141439220133
O4,H40,0.4,0.03333333333333333,2022-08-01,Ready Mixed Concrete,2023-03-01,7,1070.7,116.8,1148.6115997327079,10906.253498564365,0.0,134157.83484878027,42461.680287743926
O4,H40,0.4,0.03333333333333333,2022-08-01,Ready Mixed Concrete,2023-04-01,8,918.4,117.2,1139.3286749786462,16194.267719997728,0.0,133529.32070749733,63265.60589279112
O4,H40,0.4,0.03333333333333333,2022-08-01,Ready Mixed Concrete,2023-05-01,9,1041.6,117.6,0.0,22507.693541163797,0.0,0.0,88230.15868136208
O4,H40,0.4,0.03333333333333333,2022-08-01,Ready Mixed Concrete,2023-06-01,10,1020.3,117.3,124.38926351808664,29981.748037308513,0.0,14590.860610671562,117228.63482587627
O4,H40,0.4,0.03333333333333333,2022-08-01,Ready Mixed Concrete,2023-07-01,11,1046.0,116.3,141.23275221994413,37430.10253345323,0.0,16425.369083179503,145104.0308213537
O4,H40,0.4,0.03333333333333333,2022-08-01,Ready Mixed Concrete,2023-08-01,12,1113.5,116.4,0.0,44935.34629311603,0.0,0.0,174349.14361729022
O4,H40,0.4,0.03333333333333333,2022-08-01,Steel Reinforcement Bars,2022-09-01,1,174.43,1072.6,126.02535359576191,0.0,174.43,135174.79426681422,0.0
O4,H40,0.4,0.03333333333333333,2022-08-01,Steel Reinforcement Bars,2022-10-01,2,108.27,1040.5,112.58116276890176,0.0,108.27,117140.69986104229,0.0
O4,H40,0.4,0.03333333333333333,2022-08-01,Steel Reinforcement Bars,2022-11-01,3,51.21,1004.5,77.49497549993076,74.8153535957619,0.0,77843.70288968045,2505.0674228980947
O4,H40,0.4,0.03333333333333333,2022-08-01,Steel Reinforcement Bars,2022-12-01,4,70.5,952.3,86.0422497201214,242.92186996042557,0.0,81938.0344084716,7711.149892110442
O4,H40,0.4,0.03333333333333333,2022-08-01,Steel Reinforcement Bars,2023-01-01,5,79.16,922.6,118.70399674725697,479.86336182502,0.0,109516.30739901928,14757.397920658781
O4,H40,0.4,0.03333333333333333,2022-08-01,Steel Reinforcement Bars,2023-02-01,6,100.49,942.1,77.81578242920325,781.5171034097358,0.0,73310.24862655239,24542.242104077068
O4,H40,0.4,0.03333333333333333,2022-08-01,Steel Reinforcement Bars,2023-03-01,7,57.1,946.6,97.1940320950478,1245.2648417417086,0.0,92003.87078117226,39292.25663975671
O4,H40,0.4,0.03333333333333333,2022-08-01,Steel Reinforcement Bars,2023-04-01,8,67.2,940.1,98.03000829081684,1776.7283625028847,0.0,92158.01079419692,55676.744452965395
O4,H40,0.4,0.03333333333333333,2022-08-01,Steel Reinforcement Bars,2023-05-01,9,152.2,922.8,100.45291771965985,2320.385915359109,0.0,92697.95247170211,71375.07075644618
O4,H40,0.4,0.03333333333333333,2022-08-01,Steel Reinforcement Bars,2023-06-01,10,135.08,885.5,0.0,2979.1934765061496,0.0,0.0,87935.86078153984
O4,H40,0.4,0.03333333333333333,2022-08-01,Steel Reinforcement Bars,2023-07-01,11,141.5,859.2,0.0,3732.03395537285,0.0,0.0,106885.45248187843
O4,H40,0.4,0.03333333333333333,2022-08-01,Steel Reinforcement Bars,2023-08-01,12,173.95,832.6,0.0,4452.4244342395505,0.0,0.0,123569.61946492833
O4,H40,0.4,0.03333333333333333,2022-09-01,Cement,2022-10-01,1,368.78,118.6,418.83056676950457,0.0,368.78,49673.30521886324,0.0
O4,H40,0.4,0.03333333333333333,2022-09-01,Cement,2022-11-01,2,296.3,118.4,370.4927223049796,0.0,296.3,43866.33832090959,0.0
O4,H40,0.4,0.03333333333333333,2022-09-01,Cement,2022-12-01,3,375.31,118.3,381.6038748321843,43.52056676950457,0.0,45143.73839264741,171.61610162774636
O4,H40,0.4,0.03333333333333333,2022-09-01,Cement,2023-01-01,4,440.73,118.5,418.9863492235672,392.11385584398863,0.0,49649.88238299271,1548.849730583755
O4,H40,0.4,0.03333333333333333,2022-09-01,Cement,2023-02-01,5,282.49,118.4,348.8388569857223,1280.5510197506571,0.0,41302.52066710952,5053.908024615927
O4,H40,0.4,0.03333333333333333,2022-09-01,Cement,2023-03-01,6,427.87,118.2,398.6505985202399,2442.594532880893,0.0,47120.50074509236,9623.822459550718
O4,H40,0.4,0.03333333333333333,2022-09-01,Cement,2023-04-01,7,315.7,118.0,416.6148552678417,4065.646902996851,0.0,49160.55292160532,15991.544485120947
O4,H40,0.4,0.03333333333333333,2022-09-01,Cement,2023-05-01,8,398.82,117.2,419.13121827790746,6004.22987163305,0.0,49122.178782170755,23456.524698513116
O4,H40,0.4,0.03333333333333333,2022-09-01,Cement,2023-06-01,9,335.0,116.7,246.9013510640698,8423.24769553709,0.0,28813.387669176944,32766.43353563928
O4,H40,0.4,0.03333333333333333,2022-09-01,Cement,2023-07-01,10,425.98,115.2,0.0,11170.416737719037,0.0,0.0,42894.4002728411
O4,H40,0.4,0.03333333333333333,2022-09-01,Cement,2023-08-01,11,378.3,114.4,0.0,14212.167130965056,0.0,0.0,54195.73065941341
O4,H40,0.4,0.03333333333333333,2022-09-01,Cement,2023-09-01,12,446.33,113.5,0.0,17185.88752421107,0.0,0.0,65019.94113326521
O4,H40,0.4,0.03333333333333333,2022-09-01,Granite,2022-10-01,1,1554.5,20.4,1875.238580493188,0.0,1554.5,38254.867042061036,0.0
O4,H40,0.4,0.03333333333333333,2022-09-01,Granite,2022-11-01,2,1531.9,20.5,1796.0776081391707,0.0,1531.9,36819.590966853,0.0
O4,H40,0.4,0.03333333333333333,2022-09-01,Granite,2022-12-01,3,1692.1,19.3,1785.1329214185553,183.1385804931881,0.0,34453.06538337812,117.81915345061768
O4,H40,0.4,0.03333333333333333,2022-09-01,Granite,2023-01-01,4,1309.6,19.0,1750.5857760260883,2544.8547691255467,0.0,33261.12974449568,1611.7413537795128
O4,H40,0.4,0.03333333333333333,2022-09-01,Granite,2023-02-01,5,1455.1,18.5,1667.3814795855958,6546.203879176461,0.0,30846.557372333522,4036.825725492151
O4,H40,0.4,0.03333333333333333,2022-09-01,Granite,2023-03-01,6,1561.4,18.3,1583.2141298011993,12191.838765253464,0.0,28972.818575361947,7437.021646804613
O4,H40,0.4,0.03333333333333333,2022-09-01,Granite,2023-04-01,7,1395.2,18.6,1704.740189624981,19671.055130916062,0.0,31708.16752702465,12196.054181167958
O4,H40,0.4,0.03333333333333333,2022-09-01,Granite,2023-05-01,8,1844.9,18.3,1674.8117294438507,28283.78562637986,0.0,30649.054648822468,17253.109232091716
O4,H40,0.4,0.03333333333333333,2022-09-01,Granite,2023-06-01,9,1659.3,18.5,592.0464057007991,38786.85631146864,0.0,10952.858505464785,23918.56139207233
O4,H40,0.4,0.03333333333333333,2022-09-01,Granite,2023-07-01,10,1674.3,18.5,40.84937472738761,50949.73872600127,0.0,755.7134324566708,31419.005547700785
O4,H40,0.4,0.03333333333333333,2022-09-01,Granite,2023-08-01,11,1755.2,18.5,145.85496464107064,63623.7675462347,0.0,2698.3168458598066,39234.6566535114
O4,H40,0.4,0.03333333333333333,2022-09-01,Granite,2023-09-01,12,1729.4,18.6,0.0,76364.44574119552,0.0,0.0,47345.956359541226
O4,H40,0.4,0.03333333333333333,2022-09-01,Ready Mixed Concrete,2022-10-01,1,930.7,118.5,1191.1105155959683,0.0,930.7,141146.59609812225,0.0
O4,H40,0.4,0.03333333333333333,2022-09-01,Ready Mixed Concrete,2022-11-01,2,959.9,118.2,1170.8834860248273,0.0,959.9,138398.4280481346,0.0
O4,H40,0.4,0.03333333333333333,2022-09-01,Ready Mixed Concrete,2022-12-01,3,992.6,118.0,1148.7950314279244,198.5105155959683,0.0,135557.8137084951,780.8080280108086
O4,H40,0.4,0.03333333333333333,2022-09-01,Ready Mixed Concrete,2023-01-01,4,808.1,117.6,1071.9016375149145,1752.404517216764,0.0,126055.63257175393,6869.425707489714
O4,H40,0.4,0.03333333333333333,2022-09-01,Ready Mixed Concrete,2023-02-01,5,897.3,118.1,1027.0095969492902,4365.893550265483,0.0,121289.83339971116,17187.067609545116
O4,H40,0.4,0.03333333333333333,2022-09-01,Ready Mixed Concrete,2023-03-01,6,1070.7,116.8,1108.8063700579985,7877.884220829118,0.0,129508.58402277422,30671.2292330947
O4,H40,0.4,0.03333333333333333,2022-09-01,Ready Mixed Concrete,2023-04-01,7,918.4,117.2,1075.7716275853784,12569.184488342044,0.0,126080.43475300635,49103.61406778958
O4,H40,0.4,0.03333333333333333,2022-09-01,Ready Mixed Concrete,2023-05-01,8,1041.6,117.6,1044.343306429579,18246.091125912968,0.0,122814.77283611847,71524.67721357883
O4,H40,0.4,0.03333333333333333,2022-09-01,Ready Mixed Concrete,2023-06-01,9,1020.3,117.3,225.855233566837,25020.069391069268,0.0,26492.818897389978,97828.47131908083
O4,H40,0.4,0.03333333333333333,2022-09-01,Ready Mixed Concrete,2023-07-01,10,1046.0,116.3,86.92544611573521,32812.69096265515,0.0,10109.429383260005,127203.86529855979
O4,H40,0.4,0.03333333333333333,2022-09-01,Ready Mixed Concrete,2023-08-01,11,1113.5,116.4,0.0,40763.66776780787,0.0,0.0,158163.03093909455
O4,H40,0.4,0.03333333333333333,2022-09-01,Ready Mixed Concrete,2023-09-01,12,1081.8,116.6,0.0,48833.27001907632,0.0,0.0,189798.6428074766
O4,H40,0.4,0.03333333333333333,2022-09-01,Steel Reinforcement Bars,2022-10-01,1,108.27,1040.5,148.0485283664485,0.0,108.27,154044.49376528966,0.0
O4,H40,0.4,0.03333333333333333,2022-09-01,Steel Reinforcement Bars,2022-11-01,2,51.21,1004.5,125.08271631933435,0.0,51.21,125645.58854277135,0.0
O4,H40,0.4,0.03333333333333333,2022-09-01,Steel Reinforcement Bars,2022-12-01,3,70.5,952.3,107.55226726746237,77.5485283664485,0.0,102422.02411880442,2461.64878544563
O4,H40,0.4,0.03333333333333333,2022-09-01,Steel Reinforcement Bars,2023-01-01,4,79.16,922.6,101.04335431796632,271.51977305223136,0.0,93222.59869375573,8350.138087266288
O4,H40,0.4,0.03333333333333333,2022-09-01,Steel Reinforcement Bars,2023-02-01,5,100.49,942.1,101.0833857958252,551.7132850054766,0.0,95230.65775824692,17325.636193455317
O4,H40,0.4,0.03333333333333333,2022-09-01,Steel Reinforcement Bars,2023-03-01,6,57.1,946.6,90.30987110678457,976.3401512766881,0.0,85487.32398968228,30806.78623995043
O4,H40,0.4,0.03333333333333333,2022-09-01,Steel Reinforcement Bars,2023-04-01,7,67.2,940.1,124.01026071338038,1491.9504033437247,0.0,116582.04609664889,46752.75247278118
O4,H40,0.4,0.03333333333333333,2022-09-01,Steel Reinforcement Bars,2023-05-01,8,152.2,922.8,117.8868471294848,2012.870526517546,0.0,108785.98253108858,61915.89739567971
O4,H40,0.4,0.03333333333333333,2022-09-01,Steel Reinforcement Bars,2023-06-01,9,135.08,885.5,78.91915048446171,2674.9209104047477,0.0,69882.90775399085,78954.74887211347
O4,H40,0.4,0.03333333333333333,2022-09-01,Steel Reinforcement Bars,2023-07-01,10,141.5,859.2,7.72024300719994,3448.438141421434,0.0,6633.2327917861885,98763.26837030987
O4,H40,0.4,0.03333333333333333,2022-09-01,Steel Reinforcement Bars,2023-08-01,11,173.95,832.6,0.0,4268.424522922583,0.0,0.0,118463.00859284474
O4,H40,0.4,0.03333333333333333,2022-09-01,Steel Reinforcement Bars,2023-09-01,12,140.71,830.1,0.0,5129.37114743093,0.0,0.0,141929.69964941384
O4,H40,0.4,0.03333333333333333,2022-10-01,Cement,2022-11-01,1,296.3,118.4,401.7126810636882,0.0,296.3,47562.781437940685,0.0
O4,H40,0.4,0.03333333333333333,2022-10-01,Cement,2022-12-01,2,375.31,118.3,376.1090314613388,0.0,375.31,44493.69842187638,0.0
O4,H40,0.4,0.03333333333333333,2022-10-01,Cement,2023-01-01,3,440.73,118.5,395.2676827566455,0.0,39.017318936311824,46839.22040666249,0.0
O4,H40,0.4,0.03333333333333333,2022-10-01,Cement,2023-02-01,4,282.49,118.4,363.68303121727087,495.331712525027,0.0,43060.070896124875,1954.90915876544
O4,H40,0.4,0.03333333333333333,2022-10-01,Cement,2023-03-01,5,427.87,118.2,414.17793559309314,1240.5511078066997,0.0,48955.83198710361,4887.771364758397
O4,H40,0.4,0.03333333333333333,2022-10-01,Cement,2023-04-01,6,315.7,118.0,331.7626291062995,2461.6235343056433,0.0,39147.990234543344,9682.385901602196
O4,H40,0.4,0.03333333333333333,2022-10-01,Cement,2023-05-01,7,398.82,117.2,417.2276854016772,4013.75389639768,0.0,48899.08472907657,15680.39855526027
O4,H40,0.4,0.03333333333333333,2022-10-01,Cement,2023-06-01,8,335.0,116.7,412.69086456610484,5961.466887596016,0.0,48161.02389486443,23190.106192748503
O4,H40,0.4,0.03333333333333333,2022-10-01,Cement,2023-07-01,9,425.98,115.2,96.72671683473646,8235.42756419603,0.0,11142.917779361642,31624.041846512755
O4,H40,0.4,0.03333333333333333,2022-10-01,Cement,2023-08-01,10,378.3,114.4,94.50483012024284,10969.759105362149,0.0,10811.352565755782,41831.34805511433
O4,H40,0.4,0.03333333333333333,2022-10-01,Cement,2023-09-01,11,446.33,113.5,0.0,13732.787363363002,0.0,0.0,51955.71219139003
O4,H40,0.4,0.03333333333333333,2022-10-01,Cement,2023-10-01,12,335.47,113.2,0.0,16701.1804514841,0.0,0.0,63019.1209036
O4,H40,0.4,0.03333333333333333,2022-10-01,Granite,2022-11-01,1,1531.9,20.5,1798.0858167818828,0.0,1531.9,36860.759244028595,0.0
O4,H40,0.4,0.03333333333333333,2022-10-01,Granite,2022-12-01,2,1692.1,19.3,1840.9047128899997,0.0,1692.1,35529.460958776996,0.0
O4,H40,0.4,0.03333333333333333,2022-10-01,Granite,2023-01-01,3,1309.6,19.0,1786.280789632075,488.48581678188293,0.0,33939.33500300943,309.37435062852586
O4,H40,0.4,0.03333333333333333,2022-10-01,Granite,2023-02-01,4,1455.1,18.5,1840.4685717633763,2672.3763464537656,0.0,34048.66857762246,1647.9654136464887
O4,H40,0.4,0.03333333333333333,2022-10-01,Granite,2023-03-01,5,1561.4,18.3,1667.497746319115,6536.2476657577245,0.0,30515.208757639808,3987.111076112212
O4,H40,0.4,0.03333333333333333,2022-10-01,Granite,2023-04-01,6,1395.2,18.6,1614.693520000979,12406.787556825058,0.0,30033.299472018214,7692.208285231536
O4,H40,0.4,0.03333333333333333,2022-10-01,Granite,2023-05-01,7,1844.9,18.3,1750.2995741105885,19495.125194211505,0.0,32030.482206223773,11892.026368469018
O4,H40,0.4,0.03333333333333333,2022-10-01,Granite,2023-06-01,8,1659.3,18.5,1750.506516545331,28383.756351598935,0.0,32384.370556088623,17503.316416819343
O4,H40,0.4,0.03333333333333333,2022-10-01,Granite,2023-07-01,9,1674.3,18.5,154.17579446365426,39007.68708309695,0.0,2852.2521975776035,24054.740367909788
O4,H40,0.4,0.03333333333333333,2022-10-01,Granite,2023-08-01,10,1755.2,18.5,248.51226152275103,51301.2243311403,0.0,4597.476838170895,31635.755004203187
O4,H40,0.4,0.03333333333333333,2022-10-01,Granite,2023-09-01,11,1729.4,18.6,0.0,63774.7373736473,0.0,0.0,39540.337171661326
O4,H40,0.4,0.03333333333333333,2022-10-01,Granite,2023-10-01,12,1742.2,19.5,0.0,76483.96267767706,0.0,0.0,49714.575740490094
O4,H40,0.4,0.03333333333333333,2022-10-01,Ready Mixed Concrete,2022-11-01,1,959.9,118.2,1117.8545515049843,0.0,959.9,132130.40798788916,0.0
O4,H40,0.4,0.03333333333333333,2022-10-01,Ready Mixed Concrete,2022-12-01,2,992.6,118.0,1072.9650671565212,0.0,992.6,126609.8779244695,0.0
O4,H40,0.4,0.03333333333333333,2022-10-01,Ready Mixed Concrete,2023-01-01,3,808.1,117.6,1123.646526237222,309.7545515049843,0.0,132140.8314854973,1214.2378418995384
O4,H40,0.4,0.03333333333333333,2022-10-01,Ready Mixed Concrete,2023-02-01,4,897.3,118.1,1054.3545460351465,1603.2741701664897,0.0,124519.2718867508,6311.555983222081
O4,H40,0.4,0.03333333333333333,2022-10-01,Ready Mixed Concrete,2023-03-01,5,1070.7,116.8,1023.1389660177263,3847.0403150652173,0.0,119502.63123087042,14977.81029332058
O4,H40,0.4,0.03333333333333333,2022-10-01,Ready Mixed Concrete,2023-04-01,6,918.4,117.2,1033.9049948262602,7297.46100599909,0.0,121173.6653936377,28508.747663436447
O4,H40,0.4,0.03333333333333333,2022-10-01,Ready Mixed Concrete,2023-05-01,7,1041.6,117.6,1102.7291740254211,11647.82066295069,0.0,129680.95086538952,45659.4569987667
O4,H40,0.4,0.03333333333333333,2022-10-01,Ready Mixed Concrete,2023-06-01,8,1020.3,117.3,1057.2609949331204,17053.38531472855,0.0,124016.71470565502,66678.73658058864
O4,H40,0.4,0.03333333333333333,2022-10-01,Ready Mixed Concrete,2023-07-01,9,1046.0,116.3,430.956018811642,23535.979140531832,0.0,50120.18498779397,91241.14580146172
O4,H40,0.4,0.03333333333333333,2022-10-01,Ready Mixed Concrete,2023-08-01,10,1113.5,116.4,19.07106189343449,31008.333961268232,0.0,2219.8716043957747,120312.33576972075
O4,H40,0.4,0.03333333333333333,2022-10-01,Ready Mixed Concrete,2023-09-01,11,1081.8,116.6,0.0,38943.344800816274,0.0,0.0,151359.80012583925
O4,H40,0.4,0.03333333333333333,2022-10-01,Ready Mixed Concrete,2023-10-01,12,1101.2,116.4,0.0,46878.02670225776,0.0,0.0,181886.74360476012
O4,H40,0.4,0.03333333333333333,2022-10-01,Steel Reinforcement Bars,2022-11-01,1,51.21,1004.5,154.04423033373527,0.0,51.21,154737.42937023708,0.0
O4,H40,0.4,0.03333333333333333,2022-10-01,Steel Reinforcement Bars,2022-12-01,2,70.5,952.3,150.3120775120128,0.0,70.5,143142.19141468976,0.0
O4,H40,0.4,0.03333333333333333,2022-10-01,Steel Reinforcement Bars,2023-01-01,3,79.16,922.6,106.51099036012448,74.88423033373527,0.0,98267.03970625084,2302.9396968634724
O4,H40,0.4,0.03333333333333333,2022-10-01,Steel Reinforcement Bars,2023-02-01,4,100.49,942.1,145.49623348200203,278.7505381794833,0.0,137072.00156339412,8753.696067296374
O4,H40,0.4,0.03333333333333333,2022-10-01,Steel Reinforcement Bars,2023-03-01,5,57.1,946.6,122.75158303016904,632.5178363853558,0.0,116196.64849635802,19958.04613074593
O4,H40,0.4,0.03333333333333333,2022-10-01,Steel Reinforcement Bars,2023-04-01,6,67.2,940.1,123.29909467634732,1121.6813680732305,0.0,115913.47890523412,35149.75513752147
O4,H40,0.4,0.03333333333333333,2022-10-01,Steel Reinforcement Bars,2023-05-01,7,152.2,922.8,81.66515698653201,1648.5964827912742,0.0,75360.60686717174,50710.82781065959
O4,H40,0.4,0.03333333333333333,2022-10-01,Steel Reinforcement Bars,2023-06-01,8,135.08,885.5,116.24509442623437,2315.930692185665,0.0,102935.03111443055,68358.55426434688
O4,H40,0.4,0.03333333333333333,2022-10-01,Steel Reinforcement Bars,2023-07-01,9,141.5,859.2,103.47697665175156,3058.5100585665878,0.0,88907.41833918494,87595.72807734707
O4,H40,0.4,0.03333333333333333,2022-10-01,Steel Reinforcement Bars,2023-08-01,10,173.95,832.6,50.87584108183256,3884.884519373745,0.0,42359.225284733795,107818.495027686
O4,H40,0.4,0.03333333333333333,2022-10-01,Steel Reinforcement Bars,2023-09-01,11,140.71,830.1,0.0,4847.975956832654,0.0,0.0,134143.49472555955
O4,H40,0.4,0.03333333333333333,2022-10-01,Steel Reinforcement Bars,2023-10-01,12,162.59,827.4,0.0,5840.063235373395,0.0,0.0,161068.94403159822
O4,H40,0.4,0.03333333333333333,2022-11-01,Cement,2022-12-01,1,375.31,118.3,387.9763964708475,0.0,375.31,45897.60770250126,0.0
O4,H40,0.4,0.03333333333333333,2022-11-01,Cement,2023-01-01,2,440.73,118.5,363.52140663398103,0.0,440.73,43077.286686126754,0.0
O4,H40,0.4,0.03333333333333333,2022-11-01,Cement,2023-02-01,3,282.49,118.4,362.41972131967543,105.48639647084747,0.0,42910.49500424958,416.319644738278
O4,H40,0.4,0.03333333333333333,2022-11-01,Cement,2023-03-01,4,427.87,118.2,366.30505717192074,429.114199575676,0.0,43297.25775772103,1690.7099463281636
O4,H40,0.4,0.03333333333333333,2022-11-01,Cement,2023-04-01,5,315.7,118.0,355.522772497313,1227.33172400018,0.0,41951.687154682935,4827.504781067374
O4,H40,0.4,0.03333333333333333,2022-11-01,Cement,2023-05-01,6,398.82,117.2,401.8598976272394,2308.7343055966044,0.0,47097.98000191246,9019.455353864068
O4,H40,0.4,0.03333333333333333,2022-11-01,Cement,2023-06-01,7,335.0,116.7,384.4224364292426,3809.4796596903416,0.0,44862.09833129262,14818.875876195429
O4,H40,0.4,0.03333333333333333,2022-11-01,Cement,2023-07-01,8,425.98,115.2,389.11086787193017,5621.104911411319,0.0,44825.571978846354,21585.042859819467
O4,H40,0.4,0.03333333333333333,2022-11-01,Cement,2023-08-01,9,378.3,114.4,152.7856918753577,7864.832599561539,0.0,17478.683150540925,29991.22831299467
O4,H40,0.4,0.03333333333333333,2022-11-01,Cement,2023-09-01,10,446.33,113.5,43.277675408302116,10429.641155583688,0.0,4912.01615884229,39458.80903862495
O4,H40,0.4,0.03333333333333333,2022-11-01,Cement,2023-10-01,11,335.47,113.2,0.0,13258.095403481197,0.0,0.0,50027.21332246905
O4,H40,0.4,0.03333333333333333,2022-11-01,Cement,2023-11-01,12,381.97,112.0,0.0,16083.327326787008,0.0,0.0,60044.42202000483
O4,H40,0.4,0.03333333333333333,2022-11-01,Granite,2022-12-01,1,1692.1,19.3,1676.422098405731,0.0,1692.1,32354.94649923061,0.0
O4,H40,0.4,0.03333333333333333,2022-11-01,Granite,2023-01-01,2,1309.6,19.0,1637.6841806433163,0.0,1309.6,31115.99943222301,0.0
O4,H40,0.4,0.03333333333333333,2022-11-01,Granite,2023-02-01,3,1455.1,18.5,1629.2190498582008,221.32209840573114,0.0,30140.552422376717,136.4819606835342
O4,H40,0.4,0.03333333333333333,2022-11-01,Granite,2023-03-01,4,1561.4,18.3,1627.7909425565044,1974.0283774547784,0.0,29788.574248784033,1204.1573102474147
O4,H40,0.4,0.03333333333333333,2022-11-01,Granite,2023-04-01,5,1395.2,18.6,1650.438923551106,5522.153706362026,0.0,30698.163978050572,3423.7352979444563
O4,H40,0.4,0.03333333333333333,2022-11-01,Granite,2023-05-01,6,1844.9,18.3,1688.624584081243,10248.369977825778,0.0,30901.82988868675,6251.505686473724
O4,H40,0.4,0.03333333333333333,2022-11-01,Granite,2023-06-01,7,1659.3,18.5,1600.5021493610027,16810.62517284064,0.0,29609.28976317855,10366.552189918395
O4,H40,0.4,0.03333333333333333,2022-11-01,Granite,2023-07-01,8,1674.3,18.5,1656.294452646187,25046.504951936742,0.0,30641.44737395446,15445.344720360992
O4,H40,0.4,0.03333333333333333,2022-11-01,Granite,2023-08-01,9,1755.2,18.5,113.73107511486296,34801.986880393844,0.0,2104.024889624965,21461.22524290954
O4,H40,0.4,0.03333333333333333,2022-11-01,Granite,2023-09-01,10,1729.4,18.6,444.24447216908425,46239.56326149713,0.0,8262.947182344968,28668.52922212822
O4,H40,0.4,0.03333333333333333,2022-11-01,Granite,2023-10-01,11,1742.2,19.5,190.88213829684742,57778.07071771529,0.0,3722.2016967885247,37555.745966514936
O4,H40,0.4,0.03333333333333333,2022-11-01,Granite,2023-11-01,12,1621.1,20.3,0.0,69881.92264610252,0.0,0.0,47286.76765719604
O4,H40,0.4,0.03333333333333333,2022-11-01,Ready Mixed Concrete,2022-12-01,1,992.6,118.0,1055.2955334910632,0.0,992.6,124524.87295194546,0.0
O4,H40,0.4,0.03333333333333333,2022-11-01,Ready Mixed Concrete,2023-01-01,2,808.1,117.6,1038.47514600579,0.0,808.1,122124.6771702809,0.0
O4,H40,0.4,0.03333333333333333,2022-11-01,Ready Mixed Concrete,2023-02-01,3,897.3,118.1,1035.3244501636436,157.99553349106327,0.0,122271.81756432631,621.9757501764857
O4,H40,0.4,0.03333333333333333,2022-11-01,Ready Mixed Concrete,2023-03-01,4,1070.7,116.8,1047.6658738780052,1181.0662129879167,0.0,122367.374068951,4598.284455899622
O4,H40,0.4,0.03333333333333333,2022-11-01,Ready Mixed Concrete,2023-04-01,5,918.4,117.2,1036.7978997065231,3391.7613426484136,0.0,121512.71384560452,13250.480978613135
O4,H40,0.4,0.03333333333333333,2022-11-01,Ready Mixed Concrete,2023-05-01,6,1041.6,117.6,1097.4477298417978,6526.922346186915,0.0,129059.85302939541,25585.535597052705
O4,H40,0.4,0.03333333333333333,2022-11-01,Ready Mixed Concrete,2023-06-01,7,1020.3,117.3,1161.148942399249,10720.181249431942,0.0,136202.7709434319,41915.90868527889
O4,H40,0.4,0.03333333333333333,2022-11-01,Ready Mixed Concrete,2023-07-01,8,1046.0,116.3,1067.3027049665022,15985.187882518767,0.0,124127.3045876042,61969.245024564414
O4,H40,0.4,0.03333333333333333,2022-11-01,Ready Mixed Concrete,2023-08-01,9,1113.5,116.4,179.4327173004334,22343.843458004838,0.0,20885.96829377045,86694.11261705878
O4,H40,0.4,0.03333333333333333,2022-11-01,Ready Mixed Concrete,2023-09-01,10,1081.8,116.6,25.553671966547313,29801.501738457413,0.0,2979.5581512994167,115828.50342347113
O4,H40,0.4,0.03333333333333333,2022-11-01,Ready Mixed Concrete,2023-10-01,11,1101.2,116.4,0.0,37419.192736210425,0.0,0.0,145186.46781649647
O4,H40,0.4,0.03333333333333333,2022-11-01,Ready Mixed Concrete,2023-11-01,12,1070.0,115.4,0.0,45093.63740592998,0.0,0.0,173460.19188814398
O4,H40,0.4,0.03333333333333333,2022-11-01,Steel Reinforcement Bars,2022-12-01,1,70.5,952.3,172.01139539262272,0.0,70.5,163806.4518323946,0.0
O4,H40,0.4,0.03333333333333333,2022-11-01,Steel Reinforcement Bars,2023-01-01,2,79.16,922.6,93.60452430005148,0.0,79.16,86359.5341192275,0.0
O4,H40,0.4,0.03333333333333333,2022-11-01,Steel Reinforcement Bars,2023-02-01,3,100.49,942.1,96.04263516397339,71.52139539262272,0.0,90481.76658797933,2246.010219979662
O4,H40,0.4,0.03333333333333333,2022-11-01,Steel Reinforcement Bars,2023-03-01,4,57.1,946.6,122.14103959345066,280.0373150852969,0.0,115618.7080791604,8836.110748658068
O4,H40,0.4,0.03333333333333333,2022-11-01,Steel Reinforcement Bars,2023-04-01,5,67.2,940.1,108.39097529712555,574.4958699419444,0.0,101898.35587682773,18002.7855777474
O4,H40,0.4,0.03333333333333333,2022-11-01,Steel Reinforcement Bars,2023-05-01,6,152.2,922.8,118.28443004001076,906.0954643920427,0.0,109152.87204092192,27871.49648469923
O4,H40,0.4,0.03333333333333333,2022-11-01,Steel Reinforcement Bars,2023-06-01,7,135.08,885.5,82.29920986684178,1363.2060341392666,0.0,72875.95033708839,40237.29810767735
O4,H40,0.4,0.03333333333333333,2022-11-01,Steel Reinforcement Bars,2023-07-01,8,141.5,859.2,74.1157420433712,1932.1810339265012,0.0,63680.24556366454,55337.664811655
O4,H40,0.4,0.03333333333333333,2022-11-01,Steel Reinforcement Bars,2023-08-01,9,173.95,832.6,117.6763736362866,2551.005243580578,0.0,97977.34868957223,70798.89886017297
O4,H40,0.4,0.03333333333333333,2022-11-01,Steel Reinforcement Bars,2023-09-01,10,140.71,830.1,81.25014744475524,3277.1851952780253,0.0,67445.74739389133,90679.71435334296
O4,H40,0.4,0.03333333333333333,2022-11-01,Steel Reinforcement Bars,2023-10-01,11,162.59,827.4,0.0,4099.161520611759,0.0,0.0,113054.87473847232
O4,H40,0.4,0.03333333333333333,2022-11-01,Steel Reinforcement Bars,2023-11-01,12,187.13,826.7,0.0,4977.847993390248,0.0,0.0,137172.89787119062
O4,H40,0.4,0.03333333333333333,2022-12-01,Cement,2023-01-01,1,440.73,118.5,377.15027576612,0.0,440.73,44692.30767828522,0.0
O4,H40,0.4,0.03333333333333333,2022-12-01,Cement,2023-02-01,2,282.49,118.4,351.86724483418664,0.0,282.49,41661.0817883677,0.0
O4,H40,0.4,0.03333333333333333,2022-12-01,Cement,2023-03-01,3,427.87,118.2,318.41495451072154,0.0,50.719724233880015,37636.647623167286,0.0
O4,H40,0.4,0.03333333333333333,2022-12-01,Cement,2023-04-01,4,315.7,118.0,345.6318511565435,413.31752060030664,0.0,40784.558436472136,1625.7155810278728
O4,H40,0.4,0.03333333333333333,2022-12-01,Cement,2023-05-01,5,398.82,117.2,373.04640499870993,1061.9299957113349,0.0,43721.038665848806,4148.606516578949
O4,H40,0.4,0.03333333333333333,2022-12-01,Cement,2023-06-01,6,335.0,116.7,347.62944533963,2119.9943219789066,0.0,40568.35627113483,8246.777912497946
O4,H40,0.4,0.03333333333333333,2022-12-01,Cement,2023-07-01,7,425.98,115.2,296.81833967079126,3460.125053245188,0.0,34193.472730075155,13286.880204461522
O4,H40,0.4,0.03333333333333333,2022-12-01,Cement,2023-08-01,8,378.3,114.4,340.5412663278924,5195.5652298510995,0.0,38957.92086791089,19812.42207649886
O4,H40,0.4,0.03333333333333333,2022-12-01,Cement,2023-09-01,9,446.33,113.5,205.32635171203174,7159.7937461278025,0.0,23304.5409193156,27087.886339516852
O4,H40,0.4,0.03333333333333333,2022-12-01,Cement,2023-10-01,10,335.47,113.2,0.0,9575.423528732399,0.0,0.0,36131.26478175025
O4,H40,0.4,0.03333333333333333,2022-12-01,Cement,2023-11-01,11,381.97,112.0,0.0,12149.879663049027,0.0,0.0,45359.5507420497
O4,H40,0.4,0.03333333333333333,2022-12-01,Cement,2023-12-01,12,467.38,111.7,0.0,14638.925797365655,0.0,0.0,54505.60038552478
O4,H40,0.4,0.03333333333333333,2022-12-01,Granite,2023-01-01,1,1309.6,19.0,1749.7269495514618,0.0,1309.6,33244.81204147777,0.0
O4,H40,0.4,0.03333333333333333,2022-12-01,Granite,2023-02-01,2,1455.1,18.5,1736.8997107139674,0.0,1455.1,32132.644648208396,0.0
O4,H40,0.4,0.03333333333333333,2022-12-01,Granite,2023-03-01,3,1561.4,18.3,1694.3644743055145,188.32694955146167,0.0,31006.869879790916,114.87943922639161
O4,H40,0.4,0.03333333333333333,2022-12-01,Granite,2023-04-01,4,1395.2,18.6,1635.9434787704515,2279.753609816891,0.0,30428.5487051304,1413.4472380864725
O4,H40,0.4,0.03333333333333333,2022-12-01,Granite,2023-05-01,5,1844.9,18.3,1472.8380714473012,5615.844744387834,0.0,26952.936707485613,3425.6652940765784
O4,H40,0.4,0.03333333333333333,2022-12-01,Granite,2023-06-01,6,1659.3,18.5,1573.928426089227,10773.47935772923,0.0,29117.6758826507,6643.645603933025
O4,H40,0.4,0.03333333333333333,2022-12-01,Granite,2023-07-01,7,1674.3,18.5,1560.0741783377848,17388.952042517925,0.0,28861.37229924902,10723.187092886055
O4,H40,0.4,0.03333333333333333,2022-12-01,Granite,2023-08-01,8,1755.2,18.5,1535.617425799506,25497.453153395847,0.0,28408.922377290863,15723.429444594107
O4,H40,0.4,0.03333333333333333,2022-12-01,Granite,2023-09-01,9,1729.4,18.6,489.6086316606122,35191.82844261155,0.0,9106.720548887388,21818.93363441916
O4,H40,0.4,0.03333333333333333,2022-12-01,Granite,2023-10-01,10,1742.2,19.5,48.91843176588486,46409.02115762677,0.0,953.9094194347548,30165.8637524574
O4,H40,0.4,0.03333333333333333,2022-12-01,Granite,2023-11-01,11,1621.1,20.3,0.0,58236.922504302594,0.0,0.0,39406.984227911424
O4,H40,0.4,0.03333333333333333,2022-12-01,Granite,2023-12-01,12,1531.7,21.2,0.0,70203.1422827443,0.0,0.0,49610.22054647264
O4,H40,0.4,0.03333333333333333,2022-12-01,Ready Mixed Concrete,2023-01-01,1,808.1,117.6,1081.4874660403198,0.0,808.1,127182.9260063416,0.0
O4,H40,0.4,0.03333333333333333,2022-12-01,Ready Mixed Concrete,2023-02-01,2,897.3,118.1,1080.3442359034193,0.0,897.3,127588.65426019381,0.0
O4,H40,0.4,0.03333333333333333,2022-12-01,Ready Mixed Concrete,2023-03-01,3,1070.7,116.8,1094.1899892150282,10.787466040319714,0.0,127801.39074031528,41.999201116978085
O4,H40,0.4,0.03333333333333333,2022-12-01,Ready Mixed Concrete,2023-04-01,4,918.4,117.2,1028.872708539977,1254.2191679840585,0.0,120583.88144088532,4899.816216257722
O4,H40,0.4,0.03333333333333333,2022-12-01,Ready Mixed Concrete,2023-05-01,5,1041.6,117.6,1030.5825591439184,3468.640859142826,0.0,121196.5089553248,13597.072167839877
O4,H40,0.4,0.03333333333333333,2022-12-01,Ready Mixed Concrete,2023-06-01,6,1020.3,117.3,1124.8593002165812,6733.23525884157,0.0,131945.995915405,26326.949862070534
O4,H40,0.4,0.03333333333333333,2022-12-01,Ready Mixed Concrete,2023-07-01,7,1046.0,116.3,1087.701433360915,11002.712217684231,0.0,126499.67669987441,42653.84769722253
O4,H40,0.4,0.03333333333333333,2022-12-01,Ready Mixed Concrete,2023-08-01,8,1113.5,116.4,1061.6371911423228,16329.548476743475,0.0,123574.56904896637,63358.64808976469
O4,H40,0.4,0.03333333333333333,2022-12-01,Ready Mixed Concrete,2023-09-01,9,1081.8,116.6,293.2871921823737,22775.786169163635,0.0,34197.28660846477,88521.888910816
O4,H40,0.4,0.03333333333333333,2022-12-01,Ready Mixed Concrete,2023-10-01,10,1101.2,116.4,0.0,30264.261052726117,0.0,0.0,117425.33288457735
O4,H40,0.4,0.03333333333333333,2022-12-01,Ready Mixed Concrete,2023-11-01,11,1070.0,115.4,0.0,38077.22312847097,0.0,0.0,146470.38496751833
O4,H40,0.4,0.03333333333333333,2022-12-01,Ready Mixed Concrete,2023-12-01,12,1101.6,115.4,0.0,45858.58520421583,0.0,0.0,176402.69108555024
O4,H40,0.4,0.03333333333333333,2022-12-01,Steel Reinforcement Bars,2023-01-01,1,79.16,922.6,141.16023117038867,0.0,79.16,130234.42927780059,0.0
O4,H40,0.4,0.03333333333333333,2022-12-01,Steel Reinforcement Bars,2023-02-01,2,100.49,942.1,128.18227485506864,0.0,100.49,120760.52114096018,0.0
O4,H40,0.4,0.03333333333333333,2022-12-01,Steel Reinforcement Bars,2023-03-01,3,57.1,946.6,100.1096406092345,84.06023117038868,0.0,94763.78580070139,2652.380494196331
O4,H40,0.4,0.03333333333333333,2022-12-01,Steel Reinforcement Bars,2023-04-01,4,67.2,940.1,117.95459215244014,286.20273719584594,0.0,110889.11208250897,8968.639774593825
O4,H40,0.4,0.03333333333333333,2022-12-01,Steel Reinforcement Bars,2023-05-01,5,152.2,922.8,111.91178523177182,503.45488383053777,0.0,103272.19541187903,15486.272226627341
O4,H40,0.4,0.03333333333333333,2022-12-01,Steel Reinforcement Bars,2023-06-01,6,135.08,885.5,107.93527871871788,855.7816226176695,0.0,95576.68930542469,25259.820894264878
O4,H40,0.4,0.03333333333333333,2022-12-01,Steel Reinforcement Bars,2023-07-01,7,141.5,859.2,111.7320075660585,1313.6001466365733,0.0,96000.14090075747,37621.50819967146
O4,H40,0.4,0.03333333333333333,2022-12-01,Steel Reinforcement Bars,2023-08-01,8,173.95,832.6,150.1754905722235,1846.9039493741948,0.0,125036.1134504333,51257.74094163182
O4,H40,0.4,0.03333333333333333,2022-12-01,Steel Reinforcement Bars,2023-09-01,9,140.71,830.1,97.29829281313094,2525.1797596778747,0.0,80767.31286418,69871.7239502868
O4,H40,0.4,0.03333333333333333,2022-12-01,Steel Reinforcement Bars,2023-10-01,10,162.59,827.4,25.76732793724699,3331.751060553778,0.0,21319.887135278157,91889.6942500732
O4,H40,0.4,0.03333333333333333,2022-12-01,Steel Reinforcement Bars,2023-11-01,11,187.13,826.7,0.0,4211.080654242813,0.0,0.0,116043.34589541778
O4,H40,0.4,0.03333333333333333,2022-12-01,Steel Reinforcement Bars,2023-12-01,12,122.5,819.7,0.0,5180.807575869094,0.0,0.0,141556.93233132988
O4,H40,0.4,0.03333333333333333,2023-01-01,Cement,2023-02-01,1,282.49,118.4,400.27994693211457,0.0,282.49,47393.14571676237,0.0
O4,H40,0.4,0.03333333333333333,2023-01-01,Cement,2023-03-01,2,427.87,118.2,384.8829386577617,0.0,427.87,45493.16334934744,0.0
O4,H40,0.4,0.03333333333333333,2023-01-01,Cement,2023-04-01,3,315.7,118.0,359.4783394729675,84.57994693211458,0.0,42418.444057810164,332.6811245996507
O4,H40,0.4,0.03333333333333333,2023-01-01,Cement,2023-05-01,4,398.82,117.2,350.58784950820547,470.92283252199087,0.0,41088.89596236168,1839.738532385911
O4,H40,0.4,0.03333333333333333,2023-01-01,Cement,2023-06-01,5,335.0,116.7,410.77219005612505,1280.5640575848345,0.0,47937.114579549794,4981.3941840050065
O4,H40,0.4,0.03333333333333333,2023-01-01,Cement,2023-07-01,6,425.98,115.2,382.4933687905392,2349.8131321558835,0.0,44063.23608467012,9023.282427478593
O4,H40,0.4,0.03333333333333333,2023-01-01,Cement,2023-08-01,7,378.3,114.4,412.51891680972943,3877.5143967830572,0.0,47192.16408303305,14786.254899732725
O4,H40,0.4,0.03333333333333333,2023-01-01,Cement,2023-09-01,8,446.33,113.5,319.96793801022085,5719.67903020077,0.0,36316.36096416006,21639.452330926248
O4,H40,0.4,0.03333333333333333,2023-01-01,Cement,2023-10-01,9,335.47,113.2,250.50819917691769,8085.2225804282125,0.0,28357.528146827084,30508.239870149122
O4,H40,0.4,0.03333333333333333,2023-01-01,Cement,2023-11-01,10,381.97,112.0,0.0,10724.234068665877,0.0,0.0,40037.140523019276
O4,H40,0.4,0.03333333333333333,2023-01-01,Cement,2023-12-01,11,467.38,111.7,0.0,13528.34375608046,0.0,0.0,50370.53325180624
O4,H40,0.4,0.03333333333333333,2023-01-01,Cement,2024-01-01,12,434.45,110.6,0.0,16365.38344349504,0.0,0.0,60333.71362835171
O4,H40,0.4,0.03333333333333333,2023-01-01,Granite,2023-02-01,1,1455.1,18.5,1822.8456199425227,0.0,1455.1,33722.64396893667,0.0
O4,H40,0.4,0.03333333333333333,2023-01-01,Granite,2023-03-01,2,1561.4,18.3,1834.2183771101425,0.0,1561.4,33566.19630111561,0.0
O4,H40,0.4,0.03333333333333333,2023-01-01,Granite,2023-04-01,3,1395.2,18.6,1712.9932456093707,427.64561994252267,0.0,31861.674368334297,265.14028436436405
O4,H40,0.4,0.03333333333333333,2023-01-01,Granite,2023-05-01,4,1844.9,18.3,1824.215295173721,2239.809616995188,0.0,33383.1399016791,1366.2838663670648
O4,H40,0.4,0.03333333333333333,2023-01-01,Granite,2023-06-01,5,1659.3,18.5,1646.8734872651262,5950.566859657224,0.0,30467.159514404833,3669.5162301219552
O4,H40,0.4,0.03333333333333333,2023-01-01,Granite,2023-07-01,6,1674.3,18.5,1548.3978505160676,11470.539397492983,0.0,28645.36023454725,7073.499295120673
O4,H40,0.4,0.03333333333333333,2023-01-01,Granite,2023-08-01,7,1755.2,18.5,1662.5747533920774,18556.485422593865,0.0,30757.63293775343,11443.16601059955
O4,H40,0.4,0.03333333333333333,2023-01-01,Granite,2023-09-01,8,1729.4,18.6,1685.925705880234,27216.629298210813,0.0,31358.218129372355,16874.310164890703
O4,H40,0.4,0.03333333333333333,2023-01-01,Granite,2023-10-01,9,1742.2,19.5,243.89859220610174,37526.54792721984,0.0,4756.022548018984,24392.2561526929
O4,H40,0.4,0.03333333333333333,2023-01-01,Granite,2023-11-01,10,1621.1,20.3,97.86455904297759,49643.4922621091,0.0,1986.6505485724451,33592.096430693826
O4,H40,0.4,0.03333333333333333,2023-01-01,Granite,2023-12-01,11,1531.7,21.2,0.0,62093.73518920447,0.0,0.0,43879.57286703782
O4,H40,0.4,0.03333333333333333,2023-01-01,Granite,2024-01-01,12,1664.5,22.3,0.0,74509.0426753428,0.0,0.0,55385.055055338154
O4,H40,0.4,0.03333333333333333,2023-01-01,Ready Mixed Concrete,2023-02-01,1,897.3,118.1,1077.4260048435838,0.0,897.3,127244.01117202724,0.0
O4,H40,0.4,0.03333333333333333,2023-01-01,Ready Mixed Concrete,2023-03-01,2,1070.7,116.8,1060.4649796793751,0.0,1070.7,123862.30962655101,0.0
O4,H40,0.4,0.03333333333333333,2023-01-01,Ready Mixed Concrete,2023-04-01,3,918.4,117.2,1089.0028427338418,159.0260048435838,0.0,127631.13316840626,621.2615922556007
O4,H40,0.4,0.03333333333333333,2023-01-01,Ready Mixed Concrete,2023-05-01,4,1041.6,117.6,1075.296126631965,1255.316989366543,0.0,126454.82449191909,4920.842598316849
O4,H40,0.4,0.03333333333333333,2023-01-01,Ready Mixed Concrete,2023-06-01,5,1020.3,117.3,1038.922116302622,3461.9108166233445,0.0,121865.56424229757,13536.071292997276
O4,H40,0.4,0.03333333333333333,2023-01-01,Ready Mixed Concrete,2023-07-01,6,1046.0,116.3,1040.783822949197,6718.100770512111,0.0,121043.15860899161,26043.837320351948
O4,H40,0.4,0.03333333333333333,2023-01-01,Ready Mixed Concrete,2023-08-01,7,1113.5,116.4,1004.4301159786033,10945.7128407035,0.0,116915.66549990943,42469.36582192958
O4,H40,0.4,0.03333333333333333,2023-01-01,Ready Mixed Concrete,2023-09-01,8,1081.8,116.6,985.6573767972161,16245.808733844086,0.0,114927.6501345554,63142.04327887401
O4,H40,0.4,0.03333333333333333,2023-01-01,Ready Mixed Concrete,2023-10-01,9,1101.2,116.4,327.2227416879821,22530.934742963273,0.0,38088.727132481115,87420.02680269751
O4,H40,0.4,0.03333333333333333,2023-01-01,Ready Mixed Concrete,2023-11-01,10,1070.0,115.4,96.35907813068661,29832.91812887968,0.0,11119.837616281236,114757.29173575717
O4,H40,0.4,0.03333333333333333,2023-01-01,Ready Mixed Concrete,2023-12-01,11,1101.6,115.4,0.0,37430.52425648407,0.0,0.0,143982.74997327538
O4,H40,0.4,0.03333333333333333,2023-01-01,Ready Mixed Concrete,2024-01-01,12,1071.7,118.1,0.0,45154.389462219144,0.0,0.0,177757.7798496027
O4,H40,0.4,0.03333333333333333,2023-01-01,Steel Reinforcement Bars,2023-02-01,1,100.49,942.1,143.19315125822467,0.0,100.49,134902.26780037346,0.0
O4,H40,0.4,0.03333333333333333,2023-01-01,Steel Reinforcement Bars,2023-03-01,2,57.1,946.6,126.67529991564902,0.0,57.1,119910.83890015337,0.0
O4,H40,0.4,0.03333333333333333,2023-01-01,Steel Reinforcement Bars,2023-04-01,3,67.2,940.1,94.39055959770677,75.99315125822467,0.0,88736.56507780413,2381.372049928567
O4,H40,0.4,0.03333333333333333,2023-01-01,Steel Reinforcement Bars,2023-05-01,4,152.2,922.8,113.1121349568242,193.6616024320984,0.0,104379.87813815738,5957.030890811346
O4,H40,0.4,0.03333333333333333,2023-01-01,Steel Reinforcement Bars,2023-06-01,5,135.08,885.5,92.90971631788435,422.8406132036788,0.0,82271.55379948659,12480.845433061919
O4,H40,0.4,0.03333333333333333,2023-01-01,Steel Reinforcement Bars,2023-07-01,6,141.5,859.2,127.7422188689771,758.7117589320835,0.0,109756.11445222513,21729.504775814872
O4,H40,0.4,0.03333333333333333,2023-01-01,Steel Reinforcement Bars,2023-08-01,7,173.95,832.6,138.68850152013562,1155.0426209783725,0.0,115472.04636566492,32056.282874219767
O4,H40,0.4,0.03333333333333333,2023-01-01,Steel Reinforcement Bars,2023-09-01,8,140.71,830.1,84.52666187549525,1712.3557018936385,0.0,70165.58202284861,47380.88227139698
O4,H40,0.4,0.03333333333333333,2023-01-01,Steel Reinforcement Bars,2023-10-01,9,162.59,827.4,77.53752677498855,2386.4772843290402,0.0,64154.54965362552,65819.04350179492
O4,H40,0.4,0.03333333333333333,2023-01-01,Steel Reinforcement Bars,2023-11-01,10,187.13,826.7,81.32205803972634,3120.5855286399374,0.0,67228.94538144176,85992.93521755455
O4,H40,0.4,0.03333333333333333,2023-01-01,Steel Reinforcement Bars,2023-12-01,11,122.5,819.7,0.0,3996.8612997258233,0.0,0.0,109207.57357950858
O4,H40,0.4,0.03333333333333333,2023-01-01,Steel Reinforcement Bars,2024-01-01,12,179.85,833.7,0.0,4897.109128851434,0.0,0.0,136090.66269078138
O4,H40,0.4,0.03333333333333333,2023-02-01,Cement,2023-03-01,1,427.87,118.2,442.8035756765871,0.0,427.87,52339.3826449726,0.0
O4,H40,0.4,0.03333333333333333,2023-02-01,Cement,2023-04-01,2,315.7,118.0,447.4545484863132,0.0,315.7,52799.63672138495,0.0
O4,H40,0.4,0.03333333333333333,2023-02-01,Cement,2023-05-01,3,398.82,117.2,406.0426043652846,43.98357567658712,0.0,47588.19323161136,171.8291689765337
O4,H40,0.4,0.03333333333333333,2023-02-01,Cement,2023-06-01,4,335.0,116.7,410.12716971515323,599.2416998394874,0.0,47861.84070575838,2331.050212375606
O4,H40,0.4,0.03333333333333333,2023-02-01,Cement,2023-07-01,5,425.98,115.2,459.4144802199537,1469.5624283676723,0.0,52924.54812133867,5643.119724931861
O4,H40,0.4,0.03333333333333333,2023-02-01,Cement,2023-08-01,6,378.3,114.4,415.4261357126742,2797.6903266110103,0.0,47524.749925529926,10668.525778809986
O4,H40,0.4,0.03333333333333333,2023-02-01,Cement,2023-09-01,7,446.33,113.5,333.08475839594723,4517.202705074302,0.0,37805.12007794001,17090.083567531106
O4,H40,0.4,0.03333333333333333,2023-02-01,Cement,2023-10-01,8,335.47,113.2,475.1097693352392,6763.001219250268,0.0,53782.42588874908,25519.057933971013
O4,H40,0.4,0.03333333333333333,2023-02-01,Cement,2023-11-01,9,381.97,112.0,187.5602171652866,9295.384491822182,0.0,21006.7443225121,34702.76876946948
O4,H40,0.4,0.03333333333333333,2023-02-01,Cement,2023-12-01,10,467.38,111.7,0.0,12217.467533729336,0.0,0.0,45489.70411725222
O4,H40,0.4,0.03333333333333333,2023-02-01,Cement,2024-01-01,11,434.45,110.6,0.0,15360.040792801774,0.0,0.0,56627.35038946254
O4,H40,0.4,0.03333333333333333,2023-02-01,Cement,2024-02-01,12,367.77,110.6,0.0,18569.294051874214,0.0,0.0,68458.79740457627
O4,H40,0.4,0.03333333333333333,2023-02-01,Granite,2023-03-01,1,1561.4,18.3,1681.6310511457505,0.0,1561.4,30773.848235967234,0.0
O4,H40,0.4,0.03333333333333333,2023-02-01,Granite,2023-04-01,2,1395.2,18.6,1688.6859099285027,0.0,1395.2,31409.557924670153,0.0
O4,H40,0.4,0.03333333333333333,2023-02-01,Granite,2023-05-01,3,1844.9,18.3,1627.5632248386423,0.0,163.26894885424963,29784.407014547156,0.0
O4,H40,0.4,0.03333333333333333,2023-02-01,Granite,2023-06-01,4,1659.3,18.5,1600.0772463484027,1711.0169610742535,0.0,29601.42905744545,1055.1271259957896
O4,H40,0.4,0.03333333333333333,2023-02-01,Granite,2023-07-01,5,1674.3,18.5,1540.7557748220659,5034.597146987149,0.0,28503.981834208218,3104.6682406420755
O4,H40,0.4,0.03333333333333333,2023-02-01,Granite,2023-08-01,6,1755.2,18.5,1650.3089870021006,9877.354579248447,0.0,30530.71625953886,6091.035323869876
O4,H40,0.4,0.03333333333333333,2023-02-01,Granite,2023-09-01,7,1729.4,18.6,1599.9948278700826,16286.667786331813,0.0,29759.90379838354,10097.734027525725
O4,H40,0.4,0.03333333333333333,2023-02-01,Granite,2023-10-01,8,1742.2,19.5,1640.4038734531257,24333.48998041728,0.0,31987.87553233595,15816.76848727123
O4,H40,0.4,0.03333333333333333,2023-02-01,Granite,2023-11-01,9,1621.1,20.3,152.94714995748473,34101.40700237283,0.0,3104.82714413694,23075.285404938946
O4,H40,0.4,0.03333333333333333,2023-02-01,Granite,2023-12-01,10,1531.7,21.2,0.0,45599.12789778151,0.0,0.0,32223.383714432268
O4,H40,0.4,0.03333333333333333,2023-02-01,Granite,2024-01-01,11,1664.5,22.3,0.0,57116.99594314767,0.0,0.0,42456.966984406434
O4,H40,0.4,0.03333333333333333,2023-02-01,Granite,2024-02-01,12,1201.2,22.2,0.0,69098.16398851383,0.0,0.0,51132.641351500235
O4,H40,0.4,0.03333333333333333,2023-02-01,Ready Mixed Concrete,2023-03-01,1,1070.7,116.8,1012.0865224126744,0.0,1070.7,118211.70581780036,0.0
O4,H40,0.4,0.03333333333333333,2023-02-01,Ready Mixed Concrete,2023-04-01,2,918.4,117.2,1001.6271433576363,0.0,918.4,117390.70120151498,0.0
O4,H40,0.4,0.03333333333333333,2023-02-01,Ready Mixed Concrete,2023-05-01,3,1041.6,117.6,1014.6130126792128,0.0,29.513477587325497,119318.49029107542,0.0
O4,H40,0.4,0.03333333333333333,2023-02-01,Ready Mixed Concrete,2023-06-01,4,1020.3,117.3,1053.571502458056,993.4136657703109,0.0,123583.93723832998,3884.2474331619155
O4,H40,0.4,0.03333333333333333,2023-02-01,Ready Mixed Concrete,2023-07-01,5,1046.0,116.3,950.0942235286283,2975.7403442198347,0.0,110495.95819637946,11535.953401092225
O4,H40,0.4,0.03333333333333333,2023-02-01,Ready Mixed Concrete,2023-08-01,6,1113.5,116.4,1071.9556997599157,5944.138525127414,0.0,124775.6434520542,23063.257477494368
O4,H40,0.4,0.03333333333333333,2023-02-01,Ready Mixed Concrete,2023-09-01,7,1081.8,116.6,1056.9581175965943,9894.330929563623,0.0,123241.3165117629,38455.96621290394
O4,H40,0.4,0.03333333333333333,2023-02-01,Ready Mixed Concrete,2023-10-01,8,1101.2,116.4,899.1097815271335,14897.079033759746,0.0,104656.37856975834,57800.66665098782
O4,H40,0.4,0.03333333333333333,2023-02-01,Ready Mixed Concrete,2023-11-01,9,1070.0,115.4,25.772947800650172,20987.985255552463,0.0,2974.19817619503,80733.78328302514
O4,H40,0.4,0.03333333333333333,2023-02-01,Ready Mixed Concrete,2023-12-01,10,1101.6,115.4,167.5321863971178,27946.401258872316,0.0,19333.214310227395,107500.49017579551
O4,H40,0.4,0.03333333333333333,2023-02-01,Ready Mixed Concrete,2024-01-01,11,1071.7,118.1,17.9103712322368,34960.49020999282,0.0,2115.2148425271657,137627.79646000508
O4,H40,0.4,0.03333333333333333,2023-02-01,Ready Mixed Concrete,2024-02-01,12,874.95,118.0,0.0,42338.86134751044,0.0,0.0,166532.85463354108
O4,H40,0.4,0.03333333333333333,2023-02-01,Steel Reinforcement Bars,2023-03-01,1,57.1,946.6,127.33355169119262,0.0,57.1,120533.94003088294,0.0
O4,H40,0.4,0.03333333333333333,2023-02-01,Steel Reinforcement Bars,2023-04-01,2,67.2,940.1,118.13762288521502,0.0,67.2,111061.17927439064,0.0
O4,H40,0.4,0.03333333333333333,2023-02-01,Steel Reinforcement Bars,2023-05-01,3,152.2,922.8,122.63590890108657,0.0,24.866448308807364,113168.41673392268,0.0
O4,H40,0.4,0.03333333333333333,2023-02-01,Steel Reinforcement Bars,2023-06-01,4,135.08,885.5,93.74883409295533,110.39117457640762,0.0,83014.59258931194,3258.3795029136313
O4,H40,0.4,0.03333333333333333,2023-02-01,Steel Reinforcement Bars,2023-07-01,5,141.5,859.2,107.08208837960794,336.99825805390185,0.0,92004.93033575914,9651.63011066375
O4,H40,0.4,0.03333333333333333,2023-02-01,Steel Reinforcement Bars,2023-08-01,6,173.95,832.6,103.03302535316146,624.9041756243514,0.0,85785.29690904224,17343.1738874945
O4,H40,0.4,0.03333333333333333,2023-02-01,Steel Reinforcement Bars,2023-09-01,7,140.71,830.1,63.49665456005164,1053.1321815744088,0.0,52708.57295029887,29140.167464163893
O4,H40,0.4,0.03333333333333333,2023-02-01,Steel Reinforcement Bars,2023-10-01,8,162.59,827.4,101.5550272684633,1562.513212877628,0.0,84026.62956192654,43094.11441116498
O4,H40,0.4,0.03333333333333333,2023-02-01,Steel Reinforcement Bars,2023-11-01,9,187.13,826.7,118.74555899623395,2110.8508987408986,0.0,98166.95362218661,58168.0145996367
O4,H40,0.4,0.03333333333333333,2023-02-01,Steel Reinforcement Bars,2023-12-01,10,122.5,819.7,0.0,2825.3736118726324,0.0,0.0,77198.6249883999
O4,H40,0.4,0.03333333333333333,2023-02-01,Steel Reinforcement Bars,2024-01-01,11,179.85,833.7,0.0,3601.2918840006005,0.0,0.0,100079.9014563767
O4,H40,0.4,0.03333333333333333,2023-02-01,Steel Reinforcement Bars,2024-02-01,12,60.8,829.6,0.0,4496.260156128568,0.0,0.0,124336.58085080868
O4,H40,0.4,0.03333333333333333,2023-03-01,Cement,2023-04-01,1,315.7,118.0,445.8880248446675,0.0,315.7,52614.786931670766,0.0
O4,H40,0.4,0.03333333333333333,2023-03-01,Cement,2023-05-01,2,398.82,117.2,419.6171346993985,0.0,398.82,49179.12818676951,0.0
O4,H40,0.4,0.03333333333333333,2023-03-01,Cement,2023-06-01,3,335.0,116.7,406.1521731907409,110.88802484466748,0.0,47397.95861135946,431.35441664575654
O4,H40,0.4,0.03333333333333333,2023-03-01,Cement,2023-07-01,4,425.98,115.2,402.5667613064795,550.4131843887334,0.0,46375.690902506445,2113.586628052736
O4,H40,0.4,0.03333333333333333,2023-03-01,Cement,2023-08-01,5,378.3,114.4,354.6259073475232,1443.7705171235405,0.0,40569.20380055666,5505.578238631101
O4,H40,0.4,0.03333333333333333,2023-03-01,Cement,2023-09-01,6,446.33,113.5,369.2786005284834,2671.664611164827,0.0,41913.12115998287,10107.797778906928
O4,H40,0.4,0.03333333333333333,2023-03-01,Cement,2023-10-01,7,335.47,113.2,352.2344835113045,4365.044612553636,0.0,39872.94353347967,16470.768338035723
O4,H40,0.4,0.03333333333333333,2023-03-01,Cement,2023-11-01,8,381.97,112.0,334.3485013458089,6381.203214470929,0.0,37447.0321507306,23823.158667358137
O4,H40,0.4,0.03333333333333333,2023-03-01,Cement,2023-12-01,9,467.38,111.7,108.87913594378506,8664.186299899528,0.0,12161.799484920792,32259.653656625906
O4,H40,0.4,0.03333333333333333,2023-03-01,Cement,2024-01-01,10,434.45,110.6,47.72319901773977,11314.447886673934,0.0,5278.185811362018,41712.597875537904
O4,H40,0.4,0.03333333333333333,2023-03-01,Cement,2024-02-01,11,367.77,110.6,0.0,14140.268609392126,0.0,0.0,52130.45693995897
O4,H40,0.4,0.03333333333333333,2023-03-01,Cement,2024-03-01,12,318.63,110.8,0.0,17062.952531128056,0.0,0.0,63019.17134829962
O4,H40,0.4,0.03333333333333333,2023-03-01,Granite,2023-04-01,1,1395.2,18.6,1511.7663256798962,0.0,1395.2,28118.853657646072,0.0
O4,H40,0.4,0.03333333333333333,2023-03-01,Granite,2023-05-01,2,1844.9,18.3,1532.6598970366276,0.0,1844.9,28047.676115770286,0.0
O4,H40,0.4,0.03333333333333333,2023-03-01,Granite,2023-06-01,3,1659.3,18.5,1537.5495762267715,0.0,147.53367432010373,28444.667160195273,0.0
O4,H40,0.4,0.03333333333333333,2023-03-01,Granite,2023-07-01,4,1674.3,18.5,1510.7527144817818,1370.1262227165237,0.0,27948.925217912965,844.9111706751896
O4,H40,0.4,0.03333333333333333,2023-03-01,Granite,2023-08-01,5,1755.2,18.5,1496.3602030848654,4196.902021659818,0.0,27682.663757070008,2588.089580023555
O4,H40,0.4,0.03333333333333333,2023-03-01,Granite,2023-09-01,6,1729.4,18.6,1502.3292729400357,8560.230535084895,0.0,27943.324476684666,5307.342931752634
O4,H40,0.4,0.03333333333333333,2023-03-01,Granite,2023-10-01,7,1742.2,19.5,1460.2350645839435,14407.119251594835,0.0,28474.5837593869,9364.627513536643
O4,H40,0.4,0.03333333333333333,2023-03-01,Granite,2023-11-01,8,1621.1,20.3,666.1908491425852,21877.437241044812,0.0,13523.67423759448,14803.73253310699
O4,H40,0.4,0.03333333333333333,2023-03-01,Granite,2023-12-01,9,1531.7,21.2,0.0,30897.390295078734,0.0,0.0,21834.155808522304
O4,H40,0.4,0.03333333333333333,2023-03-01,Granite,2024-01-01,10,1664.5,22.3,0.0,40450.73419825524,0.0,0.0,30068.37908736973
O4,H40,0.4,0.03333333333333333,2023-03-01,Granite,2024-02-01,11,1201.2,22.2,0.0,50467.37810143175,0.0,0.0,37345.85979505949
O4,H40,0.4,0.03333333333333333,2023-03-01,Granite,2024-03-01,12,1688.6,22.4,0.0,59996.62200460826,0.0,0.0,44797.47776344083
O4,H40,0.4,0.03333333333333333,2023-03-01,Ready Mixed Concrete,2023-04-01,1,918.4,117.2,511.13268119944365,0.0,918.4,59904.7502365748,0.0
O4,H40,0.4,0.03333333333333333,2023-03-01,Ready Mixed Concrete,2023-05-01,2,1041.6,117.6,928.9188497854692,0.0,1041.6,109240.85673477118,0.0
O4,H40,0.4,0.03333333333333333,2023-03-01,Ready Mixed Concrete,2023-06-01,3,1020.3,117.3,941.1190895701003,0.0,509.1673188005563,110393.26920657276,0.0
O4,H40,0.4,0.03333333333333333,2023-03-01,Ready Mixed Concrete,2023-07-01,4,1046.0,116.3,938.3805412449796,394.0515309849129,0.0,109133.65694679112,1527.606435118179
O4,H40,0.4,0.03333333333333333,2023-03-01,Ready Mixed Concrete,2023-08-01,5,1113.5,116.4,940.4040259078704,1661.722151539926,0.0,109463.02861567611,6447.481947974913
O4,H40,0.4,0.03333333333333333,2023-03-01,Ready Mixed Concrete,2023-09-01,6,1081.8,116.6,957.4433801982726,3899.4733133399186,0.0,111637.89813111858,15155.952944514482
O4,H40,0.4,0.03333333333333333,2023-03-01,Ready Mixed Concrete,2023-10-01,7,1101.2,116.4,960.4854758427355,7058.228501047782,0.0,111800.50938809442,27385.926584065397
O4,H40,0.4,0.03333333333333333,2023-03-01,Ready Mixed Concrete,2023-11-01,8,1070.0,115.4,967.0093826681812,11205.627068953916,0.0,111592.88275990811,43104.31212524273
O4,H40,0.4,0.03333333333333333,2023-03-01,Ready Mixed Concrete,2023-12-01,9,1101.6,115.4,0.0,16281.911112702785,0.0,0.0,62631.08474686338
O4,H40,0.4,0.03333333333333333,2023-03-01,Ready Mixed Concrete,2024-01-01,10,1071.7,118.1,0.0,22355.104539119835,0.0,0.0,88004.59486900175
O4,H40,0.4,0.03333333333333333,2023-03-01,Ready Mixed Concrete,2024-02-01,11,874.95,118.0,0.0,28625.047965536887,0.0,0.0,112591.85533111176
O4,H40,0.4,0.03333333333333333,2023-03-01,Ready Mixed Concrete,2024-03-01,12,1112.0,118.0,0.0,34657.94139195394,0.0,0.0,136321.23614168548
O4,H40,0.4,0.03333333333333333,2023-03-01,Steel Reinforcement Bars,2023-04-01,1,67.2,940.1,45.08361354963952,0.0,67.2,42383.105098016116,0.0
O4,H40,0.4,0.03333333333333333,2023-03-01,Steel Reinforcement Bars,2023-05-01,2,152.2,922.8,72.3166249403517,0.0,152.2,66733.78149495655,0.0
O4,H40,0.4,0.03333333333333333,2023-03-01,Steel Reinforcement Bars,2023-06-01,3,135.08,885.5,74.27940494347276,0.0,89.99638645036049,65774.41307744512,0.0
O4,H40,0.4,0.03333333333333333,2023-03-01,Steel Reinforcement Bars,2023-07-01,4,141.5,859.2,83.2444669454577,0.0,24.099761510008776,71523.64599953726,0.0
O4,H40,0.4,0.03333333333333333,2023-03-01,Steel Reinforcement Bars,2023-08-01,5,173.95,832.6,87.03291009201398,17.72964343346399,0.0,72463.60094261084,492.05670409007064
O4,H40,0.4,0.03333333333333333,2023-03-01,Steel Reinforcement Bars,2023-09-01,6,140.71,830.1,92.20478251451242,151.94375381238567,0.0,76539.18996529675,4204.283667988711
O4,H40,0.4,0.03333333333333333,2023-03-01,Steel Reinforcement Bars,2023-10-01,7,162.59,827.4,93.12713477291551,351.3107742833213,0.0,77053.39131111029,9689.151154734
O4,H40,0.4,0.03333333333333333,2023-03-01,Steel Reinforcement Bars,2023-11-01,8,187.13,826.7,91.44625725048788,618.3425772687693,0.0,75598.62086897832,17039.460287603055
O4,H40,0.4,0.03333333333333333,2023-03-01,Steel Reinforcement Bars,2023-12-01,9,122.5,819.7,60.21026408563348,1043.131515027133,0.0,49354.35347099377,28501.830095591366
O4,H40,0.4,0.03333333333333333,2023-03-01,Steel Reinforcement Bars,2024-01-01,10,179.85,833.7,0.0,1502.0167100359845,0.0,0.0,41741.04437190001
O4,H40,0.4,0.03333333333333333,2023-03-01,Steel Reinforcement Bars,2024-02-01,11,60.8,829.6,0.0,2140.1621691304695,0.0,0.0,59182.61785035458
O4,H40,0.4,0.03333333333333333,2023-03-01,Steel Reinforcement Bars,2024-03-01,12,91.23,821.7,0.0,2747.8776282249546,0.0,0.0,75264.36823708151
O4,H40,0.4,0.03333333333333333,2023-04-01,Cement,2023-05-01,1,398.82,117.2,52.875318767430024,0.0,398.82,6196.987359542799,0.0
O4,H40,0.4,0.03333333333333333,2023-04-01,Cement,2023-06-01,2,335.0,116.7,320.6808139275163,0.0,335.0,37423.45098534115,0.0
O4,H40,0.4,0.03333333333333333,2023-04-01,Cement,2023-07-01,3,425.98,115.2,337.5380447462072,0.0,373.10468123257,38884.38275476307,0.0
O4,H40,0.4,0.03333333333333333,2023-04-01,Cement,2023-08-01,4,378.3,114.4,341.93425469494696,0.0,4.743867305053698,39117.27873710194,0.0
O4,H40,0.4,0.03333333333333333,2023-04-01,Cement,2023-09-01,5,446.33,113.5,347.8753634391409,264.76417744115355,0.0,39483.853750342496,1001.6911379856975
O4,H40,0.4,0.03333333333333333,2023-04-01,Cement,2023-10-01,6,335.47,113.2,359.9377368825536,982.3226095772541,0.0,40744.95181510507,3706.6306468048388
O4,H40,0.4,0.03333333333333333,2023-04-01,Cement,2023-11-01,7,381.97,112.0,367.5555747686416,2001.2564051524953,0.0,41166.224374087855,7471.357245902649
O4,H40,0.4,0.03333333333333333,2023-04-01,Cement,2023-12-01,8,467.38,111.7,386.30683985450486,3294.7179376102904,0.0,43150.47401174819,12267.333121035648
O4,H40,0.4,0.03333333333333333,2023-04-01,Cement,2024-01-01,9,434.45,110.6,209.4169301106126,4988.665044836727,0.0,23161.512470233753,18391.545131964733
O4,H40,0.4,0.03333333333333333,2023-04-01,Cement,2024-02-01,10,367.77,110.6,0.0,7135.598991917668,0.0,0.0,26306.574950203136
O4,H40,0.4,0.03333333333333333,2023-04-01,Cement,2024-03-01,11,318.63,110.8,0.0,9541.089869109222,0.0,0.0,35238.42524991006
O4,H40,0.4,0.03333333333333333,2023-04-01,Cement,2024-04-01,12,395.86,110.2,0.0,11869.350746300775,0.0,0.0,43600.081741411515
O4,H40,0.4,0.03333333333333333,2023-04-01,Granite,2023-05-01,1,1844.9,18.3,1481.9050577606804,0.0,1844.9,27118.862557020453,0.0
O4,H40,0.4,0.03333333333333333,2023-04-01,Granite,2023-06-01,2,1659.3,18.5,1510.6137273468885,0.0,1659.3,27946.35395591744,0.0
O4,H40,0.4,0.03333333333333333,2023-04-01,Granite,2023-07-01,3,1674.3,18.5,1523.5316146475693,0.0,192.39494223931956,28185.334870980034,0.0
O4,H40,0.4,0.03333333333333333,2023-04-01,Granite,2023-08-01,4,1755.2,18.5,1495.372034541669,1237.3187851075688,0.0,27664.382639020878,763.0132508163341
O4,H40,0.4,0.03333333333333333,2023-04-01,Granite,2023-09-01,5,1729.4,18.6,1484.1905288550706,4023.9691848627076,0.0,27605.943836704315,2494.860894614879
O4,H40,0.4,0.03333333333333333,2023-04-01,Granite,2023-10-01,6,1742.2,19.5,1443.4197714358086,8293.191619159516,0.0,28146.685542998268,5390.574552453685
O4,H40,0.4,0.03333333333333333,2023-04-01,Granite,2023-11-01,7,1621.1,20.3,1459.20100877627,14167.704582311393,0.0,29621.780478158285,9586.81343403071
O4,H40,0.4,0.03333333333333333,2023-04-01,Granite,2023-12-01,8,1531.7,21.2,833.5492746613854,21575.03731689908,0.0,17671.24462282137,15246.359703942016
O4,H40,0.4,0.03333333333333333,2023-04-01,Granite,2024-01-01,9,1664.5,22.3,0.0,30308.77106026304,0.0,0.0,22529.519821462196
O4,H40,0.4,0.03333333333333333,2023-04-01,Granite,2024-02-01,10,1201.2,22.2,0.0,40339.35407828839,0.0,0.0,29851.122017933405
O4,H40,0.4,0.03333333333333333,2023-04-01,Granite,2024-03-01,11,1688.6,22.4,0.0,49882.53709631373,0.0,0.0,37245.627698580916
O4,H40,0.4,0.03333333333333333,2023-04-01,Granite,2024-04-01,12,1470.5,22.3,0.0,59643.820114339076,0.0,0.0,44335.23961832538
O4,H40,0.4,0.03333333333333333,2023-04-01,Ready Mixed Concrete,2023-05-01,1,1041.6,117.6,483.12042960601934,0.0,1041.6,56814.96252166787,0.0
O4,H40,0.4,0.03333333333333333,2023-04-01,Ready Mixed Concrete,2023-06-01,2,1020.3,117.3,891.1070787812457,0.0,1020.3,104526.86034104013,0.0
O4,H40,0.4,0.03333333333333333,2023-04-01,Ready Mixed Concrete,2023-07-01,3,1046.0,116.3,905.358479576664,0.0,562.8795703939807,105293.19117476602,0.0
O4,H40,0.4,0.03333333333333333,2023-04-01,Ready Mixed Concrete,2023-08-01,4,1113.5,116.4,899.5089703728011,260.72750838726506,0.0,104702.84415139405,1011.6227325425886
O4,H40,0.4,0.03333333333333333,2023-04-01,Ready Mixed Concrete,2023-09-01,5,1081.8,116.6,903.2693764149872,1458.5134963511944,0.0,105321.2092899875,5668.755789151642
O4,H40,0.4,0.03333333333333333,2023-04-01,Ready Mixed Concrete,2023-10-01,6,1101.2,116.4,918.56030278976,3536.408454687925,0.0,106920.41924472808,13721.26480418915
O4,H40,0.4,0.03333333333333333,2023-04-01,Ready Mixed Concrete,2023-11-01,7,1070.0,115.4,911.9233794860696,6548.772789439642,0.0,105235.95799269243,25190.945996711158
O4,H40,0.4,0.03333333333333333,2023-04-01,Ready Mixed Concrete,2023-12-01,8,1101.6,115.4,909.5360667694162,10448.097426981118,0.0,104960.46210519063,40190.34810245403
O4,H40,0.4,0.03333333333333333,2023-04-01,Ready Mixed Concrete,2024-01-01,9,1071.7,118.1,0.0,15289.245444008662,0.0,0.0,60188.662897914095
O4,H40,0.4,0.03333333333333333,2023-04-01,Ready Mixed Concrete,2024-02-01,10,874.95,118.0,0.0,21236.679527805623,0.0,0.0,83530.93947603545
O4,H40,0.4,0.03333333333333333,2023-04-01,Ready Mixed Concrete,2024-03-01,11,1112.0,118.0,0.0,26947.063611602585,0.0,0.0,105991.78353897016
O4,H40,0.4,0.03333333333333333,2023-04-01,Ready Mixed Concrete,2024-04-01,12,1114.9,119.2,0.0,32654.547695399546,0.0,0.0,129747.4028430542
O4,H40,0.4,0.03333333333333333,2023-04-01,Steel Reinforcement Bars,2023-05-01,1,152.2,922.8,62.5624462097969,0.0,152.2,57732.62536240058,0.0
O4,H40,0.4,0.03333333333333333,2023-04-01,Steel Reinforcement Bars,2023-06-01,2,135.08,885.5,69.4621229710079,0.0,135.08,61508.70989082749,0.0
O4,H40,0.4,0.03333333333333333,2023-04-01,Steel Reinforcement Bars,2023-07-01,3,141.5,859.2,69.58339249768703,0.0,78.9375537902031,59786.0508340127,0.0
O4,H40,0.4,0.03333333333333333,2023-04-01,Steel Reinforcement Bars,2023-08-01,4,173.95,832.6,72.15225094997801,0.0,41.925430819195185,60073.96414095169,0.0
O4,H40,0.4,0.03333333333333333,2023-04-01,Steel Reinforcement Bars,2023-09-01,5,140.71,830.1,73.96690141935855,60.89796167849184,0.0,61399.924868209535,1685.0465996438693
O4,H40,0.4,0.03333333333333333,2023-04-01,Steel Reinforcement Bars,2023-10-01,6,162.59,827.4,76.42107731756802,172.06817430696165,0.0,63230.799372555775,4745.640247386002
O4,H40,0.4,0.03333333333333333,2023-04-01,Steel Reinforcement Bars,2023-11-01,7,187.13,826.7,74.76215965046389,332.66528835479005,0.0,61805.877383038496,9167.146462763498
O4,H40,0.4,0.03333333333333333,2023-04-01,Steel Reinforcement Bars,2023-12-01,8,122.5,819.7,80.51455527347105,634.3134797201865,0.0,65997.78095766422,17331.55864422123
O4,H40,0.4,0.03333333333333333,2023-04-01,Steel Reinforcement Bars,2024-01-01,9,179.85,833.7,35.38329416465466,953.3738307360467,0.0,29499.05234507259,26494.25875615474
O4,H40,0.4,0.03333333333333333,2023-04-01,Steel Reinforcement Bars,2024-02-01,10,60.8,829.6,0.0,1471.9987370253782,0.0,0.0,40705.671741208454
O4,H40,0.4,0.03333333333333333,2023-04-01,Steel Reinforcement Bars,2024-03-01,11,91.23,821.7,0.0,1995.576937479364,0.0,0.0,54658.85231755978
O4,H40,0.4,0.03333333333333333,2023-04-01,Steel Reinforcement Bars,2024-04-01,12,111.96,819.4,0.0,2498.42513793335,0.0,0.0,68240.3186007529
O4,H40,0.4,0.03333333333333333,2023-05-01,Cement,2023-06-01,1,335.0,116.7,0.0,0.0,335.0,0.0,0.0
O4,H40,0.4,0.03333333333333333,2023-05-01,Cement,2023-07-01,2,425.98,115.2,329.54593304225375,0.0,425.98,37963.69148646764,0.0
O4,H40,0.4,0.03333333333333333,2023-05-01,Cement,2023-08-01,3,378.3,114.4,341.1468264621396,0.0,378.3,39027.19694726877,0.0
O4,H40,0.4,0.03333333333333333,2023-05-01,Cement,2023-09-01,4,446.33,113.5,339.66619840445003,0.0,116.78406695774623,38552.11351890508,0.0
O4,H40,0.4,0.03333333333333333,2023-05-01,Cement,2023-10-01,5,335.47,113.2,339.0765480038065,335.22275950439325,0.0,38383.4652340309,1264.9072125299106
O4,H40,0.4,0.03333333333333333,2023-05-01,Cement,2023-11-01,6,381.97,112.0,345.03062682610744,963.6117174132366,0.0,38643.43020452403,3597.483745009417
O4,H40,0.4,0.03333333333333333,2023-05-01,Cement,2023-12-01,7,467.38,111.7,335.23023216562126,1845.6672233258864,0.0,37445.21693289989,6872.03429485005
O4,H40,0.4,0.03333333333333333,2023-05-01,Cement,2024-01-01,8,434.45,110.6,338.34758462983825,3105.6833560646437,0.0,37421.242860060105,11449.619306024986
O4,H40,0.4,0.03333333333333333,2023-05-01,Cement,2024-02-01,9,367.77,110.6,229.81898527189773,4767.6097209690215,0.0,25417.97977107189,17576.58783797246
O4,H40,0.4,0.03333333333333333,2023-05-01,Cement,2024-03-01,10,318.63,110.8,0.0,6817.0236705032385,0.0,0.0,25177.54075639196
O4,H40,0.4,0.03333333333333333,2023-05-01,Cement,2024-04-01,11,395.86,110.2,0.0,9019.026605309353,0.0,0.0,33129.891063503026
O4,H40,0.4,0.03333333333333333,2023-05-01,Cement,2024-05-01,12,330.62,110.2,0.0,11286.269540115467,0.0,0.0,41458.23011069081
O4,H40,0.4,0.03333333333333333,2023-05-01,Granite,2023-06-01,1,1659.3,18.5,1523.1115584910335,0.0,1659.3,28177.56383208412,0.0
O4,H40,0.4,0.03333333333333333,2023-05-01,Granite,2023-07-01,2,1674.3,18.5,1475.2299105592656,0.0,1674.3,27291.753345346413,0.0
O4,H40,0.4,0.03333333333333333,2023-05-01,Granite,2023-08-01,3,1755.2,18.5,1483.7981604164934,0.0,232.08844150896653,27450.265967705127,0.0
O4,H40,0.4,0.03333333333333333,2023-05-01,Granite,2023-09-01,4,1729.4,18.6,1449.39651222523,1268.941469050299,0.0,26958.77512738928,786.7437108111853
O4,H40,0.4,0.03333333333333333,2023-05-01,Granite,2023-10-01,5,1742.2,19.5,1408.316153414011,4008.8810985170912,0.0,27462.164991573216,2605.7727140361094
O4,H40,0.4,0.03333333333333333,2023-05-01,Granite,2023-11-01,6,1621.1,20.3,1216.7332977871606,8319.317240209113,0.0,24699.68594507936,5629.404665874833
O4,H40,0.4,0.03333333333333333,2023-05-01,Granite,2023-12-01,7,1531.7,21.2,662.5243720447656,14127.469535315146,0.0,14045.51668734903,9983.411804956037
O4,H40,0.4,0.03333333333333333,2023-05-01,Granite,2024-01-01,8,1664.5,22.3,1285.4751373639965,21019.55512820834,0.0,28666.095563217124,15624.535978634867
O4,H40,0.4,0.03333333333333333,2023-05-01,Granite,2024-02-01,9,1201.2,22.2,0.0,29037.4650931463,0.0,0.0,21487.724168928264
O4,H40,0.4,0.03333333333333333,2023-05-01,Granite,2024-03-01,10,1688.6,22.4,0.0,37853.45019544826,0.0,0.0,28263.909479268033
O4,H40,0.4,0.03333333333333333,2023-05-01,Granite,2024-04-01,11,1470.5,22.3,0.0,46887.53529775022,0.0,0.0,34853.067904661
O4,H40,0.4,0.03333333333333333,2023-05-01,Granite,2024-05-01,12,1911.9,22.1,0.0,55480.220400052174,0.0,0.0,40870.42902803844
O4,H40,0.4,0.03333333333333333,2023-05-01,Ready Mixed Concrete,2023-06-01,1,1020.3,117.3,479.70913463888553,0.0,1020.3,56269.88149314127,0.0
O4,H40,0.4,0.03333333333333333,2023-05-01,Ready Mixed Concrete,2023-07-01,2,1046.0,116.3,903.682266181333,0.0,1046.0,105098.24755688902,0.0
O4,H40,0.4,0.03333333333333333,2023-05-01,Ready Mixed Concrete,2023-08-01,3,1113.5,116.4,941.8786364389264,0.0,633.7908653611145,109634.67328149104,0.0
O4,H40,0.4,0.03333333333333333,2023-05-01,Ready Mixed Concrete,2023-09-01,4,1081.8,116.6,935.9214111847508,301.5914008202187,0.0,109128.43654414194,1172.18524452125
O4,H40,0.4,0.03333333333333333,2023-05-01,Ready Mixed Concrete,2023-10-01,5,1101.2,116.4,930.1212082401404,1525.6614380793642,0.0,108266.10863915234,5919.566379747934
O4,H40,0.4,0.03333333333333333,2023-05-01,Ready Mixed Concrete,2023-11-01,6,1070.0,115.4,923.2242249666725,3716.85288652326,0.0,106540.07556115401,14297.494103492807
O4,H40,0.4,0.03333333333333333,2023-05-01,Ready Mixed Concrete,2023-12-01,7,1101.6,115.4,908.7885944091028,6806.565543207296,0.0,104874.20379481047,26182.5887895374
O4,H40,0.4,0.03333333333333333,2023-05-01,Ready Mixed Concrete,2024-01-01,8,1071.7,118.1,904.2848976062368,10849.402424858004,0.0,106796.04640729656,42710.48087919101
O4,H40,0.4,0.03333333333333333,2023-05-01,Ready Mixed Concrete,2024-02-01,9,874.95,118.0,0.0,15997.777900917816,0.0,0.0,62924.593076943405
O4,H40,0.4,0.03333333333333333,2023-05-01,Ready Mixed Concrete,2024-03-01,10,1112.0,118.0,0.0,21813.388274583864,0.0,0.0,85799.3272133632
O4,H40,0.4,0.03333333333333333,2023-05-01,Ready Mixed Concrete,2024-04-01,11,1114.9,119.2,0.0,27626.09864824991,0.0,0.0,109767.69862904631
O4,H40,0.4,0.03333333333333333,2023-05-01,Ready Mixed Concrete,2024-05-01,12,1151.8,120.4,0.0,33401.909021915955,0.0,0.0,134052.9948746227
O4,H40,0.4,0.03333333333333333,2023-05-01,Steel Reinforcement Bars,2023-06-01,1,135.08,885.5,59.80117884323143,0.0,135.08,52953.94386568143,0.0
O4,H40,0.4,0.03333333333333333,2023-05-01,Steel Reinforcement Bars,2023-07-01,2,141.5,859.2,67.73987531558394,0.0,141.5,58202.10087114973,0.0
O4,H40,0.4,0.03333333333333333,2023-05-01,Steel Reinforcement Bars,2023-08-01,3,173.95,832.6,74.14772548326144,0.0,114.14882115676855,61735.39623736348,0.0
O4,H40,0.4,0.03333333333333333,2023-05-01,Steel Reinforcement Bars,2023-09-01,4,140.71,830.1,77.26483858058145,0.0,13.168945841184637,64137.54250574067,0.0
O4,H40,0.4,0.03333333333333333,2023-05-01,Steel Reinforcement Bars,2023-10-01,5,162.59,827.4,71.43197395463001,39.098779642076806,0.0,59102.81525006087,1078.3443425284784
O4,H40,0.4,0.03333333333333333,2023-05-01,Steel Reinforcement Bars,2023-11-01,6,187.13,826.7,87.4787255155733,130.9223978647351,0.0,72318.66238372446,3607.784877159217
O4,H40,0.4,0.03333333333333333,2023-05-01,Steel Reinforcement Bars,2023-12-01,7,122.5,819.7,76.91480863378817,358.8079900420234,0.0,63047.068637116165,9803.830314581553
O4,H40,0.4,0.03333333333333333,2023-05-01,Steel Reinforcement Bars,2024-01-01,8,179.85,833.7,79.51431889727834,616.8223077348849,0.0,66291.08766466095,17141.491931952452
O4,H40,0.4,0.03333333333333333,2023-05-01,Steel Reinforcement Bars,2024-02-01,9,60.8,829.6,0.0,1070.8014340615348,0.0,0.0,29611.228989914973
O4,H40,0.4,0.03333333333333333,2023-05-01,Steel Reinforcement Bars,2024-03-01,10,91.23,821.7,0.0,1573.8648792854628,0.0,0.0,43108.15904362883
O4,H40,0.4,0.03333333333333333,2023-05-01,Steel Reinforcement Bars,2024-04-01,11,111.96,819.4,0.0,2056.198324509391,0.0,0.0,56161.6302367665
O4,H40,0.4,0.03333333333333333,2023-05-01,Steel Reinforcement Bars,2024-05-01,12,160.55,812.5,0.0,2489.9417697333192,0.0,0.0,67435.92293027739
