dataset,model,candidate_id,material,forecast_origin,target_date,horizon,actual,prediction,error,absolute_error,squared_error,finite,positive,status
RO1_PRICE,VECM,VECM_A,Cement In Bulk (Ordinary Portland Cement),2024-07-01,2024-08-01,1,108.4,108.46494476857438,0.06494476857437803,0.06494476857437803,0.00421782296517952,True,True,OK
RO1_PRICE,VECM,VECM_A,Concreting Sand,2024-07-01,2024-08-01,1,27.7,26.67344888599503,-1.0265511140049703,1.0265511140049703,1.0538071896648455,True,True,OK
RO1_PRICE,VECM,VECM_A,Granite (20mm Aggregate),2024-07-01,2024-08-01,1,22.8,21.565708796626005,-1.2342912033739957,1.2342912033739957,1.5234747747264263,True,True,OK
RO1_PRICE,VECM,VECM_A,Ready Mixed Concrete,2024-07-01,2024-08-01,1,119.9,118.22668217815422,-1.6733178218457851,1.6733178218457851,2.799992532906723,True,True,OK
RO1_PRICE,VECM,VECM_A,Steel Reinforcement Bars (16-32mm High Tensile),2024-07-01,2024-08-01,1,786.2,799.9919127756609,13.791912775660876,13.791912775660876,190.2168580114377,True,True,OK
RO1_PRICE,VECM,VECM_A,Cement In Bulk (Ordinary Portland Cement),2024-07-01,2024-10-01,3,107.4,107.87581766371687,0.4758176637168674,0.4758176637168674,0.22640244910497792,True,True,OK
RO1_PRICE,VECM,VECM_A,Concreting Sand,2024-07-01,2024-10-01,3,27.7,26.65818944468853,-1.0418105553114678,1.0418105553114678,1.0853692331583888,True,True,OK
RO1_PRICE,VECM,VECM_A,Granite (20mm Aggregate),2024-07-01,2024-10-01,3,22.4,21.38533378884086,-1.0146662111591382,1.0146662111591382,1.0295475200680408,True,True,OK
RO1_PRICE,VECM,VECM_A,Ready Mixed Concrete,2024-07-01,2024-10-01,3,120.3,117.84355407738758,-2.456445922612417,2.456445922612417,6.034126570719169,True,True,OK
RO1_PRICE,VECM,VECM_A,Steel Reinforcement Bars (16-32mm High Tensile),2024-07-01,2024-10-01,3,753.6,802.3070060499483,48.70700604994829,48.70700604994829,2372.372438349699,True,True,OK
RO1_PRICE,VECM,VECM_A,Cement In Bulk (Ordinary Portland Cement),2024-07-01,2025-01-01,6,104.4,107.35899475780812,2.9589947578081137,2.9589947578081137,8.755649976735898,True,True,OK
RO1_PRICE,VECM,VECM_A,Concreting Sand,2024-07-01,2025-01-01,6,27.4,26.645804286619544,-0.7541957133804544,0.7541957133804544,0.5688111740814525,True,True,OK
RO1_PRICE,VECM,VECM_A,Granite (20mm Aggregate),2024-07-01,2025-01-01,6,22.6,21.456249003996476,-1.1437509960035257,1.1437509960035257,1.3081663408590571,True,True,OK
RO1_PRICE,VECM,VECM_A,Ready Mixed Concrete,2024-07-01,2025-01-01,6,119.9,117.69805249350864,-2.201947506491365,2.201947506491365,4.84857282134354,True,True,OK
RO1_PRICE,VECM,VECM_A,Steel Reinforcement Bars (16-32mm High Tensile),2024-07-01,2025-01-01,6,724.1,814.2266883566137,90.12668835661373,90.12668835661373,8122.819954130172,True,True,OK
RO1_PRICE,VECM,VECM_A,Cement In Bulk (Ordinary Portland Cement),2024-07-01,2025-07-01,12,101.1,107.00924393541129,5.909243935411297,5.909243935411297,34.91916388819519,True,True,OK
RO1_PRICE,VECM,VECM_A,Concreting Sand,2024-07-01,2025-07-01,12,26.7,26.507613024669453,-0.19238697533054605,0.19238697533054605,0.037012748276836135,True,True,OK
RO1_PRICE,VECM,VECM_A,Granite (20mm Aggregate),2024-07-01,2025-07-01,12,21.7,21.36776561394344,-0.33223438605655886,0.33223438605655886,0.11037968727837859,True,True,OK
RO1_PRICE,VECM,VECM_A,Ready Mixed Concrete,2024-07-01,2025-07-01,12,119.8,117.23853400822149,-2.5614659917785048,2.5614659917785048,6.561108027037839,True,True,OK
RO1_PRICE,VECM,VECM_A,Steel Reinforcement Bars (16-32mm High Tensile),2024-07-01,2025-07-01,12,689.3,836.8410800835627,147.54108008356275,147.54108008356275,21768.370312224277,True,True,OK
RO1_PRICE,VECM,VECM_A,Cement In Bulk (Ordinary Portland Cement),2024-08-01,2024-09-01,1,108.0,107.97009405467404,-0.029905945325964467,0.029905945325964467,0.000894365565839576,True,True,OK
RO1_PRICE,VECM,VECM_A,Concreting Sand,2024-08-01,2024-09-01,1,27.6,27.59581457316012,-0.004185426839882211,0.004185426839882211,1.7517797832006395e-05,True,True,OK
RO1_PRICE,VECM,VECM_A,Granite (20mm Aggregate),2024-08-01,2024-09-01,1,22.5,22.203662338455743,-0.296337661544257,0.296337661544257,0.08781600964951862,True,True,OK
RO1_PRICE,VECM,VECM_A,Ready Mixed Concrete,2024-08-01,2024-09-01,1,120.5,119.11396226253282,-1.386037737467177,1.386037737467177,1.9211006096831313,True,True,OK
RO1_PRICE,VECM,VECM_A,Steel Reinforcement Bars (16-32mm High Tensile),2024-08-01,2024-09-01,1,771.9,776.8840653659652,4.9840653659651935,4.9840653659651935,24.84090757221376,True,True,OK
RO1_PRICE,VECM,VECM_A,Cement In Bulk (Ordinary Portland Cement),2024-08-01,2024-11-01,3,106.4,107.30118372347599,0.901183723475981,0.901183723475981,0.8121321034580333,True,True,OK
RO1_PRICE,VECM,VECM_A,Concreting Sand,2024-08-01,2024-11-01,3,27.7,27.674632309670862,-0.025367690329137105,0.025367690329137105,0.0006435197126349962,True,True,OK
RO1_PRICE,VECM,VECM_A,Granite (20mm Aggregate),2024-08-01,2024-11-01,3,22.4,21.923748473905746,-0.47625152609425214,0.47625152609425214,0.22681551610710413,True,True,OK
RO1_PRICE,VECM,VECM_A,Ready Mixed Concrete,2024-08-01,2024-11-01,3,120.3,118.76451325788732,-1.5354867421126812,1.5354867421126812,2.3577195352038154,True,True,OK
RO1_PRICE,VECM,VECM_A,Steel Reinforcement Bars (16-32mm High Tensile),2024-08-01,2024-11-01,3,751.1,774.9408247316796,23.840824731679618,23.840824731679618,568.3849238866666,True,True,OK
RO1_PRICE,VECM,VECM_A,Cement In Bulk (Ordinary Portland Cement),2024-08-01,2025-02-01,6,104.2,106.66345238120276,2.4634523812027567,2.4634523812027567,6.068597634453532,True,True,OK
RO1_PRICE,VECM,VECM_A,Concreting Sand,2024-08-01,2025-02-01,6,27.6,27.540143792366585,-0.05985620763341615,0.05985620763341615,0.0035827655922546255,True,True,OK
RO1_PRICE,VECM,VECM_A,Granite (20mm Aggregate),2024-08-01,2025-02-01,6,22.2,21.60596650511851,-0.59403349488149,0.59403349488149,0.35287579304111727,True,True,OK
RO1_PRICE,VECM,VECM_A,Ready Mixed Concrete,2024-08-01,2025-02-01,6,119.2,118.02341818762035,-1.176581812379652,1.176581812379652,1.3843447612225868,True,True,OK
RO1_PRICE,VECM,VECM_A,Steel Reinforcement Bars (16-32mm High Tensile),2024-08-01,2025-02-01,6,706.3,792.2321809139523,85.93218091395238,85.93218091395238,7384.339716628241,True,True,OK
RO1_PRICE,VECM,VECM_A,Cement In Bulk (Ordinary Portland Cement),2024-08-01,2025-08-01,12,101.5,106.28437424000384,4.784374240003842,4.784374240003842,22.890236868412345,True,True,OK
RO1_PRICE,VECM,VECM_A,Concreting Sand,2024-08-01,2025-08-01,12,26.7,26.991728606837157,0.2917286068371574,0.2917286068371574,0.08510558004714876,True,True,OK
RO1_PRICE,VECM,VECM_A,Granite (20mm Aggregate),2024-08-01,2025-08-01,12,21.7,21.27780005815132,-0.42219994184867815,0.42219994184867815,0.17825279089702722,True,True,OK
RO1_PRICE,VECM,VECM_A,Ready Mixed Concrete,2024-08-01,2025-08-01,12,120.4,116.57041669080107,-3.829583309198938,3.829583309198938,14.665708322095089,True,True,OK
RO1_PRICE,VECM,VECM_A,Steel Reinforcement Bars (16-32mm High Tensile),2024-08-01,2025-08-01,12,681.5,831.1670810781725,149.6670810781725,149.6670810781725,22400.23515846026,True,True,OK
RO1_PRICE,VECM,VECM_A,Cement In Bulk (Ordinary Portland Cement),2024-09-01,2024-10-01,1,107.4,107.59463829475985,0.19463829475984085,0.19463829475984085,0.03788406578701869,True,True,OK
RO1_PRICE,VECM,VECM_A,Concreting Sand,2024-09-01,2024-10-01,1,27.7,27.800909076485944,0.10090907648594438,0.10090907648594438,0.010182641717246173,True,True,OK
RO1_PRICE,VECM,VECM_A,Granite (20mm Aggregate),2024-09-01,2024-10-01,1,22.4,22.517549406441653,0.11754940644165401,0.11754940644165401,0.01381786295478517,True,True,OK
RO1_PRICE,VECM,VECM_A,Ready Mixed Concrete,2024-09-01,2024-10-01,1,120.3,120.80548247503927,0.5054824750392726,0.5054824750392726,0.2555125325718288,True,True,OK
RO1_PRICE,VECM,VECM_A,Steel Reinforcement Bars (16-32mm High Tensile),2024-09-01,2024-10-01,1,753.6,767.8869735994631,14.286973599463067,14.286973599463067,204.11761463175466,True,True,OK
RO1_PRICE,VECM,VECM_A,Cement In Bulk (Ordinary Portland Cement),2024-09-01,2024-12-01,3,105.8,107.07296040146383,1.272960401463834,1.272960401463834,1.6204281836949654,True,True,OK
RO1_PRICE,VECM,VECM_A,Concreting Sand,2024-09-01,2024-12-01,3,27.7,27.758160903550163,0.05816090355016357,0.05816090355016357,0.003382690701771429,True,True,OK
RO1_PRICE,VECM,VECM_A,Granite (20mm Aggregate),2024-09-01,2024-12-01,3,22.6,22.0165817338083,-0.5834182661916998,0.5834182661916998,0.3403768733261291,True,True,OK
RO1_PRICE,VECM,VECM_A,Ready Mixed Concrete,2024-09-01,2024-12-01,3,120.5,120.15378358201514,-0.3462164179848628,0.3462164179848628,0.11986580808226922,True,True,OK
RO1_PRICE,VECM,VECM_A,Steel Reinforcement Bars (16-32mm High Tensile),2024-09-01,2024-12-01,3,735.9,772.278808315674,36.378808315674064,36.378808315674064,1323.4176944685564,True,True,OK
RO1_PRICE,VECM,VECM_A,Cement In Bulk (Ordinary Portland Cement),2024-09-01,2025-03-01,6,103.9,106.71118336210372,2.811183362103719,2.811183362103719,7.9027518953687705,True,True,OK
RO1_PRICE,VECM,VECM_A,Concreting Sand,2024-09-01,2025-03-01,6,27.3,27.42244925197337,0.12244925197336798,0.12244925197336798,0.014993819308837362,True,True,OK
RO1_PRICE,VECM,VECM_A,Granite (20mm Aggregate),2024-09-01,2025-03-01,6,22.3,21.505678545877387,-0.7943214541226133,0.7943214541226133,0.630946572479463,True,True,OK
RO1_PRICE,VECM,VECM_A,Ready Mixed Concrete,2024-09-01,2025-03-01,6,119.6,118.95276211260733,-0.647237887392663,0.647237887392663,0.41891688287651746,True,True,OK
RO1_PRICE,VECM,VECM_A,Steel Reinforcement Bars (16-32mm High Tensile),2024-09-01,2025-03-01,6,701.3,792.7544910852735,91.4544910852735,91.4544910852735,8363.92393966637,True,True,OK
RO1_PRICE,VECM,VECM_A,Cement In Bulk (Ordinary Portland Cement),2024-09-01,2025-09-01,12,102.2,106.59064070294073,4.390640702940729,4.390640702940729,19.27772578231986,True,True,OK
RO1_PRICE,VECM,VECM_A,Concreting Sand,2024-09-01,2025-09-01,12,26.4,26.603251831250766,0.20325183125076762,0.20325183125076762,0.04131130690679052,True,True,OK
RO1_PRICE,VECM,VECM_A,Granite (20mm Aggregate),2024-09-01,2025-09-01,12,21.7,21.16546737857204,-0.5345326214279602,0.5345326214279602,0.28572512337064704,True,True,OK
RO1_PRICE,VECM,VECM_A,Ready Mixed Concrete,2024-09-01,2025-09-01,12,120.7,117.06970341883483,-3.630296581165169,3.630296581165169,13.179053267219514,True,True,OK
RO1_PRICE,VECM,VECM_A,Steel Reinforcement Bars (16-32mm High Tensile),2024-09-01,2025-09-01,12,684.2,830.6227072481706,146.42270724817058,146.42270724817058,21439.609197883467,True,True,OK
RO1_PRICE,VECM,VECM_A,Cement In Bulk (Ordinary Portland Cement),2024-10-01,2024-11-01,1,106.4,106.93602421077895,0.5360242107789475,0.5360242107789475,0.2873219545411935,True,True,OK
RO1_PRICE,VECM,VECM_A,Concreting Sand,2024-10-01,2024-11-01,1,27.7,27.589737413109447,-0.11026258689055268,0.11026258689055268,0.01215783806779668,True,True,OK
RO1_PRICE,VECM,VECM_A,Granite (20mm Aggregate),2024-10-01,2024-11-01,1,22.4,22.02799258739853,-0.3720074126014694,0.3720074126014694,0.1383895150304399,True,True,OK
RO1_PRICE,VECM,VECM_A,Ready Mixed Concrete,2024-10-01,2024-11-01,1,120.3,119.64897094962808,-0.6510290503719176,0.6510290503719176,0.42383882442816084,True,True,OK
RO1_PRICE,VECM,VECM_A,Steel Reinforcement Bars (16-32mm High Tensile),2024-10-01,2024-11-01,1,751.1,744.5931865888638,-6.50681341113625,6.50681341113625,42.338620767342555,True,True,OK
RO1_PRICE,VECM,VECM_A,Cement In Bulk (Ordinary Portland Cement),2024-10-01,2025-01-01,3,104.4,106.2522825437155,1.8522825437154893,1.8522825437154893,3.4309506217531234,True,True,OK
RO1_PRICE,VECM,VECM_A,Concreting Sand,2024-10-01,2025-01-01,3,27.4,27.338535447888084,-0.06146455211191437,0.06146455211191437,0.0037778911663182376,True,True,OK
RO1_PRICE,VECM,VECM_A,Granite (20mm Aggregate),2024-10-01,2025-01-01,3,22.6,21.51374478900889,-1.086255210991112,1.086255210991112,1.1799503834053455,True,True,OK
RO1_PRICE,VECM,VECM_A,Ready Mixed Concrete,2024-10-01,2025-01-01,3,119.9,118.5237160072131,-1.3762839927869095,1.3762839927869095,1.8941576288014779,True,True,OK
RO1_PRICE,VECM,VECM_A,Steel Reinforcement Bars (16-32mm High Tensile),2024-10-01,2025-01-01,3,724.1,745.3452508946025,21.245250894602464,21.245250894602464,451.3606855746068,True,True,OK
RO1_PRICE,VECM,VECM_A,Cement In Bulk (Ordinary Portland Cement),2024-10-01,2025-04-01,6,103.6,105.6356917911039,2.0356917911039005,2.0356917911039005,4.144041068367806,True,True,OK
RO1_PRICE,VECM,VECM_A,Concreting Sand,2024-10-01,2025-04-01,6,26.8,26.888546358301838,0.0885463583018371,0.0885463583018371,0.007840457568517317,True,True,OK
RO1_PRICE,VECM,VECM_A,Granite (20mm Aggregate),2024-10-01,2025-04-01,6,22.2,21.12709441286848,-1.072905587131519,1.072905587131519,1.1511263988980294,True,True,OK
RO1_PRICE,VECM,VECM_A,Ready Mixed Concrete,2024-10-01,2025-04-01,6,119.9,117.13534051124665,-2.7646594887533524,2.7646594887533524,7.643342088753948,True,True,OK
RO1_PRICE,VECM,VECM_A,Steel Reinforcement Bars (16-32mm High Tensile),2024-10-01,2025-04-01,6,701.0,767.8865952812295,66.88659528122946,66.88659528122946,4473.816628314988,True,True,OK
RO1_PRICE,VECM,VECM_A,Cement In Bulk (Ordinary Portland Cement),2024-10-01,2025-10-01,12,104.0,105.25923841736608,1.2592384173660776,1.2592384173660776,1.5856813917706238,True,True,OK
RO1_PRICE,VECM,VECM_A,Concreting Sand,2024-10-01,2025-10-01,12,26.7,26.087840341835005,-0.6121596581649946,0.6121596581649946,0.3747394470846831,True,True,OK
RO1_PRICE,VECM,VECM_A,Granite (20mm Aggregate),2024-10-01,2025-10-01,12,21.9,20.88658423930938,-1.01341576069062,1.01341576069062,1.027011504016148,True,True,OK
RO1_PRICE,VECM,VECM_A,Ready Mixed Concrete,2024-10-01,2025-10-01,12,120.6,115.29079447990041,-5.309205520099582,5.309205520099582,28.187663254655867,True,True,OK
RO1_PRICE,VECM,VECM_A,Steel Reinforcement Bars (16-32mm High Tensile),2024-10-01,2025-10-01,12,678.0,812.4664631048529,134.4664631048529,134.4664631048529,18081.229699928765,True,True,OK
RO1_PRICE,VECM,VECM_A,Cement In Bulk (Ordinary Portland Cement),2024-11-01,2024-12-01,1,105.8,105.87450099311476,0.07450099311476777,0.07450099311476777,0.005550397975086674,True,True,OK
RO1_PRICE,VECM,VECM_A,Concreting Sand,2024-11-01,2024-12-01,1,27.7,27.49152528321946,-0.20847471678053964,0.20847471678053964,0.043461707536726214,True,True,OK
RO1_PRICE,VECM,VECM_A,Granite (20mm Aggregate),2024-11-01,2024-12-01,1,22.6,21.856516995880696,-0.7434830041193052,0.7434830041193052,0.5527669774142668,True,True,OK
RO1_PRICE,VECM,VECM_A,Ready Mixed Concrete,2024-11-01,2024-12-01,1,120.5,119.37660878750881,-1.1233912124911853,1.1233912124911853,1.2620078163024155,True,True,OK
RO1_PRICE,VECM,VECM_A,Steel Reinforcement Bars (16-32mm High Tensile),2024-11-01,2024-12-01,1,735.9,750.8876422245246,14.98764222452462,14.98764222452462,224.6294194503533,True,True,OK
RO1_PRICE,VECM,VECM_A,Cement In Bulk (Ordinary Portland Cement),2024-11-01,2025-02-01,3,104.2,105.39305071224543,1.193050712245423,1.193050712245423,1.4233700019893112,True,True,OK
RO1_PRICE,VECM,VECM_A,Concreting Sand,2024-11-01,2025-02-01,3,27.6,27.142818534293923,-0.4571814657060784,0.4571814657060784,0.20901489258515815,True,True,OK
RO1_PRICE,VECM,VECM_A,Granite (20mm Aggregate),2024-11-01,2025-02-01,3,22.2,21.274515105083438,-0.9254848949165613,0.9254848949165613,0.8565222907187184,True,True,OK
RO1_PRICE,VECM,VECM_A,Ready Mixed Concrete,2024-11-01,2025-02-01,3,119.2,118.04936318972773,-1.1506368102722746,1.1506368102722746,1.3239650691535545,True,True,OK
RO1_PRICE,VECM,VECM_A,Steel Reinforcement Bars (16-32mm High Tensile),2024-11-01,2025-02-01,3,706.3,758.6508029734625,52.35080297346258,52.35080297346258,2740.6065719662984,True,True,OK
RO1_PRICE,VECM,VECM_A,Cement In Bulk (Ordinary Portland Cement),2024-11-01,2025-05-01,6,103.3,105.08429425181092,1.7842942518109197,1.7842942518109197,3.1837059770454896,True,True,OK
RO1_PRICE,VECM,VECM_A,Concreting Sand,2024-11-01,2025-05-01,6,27.1,26.522471151983495,-0.577528848016506,0.577528848016506,0.3335395702912724,True,True,OK
RO1_PRICE,VECM,VECM_A,Granite (20mm Aggregate),2024-11-01,2025-05-01,6,22.0,20.87037474605946,-1.1296252539405387,1.1296252539405387,1.2760532143402266,True,True,OK
RO1_PRICE,VECM,VECM_A,Ready Mixed Concrete,2024-11-01,2025-05-01,6,120.0,116.42015235006193,-3.579847649938074,3.579847649938074,12.815309196767151,True,True,OK
RO1_PRICE,VECM,VECM_A,Steel Reinforcement Bars (16-32mm High Tensile),2024-11-01,2025-05-01,6,696.6,781.644493695668,85.04449369566794,85.04449369566794,7232.565907952504,True,True,OK
RO1_PRICE,VECM,VECM_A,Cement In Bulk (Ordinary Portland Cement),2024-11-01,2025-11-01,12,110.0,104.94858124559661,-5.051418754403386,5.051418754403386,25.516831432338254,True,True,OK
RO1_PRICE,VECM,VECM_A,Concreting Sand,2024-11-01,2025-11-01,12,27.0,25.643282340688344,-1.3567176593116557,1.3567176593116557,1.8406828070880978,True,True,OK
RO1_PRICE,VECM,VECM_A,Granite (20mm Aggregate),2024-11-01,2025-11-01,12,22.3,20.74189123512722,-1.558108764872781,1.558108764872781,2.427702923173383,True,True,OK
RO1_PRICE,VECM,VECM_A,Ready Mixed Concrete,2024-11-01,2025-11-01,12,124.9,114.6053702676983,-10.2946297323017,10.2946297323017,105.97940132519018,True,True,OK
RO1_PRICE,VECM,VECM_A,Steel Reinforcement Bars (16-32mm High Tensile),2024-11-01,2025-11-01,12,666.2,817.9409072156036,151.74090721560356,151.74090721560356,23025.302922614406,True,True,OK
RO1_PRICE,VECM,VECM_A,Cement In Bulk (Ordinary Portland Cement),2024-12-01,2025-01-01,1,104.4,105.34883300669469,0.9488330066946844,0.9488330066946844,0.900284074593275,True,True,OK
RO1_PRICE,VECM,VECM_A,Concreting Sand,2024-12-01,2025-01-01,1,27.4,27.334639542385958,-0.06536045761404097,0.06536045761404097,0.004271989419516846,True,True,OK
RO1_PRICE,VECM,VECM_A,Granite (20mm Aggregate),2024-12-01,2025-01-01,1,22.6,21.852293408407654,-0.7477065915923475,0.7477065915923475,0.5590651471106456,True,True,OK
RO1_PRICE,VECM,VECM_A,Ready Mixed Concrete,2024-12-01,2025-01-01,1,119.9,119.22016269396171,-0.6798373060382943,0.6798373060382943,0.4621787626814054,True,True,OK
RO1_PRICE,VECM,VECM_A,Steel Reinforcement Bars (16-32mm High Tensile),2024-12-01,2025-01-01,1,724.1,729.496276762954,5.396276762954017,5.396276762954017,29.11980290239748,True,True,OK
RO1_PRICE,VECM,VECM_A,Cement In Bulk (Ordinary Portland Cement),2024-12-01,2025-03-01,3,103.9,104.79329171094676,0.8932917109467553,0.8932917109467553,0.7979700808461814,True,True,OK
RO1_PRICE,VECM,VECM_A,Concreting Sand,2024-12-01,2025-03-01,3,27.3,26.873991131268717,-0.42600886873128374,0.42600886873128374,0.18148355623770815,True,True,OK
RO1_PRICE,VECM,VECM_A,Granite (20mm Aggregate),2024-12-01,2025-03-01,3,22.3,21.10292376810895,-1.1970762318910495,1.1970762318910495,1.4329915049584738,True,True,OK
RO1_PRICE,VECM,VECM_A,Ready Mixed Concrete,2024-12-01,2025-03-01,3,119.6,117.55999639014381,-2.0400036098561856,2.0400036098561856,4.161614728226268,True,True,OK
RO1_PRICE,VECM,VECM_A,Steel Reinforcement Bars (16-32mm High Tensile),2024-12-01,2025-03-01,3,701.3,733.1038515778904,31.80385157789044,31.80385157789044,1011.4849751884843,True,True,OK
RO1_PRICE,VECM,VECM_A,Cement In Bulk (Ordinary Portland Cement),2024-12-01,2025-06-01,6,102.8,104.33599712191932,1.5359971219193227,1.5359971219193227,2.3592871585444426,True,True,OK
RO1_PRICE,VECM,VECM_A,Concreting Sand,2024-12-01,2025-06-01,6,26.7,26.191326045962157,-0.5086739540378424,0.5086739540378424,0.25874919151649306,True,True,OK
RO1_PRICE,VECM,VECM_A,Granite (20mm Aggregate),2024-12-01,2025-06-01,6,22.0,20.68022725101516,-1.319772748984839,1.319772748984839,1.7418001089629989,True,True,OK
RO1_PRICE,VECM,VECM_A,Ready Mixed Concrete,2024-12-01,2025-06-01,6,120.4,115.75053768029544,-4.649462319704568,4.649462319704568,21.617499862352584,True,True,OK
RO1_PRICE,VECM,VECM_A,Steel Reinforcement Bars (16-32mm High Tensile),2024-12-01,2025-06-01,6,688.6,757.6435443115583,69.04354431155832,69.04354431155832,4767.011011102118,True,True,OK
RO1_PRICE,VECM,VECM_A,Cement In Bulk (Ordinary Portland Cement),2024-12-01,2025-12-01,12,115.9,104.07174851820614,-11.82825148179387,11.82825148179387,139.90753311655888,True,True,OK
RO1_PRICE,VECM,VECM_A,Concreting Sand,2024-12-01,2025-12-01,12,26.8,25.219996803518704,-1.5800031964812966,1.5800031964812966,2.4964101008911146,True,True,OK
RO1_PRICE,VECM,VECM_A,Granite (20mm Aggregate),2024-12-01,2025-12-01,12,22.8,20.524751240513012,-2.2752487594869883,2.2752487594869883,5.176756917547079,True,True,OK
RO1_PRICE,VECM,VECM_A,Ready Mixed Concrete,2024-12-01,2025-12-01,12,129.5,113.70049744209975,-15.799502557900254,15.799502557900254,249.62428107709667,True,True,OK
RO1_PRICE,VECM,VECM_A,Steel Reinforcement Bars (16-32mm High Tensile),2024-12-01,2025-12-01,12,660.3,800.9080398717642,140.60803987176428,140.60803987176428,19770.62087657965,True,True,OK
RO1_PRICE,VECM,VECM_A,Cement In Bulk (Ordinary Portland Cement),2025-01-01,2025-02-01,1,104.2,103.68075098978379,-0.519249010216214,0.519249010216214,0.26961953461051785,True,True,OK
RO1_PRICE,VECM,VECM_A,Concreting Sand,2025-01-01,2025-02-01,1,27.6,26.689438780009766,-0.9105612199902353,0.9105612199902353,0.8291217353501057,True,True,OK
RO1_PRICE,VECM,VECM_A,Granite (20mm Aggregate),2025-01-01,2025-02-01,1,22.2,21.250397370848837,-0.9496026291511619,0.9496026291511619,0.9017451532907991,True,True,OK
RO1_PRICE,VECM,VECM_A,Ready Mixed Concrete,2025-01-01,2025-02-01,1,119.2,117.52105388837361,-1.678946111626388,1.678946111626388,2.8188600457453674,True,True,OK
RO1_PRICE,VECM,VECM_A,Steel Reinforcement Bars (16-32mm High Tensile),2025-01-01,2025-02-01,1,706.3,716.0916441503625,9.791644150362572,9.791644150362572,95.87629516732957,True,True,OK
RO1_PRICE,VECM,VECM_A,Cement In Bulk (Ordinary Portland Cement),2025-01-01,2025-04-01,3,103.6,103.03758110268981,-0.5624188973101809,0.5624188973101809,0.31631501605159984,True,True,OK
RO1_PRICE,VECM,VECM_A,Concreting Sand,2025-01-01,2025-04-01,3,26.8,26.065032803790302,-0.7349671962096984,0.7349671962096984,0.5401767795043453,True,True,OK
RO1_PRICE,VECM,VECM_A,Granite (20mm Aggregate),2025-01-01,2025-04-01,3,22.2,20.471529129777252,-1.728470870222747,1.728470870222747,2.98761154920858,True,True,OK
RO1_PRICE,VECM,VECM_A,Ready Mixed Concrete,2025-01-01,2025-04-01,3,119.9,115.42918673990147,-4.470813260098538,4.470813260098538,19.988171206672916,True,True,OK
RO1_PRICE,VECM,VECM_A,Steel Reinforcement Bars (16-32mm High Tensile),2025-01-01,2025-04-01,3,701.0,715.6946352990454,14.694635299045444,14.694635299045444,215.93230657195238,True,True,OK
RO1_PRICE,VECM,VECM_A,Cement In Bulk (Ordinary Portland Cement),2025-01-01,2025-07-01,6,101.1,102.53872764939405,1.4387276493940533,1.4387276493940533,2.069937249130938,True,True,OK
RO1_PRICE,VECM,VECM_A,Concreting Sand,2025-01-01,2025-07-01,6,26.7,25.155334158835977,-1.5446658411640222,1.5446658411640222,2.385992560858956,True,True,OK
RO1_PRICE,VECM,VECM_A,Granite (20mm Aggregate),2025-01-01,2025-07-01,6,21.7,20.069160980078323,-1.6308390199216767,1.6308390199216767,2.659635908899095,True,True,OK
RO1_PRICE,VECM,VECM_A,Ready Mixed Concrete,2025-01-01,2025-07-01,6,119.8,113.20161512782778,-6.598384872172218,6.598384872172218,43.53868292131118,True,True,OK
RO1_PRICE,VECM,VECM_A,Steel Reinforcement Bars (16-32mm High Tensile),2025-01-01,2025-07-01,6,689.3,738.3528490557798,49.0528490557798,49.0528490557798,2406.1820004891174,True,True,OK
RO1_PRICE,VECM,VECM_A,Cement In Bulk (Ordinary Portland Cement),2025-01-01,2026-01-01,12,118.6,102.18054477851064,-16.419455221489358,16.419455221489358,269.5985097704941,True,True,OK
RO1_PRICE,VECM,VECM_A,Concreting Sand,2025-01-01,2026-01-01,12,26.7,24.107448848440576,-2.592551151559423,2.592551151559423,6.7213214734520905,True,True,OK
RO1_PRICE,VECM,VECM_A,Granite (20mm Aggregate),2025-01-01,2026-01-01,12,22.7,20.0359071978732,-2.664092802126799,2.664092802126799,7.097390458343819,True,True,OK
RO1_PRICE,VECM,VECM_A,Ready Mixed Concrete,2025-01-01,2026-01-01,12,128.6,111.08522777253609,-17.514772227463908,17.514772227463908,306.767246179941,True,True,OK
RO1_PRICE,VECM,VECM_A,Steel Reinforcement Bars (16-32mm High Tensile),2025-01-01,2026-01-01,12,648.0,781.2689650668983,133.26896506689832,133.26896506689832,17760.617050002165,True,True,OK
RO1_PRICE,VECM,VECM_A,Cement In Bulk (Ordinary Portland Cement),2025-02-01,2025-03-01,1,103.9,103.95340291506082,0.05340291506081485,0.05340291506081485,0.0028518713369926054,True,True,OK
RO1_PRICE,VECM,VECM_A,Concreting Sand,2025-02-01,2025-03-01,1,27.3,27.464869439233425,0.16486943923342423,0.16486943923342423,0.027181931993143765,True,True,OK
RO1_PRICE,VECM,VECM_A,Granite (20mm Aggregate),2025-02-01,2025-03-01,1,22.3,21.777244271772354,-0.5227557282276472,0.5227557282276472,0.2732735513948177,True,True,OK
RO1_PRICE,VECM,VECM_A,Ready Mixed Concrete,2025-02-01,2025-03-01,1,119.6,118.42498233633783,-1.1750176636621603,1.1750176636621603,1.3806665099180817,True,True,OK
RO1_PRICE,VECM,VECM_A,Steel Reinforcement Bars (16-32mm High Tensile),2025-02-01,2025-03-01,1,701.3,699.6296672825109,-1.670332717489032,1.670332717489032,2.790011387114294,True,True,OK
RO1_PRICE,VECM,VECM_A,Cement In Bulk (Ordinary Portland Cement),2025-02-01,2025-05-01,3,103.3,103.44992392996615,0.14992392996614967,0.14992392996614967,0.022477184776494952,True,True,OK
RO1_PRICE,VECM,VECM_A,Concreting Sand,2025-02-01,2025-05-01,3,27.1,26.96363436084912,-0.13636563915088118,0.13636563915088118,0.018595587541028337,True,True,OK
RO1_PRICE,VECM,VECM_A,Granite (20mm Aggregate),2025-02-01,2025-05-01,3,22.0,21.032812706340856,-0.9671872936591441,0.9671872936591441,0.9354512610156995,True,True,OK
RO1_PRICE,VECM,VECM_A,Ready Mixed Concrete,2025-02-01,2025-05-01,3,120.0,116.69844321774566,-3.3015567822543375,3.3015567822543375,10.900277186449614,True,True,OK
RO1_PRICE,VECM,VECM_A,Steel Reinforcement Bars (16-32mm High Tensile),2025-02-01,2025-05-01,3,696.6,707.5707038343189,10.970703834318897,10.970703834318897,120.35634262033935,True,True,OK
RO1_PRICE,VECM,VECM_A,Cement In Bulk (Ordinary Portland Cement),2025-02-01,2025-08-01,6,101.5,102.98020223512219,1.4802022351221922,1.4802022351221922,2.1909986568607334,True,True,OK
RO1_PRICE,VECM,VECM_A,Concreting Sand,2025-02-01,2025-08-01,6,26.7,26.15787958391872,-0.5421204160812785,0.5421204160812785,0.2938945455321385,True,True,OK
RO1_PRICE,VECM,VECM_A,Granite (20mm Aggregate),2025-02-01,2025-08-01,6,21.7,20.478803251905546,-1.221196748094453,1.221196748094453,1.4913214975564668,True,True,OK
RO1_PRICE,VECM,VECM_A,Ready Mixed Concrete,2025-02-01,2025-08-01,6,120.4,114.54937147645249,-5.850628523547513,5.850628523547513,34.229854120547756,True,True,OK
RO1_PRICE,VECM,VECM_A,Steel Reinforcement Bars (16-32mm High Tensile),2025-02-01,2025-08-01,6,681.5,739.2933345164483,57.79333451644834,57.79333451644834,3340.0695145300992,True,True,OK
RO1_PRICE,VECM,VECM_A,Cement In Bulk (Ordinary Portland Cement),2025-02-01,2026-02-01,12,119.2,102.7493037591072,-16.450696240892796,16.450696240892796,270.6254068101244,True,True,OK
RO1_PRICE,VECM,VECM_A,Concreting Sand,2025-02-01,2026-02-01,12,26.4,24.980551992981695,-1.4194480070183033,1.4194480070183033,2.014832644628233,True,True,OK
RO1_PRICE,VECM,VECM_A,Granite (20mm Aggregate),2025-02-01,2026-02-01,12,22.6,20.26890803920036,-2.3310919607996397,2.3310919607996397,5.433989729704709,True,True,OK
RO1_PRICE,VECM,VECM_A,Ready Mixed Concrete,2025-02-01,2026-02-01,12,130.0,112.0762777401046,-17.9237222598954,17.9237222598954,321.2598196498698,True,True,OK
RO1_PRICE,VECM,VECM_A,Steel Reinforcement Bars (16-32mm High Tensile),2025-02-01,2026-02-01,12,637.1,790.9236921159275,153.82369211592743,153.82369211592743,23661.728256175633,True,True,OK
RO1_PRICE,VECM,VECM_A,Cement In Bulk (Ordinary Portland Cement),2025-03-01,2025-04-01,1,103.6,103.56794270413003,-0.03205729586996142,0.03205729586996142,0.0010276702184942455,True,True,OK
RO1_PRICE,VECM,VECM_A,Concreting Sand,2025-03-01,2025-04-01,1,26.8,26.882731112347784,0.08273111234778341,0.08273111234778341,0.00684443695030156,True,True,OK
RO1_PRICE,VECM,VECM_A,Granite (20mm Aggregate),2025-03-01,2025-04-01,1,22.2,21.552622701245518,-0.6473772987544812,0.6473772987544812,0.4190973669426489,True,True,OK
RO1_PRICE,VECM,VECM_A,Ready Mixed Concrete,2025-03-01,2025-04-01,1,119.9,118.3551130821117,-1.5448869178883058,1.5448869178883058,2.386675589062429,True,True,OK
RO1_PRICE,VECM,VECM_A,Steel Reinforcement Bars (16-32mm High Tensile),2025-03-01,2025-04-01,1,701.0,704.7041058022718,3.7041058022717834,3.7041058022717834,13.720399794423493,True,True,OK
RO1_PRICE,VECM,VECM_A,Cement In Bulk (Ordinary Portland Cement),2025-03-01,2025-06-01,3,102.8,103.21948762127707,0.41948762127707084,0.41948762127707084,0.17596986440469523,True,True,OK
RO1_PRICE,VECM,VECM_A,Concreting Sand,2025-03-01,2025-06-01,3,26.7,26.332289661675325,-0.3677103383246738,0.3677103383246738,0.1352108929108461,True,True,OK
RO1_PRICE,VECM,VECM_A,Granite (20mm Aggregate),2025-03-01,2025-06-01,3,22.0,20.77104594923142,-1.2289540507685786,1.2289540507685786,1.510328058900498,True,True,OK
RO1_PRICE,VECM,VECM_A,Ready Mixed Concrete,2025-03-01,2025-06-01,3,120.4,116.58034166640688,-3.819658333593125,3.819658333593125,14.58978978538741,True,True,OK
RO1_PRICE,VECM,VECM_A,Steel Reinforcement Bars (16-32mm High Tensile),2025-03-01,2025-06-01,3,688.6,720.4748021953767,31.874802195376674,31.874802195376674,1016.0030149943897,True,True,OK
RO1_PRICE,VECM,VECM_A,Cement In Bulk (Ordinary Portland Cement),2025-03-01,2025-09-01,6,102.2,103.02484224661352,0.8248422466135139,0.8248422466135139,0.6803647317984289,True,True,OK
RO1_PRICE,VECM,VECM_A,Concreting Sand,2025-03-01,2025-09-01,6,26.4,25.50449113244224,-0.8955088675577585,0.8955088675577585,0.801936131874579,True,True,OK
RO1_PRICE,VECM,VECM_A,Granite (20mm Aggregate),2025-03-01,2025-09-01,6,21.7,20.31855969714035,-1.381440302859648,1.381440302859648,1.9083773103649562,True,True,OK
RO1_PRICE,VECM,VECM_A,Ready Mixed Concrete,2025-03-01,2025-09-01,6,120.7,114.5609554765263,-6.1390445234737,6.1390445234737,37.68786766119243,True,True,OK
RO1_PRICE,VECM,VECM_A,Steel Reinforcement Bars (16-32mm High Tensile),2025-03-01,2025-09-01,6,684.2,751.358585275202,67.15858527520197,67.15858527520197,4510.275576166575,True,True,OK
RO1_PRICE,VECM,VECM_A,Cement In Bulk (Ordinary Portland Cement),2025-03-01,2026-03-01,12,121.9,103.01319883388692,-18.886801166113088,18.886801166113088,356.7112582882907,True,True,OK
RO1_PRICE,VECM,VECM_A,Concreting Sand,2025-03-01,2026-03-01,12,27.8,24.410292441393324,-3.389707558606677,3.389707558606677,11.490117332875238,True,True,OK
RO1_PRICE,VECM,VECM_A,Granite (20mm Aggregate),2025-03-01,2026-03-01,12,23.8,20.224734200632632,-3.5752657993673687,3.5752657993673687,12.78252553612599,True,True,OK
RO1_PRICE,VECM,VECM_A,Ready Mixed Concrete,2025-03-01,2026-03-01,12,143.0,112.42059102355668,-30.579408976443318,30.579408976443318,935.1002533485822,True,True,OK
RO1_PRICE,VECM,VECM_A,Steel Reinforcement Bars (16-32mm High Tensile),2025-03-01,2026-03-01,12,663.1,792.0232576492792,128.9232576492792,128.9232576492792,16621.20636290243,True,True,OK
RO1_PRICE,VECM,VECM_A,Cement In Bulk (Ordinary Portland Cement),2025-04-01,2025-05-01,1,103.3,103.31260096871785,0.012600968717848104,0.012600968717848104,0.0001587844126281865,True,True,OK
RO1_PRICE,VECM,VECM_A,Concreting Sand,2025-04-01,2025-05-01,1,27.1,26.368280368981097,-0.7317196310189047,0.7317196310189047,0.535413618418442,True,True,OK
RO1_PRICE,VECM,VECM_A,Granite (20mm Aggregate),2025-04-01,2025-05-01,1,22.0,21.413483478795037,-0.5865165212049632,0.5865165212049632,0.3440016296463721,True,True,OK
RO1_PRICE,VECM,VECM_A,Ready Mixed Concrete,2025-04-01,2025-05-01,1,120.0,118.65839542336435,-1.3416045766356461,1.3416045766356461,1.7999028400497112,True,True,OK
RO1_PRICE,VECM,VECM_A,Steel Reinforcement Bars (16-32mm High Tensile),2025-04-01,2025-05-01,1,696.6,707.2537189938008,10.653718993800794,10.653718993800794,113.5017283988718,True,True,OK
RO1_PRICE,VECM,VECM_A,Cement In Bulk (Ordinary Portland Cement),2025-04-01,2025-07-01,3,101.1,103.1169164725845,2.016916472584512,2.016916472584512,4.067952057382751,True,True,OK
RO1_PRICE,VECM,VECM_A,Concreting Sand,2025-04-01,2025-07-01,3,26.7,25.821435727437645,-0.8785642725623539,0.8785642725623539,0.7718751810230181,True,True,OK
RO1_PRICE,VECM,VECM_A,Granite (20mm Aggregate),2025-04-01,2025-07-01,3,21.7,20.668358990988068,-1.0316410090119312,1.0316410090119312,1.0642831714751555,True,True,OK
RO1_PRICE,VECM,VECM_A,Ready Mixed Concrete,2025-04-01,2025-07-01,3,119.8,116.95974474482156,-2.840255255178434,2.840255255178434,8.067049914568711,True,True,OK
RO1_PRICE,VECM,VECM_A,Steel Reinforcement Bars (16-32mm High Tensile),2025-04-01,2025-07-01,3,689.3,724.4580233533914,35.1580233533914,35.1580233533914,1236.086606117615,True,True,OK
RO1_PRICE,VECM,VECM_A,Cement In Bulk (Ordinary Portland Cement),2025-04-01,2025-10-01,6,104.0,103.10259179391358,-0.8974082060864248,0.8974082060864248,0.8053414883512551,True,True,OK
RO1_PRICE,VECM,VECM_A,Concreting Sand,2025-04-01,2025-10-01,6,26.7,24.956839653331457,-1.7431603466685424,1.7431603466685424,3.038607994197593,True,True,OK
RO1_PRICE,VECM,VECM_A,Granite (20mm Aggregate),2025-04-01,2025-10-01,6,21.9,20.212558979122107,-1.6874410208778912,1.6874410208778912,2.8474571989414197,True,True,OK
RO1_PRICE,VECM,VECM_A,Ready Mixed Concrete,2025-04-01,2025-10-01,6,120.6,114.93653575936312,-5.66346424063687,5.66346424063687,32.07482720497256,True,True,OK
RO1_PRICE,VECM,VECM_A,Steel Reinforcement Bars (16-32mm High Tensile),2025-04-01,2025-10-01,6,678.0,753.0201523482867,75.02015234828673,75.02015234828673,5628.023258360151,True,True,OK
RO1_PRICE,VECM,VECM_A,Cement In Bulk (Ordinary Portland Cement),2025-04-01,2026-04-01,12,124.7,103.22502489178618,-21.474975108213826,21.474975108213826,461.1745558984034,True,True,OK
RO1_PRICE,VECM,VECM_A,Concreting Sand,2025-04-01,2026-04-01,12,29.0,23.881574371755285,-5.118425628244715,5.118425628244715,26.198280911872306,True,True,OK
RO1_PRICE,VECM,VECM_A,Granite (20mm Aggregate),2025-04-01,2026-04-01,12,25.0,20.16955023372028,-4.83044976627972,4.83044976627972,23.333244944551804,True,True,OK
RO1_PRICE,VECM,VECM_A,Ready Mixed Concrete,2025-04-01,2026-04-01,12,145.6,112.92677184616767,-32.673228153832326,32.673228153832326,1067.5398379923813,True,True,OK
RO1_PRICE,VECM,VECM_A,Steel Reinforcement Bars (16-32mm High Tensile),2025-04-01,2026-04-01,12,701.9,786.8284101245911,84.9284101245911,84.9284101245911,7212.834846290747,True,True,OK
RO1_PRICE,VECM,VECM_A,Cement In Bulk (Ordinary Portland Cement),2025-05-01,2025-06-01,1,102.8,103.12824212914552,0.3282421291455222,0.3282421291455222,0.10774289534598568,True,True,OK
RO1_PRICE,VECM,VECM_A,Concreting Sand,2025-05-01,2025-06-01,1,26.7,27.111318526011843,0.4113185260118435,0.4113185260118435,0.16918292984055558,True,True,OK
RO1_PRICE,VECM,VECM_A,Granite (20mm Aggregate),2025-05-01,2025-06-01,1,22.0,21.843600845244232,-0.1563991547557677,0.1563991547557677,0.024460695608318577,True,True,OK
RO1_PRICE,VECM,VECM_A,Ready Mixed Concrete,2025-05-01,2025-06-01,1,120.4,119.70652148696036,-0.6934785130396506,0.6934785130396506,0.4809124480476848,True,True,OK
RO1_PRICE,VECM,VECM_A,Steel Reinforcement Bars (16-32mm High Tensile),2025-05-01,2025-06-01,1,688.6,698.5275345701209,9.927534570120883,9.927534570120883,98.55594264094523,True,True,OK
RO1_PRICE,VECM,VECM_A,Cement In Bulk (Ordinary Portland Cement),2025-05-01,2025-08-01,3,101.5,102.94905905673363,1.4490590567336312,1.4490590567336312,2.099772149901761,True,True,OK
RO1_PRICE,VECM,VECM_A,Concreting Sand,2025-05-01,2025-08-01,3,26.7,26.501438056376273,-0.19856194362372648,0.19856194362372648,0.03942684545563193,True,True,OK
RO1_PRICE,VECM,VECM_A,Granite (20mm Aggregate),2025-05-01,2025-08-01,3,21.7,20.939798850092032,-0.7602011499079673,0.7602011499079673,0.5779057883213957,True,True,OK
RO1_PRICE,VECM,VECM_A,Ready Mixed Concrete,2025-05-01,2025-08-01,3,120.4,117.778851388432,-2.621148611568003,2.621148611568003,6.870420043924871,True,True,OK
RO1_PRICE,VECM,VECM_A,Steel Reinforcement Bars (16-32mm High Tensile),2025-05-01,2025-08-01,3,681.5,713.3882090826156,31.888209082615617,31.888209082615617,1016.8578784966091,True,True,OK
RO1_PRICE,VECM,VECM_A,Cement In Bulk (Ordinary Portland Cement),2025-05-01,2025-11-01,6,110.0,102.9138913081118,-7.0861086918881995,7.0861086918881995,50.21293639325349,True,True,OK
RO1_PRICE,VECM,VECM_A,Concreting Sand,2025-05-01,2025-11-01,6,27.0,25.525458596495504,-1.474541403504496,1.474541403504496,2.1742723506490087,True,True,OK
RO1_PRICE,VECM,VECM_A,Granite (20mm Aggregate),2025-05-01,2025-11-01,6,22.3,20.296502813001126,-2.0034971869988745,2.0034971869988745,4.014000978312403,True,True,OK
RO1_PRICE,VECM,VECM_A,Ready Mixed Concrete,2025-05-01,2025-11-01,6,124.9,115.38325888331116,-9.516741116688848,9.516741116688848,90.56836148207611,True,True,OK
RO1_PRICE,VECM,VECM_A,Steel Reinforcement Bars (16-32mm High Tensile),2025-05-01,2025-11-01,6,666.2,744.5287731406424,78.3287731406424,78.3287731406424,6135.396701718222,True,True,OK
RO1_PRICE,VECM,VECM_A,Cement In Bulk (Ordinary Portland Cement),2025-05-01,2026-05-01,12,125.8,103.04525074301068,-22.754749256989314,22.754749256989314,517.7786137484558,True,True,OK
RO1_PRICE,VECM,VECM_A,Concreting Sand,2025-05-01,2026-05-01,12,28.6,24.21440392908299,-4.3855960709170105,4.3855960709170105,19.23345289724272,True,True,OK
RO1_PRICE,VECM,VECM_A,Granite (20mm Aggregate),2025-05-01,2026-05-01,12,24.5,20.15800861162888,-4.34199138837112,4.34199138837112,18.85288921668897,True,True,OK
RO1_PRICE,VECM,VECM_A,Ready Mixed Concrete,2025-05-01,2026-05-01,12,144.4,112.85562133563079,-31.54437866436922,31.54437866436922,995.047825321112,True,True,OK
RO1_PRICE,VECM,VECM_A,Steel Reinforcement Bars (16-32mm High Tensile),2025-05-01,2026-05-01,12,703.9,785.9061134370256,82.00611343702565,82.00611343702565,6725.002641046319,True,True,OK
RO1_PRICE,VECM,VECM_A,Cement In Bulk (Ordinary Portland Cement),2025-06-01,2025-07-01,1,101.1,102.45132115648394,1.351321156483948,1.351321156483948,1.8260688679611148,True,True,OK
RO1_PRICE,VECM,VECM_A,Concreting Sand,2025-06-01,2025-07-01,1,26.7,26.25133083343512,-0.4486691665648799,0.4486691665648799,0.20130402102602393,True,True,OK
RO1_PRICE,VECM,VECM_A,Granite (20mm Aggregate),2025-06-01,2025-07-01,1,21.7,21.298862118359935,-0.40113788164006436,0.40113788164006436,0.1609116000866783,True,True,OK
RO1_PRICE,VECM,VECM_A,Ready Mixed Concrete,2025-06-01,2025-07-01,1,119.8,119.10629175066214,-0.6937082493378597,0.6937082493378597,0.4812311351993981,True,True,OK
RO1_PRICE,VECM,VECM_A,Steel Reinforcement Bars (16-32mm High Tensile),2025-06-01,2025-07-01,1,689.3,689.1170451080056,-0.18295489199431358,0.18295489199431358,0.033472492504650946,True,True,OK
RO1_PRICE,VECM,VECM_A,Cement In Bulk (Ordinary Portland Cement),2025-06-01,2025-09-01,3,102.2,102.21271869248494,0.012718692484938288,0.012718692484938288,0.00016176513852642568,True,True,OK
RO1_PRICE,VECM,VECM_A,Concreting Sand,2025-06-01,2025-09-01,3,26.4,25.44831843732009,-0.9516815626799087,0.9516815626799087,0.9056977967448729,True,True,OK
RO1_PRICE,VECM,VECM_A,Granite (20mm Aggregate),2025-06-01,2025-09-01,3,21.7,20.346358856558645,-1.3536411434413544,1.3536411434413544,1.8323443452172175,True,True,OK
RO1_PRICE,VECM,VECM_A,Ready Mixed Concrete,2025-06-01,2025-09-01,3,120.7,116.76801840224641,-3.931981597753591,3.931981597753591,15.460479285072882,True,True,OK
RO1_PRICE,VECM,VECM_A,Steel Reinforcement Bars (16-32mm High Tensile),2025-06-01,2025-09-01,3,684.2,700.2718930608451,16.071893060845014,16.071893060845014,258.3057465592381,True,True,OK
RO1_PRICE,VECM,VECM_A,Cement In Bulk (Ordinary Portland Cement),2025-06-01,2025-12-01,6,115.9,102.15141750229006,-13.748582497709947,13.748582497709947,189.02352069633628,True,True,OK
RO1_PRICE,VECM,VECM_A,Concreting Sand,2025-06-01,2025-12-01,6,26.8,24.349150486195306,-2.4508495138046946,2.4508495138046946,6.006663339316708,True,True,OK
RO1_PRICE,VECM,VECM_A,Granite (20mm Aggregate),2025-06-01,2025-12-01,6,22.8,19.834642323580752,-2.9653576764192486,2.9653576764192486,8.793346149098566,True,True,OK
RO1_PRICE,VECM,VECM_A,Ready Mixed Concrete,2025-06-01,2025-12-01,6,129.5,114.25191626754909,-15.248083732450908,15.248083732450908,232.50405751183402,True,True,OK
RO1_PRICE,VECM,VECM_A,Steel Reinforcement Bars (16-32mm High Tensile),2025-06-01,2025-12-01,6,660.3,727.666129345417,67.366129345417,67.366129345417,4538.195382983453,True,True,OK
RO1_PRICE,VECM,VECM_A,Cement In Bulk (Ordinary Portland Cement),2025-06-01,2026-06-01,12,124.15,102.19171924522087,-21.95828075477914,21.95828075477914,482.16609370570393,True,True,OK
RO1_PRICE,VECM,VECM_A,Concreting Sand,2025-06-01,2026-06-01,12,28.6,23.10452091035026,-5.495479089649741,5.495479089649741,30.20029042477755,True,True,OK
RO1_PRICE,VECM,VECM_A,Granite (20mm Aggregate),2025-06-01,2026-06-01,12,24.3,19.84852001935483,-4.451479980645171,4.451479980645171,19.815674018084735,True,True,OK
RO1_PRICE,VECM,VECM_A,Ready Mixed Concrete,2025-06-01,2026-06-01,12,143.3,111.95900757810796,-31.340992421892054,31.340992421892054,982.2578059890951,True,True,OK
RO1_PRICE,VECM,VECM_A,Steel Reinforcement Bars (16-32mm High Tensile),2025-06-01,2026-06-01,12,708.0,764.6844808153803,56.68448081538031,56.68448081538031,3213.1303653092186,True,True,OK
RO1_PRICE,VECM,VECM_A,Cement In Bulk (Ordinary Portland Cement),2025-07-01,2025-08-01,1,101.5,100.51038379729366,-0.989616202706344,0.989616202706344,0.9793402286589237,True,True,OK
RO1_PRICE,VECM,VECM_A,Concreting Sand,2025-07-01,2025-08-01,1,26.7,26.31997098971307,-0.38002901028692904,0.38002901028692904,0.14442204865966282,True,True,OK
RO1_PRICE,VECM,VECM_A,Granite (20mm Aggregate),2025-07-01,2025-08-01,1,21.7,20.986991513291343,-0.7130084867086559,0.7130084867086559,0.5083811021185676,True,True,OK
RO1_PRICE,VECM,VECM_A,Ready Mixed Concrete,2025-07-01,2025-08-01,1,120.4,118.26367233233726,-2.1363276676627407,2.1363276676627407,4.563895903621326,True,True,OK
RO1_PRICE,VECM,VECM_A,Steel Reinforcement Bars (16-32mm High Tensile),2025-07-01,2025-08-01,1,681.5,687.9637238314988,6.463723831498783,6.463723831498783,41.7797257698853,True,True,OK
RO1_PRICE,VECM,VECM_A,Cement In Bulk (Ordinary Portland Cement),2025-07-01,2025-10-01,3,104.0,100.29134882382756,-3.708651176172438,3.708651176172438,13.754093546525208,True,True,OK
RO1_PRICE,VECM,VECM_A,Concreting Sand,2025-07-01,2025-10-01,3,26.7,25.270997064059195,-1.4290029359408045,1.4290029359408045,2.042049390927439,True,True,OK
RO1_PRICE,VECM,VECM_A,Granite (20mm Aggregate),2025-07-01,2025-10-01,3,21.9,19.891411751331447,-2.008588248668552,2.008588248668552,4.034426752689401,True,True,OK
RO1_PRICE,VECM,VECM_A,Ready Mixed Concrete,2025-07-01,2025-10-01,3,120.6,115.26805450174565,-5.331945498254342,5.331945498254342,28.42964279635474,True,True,OK
RO1_PRICE,VECM,VECM_A,Steel Reinforcement Bars (16-32mm High Tensile),2025-07-01,2025-10-01,3,678.0,694.2085283436735,16.208528343673493,16.208528343673493,262.71639106766696,True,True,OK
RO1_PRICE,VECM,VECM_A,Cement In Bulk (Ordinary Portland Cement),2025-07-01,2026-01-01,6,118.6,100.32385372912525,-18.276146270874747,18.276146270874747,334.01752251440894,True,True,OK
RO1_PRICE,VECM,VECM_A,Concreting Sand,2025-07-01,2026-01-01,6,26.7,23.79024742814154,-2.9097525718584585,2.9097525718584585,8.466660029436914,True,True,OK
RO1_PRICE,VECM,VECM_A,Granite (20mm Aggregate),2025-07-01,2026-01-01,6,22.7,19.245040932074104,-3.454959067925895,3.454959067925895,11.936742161043368,True,True,OK
RO1_PRICE,VECM,VECM_A,Ready Mixed Concrete,2025-07-01,2026-01-01,6,128.6,111.95815000040749,-16.64184999959251,16.64184999959251,276.95117140893717,True,True,OK
RO1_PRICE,VECM,VECM_A,Steel Reinforcement Bars (16-32mm High Tensile),2025-07-01,2026-01-01,6,648.0,719.3579713474686,71.3579713474686,71.3579713474686,5091.960074826151,True,True,OK
RO1_PRICE,VECM,VECM_A,Cement In Bulk (Ordinary Portland Cement),2025-08-01,2025-09-01,1,102.2,101.5928048509781,-0.607195149021905,0.607195149021905,0.36868594899573337,True,True,OK
RO1_PRICE,VECM,VECM_A,Concreting Sand,2025-08-01,2025-09-01,1,26.4,26.49218975239304,0.09218975239303973,0.09218975239303973,0.008498950446289974,True,True,OK
RO1_PRICE,VECM,VECM_A,Granite (20mm Aggregate),2025-08-01,2025-09-01,1,21.7,21.4701491570047,-0.229850842995301,0.229850842995301,0.05283141002565051,True,True,OK
RO1_PRICE,VECM,VECM_A,Ready Mixed Concrete,2025-08-01,2025-09-01,1,120.7,119.86607743330195,-0.8339225666980496,0.8339225666980496,0.6954268472482631,True,True,OK
RO1_PRICE,VECM,VECM_A,Steel Reinforcement Bars (16-32mm High Tensile),2025-08-01,2025-09-01,1,684.2,684.9621034937321,0.7621034937320701,0.7621034937320701,0.5808017351586274,True,True,OK
RO1_PRICE,VECM,VECM_A,Cement In Bulk (Ordinary Portland Cement),2025-08-01,2025-11-01,3,110.0,101.6999497042213,-8.300050295778703,8.300050295778703,68.89083491245614,True,True,OK
RO1_PRICE,VECM,VECM_A,Concreting Sand,2025-08-01,2025-11-01,3,27.0,25.57414431380564,-1.4258556861943603,1.4258556861943603,2.03306443785279,True,True,OK
RO1_PRICE,VECM,VECM_A,Granite (20mm Aggregate),2025-08-01,2025-11-01,3,22.3,20.387906951910182,-1.9120930480898188,1.9120930480898188,3.656099824553414,True,True,OK
RO1_PRICE,VECM,VECM_A,Ready Mixed Concrete,2025-08-01,2025-11-01,3,124.9,117.37854665276885,-7.521453347231159,7.521453347231159,56.5722604545748,True,True,OK
RO1_PRICE,VECM,VECM_A,Steel Reinforcement Bars (16-32mm High Tensile),2025-08-01,2025-11-01,3,666.2,702.280549467992,36.080549467992,36.080549467992,1301.8060499122178,True,True,OK
RO1_PRICE,VECM,VECM_A,Cement In Bulk (Ordinary Portland Cement),2025-08-01,2026-02-01,6,119.2,101.91062768660262,-17.28937231339738,17.28937231339738,298.92239499127186,True,True,OK
RO1_PRICE,VECM,VECM_A,Concreting Sand,2025-08-01,2026-02-01,6,26.4,24.37015655412737,-2.029843445872629,2.029843445872629,4.120264414752069,True,True,OK
RO1_PRICE,VECM,VECM_A,Granite (20mm Aggregate),2025-08-01,2026-02-01,6,22.6,19.793325432438323,-2.8066745675616787,2.8066745675616787,7.877422128197536,True,True,OK
RO1_PRICE,VECM,VECM_A,Ready Mixed Concrete,2025-08-01,2026-02-01,6,130.0,114.6901681892264,-15.309831810773602,15.309831810773602,234.39095007417532,True,True,OK
RO1_PRICE,VECM,VECM_A,Steel Reinforcement Bars (16-32mm High Tensile),2025-08-01,2026-02-01,6,637.1,732.945738491172,95.84573849117203,95.84573849117203,9186.405586918136,True,True,OK
RO1_PRICE,VECM,VECM_A,Cement In Bulk (Ordinary Portland Cement),2025-09-01,2025-10-01,1,104.0,102.41456360831737,-1.5854363916826344,1.5854363916826344,2.5136085520716516,True,True,OK
RO1_PRICE,VECM,VECM_A,Concreting Sand,2025-09-01,2025-10-01,1,26.7,25.981721092670035,-0.7182789073299638,0.7182789073299638,0.5159245887151267,True,True,OK
RO1_PRICE,VECM,VECM_A,Granite (20mm Aggregate),2025-09-01,2025-10-01,1,21.9,21.182256662266596,-0.7177433377334026,0.7177433377334026,0.5151554988606852,True,True,OK
RO1_PRICE,VECM,VECM_A,Ready Mixed Concrete,2025-09-01,2025-10-01,1,120.6,119.74346573399637,-0.8565342660036208,0.8565342660036208,0.7336509488383615,True,True,OK
RO1_PRICE,VECM,VECM_A,Steel Reinforcement Bars (16-32mm High Tensile),2025-09-01,2025-10-01,1,678.0,695.0264118289324,17.026411828932396,17.026411828932396,289.898699768409,True,True,OK
RO1_PRICE,VECM,VECM_A,Cement In Bulk (Ordinary Portland Cement),2025-09-01,2025-12-01,3,115.9,102.65935923100406,-13.240640768995945,13.240640768995945,175.31456797359752,True,True,OK
RO1_PRICE,VECM,VECM_A,Concreting Sand,2025-09-01,2025-12-01,3,26.8,25.215610771252237,-1.5843892287477637,1.5843892287477637,2.5102892281719336,True,True,OK
RO1_PRICE,VECM,VECM_A,Granite (20mm Aggregate),2025-09-01,2025-12-01,3,22.8,20.394162080799404,-2.4058379192005965,2.4058379192005965,5.788056093463456,True,True,OK
RO1_PRICE,VECM,VECM_A,Ready Mixed Concrete,2025-09-01,2025-12-01,3,129.5,117.80998418684527,-11.69001581315473,11.69001581315473,136.65646971180763,True,True,OK
RO1_PRICE,VECM,VECM_A,Steel Reinforcement Bars (16-32mm High Tensile),2025-09-01,2025-12-01,3,660.3,719.1320802025433,58.83208020254335,58.83208020254335,3461.2136609584936,True,True,OK
RO1_PRICE,VECM,VECM_A,Cement In Bulk (Ordinary Portland Cement),2025-09-01,2026-03-01,6,121.9,102.97974558765227,-18.92025441234773,18.92025441234773,357.97602702796377,True,True,OK
RO1_PRICE,VECM,VECM_A,Concreting Sand,2025-09-01,2026-03-01,6,27.8,24.225506724606653,-3.5744932753933476,3.5744932753933476,12.777002175832262,True,True,OK
RO1_PRICE,VECM,VECM_A,Granite (20mm Aggregate),2025-09-01,2026-03-01,6,23.8,20.00845655512952,-3.791543444870481,3.791543444870481,14.375801694340312,True,True,OK
RO1_PRICE,VECM,VECM_A,Ready Mixed Concrete,2025-09-01,2026-03-01,6,143.0,115.73819796936877,-27.26180203063123,27.26180203063123,743.2058499573291,True,True,OK
RO1_PRICE,VECM,VECM_A,Steel Reinforcement Bars (16-32mm High Tensile),2025-09-01,2026-03-01,6,663.1,748.7393448629994,85.63934486299934,85.63934486299934,7334.097388563731,True,True,OK
RO1_PRICE,VECM,VECM_A,Cement In Bulk (Ordinary Portland Cement),2025-10-01,2025-11-01,1,110.0,104.57624434889956,-5.423755651100436,5.423755651100436,29.41712536284391,True,True,OK
RO1_PRICE,VECM,VECM_A,Concreting Sand,2025-10-01,2025-11-01,1,27.0,26.413613101298644,-0.5863868987013561,0.5863868987013561,0.3438495949685944,True,True,OK
RO1_PRICE,VECM,VECM_A,Granite (20mm Aggregate),2025-10-01,2025-11-01,1,22.3,21.561468748747856,-0.7385312512521445,0.7385312512521445,0.5454284090760582,True,True,OK
RO1_PRICE,VECM,VECM_A,Ready Mixed Concrete,2025-10-01,2025-11-01,1,124.9,119.98350168930251,-4.9164983106974915,4.9164983106974915,24.171955639091287,True,True,OK
RO1_PRICE,VECM,VECM_A,Steel Reinforcement Bars (16-32mm High Tensile),2025-10-01,2025-11-01,1,666.2,685.4804546254644,19.28045462546436,19.28045462546436,371.73593056459,True,True,OK
RO1_PRICE,VECM,VECM_A,Cement In Bulk (Ordinary Portland Cement),2025-10-01,2026-01-01,3,118.6,104.69383904143623,-13.90616095856376,13.90616095856376,193.38131260548295,True,True,OK
RO1_PRICE,VECM,VECM_A,Concreting Sand,2025-10-01,2026-01-01,3,26.7,25.97812709739145,-0.7218729026085491,0.7218729026085491,0.5211004875204918,True,True,OK
RO1_PRICE,VECM,VECM_A,Granite (20mm Aggregate),2025-10-01,2026-01-01,3,22.7,21.05153634493243,-1.6484636550675695,1.6484636550675695,2.7174324220787307,True,True,OK
RO1_PRICE,VECM,VECM_A,Ready Mixed Concrete,2025-10-01,2026-01-01,3,128.6,118.90187986653673,-9.698120133463263,9.698120133463263,94.0535341230855,True,True,OK
RO1_PRICE,VECM,VECM_A,Steel Reinforcement Bars (16-32mm High Tensile),2025-10-01,2026-01-01,3,648.0,711.6862684301957,63.686268430195696,63.686268430195696,4055.940786562941,True,True,OK
RO1_PRICE,VECM,VECM_A,Cement In Bulk (Ordinary Portland Cement),2025-10-01,2026-04-01,6,124.7,104.66396874543939,-20.036031254560612,20.036031254560612,401.4425484337297,True,True,OK
RO1_PRICE,VECM,VECM_A,Concreting Sand,2025-10-01,2026-04-01,6,29.0,25.480919567010673,-3.519080432989327,3.519080432989327,12.383927093848348,True,True,OK
RO1_PRICE,VECM,VECM_A,Granite (20mm Aggregate),2025-10-01,2026-04-01,6,25.0,20.818833862647423,-4.181166137352577,4.181166137352577,17.482150268143865,True,True,OK
RO1_PRICE,VECM,VECM_A,Ready Mixed Concrete,2025-10-01,2026-04-01,6,145.6,117.77553848981555,-27.82446151018445,27.82446151018445,774.2006583317359,True,True,OK
RO1_PRICE,VECM,VECM_A,Steel Reinforcement Bars (16-32mm High Tensile),2025-10-01,2026-04-01,6,701.9,746.3133361750071,44.41333617500709,44.41333617500709,1972.5444301941934,True,True,OK
RO1_PRICE,VECM,VECM_A,Cement In Bulk (Ordinary Portland Cement),2025-11-01,2025-12-01,1,115.9,112.00716235566526,-3.8928376443347474,3.8928376443347474,15.154184925149705,True,True,OK
RO1_PRICE,VECM,VECM_A,Concreting Sand,2025-11-01,2025-12-01,1,26.8,28.207254573920643,1.4072545739206426,1.4072545739206426,1.9803654358205693,True,True,OK
RO1_PRICE,VECM,VECM_A,Granite (20mm Aggregate),2025-11-01,2025-12-01,1,22.8,24.44453808102601,1.6445380810260097,1.6445380810260097,2.7045054999447107,True,True,OK
RO1_PRICE,VECM,VECM_A,Ready Mixed Concrete,2025-11-01,2025-12-01,1,129.5,129.62255102662235,0.12255102662234663,0.12255102662234663,0.015018754126191112,True,True,OK
RO1_PRICE,VECM,VECM_A,Steel Reinforcement Bars (16-32mm High Tensile),2025-11-01,2025-12-01,1,660.3,695.2368193767247,34.93681937672477,34.93681937672477,1220.5813481618914,True,True,OK
RO1_PRICE,VECM,VECM_A,Cement In Bulk (Ordinary Portland Cement),2025-11-01,2026-02-01,3,119.2,112.96155997651874,-6.23844002348126,6.23844002348126,38.918133926572864,True,True,OK
RO1_PRICE,VECM,VECM_A,Concreting Sand,2025-11-01,2026-02-01,3,26.4,28.846792709127776,2.4467927091277772,2.4467927091277772,5.986794561440847,True,True,OK
RO1_PRICE,VECM,VECM_A,Granite (20mm Aggregate),2025-11-01,2026-02-01,3,22.6,24.258729669684584,1.6587296696845826,1.6587296696845826,2.7513841170919244,True,True,OK
RO1_PRICE,VECM,VECM_A,Ready Mixed Concrete,2025-11-01,2026-02-01,3,130.0,131.4843323007211,1.4843323007210927,1.4843323007210927,2.203242378963972,True,True,OK
RO1_PRICE,VECM,VECM_A,Steel Reinforcement Bars (16-32mm High Tensile),2025-11-01,2026-02-01,3,637.1,756.1062595635302,119.0062595635302,119.0062595635302,14162.489815302322,True,True,OK
RO1_PRICE,VECM,VECM_A,Cement In Bulk (Ordinary Portland Cement),2025-11-01,2026-05-01,6,125.8,113.62904058950852,-12.170959410491477,12.170959410491477,148.13225297183104,True,True,OK
RO1_PRICE,VECM,VECM_A,Concreting Sand,2025-11-01,2026-05-01,6,28.6,29.47004777443157,0.8700477744315691,0.8700477744315691,0.7569831297933266,True,True,OK
RO1_PRICE,VECM,VECM_A,Granite (20mm Aggregate),2025-11-01,2026-05-01,6,24.5,23.783654736363545,-0.7163452636364553,0.7163452636364553,0.5131505367343827,True,True,OK
RO1_PRICE,VECM,VECM_A,Ready Mixed Concrete,2025-11-01,2026-05-01,6,144.4,132.4878722632509,-11.912127736749113,11.912127736749113,141.89878721662754,True,True,OK
RO1_PRICE,VECM,VECM_A,Steel Reinforcement Bars (16-32mm High Tensile),2025-11-01,2026-05-01,6,703.9,804.4119532358518,100.51195323585182,100.51195323585182,10102.652743286064,True,True,OK
RO1_PRICE,VECM,VECM_A,Cement In Bulk (Ordinary Portland Cement),2025-12-01,2026-01-01,1,118.6,118.14224015649737,-0.4577598435026289,0.4577598435026289,0.2095440743235513,True,True,OK
RO1_PRICE,VECM,VECM_A,Concreting Sand,2025-12-01,2026-01-01,1,26.7,27.786118562380892,1.0861185623808929,1.0861185623808929,1.1796535315483374,True,True,OK
RO1_PRICE,VECM,VECM_A,Granite (20mm Aggregate),2025-12-01,2026-01-01,1,22.7,24.665775956647295,1.9657759566472954,1.9657759566472954,3.8642751117325895,True,True,OK
RO1_PRICE,VECM,VECM_A,Ready Mixed Concrete,2025-12-01,2026-01-01,1,128.6,134.21452184800825,5.614521848008252,5.614521848008252,31.522855581761995,True,True,OK
RO1_PRICE,VECM,VECM_A,Steel Reinforcement Bars (16-32mm High Tensile),2025-12-01,2026-01-01,1,648.0,689.6155564076145,41.61555640761446,41.61555640761446,1731.8545351153412,True,True,OK
RO1_PRICE,VECM,VECM_A,Cement In Bulk (Ordinary Portland Cement),2025-12-01,2026-03-01,3,121.9,119.36192410199834,-2.538075898001665,2.538075898001665,6.441829264016959,True,True,OK
RO1_PRICE,VECM,VECM_A,Concreting Sand,2025-12-01,2026-03-01,3,27.8,28.917057758722372,1.1170577587223711,1.1170577587223711,1.2478180363218472,True,True,OK
RO1_PRICE,VECM,VECM_A,Granite (20mm Aggregate),2025-12-01,2026-03-01,3,23.8,25.192897033054997,1.3928970330549966,1.3928970330549966,1.9401621446934123,True,True,OK
RO1_PRICE,VECM,VECM_A,Ready Mixed Concrete,2025-12-01,2026-03-01,3,143.0,137.8287987235379,-5.171201276462114,5.171201276462114,26.741322641683393,True,True,OK
RO1_PRICE,VECM,VECM_A,Steel Reinforcement Bars (16-32mm High Tensile),2025-12-01,2026-03-01,3,663.1,748.1666285030576,85.06662850305759,85.06662850305759,7236.331284877209,True,True,OK
RO1_PRICE,VECM,VECM_A,Cement In Bulk (Ordinary Portland Cement),2025-12-01,2026-06-01,6,124.15,120.00010047255276,-4.149899527447246,4.149899527447246,17.22166608790688,True,True,OK
RO1_PRICE,VECM,VECM_A,Concreting Sand,2025-12-01,2026-06-01,6,28.6,30.197280402215604,1.5972804022156026,1.5972804022156026,2.551304683302037,True,True,OK
RO1_PRICE,VECM,VECM_A,Granite (20mm Aggregate),2025-12-01,2026-06-01,6,24.3,25.088113424773837,0.7881134247738366,0.7881134247738366,0.6211227703087459,True,True,OK
RO1_PRICE,VECM,VECM_A,Ready Mixed Concrete,2025-12-01,2026-06-01,6,143.3,140.43351714117713,-2.8664828588228772,2.8664828588228772,8.216723979925375,True,True,OK
RO1_PRICE,VECM,VECM_A,Steel Reinforcement Bars (16-32mm High Tensile),2025-12-01,2026-06-01,6,708.0,788.6547109419357,80.65471094193572,80.65471094193572,6505.182397127205,True,True,OK
RO1_PRICE,VECM,VECM_A,Cement In Bulk (Ordinary Portland Cement),2026-01-01,2026-02-01,1,119.2,119.42660199392597,0.2266019939259678,0.2266019939259678,0.05134846365122435,True,True,OK
RO1_PRICE,VECM,VECM_A,Concreting Sand,2026-01-01,2026-02-01,1,26.4,26.60813709155194,0.20813709155194005,0.20813709155194005,0.043321048879700674,True,True,OK
RO1_PRICE,VECM,VECM_A,Granite (20mm Aggregate),2026-01-01,2026-02-01,1,22.6,22.654816786613736,0.05481678661373479,0.05481678661373479,0.003004880094655734,True,True,OK
RO1_PRICE,VECM,VECM_A,Ready Mixed Concrete,2026-01-01,2026-02-01,1,130.0,128.92689725208442,-1.0731027479155841,1.0731027479155841,1.1515495075839777,True,True,OK
RO1_PRICE,VECM,VECM_A,Steel Reinforcement Bars (16-32mm High Tensile),2026-01-01,2026-02-01,1,637.1,651.6891182036469,14.589118203646876,14.589118203646876,212.84236995998066,True,True,OK
RO1_PRICE,VECM,VECM_A,Cement In Bulk (Ordinary Portland Cement),2026-01-01,2026-04-01,3,124.7,119.09368891875448,-5.606311081245522,5.606311081245522,31.430723939696335,True,True,OK
RO1_PRICE,VECM,VECM_A,Concreting Sand,2026-01-01,2026-04-01,3,29.0,27.558837298720846,-1.4411627012791541,1.4411627012791541,2.0769499315582283,True,True,OK
RO1_PRICE,VECM,VECM_A,Granite (20mm Aggregate),2026-01-01,2026-04-01,3,25.0,23.767703515318182,-1.232296484681818,1.232296484681818,1.5185546261591663,True,True,OK
RO1_PRICE,VECM,VECM_A,Ready Mixed Concrete,2026-01-01,2026-04-01,3,145.6,131.7533966079557,-13.846603392044301,13.846603392044301,191.72842549657275,True,True,OK
RO1_PRICE,VECM,VECM_A,Steel Reinforcement Bars (16-32mm High Tensile),2026-01-01,2026-04-01,3,701.9,675.143311724574,-26.756688275425972,26.756688275425972,715.9203674683176,True,True,OK
RO1_PRICE,VECM,VECM_A,Cement In Bulk (Ordinary Portland Cement),2026-02-01,2026-03-01,1,121.9,118.99151225850638,-2.90848774149363,2.90848774149363,8.459300942418718,True,True,OK
RO1_PRICE,VECM,VECM_A,Concreting Sand,2026-02-01,2026-03-01,1,27.8,27.04342944577214,-0.75657055422786,0.75657055422786,0.5723990035246512,True,True,OK
RO1_PRICE,VECM,VECM_A,Granite (20mm Aggregate),2026-02-01,2026-03-01,1,23.8,23.55394431555446,-0.24605568444554038,0.24605568444554038,0.06054339984796334,True,True,OK
RO1_PRICE,VECM,VECM_A,Ready Mixed Concrete,2026-02-01,2026-03-01,1,143.0,132.10103422953267,-10.898965770467328,10.898965770467328,118.78745486581848,True,True,OK
RO1_PRICE,VECM,VECM_A,Steel Reinforcement Bars (16-32mm High Tensile),2026-02-01,2026-03-01,1,663.1,640.5672960036095,-22.532703996390524,22.532703996390524,507.72274938895345,True,True,OK
RO1_PRICE,VECM,VECM_A,Cement In Bulk (Ordinary Portland Cement),2026-02-01,2026-05-01,3,125.8,118.15360587642907,-7.6463941235709285,7.6463941235709285,58.46734309298003,True,True,OK
RO1_PRICE,VECM,VECM_A,Concreting Sand,2026-02-01,2026-05-01,3,28.6,27.94907940932677,-0.6509205906732305,0.6509205906732305,0.42369761536238726,True,True,OK
RO1_PRICE,VECM,VECM_A,Granite (20mm Aggregate),2026-02-01,2026-05-01,3,24.5,24.128016609727553,-0.3719833902724474,0.3719833902724474,0.13837164263858392,True,True,OK
RO1_PRICE,VECM,VECM_A,Ready Mixed Concrete,2026-02-01,2026-05-01,3,144.4,134.19376381472364,-10.206236185276367,10.206236185276367,104.16725706964469,True,True,OK
RO1_PRICE,VECM,VECM_A,Steel Reinforcement Bars (16-32mm High Tensile),2026-02-01,2026-05-01,3,703.9,655.3874299541025,-48.51257004589752,48.51257004589752,2353.469452458113,True,True,OK
RO1_PRICE,VECM,VECM_A,Cement In Bulk (Ordinary Portland Cement),2026-03-01,2026-04-01,1,124.7,123.1417805677645,-1.5582194322355036,1.5582194322355036,2.428047798996335,True,True,OK
RO1_PRICE,VECM,VECM_A,Concreting Sand,2026-03-01,2026-04-01,1,29.0,31.812596394676447,2.812596394676447,2.812596394676447,7.910698479346949,True,True,OK
RO1_PRICE,VECM,VECM_A,Granite (20mm Aggregate),2026-03-01,2026-04-01,1,25.0,29.616563629458874,4.616563629458874,4.616563629458874,21.312659744842488,True,True,OK
RO1_PRICE,VECM,VECM_A,Ready Mixed Concrete,2026-03-01,2026-04-01,1,145.6,155.3970823464452,9.797082346445194,9.797082346445194,95.98282250302806,True,True,OK
RO1_PRICE,VECM,VECM_A,Steel Reinforcement Bars (16-32mm High Tensile),2026-03-01,2026-04-01,1,701.9,708.0062960363535,6.106296036353569,6.106296036353569,37.28685128358731,True,True,OK
RO1_PRICE,VECM,VECM_A,Cement In Bulk (Ordinary Portland Cement),2026-03-01,2026-06-01,3,124.15,124.82926367895689,0.679263678956886,0.679263678956886,0.46139914555004347,True,True,OK
RO1_PRICE,VECM,VECM_A,Concreting Sand,2026-03-01,2026-06-01,3,28.6,33.08855702293393,4.488557022933925,4.488557022933925,20.14714414812946,True,True,OK
RO1_PRICE,VECM,VECM_A,Granite (20mm Aggregate),2026-03-01,2026-06-01,3,24.3,28.372300828445475,4.072300828445474,4.072300828445474,16.583634037357697,True,True,OK
RO1_PRICE,VECM,VECM_A,Ready Mixed Concrete,2026-03-01,2026-06-01,3,143.3,157.88604667106995,14.586046671069937,14.586046671069937,212.7527574906304,True,True,OK
RO1_PRICE,VECM,VECM_A,Steel Reinforcement Bars (16-32mm High Tensile),2026-03-01,2026-06-01,3,708.0,759.5617095694831,51.56170956948313,51.56170956948313,2658.609893727728,True,True,OK
RO1_PRICE,VECM,VECM_A,Cement In Bulk (Ordinary Portland Cement),2026-04-01,2026-05-01,1,125.8,126.26616350972546,0.4661635097254617,0.4661635097254617,0.21730841779956064,True,True,OK
RO1_PRICE,VECM,VECM_A,Concreting Sand,2026-04-01,2026-05-01,1,28.6,29.37535092702702,0.77535092702702,0.77535092702702,0.6011690600416594,True,True,OK
RO1_PRICE,VECM,VECM_A,Granite (20mm Aggregate),2026-04-01,2026-05-01,1,24.5,25.25913616170726,0.7591361617072607,0.7591361617072607,0.5762877120116323,True,True,OK
RO1_PRICE,VECM,VECM_A,Ready Mixed Concrete,2026-04-01,2026-05-01,1,144.4,147.09030790950095,2.6903079095009446,2.6903079095009446,7.237756647923343,True,True,OK
RO1_PRICE,VECM,VECM_A,Steel Reinforcement Bars (16-32mm High Tensile),2026-04-01,2026-05-01,1,703.9,731.7832413759589,27.88324137595896,27.88324137595896,777.4751496299897,True,True,OK
RO1_PRICE,VECM,VECM_A,Cement In Bulk (Ordinary Portland Cement),2026-05-01,2026-06-01,1,124.15,126.30064336336739,2.1506433633673794,2.1506433633673794,4.625266876396154,True,True,OK
RO1_PRICE,VECM,VECM_A,Concreting Sand,2026-05-01,2026-06-01,1,28.6,28.28900958331362,-0.31099041668637994,0.31099041668637994,0.09671503927076823,True,True,OK
RO1_PRICE,VECM,VECM_A,Granite (20mm Aggregate),2026-05-01,2026-06-01,1,24.3,23.795996719907308,-0.504003280092693,0.504003280092693,0.25401930634419356,True,True,OK
RO1_PRICE,VECM,VECM_A,Ready Mixed Concrete,2026-05-01,2026-06-01,1,143.3,143.67389394716636,0.3738939471663514,0.3738939471663514,0.13979668372763435,True,True,OK
RO1_PRICE,VECM,VECM_A,Steel Reinforcement Bars (16-32mm High Tensile),2026-05-01,2026-06-01,1,708.0,705.05305533884,-2.946944661160046,2.946944661160046,8.684482835939699,True,True,OK
RO1_DEMAND,VAR_DIFF,VAR_D3,Cement,2024-06-01,2024-07-01,1,412.14,326.0771087721419,-86.06289122785807,86.06289122785807,7406.821246498131,True,True,OK
RO1_DEMAND,VAR_DIFF,VAR_D3,Granite,2024-06-01,2024-07-01,1,1951.4,1601.3112607071898,-350.08873929281026,350.08873929281026,122562.12537962927,True,True,OK
RO1_DEMAND,VAR_DIFF,VAR_D3,Ready-Mixed Concrete,2024-06-01,2024-07-01,1,1188.3,1074.0632193159763,-114.23678068402364,114.23678068402364,13050.042061049717,True,True,OK
RO1_DEMAND,VAR_DIFF,VAR_D3,Steel Reinforcement Bars,2024-06-01,2024-07-01,1,108.58,134.2670758150983,25.68707581509831,25.68707581509831,659.8258639306085,True,True,OK
RO1_DEMAND,VAR_DIFF,VAR_D3,Cement,2024-06-01,2024-09-01,3,337.8,332.6465931794236,-5.153406820576436,5.153406820576436,26.55760185836373,True,True,OK
RO1_DEMAND,VAR_DIFF,VAR_D3,Granite,2024-06-01,2024-09-01,3,1821.8,1628.2952026284474,-193.5047973715525,193.5047973715525,37444.106605805595,True,True,OK
RO1_DEMAND,VAR_DIFF,VAR_D3,Ready-Mixed Concrete,2024-06-01,2024-09-01,3,1153.0,1074.427610841779,-78.57238915822109,78.57238915822109,6173.620338030938,True,True,OK
RO1_DEMAND,VAR_DIFF,VAR_D3,Steel Reinforcement Bars,2024-06-01,2024-09-01,3,226.32,143.02840210151624,-83.29159789848376,83.29159789848376,6937.490280482704,True,True,OK
RO1_DEMAND,VAR_DIFF,VAR_D3,Cement,2024-06-01,2024-12-01,6,370.42,354.46792325001945,-15.952076749980563,15.952076749980563,254.46875263727043,True,True,OK
RO1_DEMAND,VAR_DIFF,VAR_D3,Granite,2024-06-01,2024-12-01,6,1760.4,1637.5371169307118,-122.86288306928827,122.86288306928827,15095.288036097603,True,True,OK
RO1_DEMAND,VAR_DIFF,VAR_D3,Ready-Mixed Concrete,2024-06-01,2024-12-01,6,1167.7,1087.4661563673594,-80.23384363264063,80.23384363264063,6437.469664067027,True,True,OK
RO1_DEMAND,VAR_DIFF,VAR_D3,Steel Reinforcement Bars,2024-06-01,2024-12-01,6,121.23,149.67020508275527,28.44020508275527,28.44020508275527,808.8452651491787,True,True,OK
RO1_DEMAND,VAR_DIFF,VAR_D3,Cement,2024-06-01,2025-06-01,12,454.02,350.0491318644229,-103.97086813557706,103.97086813557706,10809.941420865554,True,True,OK
RO1_DEMAND,VAR_DIFF,VAR_D3,Granite,2024-06-01,2025-06-01,12,1765.6,1635.792241932563,-129.8077580674369,129.8077580674369,16850.05405449423,True,True,OK
RO1_DEMAND,VAR_DIFF,VAR_D3,Ready-Mixed Concrete,2024-06-01,2025-06-01,12,1205.3,1093.3657897655128,-111.93421023448718,111.93421023448718,12529.267420818374,True,True,OK
RO1_DEMAND,VAR_DIFF,VAR_D3,Steel Reinforcement Bars,2024-06-01,2025-06-01,12,109.58,149.70537948264956,40.125379482649564,40.125379482649564,1610.0460786266347,True,True,OK
RO1_DEMAND,VAR_DIFF,VAR_D3,Cement,2024-07-01,2024-08-01,1,399.41,418.71362698745486,19.303626987454834,19.303626987454834,372.6300148707946,True,True,OK
RO1_DEMAND,VAR_DIFF,VAR_D3,Granite,2024-07-01,2024-08-01,1,1870.9,1861.2110994086947,-9.688900591305355,9.688900591305355,93.87479466819727,True,True,OK
RO1_DEMAND,VAR_DIFF,VAR_D3,Ready-Mixed Concrete,2024-07-01,2024-08-01,1,1205.9,1168.303370678494,-37.59662932150604,37.59662932150604,1413.506536338728,True,True,OK
RO1_DEMAND,VAR_DIFF,VAR_D3,Steel Reinforcement Bars,2024-07-01,2024-08-01,1,94.39,136.94753933201355,42.55753933201355,42.55753933201355,1811.14415399588,True,True,OK
RO1_DEMAND,VAR_DIFF,VAR_D3,Cement,2024-07-01,2024-10-01,3,410.73,430.1468215557105,19.4168215557105,19.4168215557105,377.01295932630387,True,True,OK
RO1_DEMAND,VAR_DIFF,VAR_D3,Granite,2024-07-01,2024-10-01,3,1803.3,1921.731336526504,118.43133652650408,118.43133652650408,14025.98147145406,True,True,OK
RO1_DEMAND,VAR_DIFF,VAR_D3,Ready-Mixed Concrete,2024-07-01,2024-10-01,3,1147.0,1183.5778392628388,36.57783926283878,36.57783926283878,1337.9383251380702,True,True,OK
RO1_DEMAND,VAR_DIFF,VAR_D3,Steel Reinforcement Bars,2024-07-01,2024-10-01,3,114.09,148.124665542768,34.03466554276801,34.03466554276801,1158.3584586080801,True,True,OK
RO1_DEMAND,VAR_DIFF,VAR_D3,Cement,2024-07-01,2025-01-01,6,314.17,405.1556156942041,90.98561569420406,90.98561569420406,8278.382263253392,True,True,OK
RO1_DEMAND,VAR_DIFF,VAR_D3,Granite,2024-07-01,2025-01-01,6,1589.2,1880.5174710990143,291.31747109901426,291.31747109901426,84865.868967525,True,True,OK
RO1_DEMAND,VAR_DIFF,VAR_D3,Ready-Mixed Concrete,2024-07-01,2025-01-01,6,1031.1,1167.2759295727203,136.1759295727204,136.1759295727204,18543.88379499451,True,True,OK
RO1_DEMAND,VAR_DIFF,VAR_D3,Steel Reinforcement Bars,2024-07-01,2025-01-01,6,105.3,134.4775143490984,29.177514349098416,29.177514349098416,851.3273435918439,True,True,OK
RO1_DEMAND,VAR_DIFF,VAR_D3,Cement,2024-07-01,2025-07-01,12,431.58,404.2052822952259,-27.37471770477407,27.37471770477407,749.375169416071,True,True,OK
RO1_DEMAND,VAR_DIFF,VAR_D3,Granite,2024-07-01,2025-07-01,12,2113.3,1882.3502097643168,-230.9497902356834,230.9497902356834,53337.80560990616,True,True,OK
RO1_DEMAND,VAR_DIFF,VAR_D3,Ready-Mixed Concrete,2024-07-01,2025-07-01,12,1334.2,1173.461765930665,-160.73823406933502,160.73823406933502,25836.779891728333,True,True,OK
RO1_DEMAND,VAR_DIFF,VAR_D3,Steel Reinforcement Bars,2024-07-01,2025-07-01,12,155.84,135.23755795182132,-20.602442048178688,20.602442048178688,424.46061834856124,True,True,OK
RO1_DEMAND,VAR_DIFF,VAR_D3,Cement,2024-08-01,2024-09-01,1,337.8,390.6559265873429,52.85592658734288,52.85592658734288,2793.7489754065796,True,True,OK
RO1_DEMAND,VAR_DIFF,VAR_D3,Granite,2024-08-01,2024-09-01,1,1821.8,1910.8255016070195,89.02550160701958,89.02550160701958,7925.539936381446,True,True,OK
RO1_DEMAND,VAR_DIFF,VAR_D3,Ready-Mixed Concrete,2024-08-01,2024-09-01,1,1153.0,1187.5905078013816,34.59050780138159,34.59050780138159,1196.5032299574407,True,True,OK
RO1_DEMAND,VAR_DIFF,VAR_D3,Steel Reinforcement Bars,2024-08-01,2024-09-01,1,226.32,110.38070325082435,-115.93929674917564,115.93929674917564,13441.92053069341,True,True,OK
RO1_DEMAND,VAR_DIFF,VAR_D3,Cement,2024-08-01,2024-11-01,3,408.36,398.73156540816586,-9.62843459183415,9.62843459183415,92.70675268922845,True,True,OK
RO1_DEMAND,VAR_DIFF,VAR_D3,Granite,2024-08-01,2024-11-01,3,1706.4,1938.5875637509378,232.18756375093767,232.18756375093767,53911.06476059574,True,True,OK
RO1_DEMAND,VAR_DIFF,VAR_D3,Ready-Mixed Concrete,2024-08-01,2024-11-01,3,1112.7,1203.1449658575734,90.44496585757338,90.44496585757338,8180.291848977614,True,True,OK
RO1_DEMAND,VAR_DIFF,VAR_D3,Steel Reinforcement Bars,2024-08-01,2024-11-01,3,140.53,116.97927863901103,-23.550721360988973,23.550721360988973,554.6364766229423,True,True,OK
RO1_DEMAND,VAR_DIFF,VAR_D3,Cement,2024-08-01,2025-02-01,6,379.05,409.64699545330535,30.59699545330534,30.59699545330534,936.1761307695876,True,True,OK
RO1_DEMAND,VAR_DIFF,VAR_D3,Granite,2024-08-01,2025-02-01,6,1672.6,1939.4117761594605,266.8117761594606,266.8117761594606,71188.52389736609,True,True,OK
RO1_DEMAND,VAR_DIFF,VAR_D3,Ready-Mixed Concrete,2024-08-01,2025-02-01,6,1046.6,1206.5572155837863,159.95721558378636,159.95721558378636,25586.310817317906,True,True,OK
RO1_DEMAND,VAR_DIFF,VAR_D3,Steel Reinforcement Bars,2024-08-01,2025-02-01,6,231.33,119.94806571060323,-111.38193428939678,111.38193428939678,12405.935286047503,True,True,OK
RO1_DEMAND,VAR_DIFF,VAR_D3,Cement,2024-08-01,2025-08-01,12,427.22,409.3665772501045,-17.853422749895515,17.853422749895515,318.7447038864867,True,True,OK
RO1_DEMAND,VAR_DIFF,VAR_D3,Granite,2024-08-01,2025-08-01,12,2098.6,1936.14936343694,-162.45063656306002,162.45063656306002,26390.20931974341,True,True,OK
RO1_DEMAND,VAR_DIFF,VAR_D3,Ready-Mixed Concrete,2024-08-01,2025-08-01,12,1282.5,1213.2460279283748,-69.25397207162518,69.25397207162518,4796.112647697441,True,True,OK
RO1_DEMAND,VAR_DIFF,VAR_D3,Steel Reinforcement Bars,2024-08-01,2025-08-01,12,125.51,117.66100318015091,-7.848996819849091,7.848996819849091,61.60675107800115,True,True,OK
RO1_DEMAND,VAR_DIFF,VAR_D3,Cement,2024-09-01,2024-10-01,1,410.73,405.8326599540201,-4.897340045979945,4.897340045979945,23.98393952595885,True,True,OK
RO1_DEMAND,VAR_DIFF,VAR_D3,Granite,2024-09-01,2024-10-01,1,1803.3,1874.8569463917547,71.55694639175476,71.55694639175476,5120.396576912465,True,True,OK
RO1_DEMAND,VAR_DIFF,VAR_D3,Ready-Mixed Concrete,2024-09-01,2024-10-01,1,1147.0,1158.3698297264239,11.369829726423859,11.369829726423859,129.27302800787166,True,True,OK
RO1_DEMAND,VAR_DIFF,VAR_D3,Steel Reinforcement Bars,2024-09-01,2024-10-01,1,114.09,184.15847893281943,70.06847893281943,70.06847893281943,4909.591739958961,True,True,OK
RO1_DEMAND,VAR_DIFF,VAR_D3,Cement,2024-09-01,2024-12-01,3,370.42,359.7349356471253,-10.68506435287469,10.68506435287469,114.17060022507341,True,True,OK
RO1_DEMAND,VAR_DIFF,VAR_D3,Granite,2024-09-01,2024-12-01,3,1760.4,1772.8084920450542,12.408492045054118,12.408492045054118,153.9706748321713,True,True,OK
RO1_DEMAND,VAR_DIFF,VAR_D3,Ready-Mixed Concrete,2024-09-01,2024-12-01,3,1167.7,1149.4586479141055,-18.241352085894505,18.241352085894505,332.7469259215678,True,True,OK
RO1_DEMAND,VAR_DIFF,VAR_D3,Steel Reinforcement Bars,2024-09-01,2024-12-01,3,121.23,156.12309922291786,34.893099222917854,34.893099222917854,1217.5283733803906,True,True,OK
RO1_DEMAND,VAR_DIFF,VAR_D3,Cement,2024-09-01,2025-03-01,6,382.02,369.98029679841824,-12.039703201581744,12.039703201581744,144.9544531821777,True,True,OK
RO1_DEMAND,VAR_DIFF,VAR_D3,Granite,2024-09-01,2025-03-01,6,1925.7,1823.0982147524433,-102.60178524755679,102.60178524755679,10527.126335985762,True,True,OK
RO1_DEMAND,VAR_DIFF,VAR_D3,Ready-Mixed Concrete,2024-09-01,2025-03-01,6,1042.1,1167.9386257259578,125.83862572595785,125.83862572595785,15835.359724597702,True,True,OK
RO1_DEMAND,VAR_DIFF,VAR_D3,Steel Reinforcement Bars,2024-09-01,2025-03-01,6,171.69,170.13494349527468,-1.5550565047253144,1.5550565047253144,2.418200732888512,True,True,OK
RO1_DEMAND,VAR_DIFF,VAR_D3,Cement,2024-09-01,2025-09-01,12,414.73,373.3726822101984,-41.35731778980164,41.35731778980164,1710.4277347666432,True,True,OK
RO1_DEMAND,VAR_DIFF,VAR_D3,Granite,2024-09-01,2025-09-01,12,2107.6,1828.1336277170642,-279.4663722829357,279.4663722829357,78101.45323698441,True,True,OK
RO1_DEMAND,VAR_DIFF,VAR_D3,Ready-Mixed Concrete,2024-09-01,2025-09-01,12,1283.3,1175.0471538102156,-108.25284618978435,108.25284618978435,11718.678708189109,True,True,OK
RO1_DEMAND,VAR_DIFF,VAR_D3,Steel Reinforcement Bars,2024-09-01,2025-09-01,12,131.79,175.0152572316779,43.225257231677915,43.225257231677915,1868.422862744724,True,True,OK
RO1_DEMAND,VAR_DIFF,VAR_D3,Cement,2024-10-01,2024-11-01,1,408.36,383.41339260217376,-24.946607397826256,24.946607397826256,622.3332206612797,True,True,OK
RO1_DEMAND,VAR_DIFF,VAR_D3,Granite,2024-10-01,2024-11-01,1,1706.4,1819.2186796818485,112.81867968184838,112.81867968184838,12728.054485155508,True,True,OK
RO1_DEMAND,VAR_DIFF,VAR_D3,Ready-Mixed Concrete,2024-10-01,2024-11-01,1,1112.7,1192.3069554384022,79.60695543840211,79.60695543840211,6337.2673541717395,True,True,OK
RO1_DEMAND,VAR_DIFF,VAR_D3,Steel Reinforcement Bars,2024-10-01,2024-11-01,1,140.53,139.9531299466762,-0.5768700533238018,0.5768700533238018,0.33277905842180594,True,True,OK
RO1_DEMAND,VAR_DIFF,VAR_D3,Cement,2024-10-01,2025-01-01,3,314.17,389.1513918599043,74.9813918599043,74.9813918599043,5622.209125248523,True,True,OK
RO1_DEMAND,VAR_DIFF,VAR_D3,Granite,2024-10-01,2025-01-01,3,1589.2,1848.974984433309,259.7749844333089,259.7749844333089,67483.04253732586,True,True,OK
RO1_DEMAND,VAR_DIFF,VAR_D3,Ready-Mixed Concrete,2024-10-01,2025-01-01,3,1031.1,1180.911856778633,149.811856778633,149.811856778633,22443.592431461646,True,True,OK
RO1_DEMAND,VAR_DIFF,VAR_D3,Steel Reinforcement Bars,2024-10-01,2025-01-01,3,105.3,150.86045486384768,45.56045486384768,45.56045486384768,2075.7550474007016,True,True,OK
RO1_DEMAND,VAR_DIFF,VAR_D3,Cement,2024-10-01,2025-04-01,6,372.25,381.28875443255043,9.038754432550434,9.038754432550434,81.69908169195011,True,True,OK
RO1_DEMAND,VAR_DIFF,VAR_D3,Granite,2024-10-01,2025-04-01,6,1668.0,1813.1147592736381,145.11475927363813,145.11475927363813,21058.293359045943,True,True,OK
RO1_DEMAND,VAR_DIFF,VAR_D3,Ready-Mixed Concrete,2024-10-01,2025-04-01,6,1113.2,1173.9562859094663,60.756285909466214,60.756285909466214,3691.326277512803,True,True,OK
RO1_DEMAND,VAR_DIFF,VAR_D3,Steel Reinforcement Bars,2024-10-01,2025-04-01,6,152.83,140.78912772944207,-12.04087227055794,12.04087227055794,144.98260503589114,True,True,OK
RO1_DEMAND,VAR_DIFF,VAR_D3,Cement,2024-10-01,2025-10-01,12,553.71,378.1573074275491,-175.55269257245095,175.55269257245095,30818.747869437477,True,True,OK
RO1_DEMAND,VAR_DIFF,VAR_D3,Granite,2024-10-01,2025-10-01,12,2147.9,1815.540328355382,-332.3596716446182,332.3596716446182,110462.9513357184,True,True,OK
RO1_DEMAND,VAR_DIFF,VAR_D3,Ready-Mixed Concrete,2024-10-01,2025-10-01,12,1401.3,1180.0324399103374,-221.26756008966254,221.26756008966254,48959.33314803242,True,True,OK
RO1_DEMAND,VAR_DIFF,VAR_D3,Steel Reinforcement Bars,2024-10-01,2025-10-01,12,146.31,142.17187072044737,-4.138129279552629,4.138129279552629,17.12411393429076,True,True,OK
RO1_DEMAND,VAR_DIFF,VAR_D3,Cement,2024-11-01,2024-12-01,1,370.42,338.9748521378707,-31.445147862129318,31.445147862129318,988.797324071176,True,True,OK
RO1_DEMAND,VAR_DIFF,VAR_D3,Granite,2024-11-01,2024-12-01,1,1760.4,1638.2418052810906,-122.1581947189095,122.1581947189095,14922.624536983009,True,True,OK
RO1_DEMAND,VAR_DIFF,VAR_D3,Ready-Mixed Concrete,2024-11-01,2024-12-01,1,1167.7,1077.3653740900718,-90.33462590992826,90.33462590992826,8160.344638286682,True,True,OK
RO1_DEMAND,VAR_DIFF,VAR_D3,Steel Reinforcement Bars,2024-11-01,2024-12-01,1,121.23,123.23889397234157,2.0088939723415677,2.0088939723415677,4.035654992110284,True,True,OK
RO1_DEMAND,VAR_DIFF,VAR_D3,Cement,2024-11-01,2025-02-01,3,379.05,378.19254170248615,-0.8574582975138583,0.8574582975138583,0.7352347319753643,True,True,OK
RO1_DEMAND,VAR_DIFF,VAR_D3,Granite,2024-11-01,2025-02-01,3,1672.6,1699.6336630244816,27.03366302448171,27.03366302448171,730.8189365212297,True,True,OK
RO1_DEMAND,VAR_DIFF,VAR_D3,Ready-Mixed Concrete,2024-11-01,2025-02-01,3,1046.6,1105.419192552774,58.819192552773984,58.819192552773984,3459.6974125603024,True,True,OK
RO1_DEMAND,VAR_DIFF,VAR_D3,Steel Reinforcement Bars,2024-11-01,2025-02-01,3,231.33,135.7596243071323,-95.57037569286771,95.57037569286771,9133.69671007588,True,True,OK
RO1_DEMAND,VAR_DIFF,VAR_D3,Cement,2024-11-01,2025-05-01,6,356.5,372.50509880682256,16.00509880682256,16.00509880682256,256.1631878161529,True,True,OK
RO1_DEMAND,VAR_DIFF,VAR_D3,Granite,2024-11-01,2025-05-01,6,1863.3,1703.8674259449729,-159.4325740550271,159.4325740550271,25418.7456698117,True,True,OK
RO1_DEMAND,VAR_DIFF,VAR_D3,Ready-Mixed Concrete,2024-11-01,2025-05-01,6,1142.6,1112.2626609404322,-30.33733905956774,30.33733905956774,920.3541412151744,True,True,OK
RO1_DEMAND,VAR_DIFF,VAR_D3,Steel Reinforcement Bars,2024-11-01,2025-05-01,6,174.15,139.0451208420762,-35.10487915792382,35.10487915792382,1232.352540692434,True,True,OK
RO1_DEMAND,VAR_DIFF,VAR_D3,Cement,2024-11-01,2025-11-01,12,373.57,370.7226620298479,-2.8473379701520685,2.8473379701520685,8.107333516269701,True,True,OK
RO1_DEMAND,VAR_DIFF,VAR_D3,Granite,2024-11-01,2025-11-01,12,2010.2,1698.792471137288,-311.40752886271207,311.40752886271207,96974.64903238085,True,True,OK
RO1_DEMAND,VAR_DIFF,VAR_D3,Ready-Mixed Concrete,2024-11-01,2025-11-01,12,1306.0,1116.864141417275,-189.13585858272495,189.13585858272495,35772.37300182453,True,True,OK
RO1_DEMAND,VAR_DIFF,VAR_D3,Steel Reinforcement Bars,2024-11-01,2025-11-01,12,167.38,139.0410405812496,-28.33895941875039,28.33895941875039,803.0966209375815,True,True,OK
RO1_DEMAND,VAR_DIFF,VAR_D3,Cement,2024-12-01,2025-01-01,1,314.17,403.1076583503121,88.93765835031206,88.93765835031206,7909.907072836833,True,True,OK
RO1_DEMAND,VAR_DIFF,VAR_D3,Granite,2024-12-01,2025-01-01,1,1589.2,1866.8266870936516,277.6266870936515,277.6266870936515,77076.5773865963,True,True,OK
RO1_DEMAND,VAR_DIFF,VAR_D3,Ready-Mixed Concrete,2024-12-01,2025-01-01,1,1031.1,1194.4546859321802,163.35468593218025,163.35468593218025,26684.753416001247,True,True,OK
RO1_DEMAND,VAR_DIFF,VAR_D3,Steel Reinforcement Bars,2024-12-01,2025-01-01,1,105.3,152.58322633002567,47.28322633002567,47.28322633002567,2235.703492176433,True,True,OK
RO1_DEMAND,VAR_DIFF,VAR_D3,Cement,2024-12-01,2025-03-01,3,382.02,403.37777729237274,21.35777729237276,21.35777729237276,456.15465087059346,True,True,OK
RO1_DEMAND,VAR_DIFF,VAR_D3,Granite,2024-12-01,2025-03-01,3,1925.7,1826.4736170416675,-99.22638295833258,99.22638295833258,9845.875074993673,True,True,OK
RO1_DEMAND,VAR_DIFF,VAR_D3,Ready-Mixed Concrete,2024-12-01,2025-03-01,3,1042.1,1183.182297332144,141.08229733214398,141.08229733214398,19904.214620515482,True,True,OK
RO1_DEMAND,VAR_DIFF,VAR_D3,Steel Reinforcement Bars,2024-12-01,2025-03-01,3,171.69,141.6551422180762,-30.03485778192379,30.03485778192379,902.0926819803881,True,True,OK
RO1_DEMAND,VAR_DIFF,VAR_D3,Cement,2024-12-01,2025-06-01,6,454.02,401.3272285227052,-52.6927714772948,52.6927714772948,2776.528165958412,True,True,OK
RO1_DEMAND,VAR_DIFF,VAR_D3,Granite,2024-12-01,2025-06-01,6,1765.6,1821.2777425080742,55.67774250807429,55.67774250807429,3100.0110107954224,True,True,OK
RO1_DEMAND,VAR_DIFF,VAR_D3,Ready-Mixed Concrete,2024-12-01,2025-06-01,6,1205.3,1181.1416964312648,-24.158303568735164,24.158303568735164,583.6236313191622,True,True,OK
RO1_DEMAND,VAR_DIFF,VAR_D3,Steel Reinforcement Bars,2024-12-01,2025-06-01,6,109.58,139.46314391379278,29.88314391379278,29.88314391379278,893.0022901724504,True,True,OK
RO1_DEMAND,VAR_DIFF,VAR_D3,Cement,2024-12-01,2025-12-01,12,628.44,398.8747676523757,-229.56523234762437,229.56523234762437,52700.19590281876,True,True,OK
RO1_DEMAND,VAR_DIFF,VAR_D3,Granite,2024-12-01,2025-12-01,12,2282.5,1820.0503420147409,-462.44965798525914,462.44965798525914,213859.68617068316,True,True,OK
RO1_DEMAND,VAR_DIFF,VAR_D3,Ready-Mixed Concrete,2024-12-01,2025-12-01,12,1432.3,1186.8615929055295,-245.43840709447045,245.43840709447045,60240.011677071,True,True,OK
RO1_DEMAND,VAR_DIFF,VAR_D3,Steel Reinforcement Bars,2024-12-01,2025-12-01,12,276.16,139.9781303244215,-136.18186967557853,136.18186967557853,18545.501628336253,True,True,OK
RO1_DEMAND,VAR_DIFF,VAR_D3,Cement,2025-01-01,2025-02-01,1,379.05,363.02311906540524,-16.02688093459477,16.02688093459477,256.86091249167737,True,True,OK
RO1_DEMAND,VAR_DIFF,VAR_D3,Granite,2025-01-01,2025-02-01,1,1672.6,1598.2955152989152,-74.30448470108468,74.30448470108468,5521.156446693726,True,True,OK
RO1_DEMAND,VAR_DIFF,VAR_D3,Ready-Mixed Concrete,2025-01-01,2025-02-01,1,1046.6,1067.1374401721441,20.537440172144215,20.537440172144215,421.786448824403,True,True,OK
RO1_DEMAND,VAR_DIFF,VAR_D3,Steel Reinforcement Bars,2025-01-01,2025-02-01,1,231.33,111.3728955570445,-119.95710444295551,119.95710444295551,14389.706906338137,True,True,OK
RO1_DEMAND,VAR_DIFF,VAR_D3,Cement,2025-01-01,2025-04-01,3,372.25,328.91966846655066,-43.33033153344934,43.33033153344934,1877.5176307986342,True,True,OK
RO1_DEMAND,VAR_DIFF,VAR_D3,Granite,2025-01-01,2025-04-01,3,1668.0,1582.872417947152,-85.12758205284808,85.12758205284808,7246.705226164383,True,True,OK
RO1_DEMAND,VAR_DIFF,VAR_D3,Ready-Mixed Concrete,2025-01-01,2025-04-01,3,1113.2,1053.5156042579065,-59.68439574209356,59.68439574209356,3562.2270950988354,True,True,OK
RO1_DEMAND,VAR_DIFF,VAR_D3,Steel Reinforcement Bars,2025-01-01,2025-04-01,3,152.83,108.73447426637424,-44.09552573362578,44.09552573362578,1944.4153897248532,True,True,OK
RO1_DEMAND,VAR_DIFF,VAR_D3,Cement,2025-01-01,2025-07-01,6,431.58,338.66337954712463,-92.91662045287535,92.91662045287535,8633.498356383694,True,True,OK
RO1_DEMAND,VAR_DIFF,VAR_D3,Granite,2025-01-01,2025-07-01,6,2113.3,1600.4081199744817,-512.8918800255185,512.8918800255185,263058.08059611084,True,True,OK
RO1_DEMAND,VAR_DIFF,VAR_D3,Ready-Mixed Concrete,2025-01-01,2025-07-01,6,1334.2,1066.5603923499682,-267.63960765003185,267.63960765003185,71630.95958306298,True,True,OK
RO1_DEMAND,VAR_DIFF,VAR_D3,Steel Reinforcement Bars,2025-01-01,2025-07-01,6,155.84,116.37426046883803,-39.46573953116197,39.46573953116197,1557.5445967415208,True,True,OK
RO1_DEMAND,VAR_DIFF,VAR_D3,Cement,2025-01-01,2026-01-01,12,455.63,340.8558323921514,-114.7741676078486,114.7741676078486,13173.109550074521,True,True,OK
RO1_DEMAND,VAR_DIFF,VAR_D3,Granite,2025-01-01,2026-01-01,12,2383.6,1597.0647316574166,-786.5352683425833,786.5352683425833,618637.7283467395,True,True,OK
RO1_DEMAND,VAR_DIFF,VAR_D3,Ready-Mixed Concrete,2025-01-01,2026-01-01,12,1513.8,1073.4397270088593,-440.3602729911406,440.3602729911406,193917.1700288319,True,True,OK
RO1_DEMAND,VAR_DIFF,VAR_D3,Steel Reinforcement Bars,2025-01-01,2026-01-01,12,235.92,116.66213256638879,-119.2578674336112,119.2578674336112,14222.438944812782,True,True,OK
RO1_DEMAND,VAR_DIFF,VAR_D3,Cement,2025-02-01,2025-03-01,1,382.02,332.4325849480148,-49.587415051985204,49.587415051985204,2458.911731537849,True,True,OK
RO1_DEMAND,VAR_DIFF,VAR_D3,Granite,2025-02-01,2025-03-01,1,1925.7,1593.7251225029397,-331.97487749706033,331.97487749706033,110207.31928918822,True,True,OK
RO1_DEMAND,VAR_DIFF,VAR_D3,Ready-Mixed Concrete,2025-02-01,2025-03-01,1,1042.1,1024.6510902429015,-17.448909757098363,17.448909757098363,304.46445171136247,True,True,OK
RO1_DEMAND,VAR_DIFF,VAR_D3,Steel Reinforcement Bars,2025-02-01,2025-03-01,1,171.69,173.92125502904855,2.2312550290485547,2.2312550290485547,4.978499004654466,True,True,OK
RO1_DEMAND,VAR_DIFF,VAR_D3,Cement,2025-02-01,2025-05-01,3,356.5,338.26248221408116,-18.23751778591884,18.23751778591884,332.60705499170604,True,True,OK
RO1_DEMAND,VAR_DIFF,VAR_D3,Granite,2025-02-01,2025-05-01,3,1863.3,1541.431245273234,-321.8687547267659,321.8687547267659,103599.495269359,True,True,OK
RO1_DEMAND,VAR_DIFF,VAR_D3,Ready-Mixed Concrete,2025-02-01,2025-05-01,3,1142.6,1023.6783114024851,-118.92168859751484,118.92168859751484,14142.368018884292,True,True,OK
RO1_DEMAND,VAR_DIFF,VAR_D3,Steel Reinforcement Bars,2025-02-01,2025-05-01,3,174.15,161.1143821968227,-13.035617803177303,13.035617803177303,169.92733151051306,True,True,OK
RO1_DEMAND,VAR_DIFF,VAR_D3,Cement,2025-02-01,2025-08-01,6,427.22,335.7350166631599,-91.48498333684012,91.48498333684012,8369.502176141914,True,True,OK
RO1_DEMAND,VAR_DIFF,VAR_D3,Granite,2025-02-01,2025-08-01,6,2098.6,1565.4472650425655,-533.1527349574344,533.1527349574344,284251.8387925923,True,True,OK
RO1_DEMAND,VAR_DIFF,VAR_D3,Ready-Mixed Concrete,2025-02-01,2025-08-01,6,1282.5,1033.8238223320739,-248.67617766792614,248.67617766792614,61839.841339529965,True,True,OK
RO1_DEMAND,VAR_DIFF,VAR_D3,Steel Reinforcement Bars,2025-02-01,2025-08-01,6,125.51,167.1707046762836,41.6607046762836,41.6607046762836,1735.6143141245182,True,True,OK
RO1_DEMAND,VAR_DIFF,VAR_D3,Cement,2025-02-01,2026-02-01,12,396.88,331.9898173738331,-64.8901826261669,64.8901826261669,4210.735801257293,True,True,OK
RO1_DEMAND,VAR_DIFF,VAR_D3,Granite,2025-02-01,2026-02-01,12,1726.7,1566.68386085824,-160.01613914176005,160.01613914176005,25605.164785835113,True,True,OK
RO1_DEMAND,VAR_DIFF,VAR_D3,Ready-Mixed Concrete,2025-02-01,2026-02-01,12,1123.1,1036.6892772618596,-86.4107227381403,86.4107227381403,7466.813004127756,True,True,OK
RO1_DEMAND,VAR_DIFF,VAR_D3,Steel Reinforcement Bars,2025-02-01,2026-02-01,12,165.5,171.66130789708518,6.16130789708518,6.16130789708518,37.96171500268421,True,True,OK
RO1_DEMAND,VAR_DIFF,VAR_D3,Cement,2025-03-01,2025-04-01,1,372.25,342.00747388670237,-30.24252611329763,30.24252611329763,914.610385713489,True,True,OK
RO1_DEMAND,VAR_DIFF,VAR_D3,Granite,2025-03-01,2025-04-01,1,1668.0,1700.775036715647,32.77503671564705,32.77503671564705,1074.203031712012,True,True,OK
RO1_DEMAND,VAR_DIFF,VAR_D3,Ready-Mixed Concrete,2025-03-01,2025-04-01,1,1113.2,1037.4925461715588,-75.7074538284412,75.7074538284412,5731.618565185557,True,True,OK
RO1_DEMAND,VAR_DIFF,VAR_D3,Steel Reinforcement Bars,2025-03-01,2025-04-01,1,152.83,141.35816498277728,-11.47183501722273,11.47183501722273,131.60299866237764,True,True,OK
RO1_DEMAND,VAR_DIFF,VAR_D3,Cement,2025-03-01,2025-06-01,3,454.02,381.5651476517242,-72.45485234827578,72.45485234827578,5249.705628810444,True,True,OK
RO1_DEMAND,VAR_DIFF,VAR_D3,Granite,2025-03-01,2025-06-01,3,1765.6,1741.2993546880343,-24.30064531196558,24.30064531196558,590.5213625779548,True,True,OK
RO1_DEMAND,VAR_DIFF,VAR_D3,Ready-Mixed Concrete,2025-03-01,2025-06-01,3,1205.3,1025.4793682985849,-179.8206317014151,179.8206317014151,32335.45958549597,True,True,OK
RO1_DEMAND,VAR_DIFF,VAR_D3,Steel Reinforcement Bars,2025-03-01,2025-06-01,3,109.58,176.96771066908968,67.38771066908969,67.38771066908969,4541.103549220944,True,True,OK
RO1_DEMAND,VAR_DIFF,VAR_D3,Cement,2025-03-01,2025-09-01,6,414.73,364.88551483257294,-49.84448516742708,49.84448516742708,2484.472701605858,True,True,OK
RO1_DEMAND,VAR_DIFF,VAR_D3,Granite,2025-03-01,2025-09-01,6,2107.6,1717.8971201802815,-389.7028798197184,389.7028798197184,151868.3345397819,True,True,OK
RO1_DEMAND,VAR_DIFF,VAR_D3,Ready-Mixed Concrete,2025-03-01,2025-09-01,6,1283.3,1027.9911266450963,-255.30887335490365,255.30887335490365,65182.62081375023,True,True,OK
RO1_DEMAND,VAR_DIFF,VAR_D3,Steel Reinforcement Bars,2025-03-01,2025-09-01,6,131.79,163.72755060309905,31.937550603099055,31.937550603099055,1020.0071385255128,True,True,OK
RO1_DEMAND,VAR_DIFF,VAR_D3,Cement,2025-03-01,2026-03-01,12,444.92,354.8810202116972,-90.03897978830281,90.03897978830281,8107.017881318402,True,True,OK
RO1_DEMAND,VAR_DIFF,VAR_D3,Granite,2025-03-01,2026-03-01,12,1890.0,1726.6177980639072,-163.38220193609277,163.38220193609277,26693.743909486195,True,True,OK
RO1_DEMAND,VAR_DIFF,VAR_D3,Ready-Mixed Concrete,2025-03-01,2026-03-01,12,1393.7,1035.695666512218,-358.0043334877821,358.0043334877821,128167.1027960311,True,True,OK
RO1_DEMAND,VAR_DIFF,VAR_D3,Steel Reinforcement Bars,2025-03-01,2026-03-01,12,187.65,164.63834198684074,-23.011658013159263,23.011658013159263,529.5364045145969,True,True,OK
RO1_DEMAND,VAR_DIFF,VAR_D3,Cement,2025-04-01,2025-05-01,1,356.5,367.8184399819303,11.318439981930283,11.318439981930283,128.107083624558,True,True,OK
RO1_DEMAND,VAR_DIFF,VAR_D3,Granite,2025-04-01,2025-05-01,1,1863.3,1710.009845202741,-153.290154797259,153.290154797259,23497.871557767623,True,True,OK
RO1_DEMAND,VAR_DIFF,VAR_D3,Ready-Mixed Concrete,2025-04-01,2025-05-01,1,1142.6,1073.3675881204263,-69.23241187957365,69.23241187957365,4793.12685466293,True,True,OK
RO1_DEMAND,VAR_DIFF,VAR_D3,Steel Reinforcement Bars,2025-04-01,2025-05-01,1,174.15,166.09122913230541,-8.05877086769459,8.05877086769459,64.94378789800302,True,True,OK
RO1_DEMAND,VAR_DIFF,VAR_D3,Cement,2025-04-01,2025-07-01,3,431.58,358.9182208182786,-72.66177918172139,72.66177918172139,5279.734153853239,True,True,OK
RO1_DEMAND,VAR_DIFF,VAR_D3,Granite,2025-04-01,2025-07-01,3,2113.3,1791.27301595222,-322.02698404778016,322.02698404778016,103701.37845490925,True,True,OK
RO1_DEMAND,VAR_DIFF,VAR_D3,Ready-Mixed Concrete,2025-04-01,2025-07-01,3,1334.2,1101.6811591318033,-232.51884086819678,232.51884086819678,54065.011358689815,True,True,OK
RO1_DEMAND,VAR_DIFF,VAR_D3,Steel Reinforcement Bars,2025-04-01,2025-07-01,3,155.84,172.79259991727187,16.95259991727187,16.95259991727187,287.39064395508615,True,True,OK
RO1_DEMAND,VAR_DIFF,VAR_D3,Cement,2025-04-01,2025-10-01,6,553.71,378.17710409268744,-175.5328959073126,175.5328959073126,30811.79754560744,True,True,OK
RO1_DEMAND,VAR_DIFF,VAR_D3,Granite,2025-04-01,2025-10-01,6,2147.9,1767.6289344332986,-380.2710655667015,380.2710655667015,144606.0833072346,True,True,OK
RO1_DEMAND,VAR_DIFF,VAR_D3,Ready-Mixed Concrete,2025-04-01,2025-10-01,6,1401.3,1093.5309040916384,-307.7690959083616,307.7690959083616,94721.81639625027,True,True,OK
RO1_DEMAND,VAR_DIFF,VAR_D3,Steel Reinforcement Bars,2025-04-01,2025-10-01,6,146.31,175.26476479706199,28.954764797061983,28.954764797061983,838.3784044531799,True,True,OK
RO1_DEMAND,VAR_DIFF,VAR_D3,Cement,2025-04-01,2026-04-01,12,420.73,379.28245440615495,-41.447545593845064,41.447545593845064,1717.8990357538653,True,True,OK
RO1_DEMAND,VAR_DIFF,VAR_D3,Granite,2025-04-01,2026-04-01,12,2102.3,1758.8568422246365,-343.4431577753637,343.4431577753637,117953.20262271338,True,True,OK
RO1_DEMAND,VAR_DIFF,VAR_D3,Ready-Mixed Concrete,2025-04-01,2026-04-01,12,1407.7,1096.835767921597,-310.8642320784031,310.8642320784031,96636.57078569528,True,True,OK
RO1_DEMAND,VAR_DIFF,VAR_D3,Steel Reinforcement Bars,2025-04-01,2026-04-01,12,232.35,173.78204902991817,-58.567950970081824,58.567950970081824,3430.2048808339086,True,True,OK
RO1_DEMAND,VAR_DIFF,VAR_D3,Cement,2025-05-01,2025-06-01,1,454.02,421.0290604022081,-32.99093959779191,32.99093959779191,1088.402095545154,True,True,OK
RO1_DEMAND,VAR_DIFF,VAR_D3,Granite,2025-05-01,2025-06-01,1,1765.6,1901.1330873812353,135.53308738123542,135.53308738123542,18369.217775089597,True,True,OK
RO1_DEMAND,VAR_DIFF,VAR_D3,Ready-Mixed Concrete,2025-05-01,2025-06-01,1,1205.3,1132.940319084485,-72.3596809155149,72.3596809155149,5235.923422195131,True,True,OK
RO1_DEMAND,VAR_DIFF,VAR_D3,Steel Reinforcement Bars,2025-05-01,2025-06-01,1,109.58,185.0881537301634,75.50815373016341,75.50815373016341,5701.481279737991,True,True,OK
RO1_DEMAND,VAR_DIFF,VAR_D3,Cement,2025-05-01,2025-08-01,3,427.22,393.3874606917073,-33.83253930829272,33.83253930829272,1144.6407160471722,True,True,OK
RO1_DEMAND,VAR_DIFF,VAR_D3,Granite,2025-05-01,2025-08-01,3,2098.6,1871.7689477512029,-226.83105224879705,226.83105224879705,51452.3262642965,True,True,OK
RO1_DEMAND,VAR_DIFF,VAR_D3,Ready-Mixed Concrete,2025-05-01,2025-08-01,3,1282.5,1144.6671947871007,-137.8328052128993,137.8328052128993,18997.88219285704,True,True,OK
RO1_DEMAND,VAR_DIFF,VAR_D3,Steel Reinforcement Bars,2025-05-01,2025-08-01,3,125.51,175.50225845797138,49.992258457971374,49.992258457971374,2499.2259057286105,True,True,OK
RO1_DEMAND,VAR_DIFF,VAR_D3,Cement,2025-05-01,2025-11-01,6,373.57,382.42891640719705,8.858916407197057,8.858916407197057,78.48039990970521,True,True,OK
RO1_DEMAND,VAR_DIFF,VAR_D3,Granite,2025-05-01,2025-11-01,6,2010.2,1879.575156123898,-130.62484387610198,130.62484387610198,17062.849837656016,True,True,OK
RO1_DEMAND,VAR_DIFF,VAR_D3,Ready-Mixed Concrete,2025-05-01,2025-11-01,6,1306.0,1143.6163059711896,-162.3836940288104,162.3836940288104,26368.464086442313,True,True,OK
RO1_DEMAND,VAR_DIFF,VAR_D3,Steel Reinforcement Bars,2025-05-01,2025-11-01,6,167.38,176.64070515544492,9.260705155444924,9.260705155444924,85.7606599760842,True,True,OK
RO1_DEMAND,VAR_DIFF,VAR_D3,Cement,2025-05-01,2026-05-01,12,455.34,387.0038869765835,-68.33611302341649,68.33611302341649,4669.824343149153,True,True,OK
RO1_DEMAND,VAR_DIFF,VAR_D3,Granite,2025-05-01,2026-05-01,12,2054.7,1880.3818365419202,-174.31816345807965,174.31816345807965,30386.822111397778,True,True,OK
RO1_DEMAND,VAR_DIFF,VAR_D3,Ready-Mixed Concrete,2025-05-01,2026-05-01,12,1315.0,1148.878444357107,-166.1215556428931,166.1215556428931,27596.37124921483,True,True,OK
RO1_DEMAND,VAR_DIFF,VAR_D3,Steel Reinforcement Bars,2025-05-01,2026-05-01,12,262.3,179.67902286282163,-82.62097713717839,82.62097713717839,6826.225863102153,True,True,OK
RO1_DEMAND,VAR_DIFF,VAR_D3,Cement,2025-06-01,2025-07-01,1,431.58,393.12766317878334,-38.45233682121665,38.45233682121665,1478.5822070122936,True,True,OK
RO1_DEMAND,VAR_DIFF,VAR_D3,Granite,2025-06-01,2025-07-01,1,2113.3,1902.9778756970363,-210.32212430296386,210.32212430296386,44235.39597131138,True,True,OK
RO1_DEMAND,VAR_DIFF,VAR_D3,Ready-Mixed Concrete,2025-06-01,2025-07-01,1,1334.2,1216.1808604668852,-118.01913953311487,118.01913953311487,13928.517296136837,True,True,OK
RO1_DEMAND,VAR_DIFF,VAR_D3,Steel Reinforcement Bars,2025-06-01,2025-07-01,1,155.84,154.792438038353,-1.0475619616470055,1.0475619616470055,1.0973860634897223,True,True,OK
RO1_DEMAND,VAR_DIFF,VAR_D3,Cement,2025-06-01,2025-09-01,3,414.73,413.9674351665746,-0.7625648334254151,0.7625648334254151,0.5815051251771312,True,True,OK
RO1_DEMAND,VAR_DIFF,VAR_D3,Granite,2025-06-01,2025-09-01,3,2107.6,1920.869423565969,-186.7305764340308,186.7305764340308,34868.30817538542,True,True,OK
RO1_DEMAND,VAR_DIFF,VAR_D3,Ready-Mixed Concrete,2025-06-01,2025-09-01,3,1283.3,1226.8487897102152,-56.45121028978474,56.45121028978474,3186.7391431814985,True,True,OK
RO1_DEMAND,VAR_DIFF,VAR_D3,Steel Reinforcement Bars,2025-06-01,2025-09-01,3,131.79,149.9844049558948,18.19440495589481,18.19440495589481,331.03637169908967,True,True,OK
RO1_DEMAND,VAR_DIFF,VAR_D3,Cement,2025-06-01,2025-12-01,6,628.44,416.49910156157506,-211.940898438425,211.940898438425,44918.944430886775,True,True,OK
RO1_DEMAND,VAR_DIFF,VAR_D3,Granite,2025-06-01,2025-12-01,6,2282.5,1900.3796360198944,-382.1203639801056,382.1203639801056,146015.9725682884,True,True,OK
RO1_DEMAND,VAR_DIFF,VAR_D3,Ready-Mixed Concrete,2025-06-01,2025-12-01,6,1432.3,1220.875434626058,-211.42456537394196,211.42456537394196,44700.346843560255,True,True,OK
RO1_DEMAND,VAR_DIFF,VAR_D3,Steel Reinforcement Bars,2025-06-01,2025-12-01,6,276.16,147.12681444147205,-129.03318555852798,129.03318555852798,16649.562975381512,True,True,OK
RO1_DEMAND,VAR_DIFF,VAR_D3,Cement,2025-07-01,2025-08-01,1,427.22,448.48934343491965,21.26934343491962,21.26934343491962,452.3849701525583,True,True,OK
RO1_DEMAND,VAR_DIFF,VAR_D3,Granite,2025-07-01,2025-08-01,1,2098.6,2071.02849142717,-27.57150857282977,27.57150857282977,760.1880849816256,True,True,OK
RO1_DEMAND,VAR_DIFF,VAR_D3,Ready-Mixed Concrete,2025-07-01,2025-08-01,1,1282.5,1286.9852961527322,4.4852961527321895,4.4852961527321895,20.11788157771418,True,True,OK
RO1_DEMAND,VAR_DIFF,VAR_D3,Steel Reinforcement Bars,2025-07-01,2025-08-01,1,125.51,144.40808884681582,18.89808884681581,18.89808884681581,357.13776206214413,True,True,OK
RO1_DEMAND,VAR_DIFF,VAR_D3,Cement,2025-07-01,2025-10-01,3,553.71,467.8071796609246,-85.90282033907545,85.90282033907545,7379.2945422074745,True,True,OK
RO1_DEMAND,VAR_DIFF,VAR_D3,Granite,2025-07-01,2025-10-01,3,2147.9,2074.6126452668477,-73.28735473315237,73.28735473315237,5371.036363782911,True,True,OK
RO1_DEMAND,VAR_DIFF,VAR_D3,Ready-Mixed Concrete,2025-07-01,2025-10-01,3,1401.3,1307.4262255592482,-93.87377444075173,93.87377444075173,8812.285527753133,True,True,OK
RO1_DEMAND,VAR_DIFF,VAR_D3,Steel Reinforcement Bars,2025-07-01,2025-10-01,3,146.31,152.2393737945165,5.9293737945164935,5.9293737945164935,35.15747359509892,True,True,OK
RO1_DEMAND,VAR_DIFF,VAR_D3,Cement,2025-07-01,2026-01-01,6,455.63,452.1062586010294,-3.5237413989705715,3.5237413989705715,12.41675344681908,True,True,OK
RO1_DEMAND,VAR_DIFF,VAR_D3,Granite,2025-07-01,2026-01-01,6,2383.6,2074.4810237346423,-309.11897626535756,309.11897626535756,95554.54148734269,True,True,OK
RO1_DEMAND,VAR_DIFF,VAR_D3,Ready-Mixed Concrete,2025-07-01,2026-01-01,6,1513.8,1306.3449292301425,-207.45507076985746,207.45507076985746,43037.606388126565,True,True,OK
RO1_DEMAND,VAR_DIFF,VAR_D3,Steel Reinforcement Bars,2025-07-01,2026-01-01,6,235.92,148.5850422058923,-87.33495779410768,87.33495779410768,7627.39485289857,True,True,OK
RO1_DEMAND,VAR_DIFF,VAR_D3,Cement,2025-08-01,2025-09-01,1,414.73,448.25063428844396,33.520634288443944,33.520634288443944,1123.6329230996039,True,True,OK
RO1_DEMAND,VAR_DIFF,VAR_D3,Granite,2025-08-01,2025-09-01,1,2107.6,2108.391955846549,0.7919558465491718,0.7919558465491718,0.6271940628834154,True,True,OK
RO1_DEMAND,VAR_DIFF,VAR_D3,Ready-Mixed Concrete,2025-08-01,2025-09-01,1,1283.3,1310.0373050980893,26.737305098089337,26.737305098089337,714.883483908314,True,True,OK
RO1_DEMAND,VAR_DIFF,VAR_D3,Steel Reinforcement Bars,2025-08-01,2025-09-01,1,131.79,138.878860976779,7.088860976779017,7.088860976779017,50.25194994810036,True,True,OK
RO1_DEMAND,VAR_DIFF,VAR_D3,Cement,2025-08-01,2025-11-01,3,373.57,434.19540448176963,60.625404481769635,60.625404481769635,3675.439668578174,True,True,OK
RO1_DEMAND,VAR_DIFF,VAR_D3,Granite,2025-08-01,2025-11-01,3,2010.2,2077.353638712705,67.15363871270506,67.15363871270506,4509.6111923565195,True,True,OK
RO1_DEMAND,VAR_DIFF,VAR_D3,Ready-Mixed Concrete,2025-08-01,2025-11-01,3,1306.0,1292.7262495894183,-13.27375041058167,13.27375041058167,176.19244996241704,True,True,OK
RO1_DEMAND,VAR_DIFF,VAR_D3,Steel Reinforcement Bars,2025-08-01,2025-11-01,3,167.38,137.04432282741007,-30.335677172589925,30.335677172589925,920.2533095195935,True,True,OK
RO1_DEMAND,VAR_DIFF,VAR_D3,Cement,2025-08-01,2026-02-01,6,396.88,446.251191677795,49.371191677795025,49.371191677795025,2437.514567685577,True,True,OK
RO1_DEMAND,VAR_DIFF,VAR_D3,Granite,2025-08-01,2026-02-01,6,1726.7,2092.2477660688573,365.5477660688573,365.5477660688573,133625.16927793203,True,True,OK
RO1_DEMAND,VAR_DIFF,VAR_D3,Ready-Mixed Concrete,2025-08-01,2026-02-01,6,1123.1,1304.4619027518263,181.3619027518264,181.3619027518264,32892.139769762936,True,True,OK
RO1_DEMAND,VAR_DIFF,VAR_D3,Steel Reinforcement Bars,2025-08-01,2026-02-01,6,165.5,140.48356313082567,-25.016436869174328,25.016436869174328,625.8221136293846,True,True,OK
RO1_DEMAND,VAR_DIFF,VAR_D3,Cement,2025-09-01,2025-10-01,1,553.71,456.2045359375189,-97.50546406248111,97.50546406248111,9507.315522039795,True,True,OK
RO1_DEMAND,VAR_DIFF,VAR_D3,Granite,2025-09-01,2025-10-01,1,2147.9,2085.1526122728933,-62.7473877271068,62.7473877271068,3937.234666575873,True,True,OK
RO1_DEMAND,VAR_DIFF,VAR_D3,Ready-Mixed Concrete,2025-09-01,2025-10-01,1,1401.3,1290.7868788656233,-110.51312113437666,110.51312113437666,12213.14994286141,True,True,OK
RO1_DEMAND,VAR_DIFF,VAR_D3,Steel Reinforcement Bars,2025-09-01,2025-10-01,1,146.31,142.7622780572168,-3.5477219427831983,3.5477219427831983,12.586330983305391,True,True,OK
RO1_DEMAND,VAR_DIFF,VAR_D3,Cement,2025-09-01,2025-12-01,3,628.44,426.5992847507482,-201.84071524925184,201.84071524925184,40739.67433232957,True,True,OK
RO1_DEMAND,VAR_DIFF,VAR_D3,Granite,2025-09-01,2025-12-01,3,2282.5,2076.3464081434804,-206.1535918565196,206.1535918565196,42499.30343534446,True,True,OK
RO1_DEMAND,VAR_DIFF,VAR_D3,Ready-Mixed Concrete,2025-09-01,2025-12-01,3,1432.3,1285.2069727856522,-147.09302721434779,147.09302721434779,21636.358655080858,True,True,OK
RO1_DEMAND,VAR_DIFF,VAR_D3,Steel Reinforcement Bars,2025-09-01,2025-12-01,3,276.16,133.63974894908404,-142.520251050916,142.520251050916,20312.02195961612,True,True,OK
RO1_DEMAND,VAR_DIFF,VAR_D3,Cement,2025-09-01,2026-03-01,6,444.92,427.4919371699541,-17.428062830045917,17.428062830045917,303.7373740080281,True,True,OK
RO1_DEMAND,VAR_DIFF,VAR_D3,Granite,2025-09-01,2026-03-01,6,1890.0,2080.7191694319513,190.7191694319513,190.7191694319513,36373.801588813345,True,True,OK
RO1_DEMAND,VAR_DIFF,VAR_D3,Ready-Mixed Concrete,2025-09-01,2026-03-01,6,1393.7,1288.048048137433,-105.6519518625671,105.6519518625671,11162.334932370197,True,True,OK
RO1_DEMAND,VAR_DIFF,VAR_D3,Steel Reinforcement Bars,2025-09-01,2026-03-01,6,187.65,136.64643107522505,-51.00356892477495,51.00356892477495,2601.3640430642695,True,True,OK
RO1_DEMAND,VAR_DIFF,VAR_D3,Cement,2025-10-01,2025-11-01,1,373.57,450.5674243925517,76.9974243925517,76.9974243925517,5928.603363086714,True,True,OK
RO1_DEMAND,VAR_DIFF,VAR_D3,Granite,2025-10-01,2025-11-01,1,2010.2,2145.3018655022947,135.1018655022947,135.1018655022947,18252.514062200124,True,True,OK
RO1_DEMAND,VAR_DIFF,VAR_D3,Ready-Mixed Concrete,2025-10-01,2025-11-01,1,1306.0,1341.6325621316278,35.632562131627765,35.632562131627765,1269.679484064313,True,True,OK
RO1_DEMAND,VAR_DIFF,VAR_D3,Steel Reinforcement Bars,2025-10-01,2025-11-01,1,167.38,139.88795468734565,-27.49204531265434,27.49204531265434,755.8125554730395,True,True,OK
RO1_DEMAND,VAR_DIFF,VAR_D3,Cement,2025-10-01,2026-01-01,3,455.63,487.7008109508515,32.070810950851524,32.070810950851524,1028.536915045258,True,True,OK
RO1_DEMAND,VAR_DIFF,VAR_D3,Granite,2025-10-01,2026-01-01,3,2383.6,2201.8506007187875,-181.7493992812124,181.7493992812124,33032.844139081564,True,True,OK
RO1_DEMAND,VAR_DIFF,VAR_D3,Ready-Mixed Concrete,2025-10-01,2026-01-01,3,1513.8,1384.5656534533787,-129.23434654662128,129.23434654662128,16701.516327332203,True,True,OK
RO1_DEMAND,VAR_DIFF,VAR_D3,Steel Reinforcement Bars,2025-10-01,2026-01-01,3,235.92,142.93496758379638,-92.98503241620361,92.98503241620361,8646.216253442435,True,True,OK
RO1_DEMAND,VAR_DIFF,VAR_D3,Cement,2025-10-01,2026-04-01,6,420.73,482.1402469629495,61.410246962949486,61.410246962949486,3771.2184320504466,True,True,OK
RO1_DEMAND,VAR_DIFF,VAR_D3,Granite,2025-10-01,2026-04-01,6,2102.3,2182.9436456453764,80.64364564537618,80.64364564537618,6503.397582977001,True,True,OK
RO1_DEMAND,VAR_DIFF,VAR_D3,Ready-Mixed Concrete,2025-10-01,2026-04-01,6,1407.7,1377.3844884217817,-30.31551157821832,30.31551157821832,919.030242249089,True,True,OK
RO1_DEMAND,VAR_DIFF,VAR_D3,Steel Reinforcement Bars,2025-10-01,2026-04-01,6,232.35,138.21330839577195,-94.13669160422805,94.13669160422805,8861.71670618954,True,True,OK
RO1_DEMAND,VAR_DIFF,VAR_D3,Cement,2025-11-01,2025-12-01,1,628.44,452.20805300579457,-176.2319469942055,176.2319469942055,31057.699141368452,True,True,OK
RO1_DEMAND,VAR_DIFF,VAR_D3,Granite,2025-11-01,2025-12-01,1,2282.5,2097.7829605298352,-184.71703947016476,184.71703947016476,34120.38467062241,True,True,OK
RO1_DEMAND,VAR_DIFF,VAR_D3,Ready-Mixed Concrete,2025-11-01,2025-12-01,1,1432.3,1340.6106827542278,-91.68931724577214,91.68931724577214,8406.93089699585,True,True,OK
RO1_DEMAND,VAR_DIFF,VAR_D3,Steel Reinforcement Bars,2025-11-01,2025-12-01,1,276.16,145.216500226725,-130.94349977327502,130.94349977327502,17146.200132873677,True,True,OK
RO1_DEMAND,VAR_DIFF,VAR_D3,Cement,2025-11-01,2026-02-01,3,396.88,443.7770417344426,46.89704173444261,46.89704173444261,2199.3325234420518,True,True,OK
RO1_DEMAND,VAR_DIFF,VAR_D3,Granite,2025-11-01,2026-02-01,3,1726.7,2068.866984145127,342.1669841451269,342.1669841451269,117078.24503897152,True,True,OK
RO1_DEMAND,VAR_DIFF,VAR_D3,Ready-Mixed Concrete,2025-11-01,2026-02-01,3,1123.1,1335.2180852426206,212.11808524262074,212.11808524262074,44994.08208699572,True,True,OK
RO1_DEMAND,VAR_DIFF,VAR_D3,Steel Reinforcement Bars,2025-11-01,2026-02-01,3,165.5,152.17132423447137,-13.32867576552863,13.32867576552863,177.6535976625902,True,True,OK
RO1_DEMAND,VAR_DIFF,VAR_D3,Cement,2025-11-01,2026-05-01,6,455.34,447.3184005460926,-8.021599453907356,8.021599453907356,64.3460577989268,True,True,OK
RO1_DEMAND,VAR_DIFF,VAR_D3,Granite,2025-11-01,2026-05-01,6,2054.7,2089.0084543808002,34.30845438080041,34.30845438080041,1177.070041999463,True,True,OK
RO1_DEMAND,VAR_DIFF,VAR_D3,Ready-Mixed Concrete,2025-11-01,2026-05-01,6,1315.0,1348.8103118265792,33.81031182657921,33.81031182657921,1143.137185810522,True,True,OK
RO1_DEMAND,VAR_DIFF,VAR_D3,Steel Reinforcement Bars,2025-11-01,2026-05-01,6,262.3,154.86147508821256,-107.43852491178745,107.43852491178745,11543.036635220773,True,True,OK
RO1_DEMAND,VAR_DIFF,VAR_D3,Cement,2025-12-01,2026-01-01,1,455.63,475.7779397566105,20.147939756610526,20.147939756610526,405.93947643600706,True,True,OK
RO1_DEMAND,VAR_DIFF,VAR_D3,Granite,2025-12-01,2026-01-01,1,2383.6,2162.5635234075485,-221.03647659245144,221.03647659245144,48857.123984405334,True,True,OK
RO1_DEMAND,VAR_DIFF,VAR_D3,Ready-Mixed Concrete,2025-12-01,2026-01-01,1,1513.8,1361.118899353263,-152.68110064673692,152.68110064673692,23311.51849469901,True,True,OK
RO1_DEMAND,VAR_DIFF,VAR_D3,Steel Reinforcement Bars,2025-12-01,2026-01-01,1,235.92,203.6656083896571,-32.25439161034288,32.25439161034288,1040.345778153357,True,True,OK
RO1_DEMAND,VAR_DIFF,VAR_D3,Cement,2025-12-01,2026-03-01,3,444.92,517.6046889413915,72.68468894139147,72.68468894139147,5283.0640065068355,True,True,OK
RO1_DEMAND,VAR_DIFF,VAR_D3,Granite,2025-12-01,2026-03-01,3,1890.0,2159.8277751740693,269.8277751740693,269.8277751740693,72807.0282553881,True,True,OK
RO1_DEMAND,VAR_DIFF,VAR_D3,Ready-Mixed Concrete,2025-12-01,2026-03-01,3,1393.7,1389.3911576855899,-4.308842314410185,4.308842314410185,18.56612209045172,True,True,OK
RO1_DEMAND,VAR_DIFF,VAR_D3,Steel Reinforcement Bars,2025-12-01,2026-03-01,3,187.65,209.22907245531388,21.579072455313877,21.579072455313877,465.6563680316861,True,True,OK
RO1_DEMAND,VAR_DIFF,VAR_D3,Cement,2026-01-01,2026-02-01,1,396.88,537.1541777044156,140.2741777044156,140.2741777044156,19676.844930649964,True,True,OK
RO1_DEMAND,VAR_DIFF,VAR_D3,Granite,2026-01-01,2026-02-01,1,1726.7,2362.476447905976,635.7764479059758,635.7764479059758,404211.69171194,True,True,OK
RO1_DEMAND,VAR_DIFF,VAR_D3,Ready-Mixed Concrete,2026-01-01,2026-02-01,1,1123.1,1505.864595947672,382.764595947672,382.764595947672,146508.7359109846,True,True,OK
RO1_DEMAND,VAR_DIFF,VAR_D3,Steel Reinforcement Bars,2026-01-01,2026-02-01,1,165.5,215.89482888464056,50.39482888464056,50.39482888464056,2539.6387783122027,True,True,OK
RO1_DEMAND,VAR_DIFF,VAR_D3,Cement,2026-01-01,2026-04-01,3,420.73,546.121717659371,125.39171765937101,125.39171765937101,15723.082857567415,True,True,OK
RO1_DEMAND,VAR_DIFF,VAR_D3,Granite,2026-01-01,2026-04-01,3,2102.3,2404.8198147091,302.5198147090996,302.5198147090996,91518.23829162795,True,True,OK
RO1_DEMAND,VAR_DIFF,VAR_D3,Ready-Mixed Concrete,2026-01-01,2026-04-01,3,1407.7,1512.4500660949666,104.75006609496654,104.75006609496654,10972.57634689986,True,True,OK
RO1_DEMAND,VAR_DIFF,VAR_D3,Steel Reinforcement Bars,2026-01-01,2026-04-01,3,232.35,246.28032903013008,13.930329030130082,13.930329030130082,194.0540668876849,True,True,OK
RO1_DEMAND,VAR_DIFF,VAR_D3,Cement,2026-02-01,2026-03-01,1,444.92,449.54541133709256,4.625411337092544,4.625411337092544,21.394430037304232,True,True,OK
RO1_DEMAND,VAR_DIFF,VAR_D3,Granite,2026-02-01,2026-03-01,1,1890.0,1823.4231307250484,-66.5768692749516,66.5768692749516,4432.479522453995,True,True,OK
RO1_DEMAND,VAR_DIFF,VAR_D3,Ready-Mixed Concrete,2026-02-01,2026-03-01,1,1393.7,1238.9440930789806,-154.75590692101946,154.75590692101946,23949.39072694724,True,True,OK
RO1_DEMAND,VAR_DIFF,VAR_D3,Steel Reinforcement Bars,2026-02-01,2026-03-01,1,187.65,197.84139437875112,10.191394378751113,10.191394378751113,103.86451938323978,True,True,OK
RO1_DEMAND,VAR_DIFF,VAR_D3,Cement,2026-02-01,2026-05-01,3,455.34,379.74119462879344,-75.59880537120654,75.59880537120654,5715.179373553567,True,True,OK
RO1_DEMAND,VAR_DIFF,VAR_D3,Granite,2026-02-01,2026-05-01,3,2054.7,1811.1954358133746,-243.5045641866252,243.5045641866252,59294.47277971827,True,True,OK
RO1_DEMAND,VAR_DIFF,VAR_D3,Ready-Mixed Concrete,2026-02-01,2026-05-01,3,1315.0,1204.6785529441477,-110.32144705585233,110.32144705585233,12170.821680497229,True,True,OK
RO1_DEMAND,VAR_DIFF,VAR_D3,Steel Reinforcement Bars,2026-02-01,2026-05-01,3,262.3,184.3505543225387,-77.94944567746131,77.94944567746131,6076.116081423492,True,True,OK
RO1_DEMAND,VAR_DIFF,VAR_D3,Cement,2026-03-01,2026-04-01,1,420.73,477.31090045865415,56.58090045865413,56.58090045865413,3201.398296712127,True,True,OK
RO1_DEMAND,VAR_DIFF,VAR_D3,Granite,2026-03-01,2026-04-01,1,2102.3,2089.6034072756793,-12.696592724320908,12.696592724320908,161.20346680727863,True,True,OK
RO1_DEMAND,VAR_DIFF,VAR_D3,Ready-Mixed Concrete,2026-03-01,2026-04-01,1,1407.7,1391.6830607135369,-16.016939286463185,16.016939286463185,256.5423441062478,True,True,OK
RO1_DEMAND,VAR_DIFF,VAR_D3,Steel Reinforcement Bars,2026-03-01,2026-04-01,1,232.35,248.81065861618174,16.460658616181746,16.460658616181746,270.95328207847837,True,True,OK
RO1_DEMAND,VAR_DIFF,VAR_D3,Cement,2026-04-01,2026-05-01,1,455.34,414.736622864486,-40.603377135513995,40.603377135513995,1648.6342348087805,True,True,OK
RO1_DEMAND,VAR_DIFF,VAR_D3,Granite,2026-04-01,2026-05-01,1,2054.7,1981.7907606259607,-72.90923937403909,72.90923937403909,5315.757186100932,True,True,OK
RO1_DEMAND,VAR_DIFF,VAR_D3,Ready-Mixed Concrete,2026-04-01,2026-05-01,1,1315.0,1331.637060512097,16.637060512096923,16.637060512096923,276.79178248317476,True,True,OK
RO1_DEMAND,VAR_DIFF,VAR_D3,Steel Reinforcement Bars,2026-04-01,2026-05-01,1,262.3,177.89843583919338,-84.40156416080663,84.40156416080663,7123.624032790758,True,True,OK
