dataset,material,forecast_origin,target_date,horizon,multivariate_model,baseline_model,actual_multi,prediction_multi,actual_base,prediction_base,multivariate_loss,baseline_loss,loss_difference
RO1_PRICE,Cement,2024-07-01,2024-08-01,1,VECM,ETS,108.4,108.46494476857438,108.4,108.64354015629984,0.06494476857437803,0.2435401562998294,-0.17859538772545136
RO1_PRICE,Concreting Sand,2024-07-01,2024-08-01,1,VECM,ETS,27.7,26.67344888599503,27.7,27.50000000745058,1.0265511140049703,0.1999999925494187,0.8265511214555517
RO1_PRICE,Granite,2024-07-01,2024-08-01,1,VECM,ETS,22.8,21.565708796626005,22.8,22.99999998807907,1.2342912033739957,0.19999998807907104,1.0342912152949246
RO1_PRICE,Ready-Mixed Concrete,2024-07-01,2024-08-01,1,VECM,ETS,119.9,118.22668217815422,119.9,120.49999999254942,1.6733178218457851,0.5999999925494137,1.0733178292963714
RO1_PRICE,Steel Reinforcement Bars,2024-07-01,2024-08-01,1,VECM,ETS,786.2,799.9919127756609,786.2,797.5145329999783,13.791912775660876,11.314532999978269,2.477379775682607
RO1_PRICE,Cement,2024-07-01,2024-10-01,3,VECM,ETS,107.4,107.87581766371687,107.4,108.05972507704584,0.4758176637168674,0.6597250770458345,-0.1839074133289671
RO1_PRICE,Concreting Sand,2024-07-01,2024-10-01,3,VECM,ETS,27.7,26.65818944468853,27.7,27.50000000745058,1.0418105553114678,0.1999999925494187,0.8418105627620491
RO1_PRICE,Granite,2024-07-01,2024-10-01,3,VECM,ETS,22.4,21.38533378884086,22.4,22.99999998807907,1.0146662111591382,0.5999999880790732,0.41466622308006507
RO1_PRICE,Ready-Mixed Concrete,2024-07-01,2024-10-01,3,VECM,ETS,120.3,117.84355407738758,120.3,120.49999999254942,2.456445922612417,0.19999999254942225,2.256445930062995
RO1_PRICE,Steel Reinforcement Bars,2024-07-01,2024-10-01,3,VECM,ETS,753.6,802.3070060499483,753.6,792.2074605354753,48.70700604994829,38.6074605354753,10.099545514472993
RO1_PRICE,Cement,2024-07-01,2025-01-01,6,VECM,ETS,104.4,107.35899475780812,104.4,107.45074173112944,2.9589947578081137,3.0507417311294347,-0.09174697332132098
RO1_PRICE,Concreting Sand,2024-07-01,2025-01-01,6,VECM,ETS,27.4,26.645804286619544,27.4,27.50000000745058,0.7541957133804544,0.10000000745058202,0.6541957059298724
RO1_PRICE,Granite,2024-07-01,2025-01-01,6,VECM,ETS,22.6,21.45624900399648,22.6,22.99999998807907,1.1437509960035221,0.39999998807907033,0.7437510079244518
RO1_PRICE,Ready-Mixed Concrete,2024-07-01,2025-01-01,6,VECM,ETS,119.9,117.69805249350864,119.9,120.49999999254942,2.201947506491365,0.5999999925494137,1.6019475139419512
RO1_PRICE,Steel Reinforcement Bars,2024-07-01,2025-01-01,6,VECM,ETS,724.1,814.2266883566137,724.1,787.6032803351599,90.12668835661373,63.50328033515984,26.623408021453884
RO1_PRICE,Cement,2024-07-01,2025-07-01,12,VECM,ETS,101.1,107.00924393541128,101.1,106.80711037635196,5.909243935411283,5.707110376351963,0.20213355905931962
RO1_PRICE,Concreting Sand,2024-07-01,2025-07-01,12,VECM,ETS,26.7,26.507613024669453,26.7,27.50000000745058,0.19238697533054605,0.8000000074505813,-0.6076130321200353
RO1_PRICE,Granite,2024-07-01,2025-07-01,12,VECM,ETS,21.7,21.36776561394344,21.7,22.99999998807907,0.33223438605655886,1.2999999880790725,-0.9677656020225136
RO1_PRICE,Ready-Mixed Concrete,2024-07-01,2025-07-01,12,VECM,ETS,119.8,117.23853400822148,119.8,120.49999999254942,2.561465991778519,0.6999999925494222,1.8614659992290967
RO1_PRICE,Steel Reinforcement Bars,2024-07-01,2025-07-01,12,VECM,ETS,689.3,836.8410800835627,689.3,784.0389818581668,147.54108008356275,94.73898185816688,52.802098225395866
RO1_PRICE,Cement,2024-08-01,2024-09-01,1,VECM,ETS,108.0,107.97009405467404,108.0,108.0024390672412,0.029905945325964467,0.002439067241198245,0.027466878084766222
RO1_PRICE,Concreting Sand,2024-08-01,2024-09-01,1,VECM,ETS,27.6,27.59581457316012,27.6,27.699999997019766,0.004185426839882211,0.09999999701976492,-0.09581457017988271
RO1_PRICE,Granite,2024-08-01,2024-09-01,1,VECM,ETS,22.5,22.203662338455743,22.5,22.800000002980237,0.296337661544257,0.3000000029802372,-0.0036623414359802098
RO1_PRICE,Ready-Mixed Concrete,2024-08-01,2024-09-01,1,VECM,ETS,120.5,119.11396226253282,120.5,119.90000000894072,1.386037737467177,0.5999999910592777,0.7860377464078994
RO1_PRICE,Steel Reinforcement Bars,2024-08-01,2024-09-01,1,VECM,ETS,771.9,776.8840653659652,771.9,775.5364955928633,4.9840653659651935,3.636495592863298,1.3475697731018954
RO1_PRICE,Cement,2024-08-01,2024-11-01,3,VECM,ETS,106.4,107.301183723476,106.4,107.35507436115968,0.9011837234759952,0.9550743611596744,-0.05389063768367919
RO1_PRICE,Concreting Sand,2024-08-01,2024-11-01,3,VECM,ETS,27.7,27.674632309670866,27.7,27.699999997019766,0.025367690329133552,2.980232949312267e-09,0.025367687348900603
RO1_PRICE,Granite,2024-08-01,2024-11-01,3,VECM,ETS,22.4,21.923748473905743,22.4,22.800000002980237,0.4762515260942557,0.40000000298023863,0.07625152311401706
RO1_PRICE,Ready-Mixed Concrete,2024-08-01,2024-11-01,3,VECM,ETS,120.3,118.76451325788732,120.3,119.90000000894072,1.5354867421126812,0.39999999105927486,1.1354867510534064
RO1_PRICE,Steel Reinforcement Bars,2024-08-01,2024-11-01,3,VECM,ETS,751.1,774.9408247316796,751.1,760.1810490038029,23.840824731679618,9.081049003802832,14.759775727876786
RO1_PRICE,Cement,2024-08-01,2025-02-01,6,VECM,ETS,104.2,106.66345238120276,104.2,106.6795613945728,2.4634523812027567,2.479561394572798,-0.016109013370041225
RO1_PRICE,Concreting Sand,2024-08-01,2025-02-01,6,VECM,ETS,27.6,27.540143792366585,27.6,27.699999997019766,0.05985620763341615,0.09999999701976492,-0.04014378938634877
RO1_PRICE,Granite,2024-08-01,2025-02-01,6,VECM,ETS,22.2,21.60596650511851,22.2,22.800000002980237,0.59403349488149,0.6000000029802379,-0.00596650809874788
RO1_PRICE,Ready-Mixed Concrete,2024-08-01,2025-02-01,6,VECM,ETS,119.2,118.02341818762036,119.2,119.90000000894072,1.1765818123796379,0.7000000089407195,0.4765818034389184
RO1_PRICE,Steel Reinforcement Bars,2024-08-01,2025-02-01,6,VECM,ETS,706.3,792.2321809139523,706.3,746.8593460074268,85.93218091395238,40.559346007426825,45.372834906525554
RO1_PRICE,Cement,2024-08-01,2025-08-01,12,VECM,ETS,101.5,106.28437424000384,101.5,105.96518021270514,4.784374240003842,4.465180212705135,0.31919402729870683
RO1_PRICE,Concreting Sand,2024-08-01,2025-08-01,12,VECM,ETS,26.7,26.99172860683716,26.7,27.699999997019766,0.29172860683716095,0.999999997019767,-0.7082713901826061
RO1_PRICE,Granite,2024-08-01,2025-08-01,12,VECM,ETS,21.7,21.27780005815132,21.7,22.800000002980237,0.42219994184867815,1.100000002980238,-0.6778000611315598
RO1_PRICE,Ready-Mixed Concrete,2024-08-01,2025-08-01,12,VECM,ETS,120.4,116.57041669080108,120.4,119.90000000894072,3.8295833091989238,0.4999999910592834,3.3295833181396404
RO1_PRICE,Steel Reinforcement Bars,2024-08-01,2025-08-01,12,VECM,ETS,681.5,831.1670810781725,681.5,736.5464295630003,149.6670810781725,55.04642956300029,94.6206515151722
RO1_PRICE,Cement,2024-09-01,2024-10-01,1,VECM,ETS,107.4,107.59463829475985,107.4,107.65173295879666,0.19463829475984085,0.2517329587966515,-0.05709466403681063
RO1_PRICE,Concreting Sand,2024-09-01,2024-10-01,1,VECM,ETS,27.7,27.800909076485944,27.7,27.60000000149012,0.10090907648594438,0.09999999850987962,0.0009090779760647649
RO1_PRICE,Granite,2024-09-01,2024-10-01,1,VECM,ETS,22.4,22.517549406441653,22.4,22.500000004470348,0.11754940644165401,0.10000000447034907,0.017549401971304945
RO1_PRICE,Ready-Mixed Concrete,2024-09-01,2024-10-01,1,VECM,ETS,120.3,120.80548247503928,120.3,120.4999999910593,0.5054824750392868,0.19999999105930044,0.30548248397998634
RO1_PRICE,Steel Reinforcement Bars,2024-09-01,2024-10-01,1,VECM,ETS,753.6,767.8869735994631,753.6,760.8886974030908,14.286973599463067,7.288697403090737,6.998276196372331
RO1_PRICE,Cement,2024-09-01,2024-12-01,3,VECM,ETS,105.8,107.07296040146385,105.8,107.09140532982352,1.2729604014638483,1.2914053298235189,-0.018444928359670598
RO1_PRICE,Concreting Sand,2024-09-01,2024-12-01,3,VECM,ETS,27.7,27.758160903550163,27.7,27.60000000149012,0.05816090355016357,0.09999999850987962,-0.04183909495971605
RO1_PRICE,Granite,2024-09-01,2024-12-01,3,VECM,ETS,22.6,22.0165817338083,22.6,22.500000004470348,0.5834182661916998,0.09999999552965377,0.483418270662046
RO1_PRICE,Ready-Mixed Concrete,2024-09-01,2024-12-01,3,VECM,ETS,120.5,120.15378358201514,120.5,120.4999999910593,0.3462164179848628,8.94070240065048e-09,0.3462164090441604
RO1_PRICE,Steel Reinforcement Bars,2024-09-01,2024-12-01,3,VECM,ETS,735.9,772.278808315674,735.9,745.0324215855521,36.378808315674064,9.132421585552152,27.246386730121912
RO1_PRICE,Cement,2024-09-01,2025-03-01,6,VECM,ETS,103.9,106.71118336210372,103.9,106.50671113842294,2.811183362103719,2.606711138422938,0.20447222368078144
RO1_PRICE,Concreting Sand,2024-09-01,2025-03-01,6,VECM,ETS,27.3,27.42244925197337,27.3,27.60000000149012,0.12244925197336798,0.30000000149011896,-0.17755074951675098
RO1_PRICE,Granite,2024-09-01,2025-03-01,6,VECM,ETS,22.3,21.505678545877387,22.3,22.500000004470348,0.7943214541226133,0.20000000447034694,0.5943214496522664
RO1_PRICE,Ready-Mixed Concrete,2024-09-01,2025-03-01,6,VECM,ETS,119.6,118.95276211260732,119.6,120.4999999910593,0.6472378873926772,0.8999999910593033,-0.2527621036666261
RO1_PRICE,Steel Reinforcement Bars,2024-09-01,2025-03-01,6,VECM,ETS,701.3,792.7544910852735,701.3,731.2762214096254,91.4544910852735,29.976221409625396,61.47826967564811
RO1_PRICE,Cement,2024-09-01,2025-09-01,12,VECM,ETS,102.2,106.59064070294072,102.2,105.888369291064,4.390640702940715,3.6883692910639923,0.7022714118767226
RO1_PRICE,Concreting Sand,2024-09-01,2025-09-01,12,VECM,ETS,26.4,26.60325183125077,26.4,27.60000000149012,0.20325183125077118,1.200000001490121,-0.9967481702393499
RO1_PRICE,Granite,2024-09-01,2025-09-01,12,VECM,ETS,21.7,21.16546737857204,21.7,22.500000004470348,0.5345326214279602,0.8000000044703484,-0.26546738304238815
RO1_PRICE,Ready-Mixed Concrete,2024-09-01,2025-09-01,12,VECM,ETS,120.7,117.06970341883483,120.7,120.4999999910593,3.630296581165169,0.20000000894070524,3.4302965722244636
RO1_PRICE,Steel Reinforcement Bars,2024-09-01,2025-09-01,12,VECM,ETS,684.2,830.6227072481706,684.2,720.6269415806328,146.42270724817058,36.42694158063273,109.99576566753785
RO1_PRICE,Cement,2024-10-01,2024-11-01,1,VECM,ETS,106.4,106.93602421077895,106.4,107.01218756634088,0.5360242107789475,0.6121875663408787,-0.07616335556193121
RO1_PRICE,Concreting Sand,2024-10-01,2024-11-01,1,VECM,ETS,27.7,27.589737413109447,27.7,27.69999999850988,0.11026258689055268,1.490118251012973e-09,0.11026258540043443
RO1_PRICE,Granite,2024-10-01,2024-11-01,1,VECM,ETS,22.4,22.02799258739853,22.4,22.400000001490117,0.3720074126014694,1.490118251012973e-09,0.37200741111135116
RO1_PRICE,Ready-Mixed Concrete,2024-10-01,2024-11-01,1,VECM,ETS,120.3,119.64897094962808,120.3,120.30000000298024,0.6510290503719176,2.9802436074533034e-09,0.651029047391674
RO1_PRICE,Steel Reinforcement Bars,2024-10-01,2024-11-01,1,VECM,ETS,751.1,744.5931865888638,751.1,739.8185109787562,6.50681341113625,11.281489021243829,-4.774675610107579
RO1_PRICE,Cement,2024-10-01,2025-01-01,3,VECM,ETS,104.4,106.2522825437155,104.4,106.37994739384249,1.8522825437154893,1.9799473938424796,-0.12766485012699036
RO1_PRICE,Concreting Sand,2024-10-01,2025-01-01,3,VECM,ETS,27.4,27.338535447888084,27.4,27.69999999850988,0.06146455211191437,0.29999999850988246,-0.2385354463979681
RO1_PRICE,Granite,2024-10-01,2025-01-01,3,VECM,ETS,22.6,21.51374478900889,22.6,22.400000001490117,1.086255210991112,0.1999999985098846,0.8862552124812275
RO1_PRICE,Ready-Mixed Concrete,2024-10-01,2025-01-01,3,VECM,ETS,119.9,118.5237160072131,119.9,120.30000000298024,1.3762839927869095,0.4000000029802351,0.9762839898066744
RO1_PRICE,Steel Reinforcement Bars,2024-10-01,2025-01-01,3,VECM,ETS,724.1,745.3452508946025,724.1,719.9731666317825,21.245250894602464,4.12683336821749,17.118417526384974
RO1_PRICE,Cement,2024-10-01,2025-04-01,6,VECM,ETS,103.6,105.6356917911039,103.6,105.71981953118429,2.0356917911039005,2.119819531184291,-0.08412774008039037
RO1_PRICE,Concreting Sand,2024-10-01,2025-04-01,6,VECM,ETS,26.8,26.88854635830184,26.8,27.69999999850988,0.08854635830184066,0.8999999985098803,-0.8114536402080397
RO1_PRICE,Granite,2024-10-01,2025-04-01,6,VECM,ETS,22.2,21.12709441286848,22.2,22.400000001490117,1.072905587131519,0.20000000149011754,0.8729055856414014
RO1_PRICE,Ready-Mixed Concrete,2024-10-01,2025-04-01,6,VECM,ETS,119.9,117.13534051124664,119.9,120.30000000298024,2.7646594887533666,0.4000000029802351,2.3646594857731316
RO1_PRICE,Steel Reinforcement Bars,2024-10-01,2025-04-01,6,VECM,ETS,701.0,767.8865952812295,701.0,702.7562278916525,66.88659528122946,1.756227891652543,65.13036738957692
RO1_PRICE,Cement,2024-10-01,2025-10-01,12,VECM,ETS,104.0,105.25923841736608,104.0,105.02098937172252,1.2592384173660776,1.0209893717225214,0.2382490456435562
RO1_PRICE,Concreting Sand,2024-10-01,2025-10-01,12,VECM,ETS,26.7,26.087840341835005,26.7,27.69999999850988,0.6121596581649946,0.9999999985098817,-0.3878403403448871
RO1_PRICE,Granite,2024-10-01,2025-10-01,12,VECM,ETS,21.9,20.88658423930938,21.9,22.400000001490117,1.01341576069062,0.5000000014901183,0.5134157592005018
RO1_PRICE,Ready-Mixed Concrete,2024-10-01,2025-10-01,12,VECM,ETS,120.6,115.2907944799004,120.6,120.30000000298024,5.309205520099596,0.29999999701975355,5.009205523079842
RO1_PRICE,Steel Reinforcement Bars,2024-10-01,2025-10-01,12,VECM,ETS,678.0,812.4664631048529,678.0,689.4278380676133,134.4664631048529,11.427838067613266,123.03862503723963
RO1_PRICE,Cement,2024-11-01,2024-12-01,1,VECM,ETS,105.8,105.87450099311476,105.8,105.84859440549204,0.07450099311476777,0.04859440549203953,0.02590658762272824
RO1_PRICE,Concreting Sand,2024-11-01,2024-12-01,1,VECM,ETS,27.7,27.49152528321946,27.7,27.7,0.20847471678053964,0.0,0.20847471678053964
RO1_PRICE,Granite,2024-11-01,2024-12-01,1,VECM,ETS,22.6,21.856516995880696,22.6,22.4,0.7434830041193052,0.20000000000000284,0.5434830041193024
RO1_PRICE,Ready-Mixed Concrete,2024-11-01,2024-12-01,1,VECM,ETS,120.5,119.3766087875088,120.5,120.3,1.1233912124911996,0.20000000000000284,0.9233912124911967
RO1_PRICE,Steel Reinforcement Bars,2024-11-01,2024-12-01,1,VECM,ETS,735.9,750.8876422245246,735.9,747.7672012962925,14.98764222452462,11.867201296292478,3.120440928232142
RO1_PRICE,Cement,2024-11-01,2025-02-01,3,VECM,ETS,104.2,105.39305071224544,104.2,104.94070745528812,1.1930507122454372,0.740707455288117,0.45234325695732025
RO1_PRICE,Concreting Sand,2024-11-01,2025-02-01,3,VECM,ETS,27.6,27.142818534293923,27.6,27.7,0.4571814657060784,0.09999999999999787,0.35718146570608056
RO1_PRICE,Granite,2024-11-01,2025-02-01,3,VECM,ETS,22.2,21.27451510508344,22.2,22.4,0.9254848949165577,0.1999999999999993,0.7254848949165584
RO1_PRICE,Ready-Mixed Concrete,2024-11-01,2025-02-01,3,VECM,ETS,119.2,118.04936318972771,119.2,120.3,1.1506368102722888,1.0999999999999943,0.0506368102722945
RO1_PRICE,Steel Reinforcement Bars,2024-11-01,2025-02-01,3,VECM,ETS,706.3,758.6508029734625,706.3,742.967971404965,52.35080297346258,36.6679714049651,15.682831568497477
RO1_PRICE,Cement,2024-11-01,2025-05-01,6,VECM,ETS,103.3,105.08429425181092,103.3,103.99066905664766,1.7842942518109197,0.6906690566476641,1.0936251951632556
RO1_PRICE,Concreting Sand,2024-11-01,2025-05-01,6,VECM,ETS,27.1,26.522471151983492,27.1,27.7,0.5775288480165095,0.5999999999999979,-0.02247115198348837
RO1_PRICE,Granite,2024-11-01,2025-05-01,6,VECM,ETS,22.0,20.87037474605946,22.0,22.4,1.1296252539405387,0.3999999999999986,0.7296252539405401
RO1_PRICE,Ready-Mixed Concrete,2024-11-01,2025-05-01,6,VECM,ETS,120.0,116.42015235006193,120.0,120.3,3.579847649938074,0.29999999999999716,3.279847649938077
RO1_PRICE,Steel Reinforcement Bars,2024-11-01,2025-05-01,6,VECM,ETS,696.6,781.644493695668,696.6,738.8043728503557,85.04449369566794,42.20437285035564,42.8401208453123
RO1_PRICE,Cement,2024-11-01,2025-11-01,12,VECM,ETS,110.0,104.9485812455966,110.0,102.98110455325128,5.0514187544034,7.018895446748715,-1.9674766923453149
RO1_PRICE,Concreting Sand,2024-11-01,2025-11-01,12,VECM,ETS,27.0,25.643282340688344,27.0,27.7,1.3567176593116557,0.6999999999999993,0.6567176593116564
RO1_PRICE,Granite,2024-11-01,2025-11-01,12,VECM,ETS,22.3,20.74189123512722,22.3,22.4,1.558108764872781,0.09999999999999787,1.458108764872783
RO1_PRICE,Ready-Mixed Concrete,2024-11-01,2025-11-01,12,VECM,ETS,124.9,114.6053702676983,124.9,120.3,10.2946297323017,4.6000000000000085,5.694629732301692
RO1_PRICE,Steel Reinforcement Bars,2024-11-01,2025-11-01,12,VECM,ETS,666.2,817.9409072156036,666.2,735.5811480108962,151.74090721560356,69.38114801089614,82.35975920470742
RO1_PRICE,Cement,2024-12-01,2025-01-01,1,VECM,ETS,104.4,105.34883300669468,104.4,105.29616556225004,0.9488330066946702,0.8961655622500331,0.05266744444463711
RO1_PRICE,Concreting Sand,2024-12-01,2025-01-01,1,VECM,ETS,27.4,27.33463954238596,27.4,27.7,0.06536045761403741,0.3000000000000007,-0.2346395423859633
RO1_PRICE,Granite,2024-12-01,2025-01-01,1,VECM,ETS,22.6,21.85229340840765,22.6,22.59999999701977,0.7477065915923511,2.980232949312267e-09,0.7477065886121181
RO1_PRICE,Ready-Mixed Concrete,2024-12-01,2025-01-01,1,VECM,ETS,119.9,119.22016269396173,119.9,120.49999999701976,0.6798373060382801,0.5999999970197507,0.07983730901852937
RO1_PRICE,Steel Reinforcement Bars,2024-12-01,2025-01-01,1,VECM,ETS,724.1,729.496276762954,724.1,725.1478287237003,5.396276762954017,1.0478287237002633,4.3484480392537534
RO1_PRICE,Cement,2024-12-01,2025-03-01,3,VECM,ETS,103.9,104.79329171094676,103.9,104.48267525223024,0.8932917109467553,0.5826752522302314,0.3106164587165239
RO1_PRICE,Concreting Sand,2024-12-01,2025-03-01,3,VECM,ETS,27.3,26.87399113126872,27.3,27.7,0.4260088687312802,0.3999999999999986,0.02600886873128161
RO1_PRICE,Granite,2024-12-01,2025-03-01,3,VECM,ETS,22.3,21.10292376810895,22.3,22.59999999701977,1.1970762318910495,0.29999999701976776,0.8970762348712817
RO1_PRICE,Ready-Mixed Concrete,2024-12-01,2025-03-01,3,VECM,ETS,119.6,117.5599963901438,119.6,120.49999999701976,2.0400036098561998,0.8999999970197621,1.1400036128364377
RO1_PRICE,Steel Reinforcement Bars,2024-12-01,2025-03-01,3,VECM,ETS,701.3,733.1038515778904,701.3,709.6647018313004,31.80385157789044,8.364701831300408,23.439149746590033
RO1_PRICE,Cement,2024-12-01,2025-06-01,6,VECM,ETS,102.8,104.33599712191932,102.8,103.6312723846828,1.5359971219193227,0.831272384682805,0.7047247372365177
RO1_PRICE,Concreting Sand,2024-12-01,2025-06-01,6,VECM,ETS,26.7,26.19132604596216,26.7,27.7,0.5086739540378389,1.0,-0.4913260459621611
RO1_PRICE,Granite,2024-12-01,2025-06-01,6,VECM,ETS,22.0,20.68022725101516,22.0,22.59999999701977,1.319772748984839,0.5999999970197685,0.7197727519650705
RO1_PRICE,Ready-Mixed Concrete,2024-12-01,2025-06-01,6,VECM,ETS,120.4,115.75053768029544,120.4,120.49999999701976,4.649462319704568,0.09999999701975071,4.549462322684818
RO1_PRICE,Steel Reinforcement Bars,2024-12-01,2025-06-01,6,VECM,ETS,688.6,757.6435443115583,688.6,696.2322290784273,69.04354431155832,7.632229078427258,61.41131523313106
RO1_PRICE,Cement,2024-12-01,2025-12-01,12,VECM,ETS,115.9,104.07174851820614,115.9,102.72626192577756,11.82825148179387,13.173738074222442,-1.3454865924285713
RO1_PRICE,Concreting Sand,2024-12-01,2025-12-01,12,VECM,ETS,26.8,25.219996803518704,26.8,27.7,1.5800031964812966,0.8999999999999986,0.680003196481298
RO1_PRICE,Granite,2024-12-01,2025-12-01,12,VECM,ETS,22.8,20.52475124051301,22.8,22.59999999701977,2.275248759486992,0.20000000298023224,2.0752487565067597
RO1_PRICE,Ready-Mixed Concrete,2024-12-01,2025-12-01,12,VECM,ETS,129.5,113.70049744209976,129.5,120.49999999701976,15.79950255790024,9.000000002980244,6.7995025549199966
RO1_PRICE,Steel Reinforcement Bars,2024-12-01,2025-12-01,12,VECM,ETS,660.3,800.9080398717642,660.3,685.833560891627,140.60803987176428,25.533560891627076,115.0744789801372
RO1_PRICE,Cement,2025-01-01,2025-02-01,1,VECM,ETS,104.2,103.6807509897838,104.2,103.65246146875036,0.5192490102161997,0.5475385312496428,-0.028289521033443066
RO1_PRICE,Concreting Sand,2025-01-01,2025-02-01,1,VECM,ETS,27.6,26.68943878000977,27.6,27.400000004470343,0.9105612199902318,0.19999999552965875,0.710561224460573
RO1_PRICE,Granite,2025-01-01,2025-02-01,1,VECM,ETS,22.2,21.25039737084884,22.2,22.6,0.9496026291511583,0.40000000000000213,0.5496026291511562
RO1_PRICE,Ready-Mixed Concrete,2025-01-01,2025-02-01,1,VECM,ETS,119.2,117.5210538883736,119.2,119.90000000894072,1.6789461116264022,0.7000000089407195,0.9789461026856827
RO1_PRICE,Steel Reinforcement Bars,2025-01-01,2025-02-01,1,VECM,ETS,706.3,716.0916441503625,706.3,714.7842537439386,9.791644150362572,8.484253743938666,1.307390406423906
RO1_PRICE,Cement,2025-01-01,2025-04-01,3,VECM,ETS,103.6,103.0375811026898,103.6,102.4162236138712,0.5624188973101951,1.1837763861287982,-0.6213574888186031
RO1_PRICE,Concreting Sand,2025-01-01,2025-04-01,3,VECM,ETS,26.8,26.065032803790302,26.8,27.400000004470343,0.7349671962096984,0.600000004470342,0.13496719173935645
RO1_PRICE,Granite,2025-01-01,2025-04-01,3,VECM,ETS,22.2,20.47152912977725,22.2,22.6,1.7284708702227505,0.40000000000000213,1.3284708702227483
RO1_PRICE,Ready-Mixed Concrete,2025-01-01,2025-04-01,3,VECM,ETS,119.9,115.42918673990148,119.9,119.90000000894072,4.470813260098524,8.940716611505195e-09,4.470813251157807
RO1_PRICE,Steel Reinforcement Bars,2025-01-01,2025-04-01,3,VECM,ETS,701.0,715.6946352990454,701.0,701.3695791127368,14.694635299045444,0.3695791127368011,14.325056186308643
RO1_PRICE,Cement,2025-01-01,2025-07-01,6,VECM,ETS,101.1,102.53872764939403,101.1,101.1193560279772,1.438727649394039,0.019356027977210033,1.419371621416829
RO1_PRICE,Concreting Sand,2025-01-01,2025-07-01,6,VECM,ETS,26.7,25.155334158835977,26.7,27.400000004470343,1.5446658411640222,0.7000000044703434,0.8446658366936788
RO1_PRICE,Granite,2025-01-01,2025-07-01,6,VECM,ETS,21.7,20.069160980078323,21.7,22.6,1.6308390199216767,0.9000000000000021,0.7308390199216745
RO1_PRICE,Ready-Mixed Concrete,2025-01-01,2025-07-01,6,VECM,ETS,119.8,113.20161512782778,119.8,119.90000000894072,6.598384872172218,0.10000000894072514,6.498384863231493
RO1_PRICE,Steel Reinforcement Bars,2025-01-01,2025-07-01,6,VECM,ETS,689.3,738.3528490557798,689.3,689.7316036104675,49.0528490557798,0.43160361046750495,48.6212454453123
RO1_PRICE,Cement,2025-01-01,2026-01-01,12,VECM,ETS,118.6,102.18054477851064,118.6,99.73532661779056,16.419455221489358,18.864673382209432,-2.4452181607200743
RO1_PRICE,Concreting Sand,2025-01-01,2026-01-01,12,VECM,ETS,26.7,24.107448848440576,26.7,27.400000004470343,2.592551151559423,0.7000000044703434,1.8925511470890797
RO1_PRICE,Granite,2025-01-01,2026-01-01,12,VECM,ETS,22.7,20.0359071978732,22.7,22.6,2.664092802126799,0.09999999999999787,2.564092802126801
RO1_PRICE,Ready-Mixed Concrete,2025-01-01,2026-01-01,12,VECM,ETS,128.6,111.08522777253609,128.6,119.90000000894072,17.514772227463908,8.699999991059272,8.814772236404636
RO1_PRICE,Steel Reinforcement Bars,2025-01-01,2026-01-01,12,VECM,ETS,648.0,781.2689650668983,648.0,680.7221347032387,133.26896506689832,32.72213470323868,100.54683036365964
RO1_PRICE,Cement,2025-02-01,2025-03-01,1,VECM,ETS,103.9,103.95340291506082,103.9,103.72682615976927,0.05340291506081485,0.17317384023073146,-0.11977092516991661
RO1_PRICE,Concreting Sand,2025-02-01,2025-03-01,1,VECM,ETS,27.3,27.464869439233425,27.3,27.59999999701977,0.16486943923342423,0.29999999701976776,-0.13513055778634353
RO1_PRICE,Granite,2025-02-01,2025-03-01,1,VECM,ETS,22.3,21.777244271772357,22.3,22.20000000596046,0.5227557282276436,0.09999999403953908,0.4227557341881045
RO1_PRICE,Ready-Mixed Concrete,2025-02-01,2025-03-01,1,VECM,ETS,119.6,118.42498233633783,119.6,119.2000000104308,1.1750176636621603,0.3999999895691957,0.7750176740929646
RO1_PRICE,Steel Reinforcement Bars,2025-02-01,2025-03-01,1,VECM,ETS,701.3,699.6296672825109,701.3,693.065840786429,1.670332717489032,8.234159213570933,-6.5638264960819015
RO1_PRICE,Cement,2025-02-01,2025-05-01,3,VECM,ETS,103.3,103.44992392996616,103.3,102.98336226343282,0.14992392996616388,0.31663773656717353,-0.16671380660100965
RO1_PRICE,Concreting Sand,2025-02-01,2025-05-01,3,VECM,ETS,27.1,26.96363436084912,27.1,27.59999999701977,0.13636563915088118,0.49999999701976705,-0.36363435786888587
RO1_PRICE,Granite,2025-02-01,2025-05-01,3,VECM,ETS,22.0,21.032812706340856,22.0,22.20000000596046,0.9671872936591441,0.20000000596046164,0.7671872876986825
RO1_PRICE,Ready-Mixed Concrete,2025-02-01,2025-05-01,3,VECM,ETS,120.0,116.69844321774566,120.0,119.2000000104308,3.3015567822543375,0.7999999895692014,2.501556792685136
RO1_PRICE,Steel Reinforcement Bars,2025-02-01,2025-05-01,3,VECM,ETS,696.6,707.5707038343189,696.6,674.0086513368386,10.970703834318897,22.591348663161398,-11.6206448288425
RO1_PRICE,Cement,2025-02-01,2025-08-01,6,VECM,ETS,101.5,102.9802022351222,101.5,102.20538473619914,1.4802022351222064,0.7053847361991359,0.7748174989230705
RO1_PRICE,Concreting Sand,2025-02-01,2025-08-01,6,VECM,ETS,26.7,26.15787958391872,26.7,27.59999999701977,0.5421204160812785,0.8999999970197692,-0.3578795809384907
RO1_PRICE,Granite,2025-02-01,2025-08-01,6,VECM,ETS,21.7,20.478803251905543,21.7,22.20000000596046,1.2211967480944566,0.5000000059604623,0.7211967421339942
RO1_PRICE,Ready-Mixed Concrete,2025-02-01,2025-08-01,6,VECM,ETS,120.4,114.54937147645248,120.4,119.2000000104308,5.8506285235475275,1.199999989569207,4.65062853397832
RO1_PRICE,Steel Reinforcement Bars,2025-02-01,2025-08-01,6,VECM,ETS,681.5,739.2933345164483,681.5,657.4754807565719,57.79333451644834,24.02451924342813,33.76881527302021
RO1_PRICE,Cement,2025-02-01,2026-02-01,12,VECM,ETS,119.2,102.7493037591072,119.2,101.37866906537964,16.450696240892796,17.821330934620363,-1.3706346937275669
RO1_PRICE,Concreting Sand,2025-02-01,2026-02-01,12,VECM,ETS,26.4,24.98055199298169,26.4,27.59999999701977,1.4194480070183069,1.19999999701977,0.21944800999853697
RO1_PRICE,Granite,2025-02-01,2026-02-01,12,VECM,ETS,22.6,20.26890803920036,22.6,22.20000000596046,2.3310919607996397,0.3999999940395398,1.9310919667600999
RO1_PRICE,Ready-Mixed Concrete,2025-02-01,2026-02-01,12,VECM,ETS,130.0,112.0762777401046,130.0,119.2000000104308,17.9237222598954,10.799999989569201,7.123722270326198
RO1_PRICE,Steel Reinforcement Bars,2025-02-01,2026-02-01,12,VECM,ETS,637.1,790.9236921159275,637.1,644.6764259508817,153.82369211592743,7.576425950881685,146.24726616504574
RO1_PRICE,Cement,2025-03-01,2025-04-01,1,VECM,ETS,103.6,103.56794270413005,103.6,103.56115216318828,0.03205729586994721,0.038847836811712,-0.006790540941764789
RO1_PRICE,Concreting Sand,2025-03-01,2025-04-01,1,VECM,ETS,26.8,26.882731112347784,26.8,27.30000000447035,0.08273111234778341,0.5000000044703476,-0.41726889212256424
RO1_PRICE,Granite,2025-03-01,2025-04-01,1,VECM,ETS,22.2,21.55262270124552,22.2,22.29999999850989,0.6473772987544777,0.09999999850989028,0.5473773002445874
RO1_PRICE,Ready-Mixed Concrete,2025-03-01,2025-04-01,1,VECM,ETS,119.9,118.3551130821117,119.9,119.59999999403952,1.5448869178883058,0.3000000059604844,1.2448869119278214
RO1_PRICE,Steel Reinforcement Bars,2025-03-01,2025-04-01,1,VECM,ETS,701.0,704.7041058022718,701.0,696.3216178390079,3.7041058022717834,4.678382160992101,-0.9742763587203171
RO1_PRICE,Cement,2025-03-01,2025-06-01,3,VECM,ETS,102.8,103.21948762127708,102.8,103.0211893050628,0.41948762127708505,0.22118930506280776,0.1982983162142773
RO1_PRICE,Concreting Sand,2025-03-01,2025-06-01,3,VECM,ETS,26.7,26.332289661675325,26.7,27.30000000447035,0.3677103383246738,0.6000000044703491,-0.23228966614567526
RO1_PRICE,Granite,2025-03-01,2025-06-01,3,VECM,ETS,22.0,20.77104594923142,22.0,22.29999999850989,1.2289540507685786,0.29999999850988956,0.928954052258689
RO1_PRICE,Ready-Mixed Concrete,2025-03-01,2025-06-01,3,VECM,ETS,120.4,116.58034166640688,120.4,119.59999999403952,3.819658333593125,0.8000000059604844,3.0196583276326407
RO1_PRICE,Steel Reinforcement Bars,2025-03-01,2025-06-01,3,VECM,ETS,688.6,720.4748021953767,688.6,689.1527477038085,31.874802195376674,0.5527477038084498,31.322054491568224
RO1_PRICE,Cement,2025-03-01,2025-09-01,6,VECM,ETS,102.2,103.02484224661352,102.2,102.4564783088158,0.8248422466135139,0.2564783088158009,0.568363937797713
RO1_PRICE,Concreting Sand,2025-03-01,2025-09-01,6,VECM,ETS,26.4,25.50449113244224,26.4,27.30000000447035,0.8955088675577585,0.9000000044703498,-0.004491136912591287
RO1_PRICE,Granite,2025-03-01,2025-09-01,6,VECM,ETS,21.7,20.31855969714035,21.7,22.29999999850989,1.381440302859648,0.5999999985098903,0.7814403043497578
RO1_PRICE,Ready-Mixed Concrete,2025-03-01,2025-09-01,6,VECM,ETS,120.7,114.5609554765263,120.7,119.59999999403952,6.1390445234737,1.1000000059604815,5.039044517513219
RO1_PRICE,Steel Reinforcement Bars,2025-03-01,2025-09-01,6,VECM,ETS,684.2,751.358585275202,684.2,682.93335459096,67.15858527520197,1.266645409040052,65.89193986616192
RO1_PRICE,Cement,2025-03-01,2026-03-01,12,VECM,ETS,121.9,103.01319883388692,121.9,101.8569686273177,18.886801166113088,20.043031372682307,-1.1562302065692194
RO1_PRICE,Concreting Sand,2025-03-01,2026-03-01,12,VECM,ETS,27.8,24.410292441393324,27.8,27.30000000447035,3.389707558606677,0.49999999552965235,2.8897075630770246
RO1_PRICE,Granite,2025-03-01,2026-03-01,12,VECM,ETS,23.8,20.224734200632632,23.8,22.29999999850989,3.5752657993673687,1.5000000014901111,2.0752657978772575
RO1_PRICE,Ready-Mixed Concrete,2025-03-01,2026-03-01,12,VECM,ETS,143.0,112.42059102355668,143.0,119.59999999403952,30.579408976443318,23.40000000596048,7.179408970482839
RO1_PRICE,Steel Reinforcement Bars,2025-03-01,2026-03-01,12,VECM,ETS,663.1,792.0232576492792,663.1,678.118648729007,128.9232576492792,15.01864872900694,113.90460892027227
RO1_PRICE,Cement,2025-04-01,2025-05-01,1,VECM,ETS,103.3,103.31260096871785,103.3,103.32383469235216,0.012600968717848104,0.023834692352167508,-0.011233723634319404
RO1_PRICE,Concreting Sand,2025-04-01,2025-05-01,1,VECM,ETS,27.1,26.368280368981097,27.1,26.80000000745058,0.7317196310189047,0.2999999925494201,0.4317196384694846
RO1_PRICE,Granite,2025-04-01,2025-05-01,1,VECM,ETS,22.0,21.41348347879504,22.0,22.200000001490118,0.5865165212049597,0.20000000149011754,0.38651651971484213
RO1_PRICE,Ready-Mixed Concrete,2025-04-01,2025-05-01,1,VECM,ETS,120.0,118.65839542336435,120.0,119.89999999552968,1.3416045766356461,0.1000000044703171,1.241604572165329
RO1_PRICE,Steel Reinforcement Bars,2025-04-01,2025-05-01,1,VECM,ETS,696.6,707.2537189938008,696.6,700.2047153554724,10.653718993800794,3.604715355472422,7.049003638328372
RO1_PRICE,Cement,2025-04-01,2025-07-01,3,VECM,ETS,101.1,103.1169164725845,101.1,102.88037243357984,2.016916472584512,1.780372433579842,0.23654403900467003
RO1_PRICE,Concreting Sand,2025-04-01,2025-07-01,3,VECM,ETS,26.7,25.821435727437645,26.7,26.80000000745058,0.8785642725623539,0.10000000745058202,0.7785642651117719
RO1_PRICE,Granite,2025-04-01,2025-07-01,3,VECM,ETS,21.7,20.668358990988068,21.7,22.200000001490118,1.0316410090119312,0.5000000014901183,0.531641007521813
RO1_PRICE,Ready-Mixed Concrete,2025-04-01,2025-07-01,3,VECM,ETS,119.8,116.95974474482156,119.8,119.89999999552968,2.840255255178434,0.09999999552968575,2.740255259648748
RO1_PRICE,Steel Reinforcement Bars,2025-04-01,2025-07-01,3,VECM,ETS,689.3,724.4580233533914,689.3,699.0595055677181,35.1580233533914,9.759505567718179,25.39851778567322
RO1_PRICE,Cement,2025-04-01,2025-10-01,6,VECM,ETS,104.0,103.10259179391358,104.0,102.41671635019613,0.8974082060864248,1.5832836498038745,-0.6858754437174497
RO1_PRICE,Concreting Sand,2025-04-01,2025-10-01,6,VECM,ETS,26.7,24.956839653331457,26.7,26.80000000745058,1.7431603466685424,0.10000000745058202,1.6431603392179603
RO1_PRICE,Granite,2025-04-01,2025-10-01,6,VECM,ETS,21.9,20.212558979122107,21.9,22.200000001490118,1.6874410208778912,0.30000000149011896,1.3874410193877722
RO1_PRICE,Ready-Mixed Concrete,2025-04-01,2025-10-01,6,VECM,ETS,120.6,114.93653575936312,120.6,119.89999999552968,5.66346424063687,0.7000000044703114,4.963464236166558
RO1_PRICE,Steel Reinforcement Bars,2025-04-01,2025-10-01,6,VECM,ETS,678.0,753.0201523482867,678.0,698.0659724540753,75.02015234828673,20.065972454075336,54.95417989421139
RO1_PRICE,Cement,2025-04-01,2026-04-01,12,VECM,ETS,124.7,103.22502489178618,124.7,101.9247275332207,21.474975108213826,22.7752724667793,-1.300297358565473
RO1_PRICE,Concreting Sand,2025-04-01,2026-04-01,12,VECM,ETS,29.0,23.881574371755285,29.0,26.80000000745058,5.118425628244715,2.1999999925494187,2.9184256356952964
RO1_PRICE,Granite,2025-04-01,2026-04-01,12,VECM,ETS,25.0,20.16955023372028,25.0,22.200000001490118,4.83044976627972,2.7999999985098825,2.030449767769838
RO1_PRICE,Ready-Mixed Concrete,2025-04-01,2026-04-01,12,VECM,ETS,145.6,112.92677184616768,145.6,119.89999999552968,32.67322815383231,25.70000000447031,6.973228149362001
RO1_PRICE,Steel Reinforcement Bars,2025-04-01,2026-04-01,12,VECM,ETS,701.9,786.8284101245911,701.9,697.2968347553474,84.9284101245911,4.603165244652587,80.32524487993851
RO1_PRICE,Cement,2025-05-01,2025-06-01,1,VECM,ETS,102.8,103.12824212914552,102.8,103.0538287837426,0.3282421291455222,0.2538287837426054,0.07441334540291678
RO1_PRICE,Concreting Sand,2025-05-01,2025-06-01,1,VECM,ETS,26.7,27.111318526011843,26.7,27.099999995529654,0.4113185260118435,0.3999999955296545,0.011318530482189004
RO1_PRICE,Granite,2025-05-01,2025-06-01,1,VECM,ETS,22.0,21.843600845244232,22.0,22.000000002980237,0.1563991547557677,2.980236502025946e-09,0.1563991517755312
RO1_PRICE,Ready-Mixed Concrete,2025-05-01,2025-06-01,1,VECM,ETS,120.4,119.70652148696036,120.4,119.99999999850988,0.6934785130396506,0.4000000014901275,0.2934785115495231
RO1_PRICE,Steel Reinforcement Bars,2025-05-01,2025-06-01,1,VECM,ETS,688.6,698.5275345701209,688.6,693.5081881417157,9.927534570120883,4.908188141715641,5.0193464284052425
RO1_PRICE,Cement,2025-05-01,2025-08-01,3,VECM,ETS,101.5,102.94905905673365,101.5,102.65650356468878,1.4490590567336454,1.1565035646887765,0.29255549204486897
RO1_PRICE,Concreting Sand,2025-05-01,2025-08-01,3,VECM,ETS,26.7,26.501438056376276,26.7,27.099999995529654,0.19856194362372293,0.3999999955296545,-0.20143805190593156
RO1_PRICE,Granite,2025-05-01,2025-08-01,3,VECM,ETS,21.7,20.939798850092032,21.7,22.000000002980237,0.7602011499079673,0.3000000029802372,0.46020114692773006
RO1_PRICE,Ready-Mixed Concrete,2025-05-01,2025-08-01,3,VECM,ETS,120.4,117.778851388432,120.4,119.99999999850988,2.621148611568003,0.4000000014901275,2.2211486100778757
RO1_PRICE,Steel Reinforcement Bars,2025-05-01,2025-08-01,3,VECM,ETS,681.5,713.3882090826156,681.5,689.0559789884474,31.888209082615617,7.55597898844735,24.332230094168267
RO1_PRICE,Cement,2025-05-01,2025-11-01,6,VECM,ETS,110.0,102.9138913081118,110.0,102.24101715728692,7.0861086918881995,7.758982842713081,-0.6728741508248817
RO1_PRICE,Concreting Sand,2025-05-01,2025-11-01,6,VECM,ETS,27.0,25.525458596495504,27.0,27.099999995529654,1.474541403504496,0.09999999552965377,1.3745414079748421
RO1_PRICE,Granite,2025-05-01,2025-11-01,6,VECM,ETS,22.3,20.296502813001126,22.3,22.000000002980237,2.0034971869988745,0.2999999970197642,1.7034971899791103
RO1_PRICE,Ready-Mixed Concrete,2025-05-01,2025-11-01,6,VECM,ETS,124.9,115.38325888331116,124.9,119.99999999850988,9.516741116688848,4.9000000014901275,4.616741115198721
RO1_PRICE,Steel Reinforcement Bars,2025-05-01,2025-11-01,6,VECM,ETS,666.2,744.5287731406424,666.2,685.193440203034,78.3287731406424,18.99344020303397,59.33533293760843
RO1_PRICE,Cement,2025-05-01,2026-05-01,12,VECM,ETS,125.8,103.04525074301068,125.8,101.80001743500698,22.754749256989314,23.99998256499302,-1.245233308003705
RO1_PRICE,Concreting Sand,2025-05-01,2026-05-01,12,VECM,ETS,28.6,24.21440392908299,28.6,27.099999995529654,4.3855960709170105,1.5000000044703476,2.885596066446663
RO1_PRICE,Granite,2025-05-01,2026-05-01,12,VECM,ETS,24.5,20.15800861162888,24.5,22.000000002980237,4.34199138837112,2.4999999970197635,1.8419913913513568
RO1_PRICE,Ready-Mixed Concrete,2025-05-01,2026-05-01,12,VECM,ETS,144.4,112.8556213356308,144.4,119.99999999850988,31.544378664369205,24.400000001490127,7.1443786628790775
RO1_PRICE,Steel Reinforcement Bars,2025-05-01,2026-05-01,12,VECM,ETS,703.9,785.9061134370256,703.9,682.2032789775391,82.00611343702565,21.696721022460906,60.30939241456474
RO1_PRICE,Cement,2025-06-01,2025-07-01,1,VECM,ETS,101.1,102.45132115648394,101.1,102.49902040153454,1.351321156483948,1.3990204015345427,-0.04769924505059464
RO1_PRICE,Concreting Sand,2025-06-01,2025-07-01,1,VECM,ETS,26.7,26.25133083343512,26.7,26.70000000596046,0.4486691665648799,5.960462345910855e-09,0.4486691606044175
RO1_PRICE,Granite,2025-06-01,2025-07-01,1,VECM,ETS,21.7,21.29886211835993,21.7,22.0,0.4011378816400679,0.3000000000000007,0.1011378816400672
RO1_PRICE,Ready-Mixed Concrete,2025-06-01,2025-07-01,1,VECM,ETS,119.8,119.10629175066214,119.8,120.39999999403956,0.6937082493378597,0.5999999940395639,0.09370825529829574
RO1_PRICE,Steel Reinforcement Bars,2025-06-01,2025-07-01,1,VECM,ETS,689.3,689.1170451080056,689.3,682.7827779807818,0.18295489199431358,6.5172220192181385,-6.334267127223825
RO1_PRICE,Cement,2025-06-01,2025-09-01,3,VECM,ETS,102.2,102.21271869248494,102.2,102.00538936761896,0.012718692484938288,0.1946106323810426,-0.1818919398961043
RO1_PRICE,Concreting Sand,2025-06-01,2025-09-01,3,VECM,ETS,26.4,25.44831843732009,26.4,26.70000000596046,0.9516815626799087,0.30000000596046306,0.6516815567194456
RO1_PRICE,Granite,2025-06-01,2025-09-01,3,VECM,ETS,21.7,20.346358856558645,21.7,22.0,1.3536411434413544,0.3000000000000007,1.0536411434413537
RO1_PRICE,Ready-Mixed Concrete,2025-06-01,2025-09-01,3,VECM,ETS,120.7,116.7680184022464,120.7,120.39999999403956,3.9319815977536052,0.30000000596044174,3.6319815917931635
RO1_PRICE,Steel Reinforcement Bars,2025-06-01,2025-09-01,3,VECM,ETS,684.2,700.2718930608451,684.2,674.4059781677931,16.071893060845014,9.794021832206909,6.277871228638105
RO1_PRICE,Cement,2025-06-01,2025-12-01,6,VECM,ETS,115.9,102.15141750229006,115.9,101.488487111647,13.748582497709947,14.411512888353002,-0.662930390643055
RO1_PRICE,Concreting Sand,2025-06-01,2025-12-01,6,VECM,ETS,26.8,24.349150486195303,26.8,26.70000000596046,2.450849513804698,0.09999999403953908,2.350849519765159
RO1_PRICE,Granite,2025-06-01,2025-12-01,6,VECM,ETS,22.8,19.834642323580752,22.8,22.0,2.9653576764192486,0.8000000000000007,2.165357676419248
RO1_PRICE,Ready-Mixed Concrete,2025-06-01,2025-12-01,6,VECM,ETS,129.5,114.25191626754908,129.5,120.39999999403956,15.248083732450922,9.100000005960439,6.1480837264904835
RO1_PRICE,Steel Reinforcement Bars,2025-06-01,2025-12-01,6,VECM,ETS,660.3,727.666129345417,660.3,667.138638952258,67.366129345417,6.838638952258066,60.52749039315893
RO1_PRICE,Cement,2025-06-01,2026-06-01,12,VECM,ETS,124.15,102.19171924522088,124.15,100.93855485242284,21.958280754779125,23.211445147577166,-1.2531643927980411
RO1_PRICE,Concreting Sand,2025-06-01,2026-06-01,12,VECM,ETS,28.6,23.10452091035026,28.6,26.70000000596046,5.495479089649741,1.8999999940395398,3.5954790956102016
RO1_PRICE,Granite,2025-06-01,2026-06-01,12,VECM,ETS,24.3,19.84852001935483,24.3,22.0,4.451479980645171,2.3000000000000007,2.1514799806451705
RO1_PRICE,Ready-Mixed Concrete,2025-06-01,2026-06-01,12,VECM,ETS,143.3,111.95900757810796,143.3,120.39999999403956,31.340992421892054,22.90000000596045,8.440992415931603
RO1_PRICE,Steel Reinforcement Bars,2025-06-01,2026-06-01,12,VECM,ETS,708.0,764.6844808153803,708.0,661.5126719025869,56.68448081538031,46.48732809741307,10.197152717967242
RO1_PRICE,Cement,2025-07-01,2025-08-01,1,VECM,ETS,101.5,100.51038379729366,101.5,100.35047745970996,0.989616202706344,1.149522540290036,-0.159906337583692
RO1_PRICE,Concreting Sand,2025-07-01,2025-08-01,1,VECM,ETS,26.7,26.31997098971307,26.7,26.7,0.38002901028692904,0.0,0.38002901028692904
RO1_PRICE,Granite,2025-07-01,2025-08-01,1,VECM,ETS,21.7,20.986991513291343,21.7,21.700000004470347,0.7130084867086559,4.470347647611561e-09,0.7130084822383083
RO1_PRICE,Ready-Mixed Concrete,2025-07-01,2025-08-01,1,VECM,ETS,120.4,118.26367233233726,120.4,119.80000000894069,2.1363276676627407,0.5999999910593203,1.5363276766034204
RO1_PRICE,Steel Reinforcement Bars,2025-07-01,2025-08-01,1,VECM,ETS,681.5,687.9637238314988,681.5,689.085298711749,6.463723831498783,7.585298711749033,-1.1215748802502503
RO1_PRICE,Cement,2025-07-01,2025-10-01,3,VECM,ETS,104.0,100.29134882382756,104.0,99.0968001513956,3.708651176172438,4.903199848604402,-1.1945486724319636
RO1_PRICE,Concreting Sand,2025-07-01,2025-10-01,3,VECM,ETS,26.7,25.270997064059195,26.7,26.7,1.4290029359408045,0.0,1.4290029359408045
RO1_PRICE,Granite,2025-07-01,2025-10-01,3,VECM,ETS,21.9,19.891411751331447,21.9,21.700000004470347,2.008588248668552,0.19999999552965164,1.8085882531389004
RO1_PRICE,Ready-Mixed Concrete,2025-07-01,2025-10-01,3,VECM,ETS,120.6,115.26805450174564,120.6,119.80000000894069,5.331945498254356,0.799999991059309,4.531945507195047
RO1_PRICE,Steel Reinforcement Bars,2025-07-01,2025-10-01,3,VECM,ETS,678.0,694.2085283436735,678.0,688.7761289964961,16.208528343673493,10.77612899649614,5.432399347177352
RO1_PRICE,Cement,2025-07-01,2026-01-01,6,VECM,ETS,118.6,100.32385372912525,118.6,97.77618180555244,18.276146270874747,20.823818194447554,-2.547671923572807
RO1_PRICE,Concreting Sand,2025-07-01,2026-01-01,6,VECM,ETS,26.7,23.79024742814154,26.7,26.7,2.9097525718584585,0.0,2.9097525718584585
RO1_PRICE,Granite,2025-07-01,2026-01-01,6,VECM,ETS,22.7,19.245040932074104,22.7,21.700000004470347,3.454959067925895,0.9999999955296524,2.4549590723962424
RO1_PRICE,Ready-Mixed Concrete,2025-07-01,2026-01-01,6,VECM,ETS,128.6,111.95815000040749,128.6,119.80000000894069,16.64184999959251,8.799999991059309,7.8418500085332
RO1_PRICE,Steel Reinforcement Bars,2025-07-01,2026-01-01,6,VECM,ETS,648.0,719.3579713474686,648.0,688.5079070924189,71.3579713474686,40.50790709241892,30.850064255049688
RO1_PRICE,Cement,2025-08-01,2025-09-01,1,VECM,ETS,102.2,101.5928048509781,102.2,101.2215294778218,0.607195149021905,0.9784705221781991,-0.3712753731562941
RO1_PRICE,Concreting Sand,2025-08-01,2025-09-01,1,VECM,ETS,26.4,26.49218975239304,26.4,26.7,0.09218975239303973,0.3000000000000007,-0.20781024760696098
RO1_PRICE,Granite,2025-08-01,2025-09-01,1,VECM,ETS,21.7,21.4701491570047,21.7,21.7,0.229850842995301,0.0,0.229850842995301
RO1_PRICE,Ready-Mixed Concrete,2025-08-01,2025-09-01,1,VECM,ETS,120.7,119.86607743330195,120.7,120.39999999105932,0.8339225666980496,0.30000000894068535,0.5339225577573643
RO1_PRICE,Steel Reinforcement Bars,2025-08-01,2025-09-01,1,VECM,ETS,684.2,684.9621034937321,684.2,676.1630533142395,0.7621034937320701,8.03694668576054,-7.27484319202847
RO1_PRICE,Cement,2025-08-01,2025-11-01,3,VECM,ETS,110.0,101.6999497042213,110.0,100.81133256261882,8.300050295778703,9.188667437381184,-0.8886171416024808
RO1_PRICE,Concreting Sand,2025-08-01,2025-11-01,3,VECM,ETS,27.0,25.57414431380564,27.0,26.7,1.4258556861943603,0.3000000000000007,1.1258556861943596
RO1_PRICE,Granite,2025-08-01,2025-11-01,3,VECM,ETS,22.3,20.387906951910185,22.3,21.7,1.9120930480898153,0.6000000000000014,1.3120930480898139
RO1_PRICE,Ready-Mixed Concrete,2025-08-01,2025-11-01,3,VECM,ETS,124.9,117.37854665276885,124.9,120.39999999105932,7.521453347231159,4.500000008940688,3.0214533382904705
RO1_PRICE,Steel Reinforcement Bars,2025-08-01,2025-11-01,3,VECM,ETS,666.2,702.280549467992,666.2,668.477849924005,36.080549467992,2.277849924004954,33.802699543987046
RO1_PRICE,Cement,2025-08-01,2026-02-01,6,VECM,ETS,119.2,101.91062768660262,119.2,100.38076187414588,17.28937231339738,18.819238125854127,-1.5298658124567481
RO1_PRICE,Concreting Sand,2025-08-01,2026-02-01,6,VECM,ETS,26.4,24.37015655412737,26.4,26.7,2.029843445872629,0.3000000000000007,1.7298434458726284
RO1_PRICE,Granite,2025-08-01,2026-02-01,6,VECM,ETS,22.6,19.793325432438323,22.6,21.7,2.8066745675616787,0.9000000000000021,1.9066745675616765
RO1_PRICE,Ready-Mixed Concrete,2025-08-01,2026-02-01,6,VECM,ETS,130.0,114.6901681892264,130.0,120.39999999105932,15.309831810773602,9.600000008940683,5.7098318018329195
RO1_PRICE,Steel Reinforcement Bars,2025-08-01,2026-02-01,6,VECM,ETS,637.1,732.945738491172,637.1,661.8105090272328,95.84573849117203,24.710509027232774,71.13522946393925
RO1_PRICE,Cement,2025-09-01,2025-10-01,1,VECM,ETS,104.0,102.41456360831737,104.0,102.31620346983892,1.5854363916826344,1.6837965301610751,-0.09836013847844072
RO1_PRICE,Concreting Sand,2025-09-01,2025-10-01,1,VECM,ETS,26.7,25.981721092670035,26.7,26.400000004470343,0.7182789073299638,0.2999999955296566,0.4182789118003072
RO1_PRICE,Granite,2025-09-01,2025-10-01,1,VECM,ETS,21.9,21.1822566622666,21.9,21.7,0.717743337733399,0.1999999999999993,0.5177433377333998
RO1_PRICE,Ready-Mixed Concrete,2025-09-01,2025-10-01,1,VECM,ETS,120.6,119.74346573399636,120.6,120.69999999552964,0.856534266003635,0.09999999552964312,0.7565342704739919
RO1_PRICE,Steel Reinforcement Bars,2025-09-01,2025-10-01,1,VECM,ETS,678.0,695.0264118289324,678.0,685.4013702966352,17.026411828932396,7.40137029663515,9.625041532297246
RO1_PRICE,Cement,2025-09-01,2025-12-01,3,VECM,ETS,115.9,102.65935923100406,115.9,102.52834011394596,13.240640768995945,13.371659886054047,-0.1310191170581021
RO1_PRICE,Concreting Sand,2025-09-01,2025-12-01,3,VECM,ETS,26.8,25.21561077125224,26.8,26.400000004470343,1.5843892287477601,0.39999999552965804,1.184389233218102
RO1_PRICE,Granite,2025-09-01,2025-12-01,3,VECM,ETS,22.8,20.394162080799404,22.8,21.7,2.4058379192005965,1.1000000000000014,1.305837919200595
RO1_PRICE,Ready-Mixed Concrete,2025-09-01,2025-12-01,3,VECM,ETS,129.5,117.80998418684528,129.5,120.69999999552964,11.690015813154716,8.800000004470363,2.8900158086843533
RO1_PRICE,Steel Reinforcement Bars,2025-09-01,2025-12-01,3,VECM,ETS,660.3,719.1320802025433,660.3,687.1313436962097,58.83208020254335,26.83134369620973,32.000736506333624
RO1_PRICE,Cement,2025-09-01,2026-03-01,6,VECM,ETS,121.9,102.97974558765227,121.9,102.7509927285441,18.92025441234773,19.1490072714559,-0.22875285910816956
RO1_PRICE,Concreting Sand,2025-09-01,2026-03-01,6,VECM,ETS,27.8,24.225506724606653,27.8,26.400000004470343,3.5744932753933476,1.399999995529658,2.1744932798636896
RO1_PRICE,Granite,2025-09-01,2026-03-01,6,VECM,ETS,23.8,20.00845655512952,23.8,21.7,3.791543444870481,2.1000000000000014,1.6915434448704794
RO1_PRICE,Ready-Mixed Concrete,2025-09-01,2026-03-01,6,VECM,ETS,143.0,115.73819796936876,143.0,120.69999999552964,27.261802030631245,22.300000004470363,4.961802026160882
RO1_PRICE,Steel Reinforcement Bars,2025-09-01,2026-03-01,6,VECM,ETS,663.1,748.7393448629994,663.1,688.6321917299739,85.63934486299934,25.532191729973874,60.10715313302546
RO1_PRICE,Cement,2025-10-01,2025-11-01,1,VECM,ETS,110.0,104.57624434889956,110.0,104.70757635336868,5.423755651100436,5.29242364663132,0.1313320044691153
RO1_PRICE,Concreting Sand,2025-10-01,2025-11-01,1,VECM,ETS,27.0,26.413613101298644,27.0,26.69999999552965,0.5863868987013561,0.30000000447034836,0.2863868942310077
RO1_PRICE,Granite,2025-10-01,2025-11-01,1,VECM,ETS,22.3,21.561468748747856,22.3,21.89999999701977,0.7385312512521445,0.40000000298023153,0.33853124827191294
RO1_PRICE,Ready-Mixed Concrete,2025-10-01,2025-11-01,1,VECM,ETS,124.9,119.98350168930251,124.9,120.6000000014901,4.9164983106974915,4.299999998509904,0.6164983121875878
RO1_PRICE,Steel Reinforcement Bars,2025-10-01,2025-11-01,1,VECM,ETS,666.2,685.4804546254644,666.2,673.9244524282375,19.28045462546436,7.724452428237441,11.556002197226917
RO1_PRICE,Cement,2025-10-01,2026-01-01,3,VECM,ETS,118.6,104.69383904143623,118.6,105.88919627899284,13.90616095856376,12.710803721007153,1.1953572375566068
RO1_PRICE,Concreting Sand,2025-10-01,2026-01-01,3,VECM,ETS,26.7,25.97812709739145,26.7,26.69999999552965,0.7218729026085491,4.470347647611561e-09,0.7218728981382014
RO1_PRICE,Granite,2025-10-01,2026-01-01,3,VECM,ETS,22.7,21.05153634493243,22.7,21.89999999701977,1.6484636550675695,0.8000000029802301,0.8484636520873394
RO1_PRICE,Ready-Mixed Concrete,2025-10-01,2026-01-01,3,VECM,ETS,128.6,118.90187986653672,128.6,120.6000000014901,9.698120133463277,7.999999998509892,1.6981201349533848
RO1_PRICE,Steel Reinforcement Bars,2025-10-01,2026-01-01,3,VECM,ETS,648.0,711.6862684301957,648.0,668.0556637661176,63.686268430195696,20.05566376611762,43.63060466407808
RO1_PRICE,Cement,2025-10-01,2026-04-01,6,VECM,ETS,124.7,104.6639687454394,124.7,107.11478164756772,20.036031254560598,17.58521835243228,2.4508129021283196
RO1_PRICE,Concreting Sand,2025-10-01,2026-04-01,6,VECM,ETS,29.0,25.480919567010677,29.0,26.69999999552965,3.5190804329893233,2.3000000044703484,1.219080428518975
RO1_PRICE,Granite,2025-10-01,2026-04-01,6,VECM,ETS,25.0,20.818833862647423,25.0,21.89999999701977,4.181166137352577,3.100000002980231,1.0811661343723458
RO1_PRICE,Ready-Mixed Concrete,2025-10-01,2026-04-01,6,VECM,ETS,145.6,117.77553848981556,145.6,120.6000000014901,27.824461510184435,24.999999998509892,2.824461511674542
RO1_PRICE,Steel Reinforcement Bars,2025-10-01,2026-04-01,6,VECM,ETS,701.9,746.3133361750071,701.9,662.9641635579142,44.41333617500709,38.935836442085815,5.477499732921274
RO1_PRICE,Cement,2025-11-01,2025-12-01,1,VECM,ETS,115.9,112.00716235566526,115.9,112.65335291553032,3.8928376443347474,3.2466470844696858,0.6461905598650617
RO1_PRICE,Concreting Sand,2025-11-01,2025-12-01,1,VECM,ETS,26.8,28.207254573920643,26.8,26.99999999552965,1.4072545739206426,0.1999999955296481,1.2072545783909945
RO1_PRICE,Granite,2025-11-01,2025-12-01,1,VECM,ETS,22.8,24.44453808102601,22.8,22.29999999403954,1.6445380810260097,0.5000000059604623,1.1445380750655474
RO1_PRICE,Ready-Mixed Concrete,2025-11-01,2025-12-01,1,VECM,ETS,129.5,129.62255102662235,129.5,124.89999993592502,0.12255102662234663,4.600000064074976,-4.4774490374526295
RO1_PRICE,Steel Reinforcement Bars,2025-11-01,2025-12-01,1,VECM,ETS,660.3,695.2368193767247,660.3,657.6814673310791,34.93681937672477,2.618532668920807,32.31828670780396
RO1_PRICE,Cement,2025-11-01,2026-02-01,3,VECM,ETS,119.2,112.96155997651874,119.2,117.06868242138738,6.23844002348126,2.1313175786126237,4.1071224448686365
RO1_PRICE,Concreting Sand,2025-11-01,2026-02-01,3,VECM,ETS,26.4,28.846792709127776,26.4,26.99999999552965,2.4467927091277772,0.5999999955296502,1.846792713598127
RO1_PRICE,Granite,2025-11-01,2026-02-01,3,VECM,ETS,22.6,24.258729669684584,22.6,22.29999999403954,1.6587296696845826,0.30000000596046306,1.3587296637241195
RO1_PRICE,Ready-Mixed Concrete,2025-11-01,2026-02-01,3,VECM,ETS,130.0,131.4843323007211,130.0,124.89999993592502,1.4843323007210927,5.100000064074976,-3.6156677633538834
RO1_PRICE,Steel Reinforcement Bars,2025-11-01,2026-02-01,3,VECM,ETS,637.1,756.1062595635302,637.1,645.4147801221138,119.0062595635302,8.314780122113802,110.69147944141639
RO1_PRICE,Cement,2025-11-01,2026-05-01,6,VECM,ETS,125.8,113.62904058950852,125.8,121.46384482511026,12.170959410491477,4.33615517488974,7.834804235601737
RO1_PRICE,Concreting Sand,2025-11-01,2026-05-01,6,VECM,ETS,28.6,29.47004777443157,28.6,26.99999999552965,0.8700477744315691,1.6000000044703526,-0.7299522300387835
RO1_PRICE,Granite,2025-11-01,2026-05-01,6,VECM,ETS,24.5,23.783654736363545,24.5,22.29999999403954,0.7163452636364553,2.2000000059604616,-1.4836547423240063
RO1_PRICE,Ready-Mixed Concrete,2025-11-01,2026-05-01,6,VECM,ETS,144.4,132.4878722632509,144.4,124.89999993592502,11.912127736749113,19.50000006407498,-7.587872327325869
RO1_PRICE,Steel Reinforcement Bars,2025-11-01,2026-05-01,6,VECM,ETS,703.9,804.4119532358518,703.9,634.7727474857137,100.51195323585182,69.12725251428628,31.384700721565537
RO1_PRICE,Cement,2025-12-01,2026-01-01,1,VECM,ETS,118.6,118.14224015649737,118.6,119.74125860840016,0.4577598435026289,1.1412586084001646,-0.6834987648975357
RO1_PRICE,Concreting Sand,2025-12-01,2026-01-01,1,VECM,ETS,26.7,27.78611856238089,26.7,26.800000002980237,1.0861185623808893,0.10000000298023792,0.9861185594006514
RO1_PRICE,Granite,2025-12-01,2026-01-01,1,VECM,ETS,22.7,24.66577595664729,22.7,22.79999999254942,1.9657759566472919,0.09999999254942082,1.865775964097871
RO1_PRICE,Ready-Mixed Concrete,2025-12-01,2026-01-01,1,VECM,ETS,128.6,134.21452184800825,128.6,129.49999993145465,5.614521848008252,0.8999999314546585,4.714521916553593
RO1_PRICE,Steel Reinforcement Bars,2025-12-01,2026-01-01,1,VECM,ETS,648.0,689.6155564076145,648.0,655.2674245091672,41.61555640761446,7.267424509167199,34.348131898447264
RO1_PRICE,Cement,2025-12-01,2026-03-01,3,VECM,ETS,121.9,119.36192410199834,121.9,125.8535723919142,2.538075898001665,3.953572391914193,-1.4154964939125279
RO1_PRICE,Concreting Sand,2025-12-01,2026-03-01,3,VECM,ETS,27.8,28.91705775872237,27.8,26.800000002980237,1.1170577587223676,0.9999999970197635,0.11705776170260407
RO1_PRICE,Granite,2025-12-01,2026-03-01,3,VECM,ETS,23.8,25.192897033055,23.8,22.79999999254942,1.3928970330550001,1.0000000074505806,0.3928970256044195
RO1_PRICE,Ready-Mixed Concrete,2025-12-01,2026-03-01,3,VECM,ETS,143.0,137.8287987235379,143.0,129.49999993145465,5.171201276462114,13.500000068545347,-8.328798792083234
RO1_PRICE,Steel Reinforcement Bars,2025-12-01,2026-03-01,3,VECM,ETS,663.1,748.1666285030576,663.1,648.0205158585387,85.06662850305759,15.079484141461307,69.98714436159628
RO1_PRICE,Cement,2025-12-01,2026-06-01,6,VECM,ETS,124.15,120.00010047255276,124.15,131.85485467485466,4.149899527447246,7.7048546748546585,-3.554955147407412
RO1_PRICE,Concreting Sand,2025-12-01,2026-06-01,6,VECM,ETS,28.6,30.197280402215604,28.6,26.800000002980237,1.5972804022156026,1.7999999970197642,-0.20271959480416157
RO1_PRICE,Granite,2025-12-01,2026-06-01,6,VECM,ETS,24.3,25.08811342477384,24.3,22.79999999254942,0.7881134247738402,1.5000000074505806,-0.7118865826767404
RO1_PRICE,Ready-Mixed Concrete,2025-12-01,2026-06-01,6,VECM,ETS,143.3,140.43351714117713,143.3,129.49999993145465,2.8664828588228772,13.800000068545359,-10.933517209722481
RO1_PRICE,Steel Reinforcement Bars,2025-12-01,2026-06-01,6,VECM,ETS,708.0,788.6547109419357,708.0,641.7334199980824,80.65471094193572,66.26658000191765,14.388130940018073
RO1_PRICE,Cement,2026-01-01,2026-02-01,1,VECM,ETS,119.2,119.42660199392596,119.2,121.36801901703306,0.2266019939259536,2.1680190170330604,-1.9414170231071068
RO1_PRICE,Concreting Sand,2026-01-01,2026-02-01,1,VECM,ETS,26.4,26.60813709155194,26.4,26.700000001490118,0.20813709155194005,0.30000000149011896,-0.09186290993817892
RO1_PRICE,Granite,2026-01-01,2026-02-01,1,VECM,ETS,22.6,22.654816786613736,22.6,22.700000001490118,0.05481678661373479,0.10000000149011612,-0.04518321487638133
RO1_PRICE,Ready-Mixed Concrete,2026-01-01,2026-02-01,1,VECM,ETS,130.0,128.92689725208442,130.0,128.60000001341103,1.0731027479155841,1.3999999865889663,-0.32689723867338216
RO1_PRICE,Steel Reinforcement Bars,2026-01-01,2026-02-01,1,VECM,ETS,637.1,651.6891182036469,637.1,639.0281212030246,14.589118203646876,1.9281212030246024,12.660997000622274
RO1_PRICE,Cement,2026-01-01,2026-04-01,3,VECM,ETS,124.7,119.09368891875448,124.7,125.65025840332063,5.606311081245522,0.9502584033206318,4.65605267792489
RO1_PRICE,Concreting Sand,2026-01-01,2026-04-01,3,VECM,ETS,29.0,27.55883729872085,29.0,26.700000001490118,1.4411627012791506,2.2999999985098825,-0.8588372972307319
RO1_PRICE,Granite,2026-01-01,2026-04-01,3,VECM,ETS,25.0,23.767703515318185,25.0,22.700000001490118,1.2322964846818145,2.2999999985098825,-1.067703513828068
RO1_PRICE,Ready-Mixed Concrete,2026-01-01,2026-04-01,3,VECM,ETS,145.6,131.7533966079557,145.6,128.60000001341103,13.846603392044301,16.99999998658896,-3.1533965945446596
RO1_PRICE,Steel Reinforcement Bars,2026-01-01,2026-04-01,3,VECM,ETS,701.9,675.143311724574,701.9,626.1086155794397,26.756688275425972,75.79138442056023,-49.03469614513426
RO1_PRICE,Cement,2026-02-01,2026-03-01,1,VECM,ETS,121.9,118.99151225850638,121.9,120.54715775220753,2.90848774149363,1.3528422477924806,1.5556454937011495
RO1_PRICE,Concreting Sand,2026-02-01,2026-03-01,1,VECM,ETS,27.8,27.04342944577214,27.8,26.400000004470343,0.75657055422786,1.399999995529658,-0.643429441301798
RO1_PRICE,Granite,2026-02-01,2026-03-01,1,VECM,ETS,23.8,23.55394431555446,23.8,22.60000000149012,0.24605568444554038,1.199999998509881,-0.9539443140643407
RO1_PRICE,Ready-Mixed Concrete,2026-02-01,2026-03-01,1,VECM,ETS,143.0,132.10103422953267,143.0,129.99999997913838,10.898965770467328,13.00000002086162,-2.1010342503942923
RO1_PRICE,Steel Reinforcement Bars,2026-02-01,2026-03-01,1,VECM,ETS,663.1,640.5672960036095,663.1,628.6101660240873,22.532703996390524,34.48983397591269,-11.957129979522165
RO1_PRICE,Cement,2026-02-01,2026-05-01,3,VECM,ETS,125.8,118.15360587642908,125.8,122.5973842797699,7.646394123570914,3.2026157202300993,4.443778403340815
RO1_PRICE,Concreting Sand,2026-02-01,2026-05-01,3,VECM,ETS,28.6,27.94907940932677,28.6,26.400000004470343,0.6509205906732305,2.1999999955296587,-1.5490794048564283
RO1_PRICE,Granite,2026-02-01,2026-05-01,3,VECM,ETS,24.5,24.128016609727556,24.5,22.60000000149012,0.37198339027244387,1.8999999985098803,-1.5280166082374365
RO1_PRICE,Ready-Mixed Concrete,2026-02-01,2026-05-01,3,VECM,ETS,144.4,134.19376381472364,144.4,129.99999997913838,10.206236185276367,14.400000020861626,-4.1937638355852584
RO1_PRICE,Steel Reinforcement Bars,2026-02-01,2026-05-01,3,VECM,ETS,703.9,655.3874299541025,703.9,616.3848050574086,48.51257004589752,87.51519494259139,-39.002624896693874
RO1_PRICE,Cement,2026-03-01,2026-04-01,1,VECM,ETS,124.7,123.1417805677645,124.7,123.62075182319072,1.5582194322355036,1.079248176809287,0.47897125542621666
RO1_PRICE,Concreting Sand,2026-03-01,2026-04-01,1,VECM,ETS,29.0,31.812596394676447,29.0,27.799999979138377,2.812596394676447,1.2000000208616228,1.6125963738148243
RO1_PRICE,Granite,2026-03-01,2026-04-01,1,VECM,ETS,25.0,29.616563629458877,25.0,23.799999982118607,4.616563629458877,1.2000000178813934,3.416563611577484
RO1_PRICE,Ready-Mixed Concrete,2026-03-01,2026-04-01,1,VECM,ETS,145.6,155.3970823464452,145.6,142.9999998062849,9.797082346445194,2.60000019371509,7.197082152730104
RO1_PRICE,Steel Reinforcement Bars,2026-03-01,2026-04-01,1,VECM,ETS,701.9,708.0062960363535,701.9,679.7683239846624,6.106296036353569,22.131676015337575,-16.025379978984006
RO1_PRICE,Cement,2026-03-01,2026-06-01,3,VECM,ETS,124.15,124.82926367895688,124.15,126.30471913751076,0.6792636789568718,2.154719137510753,-1.4754554585538813
RO1_PRICE,Concreting Sand,2026-03-01,2026-06-01,3,VECM,ETS,28.6,33.08855702293393,28.6,27.799999979138377,4.488557022933925,0.8000000208616243,3.688557002072301
RO1_PRICE,Granite,2026-03-01,2026-06-01,3,VECM,ETS,24.3,28.372300828445475,24.3,23.799999982118607,4.072300828445474,0.5000000178813941,3.57230081056408
RO1_PRICE,Ready-Mixed Concrete,2026-03-01,2026-06-01,3,VECM,ETS,143.3,157.88604667106995,143.3,142.9999998062849,14.586046671069937,0.3000001937151069,14.28604647735483
RO1_PRICE,Steel Reinforcement Bars,2026-03-01,2026-06-01,3,VECM,ETS,708.0,759.5617095694831,708.0,703.7707112626239,51.56170956948313,4.229288737376123,47.332420832107005
RO1_PRICE,Cement,2026-04-01,2026-05-01,1,VECM,ETS,125.8,126.26616350972546,125.8,126.61254327018707,0.4661635097254617,0.8125432701870778,-0.3463797604616161
RO1_PRICE,Concreting Sand,2026-04-01,2026-05-01,1,VECM,ETS,28.6,29.37535092702702,28.6,28.99999998211861,0.77535092702702,0.399999982118608,0.37535094490841203
RO1_PRICE,Granite,2026-04-01,2026-05-01,1,VECM,ETS,24.5,25.25913616170726,24.5,24.99999998211861,0.7591361617072607,0.4999999821186094,0.2591361795886513
RO1_PRICE,Ready-Mixed Concrete,2026-04-01,2026-05-01,1,VECM,ETS,144.4,147.09030790950095,144.4,145.59999996125697,2.6903079095009446,1.1999999612569638,1.4903079482439807
RO1_PRICE,Steel Reinforcement Bars,2026-04-01,2026-05-01,1,VECM,ETS,703.9,731.7832413759589,703.9,730.3708779502576,27.88324137595896,26.47087795025766,1.412363425701301
RO1_PRICE,Cement,2026-05-01,2026-06-01,1,VECM,ETS,124.15,126.3006433633674,124.15,127.08727877188576,2.1506433633673936,2.937278771885758,-0.7866354085183644
RO1_PRICE,Concreting Sand,2026-05-01,2026-06-01,1,VECM,ETS,28.6,28.28900958331362,28.6,28.600000005960467,0.31099041668637994,5.960465898624534e-09,0.31099041072591405
RO1_PRICE,Granite,2026-05-01,2026-06-01,1,VECM,ETS,24.3,23.795996719907308,24.3,24.50000000745058,0.504003280092693,0.2000000074505799,0.30400327264211313
RO1_PRICE,Ready-Mixed Concrete,2026-05-01,2026-06-01,1,VECM,ETS,143.3,143.67389394716636,143.3,144.4000000178814,0.3738939471663514,1.1000000178813991,-0.7261060707150477
RO1_PRICE,Steel Reinforcement Bars,2026-05-01,2026-06-01,1,VECM,ETS,708.0,705.05305533884,708.0,708.6550906987098,2.946944661160046,0.6550906987098415,2.2918539624502046
RO1_PRICE,Cement,2024-07-01,2024-08-01,1,VECM,Naive,108.4,108.46494476857438,108.4,109.0,0.06494476857437803,0.5999999999999943,-0.5350552314256163
RO1_PRICE,Concreting Sand,2024-07-01,2024-08-01,1,VECM,Naive,27.7,26.67344888599503,27.7,27.5,1.0265511140049703,0.1999999999999993,0.826551114004971
RO1_PRICE,Granite,2024-07-01,2024-08-01,1,VECM,Naive,22.8,21.565708796626005,22.8,23.0,1.2342912033739957,0.1999999999999993,1.0342912033739964
RO1_PRICE,Ready-Mixed Concrete,2024-07-01,2024-08-01,1,VECM,Naive,119.9,118.22668217815422,119.9,120.5,1.6733178218457851,0.5999999999999943,1.0733178218457908
RO1_PRICE,Steel Reinforcement Bars,2024-07-01,2024-08-01,1,VECM,Naive,786.2,799.9919127756609,786.2,801.2,13.791912775660876,15.0,-1.208087224339124
RO1_PRICE,Cement,2024-07-01,2024-10-01,3,VECM,Naive,107.4,107.87581766371687,107.4,109.0,0.4758176637168674,1.5999999999999943,-1.124182336283127
RO1_PRICE,Concreting Sand,2024-07-01,2024-10-01,3,VECM,Naive,27.7,26.65818944468853,27.7,27.5,1.0418105553114678,0.1999999999999993,0.8418105553114685
RO1_PRICE,Granite,2024-07-01,2024-10-01,3,VECM,Naive,22.4,21.38533378884086,22.4,23.0,1.0146662111591382,0.6000000000000014,0.4146662111591368
RO1_PRICE,Ready-Mixed Concrete,2024-07-01,2024-10-01,3,VECM,Naive,120.3,117.84355407738758,120.3,120.5,2.456445922612417,0.20000000000000284,2.2564459226124143
RO1_PRICE,Steel Reinforcement Bars,2024-07-01,2024-10-01,3,VECM,Naive,753.6,802.3070060499483,753.6,801.2,48.70700604994829,47.60000000000002,1.107006049948268
RO1_PRICE,Cement,2024-07-01,2025-01-01,6,VECM,Naive,104.4,107.35899475780812,104.4,109.0,2.9589947578081137,4.599999999999994,-1.6410052421918806
RO1_PRICE,Concreting Sand,2024-07-01,2025-01-01,6,VECM,Naive,27.4,26.645804286619544,27.4,27.5,0.7541957133804544,0.10000000000000142,0.654195713380453
RO1_PRICE,Granite,2024-07-01,2025-01-01,6,VECM,Naive,22.6,21.45624900399648,22.6,23.0,1.1437509960035221,0.3999999999999986,0.7437509960035236
RO1_PRICE,Ready-Mixed Concrete,2024-07-01,2025-01-01,6,VECM,Naive,119.9,117.69805249350864,119.9,120.5,2.201947506491365,0.5999999999999943,1.6019475064913706
RO1_PRICE,Steel Reinforcement Bars,2024-07-01,2025-01-01,6,VECM,Naive,724.1,814.2266883566137,724.1,801.2,90.12668835661373,77.10000000000002,13.026688356613704
RO1_PRICE,Cement,2024-07-01,2025-07-01,12,VECM,Naive,101.1,107.00924393541128,101.1,109.0,5.909243935411283,7.900000000000006,-1.990756064588723
RO1_PRICE,Concreting Sand,2024-07-01,2025-07-01,12,VECM,Naive,26.7,26.507613024669453,26.7,27.5,0.19238697533054605,0.8000000000000007,-0.6076130246694547
RO1_PRICE,Granite,2024-07-01,2025-07-01,12,VECM,Naive,21.7,21.36776561394344,21.7,23.0,0.33223438605655886,1.3000000000000007,-0.9677656139434418
RO1_PRICE,Ready-Mixed Concrete,2024-07-01,2025-07-01,12,VECM,Naive,119.8,117.23853400822148,119.8,120.5,2.561465991778519,0.7000000000000028,1.8614659917785161
RO1_PRICE,Steel Reinforcement Bars,2024-07-01,2025-07-01,12,VECM,Naive,689.3,836.8410800835627,689.3,801.2,147.54108008356275,111.90000000000009,35.641080083562656
RO1_PRICE,Cement,2024-08-01,2024-09-01,1,VECM,Naive,108.0,107.97009405467404,108.0,108.4,0.029905945325964467,0.4000000000000057,-0.3700940546740412
RO1_PRICE,Concreting Sand,2024-08-01,2024-09-01,1,VECM,Naive,27.6,27.59581457316012,27.6,27.7,0.004185426839882211,0.09999999999999787,-0.09581457316011566
RO1_PRICE,Granite,2024-08-01,2024-09-01,1,VECM,Naive,22.5,22.203662338455743,22.5,22.8,0.296337661544257,0.3000000000000007,-0.0036623384557437078
RO1_PRICE,Ready-Mixed Concrete,2024-08-01,2024-09-01,1,VECM,Naive,120.5,119.11396226253282,120.5,119.9,1.386037737467177,0.5999999999999943,0.7860377374671828
RO1_PRICE,Steel Reinforcement Bars,2024-08-01,2024-09-01,1,VECM,Naive,771.9,776.8840653659652,771.9,786.2,4.9840653659651935,14.300000000000068,-9.315934634034875
RO1_PRICE,Cement,2024-08-01,2024-11-01,3,VECM,Naive,106.4,107.301183723476,106.4,108.4,0.9011837234759952,2.0,-1.0988162765240048
RO1_PRICE,Concreting Sand,2024-08-01,2024-11-01,3,VECM,Naive,27.7,27.674632309670866,27.7,27.7,0.025367690329133552,0.0,0.025367690329133552
RO1_PRICE,Granite,2024-08-01,2024-11-01,3,VECM,Naive,22.4,21.923748473905743,22.4,22.8,0.4762515260942557,0.40000000000000213,0.07625152609425356
RO1_PRICE,Ready-Mixed Concrete,2024-08-01,2024-11-01,3,VECM,Naive,120.3,118.76451325788732,120.3,119.9,1.5354867421126812,0.3999999999999915,1.1354867421126897
RO1_PRICE,Steel Reinforcement Bars,2024-08-01,2024-11-01,3,VECM,Naive,751.1,774.9408247316796,751.1,786.2,23.840824731679618,35.10000000000002,-11.259175268320405
RO1_PRICE,Cement,2024-08-01,2025-02-01,6,VECM,Naive,104.2,106.66345238120276,104.2,108.4,2.4634523812027567,4.200000000000003,-1.7365476187972462
RO1_PRICE,Concreting Sand,2024-08-01,2025-02-01,6,VECM,Naive,27.6,27.540143792366585,27.6,27.7,0.05985620763341615,0.09999999999999787,-0.04014379236658172
RO1_PRICE,Granite,2024-08-01,2025-02-01,6,VECM,Naive,22.2,21.60596650511851,22.2,22.8,0.59403349488149,0.6000000000000014,-0.005966505118511378
RO1_PRICE,Ready-Mixed Concrete,2024-08-01,2025-02-01,6,VECM,Naive,119.2,118.02341818762036,119.2,119.9,1.1765818123796379,0.7000000000000028,0.47658181237963504
RO1_PRICE,Steel Reinforcement Bars,2024-08-01,2025-02-01,6,VECM,Naive,706.3,792.2321809139523,706.3,786.2,85.93218091395238,79.90000000000009,6.032180913952288
RO1_PRICE,Cement,2024-08-01,2025-08-01,12,VECM,Naive,101.5,106.28437424000384,101.5,108.4,4.784374240003842,6.900000000000006,-2.1156257599961634
RO1_PRICE,Concreting Sand,2024-08-01,2025-08-01,12,VECM,Naive,26.7,26.99172860683716,26.7,27.7,0.29172860683716095,1.0,-0.708271393162839
RO1_PRICE,Granite,2024-08-01,2025-08-01,12,VECM,Naive,21.7,21.27780005815132,21.7,22.8,0.42219994184867815,1.1000000000000014,-0.6778000581513233
RO1_PRICE,Ready-Mixed Concrete,2024-08-01,2025-08-01,12,VECM,Naive,120.4,116.57041669080108,120.4,119.9,3.8295833091989238,0.5,3.3295833091989238
RO1_PRICE,Steel Reinforcement Bars,2024-08-01,2025-08-01,12,VECM,Naive,681.5,831.1670810781725,681.5,786.2,149.6670810781725,104.70000000000005,44.96708107817244
RO1_PRICE,Cement,2024-09-01,2024-10-01,1,VECM,Naive,107.4,107.59463829475985,107.4,108.0,0.19463829475984085,0.5999999999999943,-0.40536170524015347
RO1_PRICE,Concreting Sand,2024-09-01,2024-10-01,1,VECM,Naive,27.7,27.800909076485944,27.7,27.6,0.10090907648594438,0.09999999999999787,0.0009090764859465139
RO1_PRICE,Granite,2024-09-01,2024-10-01,1,VECM,Naive,22.4,22.517549406441653,22.4,22.5,0.11754940644165401,0.10000000000000142,0.017549406441652593
RO1_PRICE,Ready-Mixed Concrete,2024-09-01,2024-10-01,1,VECM,Naive,120.3,120.80548247503928,120.3,120.5,0.5054824750392868,0.20000000000000284,0.30548247503928394
RO1_PRICE,Steel Reinforcement Bars,2024-09-01,2024-10-01,1,VECM,Naive,753.6,767.8869735994631,753.6,771.9,14.286973599463067,18.299999999999955,-4.013026400536887
RO1_PRICE,Cement,2024-09-01,2024-12-01,3,VECM,Naive,105.8,107.07296040146385,105.8,108.0,1.2729604014638483,2.200000000000003,-0.9270395985361546
RO1_PRICE,Concreting Sand,2024-09-01,2024-12-01,3,VECM,Naive,27.7,27.758160903550163,27.7,27.6,0.05816090355016357,0.09999999999999787,-0.0418390964498343
RO1_PRICE,Granite,2024-09-01,2024-12-01,3,VECM,Naive,22.6,22.0165817338083,22.6,22.5,0.5834182661916998,0.10000000000000142,0.48341826619169836
RO1_PRICE,Ready-Mixed Concrete,2024-09-01,2024-12-01,3,VECM,Naive,120.5,120.15378358201514,120.5,120.5,0.3462164179848628,0.0,0.3462164179848628
RO1_PRICE,Steel Reinforcement Bars,2024-09-01,2024-12-01,3,VECM,Naive,735.9,772.278808315674,735.9,771.9,36.378808315674064,36.0,0.37880831567406403
RO1_PRICE,Cement,2024-09-01,2025-03-01,6,VECM,Naive,103.9,106.71118336210372,103.9,108.0,2.811183362103719,4.099999999999994,-1.288816637896275
RO1_PRICE,Concreting Sand,2024-09-01,2025-03-01,6,VECM,Naive,27.3,27.42244925197337,27.3,27.6,0.12244925197336798,0.3000000000000007,-0.17755074802663273
RO1_PRICE,Granite,2024-09-01,2025-03-01,6,VECM,Naive,22.3,21.505678545877387,22.3,22.5,0.7943214541226133,0.1999999999999993,0.5943214541226141
RO1_PRICE,Ready-Mixed Concrete,2024-09-01,2025-03-01,6,VECM,Naive,119.6,118.95276211260732,119.6,120.5,0.6472378873926772,0.9000000000000057,-0.2527621126073285
RO1_PRICE,Steel Reinforcement Bars,2024-09-01,2025-03-01,6,VECM,Naive,701.3,792.7544910852735,701.3,771.9,91.4544910852735,70.60000000000002,20.85449108527348
RO1_PRICE,Cement,2024-09-01,2025-09-01,12,VECM,Naive,102.2,106.59064070294072,102.2,108.0,4.390640702940715,5.799999999999997,-1.4093592970592823
RO1_PRICE,Concreting Sand,2024-09-01,2025-09-01,12,VECM,Naive,26.4,26.60325183125077,26.4,27.6,0.20325183125077118,1.2000000000000028,-0.9967481687492317
RO1_PRICE,Granite,2024-09-01,2025-09-01,12,VECM,Naive,21.7,21.16546737857204,21.7,22.5,0.5345326214279602,0.8000000000000007,-0.2654673785720405
RO1_PRICE,Ready-Mixed Concrete,2024-09-01,2025-09-01,12,VECM,Naive,120.7,117.06970341883483,120.7,120.5,3.630296581165169,0.20000000000000284,3.430296581165166
RO1_PRICE,Steel Reinforcement Bars,2024-09-01,2025-09-01,12,VECM,Naive,684.2,830.6227072481706,684.2,771.9,146.42270724817058,87.69999999999993,58.72270724817065
RO1_PRICE,Cement,2024-10-01,2024-11-01,1,VECM,Naive,106.4,106.93602421077895,106.4,107.4,0.5360242107789475,1.0,-0.46397578922105254
RO1_PRICE,Concreting Sand,2024-10-01,2024-11-01,1,VECM,Naive,27.7,27.589737413109447,27.7,27.7,0.11026258689055268,0.0,0.11026258689055268
RO1_PRICE,Granite,2024-10-01,2024-11-01,1,VECM,Naive,22.4,22.02799258739853,22.4,22.4,0.3720074126014694,0.0,0.3720074126014694
RO1_PRICE,Ready-Mixed Concrete,2024-10-01,2024-11-01,1,VECM,Naive,120.3,119.64897094962808,120.3,120.3,0.6510290503719176,0.0,0.6510290503719176
RO1_PRICE,Steel Reinforcement Bars,2024-10-01,2024-11-01,1,VECM,Naive,751.1,744.5931865888638,751.1,753.6,6.50681341113625,2.5,4.00681341113625
RO1_PRICE,Cement,2024-10-01,2025-01-01,3,VECM,Naive,104.4,106.2522825437155,104.4,107.4,1.8522825437154893,3.0,-1.1477174562845107
RO1_PRICE,Concreting Sand,2024-10-01,2025-01-01,3,VECM,Naive,27.4,27.338535447888084,27.4,27.7,0.06146455211191437,0.3000000000000007,-0.23853544788808634
RO1_PRICE,Granite,2024-10-01,2025-01-01,3,VECM,Naive,22.6,21.51374478900889,22.6,22.4,1.086255210991112,0.20000000000000284,0.8862552109911093
RO1_PRICE,Ready-Mixed Concrete,2024-10-01,2025-01-01,3,VECM,Naive,119.9,118.5237160072131,119.9,120.3,1.3762839927869095,0.3999999999999915,0.976283992786918
RO1_PRICE,Steel Reinforcement Bars,2024-10-01,2025-01-01,3,VECM,Naive,724.1,745.3452508946025,724.1,753.6,21.245250894602464,29.5,-8.254749105397536
RO1_PRICE,Cement,2024-10-01,2025-04-01,6,VECM,Naive,103.6,105.6356917911039,103.6,107.4,2.0356917911039005,3.8000000000000114,-1.7643082088961108
RO1_PRICE,Concreting Sand,2024-10-01,2025-04-01,6,VECM,Naive,26.8,26.88854635830184,26.8,27.7,0.08854635830184066,0.8999999999999986,-0.8114536416981579
RO1_PRICE,Granite,2024-10-01,2025-04-01,6,VECM,Naive,22.2,21.12709441286848,22.2,22.4,1.072905587131519,0.1999999999999993,0.8729055871315197
RO1_PRICE,Ready-Mixed Concrete,2024-10-01,2025-04-01,6,VECM,Naive,119.9,117.13534051124664,119.9,120.3,2.7646594887533666,0.3999999999999915,2.364659488753375
RO1_PRICE,Steel Reinforcement Bars,2024-10-01,2025-04-01,6,VECM,Naive,701.0,767.8865952812295,701.0,753.6,66.88659528122946,52.60000000000002,14.286595281229438
RO1_PRICE,Cement,2024-10-01,2025-10-01,12,VECM,Naive,104.0,105.25923841736608,104.0,107.4,1.2592384173660776,3.4000000000000057,-2.140761582633928
RO1_PRICE,Concreting Sand,2024-10-01,2025-10-01,12,VECM,Naive,26.7,26.087840341835005,26.7,27.7,0.6121596581649946,1.0,-0.3878403418350054
RO1_PRICE,Granite,2024-10-01,2025-10-01,12,VECM,Naive,21.9,20.88658423930938,21.9,22.4,1.01341576069062,0.5,0.51341576069062
RO1_PRICE,Ready-Mixed Concrete,2024-10-01,2025-10-01,12,VECM,Naive,120.6,115.2907944799004,120.6,120.3,5.309205520099596,0.29999999999999716,5.009205520099599
RO1_PRICE,Steel Reinforcement Bars,2024-10-01,2025-10-01,12,VECM,Naive,678.0,812.4664631048529,678.0,753.6,134.4664631048529,75.60000000000002,58.86646310485287
RO1_PRICE,Cement,2024-11-01,2024-12-01,1,VECM,Naive,105.8,105.87450099311476,105.8,106.4,0.07450099311476777,0.6000000000000085,-0.5254990068852408
RO1_PRICE,Concreting Sand,2024-11-01,2024-12-01,1,VECM,Naive,27.7,27.49152528321946,27.7,27.7,0.20847471678053964,0.0,0.20847471678053964
RO1_PRICE,Granite,2024-11-01,2024-12-01,1,VECM,Naive,22.6,21.856516995880696,22.6,22.4,0.7434830041193052,0.20000000000000284,0.5434830041193024
RO1_PRICE,Ready-Mixed Concrete,2024-11-01,2024-12-01,1,VECM,Naive,120.5,119.3766087875088,120.5,120.3,1.1233912124911996,0.20000000000000284,0.9233912124911967
RO1_PRICE,Steel Reinforcement Bars,2024-11-01,2024-12-01,1,VECM,Naive,735.9,750.8876422245246,735.9,751.1,14.98764222452462,15.200000000000045,-0.21235777547542511
RO1_PRICE,Cement,2024-11-01,2025-02-01,3,VECM,Naive,104.2,105.39305071224544,104.2,106.4,1.1930507122454372,2.200000000000003,-1.0069492877545656
RO1_PRICE,Concreting Sand,2024-11-01,2025-02-01,3,VECM,Naive,27.6,27.142818534293923,27.6,27.7,0.4571814657060784,0.09999999999999787,0.35718146570608056
RO1_PRICE,Granite,2024-11-01,2025-02-01,3,VECM,Naive,22.2,21.27451510508344,22.2,22.4,0.9254848949165577,0.1999999999999993,0.7254848949165584
RO1_PRICE,Ready-Mixed Concrete,2024-11-01,2025-02-01,3,VECM,Naive,119.2,118.04936318972771,119.2,120.3,1.1506368102722888,1.0999999999999943,0.0506368102722945
RO1_PRICE,Steel Reinforcement Bars,2024-11-01,2025-02-01,3,VECM,Naive,706.3,758.6508029734625,706.3,751.1,52.35080297346258,44.80000000000007,7.55080297346251
RO1_PRICE,Cement,2024-11-01,2025-05-01,6,VECM,Naive,103.3,105.08429425181092,103.3,106.4,1.7842942518109197,3.1000000000000085,-1.3157057481890888
RO1_PRICE,Concreting Sand,2024-11-01,2025-05-01,6,VECM,Naive,27.1,26.522471151983492,27.1,27.7,0.5775288480165095,0.5999999999999979,-0.02247115198348837
RO1_PRICE,Granite,2024-11-01,2025-05-01,6,VECM,Naive,22.0,20.87037474605946,22.0,22.4,1.1296252539405387,0.3999999999999986,0.7296252539405401
RO1_PRICE,Ready-Mixed Concrete,2024-11-01,2025-05-01,6,VECM,Naive,120.0,116.42015235006193,120.0,120.3,3.579847649938074,0.29999999999999716,3.279847649938077
RO1_PRICE,Steel Reinforcement Bars,2024-11-01,2025-05-01,6,VECM,Naive,696.6,781.644493695668,696.6,751.1,85.04449369566794,54.5,30.54449369566794
RO1_PRICE,Cement,2024-11-01,2025-11-01,12,VECM,Naive,110.0,104.9485812455966,110.0,106.4,5.0514187544034,3.5999999999999943,1.4514187544034058
RO1_PRICE,Concreting Sand,2024-11-01,2025-11-01,12,VECM,Naive,27.0,25.643282340688344,27.0,27.7,1.3567176593116557,0.6999999999999993,0.6567176593116564
RO1_PRICE,Granite,2024-11-01,2025-11-01,12,VECM,Naive,22.3,20.74189123512722,22.3,22.4,1.558108764872781,0.09999999999999787,1.458108764872783
RO1_PRICE,Ready-Mixed Concrete,2024-11-01,2025-11-01,12,VECM,Naive,124.9,114.6053702676983,124.9,120.3,10.2946297323017,4.6000000000000085,5.694629732301692
RO1_PRICE,Steel Reinforcement Bars,2024-11-01,2025-11-01,12,VECM,Naive,666.2,817.9409072156036,666.2,751.1,151.74090721560356,84.89999999999998,66.84090721560358
RO1_PRICE,Cement,2024-12-01,2025-01-01,1,VECM,Naive,104.4,105.34883300669468,104.4,105.8,0.9488330066946702,1.3999999999999915,-0.4511669933053213
RO1_PRICE,Concreting Sand,2024-12-01,2025-01-01,1,VECM,Naive,27.4,27.33463954238596,27.4,27.7,0.06536045761403741,0.3000000000000007,-0.2346395423859633
RO1_PRICE,Granite,2024-12-01,2025-01-01,1,VECM,Naive,22.6,21.85229340840765,22.6,22.6,0.7477065915923511,0.0,0.7477065915923511
RO1_PRICE,Ready-Mixed Concrete,2024-12-01,2025-01-01,1,VECM,Naive,119.9,119.22016269396173,119.9,120.5,0.6798373060382801,0.5999999999999943,0.07983730603828576
RO1_PRICE,Steel Reinforcement Bars,2024-12-01,2025-01-01,1,VECM,Naive,724.1,729.496276762954,724.1,735.9,5.396276762954017,11.799999999999955,-6.403723237045938
RO1_PRICE,Cement,2024-12-01,2025-03-01,3,VECM,Naive,103.9,104.79329171094676,103.9,105.8,0.8932917109467553,1.8999999999999915,-1.0067082890532362
RO1_PRICE,Concreting Sand,2024-12-01,2025-03-01,3,VECM,Naive,27.3,26.87399113126872,27.3,27.7,0.4260088687312802,0.3999999999999986,0.02600886873128161
RO1_PRICE,Granite,2024-12-01,2025-03-01,3,VECM,Naive,22.3,21.10292376810895,22.3,22.6,1.1970762318910495,0.3000000000000007,0.8970762318910488
RO1_PRICE,Ready-Mixed Concrete,2024-12-01,2025-03-01,3,VECM,Naive,119.6,117.5599963901438,119.6,120.5,2.0400036098561998,0.9000000000000057,1.140003609856194
RO1_PRICE,Steel Reinforcement Bars,2024-12-01,2025-03-01,3,VECM,Naive,701.3,733.1038515778904,701.3,735.9,31.80385157789044,34.60000000000002,-2.7961484221095816
RO1_PRICE,Cement,2024-12-01,2025-06-01,6,VECM,Naive,102.8,104.33599712191932,102.8,105.8,1.5359971219193227,3.0,-1.4640028780806773
RO1_PRICE,Concreting Sand,2024-12-01,2025-06-01,6,VECM,Naive,26.7,26.19132604596216,26.7,27.7,0.5086739540378389,1.0,-0.4913260459621611
RO1_PRICE,Granite,2024-12-01,2025-06-01,6,VECM,Naive,22.0,20.68022725101516,22.0,22.6,1.319772748984839,0.6000000000000014,0.7197727489848376
RO1_PRICE,Ready-Mixed Concrete,2024-12-01,2025-06-01,6,VECM,Naive,120.4,115.75053768029544,120.4,120.5,4.649462319704568,0.09999999999999432,4.549462319704574
RO1_PRICE,Steel Reinforcement Bars,2024-12-01,2025-06-01,6,VECM,Naive,688.6,757.6435443115583,688.6,735.9,69.04354431155832,47.299999999999955,21.743544311558367
RO1_PRICE,Cement,2024-12-01,2025-12-01,12,VECM,Naive,115.9,104.07174851820614,115.9,105.8,11.82825148179387,10.100000000000009,1.728251481793862
RO1_PRICE,Concreting Sand,2024-12-01,2025-12-01,12,VECM,Naive,26.8,25.219996803518704,26.8,27.7,1.5800031964812966,0.8999999999999986,0.680003196481298
RO1_PRICE,Granite,2024-12-01,2025-12-01,12,VECM,Naive,22.8,20.52475124051301,22.8,22.6,2.275248759486992,0.1999999999999993,2.0752487594869926
RO1_PRICE,Ready-Mixed Concrete,2024-12-01,2025-12-01,12,VECM,Naive,129.5,113.70049744209976,129.5,120.5,15.79950255790024,9.0,6.79950255790024
RO1_PRICE,Steel Reinforcement Bars,2024-12-01,2025-12-01,12,VECM,Naive,660.3,800.9080398717642,660.3,735.9,140.60803987176428,75.60000000000002,65.00803987176425
RO1_PRICE,Cement,2025-01-01,2025-02-01,1,VECM,Naive,104.2,103.6807509897838,104.2,104.4,0.5192490102161997,0.20000000000000284,0.3192490102161969
RO1_PRICE,Concreting Sand,2025-01-01,2025-02-01,1,VECM,Naive,27.6,26.68943878000977,27.6,27.4,0.9105612199902318,0.20000000000000284,0.7105612199902289
RO1_PRICE,Granite,2025-01-01,2025-02-01,1,VECM,Naive,22.2,21.25039737084884,22.2,22.6,0.9496026291511583,0.40000000000000213,0.5496026291511562
RO1_PRICE,Ready-Mixed Concrete,2025-01-01,2025-02-01,1,VECM,Naive,119.2,117.5210538883736,119.2,119.9,1.6789461116264022,0.7000000000000028,0.9789461116263993
RO1_PRICE,Steel Reinforcement Bars,2025-01-01,2025-02-01,1,VECM,Naive,706.3,716.0916441503625,706.3,724.1,9.791644150362572,17.800000000000068,-8.008355849637496
RO1_PRICE,Cement,2025-01-01,2025-04-01,3,VECM,Naive,103.6,103.0375811026898,103.6,104.4,0.5624188973101951,0.8000000000000114,-0.23758110268981625
RO1_PRICE,Concreting Sand,2025-01-01,2025-04-01,3,VECM,Naive,26.8,26.065032803790302,26.8,27.4,0.7349671962096984,0.5999999999999979,0.13496719620970055
RO1_PRICE,Granite,2025-01-01,2025-04-01,3,VECM,Naive,22.2,20.47152912977725,22.2,22.6,1.7284708702227505,0.40000000000000213,1.3284708702227483
RO1_PRICE,Ready-Mixed Concrete,2025-01-01,2025-04-01,3,VECM,Naive,119.9,115.42918673990148,119.9,119.9,4.470813260098524,0.0,4.470813260098524
RO1_PRICE,Steel Reinforcement Bars,2025-01-01,2025-04-01,3,VECM,Naive,701.0,715.6946352990454,701.0,724.1,14.694635299045444,23.100000000000023,-8.405364700954578
RO1_PRICE,Cement,2025-01-01,2025-07-01,6,VECM,Naive,101.1,102.53872764939403,101.1,104.4,1.438727649394039,3.3000000000000114,-1.8612723506059723
RO1_PRICE,Concreting Sand,2025-01-01,2025-07-01,6,VECM,Naive,26.7,25.155334158835977,26.7,27.4,1.5446658411640222,0.6999999999999993,0.8446658411640229
RO1_PRICE,Granite,2025-01-01,2025-07-01,6,VECM,Naive,21.7,20.069160980078323,21.7,22.6,1.6308390199216767,0.9000000000000021,0.7308390199216745
RO1_PRICE,Ready-Mixed Concrete,2025-01-01,2025-07-01,6,VECM,Naive,119.8,113.20161512782778,119.8,119.9,6.598384872172218,0.10000000000000853,6.49838487217221
RO1_PRICE,Steel Reinforcement Bars,2025-01-01,2025-07-01,6,VECM,Naive,689.3,738.3528490557798,689.3,724.1,49.0528490557798,34.80000000000007,14.252849055779734
RO1_PRICE,Cement,2025-01-01,2026-01-01,12,VECM,Naive,118.6,102.18054477851064,118.6,104.4,16.419455221489358,14.199999999999989,2.219455221489369
RO1_PRICE,Concreting Sand,2025-01-01,2026-01-01,12,VECM,Naive,26.7,24.107448848440576,26.7,27.4,2.592551151559423,0.6999999999999993,1.8925511515594238
RO1_PRICE,Granite,2025-01-01,2026-01-01,12,VECM,Naive,22.7,20.0359071978732,22.7,22.6,2.664092802126799,0.09999999999999787,2.564092802126801
RO1_PRICE,Ready-Mixed Concrete,2025-01-01,2026-01-01,12,VECM,Naive,128.6,111.08522777253609,128.6,119.9,17.514772227463908,8.699999999999989,8.81477222746392
RO1_PRICE,Steel Reinforcement Bars,2025-01-01,2026-01-01,12,VECM,Naive,648.0,781.2689650668983,648.0,724.1,133.26896506689832,76.10000000000002,57.168965066898295
RO1_PRICE,Cement,2025-02-01,2025-03-01,1,VECM,Naive,103.9,103.95340291506082,103.9,104.2,0.05340291506081485,0.29999999999999716,-0.2465970849391823
RO1_PRICE,Concreting Sand,2025-02-01,2025-03-01,1,VECM,Naive,27.3,27.464869439233425,27.3,27.6,0.16486943923342423,0.3000000000000007,-0.13513056076657648
RO1_PRICE,Granite,2025-02-01,2025-03-01,1,VECM,Naive,22.3,21.777244271772357,22.3,22.2,0.5227557282276436,0.10000000000000142,0.4227557282276422
RO1_PRICE,Ready-Mixed Concrete,2025-02-01,2025-03-01,1,VECM,Naive,119.6,118.42498233633783,119.6,119.2,1.1750176636621603,0.3999999999999915,0.7750176636621688
RO1_PRICE,Steel Reinforcement Bars,2025-02-01,2025-03-01,1,VECM,Naive,701.3,699.6296672825109,701.3,706.3,1.670332717489032,5.0,-3.329667282510968
RO1_PRICE,Cement,2025-02-01,2025-05-01,3,VECM,Naive,103.3,103.44992392996616,103.3,104.2,0.14992392996616388,0.9000000000000057,-0.7500760700338418
RO1_PRICE,Concreting Sand,2025-02-01,2025-05-01,3,VECM,Naive,27.1,26.96363436084912,27.1,27.6,0.13636563915088118,0.5,-0.3636343608491188
RO1_PRICE,Granite,2025-02-01,2025-05-01,3,VECM,Naive,22.0,21.032812706340856,22.0,22.2,0.9671872936591441,0.1999999999999993,0.7671872936591448
RO1_PRICE,Ready-Mixed Concrete,2025-02-01,2025-05-01,3,VECM,Naive,120.0,116.69844321774566,120.0,119.2,3.3015567822543375,0.7999999999999972,2.5015567822543403
RO1_PRICE,Steel Reinforcement Bars,2025-02-01,2025-05-01,3,VECM,Naive,696.6,707.5707038343189,696.6,706.3,10.970703834318897,9.699999999999932,1.2707038343189652
RO1_PRICE,Cement,2025-02-01,2025-08-01,6,VECM,Naive,101.5,102.9802022351222,101.5,104.2,1.4802022351222064,2.700000000000003,-1.2197977648777965
RO1_PRICE,Concreting Sand,2025-02-01,2025-08-01,6,VECM,Naive,26.7,26.15787958391872,26.7,27.6,0.5421204160812785,0.9000000000000021,-0.35787958391872365
RO1_PRICE,Granite,2025-02-01,2025-08-01,6,VECM,Naive,21.7,20.478803251905543,21.7,22.2,1.2211967480944566,0.5,0.7211967480944566
RO1_PRICE,Ready-Mixed Concrete,2025-02-01,2025-08-01,6,VECM,Naive,120.4,114.54937147645248,120.4,119.2,5.8506285235475275,1.2000000000000028,4.650628523547525
RO1_PRICE,Steel Reinforcement Bars,2025-02-01,2025-08-01,6,VECM,Naive,681.5,739.2933345164483,681.5,706.3,57.79333451644834,24.799999999999955,32.993334516448385
RO1_PRICE,Cement,2025-02-01,2026-02-01,12,VECM,Naive,119.2,102.7493037591072,119.2,104.2,16.450696240892796,15.0,1.4506962408927961
RO1_PRICE,Concreting Sand,2025-02-01,2026-02-01,12,VECM,Naive,26.4,24.98055199298169,26.4,27.6,1.4194480070183069,1.2000000000000028,0.21944800701830403
RO1_PRICE,Granite,2025-02-01,2026-02-01,12,VECM,Naive,22.6,20.26890803920036,22.6,22.2,2.3310919607996397,0.40000000000000213,1.9310919607996375
RO1_PRICE,Ready-Mixed Concrete,2025-02-01,2026-02-01,12,VECM,Naive,130.0,112.0762777401046,130.0,119.2,17.9237222598954,10.799999999999997,7.123722259895402
RO1_PRICE,Steel Reinforcement Bars,2025-02-01,2026-02-01,12,VECM,Naive,637.1,790.9236921159275,637.1,706.3,153.82369211592743,69.19999999999993,84.6236921159275
RO1_PRICE,Cement,2025-03-01,2025-04-01,1,VECM,Naive,103.6,103.56794270413005,103.6,103.9,0.03205729586994721,0.30000000000001137,-0.26794270413006416
RO1_PRICE,Concreting Sand,2025-03-01,2025-04-01,1,VECM,Naive,26.8,26.882731112347784,26.8,27.3,0.08273111234778341,0.5,-0.4172688876522166
RO1_PRICE,Granite,2025-03-01,2025-04-01,1,VECM,Naive,22.2,21.55262270124552,22.2,22.3,0.6473772987544777,0.10000000000000142,0.5473772987544763
RO1_PRICE,Ready-Mixed Concrete,2025-03-01,2025-04-01,1,VECM,Naive,119.9,118.3551130821117,119.9,119.6,1.5448869178883058,0.30000000000001137,1.2448869178882944
RO1_PRICE,Steel Reinforcement Bars,2025-03-01,2025-04-01,1,VECM,Naive,701.0,704.7041058022718,701.0,701.3,3.7041058022717834,0.2999999999999545,3.404105802271829
RO1_PRICE,Cement,2025-03-01,2025-06-01,3,VECM,Naive,102.8,103.21948762127708,102.8,103.9,0.41948762127708505,1.1000000000000085,-0.6805123787229235
RO1_PRICE,Concreting Sand,2025-03-01,2025-06-01,3,VECM,Naive,26.7,26.332289661675325,26.7,27.3,0.3677103383246738,0.6000000000000014,-0.2322896616753276
RO1_PRICE,Granite,2025-03-01,2025-06-01,3,VECM,Naive,22.0,20.77104594923142,22.0,22.3,1.2289540507685786,0.3000000000000007,0.9289540507685778
RO1_PRICE,Ready-Mixed Concrete,2025-03-01,2025-06-01,3,VECM,Naive,120.4,116.58034166640688,120.4,119.6,3.819658333593125,0.8000000000000114,3.0196583335931138
RO1_PRICE,Steel Reinforcement Bars,2025-03-01,2025-06-01,3,VECM,Naive,688.6,720.4748021953767,688.6,701.3,31.874802195376674,12.699999999999932,19.174802195376742
RO1_PRICE,Cement,2025-03-01,2025-09-01,6,VECM,Naive,102.2,103.02484224661352,102.2,103.9,0.8248422466135139,1.7000000000000028,-0.8751577533864889
RO1_PRICE,Concreting Sand,2025-03-01,2025-09-01,6,VECM,Naive,26.4,25.50449113244224,26.4,27.3,0.8955088675577585,0.9000000000000021,-0.004491132442243639
RO1_PRICE,Granite,2025-03-01,2025-09-01,6,VECM,Naive,21.7,20.31855969714035,21.7,22.3,1.381440302859648,0.6000000000000014,0.7814403028596466
RO1_PRICE,Ready-Mixed Concrete,2025-03-01,2025-09-01,6,VECM,Naive,120.7,114.5609554765263,120.7,119.6,6.1390445234737,1.1000000000000085,5.039044523473692
RO1_PRICE,Steel Reinforcement Bars,2025-03-01,2025-09-01,6,VECM,Naive,684.2,751.358585275202,684.2,701.3,67.15858527520197,17.09999999999991,50.05858527520206
RO1_PRICE,Cement,2025-03-01,2026-03-01,12,VECM,Naive,121.9,103.01319883388692,121.9,103.9,18.886801166113088,18.0,0.8868011661130879
RO1_PRICE,Concreting Sand,2025-03-01,2026-03-01,12,VECM,Naive,27.8,24.410292441393324,27.8,27.3,3.389707558606677,0.5,2.889707558606677
RO1_PRICE,Granite,2025-03-01,2026-03-01,12,VECM,Naive,23.8,20.224734200632632,23.8,22.3,3.5752657993673687,1.5,2.0752657993673687
RO1_PRICE,Ready-Mixed Concrete,2025-03-01,2026-03-01,12,VECM,Naive,143.0,112.42059102355668,143.0,119.6,30.579408976443318,23.400000000000006,7.179408976443312
RO1_PRICE,Steel Reinforcement Bars,2025-03-01,2026-03-01,12,VECM,Naive,663.1,792.0232576492792,663.1,701.3,128.9232576492792,38.19999999999993,90.72325764927928
RO1_PRICE,Cement,2025-04-01,2025-05-01,1,VECM,Naive,103.3,103.31260096871785,103.3,103.6,0.012600968717848104,0.29999999999999716,-0.28739903128214905
RO1_PRICE,Concreting Sand,2025-04-01,2025-05-01,1,VECM,Naive,27.1,26.368280368981097,27.1,26.8,0.7317196310189047,0.3000000000000007,0.431719631018904
RO1_PRICE,Granite,2025-04-01,2025-05-01,1,VECM,Naive,22.0,21.41348347879504,22.0,22.2,0.5865165212049597,0.1999999999999993,0.3865165212049604
RO1_PRICE,Ready-Mixed Concrete,2025-04-01,2025-05-01,1,VECM,Naive,120.0,118.65839542336435,120.0,119.9,1.3416045766356461,0.09999999999999432,1.2416045766356518
RO1_PRICE,Steel Reinforcement Bars,2025-04-01,2025-05-01,1,VECM,Naive,696.6,707.2537189938008,696.6,701.0,10.653718993800794,4.399999999999977,6.253718993800817
RO1_PRICE,Cement,2025-04-01,2025-07-01,3,VECM,Naive,101.1,103.1169164725845,101.1,103.6,2.016916472584512,2.5,-0.4830835274154879
RO1_PRICE,Concreting Sand,2025-04-01,2025-07-01,3,VECM,Naive,26.7,25.821435727437645,26.7,26.8,0.8785642725623539,0.10000000000000142,0.7785642725623525
RO1_PRICE,Granite,2025-04-01,2025-07-01,3,VECM,Naive,21.7,20.668358990988068,21.7,22.2,1.0316410090119312,0.5,0.5316410090119312
RO1_PRICE,Ready-Mixed Concrete,2025-04-01,2025-07-01,3,VECM,Naive,119.8,116.95974474482156,119.8,119.9,2.840255255178434,0.10000000000000853,2.7402552551784254
RO1_PRICE,Steel Reinforcement Bars,2025-04-01,2025-07-01,3,VECM,Naive,689.3,724.4580233533914,689.3,701.0,35.1580233533914,11.700000000000045,23.458023353391354
RO1_PRICE,Cement,2025-04-01,2025-10-01,6,VECM,Naive,104.0,103.10259179391358,104.0,103.6,0.8974082060864248,0.4000000000000057,0.4974082060864191
RO1_PRICE,Concreting Sand,2025-04-01,2025-10-01,6,VECM,Naive,26.7,24.956839653331457,26.7,26.8,1.7431603466685424,0.10000000000000142,1.643160346668541
RO1_PRICE,Granite,2025-04-01,2025-10-01,6,VECM,Naive,21.9,20.212558979122107,21.9,22.2,1.6874410208778912,0.3000000000000007,1.3874410208778905
RO1_PRICE,Ready-Mixed Concrete,2025-04-01,2025-10-01,6,VECM,Naive,120.6,114.93653575936312,120.6,119.9,5.66346424063687,0.6999999999999886,4.963464240636881
RO1_PRICE,Steel Reinforcement Bars,2025-04-01,2025-10-01,6,VECM,Naive,678.0,753.0201523482867,678.0,701.0,75.02015234828673,23.0,52.02015234828673
RO1_PRICE,Cement,2025-04-01,2026-04-01,12,VECM,Naive,124.7,103.22502489178618,124.7,103.6,21.474975108213826,21.10000000000001,0.3749751082138175
RO1_PRICE,Concreting Sand,2025-04-01,2026-04-01,12,VECM,Naive,29.0,23.881574371755285,29.0,26.8,5.118425628244715,2.1999999999999993,2.918425628244716
RO1_PRICE,Granite,2025-04-01,2026-04-01,12,VECM,Naive,25.0,20.16955023372028,25.0,22.2,4.83044976627972,2.8000000000000007,2.0304497662797196
RO1_PRICE,Ready-Mixed Concrete,2025-04-01,2026-04-01,12,VECM,Naive,145.6,112.92677184616768,145.6,119.9,32.67322815383231,25.69999999999999,6.9732281538323235
RO1_PRICE,Steel Reinforcement Bars,2025-04-01,2026-04-01,12,VECM,Naive,701.9,786.8284101245911,701.9,701.0,84.9284101245911,0.8999999999999773,84.02841012459112
RO1_PRICE,Cement,2025-05-01,2025-06-01,1,VECM,Naive,102.8,103.12824212914552,102.8,103.3,0.3282421291455222,0.5,-0.1717578708544778
RO1_PRICE,Concreting Sand,2025-05-01,2025-06-01,1,VECM,Naive,26.7,27.111318526011843,26.7,27.1,0.4113185260118435,0.40000000000000213,0.011318526011841357
RO1_PRICE,Granite,2025-05-01,2025-06-01,1,VECM,Naive,22.0,21.843600845244232,22.0,22.0,0.1563991547557677,0.0,0.1563991547557677
RO1_PRICE,Ready-Mixed Concrete,2025-05-01,2025-06-01,1,VECM,Naive,120.4,119.70652148696036,120.4,120.0,0.6934785130396506,0.4000000000000057,0.2934785130396449
RO1_PRICE,Steel Reinforcement Bars,2025-05-01,2025-06-01,1,VECM,Naive,688.6,698.5275345701209,688.6,696.6,9.927534570120883,8.0,1.9275345701208835
RO1_PRICE,Cement,2025-05-01,2025-08-01,3,VECM,Naive,101.5,102.94905905673365,101.5,103.3,1.4490590567336454,1.7999999999999972,-0.3509409432663517
RO1_PRICE,Concreting Sand,2025-05-01,2025-08-01,3,VECM,Naive,26.7,26.501438056376276,26.7,27.1,0.19856194362372293,0.40000000000000213,-0.2014380563762792
RO1_PRICE,Granite,2025-05-01,2025-08-01,3,VECM,Naive,21.7,20.939798850092032,21.7,22.0,0.7602011499079673,0.3000000000000007,0.46020114990796657
RO1_PRICE,Ready-Mixed Concrete,2025-05-01,2025-08-01,3,VECM,Naive,120.4,117.778851388432,120.4,120.0,2.621148611568003,0.4000000000000057,2.2211486115679975
RO1_PRICE,Steel Reinforcement Bars,2025-05-01,2025-08-01,3,VECM,Naive,681.5,713.3882090826156,681.5,696.6,31.888209082615617,15.100000000000023,16.788209082615595
RO1_PRICE,Cement,2025-05-01,2025-11-01,6,VECM,Naive,110.0,102.9138913081118,110.0,103.3,7.0861086918881995,6.700000000000003,0.38610869188819663
RO1_PRICE,Concreting Sand,2025-05-01,2025-11-01,6,VECM,Naive,27.0,25.525458596495504,27.0,27.1,1.474541403504496,0.10000000000000142,1.3745414035044945
RO1_PRICE,Granite,2025-05-01,2025-11-01,6,VECM,Naive,22.3,20.296502813001126,22.3,22.0,2.0034971869988745,0.3000000000000007,1.7034971869988738
RO1_PRICE,Ready-Mixed Concrete,2025-05-01,2025-11-01,6,VECM,Naive,124.9,115.38325888331116,124.9,120.0,9.516741116688848,4.900000000000006,4.616741116688843
RO1_PRICE,Steel Reinforcement Bars,2025-05-01,2025-11-01,6,VECM,Naive,666.2,744.5287731406424,666.2,696.6,78.3287731406424,30.399999999999977,47.92877314064242
RO1_PRICE,Cement,2025-05-01,2026-05-01,12,VECM,Naive,125.8,103.04525074301068,125.8,103.3,22.754749256989314,22.5,0.2547492569893137
RO1_PRICE,Concreting Sand,2025-05-01,2026-05-01,12,VECM,Naive,28.6,24.21440392908299,28.6,27.1,4.3855960709170105,1.5,2.8855960709170105
RO1_PRICE,Granite,2025-05-01,2026-05-01,12,VECM,Naive,24.5,20.15800861162888,24.5,22.0,4.34199138837112,2.5,1.8419913883711203
RO1_PRICE,Ready-Mixed Concrete,2025-05-01,2026-05-01,12,VECM,Naive,144.4,112.8556213356308,144.4,120.0,31.544378664369205,24.400000000000006,7.144378664369199
RO1_PRICE,Steel Reinforcement Bars,2025-05-01,2026-05-01,12,VECM,Naive,703.9,785.9061134370256,703.9,696.6,82.00611343702565,7.2999999999999545,74.70611343702569
RO1_PRICE,Cement,2025-06-01,2025-07-01,1,VECM,Naive,101.1,102.45132115648394,101.1,102.8,1.351321156483948,1.7000000000000028,-0.3486788435160548
RO1_PRICE,Concreting Sand,2025-06-01,2025-07-01,1,VECM,Naive,26.7,26.25133083343512,26.7,26.7,0.4486691665648799,0.0,0.4486691665648799
RO1_PRICE,Granite,2025-06-01,2025-07-01,1,VECM,Naive,21.7,21.29886211835993,21.7,22.0,0.4011378816400679,0.3000000000000007,0.1011378816400672
RO1_PRICE,Ready-Mixed Concrete,2025-06-01,2025-07-01,1,VECM,Naive,119.8,119.10629175066214,119.8,120.4,0.6937082493378597,0.6000000000000085,0.09370824933785116
RO1_PRICE,Steel Reinforcement Bars,2025-06-01,2025-07-01,1,VECM,Naive,689.3,689.1170451080056,689.3,688.6,0.18295489199431358,0.6999999999999318,-0.5170451080056182
RO1_PRICE,Cement,2025-06-01,2025-09-01,3,VECM,Naive,102.2,102.21271869248494,102.2,102.8,0.012718692484938288,0.5999999999999943,-0.587281307515056
RO1_PRICE,Concreting Sand,2025-06-01,2025-09-01,3,VECM,Naive,26.4,25.44831843732009,26.4,26.7,0.9516815626799087,0.3000000000000007,0.651681562679908
RO1_PRICE,Granite,2025-06-01,2025-09-01,3,VECM,Naive,21.7,20.346358856558645,21.7,22.0,1.3536411434413544,0.3000000000000007,1.0536411434413537
RO1_PRICE,Ready-Mixed Concrete,2025-06-01,2025-09-01,3,VECM,Naive,120.7,116.7680184022464,120.7,120.4,3.9319815977536052,0.29999999999999716,3.631981597753608
RO1_PRICE,Steel Reinforcement Bars,2025-06-01,2025-09-01,3,VECM,Naive,684.2,700.2718930608451,684.2,688.6,16.071893060845014,4.399999999999977,11.671893060845036
RO1_PRICE,Cement,2025-06-01,2025-12-01,6,VECM,Naive,115.9,102.15141750229006,115.9,102.8,13.748582497709947,13.100000000000009,0.6485824977099384
RO1_PRICE,Concreting Sand,2025-06-01,2025-12-01,6,VECM,Naive,26.8,24.349150486195303,26.8,26.7,2.450849513804698,0.10000000000000142,2.3508495138046968
RO1_PRICE,Granite,2025-06-01,2025-12-01,6,VECM,Naive,22.8,19.834642323580752,22.8,22.0,2.9653576764192486,0.8000000000000007,2.165357676419248
RO1_PRICE,Ready-Mixed Concrete,2025-06-01,2025-12-01,6,VECM,Naive,129.5,114.25191626754908,129.5,120.4,15.248083732450922,9.099999999999994,6.148083732450928
RO1_PRICE,Steel Reinforcement Bars,2025-06-01,2025-12-01,6,VECM,Naive,660.3,727.666129345417,660.3,688.6,67.366129345417,28.300000000000068,39.066129345416925
RO1_PRICE,Cement,2025-06-01,2026-06-01,12,VECM,Naive,124.15,102.19171924522088,124.15,102.8,21.958280754779125,21.35000000000001,0.6082807547791163
RO1_PRICE,Concreting Sand,2025-06-01,2026-06-01,12,VECM,Naive,28.6,23.10452091035026,28.6,26.7,5.495479089649741,1.9000000000000021,3.5954790896497393
RO1_PRICE,Granite,2025-06-01,2026-06-01,12,VECM,Naive,24.3,19.84852001935483,24.3,22.0,4.451479980645171,2.3000000000000007,2.1514799806451705
RO1_PRICE,Ready-Mixed Concrete,2025-06-01,2026-06-01,12,VECM,Naive,143.3,111.95900757810796,143.3,120.4,31.340992421892054,22.900000000000006,8.440992421892048
RO1_PRICE,Steel Reinforcement Bars,2025-06-01,2026-06-01,12,VECM,Naive,708.0,764.6844808153803,708.0,688.6,56.68448081538031,19.399999999999977,37.284480815380334
RO1_PRICE,Cement,2025-07-01,2025-08-01,1,VECM,Naive,101.5,100.51038379729366,101.5,101.1,0.989616202706344,0.4000000000000057,0.5896162027063383
RO1_PRICE,Concreting Sand,2025-07-01,2025-08-01,1,VECM,Naive,26.7,26.31997098971307,26.7,26.7,0.38002901028692904,0.0,0.38002901028692904
RO1_PRICE,Granite,2025-07-01,2025-08-01,1,VECM,Naive,21.7,20.986991513291343,21.7,21.7,0.7130084867086559,0.0,0.7130084867086559
RO1_PRICE,Ready-Mixed Concrete,2025-07-01,2025-08-01,1,VECM,Naive,120.4,118.26367233233726,120.4,119.8,2.1363276676627407,0.6000000000000085,1.5363276676627322
RO1_PRICE,Steel Reinforcement Bars,2025-07-01,2025-08-01,1,VECM,Naive,681.5,687.9637238314988,681.5,689.3,6.463723831498783,7.7999999999999545,-1.336276168501172
RO1_PRICE,Cement,2025-07-01,2025-10-01,3,VECM,Naive,104.0,100.29134882382756,104.0,101.1,3.708651176172438,2.9000000000000057,0.8086511761724324
RO1_PRICE,Concreting Sand,2025-07-01,2025-10-01,3,VECM,Naive,26.7,25.270997064059195,26.7,26.7,1.4290029359408045,0.0,1.4290029359408045
RO1_PRICE,Granite,2025-07-01,2025-10-01,3,VECM,Naive,21.9,19.891411751331447,21.9,21.7,2.008588248668552,0.1999999999999993,1.8085882486685527
RO1_PRICE,Ready-Mixed Concrete,2025-07-01,2025-10-01,3,VECM,Naive,120.6,115.26805450174564,120.6,119.8,5.331945498254356,0.7999999999999972,4.531945498254359
RO1_PRICE,Steel Reinforcement Bars,2025-07-01,2025-10-01,3,VECM,Naive,678.0,694.2085283436735,678.0,689.3,16.208528343673493,11.299999999999955,4.908528343673538
RO1_PRICE,Cement,2025-07-01,2026-01-01,6,VECM,Naive,118.6,100.32385372912525,118.6,101.1,18.276146270874747,17.5,0.7761462708747473
RO1_PRICE,Concreting Sand,2025-07-01,2026-01-01,6,VECM,Naive,26.7,23.79024742814154,26.7,26.7,2.9097525718584585,0.0,2.9097525718584585
RO1_PRICE,Granite,2025-07-01,2026-01-01,6,VECM,Naive,22.7,19.245040932074104,22.7,21.7,3.454959067925895,1.0,2.454959067925895
RO1_PRICE,Ready-Mixed Concrete,2025-07-01,2026-01-01,6,VECM,Naive,128.6,111.95815000040749,128.6,119.8,16.64184999959251,8.799999999999997,7.841849999592512
RO1_PRICE,Steel Reinforcement Bars,2025-07-01,2026-01-01,6,VECM,Naive,648.0,719.3579713474686,648.0,689.3,71.3579713474686,41.299999999999955,30.05797134746865
RO1_PRICE,Cement,2025-08-01,2025-09-01,1,VECM,Naive,102.2,101.5928048509781,102.2,101.5,0.607195149021905,0.7000000000000028,-0.09280485097809787
RO1_PRICE,Concreting Sand,2025-08-01,2025-09-01,1,VECM,Naive,26.4,26.49218975239304,26.4,26.7,0.09218975239303973,0.3000000000000007,-0.20781024760696098
RO1_PRICE,Granite,2025-08-01,2025-09-01,1,VECM,Naive,21.7,21.4701491570047,21.7,21.7,0.229850842995301,0.0,0.229850842995301
RO1_PRICE,Ready-Mixed Concrete,2025-08-01,2025-09-01,1,VECM,Naive,120.7,119.86607743330195,120.7,120.4,0.8339225666980496,0.29999999999999716,0.5339225666980525
RO1_PRICE,Steel Reinforcement Bars,2025-08-01,2025-09-01,1,VECM,Naive,684.2,684.9621034937321,684.2,681.5,0.7621034937320701,2.7000000000000455,-1.9378965062679754
RO1_PRICE,Cement,2025-08-01,2025-11-01,3,VECM,Naive,110.0,101.6999497042213,110.0,101.5,8.300050295778703,8.5,-0.19994970422129654
RO1_PRICE,Concreting Sand,2025-08-01,2025-11-01,3,VECM,Naive,27.0,25.57414431380564,27.0,26.7,1.4258556861943603,0.3000000000000007,1.1258556861943596
RO1_PRICE,Granite,2025-08-01,2025-11-01,3,VECM,Naive,22.3,20.387906951910185,22.3,21.7,1.9120930480898153,0.6000000000000014,1.3120930480898139
RO1_PRICE,Ready-Mixed Concrete,2025-08-01,2025-11-01,3,VECM,Naive,124.9,117.37854665276885,124.9,120.4,7.521453347231159,4.5,3.0214533472311587
RO1_PRICE,Steel Reinforcement Bars,2025-08-01,2025-11-01,3,VECM,Naive,666.2,702.280549467992,666.2,681.5,36.080549467992,15.299999999999955,20.780549467992046
RO1_PRICE,Cement,2025-08-01,2026-02-01,6,VECM,Naive,119.2,101.91062768660262,119.2,101.5,17.28937231339738,17.700000000000003,-0.4106276866026235
RO1_PRICE,Concreting Sand,2025-08-01,2026-02-01,6,VECM,Naive,26.4,24.37015655412737,26.4,26.7,2.029843445872629,0.3000000000000007,1.7298434458726284
RO1_PRICE,Granite,2025-08-01,2026-02-01,6,VECM,Naive,22.6,19.793325432438323,22.6,21.7,2.8066745675616787,0.9000000000000021,1.9066745675616765
RO1_PRICE,Ready-Mixed Concrete,2025-08-01,2026-02-01,6,VECM,Naive,130.0,114.6901681892264,130.0,120.4,15.309831810773602,9.599999999999994,5.709831810773608
RO1_PRICE,Steel Reinforcement Bars,2025-08-01,2026-02-01,6,VECM,Naive,637.1,732.945738491172,637.1,681.5,95.84573849117203,44.39999999999998,51.44573849117205
RO1_PRICE,Cement,2025-09-01,2025-10-01,1,VECM,Naive,104.0,102.41456360831737,104.0,102.2,1.5854363916826344,1.7999999999999972,-0.21456360831736276
RO1_PRICE,Concreting Sand,2025-09-01,2025-10-01,1,VECM,Naive,26.7,25.981721092670035,26.7,26.4,0.7182789073299638,0.3000000000000007,0.4182789073299631
RO1_PRICE,Granite,2025-09-01,2025-10-01,1,VECM,Naive,21.9,21.1822566622666,21.9,21.7,0.717743337733399,0.1999999999999993,0.5177433377333998
RO1_PRICE,Ready-Mixed Concrete,2025-09-01,2025-10-01,1,VECM,Naive,120.6,119.74346573399636,120.6,120.7,0.856534266003635,0.10000000000000853,0.7565342660036265
RO1_PRICE,Steel Reinforcement Bars,2025-09-01,2025-10-01,1,VECM,Naive,678.0,695.0264118289324,678.0,684.2,17.026411828932396,6.2000000000000455,10.82641182893235
RO1_PRICE,Cement,2025-09-01,2025-12-01,3,VECM,Naive,115.9,102.65935923100406,115.9,102.2,13.240640768995945,13.700000000000003,-0.45935923100405773
RO1_PRICE,Concreting Sand,2025-09-01,2025-12-01,3,VECM,Naive,26.8,25.21561077125224,26.8,26.4,1.5843892287477601,0.40000000000000213,1.184389228747758
RO1_PRICE,Granite,2025-09-01,2025-12-01,3,VECM,Naive,22.8,20.394162080799404,22.8,21.7,2.4058379192005965,1.1000000000000014,1.305837919200595
RO1_PRICE,Ready-Mixed Concrete,2025-09-01,2025-12-01,3,VECM,Naive,129.5,117.80998418684528,129.5,120.7,11.690015813154716,8.799999999999997,2.8900158131547187
RO1_PRICE,Steel Reinforcement Bars,2025-09-01,2025-12-01,3,VECM,Naive,660.3,719.1320802025433,660.3,684.2,58.83208020254335,23.90000000000009,34.93208020254326
RO1_PRICE,Cement,2025-09-01,2026-03-01,6,VECM,Naive,121.9,102.97974558765227,121.9,102.2,18.92025441234773,19.700000000000003,-0.7797455876522719
RO1_PRICE,Concreting Sand,2025-09-01,2026-03-01,6,VECM,Naive,27.8,24.225506724606653,27.8,26.4,3.5744932753933476,1.4000000000000021,2.1744932753933455
RO1_PRICE,Granite,2025-09-01,2026-03-01,6,VECM,Naive,23.8,20.00845655512952,23.8,21.7,3.791543444870481,2.1000000000000014,1.6915434448704794
RO1_PRICE,Ready-Mixed Concrete,2025-09-01,2026-03-01,6,VECM,Naive,143.0,115.73819796936876,143.0,120.7,27.261802030631245,22.299999999999997,4.961802030631247
RO1_PRICE,Steel Reinforcement Bars,2025-09-01,2026-03-01,6,VECM,Naive,663.1,748.7393448629994,663.1,684.2,85.63934486299934,21.100000000000023,64.53934486299931
RO1_PRICE,Cement,2025-10-01,2025-11-01,1,VECM,Naive,110.0,104.57624434889956,110.0,104.0,5.423755651100436,6.0,-0.5762443488995643
RO1_PRICE,Concreting Sand,2025-10-01,2025-11-01,1,VECM,Naive,27.0,26.413613101298644,27.0,26.7,0.5863868987013561,0.3000000000000007,0.28638689870135536
RO1_PRICE,Granite,2025-10-01,2025-11-01,1,VECM,Naive,22.3,21.561468748747856,22.3,21.9,0.7385312512521445,0.40000000000000213,0.33853125125214234
RO1_PRICE,Ready-Mixed Concrete,2025-10-01,2025-11-01,1,VECM,Naive,124.9,119.98350168930251,124.9,120.6,4.9164983106974915,4.300000000000011,0.6164983106974802
RO1_PRICE,Steel Reinforcement Bars,2025-10-01,2025-11-01,1,VECM,Naive,666.2,685.4804546254644,666.2,678.0,19.28045462546436,11.799999999999955,7.480454625464404
RO1_PRICE,Cement,2025-10-01,2026-01-01,3,VECM,Naive,118.6,104.69383904143623,118.6,104.0,13.90616095856376,14.599999999999994,-0.6938390414362345
RO1_PRICE,Concreting Sand,2025-10-01,2026-01-01,3,VECM,Naive,26.7,25.97812709739145,26.7,26.7,0.7218729026085491,0.0,0.7218729026085491
RO1_PRICE,Granite,2025-10-01,2026-01-01,3,VECM,Naive,22.7,21.05153634493243,22.7,21.9,1.6484636550675695,0.8000000000000007,0.8484636550675688
RO1_PRICE,Ready-Mixed Concrete,2025-10-01,2026-01-01,3,VECM,Naive,128.6,118.90187986653672,128.6,120.6,9.698120133463277,8.0,1.6981201334632772
RO1_PRICE,Steel Reinforcement Bars,2025-10-01,2026-01-01,3,VECM,Naive,648.0,711.6862684301957,648.0,678.0,63.686268430195696,30.0,33.686268430195696
RO1_PRICE,Cement,2025-10-01,2026-04-01,6,VECM,Naive,124.7,104.6639687454394,124.7,104.0,20.036031254560598,20.700000000000003,-0.663968745439405
RO1_PRICE,Concreting Sand,2025-10-01,2026-04-01,6,VECM,Naive,29.0,25.480919567010677,29.0,26.7,3.5190804329893233,2.3000000000000007,1.2190804329893226
RO1_PRICE,Granite,2025-10-01,2026-04-01,6,VECM,Naive,25.0,20.818833862647423,25.0,21.9,4.181166137352577,3.1000000000000014,1.0811661373525752
RO1_PRICE,Ready-Mixed Concrete,2025-10-01,2026-04-01,6,VECM,Naive,145.6,117.77553848981556,145.6,120.6,27.824461510184435,25.0,2.8244615101844346
RO1_PRICE,Steel Reinforcement Bars,2025-10-01,2026-04-01,6,VECM,Naive,701.9,746.3133361750071,701.9,678.0,44.41333617500709,23.899999999999977,20.51333617500711
RO1_PRICE,Cement,2025-11-01,2025-12-01,1,VECM,Naive,115.9,112.00716235566526,115.9,110.0,3.8928376443347474,5.900000000000006,-2.0071623556652582
RO1_PRICE,Concreting Sand,2025-11-01,2025-12-01,1,VECM,Naive,26.8,28.207254573920643,26.8,27.0,1.4072545739206426,0.1999999999999993,1.2072545739206433
RO1_PRICE,Granite,2025-11-01,2025-12-01,1,VECM,Naive,22.8,24.44453808102601,22.8,22.3,1.6445380810260097,0.5,1.1445380810260097
RO1_PRICE,Ready-Mixed Concrete,2025-11-01,2025-12-01,1,VECM,Naive,129.5,129.62255102662235,129.5,124.9,0.12255102662234663,4.599999999999994,-4.477448973377648
RO1_PRICE,Steel Reinforcement Bars,2025-11-01,2025-12-01,1,VECM,Naive,660.3,695.2368193767247,660.3,666.2,34.93681937672477,5.900000000000091,29.03681937672468
RO1_PRICE,Cement,2025-11-01,2026-02-01,3,VECM,Naive,119.2,112.96155997651874,119.2,110.0,6.23844002348126,9.200000000000003,-2.9615599765187426
RO1_PRICE,Concreting Sand,2025-11-01,2026-02-01,3,VECM,Naive,26.4,28.846792709127776,26.4,27.0,2.4467927091277772,0.6000000000000014,1.8467927091277758
RO1_PRICE,Granite,2025-11-01,2026-02-01,3,VECM,Naive,22.6,24.258729669684584,22.6,22.3,1.6587296696845826,0.3000000000000007,1.3587296696845819
RO1_PRICE,Ready-Mixed Concrete,2025-11-01,2026-02-01,3,VECM,Naive,130.0,131.4843323007211,130.0,124.9,1.4843323007210927,5.099999999999994,-3.6156676992789016
RO1_PRICE,Steel Reinforcement Bars,2025-11-01,2026-02-01,3,VECM,Naive,637.1,756.1062595635302,637.1,666.2,119.0062595635302,29.100000000000023,89.90625956353017
RO1_PRICE,Cement,2025-11-01,2026-05-01,6,VECM,Naive,125.8,113.62904058950852,125.8,110.0,12.170959410491477,15.799999999999997,-3.62904058950852
RO1_PRICE,Concreting Sand,2025-11-01,2026-05-01,6,VECM,Naive,28.6,29.47004777443157,28.6,27.0,0.8700477744315691,1.6000000000000014,-0.7299522255684323
RO1_PRICE,Granite,2025-11-01,2026-05-01,6,VECM,Naive,24.5,23.783654736363545,24.5,22.3,0.7163452636364553,2.1999999999999993,-1.483654736363544
RO1_PRICE,Ready-Mixed Concrete,2025-11-01,2026-05-01,6,VECM,Naive,144.4,132.4878722632509,144.4,124.9,11.912127736749113,19.5,-7.587872263250887
RO1_PRICE,Steel Reinforcement Bars,2025-11-01,2026-05-01,6,VECM,Naive,703.9,804.4119532358518,703.9,666.2,100.51195323585182,37.69999999999993,62.81195323585189
RO1_PRICE,Cement,2025-12-01,2026-01-01,1,VECM,Naive,118.6,118.14224015649737,118.6,115.9,0.4577598435026289,2.6999999999999886,-2.2422401564973597
RO1_PRICE,Concreting Sand,2025-12-01,2026-01-01,1,VECM,Naive,26.7,27.78611856238089,26.7,26.8,1.0861185623808893,0.10000000000000142,0.9861185623808879
RO1_PRICE,Granite,2025-12-01,2026-01-01,1,VECM,Naive,22.7,24.66577595664729,22.7,22.8,1.9657759566472919,0.10000000000000142,1.8657759566472905
RO1_PRICE,Ready-Mixed Concrete,2025-12-01,2026-01-01,1,VECM,Naive,128.6,134.21452184800825,128.6,129.5,5.614521848008252,0.9000000000000057,4.714521848008246
RO1_PRICE,Steel Reinforcement Bars,2025-12-01,2026-01-01,1,VECM,Naive,648.0,689.6155564076145,648.0,660.3,41.61555640761446,12.299999999999955,29.31555640761451
RO1_PRICE,Cement,2025-12-01,2026-03-01,3,VECM,Naive,121.9,119.36192410199834,121.9,115.9,2.538075898001665,6.0,-3.461924101998335
RO1_PRICE,Concreting Sand,2025-12-01,2026-03-01,3,VECM,Naive,27.8,28.91705775872237,27.8,26.8,1.1170577587223676,1.0,0.11705775872236757
RO1_PRICE,Granite,2025-12-01,2026-03-01,3,VECM,Naive,23.8,25.192897033055,23.8,22.8,1.3928970330550001,1.0,0.3928970330550001
RO1_PRICE,Ready-Mixed Concrete,2025-12-01,2026-03-01,3,VECM,Naive,143.0,137.8287987235379,143.0,129.5,5.171201276462114,13.5,-8.328798723537886
RO1_PRICE,Steel Reinforcement Bars,2025-12-01,2026-03-01,3,VECM,Naive,663.1,748.1666285030576,663.1,660.3,85.06662850305759,2.800000000000068,82.26662850305752
RO1_PRICE,Cement,2025-12-01,2026-06-01,6,VECM,Naive,124.15,120.00010047255276,124.15,115.9,4.149899527447246,8.25,-4.100100472552754
RO1_PRICE,Concreting Sand,2025-12-01,2026-06-01,6,VECM,Naive,28.6,30.197280402215604,28.6,26.8,1.5972804022156026,1.8000000000000007,-0.20271959778439808
RO1_PRICE,Granite,2025-12-01,2026-06-01,6,VECM,Naive,24.3,25.08811342477384,24.3,22.8,0.7881134247738402,1.5,-0.7118865752261598
RO1_PRICE,Ready-Mixed Concrete,2025-12-01,2026-06-01,6,VECM,Naive,143.3,140.43351714117713,143.3,129.5,2.8664828588228772,13.800000000000011,-10.933517141177134
RO1_PRICE,Steel Reinforcement Bars,2025-12-01,2026-06-01,6,VECM,Naive,708.0,788.6547109419357,708.0,660.3,80.65471094193572,47.700000000000045,32.95471094193567
RO1_PRICE,Cement,2026-01-01,2026-02-01,1,VECM,Naive,119.2,119.42660199392596,119.2,118.6,0.2266019939259536,0.6000000000000085,-0.37339800607405493
RO1_PRICE,Concreting Sand,2026-01-01,2026-02-01,1,VECM,Naive,26.4,26.60813709155194,26.4,26.7,0.20813709155194005,0.3000000000000007,-0.09186290844806067
RO1_PRICE,Granite,2026-01-01,2026-02-01,1,VECM,Naive,22.6,22.654816786613736,22.6,22.7,0.05481678661373479,0.09999999999999787,-0.04518321338626308
RO1_PRICE,Ready-Mixed Concrete,2026-01-01,2026-02-01,1,VECM,Naive,130.0,128.92689725208442,130.0,128.6,1.0731027479155841,1.4000000000000057,-0.32689725208442155
RO1_PRICE,Steel Reinforcement Bars,2026-01-01,2026-02-01,1,VECM,Naive,637.1,651.6891182036469,637.1,648.0,14.589118203646876,10.899999999999977,3.689118203646899
RO1_PRICE,Cement,2026-01-01,2026-04-01,3,VECM,Naive,124.7,119.09368891875448,124.7,118.6,5.606311081245522,6.1000000000000085,-0.4936889187544864
RO1_PRICE,Concreting Sand,2026-01-01,2026-04-01,3,VECM,Naive,29.0,27.55883729872085,29.0,26.7,1.4411627012791506,2.3000000000000007,-0.8588372987208501
RO1_PRICE,Granite,2026-01-01,2026-04-01,3,VECM,Naive,25.0,23.767703515318185,25.0,22.7,1.2322964846818145,2.3000000000000007,-1.0677035153181862
RO1_PRICE,Ready-Mixed Concrete,2026-01-01,2026-04-01,3,VECM,Naive,145.6,131.7533966079557,145.6,128.6,13.846603392044301,17.0,-3.153396607955699
RO1_PRICE,Steel Reinforcement Bars,2026-01-01,2026-04-01,3,VECM,Naive,701.9,675.143311724574,701.9,648.0,26.756688275425972,53.89999999999998,-27.143311724574005
RO1_PRICE,Cement,2026-02-01,2026-03-01,1,VECM,Naive,121.9,118.99151225850638,121.9,119.2,2.90848774149363,2.700000000000003,0.20848774149362725
RO1_PRICE,Concreting Sand,2026-02-01,2026-03-01,1,VECM,Naive,27.8,27.04342944577214,27.8,26.4,0.75657055422786,1.4000000000000021,-0.6434294457721421
RO1_PRICE,Granite,2026-02-01,2026-03-01,1,VECM,Naive,23.8,23.55394431555446,23.8,22.6,0.24605568444554038,1.1999999999999993,-0.9539443155544589
RO1_PRICE,Ready-Mixed Concrete,2026-02-01,2026-03-01,1,VECM,Naive,143.0,132.10103422953267,143.0,130.0,10.898965770467328,13.0,-2.1010342295326723
RO1_PRICE,Steel Reinforcement Bars,2026-02-01,2026-03-01,1,VECM,Naive,663.1,640.5672960036095,663.1,637.1,22.532703996390524,26.0,-3.4672960036094764
RO1_PRICE,Cement,2026-02-01,2026-05-01,3,VECM,Naive,125.8,118.15360587642908,125.8,119.2,7.646394123570914,6.599999999999994,1.04639412357092
RO1_PRICE,Concreting Sand,2026-02-01,2026-05-01,3,VECM,Naive,28.6,27.94907940932677,28.6,26.4,0.6509205906732305,2.200000000000003,-1.5490794093267723
RO1_PRICE,Granite,2026-02-01,2026-05-01,3,VECM,Naive,24.5,24.128016609727556,24.5,22.6,0.37198339027244387,1.8999999999999986,-1.5280166097275547
RO1_PRICE,Ready-Mixed Concrete,2026-02-01,2026-05-01,3,VECM,Naive,144.4,134.19376381472364,144.4,130.0,10.206236185276367,14.400000000000006,-4.1937638147236385
RO1_PRICE,Steel Reinforcement Bars,2026-02-01,2026-05-01,3,VECM,Naive,703.9,655.3874299541025,703.9,637.1,48.51257004589752,66.79999999999995,-18.287429954102436
RO1_PRICE,Cement,2026-03-01,2026-04-01,1,VECM,Naive,124.7,123.1417805677645,124.7,121.9,1.5582194322355036,2.799999999999997,-1.2417805677644935
RO1_PRICE,Concreting Sand,2026-03-01,2026-04-01,1,VECM,Naive,29.0,31.812596394676447,29.0,27.8,2.812596394676447,1.1999999999999993,1.6125963946764479
RO1_PRICE,Granite,2026-03-01,2026-04-01,1,VECM,Naive,25.0,29.616563629458877,25.0,23.8,4.616563629458877,1.1999999999999993,3.416563629458878
RO1_PRICE,Ready-Mixed Concrete,2026-03-01,2026-04-01,1,VECM,Naive,145.6,155.3970823464452,145.6,143.0,9.797082346445194,2.5999999999999943,7.1970823464452
RO1_PRICE,Steel Reinforcement Bars,2026-03-01,2026-04-01,1,VECM,Naive,701.9,708.0062960363535,701.9,663.1,6.106296036353569,38.799999999999955,-32.693703963646385
RO1_PRICE,Cement,2026-03-01,2026-06-01,3,VECM,Naive,124.15,124.82926367895688,124.15,121.9,0.6792636789568718,2.25,-1.5707363210431282
RO1_PRICE,Concreting Sand,2026-03-01,2026-06-01,3,VECM,Naive,28.6,33.08855702293393,28.6,27.8,4.488557022933925,0.8000000000000007,3.6885570229339244
RO1_PRICE,Granite,2026-03-01,2026-06-01,3,VECM,Naive,24.3,28.372300828445475,24.3,23.8,4.072300828445474,0.5,3.5723008284454743
RO1_PRICE,Ready-Mixed Concrete,2026-03-01,2026-06-01,3,VECM,Naive,143.3,157.88604667106995,143.3,143.0,14.586046671069937,0.30000000000001137,14.286046671069926
RO1_PRICE,Steel Reinforcement Bars,2026-03-01,2026-06-01,3,VECM,Naive,708.0,759.5617095694831,708.0,663.1,51.56170956948313,44.89999999999998,6.6617095694831505
RO1_PRICE,Cement,2026-04-01,2026-05-01,1,VECM,Naive,125.8,126.26616350972546,125.8,124.7,0.4661635097254617,1.0999999999999943,-0.6338364902745326
RO1_PRICE,Concreting Sand,2026-04-01,2026-05-01,1,VECM,Naive,28.6,29.37535092702702,28.6,29.0,0.77535092702702,0.3999999999999986,0.37535092702702144
RO1_PRICE,Granite,2026-04-01,2026-05-01,1,VECM,Naive,24.5,25.25913616170726,24.5,25.0,0.7591361617072607,0.5,0.2591361617072607
RO1_PRICE,Ready-Mixed Concrete,2026-04-01,2026-05-01,1,VECM,Naive,144.4,147.09030790950095,144.4,145.6,2.6903079095009446,1.1999999999999886,1.490307909500956
RO1_PRICE,Steel Reinforcement Bars,2026-04-01,2026-05-01,1,VECM,Naive,703.9,731.7832413759589,703.9,701.9,27.88324137595896,2.0,25.88324137595896
RO1_PRICE,Cement,2026-05-01,2026-06-01,1,VECM,Naive,124.15,126.3006433633674,124.15,125.8,2.1506433633673936,1.6499999999999915,0.5006433633674021
RO1_PRICE,Concreting Sand,2026-05-01,2026-06-01,1,VECM,Naive,28.6,28.28900958331362,28.6,28.6,0.31099041668637994,0.0,0.31099041668637994
RO1_PRICE,Granite,2026-05-01,2026-06-01,1,VECM,Naive,24.3,23.795996719907308,24.3,24.5,0.504003280092693,0.1999999999999993,0.30400328009269373
RO1_PRICE,Ready-Mixed Concrete,2026-05-01,2026-06-01,1,VECM,Naive,143.3,143.67389394716636,143.3,144.4,0.3738939471663514,1.0999999999999943,-0.7261060528336429
RO1_PRICE,Steel Reinforcement Bars,2026-05-01,2026-06-01,1,VECM,Naive,708.0,705.05305533884,708.0,703.9,2.946944661160046,4.100000000000023,-1.1530553388399767
RO1_PRICE,Cement,2024-07-01,2024-08-01,1,VECM,SARIMA,108.4,108.46494476857438,108.4,108.66224157593062,0.06494476857437803,0.2622415759306165,-0.19729680735623845
RO1_PRICE,Concreting Sand,2024-07-01,2024-08-01,1,VECM,SARIMA,27.7,26.67344888599503,27.7,27.16949739934986,1.0265511140049703,0.5305026006501379,0.49604851335483247
RO1_PRICE,Granite,2024-07-01,2024-08-01,1,VECM,SARIMA,22.8,21.565708796626005,22.8,22.40957299966686,1.2342912033739957,0.3904270003331405,0.8438642030408552
RO1_PRICE,Ready-Mixed Concrete,2024-07-01,2024-08-01,1,VECM,SARIMA,119.9,118.22668217815422,119.9,120.3493486273531,1.6733178218457851,0.4493486273530891,1.223969194492696
RO1_PRICE,Steel Reinforcement Bars,2024-07-01,2024-08-01,1,VECM,SARIMA,786.2,799.9919127756609,786.2,802.6255223327449,13.791912775660876,16.42552233274489,-2.6336095570840143
RO1_PRICE,Cement,2024-07-01,2024-10-01,3,VECM,SARIMA,107.4,107.87581766371687,107.4,107.79845012870852,0.4758176637168674,0.39845012870851804,0.07736753500834936
RO1_PRICE,Concreting Sand,2024-07-01,2024-10-01,3,VECM,SARIMA,27.7,26.65818944468853,27.7,26.817897452785108,1.0418105553114678,0.8821025472148918,0.15970800809657604
RO1_PRICE,Granite,2024-07-01,2024-10-01,3,VECM,SARIMA,22.4,21.38533378884086,22.4,21.895428914552717,1.0146662111591382,0.5045710854472816,0.5100951257118567
RO1_PRICE,Ready-Mixed Concrete,2024-07-01,2024-10-01,3,VECM,SARIMA,120.3,117.84355407738758,120.3,119.99094900722352,2.456445922612417,0.3090509927764771,2.14739492983594
RO1_PRICE,Steel Reinforcement Bars,2024-07-01,2024-10-01,3,VECM,SARIMA,753.6,802.3070060499483,753.6,777.9652098403269,48.70700604994829,24.365209840326884,24.341796209621407
RO1_PRICE,Cement,2024-07-01,2025-01-01,6,VECM,SARIMA,104.4,107.35899475780812,104.4,107.0951861603456,2.9589947578081137,2.6951861603455995,0.26380859746251417
RO1_PRICE,Concreting Sand,2024-07-01,2025-01-01,6,VECM,SARIMA,27.4,26.645804286619544,27.4,26.683498558007717,0.7541957133804544,0.7165014419922819,0.037694271388172496
RO1_PRICE,Granite,2024-07-01,2025-01-01,6,VECM,SARIMA,22.6,21.45624900399648,22.6,21.533941174214483,1.1437509960035221,1.0660588257855181,0.07769217021800401
RO1_PRICE,Ready-Mixed Concrete,2024-07-01,2025-01-01,6,VECM,SARIMA,119.9,117.69805249350864,119.9,119.981396526554,2.201947506491365,0.08139652655398777,2.120550979937377
RO1_PRICE,Steel Reinforcement Bars,2024-07-01,2025-01-01,6,VECM,SARIMA,724.1,814.2266883566137,724.1,787.8083540141508,90.12668835661373,63.708354014150814,26.418334342462913
RO1_PRICE,Cement,2024-07-01,2025-07-01,12,VECM,SARIMA,101.1,107.00924393541128,101.1,107.08445906806674,5.909243935411283,5.984459068066741,-0.0752151326554582
RO1_PRICE,Concreting Sand,2024-07-01,2025-07-01,12,VECM,SARIMA,26.7,26.507613024669453,26.7,27.977683470441335,0.19238697533054605,1.2776834704413353,-1.0852964951107893
RO1_PRICE,Granite,2024-07-01,2025-07-01,12,VECM,SARIMA,21.7,21.36776561394344,21.7,21.4558397579734,0.33223438605655886,0.2441602420265987,0.08807414402996017
RO1_PRICE,Ready-Mixed Concrete,2024-07-01,2025-07-01,12,VECM,SARIMA,119.8,117.23853400822148,119.8,122.71076154063356,2.561465991778519,2.9107615406335583,-0.34929554885503933
RO1_PRICE,Steel Reinforcement Bars,2024-07-01,2025-07-01,12,VECM,SARIMA,689.3,836.8410800835627,689.3,809.1218115612679,147.54108008356275,119.82181156126796,27.719268522294783
RO1_PRICE,Cement,2024-08-01,2024-09-01,1,VECM,SARIMA,108.0,107.97009405467404,108.0,107.78643155554376,0.029905945325964467,0.2135684444562429,-0.18366249913027843
RO1_PRICE,Concreting Sand,2024-08-01,2024-09-01,1,VECM,SARIMA,27.6,27.59581457316012,27.6,27.764119209768523,0.004185426839882211,0.164119209768522,-0.1599337829286398
RO1_PRICE,Granite,2024-08-01,2024-09-01,1,VECM,SARIMA,22.5,22.203662338455743,22.5,22.337253818005863,0.296337661544257,0.16274618199413737,0.13359147955011963
RO1_PRICE,Ready-Mixed Concrete,2024-08-01,2024-09-01,1,VECM,SARIMA,120.5,119.11396226253282,120.5,119.66231868880594,1.386037737467177,0.8376813111940606,0.5483564262731164
RO1_PRICE,Steel Reinforcement Bars,2024-08-01,2024-09-01,1,VECM,SARIMA,771.9,776.8840653659652,771.9,762.5841083836146,4.9840653659651935,9.31589161638533,-4.331826250420136
RO1_PRICE,Cement,2024-08-01,2024-11-01,3,VECM,SARIMA,106.4,107.301183723476,106.4,106.8403148333432,0.9011837234759952,0.4403148333431943,0.46086889013280086
RO1_PRICE,Concreting Sand,2024-08-01,2024-11-01,3,VECM,SARIMA,27.7,27.674632309670866,27.7,27.361719258822923,0.025367690329133552,0.3382807411770763,-0.31291305084794274
RO1_PRICE,Granite,2024-08-01,2024-11-01,3,VECM,SARIMA,22.4,21.923748473905743,22.4,21.97018660000197,0.4762515260942557,0.4298133999980287,0.046438126096226995
RO1_PRICE,Ready-Mixed Concrete,2024-08-01,2024-11-01,3,VECM,SARIMA,120.3,118.76451325788732,120.3,119.32951900522536,1.5354867421126812,0.9704809947746327,0.5650057473380485
RO1_PRICE,Steel Reinforcement Bars,2024-08-01,2024-11-01,3,VECM,SARIMA,751.1,774.9408247316796,751.1,729.0915448400773,23.840824731679618,22.008455159922732,1.8323695717568853
RO1_PRICE,Cement,2024-08-01,2025-02-01,6,VECM,SARIMA,104.2,106.66345238120276,104.2,106.02030583928054,2.4634523812027567,1.820305839280536,0.6431465419222206
RO1_PRICE,Concreting Sand,2024-08-01,2025-02-01,6,VECM,SARIMA,27.6,27.540143792366585,27.6,27.94731521182608,0.05985620763341615,0.3473152118260785,-0.28745900419266235
RO1_PRICE,Granite,2024-08-01,2025-02-01,6,VECM,SARIMA,22.2,21.60596650511851,22.2,21.667266892860336,0.59403349488149,0.5327331071396628,0.06130038774182722
RO1_PRICE,Ready-Mixed Concrete,2024-08-01,2025-02-01,6,VECM,SARIMA,119.2,118.02341818762036,119.2,120.77820303348338,1.1765818123796379,1.5782030334833763,-0.40162122110373843
RO1_PRICE,Steel Reinforcement Bars,2024-08-01,2025-02-01,6,VECM,SARIMA,706.3,792.2321809139523,706.3,755.1214056718056,85.93218091395238,48.82140567180568,37.1107752421467
RO1_PRICE,Cement,2024-08-01,2025-08-01,12,VECM,SARIMA,101.5,106.28437424000384,101.5,106.21010800008132,4.784374240003842,4.71010800008132,0.07426623992252246
RO1_PRICE,Concreting Sand,2024-08-01,2025-08-01,12,VECM,SARIMA,26.7,26.99172860683716,26.7,28.498469016860174,0.29172860683716095,1.7984690168601745,-1.5067404100230135
RO1_PRICE,Granite,2024-08-01,2025-08-01,12,VECM,SARIMA,21.7,21.27780005815132,21.7,21.55108944069452,0.42219994184867815,0.14891055930548092,0.27328938254319723
RO1_PRICE,Ready-Mixed Concrete,2024-08-01,2025-08-01,12,VECM,SARIMA,120.4,116.57041669080108,120.4,121.7378180587988,3.8295833091989238,1.3378180587987885,2.4917652504001353
RO1_PRICE,Steel Reinforcement Bars,2024-08-01,2025-08-01,12,VECM,SARIMA,681.5,831.1670810781725,681.5,768.3396223149766,149.6670810781725,86.83962231497662,62.827458763195864
RO1_PRICE,Cement,2024-09-01,2024-10-01,1,VECM,SARIMA,107.4,107.59463829475985,107.4,107.64803744447596,0.19463829475984085,0.24803744447595477,-0.053399149716113925
RO1_PRICE,Concreting Sand,2024-09-01,2024-10-01,1,VECM,SARIMA,27.7,27.800909076485944,27.7,27.290736421797742,0.10090907648594438,0.4092635782022569,-0.3083545017163125
RO1_PRICE,Granite,2024-09-01,2024-10-01,1,VECM,SARIMA,22.4,22.517549406441653,22.4,22.259699753069007,0.11754940644165401,0.14030024693099108,-0.022750840489337065
RO1_PRICE,Ready-Mixed Concrete,2024-09-01,2024-10-01,1,VECM,SARIMA,120.3,120.80548247503928,120.3,120.4671244918825,0.5054824750392868,0.1671244918825039,0.3383579831567829
RO1_PRICE,Steel Reinforcement Bars,2024-09-01,2024-10-01,1,VECM,SARIMA,753.6,767.8869735994631,753.6,759.6988191079255,14.286973599463067,6.098819107925465,8.188154491537603
RO1_PRICE,Cement,2024-09-01,2024-12-01,3,VECM,SARIMA,105.8,107.07296040146385,105.8,106.79042010900685,1.2729604014638483,0.9904201090068483,0.28254029245699996
RO1_PRICE,Concreting Sand,2024-09-01,2024-12-01,3,VECM,SARIMA,27.7,27.758160903550163,27.7,27.26953667547596,0.05816090355016357,0.430463324524041,-0.37230242097387745
RO1_PRICE,Granite,2024-09-01,2024-12-01,3,VECM,SARIMA,22.6,22.0165817338083,22.6,21.77307135797937,0.5834182661916998,0.8269286420206328,-0.24351037582893298
RO1_PRICE,Ready-Mixed Concrete,2024-09-01,2024-12-01,3,VECM,SARIMA,120.5,120.15378358201514,120.5,120.25113313529882,0.3462164179848628,0.2488668647011849,0.09734955328367789
RO1_PRICE,Steel Reinforcement Bars,2024-09-01,2024-12-01,3,VECM,SARIMA,735.9,772.278808315674,735.9,752.2203174427866,36.378808315674064,16.32031744278663,20.058490872887432
RO1_PRICE,Cement,2024-09-01,2025-03-01,6,VECM,SARIMA,103.9,106.71118336210372,103.9,106.6434275674821,2.811183362103719,2.743427567482101,0.06775579462161829
RO1_PRICE,Concreting Sand,2024-09-01,2025-03-01,6,VECM,SARIMA,27.3,27.42244925197337,27.3,28.928997207911607,0.12244925197336798,1.6289972079116062,-1.5065479559382382
RO1_PRICE,Granite,2024-09-01,2025-03-01,6,VECM,SARIMA,22.3,21.505678545877387,22.3,23.463396756789443,0.7943214541226133,1.1633967567894423,-0.369075302666829
RO1_PRICE,Ready-Mixed Concrete,2024-09-01,2025-03-01,6,VECM,SARIMA,119.6,118.95276211260732,119.6,125.1111862128458,0.6472378873926772,5.5111862128458,-4.863948325453123
RO1_PRICE,Steel Reinforcement Bars,2024-09-01,2025-03-01,6,VECM,SARIMA,701.3,792.7544910852735,701.3,786.9375711200071,91.4544910852735,85.63757112000712,5.816919965266379
RO1_PRICE,Cement,2024-09-01,2025-09-01,12,VECM,SARIMA,102.2,106.59064070294072,102.2,106.74684506048108,4.390640702940715,4.5468450604810755,-0.15620435754036066
RO1_PRICE,Concreting Sand,2024-09-01,2025-09-01,12,VECM,SARIMA,26.4,26.60325183125077,26.4,28.196304982921948,0.20325183125077118,1.7963049829219493,-1.5930531516711781
RO1_PRICE,Granite,2024-09-01,2025-09-01,12,VECM,SARIMA,21.7,21.16546737857204,21.7,21.62279873547305,0.5345326214279602,0.07720126452694842,0.4573313569010118
RO1_PRICE,Ready-Mixed Concrete,2024-09-01,2025-09-01,12,VECM,SARIMA,120.7,117.06970341883483,120.7,122.65734192637412,3.630296581165169,1.957341926374113,1.6729546547910559
RO1_PRICE,Steel Reinforcement Bars,2024-09-01,2025-09-01,12,VECM,SARIMA,684.2,830.6227072481706,684.2,781.2434538742955,146.42270724817058,97.04345387429544,49.379253373875144
RO1_PRICE,Cement,2024-10-01,2024-11-01,1,VECM,SARIMA,106.4,106.93602421077895,106.4,106.86197181675456,0.5360242107789475,0.4619718167545557,0.07405239402439179
RO1_PRICE,Concreting Sand,2024-10-01,2024-11-01,1,VECM,SARIMA,27.7,27.589737413109447,27.7,27.678046916016743,0.11026258689055268,0.021953083983255794,0.08830950290729689
RO1_PRICE,Granite,2024-10-01,2024-11-01,1,VECM,SARIMA,22.4,22.02799258739853,22.4,22.177796491345035,0.3720074126014694,0.22220350865496385,0.14980390394650556
RO1_PRICE,Ready-Mixed Concrete,2024-10-01,2024-11-01,1,VECM,SARIMA,120.3,119.64897094962808,120.3,120.15179283377648,0.6510290503719176,0.14820716622351426,0.5028218841484033
RO1_PRICE,Steel Reinforcement Bars,2024-10-01,2024-11-01,1,VECM,SARIMA,751.1,744.5931865888638,751.1,738.0992043886486,6.50681341113625,13.000795611351464,-6.493982200215214
RO1_PRICE,Cement,2024-10-01,2025-01-01,3,VECM,SARIMA,104.4,106.2522825437155,104.4,106.44021037158534,1.8522825437154893,2.0402103715853315,-0.1879278278698422
RO1_PRICE,Concreting Sand,2024-10-01,2025-01-01,3,VECM,SARIMA,27.4,27.338535447888084,27.4,27.68444799216249,0.06146455211191437,0.28444799216249095,-0.22298344005057658
RO1_PRICE,Granite,2024-10-01,2025-01-01,3,VECM,SARIMA,22.6,21.51374478900889,22.6,21.81351219095275,1.086255210991112,0.7864878090472516,0.29976740194386053
RO1_PRICE,Ready-Mixed Concrete,2024-10-01,2025-01-01,3,VECM,SARIMA,119.9,118.5237160072131,119.9,120.25263972334798,1.3762839927869095,0.352639723347977,1.0236442694389325
RO1_PRICE,Steel Reinforcement Bars,2024-10-01,2025-01-01,3,VECM,SARIMA,724.1,745.3452508946025,724.1,755.1152668206122,21.245250894602464,31.01526682061217,-9.770015926009705
RO1_PRICE,Cement,2024-10-01,2025-04-01,6,VECM,SARIMA,103.6,105.6356917911039,103.6,106.0899911212018,2.0356917911039005,2.489991121201811,-0.45429933009791057
RO1_PRICE,Concreting Sand,2024-10-01,2025-04-01,6,VECM,SARIMA,26.8,26.88854635830184,26.8,29.520573585691164,0.08854635830184066,2.720573585691163,-2.6320272273893224
RO1_PRICE,Granite,2024-10-01,2025-04-01,6,VECM,SARIMA,22.2,21.12709441286848,22.2,23.00499482797612,1.072905587131519,0.8049948279761203,0.26791075915539864
RO1_PRICE,Ready-Mixed Concrete,2024-10-01,2025-04-01,6,VECM,SARIMA,119.9,117.13534051124664,119.9,124.82548758358068,2.7646594887533666,4.925487583580676,-2.160828094827309
RO1_PRICE,Steel Reinforcement Bars,2024-10-01,2025-04-01,6,VECM,SARIMA,701.0,767.8865952812295,701.0,782.2165695860604,66.88659528122946,81.21656958606036,-14.329974304830898
RO1_PRICE,Cement,2024-10-01,2025-10-01,12,VECM,SARIMA,104.0,105.25923841736608,104.0,105.83186646935415,1.2592384173660776,1.8318664693541535,-0.572628051988076
RO1_PRICE,Concreting Sand,2024-10-01,2025-10-01,12,VECM,SARIMA,26.7,26.087840341835005,26.7,28.47672757378153,0.6121596581649946,1.7767275737815318,-1.1645679156165372
RO1_PRICE,Granite,2024-10-01,2025-10-01,12,VECM,SARIMA,21.9,20.88658423930938,21.9,21.80052508080075,1.01341576069062,0.099474919199249,0.913940841491371
RO1_PRICE,Ready-Mixed Concrete,2024-10-01,2025-10-01,12,VECM,SARIMA,120.6,115.2907944799004,120.6,122.23087457721807,5.309205520099596,1.63087457721808,3.678330942881516
RO1_PRICE,Steel Reinforcement Bars,2024-10-01,2025-10-01,12,VECM,SARIMA,678.0,812.4664631048529,678.0,753.7417554963916,134.4664631048529,75.74175549639165,58.724707608461244
RO1_PRICE,Cement,2024-11-01,2024-12-01,1,VECM,SARIMA,105.8,105.87450099311476,105.8,105.74440749813078,0.07450099311476777,0.055592501869213606,0.01890849124555416
RO1_PRICE,Concreting Sand,2024-11-01,2024-12-01,1,VECM,SARIMA,27.7,27.49152528321946,27.7,27.825974824715143,0.20847471678053964,0.12597482471514354,0.0824998920653961
RO1_PRICE,Granite,2024-11-01,2024-12-01,1,VECM,SARIMA,22.6,21.856516995880696,22.6,22.03016079981537,0.7434830041193052,0.5698392001846315,0.1736438039346737
RO1_PRICE,Ready-Mixed Concrete,2024-11-01,2024-12-01,1,VECM,SARIMA,120.5,119.3766087875088,120.5,120.22794081605925,1.1233912124911996,0.2720591839407547,0.8513320285504449
RO1_PRICE,Steel Reinforcement Bars,2024-11-01,2024-12-01,1,VECM,SARIMA,735.9,750.8876422245246,735.9,761.2249104980768,14.98764222452462,25.32491049807686,-10.33726827355224
RO1_PRICE,Cement,2024-11-01,2025-02-01,3,VECM,SARIMA,104.2,105.39305071224544,104.2,105.08279029339224,1.1930507122454372,0.8827902933922331,0.3102604188532041
RO1_PRICE,Concreting Sand,2024-11-01,2025-02-01,3,VECM,SARIMA,27.6,27.142818534293923,27.6,28.291977968394228,0.4571814657060784,0.6919779683942267,-0.23479650268814822
RO1_PRICE,Granite,2024-11-01,2025-02-01,3,VECM,SARIMA,22.2,21.27451510508344,22.2,21.89556072613449,0.9254848949165577,0.3044392738655084,0.6210456210510493
RO1_PRICE,Ready-Mixed Concrete,2024-11-01,2025-02-01,3,VECM,SARIMA,119.2,118.04936318972771,119.2,121.7822282905112,1.1506368102722888,2.582228290511196,-1.4315914802389074
RO1_PRICE,Steel Reinforcement Bars,2024-11-01,2025-02-01,3,VECM,SARIMA,706.3,758.6508029734625,706.3,793.5001715410166,52.35080297346258,87.20017154101663,-34.84936856755405
RO1_PRICE,Cement,2024-11-01,2025-05-01,6,VECM,SARIMA,103.3,105.08429425181092,103.3,105.0353614524472,1.7842942518109197,1.7353614524472079,0.048932799363711865
RO1_PRICE,Concreting Sand,2024-11-01,2025-05-01,6,VECM,SARIMA,27.1,26.522471151983492,27.1,29.36582401147362,0.5775288480165095,2.265824011473619,-1.6882951634571093
RO1_PRICE,Granite,2024-11-01,2025-05-01,6,VECM,SARIMA,22.0,20.87037474605946,22.0,22.197546965944635,1.1296252539405387,0.1975469659446354,0.9320782879959033
RO1_PRICE,Ready-Mixed Concrete,2024-11-01,2025-05-01,6,VECM,SARIMA,120.0,116.42015235006193,120.0,124.42030331865294,3.579847649938074,4.420303318652941,-0.840455668714867
RO1_PRICE,Steel Reinforcement Bars,2024-11-01,2025-05-01,6,VECM,SARIMA,696.6,781.644493695668,696.6,816.8772634700396,85.04449369566794,120.27726347003954,-35.232769774371604
RO1_PRICE,Cement,2024-11-01,2025-11-01,12,VECM,SARIMA,110.0,104.9485812455966,110.0,104.01117283127888,5.0514187544034,5.988827168721116,-0.9374084143177157
RO1_PRICE,Concreting Sand,2024-11-01,2025-11-01,12,VECM,SARIMA,27.0,25.643282340688344,27.0,28.369670299690245,1.3567176593116557,1.3696702996902452,-0.012952640378589564
RO1_PRICE,Granite,2024-11-01,2025-11-01,12,VECM,SARIMA,22.3,20.74189123512722,22.3,21.937357009738463,1.558108764872781,0.3626429902615378,1.1954657746112431
RO1_PRICE,Ready-Mixed Concrete,2024-11-01,2025-11-01,12,VECM,SARIMA,124.9,114.6053702676983,124.9,122.3064591640592,10.2946297323017,2.5935408359408,7.7010888963609005
RO1_PRICE,Steel Reinforcement Bars,2024-11-01,2025-11-01,12,VECM,SARIMA,666.2,817.9409072156036,666.2,777.6425826464417,151.74090721560356,111.44258264644168,40.29832456916188
RO1_PRICE,Cement,2024-12-01,2025-01-01,1,VECM,SARIMA,104.4,105.34883300669468,104.4,105.73874198516128,0.9488330066946702,1.3387419851612776,-0.38990897846660744
RO1_PRICE,Concreting Sand,2024-12-01,2025-01-01,1,VECM,SARIMA,27.4,27.33463954238596,27.4,27.5502136562996,0.06536045761403741,0.15021365629960215,-0.08485319868556473
RO1_PRICE,Granite,2024-12-01,2025-01-01,1,VECM,SARIMA,22.6,21.85229340840765,22.6,22.389098188596208,0.7477065915923511,0.21090181140379372,0.5368047801885574
RO1_PRICE,Ready-Mixed Concrete,2024-12-01,2025-01-01,1,VECM,SARIMA,119.9,119.22016269396173,119.9,120.76799225483023,0.6798373060382801,0.8679922548302272,-0.18815494879194716
RO1_PRICE,Steel Reinforcement Bars,2024-12-01,2025-01-01,1,VECM,SARIMA,724.1,729.496276762954,724.1,739.8969381203021,5.396276762954017,15.796938120302116,-10.400661357348099
RO1_PRICE,Cement,2024-12-01,2025-03-01,3,VECM,SARIMA,103.9,104.79329171094676,103.9,105.11994521695648,0.8932917109467553,1.219945216956475,-0.32665350600971976
RO1_PRICE,Concreting Sand,2024-12-01,2025-03-01,3,VECM,SARIMA,27.3,26.87399113126872,27.3,29.322876874089943,0.4260088687312802,2.022876874089942,-1.5968680053586617
RO1_PRICE,Granite,2024-12-01,2025-03-01,3,VECM,SARIMA,22.3,21.10292376810895,22.3,23.89176128212402,1.1970762318910495,1.5917612821240184,-0.39468505023296885
RO1_PRICE,Ready-Mixed Concrete,2024-12-01,2025-03-01,3,VECM,SARIMA,119.6,117.5599963901438,119.6,125.42160800449878,2.0400036098561998,5.821608004498785,-3.781604394642585
RO1_PRICE,Steel Reinforcement Bars,2024-12-01,2025-03-01,3,VECM,SARIMA,701.3,733.1038515778904,701.3,745.2990691059301,31.80385157789044,43.999069105930175,-12.195217528039734
RO1_PRICE,Cement,2024-12-01,2025-06-01,6,VECM,SARIMA,102.8,104.33599712191932,102.8,105.01265608647044,1.5359971219193227,2.212656086470446,-0.6766589645511232
RO1_PRICE,Concreting Sand,2024-12-01,2025-06-01,6,VECM,SARIMA,26.7,26.19132604596216,26.7,28.93518459127605,0.5086739540378389,2.2351845912760524,-1.7265106372382135
RO1_PRICE,Granite,2024-12-01,2025-06-01,6,VECM,SARIMA,22.0,20.68022725101516,22.0,22.01376004618717,1.319772748984839,0.013760046187169195,1.3060127027976698
RO1_PRICE,Ready-Mixed Concrete,2024-12-01,2025-06-01,6,VECM,SARIMA,120.4,115.75053768029544,120.4,124.1062241448208,4.649462319704568,3.706224144820794,0.9432381748837741
RO1_PRICE,Steel Reinforcement Bars,2024-12-01,2025-06-01,6,VECM,SARIMA,688.6,757.6435443115583,688.6,744.6337473209519,69.04354431155832,56.033747320951875,13.009796990606446
RO1_PRICE,Cement,2024-12-01,2025-12-01,12,VECM,SARIMA,115.9,104.07174851820614,115.9,103.9659109561742,11.82825148179387,11.934089043825807,-0.10583756203193673
RO1_PRICE,Concreting Sand,2024-12-01,2025-12-01,12,VECM,SARIMA,26.8,25.219996803518704,26.8,28.32210799652656,1.5800031964812966,1.522107996526561,0.05789519995473569
RO1_PRICE,Granite,2024-12-01,2025-12-01,12,VECM,SARIMA,22.8,20.52475124051301,22.8,21.985118069499944,2.275248759486992,0.8148819305000572,1.4603668289869347
RO1_PRICE,Ready-Mixed Concrete,2024-12-01,2025-12-01,12,VECM,SARIMA,129.5,113.70049744209976,129.5,122.54623362398706,15.79950255790024,6.953766376012936,8.845736181887304
RO1_PRICE,Steel Reinforcement Bars,2024-12-01,2025-12-01,12,VECM,SARIMA,660.3,800.9080398717642,660.3,714.3416373348518,140.60803987176428,54.041637334851885,86.56640253691239
RO1_PRICE,Cement,2025-01-01,2025-02-01,1,VECM,SARIMA,104.2,103.6807509897838,104.2,103.35321416779588,0.5192490102161997,0.8467858322041195,-0.3275368219879198
RO1_PRICE,Concreting Sand,2025-01-01,2025-02-01,1,VECM,SARIMA,27.6,26.68943878000977,27.6,27.935572808632795,0.9105612199902318,0.3355728086327936,0.5749884113574382
RO1_PRICE,Granite,2025-01-01,2025-02-01,1,VECM,SARIMA,22.2,21.25039737084884,22.2,22.40693585893767,0.9496026291511583,0.20693585893766908,0.7426667702134893
RO1_PRICE,Ready-Mixed Concrete,2025-01-01,2025-02-01,1,VECM,SARIMA,119.2,117.5210538883736,119.2,121.05149106330632,1.6789461116264022,1.8514910633063124,-0.17254495167991024
RO1_PRICE,Steel Reinforcement Bars,2025-01-01,2025-02-01,1,VECM,SARIMA,706.3,716.0916441503625,706.3,715.5235653291122,9.791644150362572,9.223565329112262,0.5680788212503103
RO1_PRICE,Cement,2025-01-01,2025-04-01,3,VECM,SARIMA,103.6,103.0375811026898,103.6,102.4441827824082,0.5624188973101951,1.155817217591789,-0.5933983202815938
RO1_PRICE,Concreting Sand,2025-01-01,2025-04-01,3,VECM,SARIMA,26.8,26.065032803790302,26.8,29.192495751078425,0.7349671962096984,2.3924957510784246,-1.6575285548687262
RO1_PRICE,Granite,2025-01-01,2025-04-01,3,VECM,SARIMA,22.2,20.47152912977725,22.2,23.430268031766147,1.7284708702227505,1.2302680317661476,0.49820283845660285
RO1_PRICE,Ready-Mixed Concrete,2025-01-01,2025-04-01,3,VECM,SARIMA,119.9,115.42918673990148,119.9,124.27648869769196,4.470813260098524,4.376488697691954,0.09432456240656961
RO1_PRICE,Steel Reinforcement Bars,2025-01-01,2025-04-01,3,VECM,SARIMA,701.0,715.6946352990454,701.0,717.29952857595,14.694635299045444,16.299528575950035,-1.6048932769045905
RO1_PRICE,Cement,2025-01-01,2025-07-01,6,VECM,SARIMA,101.1,102.53872764939403,101.1,101.34436482650555,1.438727649394039,0.24436482650556002,1.194362822888479
RO1_PRICE,Concreting Sand,2025-01-01,2025-07-01,6,VECM,SARIMA,26.7,25.155334158835977,26.7,28.650572746658543,1.5446658411640222,1.950572746658544,-0.4059069054945219
RO1_PRICE,Granite,2025-01-01,2025-07-01,6,VECM,SARIMA,21.7,20.069160980078323,21.7,21.93005986959299,1.6308390199216767,0.23005986959299207,1.4007791503286846
RO1_PRICE,Ready-Mixed Concrete,2025-01-01,2025-07-01,6,VECM,SARIMA,119.8,113.20161512782778,119.8,122.43302879062452,6.598384872172218,2.6330287906245218,3.9653560815476965
RO1_PRICE,Steel Reinforcement Bars,2025-01-01,2025-07-01,6,VECM,SARIMA,689.3,738.3528490557798,689.3,701.804261352851,49.0528490557798,12.504261352851017,36.548587702928785
RO1_PRICE,Cement,2025-01-01,2026-01-01,12,VECM,SARIMA,118.6,102.18054477851064,118.6,99.54243701719103,16.419455221489358,19.05756298280896,-2.6381077613196027
RO1_PRICE,Concreting Sand,2025-01-01,2026-01-01,12,VECM,SARIMA,26.7,24.107448848440576,26.7,28.00788154968852,2.592551151559423,1.3078815496885206,1.2846696018709025
RO1_PRICE,Granite,2025-01-01,2026-01-01,12,VECM,SARIMA,22.7,20.0359071978732,22.7,22.13697217726736,2.664092802126799,0.5630278227326393,2.1010649793941596
RO1_PRICE,Ready-Mixed Concrete,2025-01-01,2026-01-01,12,VECM,SARIMA,128.6,111.08522777253609,128.6,121.65730502481313,17.514772227463908,6.942694975186868,10.57207725227704
RO1_PRICE,Steel Reinforcement Bars,2025-01-01,2026-01-01,12,VECM,SARIMA,648.0,781.2689650668983,648.0,688.4962204835641,133.26896506689832,40.496220483564116,92.7727445833342
RO1_PRICE,Cement,2025-02-01,2025-03-01,1,VECM,SARIMA,103.9,103.95340291506082,103.9,104.01889018540489,0.05340291506081485,0.11889018540487939,-0.06548727034406454
RO1_PRICE,Concreting Sand,2025-02-01,2025-03-01,1,VECM,SARIMA,27.3,27.464869439233425,27.3,28.696117384158825,0.16486943923342423,1.3961173841588241,-1.2312479449254
RO1_PRICE,Granite,2025-02-01,2025-03-01,1,VECM,SARIMA,22.3,21.777244271772357,22.3,23.86071767003583,0.5227557282276436,1.560717670035828,-1.0379619418081845
RO1_PRICE,Ready-Mixed Concrete,2025-02-01,2025-03-01,1,VECM,SARIMA,119.6,118.42498233633783,119.6,122.08718428538468,1.1750176636621603,2.4871842853846857,-1.3121666217225254
RO1_PRICE,Steel Reinforcement Bars,2025-02-01,2025-03-01,1,VECM,SARIMA,701.3,699.6296672825109,701.3,697.6607645096935,1.670332717489032,3.639235490306419,-1.968902772817387
RO1_PRICE,Cement,2025-02-01,2025-05-01,3,VECM,SARIMA,103.3,103.44992392996616,103.3,103.86032860685718,0.14992392996616388,0.5603286068571833,-0.41040467689101945
RO1_PRICE,Concreting Sand,2025-02-01,2025-05-01,3,VECM,SARIMA,27.1,26.96363436084912,27.1,28.576501992172265,0.13636563915088118,1.4765019921722633,-1.3401363530213821
RO1_PRICE,Granite,2025-02-01,2025-05-01,3,VECM,SARIMA,22.0,21.032812706340856,22.0,22.38985459278489,0.9671872936591441,0.3898545927848893,0.5773327008742548
RO1_PRICE,Ready-Mixed Concrete,2025-02-01,2025-05-01,3,VECM,SARIMA,120.0,116.69844321774566,120.0,121.41949213873332,3.3015567822543375,1.4194921387333181,1.8820646435210193
RO1_PRICE,Steel Reinforcement Bars,2025-02-01,2025-05-01,3,VECM,SARIMA,696.6,707.5707038343189,696.6,693.5759956867055,10.970703834318897,3.0240043132945402,7.946699521024357
RO1_PRICE,Cement,2025-02-01,2025-08-01,6,VECM,SARIMA,101.5,102.9802022351222,101.5,103.29636329857335,1.4802022351222064,1.796363298573354,-0.3161610634511476
RO1_PRICE,Concreting Sand,2025-02-01,2025-08-01,6,VECM,SARIMA,26.7,26.15787958391872,26.7,28.053809754205872,0.5421204160812785,1.353809754205873,-0.8116893381245944
RO1_PRICE,Granite,2025-02-01,2025-08-01,6,VECM,SARIMA,21.7,20.478803251905543,21.7,21.838431103767174,1.2211967480944566,0.13843110376717505,1.0827656443272815
RO1_PRICE,Ready-Mixed Concrete,2025-02-01,2025-08-01,6,VECM,SARIMA,120.4,114.54937147645248,120.4,119.74103211650248,5.8506285235475275,0.6589678834975246,5.191660640050003
RO1_PRICE,Steel Reinforcement Bars,2025-02-01,2025-08-01,6,VECM,SARIMA,681.5,739.2933345164483,681.5,679.8349996909056,57.79333451644834,1.6650003090943528,56.12833420735399
RO1_PRICE,Cement,2025-02-01,2026-02-01,12,VECM,SARIMA,119.2,102.7493037591072,119.2,102.14095208342,16.450696240892796,17.05904791658,-0.6083516756872029
RO1_PRICE,Concreting Sand,2025-02-01,2026-02-01,12,VECM,SARIMA,26.4,24.98055199298169,26.4,28.13962001618415,1.4194480070183069,1.7396200161841513,-0.32017200916584443
RO1_PRICE,Granite,2025-02-01,2026-02-01,12,VECM,SARIMA,22.6,20.26890803920036,22.6,22.14363017022153,2.3310919607996397,0.4563698297784704,1.8747221310211692
RO1_PRICE,Ready-Mixed Concrete,2025-02-01,2026-02-01,12,VECM,SARIMA,130.0,112.0762777401046,130.0,120.65642184148264,17.9237222598954,9.34357815851736,8.580144101378039
RO1_PRICE,Steel Reinforcement Bars,2025-02-01,2026-02-01,12,VECM,SARIMA,637.1,790.9236921159275,637.1,672.5286695202312,153.82369211592743,35.42866952023121,118.39502259569622
RO1_PRICE,Cement,2025-03-01,2025-04-01,1,VECM,SARIMA,103.6,103.56794270413005,103.6,103.70912580251849,0.03205729586994721,0.10912580251849135,-0.07706850664854414
RO1_PRICE,Concreting Sand,2025-03-01,2025-04-01,1,VECM,SARIMA,26.8,26.882731112347784,26.8,26.957637796802565,0.08273111234778341,0.15763779680256462,-0.07490668445478121
RO1_PRICE,Granite,2025-03-01,2025-04-01,1,VECM,SARIMA,22.2,21.55262270124552,22.2,22.09742400300186,0.6473772987544777,0.1025759969981408,0.5448013017563369
RO1_PRICE,Ready-Mixed Concrete,2025-03-01,2025-04-01,1,VECM,SARIMA,119.9,118.3551130821117,119.9,118.95530834877412,1.5448869178883058,0.944691651225881,0.6001952666624248
RO1_PRICE,Steel Reinforcement Bars,2025-03-01,2025-04-01,1,VECM,SARIMA,701.0,704.7041058022718,701.0,704.3855962711096,3.7041058022717834,3.385596271109648,0.3185095311621353
RO1_PRICE,Cement,2025-03-01,2025-06-01,3,VECM,SARIMA,102.8,103.21948762127708,102.8,103.379493622469,0.41948762127708505,0.5794936224690019,-0.16000600119191688
RO1_PRICE,Concreting Sand,2025-03-01,2025-06-01,3,VECM,SARIMA,26.7,26.332289661675325,26.7,26.506484007420948,0.3677103383246738,0.1935159925790515,0.17419434574562231
RO1_PRICE,Granite,2025-03-01,2025-06-01,3,VECM,SARIMA,22.0,20.77104594923142,22.0,21.222230549549508,1.2289540507685786,0.7777694504504922,0.4511846003180864
RO1_PRICE,Ready-Mixed Concrete,2025-03-01,2025-06-01,3,VECM,SARIMA,120.4,116.58034166640688,120.4,117.72069404520882,3.819658333593125,2.6793059547911895,1.1403523788019356
RO1_PRICE,Steel Reinforcement Bars,2025-03-01,2025-06-01,3,VECM,SARIMA,688.6,720.4748021953767,688.6,690.7011561535901,31.874802195376674,2.1011561535900682,29.773646041786606
RO1_PRICE,Cement,2025-03-01,2025-09-01,6,VECM,SARIMA,102.2,103.02484224661352,102.2,102.66159437262608,0.8248422466135139,0.46159437262608094,0.36324787398743297
RO1_PRICE,Concreting Sand,2025-03-01,2025-09-01,6,VECM,SARIMA,26.4,25.50449113244224,26.4,26.16148406481085,0.8955088675577585,0.23851593518914882,0.6569929323686097
RO1_PRICE,Granite,2025-03-01,2025-09-01,6,VECM,SARIMA,21.7,20.31855969714035,21.7,21.3516410391204,1.381440302859648,0.34835896087960094,1.033081341980047
RO1_PRICE,Ready-Mixed Concrete,2025-03-01,2025-09-01,6,VECM,SARIMA,120.7,114.5609554765263,120.7,116.58223359142671,6.1390445234737,4.117766408573289,2.0212781149004115
RO1_PRICE,Steel Reinforcement Bars,2025-03-01,2025-09-01,6,VECM,SARIMA,684.2,751.358585275202,684.2,676.6588420135569,67.15858527520197,7.5411579864431815,59.61742728875879
RO1_PRICE,Cement,2025-03-01,2026-03-01,12,VECM,SARIMA,121.9,103.01319883388692,121.9,101.91057365775076,18.886801166113088,19.989426342249246,-1.1026251761361578
RO1_PRICE,Concreting Sand,2025-03-01,2026-03-01,12,VECM,SARIMA,27.8,24.410292441393324,27.8,27.476345455265548,3.389707558606677,0.32365454473445254,3.0660530138722244
RO1_PRICE,Granite,2025-03-01,2026-03-01,12,VECM,SARIMA,23.8,20.224734200632632,23.8,23.50104653665117,3.5752657993673687,0.29895346334883044,3.276312336018538
RO1_PRICE,Ready-Mixed Concrete,2025-03-01,2026-03-01,12,VECM,SARIMA,143.0,112.42059102355668,143.0,120.80415822745084,30.579408976443318,22.19584177254916,8.38356720389416
RO1_PRICE,Steel Reinforcement Bars,2025-03-01,2026-03-01,12,VECM,SARIMA,663.1,792.0232576492792,663.1,690.0820794027964,128.9232576492792,26.98207940279633,101.94117824648288
RO1_PRICE,Cement,2025-04-01,2025-05-01,1,VECM,SARIMA,103.3,103.31260096871785,103.3,103.51202383710005,0.012600968717848104,0.21202383710004824,-0.19942286838220014
RO1_PRICE,Concreting Sand,2025-04-01,2025-05-01,1,VECM,SARIMA,27.1,26.368280368981097,27.1,26.57112306321698,0.7317196310189047,0.5288769367830213,0.20284269423588341
RO1_PRICE,Granite,2025-04-01,2025-05-01,1,VECM,SARIMA,22.0,21.41348347879504,22.0,21.5127915089185,0.5865165212049597,0.4872084910814998,0.0993080301234599
RO1_PRICE,Ready-Mixed Concrete,2025-04-01,2025-05-01,1,VECM,SARIMA,120.0,118.65839542336435,120.0,119.52706627475132,1.3416045766356461,0.47293372524868005,0.8686708513869661
RO1_PRICE,Steel Reinforcement Bars,2025-04-01,2025-05-01,1,VECM,SARIMA,696.6,707.2537189938008,696.6,695.4456827424082,10.653718993800794,1.154317257591856,9.499401736208938
RO1_PRICE,Cement,2025-04-01,2025-07-01,3,VECM,SARIMA,101.1,103.1169164725845,101.1,102.94547885090697,2.016916472584512,1.8454788509069715,0.17143762167754062
RO1_PRICE,Concreting Sand,2025-04-01,2025-07-01,3,VECM,SARIMA,26.7,25.821435727437645,26.7,26.21227695862662,0.8785642725623539,0.4877230413733784,0.3908412311889755
RO1_PRICE,Granite,2025-04-01,2025-07-01,3,VECM,SARIMA,21.7,20.668358990988068,21.7,21.24780774355702,1.0316410090119312,0.4521922564429808,0.5794487525689505
RO1_PRICE,Ready-Mixed Concrete,2025-04-01,2025-07-01,3,VECM,SARIMA,119.8,116.95974474482156,119.8,118.27052894565836,2.840255255178434,1.5294710543416414,1.3107842008367925
RO1_PRICE,Steel Reinforcement Bars,2025-04-01,2025-07-01,3,VECM,SARIMA,689.3,724.4580233533914,689.3,679.6013430112874,35.1580233533914,9.698656988712514,25.459366364678885
RO1_PRICE,Cement,2025-04-01,2025-10-01,6,VECM,SARIMA,104.0,103.10259179391358,104.0,102.16887039800704,0.8974082060864248,1.8311296019929557,-0.9337213959065309
RO1_PRICE,Concreting Sand,2025-04-01,2025-10-01,6,VECM,SARIMA,26.7,24.956839653331457,26.7,25.710353952894785,1.7431603466685424,0.9896460471052144,0.7535142995633279
RO1_PRICE,Granite,2025-04-01,2025-10-01,6,VECM,SARIMA,21.9,20.212558979122107,21.9,21.56511862875553,1.6874410208778912,0.3348813712444674,1.3525596496334238
RO1_PRICE,Ready-Mixed Concrete,2025-04-01,2025-10-01,6,VECM,SARIMA,120.6,114.93653575936312,120.6,117.5193758071491,5.66346424063687,3.080624192850891,2.5828400477859788
RO1_PRICE,Steel Reinforcement Bars,2025-04-01,2025-10-01,6,VECM,SARIMA,678.0,753.0201523482867,678.0,656.1964787402062,75.02015234828673,21.803521259793797,53.21663108849293
RO1_PRICE,Cement,2025-04-01,2026-04-01,12,VECM,SARIMA,124.7,103.22502489178618,124.7,101.69503192051086,21.474975108213826,23.004968079489146,-1.5299929712753197
RO1_PRICE,Concreting Sand,2025-04-01,2026-04-01,12,VECM,SARIMA,29.0,23.881574371755285,29.0,27.3154772512632,5.118425628244715,1.6845227487368,3.433902879507915
RO1_PRICE,Granite,2025-04-01,2026-04-01,12,VECM,SARIMA,25.0,20.16955023372028,25.0,23.08677752079465,4.83044976627972,1.9132224792053485,2.917227287074372
RO1_PRICE,Ready-Mixed Concrete,2025-04-01,2026-04-01,12,VECM,SARIMA,145.6,112.92677184616768,145.6,121.89626912787944,32.67322815383231,23.70373087212056,8.969497281711753
RO1_PRICE,Steel Reinforcement Bars,2025-04-01,2026-04-01,12,VECM,SARIMA,701.9,786.8284101245911,701.9,691.6597548818727,84.9284101245911,10.24024511812729,74.6881650064638
RO1_PRICE,Cement,2025-05-01,2025-06-01,1,VECM,SARIMA,102.8,103.12824212914552,102.8,102.9079198911583,0.3282421291455222,0.10791989115830347,0.22032223798721873
RO1_PRICE,Concreting Sand,2025-05-01,2025-06-01,1,VECM,SARIMA,26.7,27.111318526011843,26.7,26.985786275732572,0.4113185260118435,0.28578627573257265,0.12553225027927084
RO1_PRICE,Granite,2025-05-01,2025-06-01,1,VECM,SARIMA,22.0,21.843600845244232,22.0,21.66099300497597,0.1563991547557677,0.33900699502402887,-0.18260784026826116
RO1_PRICE,Ready-Mixed Concrete,2025-05-01,2025-06-01,1,VECM,SARIMA,120.4,119.70652148696036,120.4,119.45949077962273,0.6934785130396506,0.9405092203772796,-0.247030707337629
RO1_PRICE,Steel Reinforcement Bars,2025-05-01,2025-06-01,1,VECM,SARIMA,688.6,698.5275345701209,688.6,685.6647019832221,9.927534570120883,2.9352980167778924,6.992236553342991
RO1_PRICE,Cement,2025-05-01,2025-08-01,3,VECM,SARIMA,101.5,102.94905905673365,101.5,102.3463847745986,1.4490590567336454,0.8463847745986044,0.602674282135041
RO1_PRICE,Concreting Sand,2025-05-01,2025-08-01,3,VECM,SARIMA,26.7,26.501438056376276,26.7,26.7311709276712,0.19856194362372293,0.031170927671201554,0.16739101595252137
RO1_PRICE,Granite,2025-05-01,2025-08-01,3,VECM,SARIMA,21.7,20.939798850092032,21.7,21.55396171221697,0.7602011499079673,0.1460382877830284,0.6141628621249389
RO1_PRICE,Ready-Mixed Concrete,2025-05-01,2025-08-01,3,VECM,SARIMA,120.4,117.778851388432,120.4,118.42872246559904,2.621148611568003,1.9712775344009685,0.6498710771670346
RO1_PRICE,Steel Reinforcement Bars,2025-05-01,2025-08-01,3,VECM,SARIMA,681.5,713.3882090826156,681.5,683.430352078804,31.888209082615617,1.9303520788040487,29.95785700381157
RO1_PRICE,Cement,2025-05-01,2025-11-01,6,VECM,SARIMA,110.0,102.9138913081118,110.0,101.25800555077907,7.0861086918881995,8.741994449220925,-1.655885757332726
RO1_PRICE,Concreting Sand,2025-05-01,2025-11-01,6,VECM,SARIMA,27.0,25.525458596495504,27.0,26.25770945509112,1.474541403504496,0.7422905449088795,0.7322508585956164
RO1_PRICE,Granite,2025-05-01,2025-11-01,6,VECM,SARIMA,22.3,20.296502813001126,22.3,21.82926937464119,2.0034971869988745,0.4707306253588115,1.532766561640063
RO1_PRICE,Ready-Mixed Concrete,2025-05-01,2025-11-01,6,VECM,SARIMA,124.9,115.38325888331116,124.9,117.99333829525102,9.516741116688848,6.906661704748984,2.6100794119398643
RO1_PRICE,Steel Reinforcement Bars,2025-05-01,2025-11-01,6,VECM,SARIMA,666.2,744.5287731406424,666.2,648.3214894993671,78.3287731406424,17.878510500632956,60.45026264000944
RO1_PRICE,Cement,2025-05-01,2026-05-01,12,VECM,SARIMA,125.8,103.04525074301068,125.8,101.21004768935538,22.754749256989314,24.58995231064462,-1.835203053655306
RO1_PRICE,Concreting Sand,2025-05-01,2026-05-01,12,VECM,SARIMA,28.6,24.21440392908299,28.6,27.833012006646754,4.3855960709170105,0.7669879933532471,3.6186080775637635
RO1_PRICE,Granite,2025-05-01,2026-05-01,12,VECM,SARIMA,24.5,20.15800861162888,24.5,22.389232978960045,4.34199138837112,2.1107670210399547,2.2312243673311656
RO1_PRICE,Ready-Mixed Concrete,2025-05-01,2026-05-01,12,VECM,SARIMA,144.4,112.8556213356308,144.4,121.9148865193478,31.544378664369205,22.485113480652203,9.059265183717002
RO1_PRICE,Steel Reinforcement Bars,2025-05-01,2026-05-01,12,VECM,SARIMA,703.9,785.9061134370256,703.9,695.9400670805073,82.00611343702565,7.959932919492644,74.046180517533
RO1_PRICE,Cement,2025-06-01,2025-07-01,1,VECM,SARIMA,101.1,102.45132115648394,101.1,102.4426769110548,1.351321156483948,1.3426769110548094,0.008644245429138664
RO1_PRICE,Concreting Sand,2025-06-01,2025-07-01,1,VECM,SARIMA,26.7,26.25133083343512,26.7,26.52612062813844,0.4486691665648799,0.17387937186155966,0.2747897947033202
RO1_PRICE,Granite,2025-06-01,2025-07-01,1,VECM,SARIMA,21.7,21.29886211835993,21.7,21.807312374869515,0.4011378816400679,0.10731237486951528,0.29382550677055264
RO1_PRICE,Ready-Mixed Concrete,2025-06-01,2025-07-01,1,VECM,SARIMA,119.8,119.10629175066214,119.8,120.00435682944436,0.6937082493378597,0.2043568294443645,0.4893514198934952
RO1_PRICE,Steel Reinforcement Bars,2025-06-01,2025-07-01,1,VECM,SARIMA,689.3,689.1170451080056,689.3,686.8261890128846,0.18295489199431358,2.473810987115371,-2.2908560951210575
RO1_PRICE,Cement,2025-06-01,2025-09-01,3,VECM,SARIMA,102.2,102.21271869248494,102.2,101.71228125513969,0.012718692484938288,0.48771874486031663,-0.47500005237537835
RO1_PRICE,Concreting Sand,2025-06-01,2025-09-01,3,VECM,SARIMA,26.4,25.44831843732009,26.4,26.27188989966049,0.9516815626799087,0.12811010033950865,0.8235714623404
RO1_PRICE,Granite,2025-06-01,2025-09-01,3,VECM,SARIMA,21.7,20.346358856558645,21.7,21.761890516230704,1.3536411434413544,0.06189051623070441,1.29175062721065
RO1_PRICE,Ready-Mixed Concrete,2025-06-01,2025-09-01,3,VECM,SARIMA,120.7,116.7680184022464,120.7,119.47474197600668,3.9319815977536052,1.2252580239933195,2.7067235737602857
RO1_PRICE,Steel Reinforcement Bars,2025-06-01,2025-09-01,3,VECM,SARIMA,684.2,700.2718930608451,684.2,677.6433452562687,16.071893060845014,6.556654743731315,9.515238317113699
RO1_PRICE,Cement,2025-06-01,2025-12-01,6,VECM,SARIMA,115.9,102.15141750229006,115.9,100.62380715600654,13.748582497709947,15.27619284399347,-1.5276103462835238
RO1_PRICE,Concreting Sand,2025-06-01,2025-12-01,6,VECM,SARIMA,26.8,24.349150486195303,26.8,26.00381324583442,2.450849513804698,0.796186754165582,1.6546627596391161
RO1_PRICE,Granite,2025-06-01,2025-12-01,6,VECM,SARIMA,22.8,19.834642323580752,22.8,21.85114782815911,2.9653576764192486,0.9488521718408904,2.016505504578358
RO1_PRICE,Ready-Mixed Concrete,2025-06-01,2025-12-01,6,VECM,SARIMA,129.5,114.25191626754908,129.5,119.05321175940936,15.248083732450922,10.446788240590635,4.801295491860287
RO1_PRICE,Steel Reinforcement Bars,2025-06-01,2025-12-01,6,VECM,SARIMA,660.3,727.666129345417,660.3,659.3980273463889,67.366129345417,0.9019726536110966,66.4641566918059
RO1_PRICE,Cement,2025-06-01,2026-06-01,12,VECM,SARIMA,124.15,102.19171924522088,124.15,100.80190583054406,21.958280754779125,23.348094169455948,-1.3898134146768228
RO1_PRICE,Concreting Sand,2025-06-01,2026-06-01,12,VECM,SARIMA,28.6,23.10452091035026,28.6,27.19115350050349,5.495479089649741,1.4088464994965122,4.086632590153229
RO1_PRICE,Granite,2025-06-01,2026-06-01,12,VECM,SARIMA,24.3,19.84852001935483,24.3,22.14706512227524,4.451479980645171,2.1529348777247606,2.2985451029204107
RO1_PRICE,Ready-Mixed Concrete,2025-06-01,2026-06-01,12,VECM,SARIMA,143.3,111.95900757810796,143.3,122.4597105993175,31.340992421892054,20.840289400682508,10.500703021209546
RO1_PRICE,Steel Reinforcement Bars,2025-06-01,2026-06-01,12,VECM,SARIMA,708.0,764.6844808153803,708.0,696.240306650999,56.68448081538031,11.759693349001054,44.92478746637926
RO1_PRICE,Cement,2025-07-01,2025-08-01,1,VECM,SARIMA,101.5,100.51038379729366,101.5,100.33958479844296,0.989616202706344,1.1604152015570435,-0.1707989988506995
RO1_PRICE,Concreting Sand,2025-07-01,2025-08-01,1,VECM,SARIMA,26.7,26.31997098971307,26.7,26.586713529674185,0.38002901028692904,0.11328647032581429,0.26674253996111474
RO1_PRICE,Granite,2025-07-01,2025-08-01,1,VECM,SARIMA,21.7,20.986991513291343,21.7,21.678264796409454,0.7130084867086559,0.021735203590544927,0.691273283118111
RO1_PRICE,Ready-Mixed Concrete,2025-07-01,2025-08-01,1,VECM,SARIMA,120.4,118.26367233233726,120.4,119.33176218461594,2.1363276676627407,1.068237815384066,1.0680898522786748
RO1_PRICE,Steel Reinforcement Bars,2025-07-01,2025-08-01,1,VECM,SARIMA,681.5,687.9637238314988,681.5,693.5431813223602,6.463723831498783,12.04318132236017,-5.579457490861387
RO1_PRICE,Cement,2025-07-01,2025-10-01,3,VECM,SARIMA,104.0,100.29134882382756,104.0,98.77027353799092,3.708651176172438,5.229726462009083,-1.5210752858366448
RO1_PRICE,Concreting Sand,2025-07-01,2025-10-01,3,VECM,SARIMA,26.7,25.270997064059195,26.7,26.248636656161903,1.4290029359408045,0.4513633438380964,0.9776395921027081
RO1_PRICE,Granite,2025-07-01,2025-10-01,3,VECM,SARIMA,21.9,19.891411751331447,21.9,21.83064109305881,2.008588248668552,0.06935890694118996,1.939229341727362
RO1_PRICE,Ready-Mixed Concrete,2025-07-01,2025-10-01,3,VECM,SARIMA,120.6,115.26805450174564,120.6,119.00253174790728,5.331945498254356,1.5974682520927104,3.734477246161646
RO1_PRICE,Steel Reinforcement Bars,2025-07-01,2025-10-01,3,VECM,SARIMA,678.0,694.2085283436735,678.0,671.9197402048466,16.208528343673493,6.080259795153438,10.128268548520055
RO1_PRICE,Cement,2025-07-01,2026-01-01,6,VECM,SARIMA,118.6,100.32385372912525,118.6,97.17975472388056,18.276146270874747,21.42024527611943,-3.1440990052446836
RO1_PRICE,Concreting Sand,2025-07-01,2026-01-01,6,VECM,SARIMA,26.7,23.79024742814154,26.7,26.107868449346764,2.9097525718584585,0.5921315506532352,2.3176210212052233
RO1_PRICE,Granite,2025-07-01,2026-01-01,6,VECM,SARIMA,22.7,19.245040932074104,22.7,21.9121609902194,3.454959067925895,0.7878390097805976,2.667120058145297
RO1_PRICE,Ready-Mixed Concrete,2025-07-01,2026-01-01,6,VECM,SARIMA,128.6,111.95815000040749,128.6,118.97796028176866,16.64184999959251,9.622039718231335,7.019810281361174
RO1_PRICE,Steel Reinforcement Bars,2025-07-01,2026-01-01,6,VECM,SARIMA,648.0,719.3579713474686,648.0,681.7463653729031,71.3579713474686,33.74636537290314,37.611605974565464
RO1_PRICE,Cement,2025-08-01,2025-09-01,1,VECM,SARIMA,102.2,101.5928048509781,102.2,101.0324201580312,0.607195149021905,1.1675798419688022,-0.5603846929468972
RO1_PRICE,Concreting Sand,2025-08-01,2025-09-01,1,VECM,SARIMA,26.4,26.49218975239304,26.4,26.64256062749259,0.09218975239303973,0.24256062749259044,-0.15037087509955072
RO1_PRICE,Granite,2025-08-01,2025-09-01,1,VECM,SARIMA,21.7,21.4701491570047,21.7,21.712946539275787,0.229850842995301,0.012946539275787927,0.21690430371951308
RO1_PRICE,Ready-Mixed Concrete,2025-08-01,2025-09-01,1,VECM,SARIMA,120.7,119.86607743330195,120.7,120.53439824205743,0.8339225666980496,0.16560175794256793,0.6683208087554817
RO1_PRICE,Steel Reinforcement Bars,2025-08-01,2025-09-01,1,VECM,SARIMA,684.2,684.9621034937321,684.2,662.7888514544118,0.7621034937320701,21.411148545588276,-20.649045051856206
RO1_PRICE,Cement,2025-08-01,2025-11-01,3,VECM,SARIMA,110.0,101.6999497042213,110.0,100.28896566307036,8.300050295778703,9.711034336929643,-1.4109840411509396
RO1_PRICE,Concreting Sand,2025-08-01,2025-11-01,3,VECM,SARIMA,27.0,25.57414431380564,27.0,26.25948374823717,1.4258556861943603,0.7405162517628305,0.6853394344315298
RO1_PRICE,Granite,2025-08-01,2025-11-01,3,VECM,SARIMA,22.3,20.387906951910185,22.3,21.91776959671981,1.9120930480898153,0.38223040328018953,1.5298626448096257
RO1_PRICE,Ready-Mixed Concrete,2025-08-01,2025-11-01,3,VECM,SARIMA,124.9,117.37854665276885,124.9,120.20670621518416,7.521453347231159,4.69329378481585,2.8281595624153084
RO1_PRICE,Steel Reinforcement Bars,2025-08-01,2025-11-01,3,VECM,SARIMA,666.2,702.280549467992,666.2,634.1744195197816,36.080549467992,32.02558048021842,4.054968987773577
RO1_PRICE,Cement,2025-08-01,2026-02-01,6,VECM,SARIMA,119.2,101.91062768660262,119.2,99.66368181125766,17.28937231339738,19.536318188742342,-2.246945875344963
RO1_PRICE,Concreting Sand,2025-08-01,2026-02-01,6,VECM,SARIMA,26.4,24.37015655412737,26.4,26.81923194800612,2.029843445872629,0.4192319480061215,1.6106114978665076
RO1_PRICE,Granite,2025-08-01,2026-02-01,6,VECM,SARIMA,22.6,19.793325432438323,22.6,21.976672765496517,2.8066745675616787,0.6233272345034848,2.183347333058194
RO1_PRICE,Ready-Mixed Concrete,2025-08-01,2026-02-01,6,VECM,SARIMA,130.0,114.6901681892264,130.0,121.55826709019324,15.309831810773602,8.44173290980676,6.868098900966842
RO1_PRICE,Steel Reinforcement Bars,2025-08-01,2026-02-01,6,VECM,SARIMA,637.1,732.945738491172,637.1,659.4343171776076,95.84573849117203,22.334317177607545,73.51142131356448
RO1_PRICE,Cement,2025-09-01,2025-10-01,1,VECM,SARIMA,104.0,102.41456360831737,104.0,102.30447501002864,1.5854363916826344,1.6955249899713607,-0.1100885982887263
RO1_PRICE,Concreting Sand,2025-09-01,2025-10-01,1,VECM,SARIMA,26.7,25.981721092670035,26.7,26.081763324286094,0.7182789073299638,0.6182366757139057,0.10004223161605807
RO1_PRICE,Granite,2025-09-01,2025-10-01,1,VECM,SARIMA,21.9,21.1822566622666,21.9,21.83356191428758,0.717743337733399,0.06643808571242005,0.651305252020979
RO1_PRICE,Ready-Mixed Concrete,2025-09-01,2025-10-01,1,VECM,SARIMA,120.6,119.74346573399636,120.6,120.51599018598397,0.856534266003635,0.08400981401602792,0.7725244519876071
RO1_PRICE,Steel Reinforcement Bars,2025-09-01,2025-10-01,1,VECM,SARIMA,678.0,695.0264118289324,678.0,682.6353330863533,17.026411828932396,4.635333086353285,12.391078742579111
RO1_PRICE,Cement,2025-09-01,2025-12-01,3,VECM,SARIMA,115.9,102.65935923100406,115.9,102.19841192235974,13.240640768995945,13.701588077640267,-0.46094730864432165
RO1_PRICE,Concreting Sand,2025-09-01,2025-12-01,3,VECM,SARIMA,26.8,25.21561077125224,26.8,26.061378943645355,1.5843892287477601,0.7386210563546456,0.8457681723931145
RO1_PRICE,Granite,2025-09-01,2025-12-01,3,VECM,SARIMA,22.8,20.394162080799404,22.8,21.814251551930383,2.4058379192005965,0.9857484480696179,1.4200894711309786
RO1_PRICE,Ready-Mixed Concrete,2025-09-01,2025-12-01,3,VECM,SARIMA,129.5,117.80998418684528,129.5,120.31599817531269,11.690015813154716,9.184001824687314,2.5060139884674015
RO1_PRICE,Steel Reinforcement Bars,2025-09-01,2025-12-01,3,VECM,SARIMA,660.3,719.1320802025433,660.3,685.3058220533377,58.83208020254335,25.005822053337738,33.826258149205614
RO1_PRICE,Cement,2025-09-01,2026-03-01,6,VECM,SARIMA,121.9,102.97974558765227,121.9,102.85349894417338,18.92025441234773,19.046501055826624,-0.12624664347889336
RO1_PRICE,Concreting Sand,2025-09-01,2026-03-01,6,VECM,SARIMA,27.8,24.225506724606653,27.8,27.64427521869224,3.5744932753933476,0.1557247813077609,3.4187684940855867
RO1_PRICE,Granite,2025-09-01,2026-03-01,6,VECM,SARIMA,23.8,20.00845655512952,23.8,23.711104836319105,3.791543444870481,0.08889516368089545,3.7026482811895853
RO1_PRICE,Ready-Mixed Concrete,2025-09-01,2026-03-01,6,VECM,SARIMA,143.0,115.73819796936876,143.0,124.95954054040344,27.261802030631245,18.040459459596562,9.221342571034683
RO1_PRICE,Steel Reinforcement Bars,2025-09-01,2026-03-01,6,VECM,SARIMA,663.1,748.7393448629994,663.1,722.0804594569339,85.63934486299934,58.980459456933886,26.65888540606545
RO1_PRICE,Cement,2025-10-01,2025-11-01,1,VECM,SARIMA,110.0,104.57624434889956,110.0,104.56232070842016,5.423755651100436,5.43767929157984,-0.013923640479404753
RO1_PRICE,Concreting Sand,2025-10-01,2025-11-01,1,VECM,SARIMA,27.0,26.413613101298644,27.0,26.744353219171654,0.5863868987013561,0.25564678082834646,0.3307401178730096
RO1_PRICE,Granite,2025-10-01,2025-11-01,1,VECM,SARIMA,22.3,21.561468748747856,22.3,21.96091527350185,0.7385312512521445,0.33908472649815025,0.3994465247539942
RO1_PRICE,Ready-Mixed Concrete,2025-10-01,2025-11-01,1,VECM,SARIMA,124.9,119.98350168930251,124.9,120.5128868749251,4.9164983106974915,4.3871131250749045,0.5293851856225871
RO1_PRICE,Steel Reinforcement Bars,2025-10-01,2025-11-01,1,VECM,SARIMA,666.2,685.4804546254644,666.2,670.3805654426048,19.28045462546436,4.180565442604802,15.099889182859556
RO1_PRICE,Cement,2025-10-01,2026-01-01,3,VECM,SARIMA,118.6,104.69383904143623,118.6,105.94744849406511,13.90616095856376,12.65255150593488,1.2536094526288792
RO1_PRICE,Concreting Sand,2025-10-01,2026-01-01,3,VECM,SARIMA,26.7,25.97812709739145,26.7,26.73896960129264,0.7218729026085491,0.03896960129264215,0.6829033013159069
RO1_PRICE,Granite,2025-10-01,2026-01-01,3,VECM,SARIMA,22.7,21.05153634493243,22.7,21.946911349952565,1.6484636550675695,0.7530886500474345,0.895375005020135
RO1_PRICE,Ready-Mixed Concrete,2025-10-01,2026-01-01,3,VECM,SARIMA,128.6,118.90187986653672,128.6,120.59446870276376,9.698120133463277,8.005531297236232,1.6925888362270456
RO1_PRICE,Steel Reinforcement Bars,2025-10-01,2026-01-01,3,VECM,SARIMA,648.0,711.6862684301957,648.0,692.8578105306337,63.686268430195696,44.85781053063374,18.828457899561954
RO1_PRICE,Cement,2025-10-01,2026-04-01,6,VECM,SARIMA,124.7,104.6639687454394,124.7,107.65551080595608,20.036031254560598,17.04448919404392,2.9915420605166787
RO1_PRICE,Concreting Sand,2025-10-01,2026-04-01,6,VECM,SARIMA,29.0,25.480919567010677,29.0,28.48484635544297,3.5190804329893233,0.5151536445570315,3.0039267884322918
RO1_PRICE,Granite,2025-10-01,2026-04-01,6,VECM,SARIMA,25.0,20.818833862647423,25.0,23.28790424087653,4.181166137352577,1.7120957591234713,2.4690703782291052
RO1_PRICE,Ready-Mixed Concrete,2025-10-01,2026-04-01,6,VECM,SARIMA,145.6,117.77553848981556,145.6,124.9959236692848,27.824461510184435,20.604076330715188,7.220385179469247
RO1_PRICE,Steel Reinforcement Bars,2025-10-01,2026-04-01,6,VECM,SARIMA,701.9,746.3133361750071,701.9,721.2316445705419,44.41333617500709,19.331644570541926,25.081691604465163
RO1_PRICE,Cement,2025-11-01,2025-12-01,1,VECM,SARIMA,115.9,112.00716235566526,115.9,112.64280549129188,3.8928376443347474,3.2571945087081247,0.6356431356266228
RO1_PRICE,Concreting Sand,2025-11-01,2025-12-01,1,VECM,SARIMA,26.8,28.207254573920643,26.8,27.18933235775528,1.4072545739206426,0.3893323577552792,1.0179222161653634
RO1_PRICE,Granite,2025-11-01,2025-12-01,1,VECM,SARIMA,22.8,24.44453808102601,22.8,22.116303107715023,1.6445380810260097,0.6836968922849778,0.960841188741032
RO1_PRICE,Ready-Mixed Concrete,2025-11-01,2025-12-01,1,VECM,SARIMA,129.5,129.62255102662235,129.5,125.80071228202372,0.12255102662234663,3.6992877179762758,-3.576736691353929
RO1_PRICE,Steel Reinforcement Bars,2025-11-01,2025-12-01,1,VECM,SARIMA,660.3,695.2368193767247,660.3,668.900836131414,34.93681937672477,8.600836131414098,26.335983245310672
RO1_PRICE,Cement,2025-11-01,2026-02-01,3,VECM,SARIMA,119.2,112.96155997651874,119.2,117.40100439874313,6.23844002348126,1.7989956012568769,4.439444422224383
RO1_PRICE,Concreting Sand,2025-11-01,2026-02-01,3,VECM,SARIMA,26.4,28.846792709127776,26.4,27.634079963297467,2.4467927091277772,1.234079963297468,1.2127127458303093
RO1_PRICE,Granite,2025-11-01,2026-02-01,3,VECM,SARIMA,22.6,24.258729669684584,22.6,22.16808395124584,1.6587296696845826,0.4319160487541609,1.2268136209304217
RO1_PRICE,Ready-Mixed Concrete,2025-11-01,2026-02-01,3,VECM,SARIMA,130.0,131.4843323007211,130.0,127.24609931948028,1.4843323007210927,2.7539006805197204,-1.2695683797986277
RO1_PRICE,Steel Reinforcement Bars,2025-11-01,2026-02-01,3,VECM,SARIMA,637.1,756.1062595635302,637.1,692.548031945381,119.0062595635302,55.44803194538099,63.5582276181492
RO1_PRICE,Cement,2025-11-01,2026-05-01,6,VECM,SARIMA,125.8,113.62904058950852,125.8,123.29059465829124,12.170959410491477,2.5094053417087565,9.66155406878272
RO1_PRICE,Concreting Sand,2025-11-01,2026-05-01,6,VECM,SARIMA,28.6,29.47004777443157,28.6,28.64963542096165,0.8700477744315691,0.049635420961649857,0.8204123534699193
RO1_PRICE,Granite,2025-11-01,2026-05-01,6,VECM,SARIMA,24.5,23.783654736363545,24.5,22.576010006552934,0.7163452636364553,1.9239899934470657,-1.2076447298106103
RO1_PRICE,Ready-Mixed Concrete,2025-11-01,2026-05-01,6,VECM,SARIMA,144.4,132.4878722632509,144.4,129.81609761313445,11.912127736749113,14.58390238686556,-2.671774650116447
RO1_PRICE,Steel Reinforcement Bars,2025-11-01,2026-05-01,6,VECM,SARIMA,703.9,804.4119532358518,703.9,711.8535439241829,100.51195323585182,7.953543924182895,92.55840931166892
RO1_PRICE,Cement,2025-12-01,2026-01-01,1,VECM,SARIMA,118.6,118.14224015649737,118.6,120.1929345412573,0.4577598435026289,1.592934541257307,-1.1351746977546782
RO1_PRICE,Concreting Sand,2025-12-01,2026-01-01,1,VECM,SARIMA,26.7,27.78611856238089,26.7,26.566387700144112,1.0861185623808893,0.13361229985588707,0.9525062625250023
RO1_PRICE,Granite,2025-12-01,2026-01-01,1,VECM,SARIMA,22.7,24.66577595664729,22.7,22.681236988167843,1.9657759566472919,0.01876301183215645,1.9470129448151354
RO1_PRICE,Ready-Mixed Concrete,2025-12-01,2026-01-01,1,VECM,SARIMA,128.6,134.21452184800825,128.6,130.5181730627597,5.614521848008252,1.9181730627597062,3.6963487852485457
RO1_PRICE,Steel Reinforcement Bars,2025-12-01,2026-01-01,1,VECM,SARIMA,648.0,689.6155564076145,648.0,670.0705329815675,41.61555640761446,22.070532981567453,19.54502342604701
RO1_PRICE,Cement,2025-12-01,2026-03-01,3,VECM,SARIMA,121.9,119.36192410199834,121.9,126.86326113707015,2.538075898001665,4.963261137070148,-2.425185239068483
RO1_PRICE,Concreting Sand,2025-12-01,2026-03-01,3,VECM,SARIMA,27.8,28.91705775872237,27.8,28.269668021584508,1.1170577587223676,0.46966802158450704,0.6473897371378605
RO1_PRICE,Granite,2025-12-01,2026-03-01,3,VECM,SARIMA,23.8,25.192897033055,23.8,24.217091118892228,1.3928970330550001,0.41709111889222683,0.9758059141627733
RO1_PRICE,Ready-Mixed Concrete,2025-12-01,2026-03-01,3,VECM,SARIMA,143.0,137.8287987235379,143.0,134.98602809046835,5.171201276462114,8.013971909531648,-2.8427706330695344
RO1_PRICE,Steel Reinforcement Bars,2025-12-01,2026-03-01,3,VECM,SARIMA,663.1,748.1666285030576,663.1,680.5703649618548,85.06662850305759,17.470364961854784,67.5962635412028
RO1_PRICE,Cement,2025-12-01,2026-06-01,6,VECM,SARIMA,124.15,120.00010047255276,124.15,134.66067231850147,4.149899527447246,10.510672318501463,-6.360772791054217
RO1_PRICE,Concreting Sand,2025-12-01,2026-06-01,6,VECM,SARIMA,28.6,30.197280402215604,28.6,27.874112490157056,1.5972804022156026,0.7258875098429449,0.8713928923726577
RO1_PRICE,Granite,2025-12-01,2026-06-01,6,VECM,SARIMA,24.3,25.08811342477384,24.3,22.460961490801484,0.7881134247738402,1.8390385091985166,-1.0509250844246765
RO1_PRICE,Ready-Mixed Concrete,2025-12-01,2026-06-01,6,VECM,SARIMA,143.3,140.43351714117713,143.3,133.74899171270022,2.8664828588228772,9.551008287299794,-6.684525428476917
RO1_PRICE,Steel Reinforcement Bars,2025-12-01,2026-06-01,6,VECM,SARIMA,708.0,788.6547109419357,708.0,682.2132728181126,80.65471094193572,25.786727181887386,54.86798376004833
RO1_PRICE,Cement,2026-01-01,2026-02-01,1,VECM,SARIMA,119.2,119.42660199392596,119.2,121.18978259041786,0.2266019939259536,1.9897825904178603,-1.7631805964919067
RO1_PRICE,Concreting Sand,2026-01-01,2026-02-01,1,VECM,SARIMA,26.4,26.60813709155194,26.4,27.303983385562407,0.20813709155194005,0.9039833855624089,-0.6958462940104688
RO1_PRICE,Granite,2026-01-01,2026-02-01,1,VECM,SARIMA,22.6,22.654816786613736,22.6,22.59999860114146,0.05481678661373479,1.3988585401136788e-06,0.05481538775519468
RO1_PRICE,Ready-Mixed Concrete,2026-01-01,2026-02-01,1,VECM,SARIMA,130.0,128.92689725208442,130.0,129.43326514640717,1.0731027479155841,0.566734853592834,0.5063678943227501
RO1_PRICE,Steel Reinforcement Bars,2026-01-01,2026-02-01,1,VECM,SARIMA,637.1,651.6891182036469,637.1,638.4180685203977,14.589118203646876,1.3180685203976736,13.271049683249203
RO1_PRICE,Cement,2026-01-01,2026-04-01,3,VECM,SARIMA,124.7,119.09368891875448,124.7,126.21942323608934,5.606311081245522,1.519423236089338,4.086887845156184
RO1_PRICE,Concreting Sand,2026-01-01,2026-04-01,3,VECM,SARIMA,29.0,27.55883729872085,29.0,28.484724009817715,1.4411627012791506,0.5152759901822854,0.9258867110968652
RO1_PRICE,Granite,2026-01-01,2026-04-01,3,VECM,SARIMA,25.0,23.767703515318185,25.0,23.705803656367483,1.2322964846818145,1.2941963436325175,-0.061899858950702935
RO1_PRICE,Ready-Mixed Concrete,2026-01-01,2026-04-01,3,VECM,SARIMA,145.6,131.7533966079557,145.6,132.56474449193254,13.846603392044301,13.03525550806745,0.8113478839768504
RO1_PRICE,Steel Reinforcement Bars,2026-01-01,2026-04-01,3,VECM,SARIMA,701.9,675.143311724574,701.9,639.2668467003313,26.756688275425972,62.63315329966872,-35.87646502424275
RO1_PRICE,Cement,2026-02-01,2026-03-01,1,VECM,SARIMA,121.9,118.99151225850638,121.9,120.9791443403845,2.90848774149363,0.920855659615512,1.9876320818781181
RO1_PRICE,Concreting Sand,2026-02-01,2026-03-01,1,VECM,SARIMA,27.8,27.04342944577214,27.8,27.27572342762912,0.75657055422786,0.52427657237088,0.23229398185698003
RO1_PRICE,Granite,2026-02-01,2026-03-01,1,VECM,SARIMA,23.8,23.55394431555446,23.8,24.228378339849822,0.24605568444554038,0.42837833984982154,-0.18232265540428116
RO1_PRICE,Ready-Mixed Concrete,2026-02-01,2026-03-01,1,VECM,SARIMA,143.0,132.10103422953267,143.0,133.32687336332907,10.898965770467328,9.67312663667093,1.2258391337963985
RO1_PRICE,Steel Reinforcement Bars,2026-02-01,2026-03-01,1,VECM,SARIMA,663.1,640.5672960036095,663.1,633.1480041723754,22.532703996390524,29.951995827624614,-7.419291831234091
RO1_PRICE,Cement,2026-02-01,2026-05-01,3,VECM,SARIMA,125.8,118.15360587642908,125.8,123.9695601968764,7.646394123570914,1.8304398031235962,5.815954320447318
RO1_PRICE,Concreting Sand,2026-02-01,2026-05-01,3,VECM,SARIMA,28.6,27.94907940932677,28.6,27.15313082914576,0.6509205906732305,1.4468691708542423,-0.7959485801810118
RO1_PRICE,Granite,2026-02-01,2026-05-01,3,VECM,SARIMA,24.5,24.128016609727556,24.5,22.831240339059907,0.37198339027244387,1.6687596609400934,-1.2967762706676496
RO1_PRICE,Ready-Mixed Concrete,2026-02-01,2026-05-01,3,VECM,SARIMA,144.4,134.19376381472364,144.4,132.69872534596567,10.206236185276367,11.701274654034336,-1.4950384687579685
RO1_PRICE,Steel Reinforcement Bars,2026-02-01,2026-05-01,3,VECM,SARIMA,703.9,655.3874299541025,703.9,633.4593708573179,48.51257004589752,70.44062914268204,-21.928059096784523
RO1_PRICE,Cement,2026-03-01,2026-04-01,1,VECM,SARIMA,124.7,123.1417805677645,124.7,123.85157421210438,1.5582194322355036,0.8484257878956214,0.7097936443398822
RO1_PRICE,Concreting Sand,2026-03-01,2026-04-01,1,VECM,SARIMA,29.0,31.812596394676447,29.0,27.99471491054881,2.812596394676447,1.0052850894511884,1.8073113052252587
RO1_PRICE,Granite,2026-03-01,2026-04-01,1,VECM,SARIMA,25.0,29.616563629458877,25.0,23.375003231722854,4.616563629458877,1.6249967682771462,2.991566861181731
RO1_PRICE,Ready-Mixed Concrete,2026-03-01,2026-04-01,1,VECM,SARIMA,145.6,155.3970823464452,145.6,145.14498179555568,9.797082346445194,0.45501820444431473,9.34206414200088
RO1_PRICE,Steel Reinforcement Bars,2026-03-01,2026-04-01,1,VECM,SARIMA,701.9,708.0062960363535,701.9,686.1367551309148,6.106296036353569,15.763244869085156,-9.656948832731587
RO1_PRICE,Cement,2026-03-01,2026-06-01,3,VECM,SARIMA,124.15,124.82926367895688,124.15,126.99453862931476,0.6792636789568718,2.844538629314755,-2.165274950357883
RO1_PRICE,Concreting Sand,2026-03-01,2026-06-01,3,VECM,SARIMA,28.6,33.08855702293393,28.6,27.55656681167587,4.488557022933925,1.04343318832413,3.445123834609795
RO1_PRICE,Granite,2026-03-01,2026-06-01,3,VECM,SARIMA,24.3,28.372300828445475,24.3,22.25372441382727,4.072300828445474,2.0462755861727295,2.0260252422727447
RO1_PRICE,Ready-Mixed Concrete,2026-03-01,2026-06-01,3,VECM,SARIMA,143.3,157.88604667106995,143.3,143.97461237888737,14.586046671069937,0.6746123788873604,13.911434292182577
RO1_PRICE,Steel Reinforcement Bars,2026-03-01,2026-06-01,3,VECM,SARIMA,708.0,759.5617095694831,708.0,691.8956378479927,51.56170956948313,16.104362152007297,35.45734741747583
RO1_PRICE,Cement,2026-04-01,2026-05-01,1,VECM,SARIMA,125.8,126.26616350972546,125.8,126.87097647302112,0.4661635097254617,1.070976473021119,-0.6048129632956574
RO1_PRICE,Concreting Sand,2026-04-01,2026-05-01,1,VECM,SARIMA,28.6,29.37535092702702,28.6,29.12708728005125,0.77535092702702,0.5270872800512478,0.2482636469757722
RO1_PRICE,Granite,2026-04-01,2026-05-01,1,VECM,SARIMA,24.5,25.25913616170726,24.5,23.82312529167044,0.7591361617072607,0.6768747083295601,0.08226145337770063
RO1_PRICE,Ready-Mixed Concrete,2026-04-01,2026-05-01,1,VECM,SARIMA,144.4,147.09030790950095,144.4,145.1418811539058,2.6903079095009446,0.7418811539058083,1.9484267555951362
RO1_PRICE,Steel Reinforcement Bars,2026-04-01,2026-05-01,1,VECM,SARIMA,703.9,731.7832413759589,703.9,720.949857436598,27.88324137595896,17.049857436598018,10.833383939360942
RO1_PRICE,Cement,2026-05-01,2026-06-01,1,VECM,SARIMA,124.15,126.3006433633674,124.15,127.00337528815427,2.1506433633673936,2.853375288154268,-0.7027319247868746
RO1_PRICE,Concreting Sand,2026-05-01,2026-06-01,1,VECM,SARIMA,28.6,28.28900958331362,28.6,28.17392389526973,0.31099041668637994,0.4260761047302708,-0.11508568804389085
RO1_PRICE,Granite,2026-05-01,2026-06-01,1,VECM,SARIMA,24.3,23.795996719907308,24.3,23.76908818602888,0.504003280092693,0.5309118139711195,-0.02690853387842651
RO1_PRICE,Ready-Mixed Concrete,2026-05-01,2026-06-01,1,VECM,SARIMA,143.3,143.67389394716636,143.3,143.6211111709759,0.3738939471663514,0.3211111709758825,0.052782776190468894
RO1_PRICE,Steel Reinforcement Bars,2026-05-01,2026-06-01,1,VECM,SARIMA,708.0,705.05305533884,708.0,695.9483976229789,2.946944661160046,12.05160237702114,-9.104657715861094
RO1_PRICE,Cement,2024-07-01,2024-08-01,1,VECM,SeasonalNaive,108.4,108.46494476857438,108.4,114.4,0.06494476857437803,6.0,-5.935055231425622
RO1_PRICE,Concreting Sand,2024-07-01,2024-08-01,1,VECM,SeasonalNaive,27.7,26.67344888599503,27.7,29.4,1.0265511140049703,1.6999999999999993,-0.673448885995029
RO1_PRICE,Granite,2024-07-01,2024-08-01,1,VECM,SeasonalNaive,22.8,21.565708796626005,22.8,18.5,1.2342912033739957,4.300000000000001,-3.065708796626005
RO1_PRICE,Ready-Mixed Concrete,2024-07-01,2024-08-01,1,VECM,SeasonalNaive,119.9,118.22668217815422,119.9,116.4,1.6733178218457851,3.5,-1.8266821781542149
RO1_PRICE,Steel Reinforcement Bars,2024-07-01,2024-08-01,1,VECM,SeasonalNaive,786.2,799.9919127756609,786.2,832.6,13.791912775660876,46.39999999999998,-32.6080872243391
RO1_PRICE,Cement,2024-07-01,2024-10-01,3,VECM,SeasonalNaive,107.4,107.87581766371687,107.4,113.2,0.4758176637168674,5.799999999999997,-5.32418233628313
RO1_PRICE,Concreting Sand,2024-07-01,2024-10-01,3,VECM,SeasonalNaive,27.7,26.65818944468853,27.7,29.3,1.0418105553114678,1.6000000000000014,-0.5581894446885336
RO1_PRICE,Granite,2024-07-01,2024-10-01,3,VECM,SeasonalNaive,22.4,21.38533378884086,22.4,19.5,1.0146662111591382,2.8999999999999986,-1.8853337888408603
RO1_PRICE,Ready-Mixed Concrete,2024-07-01,2024-10-01,3,VECM,SeasonalNaive,120.3,117.84355407738758,120.3,116.4,2.456445922612417,3.8999999999999915,-1.4435540773875744
RO1_PRICE,Steel Reinforcement Bars,2024-07-01,2024-10-01,3,VECM,SeasonalNaive,753.6,802.3070060499483,753.6,827.4,48.70700604994829,73.79999999999995,-25.092993950051664
RO1_PRICE,Cement,2024-07-01,2025-01-01,6,VECM,SeasonalNaive,104.4,107.35899475780812,104.4,110.6,2.9589947578081137,6.199999999999989,-3.241005242191875
RO1_PRICE,Concreting Sand,2024-07-01,2025-01-01,6,VECM,SeasonalNaive,27.4,26.645804286619544,27.4,28.1,0.7541957133804544,0.7000000000000028,0.05419571338045159
RO1_PRICE,Granite,2024-07-01,2025-01-01,6,VECM,SeasonalNaive,22.6,21.45624900399648,22.6,22.3,1.1437509960035221,0.3000000000000007,0.8437509960035214
RO1_PRICE,Ready-Mixed Concrete,2024-07-01,2025-01-01,6,VECM,SeasonalNaive,119.9,117.69805249350864,119.9,118.1,2.201947506491365,1.8000000000000114,0.4019475064913536
RO1_PRICE,Steel Reinforcement Bars,2024-07-01,2025-01-01,6,VECM,SeasonalNaive,724.1,814.2266883566137,724.1,833.7,90.12668835661373,109.60000000000002,-19.473311643386296
RO1_PRICE,Cement,2024-07-01,2025-07-01,12,VECM,SeasonalNaive,101.1,107.00924393541128,101.1,109.0,5.909243935411283,7.900000000000006,-1.990756064588723
RO1_PRICE,Concreting Sand,2024-07-01,2025-07-01,12,VECM,SeasonalNaive,26.7,26.507613024669453,26.7,27.5,0.19238697533054605,0.8000000000000007,-0.6076130246694547
RO1_PRICE,Granite,2024-07-01,2025-07-01,12,VECM,SeasonalNaive,21.7,21.36776561394344,21.7,23.0,0.33223438605655886,1.3000000000000007,-0.9677656139434418
RO1_PRICE,Ready-Mixed Concrete,2024-07-01,2025-07-01,12,VECM,SeasonalNaive,119.8,117.23853400822148,119.8,120.5,2.561465991778519,0.7000000000000028,1.8614659917785161
RO1_PRICE,Steel Reinforcement Bars,2024-07-01,2025-07-01,12,VECM,SeasonalNaive,689.3,836.8410800835627,689.3,801.2,147.54108008356275,111.90000000000009,35.641080083562656
RO1_PRICE,Cement,2024-08-01,2024-09-01,1,VECM,SeasonalNaive,108.0,107.97009405467404,108.0,113.5,0.029905945325964467,5.5,-5.4700940546740355
RO1_PRICE,Concreting Sand,2024-08-01,2024-09-01,1,VECM,SeasonalNaive,27.6,27.59581457316012,27.6,29.5,0.004185426839882211,1.8999999999999986,-1.8958145731601164
RO1_PRICE,Granite,2024-08-01,2024-09-01,1,VECM,SeasonalNaive,22.5,22.203662338455743,22.5,18.6,0.296337661544257,3.8999999999999986,-3.6036623384557416
RO1_PRICE,Ready-Mixed Concrete,2024-08-01,2024-09-01,1,VECM,SeasonalNaive,120.5,119.11396226253282,120.5,116.6,1.386037737467177,3.9000000000000057,-2.5139622625328286
RO1_PRICE,Steel Reinforcement Bars,2024-08-01,2024-09-01,1,VECM,SeasonalNaive,771.9,776.8840653659652,771.9,830.1,4.9840653659651935,58.200000000000045,-53.21593463403485
RO1_PRICE,Cement,2024-08-01,2024-11-01,3,VECM,SeasonalNaive,106.4,107.301183723476,106.4,112.0,0.9011837234759952,5.599999999999994,-4.698816276523999
RO1_PRICE,Concreting Sand,2024-08-01,2024-11-01,3,VECM,SeasonalNaive,27.7,27.674632309670866,27.7,29.6,0.025367690329133552,1.9000000000000021,-1.8746323096708686
RO1_PRICE,Granite,2024-08-01,2024-11-01,3,VECM,SeasonalNaive,22.4,21.923748473905743,22.4,20.3,0.4762515260942557,2.099999999999998,-1.6237484739057422
RO1_PRICE,Ready-Mixed Concrete,2024-08-01,2024-11-01,3,VECM,SeasonalNaive,120.3,118.76451325788732,120.3,115.4,1.5354867421126812,4.8999999999999915,-3.3645132578873103
RO1_PRICE,Steel Reinforcement Bars,2024-08-01,2024-11-01,3,VECM,SeasonalNaive,751.1,774.9408247316796,751.1,826.7,23.840824731679618,75.60000000000002,-51.759175268320405
RO1_PRICE,Cement,2024-08-01,2025-02-01,6,VECM,SeasonalNaive,104.2,106.66345238120276,104.2,110.6,2.4634523812027567,6.3999999999999915,-3.936547618797235
RO1_PRICE,Concreting Sand,2024-08-01,2025-02-01,6,VECM,SeasonalNaive,27.6,27.540143792366585,27.6,28.3,0.05985620763341615,0.6999999999999993,-0.6401437923665831
RO1_PRICE,Granite,2024-08-01,2025-02-01,6,VECM,SeasonalNaive,22.2,21.60596650511851,22.2,22.2,0.59403349488149,0.0,0.59403349488149
RO1_PRICE,Ready-Mixed Concrete,2024-08-01,2025-02-01,6,VECM,SeasonalNaive,119.2,118.02341818762036,119.2,118.0,1.1765818123796379,1.2000000000000028,-0.02341818762036496
RO1_PRICE,Steel Reinforcement Bars,2024-08-01,2025-02-01,6,VECM,SeasonalNaive,706.3,792.2321809139523,706.3,829.6,85.93218091395238,123.30000000000007,-37.36781908604769
RO1_PRICE,Cement,2024-08-01,2025-08-01,12,VECM,SeasonalNaive,101.5,106.28437424000384,101.5,108.4,4.784374240003842,6.900000000000006,-2.1156257599961634
RO1_PRICE,Concreting Sand,2024-08-01,2025-08-01,12,VECM,SeasonalNaive,26.7,26.99172860683716,26.7,27.7,0.29172860683716095,1.0,-0.708271393162839
RO1_PRICE,Granite,2024-08-01,2025-08-01,12,VECM,SeasonalNaive,21.7,21.27780005815132,21.7,22.8,0.42219994184867815,1.1000000000000014,-0.6778000581513233
RO1_PRICE,Ready-Mixed Concrete,2024-08-01,2025-08-01,12,VECM,SeasonalNaive,120.4,116.57041669080108,120.4,119.9,3.8295833091989238,0.5,3.3295833091989238
RO1_PRICE,Steel Reinforcement Bars,2024-08-01,2025-08-01,12,VECM,SeasonalNaive,681.5,831.1670810781725,681.5,786.2,149.6670810781725,104.70000000000005,44.96708107817244
RO1_PRICE,Cement,2024-09-01,2024-10-01,1,VECM,SeasonalNaive,107.4,107.59463829475985,107.4,113.2,0.19463829475984085,5.799999999999997,-5.605361705240156
RO1_PRICE,Concreting Sand,2024-09-01,2024-10-01,1,VECM,SeasonalNaive,27.7,27.800909076485944,27.7,29.3,0.10090907648594438,1.6000000000000014,-1.499090923514057
RO1_PRICE,Granite,2024-09-01,2024-10-01,1,VECM,SeasonalNaive,22.4,22.517549406441653,22.4,19.5,0.11754940644165401,2.8999999999999986,-2.7824505935583446
RO1_PRICE,Ready-Mixed Concrete,2024-09-01,2024-10-01,1,VECM,SeasonalNaive,120.3,120.80548247503928,120.3,116.4,0.5054824750392868,3.8999999999999915,-3.3945175249607047
RO1_PRICE,Steel Reinforcement Bars,2024-09-01,2024-10-01,1,VECM,SeasonalNaive,753.6,767.8869735994631,753.6,827.4,14.286973599463067,73.79999999999995,-59.51302640053689
RO1_PRICE,Cement,2024-09-01,2024-12-01,3,VECM,SeasonalNaive,105.8,107.07296040146385,105.8,111.7,1.2729604014638483,5.900000000000006,-4.627039598536157
RO1_PRICE,Concreting Sand,2024-09-01,2024-12-01,3,VECM,SeasonalNaive,27.7,27.758160903550163,27.7,27.9,0.05816090355016357,0.1999999999999993,-0.14183909644983572
RO1_PRICE,Granite,2024-09-01,2024-12-01,3,VECM,SeasonalNaive,22.6,22.0165817338083,22.6,21.2,0.5834182661916998,1.4000000000000021,-0.8165817338083023
RO1_PRICE,Ready-Mixed Concrete,2024-09-01,2024-12-01,3,VECM,SeasonalNaive,120.5,120.15378358201514,120.5,115.4,0.3462164179848628,5.099999999999994,-4.7537835820151315
RO1_PRICE,Steel Reinforcement Bars,2024-09-01,2024-12-01,3,VECM,SeasonalNaive,735.9,772.278808315674,735.9,819.7,36.378808315674064,83.80000000000007,-47.421191684326004
RO1_PRICE,Cement,2024-09-01,2025-03-01,6,VECM,SeasonalNaive,103.9,106.71118336210372,103.9,110.8,2.811183362103719,6.8999999999999915,-4.088816637896272
RO1_PRICE,Concreting Sand,2024-09-01,2025-03-01,6,VECM,SeasonalNaive,27.3,27.42244925197337,27.3,28.1,0.12244925197336798,0.8000000000000007,-0.6775507480266327
RO1_PRICE,Granite,2024-09-01,2025-03-01,6,VECM,SeasonalNaive,22.3,21.505678545877387,22.3,22.4,0.7943214541226133,0.09999999999999787,0.6943214541226155
RO1_PRICE,Ready-Mixed Concrete,2024-09-01,2025-03-01,6,VECM,SeasonalNaive,119.6,118.95276211260732,119.6,118.0,0.6472378873926772,1.5999999999999943,-0.9527621126073171
RO1_PRICE,Steel Reinforcement Bars,2024-09-01,2025-03-01,6,VECM,SeasonalNaive,701.3,792.7544910852735,701.3,821.7,91.4544910852735,120.40000000000009,-28.945508914726588
RO1_PRICE,Cement,2024-09-01,2025-09-01,12,VECM,SeasonalNaive,102.2,106.59064070294072,102.2,108.0,4.390640702940715,5.799999999999997,-1.4093592970592823
RO1_PRICE,Concreting Sand,2024-09-01,2025-09-01,12,VECM,SeasonalNaive,26.4,26.60325183125077,26.4,27.6,0.20325183125077118,1.2000000000000028,-0.9967481687492317
RO1_PRICE,Granite,2024-09-01,2025-09-01,12,VECM,SeasonalNaive,21.7,21.16546737857204,21.7,22.5,0.5345326214279602,0.8000000000000007,-0.2654673785720405
RO1_PRICE,Ready-Mixed Concrete,2024-09-01,2025-09-01,12,VECM,SeasonalNaive,120.7,117.06970341883483,120.7,120.5,3.630296581165169,0.20000000000000284,3.430296581165166
RO1_PRICE,Steel Reinforcement Bars,2024-09-01,2025-09-01,12,VECM,SeasonalNaive,684.2,830.6227072481706,684.2,771.9,146.42270724817058,87.69999999999993,58.72270724817065
RO1_PRICE,Cement,2024-10-01,2024-11-01,1,VECM,SeasonalNaive,106.4,106.93602421077895,106.4,112.0,0.5360242107789475,5.599999999999994,-5.063975789221047
RO1_PRICE,Concreting Sand,2024-10-01,2024-11-01,1,VECM,SeasonalNaive,27.7,27.589737413109447,27.7,29.6,0.11026258689055268,1.9000000000000021,-1.7897374131094494
RO1_PRICE,Granite,2024-10-01,2024-11-01,1,VECM,SeasonalNaive,22.4,22.02799258739853,22.4,20.3,0.3720074126014694,2.099999999999998,-1.7279925873985285
RO1_PRICE,Ready-Mixed Concrete,2024-10-01,2024-11-01,1,VECM,SeasonalNaive,120.3,119.64897094962808,120.3,115.4,0.6510290503719176,4.8999999999999915,-4.248970949628074
RO1_PRICE,Steel Reinforcement Bars,2024-10-01,2024-11-01,1,VECM,SeasonalNaive,751.1,744.5931865888638,751.1,826.7,6.50681341113625,75.60000000000002,-69.09318658886377
RO1_PRICE,Cement,2024-10-01,2025-01-01,3,VECM,SeasonalNaive,104.4,106.2522825437155,104.4,110.6,1.8522825437154893,6.199999999999989,-4.347717456284499
RO1_PRICE,Concreting Sand,2024-10-01,2025-01-01,3,VECM,SeasonalNaive,27.4,27.338535447888084,27.4,28.1,0.06146455211191437,0.7000000000000028,-0.6385354478880885
RO1_PRICE,Granite,2024-10-01,2025-01-01,3,VECM,SeasonalNaive,22.6,21.51374478900889,22.6,22.3,1.086255210991112,0.3000000000000007,0.7862552109911114
RO1_PRICE,Ready-Mixed Concrete,2024-10-01,2025-01-01,3,VECM,SeasonalNaive,119.9,118.5237160072131,119.9,118.1,1.3762839927869095,1.8000000000000114,-0.4237160072131019
RO1_PRICE,Steel Reinforcement Bars,2024-10-01,2025-01-01,3,VECM,SeasonalNaive,724.1,745.3452508946025,724.1,833.7,21.245250894602464,109.60000000000002,-88.35474910539756
RO1_PRICE,Cement,2024-10-01,2025-04-01,6,VECM,SeasonalNaive,103.6,105.6356917911039,103.6,110.2,2.0356917911039005,6.6000000000000085,-4.564308208896108
RO1_PRICE,Concreting Sand,2024-10-01,2025-04-01,6,VECM,SeasonalNaive,26.8,26.88854635830184,26.8,27.9,0.08854635830184066,1.0999999999999979,-1.0114536416981572
RO1_PRICE,Granite,2024-10-01,2025-04-01,6,VECM,SeasonalNaive,22.2,21.12709441286848,22.2,22.3,1.072905587131519,0.10000000000000142,0.9729055871315175
RO1_PRICE,Ready-Mixed Concrete,2024-10-01,2025-04-01,6,VECM,SeasonalNaive,119.9,117.13534051124664,119.9,119.2,2.7646594887533666,0.7000000000000028,2.064659488753364
RO1_PRICE,Steel Reinforcement Bars,2024-10-01,2025-04-01,6,VECM,SeasonalNaive,701.0,767.8865952812295,701.0,819.4,66.88659528122946,118.39999999999998,-51.513404718770516
RO1_PRICE,Cement,2024-10-01,2025-10-01,12,VECM,SeasonalNaive,104.0,105.25923841736608,104.0,107.4,1.2592384173660776,3.4000000000000057,-2.140761582633928
RO1_PRICE,Concreting Sand,2024-10-01,2025-10-01,12,VECM,SeasonalNaive,26.7,26.087840341835005,26.7,27.7,0.6121596581649946,1.0,-0.3878403418350054
RO1_PRICE,Granite,2024-10-01,2025-10-01,12,VECM,SeasonalNaive,21.9,20.88658423930938,21.9,22.4,1.01341576069062,0.5,0.51341576069062
RO1_PRICE,Ready-Mixed Concrete,2024-10-01,2025-10-01,12,VECM,SeasonalNaive,120.6,115.2907944799004,120.6,120.3,5.309205520099596,0.29999999999999716,5.009205520099599
RO1_PRICE,Steel Reinforcement Bars,2024-10-01,2025-10-01,12,VECM,SeasonalNaive,678.0,812.4664631048529,678.0,753.6,134.4664631048529,75.60000000000002,58.86646310485287
RO1_PRICE,Cement,2024-11-01,2024-12-01,1,VECM,SeasonalNaive,105.8,105.87450099311476,105.8,111.7,0.07450099311476777,5.900000000000006,-5.825499006885238
RO1_PRICE,Concreting Sand,2024-11-01,2024-12-01,1,VECM,SeasonalNaive,27.7,27.49152528321946,27.7,27.9,0.20847471678053964,0.1999999999999993,0.008474716780540348
RO1_PRICE,Granite,2024-11-01,2024-12-01,1,VECM,SeasonalNaive,22.6,21.856516995880696,22.6,21.2,0.7434830041193052,1.4000000000000021,-0.6565169958806969
RO1_PRICE,Ready-Mixed Concrete,2024-11-01,2024-12-01,1,VECM,SeasonalNaive,120.5,119.3766087875088,120.5,115.4,1.1233912124911996,5.099999999999994,-3.9766087875087948
RO1_PRICE,Steel Reinforcement Bars,2024-11-01,2024-12-01,1,VECM,SeasonalNaive,735.9,750.8876422245246,735.9,819.7,14.98764222452462,83.80000000000007,-68.81235777547545
RO1_PRICE,Cement,2024-11-01,2025-02-01,3,VECM,SeasonalNaive,104.2,105.39305071224544,104.2,110.6,1.1930507122454372,6.3999999999999915,-5.206949287754554
RO1_PRICE,Concreting Sand,2024-11-01,2025-02-01,3,VECM,SeasonalNaive,27.6,27.142818534293923,27.6,28.3,0.4571814657060784,0.6999999999999993,-0.24281853429392086
RO1_PRICE,Granite,2024-11-01,2025-02-01,3,VECM,SeasonalNaive,22.2,21.27451510508344,22.2,22.2,0.9254848949165577,0.0,0.9254848949165577
RO1_PRICE,Ready-Mixed Concrete,2024-11-01,2025-02-01,3,VECM,SeasonalNaive,119.2,118.04936318972771,119.2,118.0,1.1506368102722888,1.2000000000000028,-0.04936318972771403
RO1_PRICE,Steel Reinforcement Bars,2024-11-01,2025-02-01,3,VECM,SeasonalNaive,706.3,758.6508029734625,706.3,829.6,52.35080297346258,123.30000000000007,-70.94919702653749
RO1_PRICE,Cement,2024-11-01,2025-05-01,6,VECM,SeasonalNaive,103.3,105.08429425181092,103.3,110.2,1.7842942518109197,6.900000000000006,-5.115705748189086
RO1_PRICE,Concreting Sand,2024-11-01,2025-05-01,6,VECM,SeasonalNaive,27.1,26.522471151983492,27.1,27.9,0.5775288480165095,0.7999999999999972,-0.22247115198348766
RO1_PRICE,Granite,2024-11-01,2025-05-01,6,VECM,SeasonalNaive,22.0,20.87037474605946,22.0,22.1,1.1296252539405387,0.10000000000000142,1.0296252539405373
RO1_PRICE,Ready-Mixed Concrete,2024-11-01,2025-05-01,6,VECM,SeasonalNaive,120.0,116.42015235006193,120.0,120.4,3.579847649938074,0.4000000000000057,3.1798476499380683
RO1_PRICE,Steel Reinforcement Bars,2024-11-01,2025-05-01,6,VECM,SeasonalNaive,696.6,781.644493695668,696.6,812.5,85.04449369566794,115.89999999999998,-30.85550630433204
RO1_PRICE,Cement,2024-11-01,2025-11-01,12,VECM,SeasonalNaive,110.0,104.9485812455966,110.0,106.4,5.0514187544034,3.5999999999999943,1.4514187544034058
RO1_PRICE,Concreting Sand,2024-11-01,2025-11-01,12,VECM,SeasonalNaive,27.0,25.643282340688344,27.0,27.7,1.3567176593116557,0.6999999999999993,0.6567176593116564
RO1_PRICE,Granite,2024-11-01,2025-11-01,12,VECM,SeasonalNaive,22.3,20.74189123512722,22.3,22.4,1.558108764872781,0.09999999999999787,1.458108764872783
RO1_PRICE,Ready-Mixed Concrete,2024-11-01,2025-11-01,12,VECM,SeasonalNaive,124.9,114.6053702676983,124.9,120.3,10.2946297323017,4.6000000000000085,5.694629732301692
RO1_PRICE,Steel Reinforcement Bars,2024-11-01,2025-11-01,12,VECM,SeasonalNaive,666.2,817.9409072156036,666.2,751.1,151.74090721560356,84.89999999999998,66.84090721560358
RO1_PRICE,Cement,2024-12-01,2025-01-01,1,VECM,SeasonalNaive,104.4,105.34883300669468,104.4,110.6,0.9488330066946702,6.199999999999989,-5.251166993305318
RO1_PRICE,Concreting Sand,2024-12-01,2025-01-01,1,VECM,SeasonalNaive,27.4,27.33463954238596,27.4,28.1,0.06536045761403741,0.7000000000000028,-0.6346395423859654
RO1_PRICE,Granite,2024-12-01,2025-01-01,1,VECM,SeasonalNaive,22.6,21.85229340840765,22.6,22.3,0.7477065915923511,0.3000000000000007,0.4477065915923504
RO1_PRICE,Ready-Mixed Concrete,2024-12-01,2025-01-01,1,VECM,SeasonalNaive,119.9,119.22016269396173,119.9,118.1,0.6798373060382801,1.8000000000000114,-1.1201626939617313
RO1_PRICE,Steel Reinforcement Bars,2024-12-01,2025-01-01,1,VECM,SeasonalNaive,724.1,729.496276762954,724.1,833.7,5.396276762954017,109.60000000000002,-104.203723237046
RO1_PRICE,Cement,2024-12-01,2025-03-01,3,VECM,SeasonalNaive,103.9,104.79329171094676,103.9,110.8,0.8932917109467553,6.8999999999999915,-6.006708289053236
RO1_PRICE,Concreting Sand,2024-12-01,2025-03-01,3,VECM,SeasonalNaive,27.3,26.87399113126872,27.3,28.1,0.4260088687312802,0.8000000000000007,-0.3739911312687205
RO1_PRICE,Granite,2024-12-01,2025-03-01,3,VECM,SeasonalNaive,22.3,21.10292376810895,22.3,22.4,1.1970762318910495,0.09999999999999787,1.0970762318910516
RO1_PRICE,Ready-Mixed Concrete,2024-12-01,2025-03-01,3,VECM,SeasonalNaive,119.6,117.5599963901438,119.6,118.0,2.0400036098561998,1.5999999999999943,0.44000360985620546
RO1_PRICE,Steel Reinforcement Bars,2024-12-01,2025-03-01,3,VECM,SeasonalNaive,701.3,733.1038515778904,701.3,821.7,31.80385157789044,120.40000000000009,-88.59614842210965
RO1_PRICE,Cement,2024-12-01,2025-06-01,6,VECM,SeasonalNaive,102.8,104.33599712191932,102.8,109.6,1.5359971219193227,6.799999999999997,-5.2640028780806745
RO1_PRICE,Concreting Sand,2024-12-01,2025-06-01,6,VECM,SeasonalNaive,26.7,26.19132604596216,26.7,28.0,0.5086739540378389,1.3000000000000007,-0.7913260459621618
RO1_PRICE,Granite,2024-12-01,2025-06-01,6,VECM,SeasonalNaive,22.0,20.68022725101516,22.0,22.2,1.319772748984839,0.1999999999999993,1.1197727489848397
RO1_PRICE,Ready-Mixed Concrete,2024-12-01,2025-06-01,6,VECM,SeasonalNaive,120.4,115.75053768029544,120.4,120.0,4.649462319704568,0.4000000000000057,4.249462319704563
RO1_PRICE,Steel Reinforcement Bars,2024-12-01,2025-06-01,6,VECM,SeasonalNaive,688.6,757.6435443115583,688.6,805.7,69.04354431155832,117.10000000000002,-48.0564556884417
RO1_PRICE,Cement,2024-12-01,2025-12-01,12,VECM,SeasonalNaive,115.9,104.07174851820614,115.9,105.8,11.82825148179387,10.100000000000009,1.728251481793862
RO1_PRICE,Concreting Sand,2024-12-01,2025-12-01,12,VECM,SeasonalNaive,26.8,25.219996803518704,26.8,27.7,1.5800031964812966,0.8999999999999986,0.680003196481298
RO1_PRICE,Granite,2024-12-01,2025-12-01,12,VECM,SeasonalNaive,22.8,20.52475124051301,22.8,22.6,2.275248759486992,0.1999999999999993,2.0752487594869926
RO1_PRICE,Ready-Mixed Concrete,2024-12-01,2025-12-01,12,VECM,SeasonalNaive,129.5,113.70049744209976,129.5,120.5,15.79950255790024,9.0,6.79950255790024
RO1_PRICE,Steel Reinforcement Bars,2024-12-01,2025-12-01,12,VECM,SeasonalNaive,660.3,800.9080398717642,660.3,735.9,140.60803987176428,75.60000000000002,65.00803987176425
RO1_PRICE,Cement,2025-01-01,2025-02-01,1,VECM,SeasonalNaive,104.2,103.6807509897838,104.2,110.6,0.5192490102161997,6.3999999999999915,-5.880750989783792
RO1_PRICE,Concreting Sand,2025-01-01,2025-02-01,1,VECM,SeasonalNaive,27.6,26.68943878000977,27.6,28.3,0.9105612199902318,0.6999999999999993,0.21056121999023247
RO1_PRICE,Granite,2025-01-01,2025-02-01,1,VECM,SeasonalNaive,22.2,21.25039737084884,22.2,22.2,0.9496026291511583,0.0,0.9496026291511583
RO1_PRICE,Ready-Mixed Concrete,2025-01-01,2025-02-01,1,VECM,SeasonalNaive,119.2,117.5210538883736,119.2,118.0,1.6789461116264022,1.2000000000000028,0.47894611162639933
RO1_PRICE,Steel Reinforcement Bars,2025-01-01,2025-02-01,1,VECM,SeasonalNaive,706.3,716.0916441503625,706.3,829.6,9.791644150362572,123.30000000000007,-113.5083558496375
RO1_PRICE,Cement,2025-01-01,2025-04-01,3,VECM,SeasonalNaive,103.6,103.0375811026898,103.6,110.2,0.5624188973101951,6.6000000000000085,-6.037581102689813
RO1_PRICE,Concreting Sand,2025-01-01,2025-04-01,3,VECM,SeasonalNaive,26.8,26.065032803790302,26.8,27.9,0.7349671962096984,1.0999999999999979,-0.36503280379029945
RO1_PRICE,Granite,2025-01-01,2025-04-01,3,VECM,SeasonalNaive,22.2,20.47152912977725,22.2,22.3,1.7284708702227505,0.10000000000000142,1.628470870222749
RO1_PRICE,Ready-Mixed Concrete,2025-01-01,2025-04-01,3,VECM,SeasonalNaive,119.9,115.42918673990148,119.9,119.2,4.470813260098524,0.7000000000000028,3.770813260098521
RO1_PRICE,Steel Reinforcement Bars,2025-01-01,2025-04-01,3,VECM,SeasonalNaive,701.0,715.6946352990454,701.0,819.4,14.694635299045444,118.39999999999998,-103.70536470095453
RO1_PRICE,Cement,2025-01-01,2025-07-01,6,VECM,SeasonalNaive,101.1,102.53872764939403,101.1,109.0,1.438727649394039,7.900000000000006,-6.461272350605967
RO1_PRICE,Concreting Sand,2025-01-01,2025-07-01,6,VECM,SeasonalNaive,26.7,25.155334158835977,26.7,27.5,1.5446658411640222,0.8000000000000007,0.7446658411640215
RO1_PRICE,Granite,2025-01-01,2025-07-01,6,VECM,SeasonalNaive,21.7,20.069160980078323,21.7,23.0,1.6308390199216767,1.3000000000000007,0.33083901992167597
RO1_PRICE,Ready-Mixed Concrete,2025-01-01,2025-07-01,6,VECM,SeasonalNaive,119.8,113.20161512782778,119.8,120.5,6.598384872172218,0.7000000000000028,5.898384872172215
RO1_PRICE,Steel Reinforcement Bars,2025-01-01,2025-07-01,6,VECM,SeasonalNaive,689.3,738.3528490557798,689.3,801.2,49.0528490557798,111.90000000000009,-62.84715094422029
RO1_PRICE,Cement,2025-01-01,2026-01-01,12,VECM,SeasonalNaive,118.6,102.18054477851064,118.6,104.4,16.419455221489358,14.199999999999989,2.219455221489369
RO1_PRICE,Concreting Sand,2025-01-01,2026-01-01,12,VECM,SeasonalNaive,26.7,24.107448848440576,26.7,27.4,2.592551151559423,0.6999999999999993,1.8925511515594238
RO1_PRICE,Granite,2025-01-01,2026-01-01,12,VECM,SeasonalNaive,22.7,20.0359071978732,22.7,22.6,2.664092802126799,0.09999999999999787,2.564092802126801
RO1_PRICE,Ready-Mixed Concrete,2025-01-01,2026-01-01,12,VECM,SeasonalNaive,128.6,111.08522777253609,128.6,119.9,17.514772227463908,8.699999999999989,8.81477222746392
RO1_PRICE,Steel Reinforcement Bars,2025-01-01,2026-01-01,12,VECM,SeasonalNaive,648.0,781.2689650668983,648.0,724.1,133.26896506689832,76.10000000000002,57.168965066898295
RO1_PRICE,Cement,2025-02-01,2025-03-01,1,VECM,SeasonalNaive,103.9,103.95340291506082,103.9,110.8,0.05340291506081485,6.8999999999999915,-6.846597084939177
RO1_PRICE,Concreting Sand,2025-02-01,2025-03-01,1,VECM,SeasonalNaive,27.3,27.464869439233425,27.3,28.1,0.16486943923342423,0.8000000000000007,-0.6351305607665765
RO1_PRICE,Granite,2025-02-01,2025-03-01,1,VECM,SeasonalNaive,22.3,21.777244271772357,22.3,22.4,0.5227557282276436,0.09999999999999787,0.42275572822764573
RO1_PRICE,Ready-Mixed Concrete,2025-02-01,2025-03-01,1,VECM,SeasonalNaive,119.6,118.42498233633783,119.6,118.0,1.1750176636621603,1.5999999999999943,-0.424982336337834
RO1_PRICE,Steel Reinforcement Bars,2025-02-01,2025-03-01,1,VECM,SeasonalNaive,701.3,699.6296672825109,701.3,821.7,1.670332717489032,120.40000000000009,-118.72966728251106
RO1_PRICE,Cement,2025-02-01,2025-05-01,3,VECM,SeasonalNaive,103.3,103.44992392996616,103.3,110.2,0.14992392996616388,6.900000000000006,-6.750076070033842
RO1_PRICE,Concreting Sand,2025-02-01,2025-05-01,3,VECM,SeasonalNaive,27.1,26.96363436084912,27.1,27.9,0.13636563915088118,0.7999999999999972,-0.663634360849116
RO1_PRICE,Granite,2025-02-01,2025-05-01,3,VECM,SeasonalNaive,22.0,21.032812706340856,22.0,22.1,0.9671872936591441,0.10000000000000142,0.8671872936591427
RO1_PRICE,Ready-Mixed Concrete,2025-02-01,2025-05-01,3,VECM,SeasonalNaive,120.0,116.69844321774566,120.0,120.4,3.3015567822543375,0.4000000000000057,2.901556782254332
RO1_PRICE,Steel Reinforcement Bars,2025-02-01,2025-05-01,3,VECM,SeasonalNaive,696.6,707.5707038343189,696.6,812.5,10.970703834318897,115.89999999999998,-104.92929616568108
RO1_PRICE,Cement,2025-02-01,2025-08-01,6,VECM,SeasonalNaive,101.5,102.9802022351222,101.5,108.4,1.4802022351222064,6.900000000000006,-5.419797764877799
RO1_PRICE,Concreting Sand,2025-02-01,2025-08-01,6,VECM,SeasonalNaive,26.7,26.15787958391872,26.7,27.7,0.5421204160812785,1.0,-0.4578795839187215
RO1_PRICE,Granite,2025-02-01,2025-08-01,6,VECM,SeasonalNaive,21.7,20.478803251905543,21.7,22.8,1.2211967480944566,1.1000000000000014,0.12119674809445513
RO1_PRICE,Ready-Mixed Concrete,2025-02-01,2025-08-01,6,VECM,SeasonalNaive,120.4,114.54937147645248,120.4,119.9,5.8506285235475275,0.5,5.3506285235475275
RO1_PRICE,Steel Reinforcement Bars,2025-02-01,2025-08-01,6,VECM,SeasonalNaive,681.5,739.2933345164483,681.5,786.2,57.79333451644834,104.70000000000005,-46.906665483551706
RO1_PRICE,Cement,2025-02-01,2026-02-01,12,VECM,SeasonalNaive,119.2,102.7493037591072,119.2,104.2,16.450696240892796,15.0,1.4506962408927961
RO1_PRICE,Concreting Sand,2025-02-01,2026-02-01,12,VECM,SeasonalNaive,26.4,24.98055199298169,26.4,27.6,1.4194480070183069,1.2000000000000028,0.21944800701830403
RO1_PRICE,Granite,2025-02-01,2026-02-01,12,VECM,SeasonalNaive,22.6,20.26890803920036,22.6,22.2,2.3310919607996397,0.40000000000000213,1.9310919607996375
RO1_PRICE,Ready-Mixed Concrete,2025-02-01,2026-02-01,12,VECM,SeasonalNaive,130.0,112.0762777401046,130.0,119.2,17.9237222598954,10.799999999999997,7.123722259895402
RO1_PRICE,Steel Reinforcement Bars,2025-02-01,2026-02-01,12,VECM,SeasonalNaive,637.1,790.9236921159275,637.1,706.3,153.82369211592743,69.19999999999993,84.6236921159275
RO1_PRICE,Cement,2025-03-01,2025-04-01,1,VECM,SeasonalNaive,103.6,103.56794270413005,103.6,110.2,0.03205729586994721,6.6000000000000085,-6.567942704130061
RO1_PRICE,Concreting Sand,2025-03-01,2025-04-01,1,VECM,SeasonalNaive,26.8,26.882731112347784,26.8,27.9,0.08273111234778341,1.0999999999999979,-1.0172688876522145
RO1_PRICE,Granite,2025-03-01,2025-04-01,1,VECM,SeasonalNaive,22.2,21.55262270124552,22.2,22.3,0.6473772987544777,0.10000000000000142,0.5473772987544763
RO1_PRICE,Ready-Mixed Concrete,2025-03-01,2025-04-01,1,VECM,SeasonalNaive,119.9,118.3551130821117,119.9,119.2,1.5448869178883058,0.7000000000000028,0.844886917888303
RO1_PRICE,Steel Reinforcement Bars,2025-03-01,2025-04-01,1,VECM,SeasonalNaive,701.0,704.7041058022718,701.0,819.4,3.7041058022717834,118.39999999999998,-114.6958941977282
RO1_PRICE,Cement,2025-03-01,2025-06-01,3,VECM,SeasonalNaive,102.8,103.21948762127708,102.8,109.6,0.41948762127708505,6.799999999999997,-6.380512378722912
RO1_PRICE,Concreting Sand,2025-03-01,2025-06-01,3,VECM,SeasonalNaive,26.7,26.332289661675325,26.7,28.0,0.3677103383246738,1.3000000000000007,-0.9322896616753269
RO1_PRICE,Granite,2025-03-01,2025-06-01,3,VECM,SeasonalNaive,22.0,20.77104594923142,22.0,22.2,1.2289540507685786,0.1999999999999993,1.0289540507685793
RO1_PRICE,Ready-Mixed Concrete,2025-03-01,2025-06-01,3,VECM,SeasonalNaive,120.4,116.58034166640688,120.4,120.0,3.819658333593125,0.4000000000000057,3.4196583335931194
RO1_PRICE,Steel Reinforcement Bars,2025-03-01,2025-06-01,3,VECM,SeasonalNaive,688.6,720.4748021953767,688.6,805.7,31.874802195376674,117.10000000000002,-85.22519780462335
RO1_PRICE,Cement,2025-03-01,2025-09-01,6,VECM,SeasonalNaive,102.2,103.02484224661352,102.2,108.0,0.8248422466135139,5.799999999999997,-4.975157753386483
RO1_PRICE,Concreting Sand,2025-03-01,2025-09-01,6,VECM,SeasonalNaive,26.4,25.50449113244224,26.4,27.6,0.8955088675577585,1.2000000000000028,-0.30449113244224435
RO1_PRICE,Granite,2025-03-01,2025-09-01,6,VECM,SeasonalNaive,21.7,20.31855969714035,21.7,22.5,1.381440302859648,0.8000000000000007,0.5814403028596473
RO1_PRICE,Ready-Mixed Concrete,2025-03-01,2025-09-01,6,VECM,SeasonalNaive,120.7,114.5609554765263,120.7,120.5,6.1390445234737,0.20000000000000284,5.939044523473697
RO1_PRICE,Steel Reinforcement Bars,2025-03-01,2025-09-01,6,VECM,SeasonalNaive,684.2,751.358585275202,684.2,771.9,67.15858527520197,87.69999999999993,-20.54141472479796
RO1_PRICE,Cement,2025-03-01,2026-03-01,12,VECM,SeasonalNaive,121.9,103.01319883388692,121.9,103.9,18.886801166113088,18.0,0.8868011661130879
RO1_PRICE,Concreting Sand,2025-03-01,2026-03-01,12,VECM,SeasonalNaive,27.8,24.410292441393324,27.8,27.3,3.389707558606677,0.5,2.889707558606677
RO1_PRICE,Granite,2025-03-01,2026-03-01,12,VECM,SeasonalNaive,23.8,20.224734200632632,23.8,22.3,3.5752657993673687,1.5,2.0752657993673687
RO1_PRICE,Ready-Mixed Concrete,2025-03-01,2026-03-01,12,VECM,SeasonalNaive,143.0,112.42059102355668,143.0,119.6,30.579408976443318,23.400000000000006,7.179408976443312
RO1_PRICE,Steel Reinforcement Bars,2025-03-01,2026-03-01,12,VECM,SeasonalNaive,663.1,792.0232576492792,663.1,701.3,128.9232576492792,38.19999999999993,90.72325764927928
RO1_PRICE,Cement,2025-04-01,2025-05-01,1,VECM,SeasonalNaive,103.3,103.31260096871785,103.3,110.2,0.012600968717848104,6.900000000000006,-6.887399031282158
RO1_PRICE,Concreting Sand,2025-04-01,2025-05-01,1,VECM,SeasonalNaive,27.1,26.368280368981097,27.1,27.9,0.7317196310189047,0.7999999999999972,-0.06828036898109247
RO1_PRICE,Granite,2025-04-01,2025-05-01,1,VECM,SeasonalNaive,22.0,21.41348347879504,22.0,22.1,0.5865165212049597,0.10000000000000142,0.48651652120495825
RO1_PRICE,Ready-Mixed Concrete,2025-04-01,2025-05-01,1,VECM,SeasonalNaive,120.0,118.65839542336435,120.0,120.4,1.3416045766356461,0.4000000000000057,0.9416045766356405
RO1_PRICE,Steel Reinforcement Bars,2025-04-01,2025-05-01,1,VECM,SeasonalNaive,696.6,707.2537189938008,696.6,812.5,10.653718993800794,115.89999999999998,-105.24628100619918
RO1_PRICE,Cement,2025-04-01,2025-07-01,3,VECM,SeasonalNaive,101.1,103.1169164725845,101.1,109.0,2.016916472584512,7.900000000000006,-5.883083527415494
RO1_PRICE,Concreting Sand,2025-04-01,2025-07-01,3,VECM,SeasonalNaive,26.7,25.821435727437645,26.7,27.5,0.8785642725623539,0.8000000000000007,0.07856427256235321
RO1_PRICE,Granite,2025-04-01,2025-07-01,3,VECM,SeasonalNaive,21.7,20.668358990988068,21.7,23.0,1.0316410090119312,1.3000000000000007,-0.2683589909880695
RO1_PRICE,Ready-Mixed Concrete,2025-04-01,2025-07-01,3,VECM,SeasonalNaive,119.8,116.95974474482156,119.8,120.5,2.840255255178434,0.7000000000000028,2.140255255178431
RO1_PRICE,Steel Reinforcement Bars,2025-04-01,2025-07-01,3,VECM,SeasonalNaive,689.3,724.4580233533914,689.3,801.2,35.1580233533914,111.90000000000009,-76.74197664660869
RO1_PRICE,Cement,2025-04-01,2025-10-01,6,VECM,SeasonalNaive,104.0,103.10259179391358,104.0,107.4,0.8974082060864248,3.4000000000000057,-2.502591793913581
RO1_PRICE,Concreting Sand,2025-04-01,2025-10-01,6,VECM,SeasonalNaive,26.7,24.956839653331457,26.7,27.7,1.7431603466685424,1.0,0.7431603466685424
RO1_PRICE,Granite,2025-04-01,2025-10-01,6,VECM,SeasonalNaive,21.9,20.212558979122107,21.9,22.4,1.6874410208778912,0.5,1.1874410208778912
RO1_PRICE,Ready-Mixed Concrete,2025-04-01,2025-10-01,6,VECM,SeasonalNaive,120.6,114.93653575936312,120.6,120.3,5.66346424063687,0.29999999999999716,5.363464240636873
RO1_PRICE,Steel Reinforcement Bars,2025-04-01,2025-10-01,6,VECM,SeasonalNaive,678.0,753.0201523482867,678.0,753.6,75.02015234828673,75.60000000000002,-0.579847651713294
RO1_PRICE,Cement,2025-04-01,2026-04-01,12,VECM,SeasonalNaive,124.7,103.22502489178618,124.7,103.6,21.474975108213826,21.10000000000001,0.3749751082138175
RO1_PRICE,Concreting Sand,2025-04-01,2026-04-01,12,VECM,SeasonalNaive,29.0,23.881574371755285,29.0,26.8,5.118425628244715,2.1999999999999993,2.918425628244716
RO1_PRICE,Granite,2025-04-01,2026-04-01,12,VECM,SeasonalNaive,25.0,20.16955023372028,25.0,22.2,4.83044976627972,2.8000000000000007,2.0304497662797196
RO1_PRICE,Ready-Mixed Concrete,2025-04-01,2026-04-01,12,VECM,SeasonalNaive,145.6,112.92677184616768,145.6,119.9,32.67322815383231,25.69999999999999,6.9732281538323235
RO1_PRICE,Steel Reinforcement Bars,2025-04-01,2026-04-01,12,VECM,SeasonalNaive,701.9,786.8284101245911,701.9,701.0,84.9284101245911,0.8999999999999773,84.02841012459112
RO1_PRICE,Cement,2025-05-01,2025-06-01,1,VECM,SeasonalNaive,102.8,103.12824212914552,102.8,109.6,0.3282421291455222,6.799999999999997,-6.471757870854475
RO1_PRICE,Concreting Sand,2025-05-01,2025-06-01,1,VECM,SeasonalNaive,26.7,27.111318526011843,26.7,28.0,0.4113185260118435,1.3000000000000007,-0.8886814739881572
RO1_PRICE,Granite,2025-05-01,2025-06-01,1,VECM,SeasonalNaive,22.0,21.843600845244232,22.0,22.2,0.1563991547557677,0.1999999999999993,-0.04360084524423158
RO1_PRICE,Ready-Mixed Concrete,2025-05-01,2025-06-01,1,VECM,SeasonalNaive,120.4,119.70652148696036,120.4,120.0,0.6934785130396506,0.4000000000000057,0.2934785130396449
RO1_PRICE,Steel Reinforcement Bars,2025-05-01,2025-06-01,1,VECM,SeasonalNaive,688.6,698.5275345701209,688.6,805.7,9.927534570120883,117.10000000000002,-107.17246542987914
RO1_PRICE,Cement,2025-05-01,2025-08-01,3,VECM,SeasonalNaive,101.5,102.94905905673365,101.5,108.4,1.4490590567336454,6.900000000000006,-5.45094094326636
RO1_PRICE,Concreting Sand,2025-05-01,2025-08-01,3,VECM,SeasonalNaive,26.7,26.501438056376276,26.7,27.7,0.19856194362372293,1.0,-0.8014380563762771
RO1_PRICE,Granite,2025-05-01,2025-08-01,3,VECM,SeasonalNaive,21.7,20.939798850092032,21.7,22.8,0.7602011499079673,1.1000000000000014,-0.33979885009203414
RO1_PRICE,Ready-Mixed Concrete,2025-05-01,2025-08-01,3,VECM,SeasonalNaive,120.4,117.778851388432,120.4,119.9,2.621148611568003,0.5,2.121148611568003
RO1_PRICE,Steel Reinforcement Bars,2025-05-01,2025-08-01,3,VECM,SeasonalNaive,681.5,713.3882090826156,681.5,786.2,31.888209082615617,104.70000000000005,-72.81179091738443
RO1_PRICE,Cement,2025-05-01,2025-11-01,6,VECM,SeasonalNaive,110.0,102.9138913081118,110.0,106.4,7.0861086918881995,3.5999999999999943,3.486108691888205
RO1_PRICE,Concreting Sand,2025-05-01,2025-11-01,6,VECM,SeasonalNaive,27.0,25.525458596495504,27.0,27.7,1.474541403504496,0.6999999999999993,0.7745414035044966
RO1_PRICE,Granite,2025-05-01,2025-11-01,6,VECM,SeasonalNaive,22.3,20.296502813001126,22.3,22.4,2.0034971869988745,0.09999999999999787,1.9034971869988766
RO1_PRICE,Ready-Mixed Concrete,2025-05-01,2025-11-01,6,VECM,SeasonalNaive,124.9,115.38325888331116,124.9,120.3,9.516741116688848,4.6000000000000085,4.91674111668884
RO1_PRICE,Steel Reinforcement Bars,2025-05-01,2025-11-01,6,VECM,SeasonalNaive,666.2,744.5287731406424,666.2,751.1,78.3287731406424,84.89999999999998,-6.57122685935758
RO1_PRICE,Cement,2025-05-01,2026-05-01,12,VECM,SeasonalNaive,125.8,103.04525074301068,125.8,103.3,22.754749256989314,22.5,0.2547492569893137
RO1_PRICE,Concreting Sand,2025-05-01,2026-05-01,12,VECM,SeasonalNaive,28.6,24.21440392908299,28.6,27.1,4.3855960709170105,1.5,2.8855960709170105
RO1_PRICE,Granite,2025-05-01,2026-05-01,12,VECM,SeasonalNaive,24.5,20.15800861162888,24.5,22.0,4.34199138837112,2.5,1.8419913883711203
RO1_PRICE,Ready-Mixed Concrete,2025-05-01,2026-05-01,12,VECM,SeasonalNaive,144.4,112.8556213356308,144.4,120.0,31.544378664369205,24.400000000000006,7.144378664369199
RO1_PRICE,Steel Reinforcement Bars,2025-05-01,2026-05-01,12,VECM,SeasonalNaive,703.9,785.9061134370256,703.9,696.6,82.00611343702565,7.2999999999999545,74.70611343702569
RO1_PRICE,Cement,2025-06-01,2025-07-01,1,VECM,SeasonalNaive,101.1,102.45132115648394,101.1,109.0,1.351321156483948,7.900000000000006,-6.548678843516058
RO1_PRICE,Concreting Sand,2025-06-01,2025-07-01,1,VECM,SeasonalNaive,26.7,26.25133083343512,26.7,27.5,0.4486691665648799,0.8000000000000007,-0.35133083343512084
RO1_PRICE,Granite,2025-06-01,2025-07-01,1,VECM,SeasonalNaive,21.7,21.29886211835993,21.7,23.0,0.4011378816400679,1.3000000000000007,-0.8988621183599328
RO1_PRICE,Ready-Mixed Concrete,2025-06-01,2025-07-01,1,VECM,SeasonalNaive,119.8,119.10629175066214,119.8,120.5,0.6937082493378597,0.7000000000000028,-0.0062917506621431585
RO1_PRICE,Steel Reinforcement Bars,2025-06-01,2025-07-01,1,VECM,SeasonalNaive,689.3,689.1170451080056,689.3,801.2,0.18295489199431358,111.90000000000009,-111.71704510800578
RO1_PRICE,Cement,2025-06-01,2025-09-01,3,VECM,SeasonalNaive,102.2,102.21271869248494,102.2,108.0,0.012718692484938288,5.799999999999997,-5.787281307515059
RO1_PRICE,Concreting Sand,2025-06-01,2025-09-01,3,VECM,SeasonalNaive,26.4,25.44831843732009,26.4,27.6,0.9516815626799087,1.2000000000000028,-0.24831843732009418
RO1_PRICE,Granite,2025-06-01,2025-09-01,3,VECM,SeasonalNaive,21.7,20.346358856558645,21.7,22.5,1.3536411434413544,0.8000000000000007,0.5536411434413537
RO1_PRICE,Ready-Mixed Concrete,2025-06-01,2025-09-01,3,VECM,SeasonalNaive,120.7,116.7680184022464,120.7,120.5,3.9319815977536052,0.20000000000000284,3.7319815977536024
RO1_PRICE,Steel Reinforcement Bars,2025-06-01,2025-09-01,3,VECM,SeasonalNaive,684.2,700.2718930608451,684.2,771.9,16.071893060845014,87.69999999999993,-71.62810693915492
RO1_PRICE,Cement,2025-06-01,2025-12-01,6,VECM,SeasonalNaive,115.9,102.15141750229006,115.9,105.8,13.748582497709947,10.100000000000009,3.6485824977099384
RO1_PRICE,Concreting Sand,2025-06-01,2025-12-01,6,VECM,SeasonalNaive,26.8,24.349150486195303,26.8,27.7,2.450849513804698,0.8999999999999986,1.5508495138046996
RO1_PRICE,Granite,2025-06-01,2025-12-01,6,VECM,SeasonalNaive,22.8,19.834642323580752,22.8,22.6,2.9653576764192486,0.1999999999999993,2.7653576764192493
RO1_PRICE,Ready-Mixed Concrete,2025-06-01,2025-12-01,6,VECM,SeasonalNaive,129.5,114.25191626754908,129.5,120.5,15.248083732450922,9.0,6.248083732450922
RO1_PRICE,Steel Reinforcement Bars,2025-06-01,2025-12-01,6,VECM,SeasonalNaive,660.3,727.666129345417,660.3,735.9,67.366129345417,75.60000000000002,-8.23387065458303
RO1_PRICE,Cement,2025-06-01,2026-06-01,12,VECM,SeasonalNaive,124.15,102.19171924522088,124.15,102.8,21.958280754779125,21.35000000000001,0.6082807547791163
RO1_PRICE,Concreting Sand,2025-06-01,2026-06-01,12,VECM,SeasonalNaive,28.6,23.10452091035026,28.6,26.7,5.495479089649741,1.9000000000000021,3.5954790896497393
RO1_PRICE,Granite,2025-06-01,2026-06-01,12,VECM,SeasonalNaive,24.3,19.84852001935483,24.3,22.0,4.451479980645171,2.3000000000000007,2.1514799806451705
RO1_PRICE,Ready-Mixed Concrete,2025-06-01,2026-06-01,12,VECM,SeasonalNaive,143.3,111.95900757810796,143.3,120.4,31.340992421892054,22.900000000000006,8.440992421892048
RO1_PRICE,Steel Reinforcement Bars,2025-06-01,2026-06-01,12,VECM,SeasonalNaive,708.0,764.6844808153803,708.0,688.6,56.68448081538031,19.399999999999977,37.284480815380334
RO1_PRICE,Cement,2025-07-01,2025-08-01,1,VECM,SeasonalNaive,101.5,100.51038379729366,101.5,108.4,0.989616202706344,6.900000000000006,-5.910383797293662
RO1_PRICE,Concreting Sand,2025-07-01,2025-08-01,1,VECM,SeasonalNaive,26.7,26.31997098971307,26.7,27.7,0.38002901028692904,1.0,-0.619970989713071
RO1_PRICE,Granite,2025-07-01,2025-08-01,1,VECM,SeasonalNaive,21.7,20.986991513291343,21.7,22.8,0.7130084867086559,1.1000000000000014,-0.3869915132913455
RO1_PRICE,Ready-Mixed Concrete,2025-07-01,2025-08-01,1,VECM,SeasonalNaive,120.4,118.26367233233726,120.4,119.9,2.1363276676627407,0.5,1.6363276676627407
RO1_PRICE,Steel Reinforcement Bars,2025-07-01,2025-08-01,1,VECM,SeasonalNaive,681.5,687.9637238314988,681.5,786.2,6.463723831498783,104.70000000000005,-98.23627616850126
RO1_PRICE,Cement,2025-07-01,2025-10-01,3,VECM,SeasonalNaive,104.0,100.29134882382756,104.0,107.4,3.708651176172438,3.4000000000000057,0.30865117617243243
RO1_PRICE,Concreting Sand,2025-07-01,2025-10-01,3,VECM,SeasonalNaive,26.7,25.270997064059195,26.7,27.7,1.4290029359408045,1.0,0.4290029359408045
RO1_PRICE,Granite,2025-07-01,2025-10-01,3,VECM,SeasonalNaive,21.9,19.891411751331447,21.9,22.4,2.008588248668552,0.5,1.508588248668552
RO1_PRICE,Ready-Mixed Concrete,2025-07-01,2025-10-01,3,VECM,SeasonalNaive,120.6,115.26805450174564,120.6,120.3,5.331945498254356,0.29999999999999716,5.031945498254359
RO1_PRICE,Steel Reinforcement Bars,2025-07-01,2025-10-01,3,VECM,SeasonalNaive,678.0,694.2085283436735,678.0,753.6,16.208528343673493,75.60000000000002,-59.39147165632653
RO1_PRICE,Cement,2025-07-01,2026-01-01,6,VECM,SeasonalNaive,118.6,100.32385372912525,118.6,104.4,18.276146270874747,14.199999999999989,4.076146270874759
RO1_PRICE,Concreting Sand,2025-07-01,2026-01-01,6,VECM,SeasonalNaive,26.7,23.79024742814154,26.7,27.4,2.9097525718584585,0.6999999999999993,2.209752571858459
RO1_PRICE,Granite,2025-07-01,2026-01-01,6,VECM,SeasonalNaive,22.7,19.245040932074104,22.7,22.6,3.454959067925895,0.09999999999999787,3.354959067925897
RO1_PRICE,Ready-Mixed Concrete,2025-07-01,2026-01-01,6,VECM,SeasonalNaive,128.6,111.95815000040749,128.6,119.9,16.64184999959251,8.699999999999989,7.94184999959252
RO1_PRICE,Steel Reinforcement Bars,2025-07-01,2026-01-01,6,VECM,SeasonalNaive,648.0,719.3579713474686,648.0,724.1,71.3579713474686,76.10000000000002,-4.742028652531417
RO1_PRICE,Cement,2025-08-01,2025-09-01,1,VECM,SeasonalNaive,102.2,101.5928048509781,102.2,108.0,0.607195149021905,5.799999999999997,-5.192804850978092
RO1_PRICE,Concreting Sand,2025-08-01,2025-09-01,1,VECM,SeasonalNaive,26.4,26.49218975239304,26.4,27.6,0.09218975239303973,1.2000000000000028,-1.1078102476069631
RO1_PRICE,Granite,2025-08-01,2025-09-01,1,VECM,SeasonalNaive,21.7,21.4701491570047,21.7,22.5,0.229850842995301,0.8000000000000007,-0.5701491570046997
RO1_PRICE,Ready-Mixed Concrete,2025-08-01,2025-09-01,1,VECM,SeasonalNaive,120.7,119.86607743330195,120.7,120.5,0.8339225666980496,0.20000000000000284,0.6339225666980468
RO1_PRICE,Steel Reinforcement Bars,2025-08-01,2025-09-01,1,VECM,SeasonalNaive,684.2,684.9621034937321,684.2,771.9,0.7621034937320701,87.69999999999993,-86.93789650626786
RO1_PRICE,Cement,2025-08-01,2025-11-01,3,VECM,SeasonalNaive,110.0,101.6999497042213,110.0,106.4,8.300050295778703,3.5999999999999943,4.700050295778709
RO1_PRICE,Concreting Sand,2025-08-01,2025-11-01,3,VECM,SeasonalNaive,27.0,25.57414431380564,27.0,27.7,1.4258556861943603,0.6999999999999993,0.725855686194361
RO1_PRICE,Granite,2025-08-01,2025-11-01,3,VECM,SeasonalNaive,22.3,20.387906951910185,22.3,22.4,1.9120930480898153,0.09999999999999787,1.8120930480898174
RO1_PRICE,Ready-Mixed Concrete,2025-08-01,2025-11-01,3,VECM,SeasonalNaive,124.9,117.37854665276885,124.9,120.3,7.521453347231159,4.6000000000000085,2.92145334723115
RO1_PRICE,Steel Reinforcement Bars,2025-08-01,2025-11-01,3,VECM,SeasonalNaive,666.2,702.280549467992,666.2,751.1,36.080549467992,84.89999999999998,-48.81945053200798
RO1_PRICE,Cement,2025-08-01,2026-02-01,6,VECM,SeasonalNaive,119.2,101.91062768660262,119.2,104.2,17.28937231339738,15.0,2.2893723133973793
RO1_PRICE,Concreting Sand,2025-08-01,2026-02-01,6,VECM,SeasonalNaive,26.4,24.37015655412737,26.4,27.6,2.029843445872629,1.2000000000000028,0.8298434458726263
RO1_PRICE,Granite,2025-08-01,2026-02-01,6,VECM,SeasonalNaive,22.6,19.793325432438323,22.6,22.2,2.8066745675616787,0.40000000000000213,2.4066745675616765
RO1_PRICE,Ready-Mixed Concrete,2025-08-01,2026-02-01,6,VECM,SeasonalNaive,130.0,114.6901681892264,130.0,119.2,15.309831810773602,10.799999999999997,4.509831810773605
RO1_PRICE,Steel Reinforcement Bars,2025-08-01,2026-02-01,6,VECM,SeasonalNaive,637.1,732.945738491172,637.1,706.3,95.84573849117203,69.19999999999993,26.645738491172096
RO1_PRICE,Cement,2025-09-01,2025-10-01,1,VECM,SeasonalNaive,104.0,102.41456360831737,104.0,107.4,1.5854363916826344,3.4000000000000057,-1.8145636083173713
RO1_PRICE,Concreting Sand,2025-09-01,2025-10-01,1,VECM,SeasonalNaive,26.7,25.981721092670035,26.7,27.7,0.7182789073299638,1.0,-0.2817210926700362
RO1_PRICE,Granite,2025-09-01,2025-10-01,1,VECM,SeasonalNaive,21.9,21.1822566622666,21.9,22.4,0.717743337733399,0.5,0.21774333773339904
RO1_PRICE,Ready-Mixed Concrete,2025-09-01,2025-10-01,1,VECM,SeasonalNaive,120.6,119.74346573399636,120.6,120.3,0.856534266003635,0.29999999999999716,0.5565342660036379
RO1_PRICE,Steel Reinforcement Bars,2025-09-01,2025-10-01,1,VECM,SeasonalNaive,678.0,695.0264118289324,678.0,753.6,17.026411828932396,75.60000000000002,-58.57358817106763
RO1_PRICE,Cement,2025-09-01,2025-12-01,3,VECM,SeasonalNaive,115.9,102.65935923100406,115.9,105.8,13.240640768995945,10.100000000000009,3.1406407689959366
RO1_PRICE,Concreting Sand,2025-09-01,2025-12-01,3,VECM,SeasonalNaive,26.8,25.21561077125224,26.8,27.7,1.5843892287477601,0.8999999999999986,0.6843892287477615
RO1_PRICE,Granite,2025-09-01,2025-12-01,3,VECM,SeasonalNaive,22.8,20.394162080799404,22.8,22.6,2.4058379192005965,0.1999999999999993,2.2058379192005972
RO1_PRICE,Ready-Mixed Concrete,2025-09-01,2025-12-01,3,VECM,SeasonalNaive,129.5,117.80998418684528,129.5,120.5,11.690015813154716,9.0,2.690015813154716
RO1_PRICE,Steel Reinforcement Bars,2025-09-01,2025-12-01,3,VECM,SeasonalNaive,660.3,719.1320802025433,660.3,735.9,58.83208020254335,75.60000000000002,-16.76791979745667
RO1_PRICE,Cement,2025-09-01,2026-03-01,6,VECM,SeasonalNaive,121.9,102.97974558765227,121.9,103.9,18.92025441234773,18.0,0.920254412347731
RO1_PRICE,Concreting Sand,2025-09-01,2026-03-01,6,VECM,SeasonalNaive,27.8,24.225506724606653,27.8,27.3,3.5744932753933476,0.5,3.0744932753933476
RO1_PRICE,Granite,2025-09-01,2026-03-01,6,VECM,SeasonalNaive,23.8,20.00845655512952,23.8,22.3,3.791543444870481,1.5,2.291543444870481
RO1_PRICE,Ready-Mixed Concrete,2025-09-01,2026-03-01,6,VECM,SeasonalNaive,143.0,115.73819796936876,143.0,119.6,27.261802030631245,23.400000000000006,3.861802030631239
RO1_PRICE,Steel Reinforcement Bars,2025-09-01,2026-03-01,6,VECM,SeasonalNaive,663.1,748.7393448629994,663.1,701.3,85.63934486299934,38.19999999999993,47.439344862999405
RO1_PRICE,Cement,2025-10-01,2025-11-01,1,VECM,SeasonalNaive,110.0,104.57624434889956,110.0,106.4,5.423755651100436,3.5999999999999943,1.8237556511004414
RO1_PRICE,Concreting Sand,2025-10-01,2025-11-01,1,VECM,SeasonalNaive,27.0,26.413613101298644,27.0,27.7,0.5863868987013561,0.6999999999999993,-0.11361310129864322
RO1_PRICE,Granite,2025-10-01,2025-11-01,1,VECM,SeasonalNaive,22.3,21.561468748747856,22.3,22.4,0.7385312512521445,0.09999999999999787,0.6385312512521466
RO1_PRICE,Ready-Mixed Concrete,2025-10-01,2025-11-01,1,VECM,SeasonalNaive,124.9,119.98350168930251,124.9,120.3,4.9164983106974915,4.6000000000000085,0.316498310697483
RO1_PRICE,Steel Reinforcement Bars,2025-10-01,2025-11-01,1,VECM,SeasonalNaive,666.2,685.4804546254644,666.2,751.1,19.28045462546436,84.89999999999998,-65.61954537453562
RO1_PRICE,Cement,2025-10-01,2026-01-01,3,VECM,SeasonalNaive,118.6,104.69383904143623,118.6,104.4,13.90616095856376,14.199999999999989,-0.29383904143622885
RO1_PRICE,Concreting Sand,2025-10-01,2026-01-01,3,VECM,SeasonalNaive,26.7,25.97812709739145,26.7,27.4,0.7218729026085491,0.6999999999999993,0.021872902608549794
RO1_PRICE,Granite,2025-10-01,2026-01-01,3,VECM,SeasonalNaive,22.7,21.05153634493243,22.7,22.6,1.6484636550675695,0.09999999999999787,1.5484636550675717
RO1_PRICE,Ready-Mixed Concrete,2025-10-01,2026-01-01,3,VECM,SeasonalNaive,128.6,118.90187986653672,128.6,119.9,9.698120133463277,8.699999999999989,0.9981201334632885
RO1_PRICE,Steel Reinforcement Bars,2025-10-01,2026-01-01,3,VECM,SeasonalNaive,648.0,711.6862684301957,648.0,724.1,63.686268430195696,76.10000000000002,-12.413731569804327
RO1_PRICE,Cement,2025-10-01,2026-04-01,6,VECM,SeasonalNaive,124.7,104.6639687454394,124.7,103.6,20.036031254560598,21.10000000000001,-1.0639687454394107
RO1_PRICE,Concreting Sand,2025-10-01,2026-04-01,6,VECM,SeasonalNaive,29.0,25.480919567010677,29.0,26.8,3.5190804329893233,2.1999999999999993,1.319080432989324
RO1_PRICE,Granite,2025-10-01,2026-04-01,6,VECM,SeasonalNaive,25.0,20.818833862647423,25.0,22.2,4.181166137352577,2.8000000000000007,1.3811661373525759
RO1_PRICE,Ready-Mixed Concrete,2025-10-01,2026-04-01,6,VECM,SeasonalNaive,145.6,117.77553848981556,145.6,119.9,27.824461510184435,25.69999999999999,2.124461510184446
RO1_PRICE,Steel Reinforcement Bars,2025-10-01,2026-04-01,6,VECM,SeasonalNaive,701.9,746.3133361750071,701.9,701.0,44.41333617500709,0.8999999999999773,43.51333617500711
RO1_PRICE,Cement,2025-11-01,2025-12-01,1,VECM,SeasonalNaive,115.9,112.00716235566526,115.9,105.8,3.8928376443347474,10.100000000000009,-6.207162355665261
RO1_PRICE,Concreting Sand,2025-11-01,2025-12-01,1,VECM,SeasonalNaive,26.8,28.207254573920643,26.8,27.7,1.4072545739206426,0.8999999999999986,0.507254573920644
RO1_PRICE,Granite,2025-11-01,2025-12-01,1,VECM,SeasonalNaive,22.8,24.44453808102601,22.8,22.6,1.6445380810260097,0.1999999999999993,1.4445380810260104
RO1_PRICE,Ready-Mixed Concrete,2025-11-01,2025-12-01,1,VECM,SeasonalNaive,129.5,129.62255102662235,129.5,120.5,0.12255102662234663,9.0,-8.877448973377653
RO1_PRICE,Steel Reinforcement Bars,2025-11-01,2025-12-01,1,VECM,SeasonalNaive,660.3,695.2368193767247,660.3,735.9,34.93681937672477,75.60000000000002,-40.66318062327525
RO1_PRICE,Cement,2025-11-01,2026-02-01,3,VECM,SeasonalNaive,119.2,112.96155997651874,119.2,104.2,6.23844002348126,15.0,-8.76155997651874
RO1_PRICE,Concreting Sand,2025-11-01,2026-02-01,3,VECM,SeasonalNaive,26.4,28.846792709127776,26.4,27.6,2.4467927091277772,1.2000000000000028,1.2467927091277744
RO1_PRICE,Granite,2025-11-01,2026-02-01,3,VECM,SeasonalNaive,22.6,24.258729669684584,22.6,22.2,1.6587296696845826,0.40000000000000213,1.2587296696845804
RO1_PRICE,Ready-Mixed Concrete,2025-11-01,2026-02-01,3,VECM,SeasonalNaive,130.0,131.4843323007211,130.0,119.2,1.4843323007210927,10.799999999999997,-9.315667699278904
RO1_PRICE,Steel Reinforcement Bars,2025-11-01,2026-02-01,3,VECM,SeasonalNaive,637.1,756.1062595635302,637.1,706.3,119.0062595635302,69.19999999999993,49.80625956353026
RO1_PRICE,Cement,2025-11-01,2026-05-01,6,VECM,SeasonalNaive,125.8,113.62904058950852,125.8,103.3,12.170959410491477,22.5,-10.329040589508523
RO1_PRICE,Concreting Sand,2025-11-01,2026-05-01,6,VECM,SeasonalNaive,28.6,29.47004777443157,28.6,27.1,0.8700477744315691,1.5,-0.6299522255684309
RO1_PRICE,Granite,2025-11-01,2026-05-01,6,VECM,SeasonalNaive,24.5,23.783654736363545,24.5,22.0,0.7163452636364553,2.5,-1.7836547363635447
RO1_PRICE,Ready-Mixed Concrete,2025-11-01,2026-05-01,6,VECM,SeasonalNaive,144.4,132.4878722632509,144.4,120.0,11.912127736749113,24.400000000000006,-12.487872263250893
RO1_PRICE,Steel Reinforcement Bars,2025-11-01,2026-05-01,6,VECM,SeasonalNaive,703.9,804.4119532358518,703.9,696.6,100.51195323585182,7.2999999999999545,93.21195323585187
RO1_PRICE,Cement,2025-12-01,2026-01-01,1,VECM,SeasonalNaive,118.6,118.14224015649737,118.6,104.4,0.4577598435026289,14.199999999999989,-13.74224015649736
RO1_PRICE,Concreting Sand,2025-12-01,2026-01-01,1,VECM,SeasonalNaive,26.7,27.78611856238089,26.7,27.4,1.0861185623808893,0.6999999999999993,0.38611856238089004
RO1_PRICE,Granite,2025-12-01,2026-01-01,1,VECM,SeasonalNaive,22.7,24.66577595664729,22.7,22.6,1.9657759566472919,0.09999999999999787,1.865775956647294
RO1_PRICE,Ready-Mixed Concrete,2025-12-01,2026-01-01,1,VECM,SeasonalNaive,128.6,134.21452184800825,128.6,119.9,5.614521848008252,8.699999999999989,-3.0854781519917367
RO1_PRICE,Steel Reinforcement Bars,2025-12-01,2026-01-01,1,VECM,SeasonalNaive,648.0,689.6155564076145,648.0,724.1,41.61555640761446,76.10000000000002,-34.48444359238556
RO1_PRICE,Cement,2025-12-01,2026-03-01,3,VECM,SeasonalNaive,121.9,119.36192410199834,121.9,103.9,2.538075898001665,18.0,-15.461924101998335
RO1_PRICE,Concreting Sand,2025-12-01,2026-03-01,3,VECM,SeasonalNaive,27.8,28.91705775872237,27.8,27.3,1.1170577587223676,0.5,0.6170577587223676
RO1_PRICE,Granite,2025-12-01,2026-03-01,3,VECM,SeasonalNaive,23.8,25.192897033055,23.8,22.3,1.3928970330550001,1.5,-0.10710296694499988
RO1_PRICE,Ready-Mixed Concrete,2025-12-01,2026-03-01,3,VECM,SeasonalNaive,143.0,137.8287987235379,143.0,119.6,5.171201276462114,23.400000000000006,-18.228798723537892
RO1_PRICE,Steel Reinforcement Bars,2025-12-01,2026-03-01,3,VECM,SeasonalNaive,663.1,748.1666285030576,663.1,701.3,85.06662850305759,38.19999999999993,46.866628503057655
RO1_PRICE,Cement,2025-12-01,2026-06-01,6,VECM,SeasonalNaive,124.15,120.00010047255276,124.15,102.8,4.149899527447246,21.35000000000001,-17.200100472552762
RO1_PRICE,Concreting Sand,2025-12-01,2026-06-01,6,VECM,SeasonalNaive,28.6,30.197280402215604,28.6,26.7,1.5972804022156026,1.9000000000000021,-0.3027195977843995
RO1_PRICE,Granite,2025-12-01,2026-06-01,6,VECM,SeasonalNaive,24.3,25.08811342477384,24.3,22.0,0.7881134247738402,2.3000000000000007,-1.5118865752261605
RO1_PRICE,Ready-Mixed Concrete,2025-12-01,2026-06-01,6,VECM,SeasonalNaive,143.3,140.43351714117713,143.3,120.4,2.8664828588228772,22.900000000000006,-20.03351714117713
RO1_PRICE,Steel Reinforcement Bars,2025-12-01,2026-06-01,6,VECM,SeasonalNaive,708.0,788.6547109419357,708.0,688.6,80.65471094193572,19.399999999999977,61.25471094193574
RO1_PRICE,Cement,2026-01-01,2026-02-01,1,VECM,SeasonalNaive,119.2,119.42660199392596,119.2,104.2,0.2266019939259536,15.0,-14.773398006074046
RO1_PRICE,Concreting Sand,2026-01-01,2026-02-01,1,VECM,SeasonalNaive,26.4,26.60813709155194,26.4,27.6,0.20813709155194005,1.2000000000000028,-0.9918629084480628
RO1_PRICE,Granite,2026-01-01,2026-02-01,1,VECM,SeasonalNaive,22.6,22.654816786613736,22.6,22.2,0.05481678661373479,0.40000000000000213,-0.34518321338626734
RO1_PRICE,Ready-Mixed Concrete,2026-01-01,2026-02-01,1,VECM,SeasonalNaive,130.0,128.92689725208442,130.0,119.2,1.0731027479155841,10.799999999999997,-9.726897252084413
RO1_PRICE,Steel Reinforcement Bars,2026-01-01,2026-02-01,1,VECM,SeasonalNaive,637.1,651.6891182036469,637.1,706.3,14.589118203646876,69.19999999999993,-54.610881796353056
RO1_PRICE,Cement,2026-01-01,2026-04-01,3,VECM,SeasonalNaive,124.7,119.09368891875448,124.7,103.6,5.606311081245522,21.10000000000001,-15.493688918754486
RO1_PRICE,Concreting Sand,2026-01-01,2026-04-01,3,VECM,SeasonalNaive,29.0,27.55883729872085,29.0,26.8,1.4411627012791506,2.1999999999999993,-0.7588372987208487
RO1_PRICE,Granite,2026-01-01,2026-04-01,3,VECM,SeasonalNaive,25.0,23.767703515318185,25.0,22.2,1.2322964846818145,2.8000000000000007,-1.5677035153181862
RO1_PRICE,Ready-Mixed Concrete,2026-01-01,2026-04-01,3,VECM,SeasonalNaive,145.6,131.7533966079557,145.6,119.9,13.846603392044301,25.69999999999999,-11.853396607955688
RO1_PRICE,Steel Reinforcement Bars,2026-01-01,2026-04-01,3,VECM,SeasonalNaive,701.9,675.143311724574,701.9,701.0,26.756688275425972,0.8999999999999773,25.856688275425995
RO1_PRICE,Cement,2026-02-01,2026-03-01,1,VECM,SeasonalNaive,121.9,118.99151225850638,121.9,103.9,2.90848774149363,18.0,-15.09151225850637
RO1_PRICE,Concreting Sand,2026-02-01,2026-03-01,1,VECM,SeasonalNaive,27.8,27.04342944577214,27.8,27.3,0.75657055422786,0.5,0.25657055422786
RO1_PRICE,Granite,2026-02-01,2026-03-01,1,VECM,SeasonalNaive,23.8,23.55394431555446,23.8,22.3,0.24605568444554038,1.5,-1.2539443155544596
RO1_PRICE,Ready-Mixed Concrete,2026-02-01,2026-03-01,1,VECM,SeasonalNaive,143.0,132.10103422953267,143.0,119.6,10.898965770467328,23.400000000000006,-12.501034229532678
RO1_PRICE,Steel Reinforcement Bars,2026-02-01,2026-03-01,1,VECM,SeasonalNaive,663.1,640.5672960036095,663.1,701.3,22.532703996390524,38.19999999999993,-15.667296003609408
RO1_PRICE,Cement,2026-02-01,2026-05-01,3,VECM,SeasonalNaive,125.8,118.15360587642908,125.8,103.3,7.646394123570914,22.5,-14.853605876429086
RO1_PRICE,Concreting Sand,2026-02-01,2026-05-01,3,VECM,SeasonalNaive,28.6,27.94907940932677,28.6,27.1,0.6509205906732305,1.5,-0.8490794093267695
RO1_PRICE,Granite,2026-02-01,2026-05-01,3,VECM,SeasonalNaive,24.5,24.128016609727556,24.5,22.0,0.37198339027244387,2.5,-2.128016609727556
RO1_PRICE,Ready-Mixed Concrete,2026-02-01,2026-05-01,3,VECM,SeasonalNaive,144.4,134.19376381472364,144.4,120.0,10.206236185276367,24.400000000000006,-14.193763814723638
RO1_PRICE,Steel Reinforcement Bars,2026-02-01,2026-05-01,3,VECM,SeasonalNaive,703.9,655.3874299541025,703.9,696.6,48.51257004589752,7.2999999999999545,41.212570045897564
RO1_PRICE,Cement,2026-03-01,2026-04-01,1,VECM,SeasonalNaive,124.7,123.1417805677645,124.7,103.6,1.5582194322355036,21.10000000000001,-19.541780567764505
RO1_PRICE,Concreting Sand,2026-03-01,2026-04-01,1,VECM,SeasonalNaive,29.0,31.812596394676447,29.0,26.8,2.812596394676447,2.1999999999999993,0.6125963946764479
RO1_PRICE,Granite,2026-03-01,2026-04-01,1,VECM,SeasonalNaive,25.0,29.616563629458877,25.0,22.2,4.616563629458877,2.8000000000000007,1.8165636294588765
RO1_PRICE,Ready-Mixed Concrete,2026-03-01,2026-04-01,1,VECM,SeasonalNaive,145.6,155.3970823464452,145.6,119.9,9.797082346445194,25.69999999999999,-15.902917653554795
RO1_PRICE,Steel Reinforcement Bars,2026-03-01,2026-04-01,1,VECM,SeasonalNaive,701.9,708.0062960363535,701.9,701.0,6.106296036353569,0.8999999999999773,5.206296036353592
RO1_PRICE,Cement,2026-03-01,2026-06-01,3,VECM,SeasonalNaive,124.15,124.82926367895688,124.15,102.8,0.6792636789568718,21.35000000000001,-20.670736321043137
RO1_PRICE,Concreting Sand,2026-03-01,2026-06-01,3,VECM,SeasonalNaive,28.6,33.08855702293393,28.6,26.7,4.488557022933925,1.9000000000000021,2.588557022933923
RO1_PRICE,Granite,2026-03-01,2026-06-01,3,VECM,SeasonalNaive,24.3,28.372300828445475,24.3,22.0,4.072300828445474,2.3000000000000007,1.7723008284454735
RO1_PRICE,Ready-Mixed Concrete,2026-03-01,2026-06-01,3,VECM,SeasonalNaive,143.3,157.88604667106995,143.3,120.4,14.586046671069937,22.900000000000006,-8.313953328930069
RO1_PRICE,Steel Reinforcement Bars,2026-03-01,2026-06-01,3,VECM,SeasonalNaive,708.0,759.5617095694831,708.0,688.6,51.56170956948313,19.399999999999977,32.16170956948315
RO1_PRICE,Cement,2026-04-01,2026-05-01,1,VECM,SeasonalNaive,125.8,126.26616350972546,125.8,103.3,0.4661635097254617,22.5,-22.03383649027454
RO1_PRICE,Concreting Sand,2026-04-01,2026-05-01,1,VECM,SeasonalNaive,28.6,29.37535092702702,28.6,27.1,0.77535092702702,1.5,-0.72464907297298
RO1_PRICE,Granite,2026-04-01,2026-05-01,1,VECM,SeasonalNaive,24.5,25.25913616170726,24.5,22.0,0.7591361617072607,2.5,-1.7408638382927393
RO1_PRICE,Ready-Mixed Concrete,2026-04-01,2026-05-01,1,VECM,SeasonalNaive,144.4,147.09030790950095,144.4,120.0,2.6903079095009446,24.400000000000006,-21.70969209049906
RO1_PRICE,Steel Reinforcement Bars,2026-04-01,2026-05-01,1,VECM,SeasonalNaive,703.9,731.7832413759589,703.9,696.6,27.88324137595896,7.2999999999999545,20.583241375959005
RO1_PRICE,Cement,2026-05-01,2026-06-01,1,VECM,SeasonalNaive,124.15,126.3006433633674,124.15,102.8,2.1506433633673936,21.35000000000001,-19.199356636632615
RO1_PRICE,Concreting Sand,2026-05-01,2026-06-01,1,VECM,SeasonalNaive,28.6,28.28900958331362,28.6,26.7,0.31099041668637994,1.9000000000000021,-1.5890095833136222
RO1_PRICE,Granite,2026-05-01,2026-06-01,1,VECM,SeasonalNaive,24.3,23.795996719907308,24.3,22.0,0.504003280092693,2.3000000000000007,-1.7959967199073077
RO1_PRICE,Ready-Mixed Concrete,2026-05-01,2026-06-01,1,VECM,SeasonalNaive,143.3,143.67389394716636,143.3,120.4,0.3738939471663514,22.900000000000006,-22.526106052833654
RO1_PRICE,Steel Reinforcement Bars,2026-05-01,2026-06-01,1,VECM,SeasonalNaive,708.0,705.05305533884,708.0,688.6,2.946944661160046,19.399999999999977,-16.45305533883993
RO1_DEMAND,Cement,2024-06-01,2024-07-01,1,VAR_DIFF,ETS,412.14,326.0771087721419,412.14,396.9850804057072,86.06289122785807,15.154919594292778,70.9079716335653
RO1_DEMAND,Granite,2024-06-01,2024-07-01,1,VAR_DIFF,ETS,1951.4,1601.3112607071898,1951.4,1833.3967322296908,350.08873929281026,118.00326777030932,232.08547152250094
RO1_DEMAND,Ready-Mixed Concrete,2024-06-01,2024-07-01,1,VAR_DIFF,ETS,1188.3,1074.0632193159763,1188.3,1126.2948184859324,114.23678068402364,62.005181514067544,52.2315991699561
RO1_DEMAND,Steel Reinforcement Bars,2024-06-01,2024-07-01,1,VAR_DIFF,ETS,108.58,134.2670758150983,108.58,147.22192140484955,25.68707581509831,38.641921404849555,-12.954845589751244
RO1_DEMAND,Cement,2024-06-01,2024-09-01,3,VAR_DIFF,ETS,337.8,332.6465931794236,337.8,389.36060813610703,5.153406820576436,51.56060813610702,-46.407201315530585
RO1_DEMAND,Granite,2024-06-01,2024-09-01,3,VAR_DIFF,ETS,1821.8,1628.2952026284474,1821.8,1784.3734089242362,193.5047973715525,37.42659107576378,156.07820629578873
RO1_DEMAND,Ready-Mixed Concrete,2024-06-01,2024-09-01,3,VAR_DIFF,ETS,1153.0,1074.427610841779,1153.0,1117.6426047094778,78.57238915822109,35.35739529052216,43.21499386769892
RO1_DEMAND,Steel Reinforcement Bars,2024-06-01,2024-09-01,3,VAR_DIFF,ETS,226.32,143.02840210151624,226.32,145.98942040169436,83.29159789848376,80.33057959830563,2.961018300178125
RO1_DEMAND,Cement,2024-06-01,2024-12-01,6,VAR_DIFF,ETS,370.42,354.46792325001945,370.42,428.22782902361087,15.952076749980563,57.80782902361085,-41.85575227363029
RO1_DEMAND,Granite,2024-06-01,2024-12-01,6,VAR_DIFF,ETS,1760.4,1637.5371169307118,1760.4,1767.289692244584,122.86288306928827,6.889692244584012,115.97319082470426
RO1_DEMAND,Ready-Mixed Concrete,2024-06-01,2024-12-01,6,VAR_DIFF,ETS,1167.7,1087.4661563673594,1167.7,1145.4394721347933,80.23384363264063,22.260527865206768,57.97331576743386
RO1_DEMAND,Steel Reinforcement Bars,2024-06-01,2024-12-01,6,VAR_DIFF,ETS,121.23,149.67020508275527,121.23,122.29510049121784,28.44020508275527,1.0651004912178337,27.375104591537436
RO1_DEMAND,Cement,2024-06-01,2025-06-01,12,VAR_DIFF,ETS,454.02,350.0491318644229,454.02,369.5172313815764,103.97086813557706,84.5027686184236,19.468099517153462
RO1_DEMAND,Granite,2024-06-01,2025-06-01,12,VAR_DIFF,ETS,1765.6,1635.792241932563,1765.6,1726.5803720008223,129.8077580674369,39.0196279991776,90.7881300682593
RO1_DEMAND,Ready-Mixed Concrete,2024-06-01,2025-06-01,12,VAR_DIFF,ETS,1205.3,1093.3657897655128,1205.3,1099.0306441096145,111.93421023448718,106.26935589038544,5.664854344101741
RO1_DEMAND,Steel Reinforcement Bars,2024-06-01,2025-06-01,12,VAR_DIFF,ETS,109.58,149.70537948264956,109.58,133.1325956932473,40.125379482649564,23.552595693247312,16.57278378940225
RO1_DEMAND,Cement,2024-07-01,2024-08-01,1,VAR_DIFF,ETS,399.41,418.71362698745486,399.41,408.2854417184919,19.303626987454834,8.875441718491857,10.428185268962977
RO1_DEMAND,Granite,2024-07-01,2024-08-01,1,VAR_DIFF,ETS,1870.9,1861.2110994086947,1870.9,1859.4911077755207,9.688900591305355,11.40889222447936,-1.7199916331740042
RO1_DEMAND,Ready-Mixed Concrete,2024-07-01,2024-08-01,1,VAR_DIFF,ETS,1205.9,1168.303370678494,1205.9,1167.151615952483,37.59662932150604,38.74838404751699,-1.1517547260109495
RO1_DEMAND,Steel Reinforcement Bars,2024-07-01,2024-08-01,1,VAR_DIFF,ETS,94.39,136.94753933201355,94.39,128.87444688628727,42.55753933201355,34.48444688628727,8.073092445726274
RO1_DEMAND,Cement,2024-07-01,2024-10-01,3,VAR_DIFF,ETS,410.73,430.1468215557105,410.73,409.0385773134007,19.4168215557105,1.69142268659931,17.72539886911119
RO1_DEMAND,Granite,2024-07-01,2024-10-01,3,VAR_DIFF,ETS,1803.3,1921.731336526504,1803.3,1938.2147999353892,118.43133652650408,134.91479993538928,-16.4834634088852
RO1_DEMAND,Ready-Mixed Concrete,2024-07-01,2024-10-01,3,VAR_DIFF,ETS,1147.0,1183.5778392628388,1147.0,1190.9091474246484,36.57783926283878,43.90914742464838,-7.331308161809602
RO1_DEMAND,Steel Reinforcement Bars,2024-07-01,2024-10-01,3,VAR_DIFF,ETS,114.09,148.124665542768,114.09,129.9369738808569,34.03466554276801,15.846973880856893,18.187691661911117
RO1_DEMAND,Cement,2024-07-01,2025-01-01,6,VAR_DIFF,ETS,314.17,405.1556156942041,314.17,408.2682432747356,90.98561569420406,94.09824327473558,-3.112627580531523
RO1_DEMAND,Granite,2024-07-01,2025-01-01,6,VAR_DIFF,ETS,1589.2,1880.5174710990143,1589.2,1789.7695279721747,291.31747109901426,200.56952797217468,90.74794312683957
RO1_DEMAND,Ready-Mixed Concrete,2024-07-01,2025-01-01,6,VAR_DIFF,ETS,1031.1,1167.2759295727203,1031.1,1149.5444717098449,136.1759295727204,118.44447170984495,17.73145786287546
RO1_DEMAND,Steel Reinforcement Bars,2024-07-01,2025-01-01,6,VAR_DIFF,ETS,105.3,134.4775143490984,105.3,135.0281084680648,29.177514349098416,29.728108468064804,-0.5505941189663872
RO1_DEMAND,Cement,2024-07-01,2025-07-01,12,VAR_DIFF,ETS,431.58,404.2052822952259,431.58,401.4075999971489,27.37471770477407,30.172400002851077,-2.7976822980770066
RO1_DEMAND,Granite,2024-07-01,2025-07-01,12,VAR_DIFF,ETS,2113.3,1882.3502097643168,2113.3,1931.2761822385128,230.9497902356834,182.0238177614874,48.92597247419599
RO1_DEMAND,Ready-Mixed Concrete,2024-07-01,2025-07-01,12,VAR_DIFF,ETS,1334.2,1173.461765930665,1334.2,1181.7304093352957,160.73823406933502,152.46959066470436,8.268643404630666
RO1_DEMAND,Steel Reinforcement Bars,2024-07-01,2025-07-01,12,VAR_DIFF,ETS,155.84,135.23755795182132,155.84,138.8552783023186,20.602442048178688,16.984721697681408,3.6177203504972795
RO1_DEMAND,Cement,2024-08-01,2024-09-01,1,VAR_DIFF,ETS,337.8,390.6559265873429,337.8,391.1606016116127,52.85592658734288,53.36060161161271,-0.5046750242698295
RO1_DEMAND,Granite,2024-08-01,2024-09-01,1,VAR_DIFF,ETS,1821.8,1910.8255016070195,1821.8,1895.1108615321964,89.02550160701958,73.31086153219644,15.714640074823137
RO1_DEMAND,Ready-Mixed Concrete,2024-08-01,2024-09-01,1,VAR_DIFF,ETS,1153.0,1187.5905078013816,1153.0,1207.043726983712,34.59050780138159,54.04372698371208,-19.453219182330486
RO1_DEMAND,Steel Reinforcement Bars,2024-08-01,2024-09-01,1,VAR_DIFF,ETS,226.32,110.38070325082435,226.32,132.67596062364356,115.93929674917564,93.64403937635643,22.295257372819208
RO1_DEMAND,Cement,2024-08-01,2024-11-01,3,VAR_DIFF,ETS,408.36,398.73156540816586,408.36,379.0334456724283,9.62843459183415,29.326554327571728,-19.698119735737578
RO1_DEMAND,Granite,2024-08-01,2024-11-01,3,VAR_DIFF,ETS,1706.4,1938.5875637509375,1706.4,1862.1525126360232,232.18756375093744,155.75251263602308,76.43505111491436
RO1_DEMAND,Ready-Mixed Concrete,2024-08-01,2024-11-01,3,VAR_DIFF,ETS,1112.7,1203.1449658575734,1112.7,1195.1241854407467,90.44496585757338,82.42418544074667,8.02078041682671
RO1_DEMAND,Steel Reinforcement Bars,2024-08-01,2024-11-01,3,VAR_DIFF,ETS,140.53,116.97927863901104,140.53,122.32511766245038,23.55072136098896,18.20488233754962,5.345839023439339
RO1_DEMAND,Cement,2024-08-01,2025-02-01,6,VAR_DIFF,ETS,379.05,409.64699545330535,379.05,310.0156573751128,30.59699545330534,69.03434262488719,-38.43734717158185
RO1_DEMAND,Granite,2024-08-01,2025-02-01,6,VAR_DIFF,ETS,1672.6,1939.4117761594605,1672.6,1636.0983415673286,266.8117761594606,36.50165843267132,230.31011772678926
RO1_DEMAND,Ready-Mixed Concrete,2024-08-01,2025-02-01,6,VAR_DIFF,ETS,1046.6,1206.5572155837865,1046.6,1049.6084130616744,159.9572155837866,3.008413061674446,156.94880252211215
RO1_DEMAND,Steel Reinforcement Bars,2024-08-01,2025-02-01,6,VAR_DIFF,ETS,231.33,119.94806571060325,231.33,97.93282740685714,111.38193428939677,133.39717259314287,-22.015238303746102
RO1_DEMAND,Cement,2024-08-01,2025-08-01,12,VAR_DIFF,ETS,427.22,409.3665772501045,427.22,405.6458222965369,17.853422749895515,21.574177703463135,-3.7207549535676208
RO1_DEMAND,Granite,2024-08-01,2025-08-01,12,VAR_DIFF,ETS,2098.6,1936.14936343694,2098.6,1868.6496008938827,162.45063656306002,229.95039910611717,-67.49976254305716
RO1_DEMAND,Ready-Mixed Concrete,2024-08-01,2025-08-01,12,VAR_DIFF,ETS,1282.5,1213.2460279283748,1282.5,1201.832415817447,69.25397207162518,80.6675841825529,-11.413612110927716
RO1_DEMAND,Steel Reinforcement Bars,2024-08-01,2025-08-01,12,VAR_DIFF,ETS,125.51,117.66100318015091,125.51,121.55994113797216,7.848996819849091,3.950058862027845,3.8989379578212464
RO1_DEMAND,Cement,2024-09-01,2024-10-01,1,VAR_DIFF,ETS,410.73,405.8326599540201,410.73,392.158068814026,4.897340045979945,18.571931185973995,-13.67459113999405
RO1_DEMAND,Granite,2024-09-01,2024-10-01,1,VAR_DIFF,ETS,1803.3,1874.8569463917547,1803.3,1891.969144814684,71.55694639175476,88.66914481468393,-17.11219842292917
RO1_DEMAND,Ready-Mixed Concrete,2024-09-01,2024-10-01,1,VAR_DIFF,ETS,1147.0,1158.369829726424,1147.0,1176.8431795185782,11.369829726424086,29.843179518578154,-18.473349792154067
RO1_DEMAND,Steel Reinforcement Bars,2024-09-01,2024-10-01,1,VAR_DIFF,ETS,114.09,184.15847893281943,114.09,140.30491973205113,70.06847893281943,26.21491973205113,43.8535592007683
RO1_DEMAND,Cement,2024-09-01,2024-12-01,3,VAR_DIFF,ETS,370.42,359.7349356471253,370.42,415.5448572134861,10.68506435287469,45.12485721348611,-34.43979286061142
RO1_DEMAND,Granite,2024-09-01,2024-12-01,3,VAR_DIFF,ETS,1760.4,1772.8084920450542,1760.4,1816.967904354848,12.408492045054118,56.567904354848,-44.15941230979388
RO1_DEMAND,Ready-Mixed Concrete,2024-09-01,2024-12-01,3,VAR_DIFF,ETS,1167.7,1149.4586479141055,1167.7,1185.9325747688802,18.241352085894505,18.232574768880113,0.008777317014391883
RO1_DEMAND,Steel Reinforcement Bars,2024-09-01,2024-12-01,3,VAR_DIFF,ETS,121.23,156.12309922291786,121.23,125.63595007744205,34.893099222917854,4.405950077442043,30.48714914547581
RO1_DEMAND,Cement,2024-09-01,2025-03-01,6,VAR_DIFF,ETS,382.02,369.98029679841824,382.02,405.0585869662706,12.039703201581744,23.0385869662706,-10.998883764688856
RO1_DEMAND,Granite,2024-09-01,2025-03-01,6,VAR_DIFF,ETS,1925.7,1823.0982147524437,1925.7,1866.0550286245063,102.60178524755634,59.6449713754937,42.95681387206264
RO1_DEMAND,Ready-Mixed Concrete,2024-09-01,2025-03-01,6,VAR_DIFF,ETS,1042.1,1167.9386257259578,1042.1,1197.2335167845124,125.83862572595785,155.1335167845125,-29.29489105855464
RO1_DEMAND,Steel Reinforcement Bars,2024-09-01,2025-03-01,6,VAR_DIFF,ETS,171.69,170.13494349527468,171.69,159.04693853448765,1.5550565047253144,12.643061465512346,-11.088004960787032
RO1_DEMAND,Cement,2024-09-01,2025-09-01,12,VAR_DIFF,ETS,414.73,373.3726822101984,414.73,375.1951450487514,41.35731778980164,39.53485495124863,1.8224628385530082
RO1_DEMAND,Granite,2024-09-01,2025-09-01,12,VAR_DIFF,ETS,2107.6,1828.133627717064,2107.6,1834.3356431247407,279.46637228293594,273.2643568752592,6.202015407676754
RO1_DEMAND,Ready-Mixed Concrete,2024-09-01,2025-09-01,12,VAR_DIFF,ETS,1283.3,1175.0471538102156,1283.3,1158.757115764776,108.25284618978435,124.54288423522394,-16.290038045439587
RO1_DEMAND,Steel Reinforcement Bars,2024-09-01,2025-09-01,12,VAR_DIFF,ETS,131.79,175.0152572316779,131.79,152.26997691565342,43.225257231677915,20.479976915653424,22.74528031602449
RO1_DEMAND,Cement,2024-10-01,2024-11-01,1,VAR_DIFF,ETS,408.36,383.41339260217376,408.36,369.64668948647306,24.946607397826256,38.71331051352695,-13.766703115700693
RO1_DEMAND,Granite,2024-10-01,2024-11-01,1,VAR_DIFF,ETS,1706.4,1819.2186796818485,1706.4,1726.1506755906028,112.81867968184838,19.75067559060267,93.06800409124571
RO1_DEMAND,Ready-Mixed Concrete,2024-10-01,2024-11-01,1,VAR_DIFF,ETS,1112.7,1192.3069554384022,1112.7,1120.890616883892,79.60695543840211,8.190616883892062,71.41633855451005
RO1_DEMAND,Steel Reinforcement Bars,2024-10-01,2024-11-01,1,VAR_DIFF,ETS,140.53,139.9531299466762,140.53,134.11847091973823,0.5768700533238018,6.411529080261772,-5.83465902693797
RO1_DEMAND,Cement,2024-10-01,2025-01-01,3,VAR_DIFF,ETS,314.17,389.1513918599043,314.17,396.52603194652016,74.9813918599043,82.35603194652015,-7.374640086615841
RO1_DEMAND,Granite,2024-10-01,2025-01-01,3,VAR_DIFF,ETS,1589.2,1848.974984433309,1589.2,1666.6453971787291,259.7749844333089,77.44539717872908,182.3295872545798
RO1_DEMAND,Ready-Mixed Concrete,2024-10-01,2025-01-01,3,VAR_DIFF,ETS,1031.1,1180.911856778633,1031.1,1109.3886076124518,149.811856778633,78.28860761245187,71.52324916618113
RO1_DEMAND,Steel Reinforcement Bars,2024-10-01,2025-01-01,3,VAR_DIFF,ETS,105.3,150.86045486384768,105.3,140.66795905426466,45.56045486384768,35.36795905426466,10.192495809583022
RO1_DEMAND,Cement,2024-10-01,2025-04-01,6,VAR_DIFF,ETS,372.25,381.2887544325504,372.25,365.5995526803278,9.038754432550377,6.650447319672196,2.3883071128781808
RO1_DEMAND,Granite,2024-10-01,2025-04-01,6,VAR_DIFF,ETS,1668.0,1813.114759273638,1668.0,1707.2264740925273,145.1147592736379,39.22647409252727,105.88828518111063
RO1_DEMAND,Ready-Mixed Concrete,2024-10-01,2025-04-01,6,VAR_DIFF,ETS,1113.2,1173.9562859094665,1113.2,1096.1770207757293,60.75628590946644,17.022979224270784,43.73330668519566
RO1_DEMAND,Steel Reinforcement Bars,2024-10-01,2025-04-01,6,VAR_DIFF,ETS,152.83,140.78912772944207,152.83,149.32176063308492,12.04087227055794,3.5082393669150918,8.532632903642849
RO1_DEMAND,Cement,2024-10-01,2025-10-01,12,VAR_DIFF,ETS,553.71,378.1573074275491,553.71,397.64467801027865,175.55269257245095,156.06532198972138,19.487370582729568
RO1_DEMAND,Granite,2024-10-01,2025-10-01,12,VAR_DIFF,ETS,2147.9,1815.540328355382,2147.9,1818.3716719857655,332.3596716446182,329.5283280142346,2.8313436303835715
RO1_DEMAND,Ready-Mixed Concrete,2024-10-01,2025-10-01,12,VAR_DIFF,ETS,1401.3,1180.0324399103374,1401.3,1150.12934531918,221.26756008966254,251.17065468082,-29.90309459115747
RO1_DEMAND,Steel Reinforcement Bars,2024-10-01,2025-10-01,12,VAR_DIFF,ETS,146.31,142.17187072044737,146.31,134.77052901018894,4.138129279552629,11.539470989811065,-7.401341710258436
RO1_DEMAND,Cement,2024-11-01,2024-12-01,1,VAR_DIFF,ETS,370.42,338.9748521378707,370.42,431.2575486154724,31.445147862129318,60.83754861547237,-29.392400753343054
RO1_DEMAND,Granite,2024-11-01,2024-12-01,1,VAR_DIFF,ETS,1760.4,1638.2418052810906,1760.4,1728.237686083674,122.1581947189095,32.162313916326184,89.99588080258332
RO1_DEMAND,Ready-Mixed Concrete,2024-11-01,2024-12-01,1,VAR_DIFF,ETS,1167.7,1077.3653740900718,1167.7,1152.6320118340343,90.33462590992826,15.067988165965744,75.26663774396252
RO1_DEMAND,Steel Reinforcement Bars,2024-11-01,2024-12-01,1,VAR_DIFF,ETS,121.23,123.23889397234156,121.23,121.99209962756892,2.0088939723415535,0.7620996275689151,1.2467943447726384
RO1_DEMAND,Cement,2024-11-01,2025-02-01,3,VAR_DIFF,ETS,379.05,378.19254170248615,379.05,311.34760420881787,0.8574582975138583,67.70239579118214,-66.84493749366828
RO1_DEMAND,Granite,2024-11-01,2025-02-01,3,VAR_DIFF,ETS,1672.6,1699.6336630244816,1672.6,1492.0965467472918,27.03366302448171,180.50345325270814,-153.46979022822643
RO1_DEMAND,Ready-Mixed Concrete,2024-11-01,2025-02-01,3,VAR_DIFF,ETS,1046.6,1105.419192552774,1046.6,968.6776220709392,58.819192552773984,77.92237792906076,-19.103185376286774
RO1_DEMAND,Steel Reinforcement Bars,2024-11-01,2025-02-01,3,VAR_DIFF,ETS,231.33,135.7596243071323,231.33,110.73835858283245,95.57037569286771,120.59164141716757,-25.02126572429985
RO1_DEMAND,Cement,2024-11-01,2025-05-01,6,VAR_DIFF,ETS,356.5,372.50509880682256,356.5,371.65519344290055,16.00509880682256,15.155193442900554,0.8499053639220051
RO1_DEMAND,Granite,2024-11-01,2025-05-01,6,VAR_DIFF,ETS,1863.3,1703.8674259449729,1863.3,1687.0505422539795,159.4325740550271,176.24945774602043,-16.816883690993336
RO1_DEMAND,Ready-Mixed Concrete,2024-11-01,2025-05-01,6,VAR_DIFF,ETS,1142.6,1112.2626609404322,1142.6,1085.0918950805417,30.33733905956774,57.50810491945822,-27.17076585989048
RO1_DEMAND,Steel Reinforcement Bars,2024-11-01,2025-05-01,6,VAR_DIFF,ETS,174.15,139.0451208420762,174.15,126.35963276127336,35.10487915792382,47.790367238726645,-12.685488080802827
RO1_DEMAND,Cement,2024-11-01,2025-11-01,12,VAR_DIFF,ETS,373.57,370.7226620298479,373.57,381.2867911217388,2.8473379701520685,7.716791121738822,-4.869453151586754
RO1_DEMAND,Granite,2024-11-01,2025-11-01,12,VAR_DIFF,ETS,2010.2,1698.792471137288,2010.2,1710.554412997138,311.40752886271207,299.64558700286216,11.761941859849912
RO1_DEMAND,Ready-Mixed Concrete,2024-11-01,2025-11-01,12,VAR_DIFF,ETS,1306.0,1116.864141417275,1306.0,1113.5683903852307,189.13585858272495,192.4316096147693,-3.295751032044336
RO1_DEMAND,Steel Reinforcement Bars,2024-11-01,2025-11-01,12,VAR_DIFF,ETS,167.38,139.0410405812496,167.38,135.45769865330595,28.33895941875039,31.92230134669404,-3.58334192794365
RO1_DEMAND,Cement,2024-12-01,2025-01-01,1,VAR_DIFF,ETS,314.17,403.1076583503121,314.17,390.5726264072478,88.93765835031206,76.4026264072478,12.535031943064268
RO1_DEMAND,Granite,2024-12-01,2025-01-01,1,VAR_DIFF,ETS,1589.2,1866.826687093652,1589.2,1682.3892087921774,277.626687093652,93.1892087921774,184.43747830147458
RO1_DEMAND,Ready-Mixed Concrete,2024-12-01,2025-01-01,1,VAR_DIFF,ETS,1031.1,1194.4546859321802,1031.1,1115.5417655912818,163.35468593218025,84.44176559128186,78.91292034089838
RO1_DEMAND,Steel Reinforcement Bars,2024-12-01,2025-01-01,1,VAR_DIFF,ETS,105.3,152.58322633002567,105.3,141.93954672156912,47.28322633002567,36.63954672156912,10.643679608456551
RO1_DEMAND,Cement,2024-12-01,2025-03-01,3,VAR_DIFF,ETS,382.02,403.3777772923728,382.02,403.916219770071,21.357777292372816,21.896219770071013,-0.5384424776981973
RO1_DEMAND,Granite,2024-12-01,2025-03-01,3,VAR_DIFF,ETS,1925.7,1826.4736170416677,1925.7,1805.34180538516,99.22638295833235,120.35819461484016,-21.131811656507807
RO1_DEMAND,Ready-Mixed Concrete,2024-12-01,2025-03-01,3,VAR_DIFF,ETS,1042.1,1183.182297332144,1042.1,1177.415530266397,141.08229733214398,135.315530266397,5.76676706574699
RO1_DEMAND,Steel Reinforcement Bars,2024-12-01,2025-03-01,3,VAR_DIFF,ETS,171.69,141.6551422180762,171.69,155.55030798715077,30.03485778192379,16.139692012849224,13.895165769074566
RO1_DEMAND,Cement,2024-12-01,2025-06-01,6,VAR_DIFF,ETS,454.02,401.3272285227052,454.02,356.2563238993736,52.6927714772948,97.76367610062636,-45.07090462333156
RO1_DEMAND,Granite,2024-12-01,2025-06-01,6,VAR_DIFF,ETS,1765.6,1821.2777425080744,1765.6,1711.746264719101,55.677742508074516,53.853735280898945,1.8240072271755707
RO1_DEMAND,Ready-Mixed Concrete,2024-12-01,2025-06-01,6,VAR_DIFF,ETS,1205.3,1181.1416964312648,1205.3,1119.258689681432,24.158303568735164,86.04131031856787,-61.8830067498327
RO1_DEMAND,Steel Reinforcement Bars,2024-12-01,2025-06-01,6,VAR_DIFF,ETS,109.58,139.46314391379278,109.58,132.7486623115721,29.88314391379278,23.168662311572106,6.714481602220673
RO1_DEMAND,Cement,2024-12-01,2025-12-01,12,VAR_DIFF,ETS,628.44,398.8747676523757,628.44,413.0202900909341,229.56523234762437,215.41970990906594,14.14552243855843
RO1_DEMAND,Granite,2024-12-01,2025-12-01,12,VAR_DIFF,ETS,2282.5,1820.0503420147409,2282.5,1754.2422775159675,462.44965798525914,528.2577224840325,-65.80806449877332
RO1_DEMAND,Ready-Mixed Concrete,2024-12-01,2025-12-01,12,VAR_DIFF,ETS,1432.3,1186.8615929055295,1432.3,1166.1144748135032,245.43840709447045,266.18552518649676,-20.747118092026312
RO1_DEMAND,Steel Reinforcement Bars,2024-12-01,2025-12-01,12,VAR_DIFF,ETS,276.16,139.9781303244215,276.16,121.83278133058498,136.18186967557853,154.32721866941506,-18.145348993836535
RO1_DEMAND,Cement,2025-01-01,2025-02-01,1,VAR_DIFF,ETS,379.05,363.0231190654053,379.05,274.0868776546415,16.026880934594715,104.9631223453585,-88.93624141076378
RO1_DEMAND,Granite,2025-01-01,2025-02-01,1,VAR_DIFF,ETS,1672.6,1598.2955152989152,1672.6,1440.448222932019,74.30448470108468,232.1517770679809,-157.84729236689623
RO1_DEMAND,Ready-Mixed Concrete,2025-01-01,2025-02-01,1,VAR_DIFF,ETS,1046.6,1067.137440172144,1046.6,907.010516962911,20.537440172143988,139.58948303708894,-119.05204286494495
RO1_DEMAND,Steel Reinforcement Bars,2025-01-01,2025-02-01,1,VAR_DIFF,ETS,231.33,111.3728955570445,231.33,104.24128488834388,119.95710444295551,127.08871511165613,-7.131610668700617
RO1_DEMAND,Cement,2025-01-01,2025-04-01,3,VAR_DIFF,ETS,372.25,328.91966846655066,372.25,339.09936321807686,43.33033153344934,33.15063678192314,10.179694751526199
RO1_DEMAND,Granite,2025-01-01,2025-04-01,3,VAR_DIFF,ETS,1668.0,1582.872417947152,1668.0,1650.641834163325,85.12758205284808,17.35816583667497,67.76941621617311
RO1_DEMAND,Ready-Mixed Concrete,2025-01-01,2025-04-01,3,VAR_DIFF,ETS,1113.2,1053.5156042579065,1113.2,1027.6121670538246,59.68439574209356,85.58783294617547,-25.90343720408191
RO1_DEMAND,Steel Reinforcement Bars,2025-01-01,2025-04-01,3,VAR_DIFF,ETS,152.83,108.73447426637424,152.83,144.01489403786863,44.09552573362578,8.815105962131383,35.280419771494394
RO1_DEMAND,Cement,2025-01-01,2025-07-01,6,VAR_DIFF,ETS,431.58,338.66337954712463,431.58,363.89926634282017,92.91662045287535,67.68073365717981,25.235886795695535
RO1_DEMAND,Granite,2025-01-01,2025-07-01,6,VAR_DIFF,ETS,2113.3,1600.4081199744817,2113.3,1748.665287084148,512.8918800255185,364.6347129158521,148.2571671096664
RO1_DEMAND,Ready-Mixed Concrete,2025-01-01,2025-07-01,6,VAR_DIFF,ETS,1334.2,1066.5603923499682,1334.2,1074.984786212403,267.63960765003185,259.2152137875971,8.424393862434727
RO1_DEMAND,Steel Reinforcement Bars,2025-01-01,2025-07-01,6,VAR_DIFF,ETS,155.84,116.37426046883805,155.84,139.07915760790883,39.46573953116196,16.760842392091178,22.70489713907078
RO1_DEMAND,Cement,2025-01-01,2026-01-01,12,VAR_DIFF,ETS,455.63,340.8558323921514,455.63,367.6027836772655,114.7741676078486,88.02721632273449,26.746951285114108
RO1_DEMAND,Granite,2025-01-01,2026-01-01,12,VAR_DIFF,ETS,2383.6,1597.0647316574166,2383.6,1605.4945233102196,786.5352683425833,778.1054766897803,8.429791652803033
RO1_DEMAND,Ready-Mixed Concrete,2025-01-01,2026-01-01,12,VAR_DIFF,ETS,1513.8,1073.439727008859,1513.8,1039.996294277886,440.36027299114085,473.80370572211405,-33.4434327309732
RO1_DEMAND,Steel Reinforcement Bars,2025-01-01,2026-01-01,12,VAR_DIFF,ETS,235.92,116.6621325663888,235.92,134.1958677373136,119.25786743361118,101.7241322626864,17.533735170924786
RO1_DEMAND,Cement,2025-02-01,2025-03-01,1,VAR_DIFF,ETS,382.02,332.4325849480148,382.02,411.79720154208974,49.587415051985204,29.777201542089756,19.810213509895448
RO1_DEMAND,Granite,2025-02-01,2025-03-01,1,VAR_DIFF,ETS,1925.7,1593.7251225029397,1925.7,1919.08648139847,331.97487749706033,6.6135186015301315,325.3613588955302
RO1_DEMAND,Ready-Mixed Concrete,2025-02-01,2025-03-01,1,VAR_DIFF,ETS,1042.1,1024.6510902429015,1042.1,1226.177457251286,17.448909757098363,184.07745725128598,-166.62854749418761
RO1_DEMAND,Steel Reinforcement Bars,2025-02-01,2025-03-01,1,VAR_DIFF,ETS,171.69,173.92125502904855,171.69,170.85016401864664,2.2312550290485547,0.8398359813533602,1.3914190476951944
RO1_DEMAND,Cement,2025-02-01,2025-05-01,3,VAR_DIFF,ETS,356.5,338.2624822140812,356.5,362.9431212509678,18.237517785918783,6.443121250967806,11.794396534950977
RO1_DEMAND,Granite,2025-02-01,2025-05-01,3,VAR_DIFF,ETS,1863.3,1541.431245273234,1863.3,1826.9518943755445,321.8687547267659,36.34810562445546,285.5206491023105
RO1_DEMAND,Ready-Mixed Concrete,2025-02-01,2025-05-01,3,VAR_DIFF,ETS,1142.6,1023.6783114024852,1142.6,1148.0408575110916,118.92168859751473,5.440857511091735,113.480831086423
RO1_DEMAND,Steel Reinforcement Bars,2025-02-01,2025-05-01,3,VAR_DIFF,ETS,174.15,161.1143821968227,174.15,141.53408305974838,13.035617803177303,32.61591694025162,-19.58029913707432
RO1_DEMAND,Cement,2025-02-01,2025-08-01,6,VAR_DIFF,ETS,427.22,335.7350166631599,427.22,398.2072582633705,91.48498333684012,29.01274173662955,62.472241600210566
RO1_DEMAND,Granite,2025-02-01,2025-08-01,6,VAR_DIFF,ETS,2098.6,1565.4472650425655,2098.6,1868.838821622968,533.1527349574344,229.7611783770319,303.3915565804025
RO1_DEMAND,Ready-Mixed Concrete,2025-02-01,2025-08-01,6,VAR_DIFF,ETS,1282.5,1033.823822332074,1282.5,1183.9265089321575,248.6761776679259,98.5734910678425,150.10268660008342
RO1_DEMAND,Steel Reinforcement Bars,2025-02-01,2025-08-01,6,VAR_DIFF,ETS,125.51,167.1707046762836,125.51,149.22317544756513,41.6607046762836,23.71317544756512,17.94752922871848
RO1_DEMAND,Cement,2025-02-01,2026-02-01,12,VAR_DIFF,ETS,396.88,331.9898173738331,396.88,305.29345020610555,64.8901826261669,91.58654979389445,-26.696367167727544
RO1_DEMAND,Granite,2025-02-01,2026-02-01,12,VAR_DIFF,ETS,1726.7,1566.68386085824,1726.7,1631.3140413232918,160.01613914176005,95.38595867670824,64.63018046505181
RO1_DEMAND,Ready-Mixed Concrete,2025-02-01,2026-02-01,12,VAR_DIFF,ETS,1123.1,1036.6892772618596,1123.1,1031.204843667105,86.4107227381403,91.89515633289489,-5.4844335947545915
RO1_DEMAND,Steel Reinforcement Bars,2025-02-01,2026-02-01,12,VAR_DIFF,ETS,165.5,171.66130789708518,165.5,129.95059652741577,6.16130789708518,35.54940347258423,-29.38809557549905
RO1_DEMAND,Cement,2025-03-01,2025-04-01,1,VAR_DIFF,ETS,372.25,342.0074738867024,372.25,359.336611207221,30.242526113297572,12.913388792779017,17.329137320518555
RO1_DEMAND,Granite,2025-03-01,2025-04-01,1,VAR_DIFF,ETS,1668.0,1700.775036715647,1668.0,1842.5043366616048,32.77503671564705,174.50433666160484,-141.7292999459578
RO1_DEMAND,Ready-Mixed Concrete,2025-03-01,2025-04-01,1,VAR_DIFF,ETS,1113.2,1037.4925461715588,1113.2,990.3326719836124,75.7074538284412,122.86732801638766,-47.15987418794646
RO1_DEMAND,Steel Reinforcement Bars,2025-03-01,2025-04-01,1,VAR_DIFF,ETS,152.83,141.35816498277728,152.83,165.89529661963593,11.47183501722273,13.065296619635916,-1.5934616024131856
RO1_DEMAND,Cement,2025-03-01,2025-06-01,3,VAR_DIFF,ETS,454.02,381.5651476517242,454.02,355.83039291220183,72.45485234827578,98.18960708779815,-25.734754739522373
RO1_DEMAND,Granite,2025-03-01,2025-06-01,3,VAR_DIFF,ETS,1765.6,1741.2993546880343,1765.6,1829.3627786974864,24.30064531196558,63.76277869748651,-39.46213338552093
RO1_DEMAND,Ready-Mixed Concrete,2025-03-01,2025-06-01,3,VAR_DIFF,ETS,1205.3,1025.4793682985849,1205.3,1008.054362402106,179.8206317014151,197.24563759789396,-17.425005896478865
RO1_DEMAND,Steel Reinforcement Bars,2025-03-01,2025-06-01,3,VAR_DIFF,ETS,109.58,176.96771066908968,109.58,148.2303955918306,67.38771066908969,38.65039559183059,28.737315077259098
RO1_DEMAND,Cement,2025-03-01,2025-09-01,6,VAR_DIFF,ETS,414.73,364.88551483257294,414.73,373.7348555932549,49.84448516742708,40.99514440674511,8.849340760681969
RO1_DEMAND,Granite,2025-03-01,2025-09-01,6,VAR_DIFF,ETS,2107.6,1717.8971201802815,2107.6,1896.157185606027,389.7028798197184,211.44281439397287,178.26006542574555
RO1_DEMAND,Ready-Mixed Concrete,2025-03-01,2025-09-01,6,VAR_DIFF,ETS,1283.3,1027.9911266450963,1283.3,1028.955225474372,255.30887335490365,254.34477452562805,0.9640988292755992
RO1_DEMAND,Steel Reinforcement Bars,2025-03-01,2025-09-01,6,VAR_DIFF,ETS,131.79,163.72755060309905,131.79,164.06285030013535,31.937550603099055,32.27285030013536,-0.33529969703630513
RO1_DEMAND,Cement,2025-03-01,2026-03-01,12,VAR_DIFF,ETS,444.92,354.8810202116972,444.92,403.0033496993312,90.03897978830281,41.916650300668834,48.122329487633976
RO1_DEMAND,Granite,2025-03-01,2026-03-01,12,VAR_DIFF,ETS,1890.0,1726.6177980639072,1890.0,1924.5505226066336,163.38220193609277,34.55052260663365,128.83167932945912
RO1_DEMAND,Ready-Mixed Concrete,2025-03-01,2026-03-01,12,VAR_DIFF,ETS,1393.7,1035.695666512218,1393.7,1064.2048941997198,358.0043334877821,329.49510580028027,28.509227687501834
RO1_DEMAND,Steel Reinforcement Bars,2025-03-01,2026-03-01,12,VAR_DIFF,ETS,187.65,164.63834198684074,187.65,171.06657858590222,23.011658013159263,16.583421414097785,6.428236599061478
RO1_DEMAND,Cement,2025-04-01,2025-05-01,1,VAR_DIFF,ETS,356.5,367.8184399819303,356.5,358.47528071978456,11.318439981930283,1.975280719784564,9.343159262145718
RO1_DEMAND,Granite,2025-04-01,2025-05-01,1,VAR_DIFF,ETS,1863.3,1710.009845202741,1863.3,1688.485422918768,153.290154797259,174.81457708123185,-21.524422283972854
RO1_DEMAND,Ready-Mixed Concrete,2025-04-01,2025-05-01,1,VAR_DIFF,ETS,1142.6,1073.3675881204265,1142.6,1093.22867148217,69.23241187957342,49.37132851782985,19.861083361743567
RO1_DEMAND,Steel Reinforcement Bars,2025-04-01,2025-05-01,1,VAR_DIFF,ETS,174.15,166.0912291323054,174.15,139.39427155460007,8.05877086769462,34.75572844539994,-26.69695757770532
RO1_DEMAND,Cement,2025-04-01,2025-07-01,3,VAR_DIFF,ETS,431.58,358.9182208182786,431.58,387.2445758884459,72.66177918172139,44.33542411155406,28.326355070167324
RO1_DEMAND,Granite,2025-04-01,2025-07-01,3,VAR_DIFF,ETS,2113.3,1791.27301595222,2113.3,1796.0677204749445,322.02698404778016,317.2322795250557,4.794704522724487
RO1_DEMAND,Ready-Mixed Concrete,2025-04-01,2025-07-01,3,VAR_DIFF,ETS,1334.2,1101.6811591318033,1334.2,1143.381355529707,232.51884086819678,190.81864447029307,41.70019639790371
RO1_DEMAND,Steel Reinforcement Bars,2025-04-01,2025-07-01,3,VAR_DIFF,ETS,155.84,172.79259991727187,155.84,158.40418079483058,16.95259991727187,2.564180794830577,14.388419122441292
RO1_DEMAND,Cement,2025-04-01,2025-10-01,6,VAR_DIFF,ETS,553.71,378.1771040926874,553.71,394.9981797032938,175.53289590731265,158.71182029670626,16.821075610606385
RO1_DEMAND,Granite,2025-04-01,2025-10-01,6,VAR_DIFF,ETS,2147.9,1767.6289344332986,2147.9,1801.6108526718167,380.2710655667015,346.2891473281834,33.98191823851812
RO1_DEMAND,Ready-Mixed Concrete,2025-04-01,2025-10-01,6,VAR_DIFF,ETS,1401.3,1093.5309040916384,1401.3,1150.6477139255555,307.7690959083616,250.65228607444442,57.11680983391716
RO1_DEMAND,Steel Reinforcement Bars,2025-04-01,2025-10-01,6,VAR_DIFF,ETS,146.31,175.264764797062,146.31,148.7005721673308,28.954764797062012,2.390572167330788,26.564192629731224
RO1_DEMAND,Cement,2025-04-01,2026-04-01,12,VAR_DIFF,ETS,420.73,379.28245440615495,420.73,363.2155423905822,41.447545593845064,57.51445760941783,-16.06691201557277
RO1_DEMAND,Granite,2025-04-01,2026-04-01,12,VAR_DIFF,ETS,2102.3,1758.8568422246365,2102.3,1698.6682169502403,343.4431577753637,403.63178304975986,-60.188625274396145
RO1_DEMAND,Ready-Mixed Concrete,2025-04-01,2026-04-01,12,VAR_DIFF,ETS,1407.7,1096.835767921597,1407.7,1097.4030237402703,310.8642320784031,310.2969762597297,0.5672558186734022
RO1_DEMAND,Steel Reinforcement Bars,2025-04-01,2026-04-01,12,VAR_DIFF,ETS,232.35,173.78204902991817,232.35,163.1404140875584,58.567950970081824,69.20958591244158,-10.641634942359758
RO1_DEMAND,Cement,2025-05-01,2025-06-01,1,VAR_DIFF,ETS,454.02,421.0290604022081,454.02,358.54368776494374,32.99093959779191,95.47631223505624,-62.485372637264334
RO1_DEMAND,Granite,2025-05-01,2025-06-01,1,VAR_DIFF,ETS,1765.6,1901.1330873812356,1765.6,1825.6269842930208,135.53308738123565,60.02698429302086,75.50610308821479
RO1_DEMAND,Ready-Mixed Concrete,2025-05-01,2025-06-01,1,VAR_DIFF,ETS,1205.3,1132.940319084485,1205.3,1156.8645780731192,72.3596809155149,48.435421926880736,23.924258988634165
RO1_DEMAND,Steel Reinforcement Bars,2025-05-01,2025-06-01,1,VAR_DIFF,ETS,109.58,185.0881537301634,109.58,151.93650435756084,75.50815373016341,42.35650435756084,33.15164937260258
RO1_DEMAND,Cement,2025-05-01,2025-08-01,3,VAR_DIFF,ETS,427.22,393.3874606917073,427.22,393.2460135211998,33.83253930829272,33.973986478800214,-0.14144717050749023
RO1_DEMAND,Granite,2025-05-01,2025-08-01,3,VAR_DIFF,ETS,2098.6,1871.7689477512029,2098.6,1867.2801989273823,226.83105224879705,231.31980107261757,-4.488748823820515
RO1_DEMAND,Ready-Mixed Concrete,2025-05-01,2025-08-01,3,VAR_DIFF,ETS,1282.5,1144.6671947871007,1282.5,1172.956707218485,137.8328052128993,109.54329278151499,28.28951243138431
RO1_DEMAND,Steel Reinforcement Bars,2025-05-01,2025-08-01,3,VAR_DIFF,ETS,125.51,175.50225845797138,125.51,152.95733657057903,49.992258457971374,27.447336570579026,22.54492188739235
RO1_DEMAND,Cement,2025-05-01,2025-11-01,6,VAR_DIFF,ETS,373.57,382.42891640719705,373.57,367.9199951401743,8.858916407197057,5.650004859825685,3.208911547371372
RO1_DEMAND,Granite,2025-05-01,2025-11-01,6,VAR_DIFF,ETS,2010.2,1879.575156123898,2010.2,1852.2802248654425,130.62484387610198,157.91977513455754,-27.294931258455563
RO1_DEMAND,Ready-Mixed Concrete,2025-05-01,2025-11-01,6,VAR_DIFF,ETS,1306.0,1143.6163059711896,1306.0,1163.53780361719,162.3836940288104,142.4621963828099,19.92149764600049
RO1_DEMAND,Steel Reinforcement Bars,2025-05-01,2025-11-01,6,VAR_DIFF,ETS,167.38,176.64070515544492,167.38,154.3389265053158,9.260705155444924,13.041073494684184,-3.78036833923926
RO1_DEMAND,Cement,2025-05-01,2026-05-01,12,VAR_DIFF,ETS,455.34,387.0038869765835,455.34,357.9408068895625,68.33611302341649,97.39919311043747,-29.06308008702098
RO1_DEMAND,Granite,2025-05-01,2026-05-01,12,VAR_DIFF,ETS,2054.7,1880.38183654192,2054.7,1831.7146487455336,174.31816345807988,222.9853512544662,-48.667187796386315
RO1_DEMAND,Ready-Mixed Concrete,2025-05-01,2026-05-01,12,VAR_DIFF,ETS,1315.0,1148.878444357107,1315.0,1136.2861230941712,166.1215556428931,178.71387690582878,-12.592321262935684
RO1_DEMAND,Steel Reinforcement Bars,2025-05-01,2026-05-01,12,VAR_DIFF,ETS,262.3,179.67902286282165,262.3,146.59130410877228,82.62097713717836,115.70869589122773,-33.08771875404938
RO1_DEMAND,Cement,2025-06-01,2025-07-01,1,VAR_DIFF,ETS,431.58,393.12766317878334,431.58,412.0004581071937,38.45233682121665,19.579541892806276,18.87279492841037
RO1_DEMAND,Granite,2025-06-01,2025-07-01,1,VAR_DIFF,ETS,2113.3,1902.9778756970363,2113.3,1888.8280525760947,210.32212430296386,224.47194742390548,-14.149823120941619
RO1_DEMAND,Ready-Mixed Concrete,2025-06-01,2025-07-01,1,VAR_DIFF,ETS,1334.2,1216.1808604668852,1334.2,1215.5064669760538,118.01913953311487,118.6935330239462,-0.6743934908313349
RO1_DEMAND,Steel Reinforcement Bars,2025-06-01,2025-07-01,1,VAR_DIFF,ETS,155.84,154.792438038353,155.84,157.10820582493375,1.0475619616470055,1.2682058249337445,-0.2206438632867389
RO1_DEMAND,Cement,2025-06-01,2025-09-01,3,VAR_DIFF,ETS,414.73,413.9674351665746,414.73,401.94538312783794,0.7625648334254151,12.784616872162076,-12.02205203873666
RO1_DEMAND,Granite,2025-06-01,2025-09-01,3,VAR_DIFF,ETS,2107.6,1920.869423565969,2107.6,1838.5991590080048,186.7305764340308,269.0008409919951,-82.27026455796431
RO1_DEMAND,Ready-Mixed Concrete,2025-06-01,2025-09-01,3,VAR_DIFF,ETS,1283.3,1226.8487897102152,1283.3,1188.3037777535424,56.45121028978474,94.99622224645759,-38.54501195667285
RO1_DEMAND,Steel Reinforcement Bars,2025-06-01,2025-09-01,3,VAR_DIFF,ETS,131.79,149.9844049558948,131.79,160.37707697157228,18.19440495589481,28.587076971572287,-10.392672015677476
RO1_DEMAND,Cement,2025-06-01,2025-12-01,6,VAR_DIFF,ETS,628.44,416.4991015615751,628.44,440.3376911162634,211.94089843842494,188.10230888373667,23.83858955468827
RO1_DEMAND,Granite,2025-06-01,2025-12-01,6,VAR_DIFF,ETS,2282.5,1900.3796360198944,2282.5,1819.5579292679893,382.1203639801056,462.94207073201073,-80.82170675190514
RO1_DEMAND,Ready-Mixed Concrete,2025-06-01,2025-12-01,6,VAR_DIFF,ETS,1432.3,1220.875434626058,1432.3,1200.137768339814,211.42456537394196,232.16223166018585,-20.737666286243893
RO1_DEMAND,Steel Reinforcement Bars,2025-06-01,2025-12-01,6,VAR_DIFF,ETS,276.16,147.12681444147205,276.16,133.4452040854344,129.03318555852798,142.71479591456563,-13.681610356037652
RO1_DEMAND,Cement,2025-07-01,2025-08-01,1,VAR_DIFF,ETS,427.22,448.4893434349197,427.22,423.76075587431023,21.269343434919676,3.459244125689793,17.810099309229884
RO1_DEMAND,Granite,2025-07-01,2025-08-01,1,VAR_DIFF,ETS,2098.6,2071.02849142717,2098.6,1997.8537695937769,27.57150857282977,100.74623040622305,-73.17472183339328
RO1_DEMAND,Ready-Mixed Concrete,2025-07-01,2025-08-01,1,VAR_DIFF,ETS,1282.5,1286.9852961527322,1282.5,1306.7803363207508,4.4852961527321895,24.28033632075085,-19.79504016801866
RO1_DEMAND,Steel Reinforcement Bars,2025-07-01,2025-08-01,1,VAR_DIFF,ETS,125.51,144.40808884681582,125.51,145.37643529514344,18.89808884681581,19.866435295143432,-0.9683464483276225
RO1_DEMAND,Cement,2025-07-01,2025-10-01,3,VAR_DIFF,ETS,553.71,467.8071796609246,553.71,424.8014337240848,85.90282033907545,128.90856627591523,-43.00574593683979
RO1_DEMAND,Granite,2025-07-01,2025-10-01,3,VAR_DIFF,ETS,2147.9,2074.612645266848,2147.9,2069.8784493467133,73.28735473315191,78.0215506532868,-4.73419592013488
RO1_DEMAND,Ready-Mixed Concrete,2025-07-01,2025-10-01,3,VAR_DIFF,ETS,1401.3,1307.4262255592482,1401.3,1326.1276251039562,93.87377444075173,75.17237489604372,18.70139954470801
RO1_DEMAND,Steel Reinforcement Bars,2025-07-01,2025-10-01,3,VAR_DIFF,ETS,146.31,152.2393737945165,146.31,147.17236158917456,5.9293737945164935,0.8623615891745544,5.067012205341939
RO1_DEMAND,Cement,2025-07-01,2026-01-01,6,VAR_DIFF,ETS,455.63,452.1062586010294,455.63,420.3227897316317,3.5237413989705715,35.307210268368294,-31.783468869397723
RO1_DEMAND,Granite,2025-07-01,2026-01-01,6,VAR_DIFF,ETS,2383.6,2074.4810237346423,2383.6,1918.2469567146743,309.11897626535756,465.3530432853256,-156.23406701996805
RO1_DEMAND,Ready-Mixed Concrete,2025-07-01,2026-01-01,6,VAR_DIFF,ETS,1513.8,1306.3449292301425,1513.8,1280.9395064010116,207.45507076985746,232.86049359898834,-25.405422829130885
RO1_DEMAND,Steel Reinforcement Bars,2025-07-01,2026-01-01,6,VAR_DIFF,ETS,235.92,148.5850422058923,235.92,151.82660809516884,87.33495779410768,84.09339190483115,3.2415658892765293
RO1_DEMAND,Cement,2025-08-01,2025-09-01,1,VAR_DIFF,ETS,414.73,448.250634288444,414.73,408.0168712101064,33.520634288444,6.713128789893631,26.80750549855037
RO1_DEMAND,Granite,2025-08-01,2025-09-01,1,VAR_DIFF,ETS,2107.6,2108.391955846549,2107.6,2100.4914142146936,0.7919558465491718,7.108585785306332,-6.31662993875716
RO1_DEMAND,Ready-Mixed Concrete,2025-08-01,2025-09-01,1,VAR_DIFF,ETS,1283.3,1310.0373050980893,1283.3,1288.5427675240132,26.737305098089337,5.2427675240132885,21.49453757407605
RO1_DEMAND,Steel Reinforcement Bars,2025-08-01,2025-09-01,1,VAR_DIFF,ETS,131.79,138.878860976779,131.79,156.65068495670857,7.088860976779017,24.86068495670858,-17.771823979929565
RO1_DEMAND,Cement,2025-08-01,2025-11-01,3,VAR_DIFF,ETS,373.57,434.1954044817696,373.57,399.0473947503327,60.62540448176958,25.477394750332735,35.148009731436844
RO1_DEMAND,Granite,2025-08-01,2025-11-01,3,VAR_DIFF,ETS,2010.2,2077.353638712705,2010.2,2061.166068360122,67.15363871270506,50.96606836012211,16.187570352582952
RO1_DEMAND,Ready-Mixed Concrete,2025-08-01,2025-11-01,3,VAR_DIFF,ETS,1306.0,1292.7262495894183,1306.0,1275.1451576577267,13.27375041058167,30.854842342273287,-17.581091931691617
RO1_DEMAND,Steel Reinforcement Bars,2025-08-01,2025-11-01,3,VAR_DIFF,ETS,167.38,137.04432282741007,167.38,143.46218749175353,30.335677172589925,23.91781250824647,6.417864664343455
RO1_DEMAND,Cement,2025-08-01,2026-02-01,6,VAR_DIFF,ETS,396.88,446.251191677795,396.88,331.27061321189854,49.371191677795025,65.60938678810146,-16.238195110306435
RO1_DEMAND,Granite,2025-08-01,2026-02-01,6,VAR_DIFF,ETS,1726.7,2092.2477660688573,1726.7,1840.04102681354,365.5477660688573,113.34102681353988,252.20673925531742
RO1_DEMAND,Ready-Mixed Concrete,2025-08-01,2026-02-01,6,VAR_DIFF,ETS,1123.1,1304.4619027518263,1123.1,1131.6749650426234,181.3619027518264,8.57496504262349,172.7869377092029
RO1_DEMAND,Steel Reinforcement Bars,2025-08-01,2026-02-01,6,VAR_DIFF,ETS,165.5,140.48356313082567,165.5,123.09939608907492,25.016436869174328,42.400603910925085,-17.384167041750757
RO1_DEMAND,Cement,2025-09-01,2025-10-01,1,VAR_DIFF,ETS,553.71,456.2045359375189,553.71,427.2830122881182,97.50546406248111,126.42698771188185,-28.92152364940074
RO1_DEMAND,Granite,2025-09-01,2025-10-01,1,VAR_DIFF,ETS,2147.9,2085.1526122728933,2147.9,2158.2808720775,62.7473877271068,10.380872077500044,52.366515649606754
RO1_DEMAND,Ready-Mixed Concrete,2025-09-01,2025-10-01,1,VAR_DIFF,ETS,1401.3,1290.7868788656233,1401.3,1300.5016215206297,110.51312113437666,100.79837847937029,9.714742655006376
RO1_DEMAND,Steel Reinforcement Bars,2025-09-01,2025-10-01,1,VAR_DIFF,ETS,146.31,142.7622780572168,146.31,139.6169582364886,3.5477219427831983,6.693041763511388,-3.14531982072819
RO1_DEMAND,Cement,2025-09-01,2025-12-01,3,VAR_DIFF,ETS,628.44,426.5992847507482,628.44,448.1029643088347,201.84071524925184,180.33703569116534,21.503679558086503
RO1_DEMAND,Granite,2025-09-01,2025-12-01,3,VAR_DIFF,ETS,2282.5,2076.3464081434804,2282.5,2081.8831649946646,206.1535918565196,200.61683500533536,5.536756851184236
RO1_DEMAND,Ready-Mixed Concrete,2025-09-01,2025-12-01,3,VAR_DIFF,ETS,1432.3,1285.2069727856522,1432.3,1309.6055460954574,147.09302721434779,122.69445390454257,24.398573309805215
RO1_DEMAND,Steel Reinforcement Bars,2025-09-01,2025-12-01,3,VAR_DIFF,ETS,276.16,133.63974894908404,276.16,125.71787570168172,142.520251050916,150.4421242983183,-7.921873247402317
RO1_DEMAND,Cement,2025-09-01,2026-03-01,6,VAR_DIFF,ETS,444.92,427.4919371699541,444.92,438.10915516743137,17.428062830045917,6.810844832568648,10.617217997477269
RO1_DEMAND,Granite,2025-09-01,2026-03-01,6,VAR_DIFF,ETS,1890.0,2080.7191694319517,1890.0,2133.7913784645293,190.71916943195174,243.79137846452932,-53.072209032577575
RO1_DEMAND,Ready-Mixed Concrete,2025-09-01,2026-03-01,6,VAR_DIFF,ETS,1393.7,1288.048048137433,1393.7,1314.4203685869877,105.6519518625671,79.27963141301234,26.372320449554763
RO1_DEMAND,Steel Reinforcement Bars,2025-09-01,2026-03-01,6,VAR_DIFF,ETS,187.65,136.64643107522505,187.65,159.83189915108116,51.00356892477495,27.818100848918846,23.185468075856107
RO1_DEMAND,Cement,2025-10-01,2025-11-01,1,VAR_DIFF,ETS,373.57,450.5674243925517,373.57,435.1156757389536,76.9974243925517,61.545675738953605,15.451748653598088
RO1_DEMAND,Granite,2025-10-01,2025-11-01,1,VAR_DIFF,ETS,2010.2,2145.3018655022947,2010.2,2060.072070472307,135.1018655022947,49.87207047230709,85.2297950299876
RO1_DEMAND,Ready-Mixed Concrete,2025-10-01,2025-11-01,1,VAR_DIFF,ETS,1306.0,1341.6325621316278,1306.0,1357.7112173523265,35.632562131627765,51.71121735232646,-16.078655220698693
RO1_DEMAND,Steel Reinforcement Bars,2025-10-01,2025-11-01,1,VAR_DIFF,ETS,167.38,139.88795468734563,167.38,140.3313384893968,27.49204531265437,27.048661510603182,0.4433838020511871
RO1_DEMAND,Cement,2025-10-01,2026-01-01,3,VAR_DIFF,ETS,455.63,487.7008109508515,455.63,457.12831813241496,32.070810950851524,1.4983181324149655,30.572492818436558
RO1_DEMAND,Granite,2025-10-01,2026-01-01,3,VAR_DIFF,ETS,2383.6,2201.8506007187875,2383.6,1998.6626652521145,181.7493992812124,384.9373347478854,-203.18793546667303
RO1_DEMAND,Ready-Mixed Concrete,2025-10-01,2026-01-01,3,VAR_DIFF,ETS,1513.8,1384.565653453379,1513.8,1342.1506440184392,129.23434654662105,171.6493559815608,-42.41500943493975
RO1_DEMAND,Steel Reinforcement Bars,2025-10-01,2026-01-01,3,VAR_DIFF,ETS,235.92,142.93496758379638,235.92,145.26274009491286,92.98503241620361,90.65725990508713,2.3277725111164784
RO1_DEMAND,Cement,2025-10-01,2026-04-01,6,VAR_DIFF,ETS,420.73,482.1402469629495,420.73,428.81908376719656,61.410246962949486,8.089083767196541,53.321163195752945
RO1_DEMAND,Granite,2025-10-01,2026-04-01,6,VAR_DIFF,ETS,2102.3,2182.9436456453764,2102.3,2036.1068836228685,80.64364564537618,66.19311637713167,14.450529268244509
RO1_DEMAND,Ready-Mixed Concrete,2025-10-01,2026-04-01,6,VAR_DIFF,ETS,1407.7,1377.3844884217815,1407.7,1330.256566619257,30.315511578218548,77.44343338074304,-47.1279218025245
RO1_DEMAND,Steel Reinforcement Bars,2025-10-01,2026-04-01,6,VAR_DIFF,ETS,232.35,138.21330839577195,232.35,155.3195854096529,94.13669160422805,77.0304145903471,17.10627701388094
RO1_DEMAND,Cement,2025-11-01,2025-12-01,1,VAR_DIFF,ETS,628.44,452.20805300579457,628.44,465.4955945196926,176.2319469942055,162.94440548030747,13.28754151389802
RO1_DEMAND,Granite,2025-11-01,2025-12-01,1,VAR_DIFF,ETS,2282.5,2097.7829605298352,2282.5,2035.703559619476,184.71703947016476,246.79644038052402,-62.079400910359254
RO1_DEMAND,Ready-Mixed Concrete,2025-11-01,2025-12-01,1,VAR_DIFF,ETS,1432.3,1340.6106827542278,1432.3,1351.8578689284957,91.68931724577214,80.44213107150426,11.247186174267881
RO1_DEMAND,Steel Reinforcement Bars,2025-11-01,2025-12-01,1,VAR_DIFF,ETS,276.16,145.216500226725,276.16,131.3492720073504,130.94349977327502,144.81072799264962,-13.867228219374596
RO1_DEMAND,Cement,2025-11-01,2026-02-01,3,VAR_DIFF,ETS,396.88,443.7770417344426,396.88,350.2006433242891,46.89704173444261,46.67935667571089,0.21768505873171762
RO1_DEMAND,Granite,2025-11-01,2026-02-01,3,VAR_DIFF,ETS,1726.7,2068.866984145127,1726.7,1799.7898884520762,342.1669841451269,73.08988845207614,269.07709569305075
RO1_DEMAND,Ready-Mixed Concrete,2025-11-01,2026-02-01,3,VAR_DIFF,ETS,1123.1,1335.2180852426206,1123.1,1169.1514181538014,212.11808524262074,46.05141815380148,166.06666708881926
RO1_DEMAND,Steel Reinforcement Bars,2025-11-01,2026-02-01,3,VAR_DIFF,ETS,165.5,152.17132423447137,165.5,124.53020939554692,13.32867576552863,40.96979060445308,-27.64111483892445
RO1_DEMAND,Cement,2025-11-01,2026-05-01,6,VAR_DIFF,ETS,455.34,447.3184005460926,455.34,407.125650957327,8.021599453907356,48.21434904267295,-40.192749588765594
RO1_DEMAND,Granite,2025-11-01,2026-05-01,6,VAR_DIFF,ETS,2054.7,2089.0084543808,2054.7,1999.644366504739,34.30845438079996,55.055633495260736,-20.747179114460778
RO1_DEMAND,Ready-Mixed Concrete,2025-11-01,2026-05-01,6,VAR_DIFF,ETS,1315.0,1348.8103118265792,1315.0,1282.84623491009,33.81031182657921,32.15376508990994,1.65654673666927
RO1_DEMAND,Steel Reinforcement Bars,2025-11-01,2026-05-01,6,VAR_DIFF,ETS,262.3,154.86147508821256,262.3,137.38900201712386,107.43852491178745,124.91099798287615,-17.4724730710887
RO1_DEMAND,Cement,2025-12-01,2026-01-01,1,VAR_DIFF,ETS,455.63,475.7779397566105,455.63,484.1352452201685,20.147939756610526,28.50524522016849,-8.357305463557964
RO1_DEMAND,Granite,2025-12-01,2026-01-01,1,VAR_DIFF,ETS,2383.6,2162.5635234075485,2383.6,2158.3499997939766,221.03647659245144,225.2500002060233,-4.2135236135718515
RO1_DEMAND,Ready-Mixed Concrete,2025-12-01,2026-01-01,1,VAR_DIFF,ETS,1513.8,1361.118899353263,1513.8,1366.8538535557732,152.68110064673692,146.94614644422677,5.734954202510153
RO1_DEMAND,Steel Reinforcement Bars,2025-12-01,2026-01-01,1,VAR_DIFF,ETS,235.92,203.6656083896571,235.92,174.53417490979152,32.25439161034288,61.38582509020847,-29.131433479865592
RO1_DEMAND,Cement,2025-12-01,2026-03-01,3,VAR_DIFF,ETS,444.92,517.6046889413915,444.92,499.2569107312944,72.68468894139147,54.33691073129438,18.34777821009709
RO1_DEMAND,Granite,2025-12-01,2026-03-01,3,VAR_DIFF,ETS,1890.0,2159.8277751740693,1890.0,2284.614039245369,269.8277751740693,394.614039245369,-124.78626407129968
RO1_DEMAND,Ready-Mixed Concrete,2025-12-01,2026-03-01,3,VAR_DIFF,ETS,1393.7,1389.39115768559,1393.7,1425.581953684508,4.308842314409958,31.881953684508062,-27.573111370098104
RO1_DEMAND,Steel Reinforcement Bars,2025-12-01,2026-03-01,3,VAR_DIFF,ETS,187.65,209.22907245531388,187.65,189.9546494188386,21.579072455313877,2.3046494188386077,19.27442303647527
RO1_DEMAND,Cement,2026-01-01,2026-02-01,1,VAR_DIFF,ETS,396.88,537.1541777044156,396.88,386.1552506052674,140.2741777044156,10.724749394732612,129.54942830968298
RO1_DEMAND,Granite,2026-01-01,2026-02-01,1,VAR_DIFF,ETS,1726.7,2362.476447905976,1726.7,2185.253260002064,635.7764479059758,458.553260002064,177.22318790391182
RO1_DEMAND,Ready-Mixed Concrete,2026-01-01,2026-02-01,1,VAR_DIFF,ETS,1123.1,1505.864595947672,1123.1,1365.8046574055024,382.764595947672,242.70465740550253,140.05993854216945
RO1_DEMAND,Steel Reinforcement Bars,2026-01-01,2026-02-01,1,VAR_DIFF,ETS,165.5,215.89482888464056,165.5,161.5943389786431,50.39482888464056,3.905661021356906,46.489167863283654
RO1_DEMAND,Cement,2026-01-01,2026-04-01,3,VAR_DIFF,ETS,420.73,546.121717659371,420.73,447.7578060290854,125.39171765937101,27.027806029085355,98.36391163028566
RO1_DEMAND,Granite,2026-01-01,2026-04-01,3,VAR_DIFF,ETS,2102.3,2404.8198147091,2102.3,2377.922249331834,302.5198147090996,275.6222493318337,26.89756537726589
RO1_DEMAND,Ready-Mixed Concrete,2026-01-01,2026-04-01,3,VAR_DIFF,ETS,1407.7,1512.4500660949666,1407.7,1481.6152396937075,104.75006609496654,73.91523969370746,30.83482640125908
RO1_DEMAND,Steel Reinforcement Bars,2026-01-01,2026-04-01,3,VAR_DIFF,ETS,232.35,246.28032903013008,232.35,196.6819867644685,13.930329030130082,35.668013235531504,-21.737684205401422
RO1_DEMAND,Cement,2026-02-01,2026-03-01,1,VAR_DIFF,ETS,444.92,449.54541133709256,444.92,494.1698384783817,4.625411337092544,49.24983847838166,-44.62442714128912
RO1_DEMAND,Granite,2026-02-01,2026-03-01,1,VAR_DIFF,ETS,1890.0,1823.4231307250484,1890.0,2102.5157444776896,66.5768692749516,212.51574447768962,-145.93887520273802
RO1_DEMAND,Ready-Mixed Concrete,2026-02-01,2026-03-01,1,VAR_DIFF,ETS,1393.7,1238.9440930789806,1393.7,1345.3921474960118,154.75590692101946,48.307852503988215,106.44805441703124
RO1_DEMAND,Steel Reinforcement Bars,2026-02-01,2026-03-01,1,VAR_DIFF,ETS,187.65,197.84139437875112,187.65,203.99788405099096,10.191394378751113,16.347884050990956,-6.156489672239843
RO1_DEMAND,Cement,2026-02-01,2026-05-01,3,VAR_DIFF,ETS,455.34,379.74119462879344,455.34,445.6348782145032,75.59880537120654,9.705121785496772,65.89368358570977
RO1_DEMAND,Granite,2026-02-01,2026-05-01,3,VAR_DIFF,ETS,2054.7,1811.1954358133744,2054.7,2009.5095170294423,243.50456418662543,45.19048297055747,198.31408121606796
RO1_DEMAND,Ready-Mixed Concrete,2026-02-01,2026-05-01,3,VAR_DIFF,ETS,1315.0,1204.6785529441477,1315.0,1272.319322070584,110.32144705585233,42.680677929416106,67.64076912643623
RO1_DEMAND,Steel Reinforcement Bars,2026-02-01,2026-05-01,3,VAR_DIFF,ETS,262.3,184.3505543225387,262.3,175.8369408996546,77.94944567746131,86.46305910034542,-8.513613422884106
RO1_DEMAND,Cement,2026-03-01,2026-04-01,1,VAR_DIFF,ETS,420.73,477.31090045865415,420.73,437.4886916053936,56.58090045865413,16.758691605393608,39.82220885326052
RO1_DEMAND,Granite,2026-03-01,2026-04-01,1,VAR_DIFF,ETS,2102.3,2089.6034072756797,2102.3,1841.810292795,12.696592724320453,260.4897072050003,-247.79311448067983
RO1_DEMAND,Ready-Mixed Concrete,2026-03-01,2026-04-01,1,VAR_DIFF,ETS,1407.7,1391.6830607135369,1407.7,1316.1426648186207,16.016939286463185,91.55733518137936,-75.54039589491617
RO1_DEMAND,Steel Reinforcement Bars,2026-03-01,2026-04-01,1,VAR_DIFF,ETS,232.35,248.8106586161817,232.35,194.30870378556435,16.460658616181718,38.04129621443565,-21.58063759825393
RO1_DEMAND,Cement,2026-04-01,2026-05-01,1,VAR_DIFF,ETS,455.34,414.736622864486,455.34,428.0013012913761,40.603377135513995,27.338698708623895,13.2646784268901
RO1_DEMAND,Granite,2026-04-01,2026-05-01,1,VAR_DIFF,ETS,2054.7,1981.7907606259607,2054.7,2046.1669100719075,72.90923937403909,8.533089928092295,64.3761494459468
RO1_DEMAND,Ready-Mixed Concrete,2026-04-01,2026-05-01,1,VAR_DIFF,ETS,1315.0,1331.637060512097,1315.0,1390.6953353994363,16.637060512096923,75.69533539943632,-59.058274887339394
RO1_DEMAND,Steel Reinforcement Bars,2026-04-01,2026-05-01,1,VAR_DIFF,ETS,262.3,177.89843583919338,262.3,179.71702127217875,84.40156416080663,82.58297872782126,1.8185854329853726
RO1_DEMAND,Cement,2024-06-01,2024-07-01,1,VAR_DIFF,Naive,412.14,326.0771087721419,412.14,397.81,86.06289122785807,14.329999999999984,71.73289122785809
RO1_DEMAND,Granite,2024-06-01,2024-07-01,1,VAR_DIFF,Naive,1951.4,1601.3112607071898,1951.4,1704.7,350.08873929281026,246.70000000000005,103.38873929281021
RO1_DEMAND,Ready-Mixed Concrete,2024-06-01,2024-07-01,1,VAR_DIFF,Naive,1188.3,1074.0632193159763,1188.3,1090.8,114.23678068402364,97.5,16.736780684023643
RO1_DEMAND,Steel Reinforcement Bars,2024-06-01,2024-07-01,1,VAR_DIFF,Naive,108.58,134.2670758150983,108.58,168.8,25.68707581509831,60.22000000000001,-34.5329241849017
RO1_DEMAND,Cement,2024-06-01,2024-09-01,3,VAR_DIFF,Naive,337.8,332.6465931794236,337.8,397.81,5.153406820576436,60.00999999999999,-54.856593179423555
RO1_DEMAND,Granite,2024-06-01,2024-09-01,3,VAR_DIFF,Naive,1821.8,1628.2952026284474,1821.8,1704.7,193.5047973715525,117.09999999999991,76.4047973715526
RO1_DEMAND,Ready-Mixed Concrete,2024-06-01,2024-09-01,3,VAR_DIFF,Naive,1153.0,1074.427610841779,1153.0,1090.8,78.57238915822109,62.200000000000045,16.37238915822104
RO1_DEMAND,Steel Reinforcement Bars,2024-06-01,2024-09-01,3,VAR_DIFF,Naive,226.32,143.02840210151624,226.32,168.8,83.29159789848376,57.51999999999998,25.771597898483776
RO1_DEMAND,Cement,2024-06-01,2024-12-01,6,VAR_DIFF,Naive,370.42,354.46792325001945,370.42,397.81,15.952076749980563,27.389999999999986,-11.437923250019423
RO1_DEMAND,Granite,2024-06-01,2024-12-01,6,VAR_DIFF,Naive,1760.4,1637.5371169307118,1760.4,1704.7,122.86288306928827,55.700000000000045,67.16288306928823
RO1_DEMAND,Ready-Mixed Concrete,2024-06-01,2024-12-01,6,VAR_DIFF,Naive,1167.7,1087.4661563673594,1167.7,1090.8,80.23384363264063,76.90000000000009,3.333843632640537
RO1_DEMAND,Steel Reinforcement Bars,2024-06-01,2024-12-01,6,VAR_DIFF,Naive,121.23,149.67020508275527,121.23,168.8,28.44020508275527,47.57000000000001,-19.129794917244737
RO1_DEMAND,Cement,2024-06-01,2025-06-01,12,VAR_DIFF,Naive,454.02,350.0491318644229,454.02,397.81,103.97086813557706,56.20999999999998,47.760868135577084
RO1_DEMAND,Granite,2024-06-01,2025-06-01,12,VAR_DIFF,Naive,1765.6,1635.792241932563,1765.6,1704.7,129.8077580674369,60.899999999999864,68.90775806743704
RO1_DEMAND,Ready-Mixed Concrete,2024-06-01,2025-06-01,12,VAR_DIFF,Naive,1205.3,1093.3657897655128,1205.3,1090.8,111.93421023448718,114.5,-2.565789765512818
RO1_DEMAND,Steel Reinforcement Bars,2024-06-01,2025-06-01,12,VAR_DIFF,Naive,109.58,149.70537948264956,109.58,168.8,40.125379482649564,59.22000000000001,-19.09462051735045
RO1_DEMAND,Cement,2024-07-01,2024-08-01,1,VAR_DIFF,Naive,399.41,418.71362698745486,399.41,412.14,19.303626987454834,12.729999999999961,6.5736269874548725
RO1_DEMAND,Granite,2024-07-01,2024-08-01,1,VAR_DIFF,Naive,1870.9,1861.2110994086947,1870.9,1951.4,9.688900591305355,80.5,-70.81109940869464
RO1_DEMAND,Ready-Mixed Concrete,2024-07-01,2024-08-01,1,VAR_DIFF,Naive,1205.9,1168.303370678494,1205.9,1188.3,37.59662932150604,17.600000000000136,19.996629321505907
RO1_DEMAND,Steel Reinforcement Bars,2024-07-01,2024-08-01,1,VAR_DIFF,Naive,94.39,136.94753933201355,94.39,108.58,42.55753933201355,14.189999999999998,28.36753933201355
RO1_DEMAND,Cement,2024-07-01,2024-10-01,3,VAR_DIFF,Naive,410.73,430.1468215557105,410.73,412.14,19.4168215557105,1.4099999999999682,18.00682155571053
RO1_DEMAND,Granite,2024-07-01,2024-10-01,3,VAR_DIFF,Naive,1803.3,1921.731336526504,1803.3,1951.4,118.43133652650408,148.10000000000014,-29.668663473496053
RO1_DEMAND,Ready-Mixed Concrete,2024-07-01,2024-10-01,3,VAR_DIFF,Naive,1147.0,1183.5778392628388,1147.0,1188.3,36.57783926283878,41.299999999999955,-4.722160737161175
RO1_DEMAND,Steel Reinforcement Bars,2024-07-01,2024-10-01,3,VAR_DIFF,Naive,114.09,148.124665542768,114.09,108.58,34.03466554276801,5.510000000000005,28.524665542768005
RO1_DEMAND,Cement,2024-07-01,2025-01-01,6,VAR_DIFF,Naive,314.17,405.1556156942041,314.17,412.14,90.98561569420406,97.96999999999997,-6.984384305795913
RO1_DEMAND,Granite,2024-07-01,2025-01-01,6,VAR_DIFF,Naive,1589.2,1880.5174710990143,1589.2,1951.4,291.31747109901426,362.20000000000005,-70.88252890098579
RO1_DEMAND,Ready-Mixed Concrete,2024-07-01,2025-01-01,6,VAR_DIFF,Naive,1031.1,1167.2759295727203,1031.1,1188.3,136.1759295727204,157.20000000000005,-21.02407042727964
RO1_DEMAND,Steel Reinforcement Bars,2024-07-01,2025-01-01,6,VAR_DIFF,Naive,105.3,134.4775143490984,105.3,108.58,29.177514349098416,3.280000000000001,25.897514349098415
RO1_DEMAND,Cement,2024-07-01,2025-07-01,12,VAR_DIFF,Naive,431.58,404.2052822952259,431.58,412.14,27.37471770477407,19.439999999999998,7.934717704774073
RO1_DEMAND,Granite,2024-07-01,2025-07-01,12,VAR_DIFF,Naive,2113.3,1882.3502097643168,2113.3,1951.4,230.9497902356834,161.9000000000001,69.0497902356833
RO1_DEMAND,Ready-Mixed Concrete,2024-07-01,2025-07-01,12,VAR_DIFF,Naive,1334.2,1173.461765930665,1334.2,1188.3,160.73823406933502,145.9000000000001,14.83823406933493
RO1_DEMAND,Steel Reinforcement Bars,2024-07-01,2025-07-01,12,VAR_DIFF,Naive,155.84,135.23755795182132,155.84,108.58,20.602442048178688,47.260000000000005,-26.657557951821317
RO1_DEMAND,Cement,2024-08-01,2024-09-01,1,VAR_DIFF,Naive,337.8,390.6559265873429,337.8,399.41,52.85592658734288,61.610000000000014,-8.754073412657135
RO1_DEMAND,Granite,2024-08-01,2024-09-01,1,VAR_DIFF,Naive,1821.8,1910.8255016070195,1821.8,1870.9,89.02550160701958,49.100000000000136,39.92550160701944
RO1_DEMAND,Ready-Mixed Concrete,2024-08-01,2024-09-01,1,VAR_DIFF,Naive,1153.0,1187.5905078013816,1153.0,1205.9,34.59050780138159,52.90000000000009,-18.3094921986185
RO1_DEMAND,Steel Reinforcement Bars,2024-08-01,2024-09-01,1,VAR_DIFF,Naive,226.32,110.38070325082435,226.32,94.39,115.93929674917564,131.93,-15.990703250824367
RO1_DEMAND,Cement,2024-08-01,2024-11-01,3,VAR_DIFF,Naive,408.36,398.73156540816586,408.36,399.41,9.62843459183415,8.949999999999989,0.6784345918341614
RO1_DEMAND,Granite,2024-08-01,2024-11-01,3,VAR_DIFF,Naive,1706.4,1938.5875637509375,1706.4,1870.9,232.18756375093744,164.5,67.68756375093744
RO1_DEMAND,Ready-Mixed Concrete,2024-08-01,2024-11-01,3,VAR_DIFF,Naive,1112.7,1203.1449658575734,1112.7,1205.9,90.44496585757338,93.20000000000005,-2.755034142426666
RO1_DEMAND,Steel Reinforcement Bars,2024-08-01,2024-11-01,3,VAR_DIFF,Naive,140.53,116.97927863901104,140.53,94.39,23.55072136098896,46.14,-22.58927863901104
RO1_DEMAND,Cement,2024-08-01,2025-02-01,6,VAR_DIFF,Naive,379.05,409.64699545330535,379.05,399.41,30.59699545330534,20.360000000000014,10.236995453305326
RO1_DEMAND,Granite,2024-08-01,2025-02-01,6,VAR_DIFF,Naive,1672.6,1939.4117761594605,1672.6,1870.9,266.8117761594606,198.30000000000018,68.5117761594604
RO1_DEMAND,Ready-Mixed Concrete,2024-08-01,2025-02-01,6,VAR_DIFF,Naive,1046.6,1206.5572155837865,1046.6,1205.9,159.9572155837866,159.30000000000018,0.6572155837864102
RO1_DEMAND,Steel Reinforcement Bars,2024-08-01,2025-02-01,6,VAR_DIFF,Naive,231.33,119.94806571060325,231.33,94.39,111.38193428939677,136.94,-25.55806571060323
RO1_DEMAND,Cement,2024-08-01,2025-08-01,12,VAR_DIFF,Naive,427.22,409.3665772501045,427.22,399.41,17.853422749895515,27.810000000000002,-9.956577250104488
RO1_DEMAND,Granite,2024-08-01,2025-08-01,12,VAR_DIFF,Naive,2098.6,1936.14936343694,2098.6,1870.9,162.45063656306002,227.69999999999982,-65.2493634369398
RO1_DEMAND,Ready-Mixed Concrete,2024-08-01,2025-08-01,12,VAR_DIFF,Naive,1282.5,1213.2460279283748,1282.5,1205.9,69.25397207162518,76.59999999999991,-7.346027928374724
RO1_DEMAND,Steel Reinforcement Bars,2024-08-01,2025-08-01,12,VAR_DIFF,Naive,125.51,117.66100318015091,125.51,94.39,7.848996819849091,31.120000000000005,-23.271003180150913
RO1_DEMAND,Cement,2024-09-01,2024-10-01,1,VAR_DIFF,Naive,410.73,405.8326599540201,410.73,337.8,4.897340045979945,72.93,-68.03265995402006
RO1_DEMAND,Granite,2024-09-01,2024-10-01,1,VAR_DIFF,Naive,1803.3,1874.8569463917547,1803.3,1821.8,71.55694639175476,18.5,53.056946391754764
RO1_DEMAND,Ready-Mixed Concrete,2024-09-01,2024-10-01,1,VAR_DIFF,Naive,1147.0,1158.369829726424,1147.0,1153.0,11.369829726424086,6.0,5.369829726424086
RO1_DEMAND,Steel Reinforcement Bars,2024-09-01,2024-10-01,1,VAR_DIFF,Naive,114.09,184.15847893281943,114.09,226.32,70.06847893281943,112.22999999999999,-42.16152106718056
RO1_DEMAND,Cement,2024-09-01,2024-12-01,3,VAR_DIFF,Naive,370.42,359.7349356471253,370.42,337.8,10.68506435287469,32.620000000000005,-21.934935647125315
RO1_DEMAND,Granite,2024-09-01,2024-12-01,3,VAR_DIFF,Naive,1760.4,1772.8084920450542,1760.4,1821.8,12.408492045054118,61.399999999999864,-48.991507954945746
RO1_DEMAND,Ready-Mixed Concrete,2024-09-01,2024-12-01,3,VAR_DIFF,Naive,1167.7,1149.4586479141055,1167.7,1153.0,18.241352085894505,14.700000000000045,3.5413520858944594
RO1_DEMAND,Steel Reinforcement Bars,2024-09-01,2024-12-01,3,VAR_DIFF,Naive,121.23,156.12309922291786,121.23,226.32,34.893099222917854,105.08999999999999,-70.19690077708213
RO1_DEMAND,Cement,2024-09-01,2025-03-01,6,VAR_DIFF,Naive,382.02,369.98029679841824,382.02,337.8,12.039703201581744,44.21999999999997,-32.180296798418226
RO1_DEMAND,Granite,2024-09-01,2025-03-01,6,VAR_DIFF,Naive,1925.7,1823.0982147524437,1925.7,1821.8,102.60178524755634,103.90000000000009,-1.298214752443755
RO1_DEMAND,Ready-Mixed Concrete,2024-09-01,2025-03-01,6,VAR_DIFF,Naive,1042.1,1167.9386257259578,1042.1,1153.0,125.83862572595785,110.90000000000009,14.938625725957763
RO1_DEMAND,Steel Reinforcement Bars,2024-09-01,2025-03-01,6,VAR_DIFF,Naive,171.69,170.13494349527468,171.69,226.32,1.5550565047253144,54.629999999999995,-53.07494349527468
RO1_DEMAND,Cement,2024-09-01,2025-09-01,12,VAR_DIFF,Naive,414.73,373.3726822101984,414.73,337.8,41.35731778980164,76.93,-35.572682210198366
RO1_DEMAND,Granite,2024-09-01,2025-09-01,12,VAR_DIFF,Naive,2107.6,1828.133627717064,2107.6,1821.8,279.46637228293594,285.79999999999995,-6.333627717064019
RO1_DEMAND,Ready-Mixed Concrete,2024-09-01,2025-09-01,12,VAR_DIFF,Naive,1283.3,1175.0471538102156,1283.3,1153.0,108.25284618978435,130.29999999999995,-22.047153810215605
RO1_DEMAND,Steel Reinforcement Bars,2024-09-01,2025-09-01,12,VAR_DIFF,Naive,131.79,175.0152572316779,131.79,226.32,43.225257231677915,94.53,-51.304742768322086
RO1_DEMAND,Cement,2024-10-01,2024-11-01,1,VAR_DIFF,Naive,408.36,383.41339260217376,408.36,410.73,24.946607397826256,2.3700000000000045,22.57660739782625
RO1_DEMAND,Granite,2024-10-01,2024-11-01,1,VAR_DIFF,Naive,1706.4,1819.2186796818485,1706.4,1803.3,112.81867968184838,96.89999999999986,15.918679681848516
RO1_DEMAND,Ready-Mixed Concrete,2024-10-01,2024-11-01,1,VAR_DIFF,Naive,1112.7,1192.3069554384022,1112.7,1147.0,79.60695543840211,34.299999999999955,45.306955438402156
RO1_DEMAND,Steel Reinforcement Bars,2024-10-01,2024-11-01,1,VAR_DIFF,Naive,140.53,139.9531299466762,140.53,114.09,0.5768700533238018,26.439999999999998,-25.863129946676196
RO1_DEMAND,Cement,2024-10-01,2025-01-01,3,VAR_DIFF,Naive,314.17,389.1513918599043,314.17,410.73,74.9813918599043,96.56,-21.578608140095696
RO1_DEMAND,Granite,2024-10-01,2025-01-01,3,VAR_DIFF,Naive,1589.2,1848.974984433309,1589.2,1803.3,259.7749844333089,214.0999999999999,45.674984433308964
RO1_DEMAND,Ready-Mixed Concrete,2024-10-01,2025-01-01,3,VAR_DIFF,Naive,1031.1,1180.911856778633,1031.1,1147.0,149.811856778633,115.90000000000009,33.91185677863291
RO1_DEMAND,Steel Reinforcement Bars,2024-10-01,2025-01-01,3,VAR_DIFF,Naive,105.3,150.86045486384768,105.3,114.09,45.56045486384768,8.790000000000006,36.770454863847675
RO1_DEMAND,Cement,2024-10-01,2025-04-01,6,VAR_DIFF,Naive,372.25,381.2887544325504,372.25,410.73,9.038754432550377,38.48000000000002,-29.44124556744964
RO1_DEMAND,Granite,2024-10-01,2025-04-01,6,VAR_DIFF,Naive,1668.0,1813.114759273638,1668.0,1803.3,145.1147592736379,135.29999999999995,9.814759273637947
RO1_DEMAND,Ready-Mixed Concrete,2024-10-01,2025-04-01,6,VAR_DIFF,Naive,1113.2,1173.9562859094665,1113.2,1147.0,60.75628590946644,33.799999999999955,26.956285909466487
RO1_DEMAND,Steel Reinforcement Bars,2024-10-01,2025-04-01,6,VAR_DIFF,Naive,152.83,140.78912772944207,152.83,114.09,12.04087227055794,38.74000000000001,-26.69912772944207
RO1_DEMAND,Cement,2024-10-01,2025-10-01,12,VAR_DIFF,Naive,553.71,378.1573074275491,553.71,410.73,175.55269257245095,142.98000000000002,32.57269257245093
RO1_DEMAND,Granite,2024-10-01,2025-10-01,12,VAR_DIFF,Naive,2147.9,1815.540328355382,2147.9,1803.3,332.3596716446182,344.60000000000014,-12.240328355381962
RO1_DEMAND,Ready-Mixed Concrete,2024-10-01,2025-10-01,12,VAR_DIFF,Naive,1401.3,1180.0324399103374,1401.3,1147.0,221.26756008966254,254.29999999999995,-33.032439910337416
RO1_DEMAND,Steel Reinforcement Bars,2024-10-01,2025-10-01,12,VAR_DIFF,Naive,146.31,142.17187072044737,146.31,114.09,4.138129279552629,32.22,-28.08187072044737
RO1_DEMAND,Cement,2024-11-01,2024-12-01,1,VAR_DIFF,Naive,370.42,338.9748521378707,370.42,408.36,31.445147862129318,37.94,-6.49485213787068
RO1_DEMAND,Granite,2024-11-01,2024-12-01,1,VAR_DIFF,Naive,1760.4,1638.2418052810906,1760.4,1706.4,122.1581947189095,54.0,68.1581947189095
RO1_DEMAND,Ready-Mixed Concrete,2024-11-01,2024-12-01,1,VAR_DIFF,Naive,1167.7,1077.3653740900718,1167.7,1112.7,90.33462590992826,55.0,35.33462590992826
RO1_DEMAND,Steel Reinforcement Bars,2024-11-01,2024-12-01,1,VAR_DIFF,Naive,121.23,123.23889397234156,121.23,140.53,2.0088939723415535,19.299999999999997,-17.291106027658444
RO1_DEMAND,Cement,2024-11-01,2025-02-01,3,VAR_DIFF,Naive,379.05,378.19254170248615,379.05,408.36,0.8574582975138583,29.310000000000002,-28.452541702486144
RO1_DEMAND,Granite,2024-11-01,2025-02-01,3,VAR_DIFF,Naive,1672.6,1699.6336630244816,1672.6,1706.4,27.03366302448171,33.80000000000018,-6.76633697551847
RO1_DEMAND,Ready-Mixed Concrete,2024-11-01,2025-02-01,3,VAR_DIFF,Naive,1046.6,1105.419192552774,1046.6,1112.7,58.819192552773984,66.10000000000014,-7.280807447226152
RO1_DEMAND,Steel Reinforcement Bars,2024-11-01,2025-02-01,3,VAR_DIFF,Naive,231.33,135.7596243071323,231.33,140.53,95.57037569286771,90.80000000000001,4.770375692867702
RO1_DEMAND,Cement,2024-11-01,2025-05-01,6,VAR_DIFF,Naive,356.5,372.50509880682256,356.5,408.36,16.00509880682256,51.860000000000014,-35.854901193177454
RO1_DEMAND,Granite,2024-11-01,2025-05-01,6,VAR_DIFF,Naive,1863.3,1703.8674259449729,1863.3,1706.4,159.4325740550271,156.89999999999986,2.5325740550272258
RO1_DEMAND,Ready-Mixed Concrete,2024-11-01,2025-05-01,6,VAR_DIFF,Naive,1142.6,1112.2626609404322,1142.6,1112.7,30.33733905956774,29.899999999999864,0.43733905956787567
RO1_DEMAND,Steel Reinforcement Bars,2024-11-01,2025-05-01,6,VAR_DIFF,Naive,174.15,139.0451208420762,174.15,140.53,35.10487915792382,33.620000000000005,1.4848791579238139
RO1_DEMAND,Cement,2024-11-01,2025-11-01,12,VAR_DIFF,Naive,373.57,370.7226620298479,373.57,408.36,2.8473379701520685,34.79000000000002,-31.942662029847952
RO1_DEMAND,Granite,2024-11-01,2025-11-01,12,VAR_DIFF,Naive,2010.2,1698.792471137288,2010.2,1706.4,311.40752886271207,303.79999999999995,7.607528862712115
RO1_DEMAND,Ready-Mixed Concrete,2024-11-01,2025-11-01,12,VAR_DIFF,Naive,1306.0,1116.864141417275,1306.0,1112.7,189.13585858272495,193.29999999999995,-4.164141417275005
RO1_DEMAND,Steel Reinforcement Bars,2024-11-01,2025-11-01,12,VAR_DIFF,Naive,167.38,139.0410405812496,167.38,140.53,28.33895941875039,26.849999999999994,1.4889594187503974
RO1_DEMAND,Cement,2024-12-01,2025-01-01,1,VAR_DIFF,Naive,314.17,403.1076583503121,314.17,370.42,88.93765835031206,56.25,32.68765835031206
RO1_DEMAND,Granite,2024-12-01,2025-01-01,1,VAR_DIFF,Naive,1589.2,1866.826687093652,1589.2,1760.4,277.626687093652,171.20000000000005,106.42668709365194
RO1_DEMAND,Ready-Mixed Concrete,2024-12-01,2025-01-01,1,VAR_DIFF,Naive,1031.1,1194.4546859321802,1031.1,1167.7,163.35468593218025,136.60000000000014,26.75468593218011
RO1_DEMAND,Steel Reinforcement Bars,2024-12-01,2025-01-01,1,VAR_DIFF,Naive,105.3,152.58322633002567,105.3,121.23,47.28322633002567,15.930000000000007,31.353226330025663
RO1_DEMAND,Cement,2024-12-01,2025-03-01,3,VAR_DIFF,Naive,382.02,403.3777772923728,382.02,370.42,21.357777292372816,11.599999999999966,9.75777729237285
RO1_DEMAND,Granite,2024-12-01,2025-03-01,3,VAR_DIFF,Naive,1925.7,1826.4736170416677,1925.7,1760.4,99.22638295833235,165.29999999999995,-66.0736170416676
RO1_DEMAND,Ready-Mixed Concrete,2024-12-01,2025-03-01,3,VAR_DIFF,Naive,1042.1,1183.182297332144,1042.1,1167.7,141.08229733214398,125.60000000000014,15.482297332143844
RO1_DEMAND,Steel Reinforcement Bars,2024-12-01,2025-03-01,3,VAR_DIFF,Naive,171.69,141.6551422180762,171.69,121.23,30.03485778192379,50.459999999999994,-20.425142218076203
RO1_DEMAND,Cement,2024-12-01,2025-06-01,6,VAR_DIFF,Naive,454.02,401.3272285227052,454.02,370.42,52.6927714772948,83.59999999999997,-30.907228522705168
RO1_DEMAND,Granite,2024-12-01,2025-06-01,6,VAR_DIFF,Naive,1765.6,1821.2777425080744,1765.6,1760.4,55.677742508074516,5.199999999999818,50.4777425080747
RO1_DEMAND,Ready-Mixed Concrete,2024-12-01,2025-06-01,6,VAR_DIFF,Naive,1205.3,1181.1416964312648,1205.3,1167.7,24.158303568735164,37.59999999999991,-13.441696431264745
RO1_DEMAND,Steel Reinforcement Bars,2024-12-01,2025-06-01,6,VAR_DIFF,Naive,109.58,139.46314391379278,109.58,121.23,29.88314391379278,11.650000000000006,18.233143913792773
RO1_DEMAND,Cement,2024-12-01,2025-12-01,12,VAR_DIFF,Naive,628.44,398.8747676523757,628.44,370.42,229.56523234762437,258.02000000000004,-28.454767652375665
RO1_DEMAND,Granite,2024-12-01,2025-12-01,12,VAR_DIFF,Naive,2282.5,1820.0503420147409,2282.5,1760.4,462.44965798525914,522.0999999999999,-59.65034201474077
RO1_DEMAND,Ready-Mixed Concrete,2024-12-01,2025-12-01,12,VAR_DIFF,Naive,1432.3,1186.8615929055295,1432.3,1167.7,245.43840709447045,264.5999999999999,-19.16159290552946
RO1_DEMAND,Steel Reinforcement Bars,2024-12-01,2025-12-01,12,VAR_DIFF,Naive,276.16,139.9781303244215,276.16,121.23,136.18186967557853,154.93,-18.74813032442148
RO1_DEMAND,Cement,2025-01-01,2025-02-01,1,VAR_DIFF,Naive,379.05,363.0231190654053,379.05,314.17,16.026880934594715,64.88,-48.85311906540528
RO1_DEMAND,Granite,2025-01-01,2025-02-01,1,VAR_DIFF,Naive,1672.6,1598.2955152989152,1672.6,1589.2,74.30448470108468,83.39999999999986,-9.095515298915188
RO1_DEMAND,Ready-Mixed Concrete,2025-01-01,2025-02-01,1,VAR_DIFF,Naive,1046.6,1067.137440172144,1046.6,1031.1,20.537440172143988,15.5,5.037440172143988
RO1_DEMAND,Steel Reinforcement Bars,2025-01-01,2025-02-01,1,VAR_DIFF,Naive,231.33,111.3728955570445,231.33,105.3,119.95710444295551,126.03000000000002,-6.072895557044504
RO1_DEMAND,Cement,2025-01-01,2025-04-01,3,VAR_DIFF,Naive,372.25,328.91966846655066,372.25,314.17,43.33033153344934,58.079999999999984,-14.749668466550645
RO1_DEMAND,Granite,2025-01-01,2025-04-01,3,VAR_DIFF,Naive,1668.0,1582.872417947152,1668.0,1589.2,85.12758205284808,78.79999999999995,6.327582052848129
RO1_DEMAND,Ready-Mixed Concrete,2025-01-01,2025-04-01,3,VAR_DIFF,Naive,1113.2,1053.5156042579065,1113.2,1031.1,59.68439574209356,82.10000000000014,-22.41560425790658
RO1_DEMAND,Steel Reinforcement Bars,2025-01-01,2025-04-01,3,VAR_DIFF,Naive,152.83,108.73447426637424,152.83,105.3,44.09552573362578,47.530000000000015,-3.434474266374238
RO1_DEMAND,Cement,2025-01-01,2025-07-01,6,VAR_DIFF,Naive,431.58,338.66337954712463,431.58,314.17,92.91662045287535,117.40999999999997,-24.49337954712462
RO1_DEMAND,Granite,2025-01-01,2025-07-01,6,VAR_DIFF,Naive,2113.3,1600.4081199744817,2113.3,1589.2,512.8918800255185,524.1000000000001,-11.208119974481633
RO1_DEMAND,Ready-Mixed Concrete,2025-01-01,2025-07-01,6,VAR_DIFF,Naive,1334.2,1066.5603923499682,1334.2,1031.1,267.63960765003185,303.10000000000014,-35.46039234996829
RO1_DEMAND,Steel Reinforcement Bars,2025-01-01,2025-07-01,6,VAR_DIFF,Naive,155.84,116.37426046883805,155.84,105.3,39.46573953116196,50.540000000000006,-11.074260468838048
RO1_DEMAND,Cement,2025-01-01,2026-01-01,12,VAR_DIFF,Naive,455.63,340.8558323921514,455.63,314.17,114.7741676078486,141.45999999999998,-26.685832392151383
RO1_DEMAND,Granite,2025-01-01,2026-01-01,12,VAR_DIFF,Naive,2383.6,1597.0647316574166,2383.6,1589.2,786.5352683425833,794.3999999999999,-7.864731657416542
RO1_DEMAND,Ready-Mixed Concrete,2025-01-01,2026-01-01,12,VAR_DIFF,Naive,1513.8,1073.439727008859,1513.8,1031.1,440.36027299114085,482.70000000000005,-42.3397270088592
RO1_DEMAND,Steel Reinforcement Bars,2025-01-01,2026-01-01,12,VAR_DIFF,Naive,235.92,116.6621325663888,235.92,105.3,119.25786743361118,130.62,-11.362132566388823
RO1_DEMAND,Cement,2025-02-01,2025-03-01,1,VAR_DIFF,Naive,382.02,332.4325849480148,382.02,379.05,49.587415051985204,2.9699999999999704,46.61741505198523
RO1_DEMAND,Granite,2025-02-01,2025-03-01,1,VAR_DIFF,Naive,1925.7,1593.7251225029397,1925.7,1672.6,331.97487749706033,253.10000000000014,78.8748774970602
RO1_DEMAND,Ready-Mixed Concrete,2025-02-01,2025-03-01,1,VAR_DIFF,Naive,1042.1,1024.6510902429015,1042.1,1046.6,17.448909757098363,4.5,12.948909757098363
RO1_DEMAND,Steel Reinforcement Bars,2025-02-01,2025-03-01,1,VAR_DIFF,Naive,171.69,173.92125502904855,171.69,231.33,2.2312550290485547,59.640000000000015,-57.40874497095146
RO1_DEMAND,Cement,2025-02-01,2025-05-01,3,VAR_DIFF,Naive,356.5,338.2624822140812,356.5,379.05,18.237517785918783,22.55000000000001,-4.3124822140812284
RO1_DEMAND,Granite,2025-02-01,2025-05-01,3,VAR_DIFF,Naive,1863.3,1541.431245273234,1863.3,1672.6,321.8687547267659,190.70000000000005,131.16875472676588
RO1_DEMAND,Ready-Mixed Concrete,2025-02-01,2025-05-01,3,VAR_DIFF,Naive,1142.6,1023.6783114024852,1142.6,1046.6,118.92168859751473,96.0,22.92168859751473
RO1_DEMAND,Steel Reinforcement Bars,2025-02-01,2025-05-01,3,VAR_DIFF,Naive,174.15,161.1143821968227,174.15,231.33,13.035617803177303,57.18000000000001,-44.144382196822704
RO1_DEMAND,Cement,2025-02-01,2025-08-01,6,VAR_DIFF,Naive,427.22,335.7350166631599,427.22,379.05,91.48498333684012,48.170000000000016,43.3149833368401
RO1_DEMAND,Granite,2025-02-01,2025-08-01,6,VAR_DIFF,Naive,2098.6,1565.4472650425655,2098.6,1672.6,533.1527349574344,426.0,107.1527349574344
RO1_DEMAND,Ready-Mixed Concrete,2025-02-01,2025-08-01,6,VAR_DIFF,Naive,1282.5,1033.823822332074,1282.5,1046.6,248.6761776679259,235.9000000000001,12.776177667925822
RO1_DEMAND,Steel Reinforcement Bars,2025-02-01,2025-08-01,6,VAR_DIFF,Naive,125.51,167.1707046762836,125.51,231.33,41.6607046762836,105.82000000000001,-64.1592953237164
RO1_DEMAND,Cement,2025-02-01,2026-02-01,12,VAR_DIFF,Naive,396.88,331.9898173738331,396.88,379.05,64.8901826261669,17.829999999999984,47.06018262616692
RO1_DEMAND,Granite,2025-02-01,2026-02-01,12,VAR_DIFF,Naive,1726.7,1566.68386085824,1726.7,1672.6,160.01613914176005,54.100000000000136,105.91613914175991
RO1_DEMAND,Ready-Mixed Concrete,2025-02-01,2026-02-01,12,VAR_DIFF,Naive,1123.1,1036.6892772618596,1123.1,1046.6,86.4107227381403,76.5,9.910722738140294
RO1_DEMAND,Steel Reinforcement Bars,2025-02-01,2026-02-01,12,VAR_DIFF,Naive,165.5,171.66130789708518,165.5,231.33,6.16130789708518,65.83000000000001,-59.66869210291483
RO1_DEMAND,Cement,2025-03-01,2025-04-01,1,VAR_DIFF,Naive,372.25,342.0074738867024,372.25,382.02,30.242526113297572,9.769999999999982,20.47252611329759
RO1_DEMAND,Granite,2025-03-01,2025-04-01,1,VAR_DIFF,Naive,1668.0,1700.775036715647,1668.0,1925.7,32.77503671564705,257.70000000000005,-224.924963284353
RO1_DEMAND,Ready-Mixed Concrete,2025-03-01,2025-04-01,1,VAR_DIFF,Naive,1113.2,1037.4925461715588,1113.2,1042.1,75.7074538284412,71.10000000000014,4.607453828441066
RO1_DEMAND,Steel Reinforcement Bars,2025-03-01,2025-04-01,1,VAR_DIFF,Naive,152.83,141.35816498277728,152.83,171.69,11.47183501722273,18.859999999999985,-7.388164982777255
RO1_DEMAND,Cement,2025-03-01,2025-06-01,3,VAR_DIFF,Naive,454.02,381.5651476517242,454.02,382.02,72.45485234827578,72.0,0.4548523482757787
RO1_DEMAND,Granite,2025-03-01,2025-06-01,3,VAR_DIFF,Naive,1765.6,1741.2993546880343,1765.6,1925.7,24.30064531196558,160.10000000000014,-135.79935468803455
RO1_DEMAND,Ready-Mixed Concrete,2025-03-01,2025-06-01,3,VAR_DIFF,Naive,1205.3,1025.4793682985849,1205.3,1042.1,179.8206317014151,163.20000000000005,16.62063170141505
RO1_DEMAND,Steel Reinforcement Bars,2025-03-01,2025-06-01,3,VAR_DIFF,Naive,109.58,176.96771066908968,109.58,171.69,67.38771066908969,62.11,5.277710669089686
RO1_DEMAND,Cement,2025-03-01,2025-09-01,6,VAR_DIFF,Naive,414.73,364.88551483257294,414.73,382.02,49.84448516742708,32.710000000000036,17.134485167427044
RO1_DEMAND,Granite,2025-03-01,2025-09-01,6,VAR_DIFF,Naive,2107.6,1717.8971201802815,2107.6,1925.7,389.7028798197184,181.89999999999986,207.80287981971856
RO1_DEMAND,Ready-Mixed Concrete,2025-03-01,2025-09-01,6,VAR_DIFF,Naive,1283.3,1027.9911266450963,1283.3,1042.1,255.30887335490365,241.20000000000005,14.108873354903608
RO1_DEMAND,Steel Reinforcement Bars,2025-03-01,2025-09-01,6,VAR_DIFF,Naive,131.79,163.72755060309905,131.79,171.69,31.937550603099055,39.900000000000006,-7.962449396900951
RO1_DEMAND,Cement,2025-03-01,2026-03-01,12,VAR_DIFF,Naive,444.92,354.8810202116972,444.92,382.02,90.03897978830281,62.900000000000034,27.138979788302777
RO1_DEMAND,Granite,2025-03-01,2026-03-01,12,VAR_DIFF,Naive,1890.0,1726.6177980639072,1890.0,1925.7,163.38220193609277,35.700000000000045,127.68220193609272
RO1_DEMAND,Ready-Mixed Concrete,2025-03-01,2026-03-01,12,VAR_DIFF,Naive,1393.7,1035.695666512218,1393.7,1042.1,358.0043334877821,351.60000000000014,6.404333487781969
RO1_DEMAND,Steel Reinforcement Bars,2025-03-01,2026-03-01,12,VAR_DIFF,Naive,187.65,164.63834198684074,187.65,171.69,23.011658013159263,15.960000000000008,7.051658013159255
RO1_DEMAND,Cement,2025-04-01,2025-05-01,1,VAR_DIFF,Naive,356.5,367.8184399819303,356.5,372.25,11.318439981930283,15.75,-4.431560018069717
RO1_DEMAND,Granite,2025-04-01,2025-05-01,1,VAR_DIFF,Naive,1863.3,1710.009845202741,1863.3,1668.0,153.290154797259,195.29999999999995,-42.00984520274096
RO1_DEMAND,Ready-Mixed Concrete,2025-04-01,2025-05-01,1,VAR_DIFF,Naive,1142.6,1073.3675881204265,1142.6,1113.2,69.23241187957342,29.399999999999864,39.832411879573556
RO1_DEMAND,Steel Reinforcement Bars,2025-04-01,2025-05-01,1,VAR_DIFF,Naive,174.15,166.0912291323054,174.15,152.83,8.05877086769462,21.319999999999993,-13.261229132305374
RO1_DEMAND,Cement,2025-04-01,2025-07-01,3,VAR_DIFF,Naive,431.58,358.9182208182786,431.58,372.25,72.66177918172139,59.329999999999984,13.331779181721402
RO1_DEMAND,Granite,2025-04-01,2025-07-01,3,VAR_DIFF,Naive,2113.3,1791.27301595222,2113.3,1668.0,322.02698404778016,445.3000000000002,-123.27301595222002
RO1_DEMAND,Ready-Mixed Concrete,2025-04-01,2025-07-01,3,VAR_DIFF,Naive,1334.2,1101.6811591318033,1334.2,1113.2,232.51884086819678,221.0,11.518840868196776
RO1_DEMAND,Steel Reinforcement Bars,2025-04-01,2025-07-01,3,VAR_DIFF,Naive,155.84,172.79259991727187,155.84,152.83,16.95259991727187,3.009999999999991,13.942599917271878
RO1_DEMAND,Cement,2025-04-01,2025-10-01,6,VAR_DIFF,Naive,553.71,378.1771040926874,553.71,372.25,175.53289590731265,181.46000000000004,-5.927104092687387
RO1_DEMAND,Granite,2025-04-01,2025-10-01,6,VAR_DIFF,Naive,2147.9,1767.6289344332986,2147.9,1668.0,380.2710655667015,479.9000000000001,-99.62893443329858
RO1_DEMAND,Ready-Mixed Concrete,2025-04-01,2025-10-01,6,VAR_DIFF,Naive,1401.3,1093.5309040916384,1401.3,1113.2,307.7690959083616,288.0999999999999,19.66909590836167
RO1_DEMAND,Steel Reinforcement Bars,2025-04-01,2025-10-01,6,VAR_DIFF,Naive,146.31,175.264764797062,146.31,152.83,28.954764797062012,6.52000000000001,22.434764797062
RO1_DEMAND,Cement,2025-04-01,2026-04-01,12,VAR_DIFF,Naive,420.73,379.28245440615495,420.73,372.25,41.447545593845064,48.48000000000002,-7.0324544061549545
RO1_DEMAND,Granite,2025-04-01,2026-04-01,12,VAR_DIFF,Naive,2102.3,1758.8568422246365,2102.3,1668.0,343.4431577753637,434.3000000000002,-90.85684222463647
RO1_DEMAND,Ready-Mixed Concrete,2025-04-01,2026-04-01,12,VAR_DIFF,Naive,1407.7,1096.835767921597,1407.7,1113.2,310.8642320784031,294.5,16.36423207840312
RO1_DEMAND,Steel Reinforcement Bars,2025-04-01,2026-04-01,12,VAR_DIFF,Naive,232.35,173.78204902991817,232.35,152.83,58.567950970081824,79.51999999999998,-20.952049029918157
RO1_DEMAND,Cement,2025-05-01,2025-06-01,1,VAR_DIFF,Naive,454.02,421.0290604022081,454.02,356.5,32.99093959779191,97.51999999999998,-64.52906040220807
RO1_DEMAND,Granite,2025-05-01,2025-06-01,1,VAR_DIFF,Naive,1765.6,1901.1330873812356,1765.6,1863.3,135.53308738123565,97.70000000000005,37.8330873812356
RO1_DEMAND,Ready-Mixed Concrete,2025-05-01,2025-06-01,1,VAR_DIFF,Naive,1205.3,1132.940319084485,1205.3,1142.6,72.3596809155149,62.700000000000045,9.659680915514855
RO1_DEMAND,Steel Reinforcement Bars,2025-05-01,2025-06-01,1,VAR_DIFF,Naive,109.58,185.0881537301634,109.58,174.15,75.50815373016341,64.57000000000001,10.938153730163407
RO1_DEMAND,Cement,2025-05-01,2025-08-01,3,VAR_DIFF,Naive,427.22,393.3874606917073,427.22,356.5,33.83253930829272,70.72000000000003,-36.887460691707304
RO1_DEMAND,Granite,2025-05-01,2025-08-01,3,VAR_DIFF,Naive,2098.6,1871.7689477512029,2098.6,1863.3,226.83105224879705,235.29999999999995,-8.468947751202904
RO1_DEMAND,Ready-Mixed Concrete,2025-05-01,2025-08-01,3,VAR_DIFF,Naive,1282.5,1144.6671947871007,1282.5,1142.6,137.8328052128993,139.9000000000001,-2.0671947871007887
RO1_DEMAND,Steel Reinforcement Bars,2025-05-01,2025-08-01,3,VAR_DIFF,Naive,125.51,175.50225845797138,125.51,174.15,49.992258457971374,48.64,1.3522584579713737
RO1_DEMAND,Cement,2025-05-01,2025-11-01,6,VAR_DIFF,Naive,373.57,382.42891640719705,373.57,356.5,8.858916407197057,17.069999999999993,-8.211083592802936
RO1_DEMAND,Granite,2025-05-01,2025-11-01,6,VAR_DIFF,Naive,2010.2,1879.575156123898,2010.2,1863.3,130.62484387610198,146.9000000000001,-16.275156123898114
RO1_DEMAND,Ready-Mixed Concrete,2025-05-01,2025-11-01,6,VAR_DIFF,Naive,1306.0,1143.6163059711896,1306.0,1142.6,162.3836940288104,163.4000000000001,-1.016305971189695
RO1_DEMAND,Steel Reinforcement Bars,2025-05-01,2025-11-01,6,VAR_DIFF,Naive,167.38,176.64070515544492,167.38,174.15,9.260705155444924,6.77000000000001,2.490705155444914
RO1_DEMAND,Cement,2025-05-01,2026-05-01,12,VAR_DIFF,Naive,455.34,387.0038869765835,455.34,356.5,68.33611302341649,98.83999999999997,-30.503886976583487
RO1_DEMAND,Granite,2025-05-01,2026-05-01,12,VAR_DIFF,Naive,2054.7,1880.38183654192,2054.7,1863.3,174.31816345807988,191.39999999999986,-17.081836541919984
RO1_DEMAND,Ready-Mixed Concrete,2025-05-01,2026-05-01,12,VAR_DIFF,Naive,1315.0,1148.878444357107,1315.0,1142.6,166.1215556428931,172.4000000000001,-6.2784443571069914
RO1_DEMAND,Steel Reinforcement Bars,2025-05-01,2026-05-01,12,VAR_DIFF,Naive,262.3,179.67902286282165,262.3,174.15,82.62097713717836,88.15,-5.529022862821648
RO1_DEMAND,Cement,2025-06-01,2025-07-01,1,VAR_DIFF,Naive,431.58,393.12766317878334,431.58,454.02,38.45233682121665,22.439999999999998,16.01233682121665
RO1_DEMAND,Granite,2025-06-01,2025-07-01,1,VAR_DIFF,Naive,2113.3,1902.9778756970363,2113.3,1765.6,210.32212430296386,347.7000000000003,-137.37787569703642
RO1_DEMAND,Ready-Mixed Concrete,2025-06-01,2025-07-01,1,VAR_DIFF,Naive,1334.2,1216.1808604668852,1334.2,1205.3,118.01913953311487,128.9000000000001,-10.880860466885224
RO1_DEMAND,Steel Reinforcement Bars,2025-06-01,2025-07-01,1,VAR_DIFF,Naive,155.84,154.792438038353,155.84,109.58,1.0475619616470055,46.260000000000005,-45.212438038353
RO1_DEMAND,Cement,2025-06-01,2025-09-01,3,VAR_DIFF,Naive,414.73,413.9674351665746,414.73,454.02,0.7625648334254151,39.289999999999964,-38.52743516657455
RO1_DEMAND,Granite,2025-06-01,2025-09-01,3,VAR_DIFF,Naive,2107.6,1920.869423565969,2107.6,1765.6,186.7305764340308,342.0,-155.2694235659692
RO1_DEMAND,Ready-Mixed Concrete,2025-06-01,2025-09-01,3,VAR_DIFF,Naive,1283.3,1226.8487897102152,1283.3,1205.3,56.45121028978474,78.0,-21.54878971021526
RO1_DEMAND,Steel Reinforcement Bars,2025-06-01,2025-09-01,3,VAR_DIFF,Naive,131.79,149.9844049558948,131.79,109.58,18.19440495589481,22.209999999999994,-4.015595044105183
RO1_DEMAND,Cement,2025-06-01,2025-12-01,6,VAR_DIFF,Naive,628.44,416.4991015615751,628.44,454.02,211.94089843842494,174.42000000000007,37.520898438424865
RO1_DEMAND,Granite,2025-06-01,2025-12-01,6,VAR_DIFF,Naive,2282.5,1900.3796360198944,2282.5,1765.6,382.1203639801056,516.9000000000001,-134.7796360198945
RO1_DEMAND,Ready-Mixed Concrete,2025-06-01,2025-12-01,6,VAR_DIFF,Naive,1432.3,1220.875434626058,1432.3,1205.3,211.42456537394196,227.0,-15.57543462605804
RO1_DEMAND,Steel Reinforcement Bars,2025-06-01,2025-12-01,6,VAR_DIFF,Naive,276.16,147.12681444147205,276.16,109.58,129.03318555852798,166.58000000000004,-37.546814441472065
RO1_DEMAND,Cement,2025-07-01,2025-08-01,1,VAR_DIFF,Naive,427.22,448.4893434349197,427.22,431.58,21.269343434919676,4.359999999999957,16.90934343491972
RO1_DEMAND,Granite,2025-07-01,2025-08-01,1,VAR_DIFF,Naive,2098.6,2071.02849142717,2098.6,2113.3,27.57150857282977,14.700000000000273,12.871508572829498
RO1_DEMAND,Ready-Mixed Concrete,2025-07-01,2025-08-01,1,VAR_DIFF,Naive,1282.5,1286.9852961527322,1282.5,1334.2,4.4852961527321895,51.700000000000045,-47.214703847267856
RO1_DEMAND,Steel Reinforcement Bars,2025-07-01,2025-08-01,1,VAR_DIFF,Naive,125.51,144.40808884681582,125.51,155.84,18.89808884681581,30.33,-11.431911153184188
RO1_DEMAND,Cement,2025-07-01,2025-10-01,3,VAR_DIFF,Naive,553.71,467.8071796609246,553.71,431.58,85.90282033907545,122.13000000000005,-36.227179660924605
RO1_DEMAND,Granite,2025-07-01,2025-10-01,3,VAR_DIFF,Naive,2147.9,2074.612645266848,2147.9,2113.3,73.28735473315191,34.59999999999991,38.687354733152006
RO1_DEMAND,Ready-Mixed Concrete,2025-07-01,2025-10-01,3,VAR_DIFF,Naive,1401.3,1307.4262255592482,1401.3,1334.2,93.87377444075173,67.09999999999991,26.773774440751822
RO1_DEMAND,Steel Reinforcement Bars,2025-07-01,2025-10-01,3,VAR_DIFF,Naive,146.31,152.2393737945165,146.31,155.84,5.9293737945164935,9.530000000000001,-3.6006262054835076
RO1_DEMAND,Cement,2025-07-01,2026-01-01,6,VAR_DIFF,Naive,455.63,452.1062586010294,455.63,431.58,3.5237413989705715,24.05000000000001,-20.52625860102944
RO1_DEMAND,Granite,2025-07-01,2026-01-01,6,VAR_DIFF,Naive,2383.6,2074.4810237346423,2383.6,2113.3,309.11897626535756,270.2999999999997,38.81897626535783
RO1_DEMAND,Ready-Mixed Concrete,2025-07-01,2026-01-01,6,VAR_DIFF,Naive,1513.8,1306.3449292301425,1513.8,1334.2,207.45507076985746,179.5999999999999,27.855070769857548
RO1_DEMAND,Steel Reinforcement Bars,2025-07-01,2026-01-01,6,VAR_DIFF,Naive,235.92,148.5850422058923,235.92,155.84,87.33495779410768,80.07999999999998,7.254957794107696
RO1_DEMAND,Cement,2025-08-01,2025-09-01,1,VAR_DIFF,Naive,414.73,448.250634288444,414.73,427.22,33.520634288444,12.490000000000009,21.03063428844399
RO1_DEMAND,Granite,2025-08-01,2025-09-01,1,VAR_DIFF,Naive,2107.6,2108.391955846549,2107.6,2098.6,0.7919558465491718,9.0,-8.208044153450828
RO1_DEMAND,Ready-Mixed Concrete,2025-08-01,2025-09-01,1,VAR_DIFF,Naive,1283.3,1310.0373050980893,1283.3,1282.5,26.737305098089337,0.7999999999999545,25.937305098089382
RO1_DEMAND,Steel Reinforcement Bars,2025-08-01,2025-09-01,1,VAR_DIFF,Naive,131.79,138.878860976779,131.79,125.51,7.088860976779017,6.279999999999987,0.8088609767790302
RO1_DEMAND,Cement,2025-08-01,2025-11-01,3,VAR_DIFF,Naive,373.57,434.1954044817696,373.57,427.22,60.62540448176958,53.650000000000034,6.975404481769544
RO1_DEMAND,Granite,2025-08-01,2025-11-01,3,VAR_DIFF,Naive,2010.2,2077.353638712705,2010.2,2098.6,67.15363871270506,88.39999999999986,-21.246361287294803
RO1_DEMAND,Ready-Mixed Concrete,2025-08-01,2025-11-01,3,VAR_DIFF,Naive,1306.0,1292.7262495894183,1306.0,1282.5,13.27375041058167,23.5,-10.22624958941833
RO1_DEMAND,Steel Reinforcement Bars,2025-08-01,2025-11-01,3,VAR_DIFF,Naive,167.38,137.04432282741007,167.38,125.51,30.335677172589925,41.86999999999999,-11.534322827410065
RO1_DEMAND,Cement,2025-08-01,2026-02-01,6,VAR_DIFF,Naive,396.88,446.251191677795,396.88,427.22,49.371191677795025,30.340000000000032,19.031191677794993
RO1_DEMAND,Granite,2025-08-01,2026-02-01,6,VAR_DIFF,Naive,1726.7,2092.2477660688573,1726.7,2098.6,365.5477660688573,371.89999999999986,-6.352233931142564
RO1_DEMAND,Ready-Mixed Concrete,2025-08-01,2026-02-01,6,VAR_DIFF,Naive,1123.1,1304.4619027518263,1123.1,1282.5,181.3619027518264,159.4000000000001,21.9619027518263
RO1_DEMAND,Steel Reinforcement Bars,2025-08-01,2026-02-01,6,VAR_DIFF,Naive,165.5,140.48356313082567,165.5,125.51,25.016436869174328,39.989999999999995,-14.973563130825667
RO1_DEMAND,Cement,2025-09-01,2025-10-01,1,VAR_DIFF,Naive,553.71,456.2045359375189,553.71,414.73,97.50546406248111,138.98000000000002,-41.47453593751891
RO1_DEMAND,Granite,2025-09-01,2025-10-01,1,VAR_DIFF,Naive,2147.9,2085.1526122728933,2147.9,2107.6,62.7473877271068,40.30000000000018,22.447387727106616
RO1_DEMAND,Ready-Mixed Concrete,2025-09-01,2025-10-01,1,VAR_DIFF,Naive,1401.3,1290.7868788656233,1401.3,1283.3,110.51312113437666,118.0,-7.486878865623339
RO1_DEMAND,Steel Reinforcement Bars,2025-09-01,2025-10-01,1,VAR_DIFF,Naive,146.31,142.7622780572168,146.31,131.79,3.5477219427831983,14.52000000000001,-10.972278057216812
RO1_DEMAND,Cement,2025-09-01,2025-12-01,3,VAR_DIFF,Naive,628.44,426.5992847507482,628.44,414.73,201.84071524925184,213.71000000000004,-11.869284750748193
RO1_DEMAND,Granite,2025-09-01,2025-12-01,3,VAR_DIFF,Naive,2282.5,2076.3464081434804,2282.5,2107.6,206.1535918565196,174.9000000000001,31.253591856519506
RO1_DEMAND,Ready-Mixed Concrete,2025-09-01,2025-12-01,3,VAR_DIFF,Naive,1432.3,1285.2069727856522,1432.3,1283.3,147.09302721434779,149.0,-1.906972785652215
RO1_DEMAND,Steel Reinforcement Bars,2025-09-01,2025-12-01,3,VAR_DIFF,Naive,276.16,133.63974894908404,276.16,131.79,142.520251050916,144.37000000000003,-1.849748949084045
RO1_DEMAND,Cement,2025-09-01,2026-03-01,6,VAR_DIFF,Naive,444.92,427.4919371699541,444.92,414.73,17.428062830045917,30.189999999999998,-12.76193716995408
RO1_DEMAND,Granite,2025-09-01,2026-03-01,6,VAR_DIFF,Naive,1890.0,2080.7191694319517,1890.0,2107.6,190.71916943195174,217.5999999999999,-26.880830568048168
RO1_DEMAND,Ready-Mixed Concrete,2025-09-01,2026-03-01,6,VAR_DIFF,Naive,1393.7,1288.048048137433,1393.7,1283.3,105.6519518625671,110.40000000000009,-4.748048137432988
RO1_DEMAND,Steel Reinforcement Bars,2025-09-01,2026-03-01,6,VAR_DIFF,Naive,187.65,136.64643107522505,187.65,131.79,51.00356892477495,55.860000000000014,-4.856431075225061
RO1_DEMAND,Cement,2025-10-01,2025-11-01,1,VAR_DIFF,Naive,373.57,450.5674243925517,373.57,553.71,76.9974243925517,180.14000000000004,-103.14257560744835
RO1_DEMAND,Granite,2025-10-01,2025-11-01,1,VAR_DIFF,Naive,2010.2,2145.3018655022947,2010.2,2147.9,135.1018655022947,137.70000000000005,-2.5981344977053595
RO1_DEMAND,Ready-Mixed Concrete,2025-10-01,2025-11-01,1,VAR_DIFF,Naive,1306.0,1341.6325621316278,1306.0,1401.3,35.632562131627765,95.29999999999995,-59.66743786837219
RO1_DEMAND,Steel Reinforcement Bars,2025-10-01,2025-11-01,1,VAR_DIFF,Naive,167.38,139.88795468734563,167.38,146.31,27.49204531265437,21.069999999999993,6.422045312654376
RO1_DEMAND,Cement,2025-10-01,2026-01-01,3,VAR_DIFF,Naive,455.63,487.7008109508515,455.63,553.71,32.070810950851524,98.08000000000004,-66.00918904914852
RO1_DEMAND,Granite,2025-10-01,2026-01-01,3,VAR_DIFF,Naive,2383.6,2201.8506007187875,2383.6,2147.9,181.7493992812124,235.69999999999982,-53.95060071878743
RO1_DEMAND,Ready-Mixed Concrete,2025-10-01,2026-01-01,3,VAR_DIFF,Naive,1513.8,1384.565653453379,1513.8,1401.3,129.23434654662105,112.5,16.734346546621055
RO1_DEMAND,Steel Reinforcement Bars,2025-10-01,2026-01-01,3,VAR_DIFF,Naive,235.92,142.93496758379638,235.92,146.31,92.98503241620361,89.60999999999999,3.3750324162036236
RO1_DEMAND,Cement,2025-10-01,2026-04-01,6,VAR_DIFF,Naive,420.73,482.1402469629495,420.73,553.71,61.410246962949486,132.98000000000002,-71.56975303705053
RO1_DEMAND,Granite,2025-10-01,2026-04-01,6,VAR_DIFF,Naive,2102.3,2182.9436456453764,2102.3,2147.9,80.64364564537618,45.59999999999991,35.04364564537627
RO1_DEMAND,Ready-Mixed Concrete,2025-10-01,2026-04-01,6,VAR_DIFF,Naive,1407.7,1377.3844884217815,1407.7,1401.3,30.315511578218548,6.400000000000091,23.915511578218457
RO1_DEMAND,Steel Reinforcement Bars,2025-10-01,2026-04-01,6,VAR_DIFF,Naive,232.35,138.21330839577195,232.35,146.31,94.13669160422805,86.03999999999999,8.096691604228056
RO1_DEMAND,Cement,2025-11-01,2025-12-01,1,VAR_DIFF,Naive,628.44,452.20805300579457,628.44,373.57,176.2319469942055,254.87000000000006,-78.63805300579457
RO1_DEMAND,Granite,2025-11-01,2025-12-01,1,VAR_DIFF,Naive,2282.5,2097.7829605298352,2282.5,2010.2,184.71703947016476,272.29999999999995,-87.58296052983519
RO1_DEMAND,Ready-Mixed Concrete,2025-11-01,2025-12-01,1,VAR_DIFF,Naive,1432.3,1340.6106827542278,1432.3,1306.0,91.68931724577214,126.29999999999995,-34.61068275422781
RO1_DEMAND,Steel Reinforcement Bars,2025-11-01,2025-12-01,1,VAR_DIFF,Naive,276.16,145.216500226725,276.16,167.38,130.94349977327502,108.78000000000003,22.163499773274992
RO1_DEMAND,Cement,2025-11-01,2026-02-01,3,VAR_DIFF,Naive,396.88,443.7770417344426,396.88,373.57,46.89704173444261,23.310000000000002,23.587041734442607
RO1_DEMAND,Granite,2025-11-01,2026-02-01,3,VAR_DIFF,Naive,1726.7,2068.866984145127,1726.7,2010.2,342.1669841451269,283.5,58.66698414512689
RO1_DEMAND,Ready-Mixed Concrete,2025-11-01,2026-02-01,3,VAR_DIFF,Naive,1123.1,1335.2180852426206,1123.1,1306.0,212.11808524262074,182.9000000000001,29.218085242620646
RO1_DEMAND,Steel Reinforcement Bars,2025-11-01,2026-02-01,3,VAR_DIFF,Naive,165.5,152.17132423447137,165.5,167.38,13.32867576552863,1.8799999999999955,11.448675765528634
RO1_DEMAND,Cement,2025-11-01,2026-05-01,6,VAR_DIFF,Naive,455.34,447.3184005460926,455.34,373.57,8.021599453907356,81.76999999999998,-73.74840054609263
RO1_DEMAND,Granite,2025-11-01,2026-05-01,6,VAR_DIFF,Naive,2054.7,2089.0084543808,2054.7,2010.2,34.30845438079996,44.49999999999977,-10.191545619199815
RO1_DEMAND,Ready-Mixed Concrete,2025-11-01,2026-05-01,6,VAR_DIFF,Naive,1315.0,1348.8103118265792,1315.0,1306.0,33.81031182657921,9.0,24.81031182657921
RO1_DEMAND,Steel Reinforcement Bars,2025-11-01,2026-05-01,6,VAR_DIFF,Naive,262.3,154.86147508821256,262.3,167.38,107.43852491178745,94.92000000000002,12.518524911787438
RO1_DEMAND,Cement,2025-12-01,2026-01-01,1,VAR_DIFF,Naive,455.63,475.7779397566105,455.63,628.44,20.147939756610526,172.81000000000006,-152.66206024338953
RO1_DEMAND,Granite,2025-12-01,2026-01-01,1,VAR_DIFF,Naive,2383.6,2162.5635234075485,2383.6,2282.5,221.03647659245144,101.09999999999991,119.93647659245153
RO1_DEMAND,Ready-Mixed Concrete,2025-12-01,2026-01-01,1,VAR_DIFF,Naive,1513.8,1361.118899353263,1513.8,1432.3,152.68110064673692,81.5,71.18110064673692
RO1_DEMAND,Steel Reinforcement Bars,2025-12-01,2026-01-01,1,VAR_DIFF,Naive,235.92,203.6656083896571,235.92,276.16,32.25439161034288,40.24000000000004,-7.985608389657159
RO1_DEMAND,Cement,2025-12-01,2026-03-01,3,VAR_DIFF,Naive,444.92,517.6046889413915,444.92,628.44,72.68468894139147,183.52000000000004,-110.83531105860857
RO1_DEMAND,Granite,2025-12-01,2026-03-01,3,VAR_DIFF,Naive,1890.0,2159.8277751740693,1890.0,2282.5,269.8277751740693,392.5,-122.6722248259307
RO1_DEMAND,Ready-Mixed Concrete,2025-12-01,2026-03-01,3,VAR_DIFF,Naive,1393.7,1389.39115768559,1393.7,1432.3,4.308842314409958,38.59999999999991,-34.29115768558995
RO1_DEMAND,Steel Reinforcement Bars,2025-12-01,2026-03-01,3,VAR_DIFF,Naive,187.65,209.22907245531388,187.65,276.16,21.579072455313877,88.51000000000002,-66.93092754468614
RO1_DEMAND,Cement,2026-01-01,2026-02-01,1,VAR_DIFF,Naive,396.88,537.1541777044156,396.88,455.63,140.2741777044156,58.75,81.52417770441559
RO1_DEMAND,Granite,2026-01-01,2026-02-01,1,VAR_DIFF,Naive,1726.7,2362.476447905976,1726.7,2383.6,635.7764479059758,656.8999999999999,-21.123552094024035
RO1_DEMAND,Ready-Mixed Concrete,2026-01-01,2026-02-01,1,VAR_DIFF,Naive,1123.1,1505.864595947672,1123.1,1513.8,382.764595947672,390.70000000000005,-7.935404052328067
RO1_DEMAND,Steel Reinforcement Bars,2026-01-01,2026-02-01,1,VAR_DIFF,Naive,165.5,215.89482888464056,165.5,235.92,50.39482888464056,70.41999999999999,-20.025171115359427
RO1_DEMAND,Cement,2026-01-01,2026-04-01,3,VAR_DIFF,Naive,420.73,546.121717659371,420.73,455.63,125.39171765937101,34.89999999999998,90.49171765937103
RO1_DEMAND,Granite,2026-01-01,2026-04-01,3,VAR_DIFF,Naive,2102.3,2404.8198147091,2102.3,2383.6,302.5198147090996,281.2999999999997,21.219814709099865
RO1_DEMAND,Ready-Mixed Concrete,2026-01-01,2026-04-01,3,VAR_DIFF,Naive,1407.7,1512.4500660949666,1407.7,1513.8,104.75006609496654,106.09999999999991,-1.3499339050333674
RO1_DEMAND,Steel Reinforcement Bars,2026-01-01,2026-04-01,3,VAR_DIFF,Naive,232.35,246.28032903013008,232.35,235.92,13.930329030130082,3.569999999999993,10.360329030130089
RO1_DEMAND,Cement,2026-02-01,2026-03-01,1,VAR_DIFF,Naive,444.92,449.54541133709256,444.92,396.88,4.625411337092544,48.04000000000002,-43.41458866290748
RO1_DEMAND,Granite,2026-02-01,2026-03-01,1,VAR_DIFF,Naive,1890.0,1823.4231307250484,1890.0,1726.7,66.5768692749516,163.29999999999995,-96.72313072504835
RO1_DEMAND,Ready-Mixed Concrete,2026-02-01,2026-03-01,1,VAR_DIFF,Naive,1393.7,1238.9440930789806,1393.7,1123.1,154.75590692101946,270.60000000000014,-115.84409307898068
RO1_DEMAND,Steel Reinforcement Bars,2026-02-01,2026-03-01,1,VAR_DIFF,Naive,187.65,197.84139437875112,187.65,165.5,10.191394378751113,22.150000000000006,-11.958605621248893
RO1_DEMAND,Cement,2026-02-01,2026-05-01,3,VAR_DIFF,Naive,455.34,379.74119462879344,455.34,396.88,75.59880537120654,58.45999999999998,17.13880537120656
RO1_DEMAND,Granite,2026-02-01,2026-05-01,3,VAR_DIFF,Naive,2054.7,1811.1954358133744,2054.7,1726.7,243.50456418662543,327.9999999999998,-84.49543581337434
RO1_DEMAND,Ready-Mixed Concrete,2026-02-01,2026-05-01,3,VAR_DIFF,Naive,1315.0,1204.6785529441477,1315.0,1123.1,110.32144705585233,191.9000000000001,-81.57855294414776
RO1_DEMAND,Steel Reinforcement Bars,2026-02-01,2026-05-01,3,VAR_DIFF,Naive,262.3,184.3505543225387,262.3,165.5,77.94944567746131,96.80000000000001,-18.8505543225387
RO1_DEMAND,Cement,2026-03-01,2026-04-01,1,VAR_DIFF,Naive,420.73,477.31090045865415,420.73,444.92,56.58090045865413,24.189999999999998,32.39090045865413
RO1_DEMAND,Granite,2026-03-01,2026-04-01,1,VAR_DIFF,Naive,2102.3,2089.6034072756797,2102.3,1890.0,12.696592724320453,212.30000000000018,-199.60340727567973
RO1_DEMAND,Ready-Mixed Concrete,2026-03-01,2026-04-01,1,VAR_DIFF,Naive,1407.7,1391.6830607135369,1407.7,1393.7,16.016939286463185,14.0,2.0169392864631845
RO1_DEMAND,Steel Reinforcement Bars,2026-03-01,2026-04-01,1,VAR_DIFF,Naive,232.35,248.8106586161817,232.35,187.65,16.460658616181718,44.69999999999999,-28.23934138381827
RO1_DEMAND,Cement,2026-04-01,2026-05-01,1,VAR_DIFF,Naive,455.34,414.736622864486,455.34,420.73,40.603377135513995,34.60999999999996,5.993377135514038
RO1_DEMAND,Granite,2026-04-01,2026-05-01,1,VAR_DIFF,Naive,2054.7,1981.7907606259607,2054.7,2102.3,72.90923937403909,47.600000000000364,25.309239374038725
RO1_DEMAND,Ready-Mixed Concrete,2026-04-01,2026-05-01,1,VAR_DIFF,Naive,1315.0,1331.637060512097,1315.0,1407.7,16.637060512096923,92.70000000000005,-76.06293948790312
RO1_DEMAND,Steel Reinforcement Bars,2026-04-01,2026-05-01,1,VAR_DIFF,Naive,262.3,177.89843583919338,262.3,232.35,84.40156416080663,29.950000000000017,54.45156416080661
RO1_DEMAND,Cement,2024-06-01,2024-07-01,1,VAR_DIFF,SARIMA,412.14,326.0771087721419,412.14,396.5071803679058,86.06289122785807,15.632819632094197,70.43007159576388
RO1_DEMAND,Granite,2024-06-01,2024-07-01,1,VAR_DIFF,SARIMA,1951.4,1601.3112607071898,1951.4,1792.2000233464494,350.08873929281026,159.19997665355072,190.88876263925954
RO1_DEMAND,Ready-Mixed Concrete,2024-06-01,2024-07-01,1,VAR_DIFF,SARIMA,1188.3,1074.0632193159763,1188.3,1128.686423941969,114.23678068402364,59.61357605803096,54.623204625992685
RO1_DEMAND,Steel Reinforcement Bars,2024-06-01,2024-07-01,1,VAR_DIFF,SARIMA,108.58,134.2670758150983,108.58,155.5933331970808,25.68707581509831,47.0133331970808,-21.326257381982487
RO1_DEMAND,Cement,2024-06-01,2024-09-01,3,VAR_DIFF,SARIMA,337.8,332.6465931794236,337.8,388.7767874432624,5.153406820576436,50.97678744326237,-45.82338062268593
RO1_DEMAND,Granite,2024-06-01,2024-09-01,3,VAR_DIFF,SARIMA,1821.8,1628.2952026284474,1821.8,1725.3706155724412,193.5047973715525,96.42938442755872,97.0754129439938
RO1_DEMAND,Ready-Mixed Concrete,2024-06-01,2024-09-01,3,VAR_DIFF,SARIMA,1153.0,1074.427610841779,1153.0,1133.1436851957042,78.57238915822109,19.856314804295835,58.71607435392525
RO1_DEMAND,Steel Reinforcement Bars,2024-06-01,2024-09-01,3,VAR_DIFF,SARIMA,226.32,143.02840210151624,226.32,142.7514364732717,83.29159789848376,83.5685635267283,-0.27696562824453963
RO1_DEMAND,Cement,2024-06-01,2024-12-01,6,VAR_DIFF,SARIMA,370.42,354.46792325001945,370.42,427.29402642761664,15.952076749980563,56.87402642761663,-40.921949677636064
RO1_DEMAND,Granite,2024-06-01,2024-12-01,6,VAR_DIFF,SARIMA,1760.4,1637.5371169307118,1760.4,1698.0553795745,122.86288306928827,62.344620425500125,60.51826264378815
RO1_DEMAND,Ready-Mixed Concrete,2024-06-01,2024-12-01,6,VAR_DIFF,SARIMA,1167.7,1087.4661563673594,1167.7,1172.128518663857,80.23384363264063,4.4285186638569485,75.80532496878368
RO1_DEMAND,Steel Reinforcement Bars,2024-06-01,2024-12-01,6,VAR_DIFF,SARIMA,121.23,149.67020508275527,121.23,111.13501974440224,28.44020508275527,10.094980255597761,18.34522482715751
RO1_DEMAND,Cement,2024-06-01,2025-06-01,12,VAR_DIFF,SARIMA,454.02,350.0491318644229,454.02,367.5573755804295,103.97086813557706,86.46262441957049,17.508243716006575
RO1_DEMAND,Granite,2024-06-01,2025-06-01,12,VAR_DIFF,SARIMA,1765.6,1635.792241932563,1765.6,1623.8969860698105,129.8077580674369,141.7030139301894,-11.895255862752492
RO1_DEMAND,Ready-Mixed Concrete,2024-06-01,2025-06-01,12,VAR_DIFF,SARIMA,1205.3,1093.3657897655128,1205.3,1111.5056040585807,111.93421023448718,93.79439594141922,18.139814293067957
RO1_DEMAND,Steel Reinforcement Bars,2024-06-01,2025-06-01,12,VAR_DIFF,SARIMA,109.58,149.70537948264956,109.58,133.79084412309976,40.125379482649564,24.21084412309976,15.914535359549802
RO1_DEMAND,Cement,2024-07-01,2024-08-01,1,VAR_DIFF,SARIMA,399.41,418.71362698745486,399.41,408.1019263008275,19.303626987454834,8.691926300827447,10.611700686627387
RO1_DEMAND,Granite,2024-07-01,2024-08-01,1,VAR_DIFF,SARIMA,1870.9,1861.2110994086947,1870.9,1837.171646879416,9.688900591305355,33.72835312058419,-24.039452529278833
RO1_DEMAND,Ready-Mixed Concrete,2024-07-01,2024-08-01,1,VAR_DIFF,SARIMA,1205.9,1168.303370678494,1205.9,1179.2018866545675,37.59662932150604,26.698113345432603,10.89851597607344
RO1_DEMAND,Steel Reinforcement Bars,2024-07-01,2024-08-01,1,VAR_DIFF,SARIMA,94.39,136.94753933201355,94.39,116.71645937186422,42.55753933201355,22.326459371864217,20.23107996014933
RO1_DEMAND,Cement,2024-07-01,2024-10-01,3,VAR_DIFF,SARIMA,410.73,430.1468215557105,410.73,408.5400307996818,19.4168215557105,2.1899692003182167,17.226852355392282
RO1_DEMAND,Granite,2024-07-01,2024-10-01,3,VAR_DIFF,SARIMA,1803.3,1921.731336526504,1803.3,1866.943497559796,118.43133652650408,63.64349755979606,54.78783896670802
RO1_DEMAND,Ready-Mixed Concrete,2024-07-01,2024-10-01,3,VAR_DIFF,SARIMA,1147.0,1183.5778392628388,1147.0,1209.4380480625557,36.57783926283878,62.43804806255571,-25.86020879971693
RO1_DEMAND,Steel Reinforcement Bars,2024-07-01,2024-10-01,3,VAR_DIFF,SARIMA,114.09,148.124665542768,114.09,129.21434520038173,34.03466554276801,15.124345200381725,18.910320342386285
RO1_DEMAND,Cement,2024-07-01,2025-01-01,6,VAR_DIFF,SARIMA,314.17,405.1556156942041,314.17,408.4098949993983,90.98561569420406,94.2398949993983,-3.2542793051942454
RO1_DEMAND,Granite,2024-07-01,2025-01-01,6,VAR_DIFF,SARIMA,1589.2,1880.5174710990143,1589.2,1680.5292932400437,291.31747109901426,91.32929324004363,199.98817785897063
RO1_DEMAND,Ready-Mixed Concrete,2024-07-01,2025-01-01,6,VAR_DIFF,SARIMA,1031.1,1167.2759295727203,1031.1,1174.7839863281315,136.1759295727204,143.6839863281316,-7.508056755411189
RO1_DEMAND,Steel Reinforcement Bars,2024-07-01,2025-01-01,6,VAR_DIFF,SARIMA,105.3,134.4775143490984,105.3,132.1397281614867,29.177514349098416,26.83972816148669,2.3377861876117265
RO1_DEMAND,Cement,2024-07-01,2025-07-01,12,VAR_DIFF,SARIMA,431.58,404.2052822952259,431.58,400.0069576316291,27.37471770477407,31.573042368370864,-4.198324663596793
RO1_DEMAND,Granite,2024-07-01,2025-07-01,12,VAR_DIFF,SARIMA,2113.3,1882.3502097643168,2113.3,1797.9886930479151,230.9497902356834,315.31130695208503,-84.36151671640164
RO1_DEMAND,Ready-Mixed Concrete,2024-07-01,2025-07-01,12,VAR_DIFF,SARIMA,1334.2,1173.461765930665,1334.2,1200.78452299973,160.73823406933502,133.41547700027013,27.32275706906489
RO1_DEMAND,Steel Reinforcement Bars,2024-07-01,2025-07-01,12,VAR_DIFF,SARIMA,155.84,135.23755795182132,155.84,138.16754861566602,20.602442048178688,17.672451384333982,2.9299906638447055
RO1_DEMAND,Cement,2024-08-01,2024-09-01,1,VAR_DIFF,SARIMA,337.8,390.6559265873429,337.8,390.755688642362,52.85592658734288,52.95568864236196,-0.09976205501908453
RO1_DEMAND,Granite,2024-08-01,2024-09-01,1,VAR_DIFF,SARIMA,1821.8,1910.8255016070195,1821.8,1857.5290645941095,89.02550160701958,35.72906459410956,53.29643701291002
RO1_DEMAND,Ready-Mixed Concrete,2024-08-01,2024-09-01,1,VAR_DIFF,SARIMA,1153.0,1187.5905078013816,1153.0,1211.9472544250814,34.59050780138159,58.94725442508138,-24.35674662369979
RO1_DEMAND,Steel Reinforcement Bars,2024-08-01,2024-09-01,1,VAR_DIFF,SARIMA,226.32,110.38070325082435,226.32,125.80558164456878,115.93929674917564,100.51441835543122,15.424878393744422
RO1_DEMAND,Cement,2024-08-01,2024-11-01,3,VAR_DIFF,SARIMA,408.36,398.73156540816586,408.36,378.4843662111913,9.62843459183415,29.875633788808727,-20.247199196974577
RO1_DEMAND,Granite,2024-08-01,2024-11-01,3,VAR_DIFF,SARIMA,1706.4,1938.5875637509375,1706.4,1777.3297864999795,232.18756375093744,70.9297864999794,161.25777725095804
RO1_DEMAND,Ready-Mixed Concrete,2024-08-01,2024-11-01,3,VAR_DIFF,SARIMA,1112.7,1203.1449658575734,1112.7,1207.5326608930854,90.44496585757338,94.8326608930854,-4.387695035512024
RO1_DEMAND,Steel Reinforcement Bars,2024-08-01,2024-11-01,3,VAR_DIFF,SARIMA,140.53,116.97927863901104,140.53,120.20395916845038,23.55072136098896,20.32604083154962,3.2246805294393397
RO1_DEMAND,Cement,2024-08-01,2025-02-01,6,VAR_DIFF,SARIMA,379.05,409.64699545330535,379.05,308.9014101853357,30.59699545330534,70.14858981466432,-39.55159436135898
RO1_DEMAND,Granite,2024-08-01,2025-02-01,6,VAR_DIFF,SARIMA,1672.6,1939.4117761594605,1672.6,1518.1744989509923,266.8117761594606,154.4255010490076,112.38627511045297
RO1_DEMAND,Ready-Mixed Concrete,2024-08-01,2025-02-01,6,VAR_DIFF,SARIMA,1046.6,1206.5572155837865,1046.6,1063.7493079986316,159.9572155837866,17.149307998631684,142.8079075851549
RO1_DEMAND,Steel Reinforcement Bars,2024-08-01,2025-02-01,6,VAR_DIFF,SARIMA,231.33,119.94806571060325,231.33,95.16576912309202,111.38193428939677,136.164230876908,-24.782296587511226
RO1_DEMAND,Cement,2024-08-01,2025-08-01,12,VAR_DIFF,SARIMA,427.22,409.3665772501045,427.22,403.8995183694083,17.853422749895515,23.3204816305917,-5.467058880696186
RO1_DEMAND,Granite,2024-08-01,2025-08-01,12,VAR_DIFF,SARIMA,2098.6,1936.14936343694,2098.6,1745.1838723559358,162.45063656306002,353.4161276440641,-190.96549108100407
RO1_DEMAND,Ready-Mixed Concrete,2024-08-01,2025-08-01,12,VAR_DIFF,SARIMA,1282.5,1213.2460279283748,1282.5,1223.142330873128,69.25397207162518,59.357669126872,9.896302944753188
RO1_DEMAND,Steel Reinforcement Bars,2024-08-01,2025-08-01,12,VAR_DIFF,SARIMA,125.51,117.66100318015091,125.51,120.03412731378587,7.848996819849091,5.475872686214132,2.3731241336349598
RO1_DEMAND,Cement,2024-09-01,2024-10-01,1,VAR_DIFF,SARIMA,410.73,405.8326599540201,410.73,390.9785842604349,4.897340045979945,19.751415739565118,-14.854075693585173
RO1_DEMAND,Granite,2024-09-01,2024-10-01,1,VAR_DIFF,SARIMA,1803.3,1874.8569463917547,1803.3,1860.2542673937744,71.55694639175476,56.954267393774444,14.60267899798032
RO1_DEMAND,Ready-Mixed Concrete,2024-09-01,2024-10-01,1,VAR_DIFF,SARIMA,1147.0,1158.369829726424,1147.0,1180.3346948203005,11.369829726424086,33.334694820300456,-21.96486509387637
RO1_DEMAND,Steel Reinforcement Bars,2024-09-01,2024-10-01,1,VAR_DIFF,SARIMA,114.09,184.15847893281943,114.09,159.4779273769098,70.06847893281943,45.3879273769098,24.68055155590963
RO1_DEMAND,Cement,2024-09-01,2024-12-01,3,VAR_DIFF,SARIMA,370.42,359.7349356471253,370.42,414.19099316067366,10.68506435287469,43.77099316067364,-33.08592880779895
RO1_DEMAND,Granite,2024-09-01,2024-12-01,3,VAR_DIFF,SARIMA,1760.4,1772.8084920450542,1760.4,1765.033242816576,12.408492045054118,4.63324281657583,7.7752492284782875
RO1_DEMAND,Ready-Mixed Concrete,2024-09-01,2024-12-01,3,VAR_DIFF,SARIMA,1167.7,1149.4586479141055,1167.7,1197.6654495019689,18.241352085894505,29.965449501968806,-11.7240974160743
RO1_DEMAND,Steel Reinforcement Bars,2024-09-01,2024-12-01,3,VAR_DIFF,SARIMA,121.23,156.12309922291786,121.23,116.38659037458046,34.893099222917854,4.84340962541954,30.049689597498315
RO1_DEMAND,Cement,2024-09-01,2025-03-01,6,VAR_DIFF,SARIMA,382.02,369.98029679841824,382.02,402.8543417220317,12.039703201581744,20.834341722031695,-8.79463852044995
RO1_DEMAND,Granite,2024-09-01,2025-03-01,6,VAR_DIFF,SARIMA,1925.7,1823.0982147524437,1925.7,1794.1518191320686,102.60178524755634,131.54818086793148,-28.946395620375142
RO1_DEMAND,Ready-Mixed Concrete,2024-09-01,2025-03-01,6,VAR_DIFF,SARIMA,1042.1,1167.9386257259578,1042.1,1212.688414251326,125.83862572595785,170.58841425132618,-44.74978852536833
RO1_DEMAND,Steel Reinforcement Bars,2024-09-01,2025-03-01,6,VAR_DIFF,SARIMA,171.69,170.13494349527468,171.69,156.8825795372597,1.5550565047253144,14.80742046274031,-13.252363958014996
RO1_DEMAND,Cement,2024-09-01,2025-09-01,12,VAR_DIFF,SARIMA,414.73,373.3726822101984,414.73,372.1486461040543,41.35731778980164,42.58135389594571,-1.2240361061440694
RO1_DEMAND,Granite,2024-09-01,2025-09-01,12,VAR_DIFF,SARIMA,2107.6,1828.133627717064,2107.6,1757.511852150074,279.46637228293594,350.0881478499259,-70.62177556698998
RO1_DEMAND,Ready-Mixed Concrete,2024-09-01,2025-09-01,12,VAR_DIFF,SARIMA,1283.3,1175.0471538102156,1283.3,1173.662410831228,108.25284618978435,109.63758916877191,-1.3847429789875605
RO1_DEMAND,Steel Reinforcement Bars,2024-09-01,2025-09-01,12,VAR_DIFF,SARIMA,131.79,175.0152572316779,131.79,155.42268179798123,43.225257231677915,23.632681797981235,19.59257543369668
RO1_DEMAND,Cement,2024-10-01,2024-11-01,1,VAR_DIFF,SARIMA,408.36,383.41339260217376,408.36,369.0339968093476,24.946607397826256,39.326003190652386,-14.37939579282613
RO1_DEMAND,Granite,2024-10-01,2024-11-01,1,VAR_DIFF,SARIMA,1706.4,1819.2186796818485,1706.4,1707.5650883980095,112.81867968184838,1.1650883980094022,111.65359128383898
RO1_DEMAND,Ready-Mixed Concrete,2024-10-01,2024-11-01,1,VAR_DIFF,SARIMA,1112.7,1192.3069554384022,1112.7,1123.4568987643738,79.60695543840211,10.756898764373773,68.85005667402834
RO1_DEMAND,Steel Reinforcement Bars,2024-10-01,2024-11-01,1,VAR_DIFF,SARIMA,140.53,139.9531299466762,140.53,124.24011882380998,0.5768700533238018,16.289881176190022,-15.71301112286622
RO1_DEMAND,Cement,2024-10-01,2025-01-01,3,VAR_DIFF,SARIMA,314.17,389.1513918599043,314.17,396.4801552940088,74.9813918599043,82.31015529400878,-7.328763434104474
RO1_DEMAND,Granite,2024-10-01,2025-01-01,3,VAR_DIFF,SARIMA,1589.2,1848.974984433309,1589.2,1645.186825259929,259.7749844333089,55.98682525992899,203.78815917337988
RO1_DEMAND,Ready-Mixed Concrete,2024-10-01,2025-01-01,3,VAR_DIFF,SARIMA,1031.1,1180.911856778633,1031.1,1115.316001228807,149.811856778633,84.21600122880704,65.59585554982596
RO1_DEMAND,Steel Reinforcement Bars,2024-10-01,2025-01-01,3,VAR_DIFF,SARIMA,105.3,150.86045486384768,105.3,136.8235655979492,45.56045486384768,31.5235655979492,14.03688926589848
RO1_DEMAND,Cement,2024-10-01,2025-04-01,6,VAR_DIFF,SARIMA,372.25,381.2887544325504,372.25,363.967183929677,9.038754432550377,8.282816070323008,0.7559383622273685
RO1_DEMAND,Granite,2024-10-01,2025-04-01,6,VAR_DIFF,SARIMA,1668.0,1813.114759273638,1668.0,1680.419254797098,145.1147592736379,12.419254797097892,132.69550447654
RO1_DEMAND,Ready-Mixed Concrete,2024-10-01,2025-04-01,6,VAR_DIFF,SARIMA,1113.2,1173.9562859094665,1113.2,1091.255607710318,60.75628590946644,21.944392289682128,38.811893619784314
RO1_DEMAND,Steel Reinforcement Bars,2024-10-01,2025-04-01,6,VAR_DIFF,SARIMA,152.83,140.78912772944207,152.83,147.90999625559616,12.04087227055794,4.920003744403857,7.120868526154084
RO1_DEMAND,Cement,2024-10-01,2025-10-01,12,VAR_DIFF,SARIMA,553.71,378.1573074275491,553.71,395.3023668258057,175.55269257245095,158.40763317419436,17.145059398256592
RO1_DEMAND,Granite,2024-10-01,2025-10-01,12,VAR_DIFF,SARIMA,2147.9,1815.540328355382,2147.9,1794.288058076025,332.3596716446182,353.6119419239751,-21.252270279356935
RO1_DEMAND,Ready-Mixed Concrete,2024-10-01,2025-10-01,12,VAR_DIFF,SARIMA,1401.3,1180.0324399103374,1401.3,1163.3063024746075,221.26756008966254,237.99369752539246,-16.726137435729925
RO1_DEMAND,Steel Reinforcement Bars,2024-10-01,2025-10-01,12,VAR_DIFF,SARIMA,146.31,142.17187072044737,146.31,134.97570372555975,4.138129279552629,11.334296274440248,-7.196166994887619
RO1_DEMAND,Cement,2024-11-01,2024-12-01,1,VAR_DIFF,SARIMA,370.42,338.9748521378707,370.42,430.99465179629766,31.445147862129318,60.574651796297644,-29.129503934168326
RO1_DEMAND,Granite,2024-11-01,2024-12-01,1,VAR_DIFF,SARIMA,1760.4,1638.2418052810906,1760.4,1724.743385399886,122.1581947189095,35.65661460011415,86.50158011879535
RO1_DEMAND,Ready-Mixed Concrete,2024-11-01,2024-12-01,1,VAR_DIFF,SARIMA,1167.7,1077.3653740900718,1167.7,1157.356319009068,90.33462590992826,10.343680990931944,79.99094491899632
RO1_DEMAND,Steel Reinforcement Bars,2024-11-01,2024-12-01,1,VAR_DIFF,SARIMA,121.23,123.23889397234156,121.23,114.63530650414636,2.0088939723415535,6.594693495853647,-4.585799523512094
RO1_DEMAND,Cement,2024-11-01,2025-02-01,3,VAR_DIFF,SARIMA,379.05,378.19254170248615,379.05,310.6207137041766,0.8574582975138583,68.42928629582343,-67.57182799830957
RO1_DEMAND,Granite,2024-11-01,2025-02-01,3,VAR_DIFF,SARIMA,1672.6,1699.6336630244816,1672.6,1473.892974026871,27.03366302448171,198.70702597312902,-171.6733629486473
RO1_DEMAND,Ready-Mixed Concrete,2024-11-01,2025-02-01,3,VAR_DIFF,SARIMA,1046.6,1105.419192552774,1046.6,970.0418218714028,58.819192552773984,76.55817812859709,-17.738985575823108
RO1_DEMAND,Steel Reinforcement Bars,2024-11-01,2025-02-01,3,VAR_DIFF,SARIMA,231.33,135.7596243071323,231.33,105.9134837567604,95.57037569286771,125.41651624323961,-29.8461405503719
RO1_DEMAND,Cement,2024-11-01,2025-05-01,6,VAR_DIFF,SARIMA,356.5,372.50509880682256,356.5,370.7589779620338,16.00509880682256,14.258977962033782,1.746120844788777
RO1_DEMAND,Granite,2024-11-01,2025-05-01,6,VAR_DIFF,SARIMA,1863.3,1703.8674259449729,1863.3,1665.9254233132408,159.4325740550271,197.37457668675916,-37.942002631732066
RO1_DEMAND,Ready-Mixed Concrete,2024-11-01,2025-05-01,6,VAR_DIFF,SARIMA,1142.6,1112.2626609404322,1142.6,1076.881214191108,30.33733905956774,65.71878580889188,-35.38144674932414
RO1_DEMAND,Steel Reinforcement Bars,2024-11-01,2025-05-01,6,VAR_DIFF,SARIMA,174.15,139.0451208420762,174.15,121.59352612572582,35.10487915792382,52.55647387427419,-17.45159471635037
RO1_DEMAND,Cement,2024-11-01,2025-11-01,12,VAR_DIFF,SARIMA,373.57,370.7226620298479,373.57,379.8682908105553,2.8473379701520685,6.298290810555329,-3.450952840403261
RO1_DEMAND,Granite,2024-11-01,2025-11-01,12,VAR_DIFF,SARIMA,2010.2,1698.792471137288,2010.2,1702.4792279087578,311.40752886271207,307.7207720912422,3.6867567714698453
RO1_DEMAND,Ready-Mixed Concrete,2024-11-01,2025-11-01,12,VAR_DIFF,SARIMA,1306.0,1116.864141417275,1306.0,1126.407358961518,189.13585858272495,179.59264103848204,9.543217544242907
RO1_DEMAND,Steel Reinforcement Bars,2024-11-01,2025-11-01,12,VAR_DIFF,SARIMA,167.38,139.0410405812496,167.38,133.91001488740778,28.33895941875039,33.46998511259221,-5.131025693841821
RO1_DEMAND,Cement,2024-12-01,2025-01-01,1,VAR_DIFF,SARIMA,314.17,403.1076583503121,314.17,390.4846682169488,88.93765835031206,76.3146682169488,12.62299013336326
RO1_DEMAND,Granite,2024-12-01,2025-01-01,1,VAR_DIFF,SARIMA,1589.2,1866.826687093652,1589.2,1672.3409878703403,277.626687093652,83.14098787034027,194.4856992233117
RO1_DEMAND,Ready-Mixed Concrete,2024-12-01,2025-01-01,1,VAR_DIFF,SARIMA,1031.1,1194.4546859321802,1031.1,1114.9286802326887,163.35468593218025,83.82868023268884,79.5260056994914
RO1_DEMAND,Steel Reinforcement Bars,2024-12-01,2025-01-01,1,VAR_DIFF,SARIMA,105.3,152.58322633002567,105.3,141.9092611174483,47.28322633002567,36.6092611174483,10.673965212577372
RO1_DEMAND,Cement,2024-12-01,2025-03-01,3,VAR_DIFF,SARIMA,382.02,403.3777772923728,382.02,402.49097736413256,21.357777292372816,20.47097736413258,0.8867999282402366
RO1_DEMAND,Granite,2024-12-01,2025-03-01,3,VAR_DIFF,SARIMA,1925.7,1826.4736170416677,1925.7,1787.40467081439,99.22638295833235,138.29532918560994,-39.06894622727759
RO1_DEMAND,Ready-Mixed Concrete,2024-12-01,2025-03-01,3,VAR_DIFF,SARIMA,1042.1,1183.182297332144,1042.1,1181.744724220108,141.08229733214398,139.64472422010817,1.4375731120358068
RO1_DEMAND,Steel Reinforcement Bars,2024-12-01,2025-03-01,3,VAR_DIFF,SARIMA,171.69,141.6551422180762,171.69,153.94653222114562,30.03485778192379,17.74346777885438,12.29139000306941
RO1_DEMAND,Cement,2024-12-01,2025-06-01,6,VAR_DIFF,SARIMA,454.02,401.3272285227052,454.02,354.08803624272,52.6927714772948,99.93196375727996,-47.23919227998516
RO1_DEMAND,Granite,2024-12-01,2025-06-01,6,VAR_DIFF,SARIMA,1765.6,1821.2777425080744,1765.6,1669.966949510478,55.677742508074516,95.63305048952202,-39.955307981447504
RO1_DEMAND,Ready-Mixed Concrete,2024-12-01,2025-06-01,6,VAR_DIFF,SARIMA,1205.3,1181.1416964312648,1205.3,1106.5281668223672,24.158303568735164,98.77183317763274,-74.61352960889758
RO1_DEMAND,Steel Reinforcement Bars,2024-12-01,2025-06-01,6,VAR_DIFF,SARIMA,109.58,139.46314391379278,109.58,134.24539173027938,29.88314391379278,24.66539173027938,5.217752183513397
RO1_DEMAND,Cement,2024-12-01,2025-12-01,12,VAR_DIFF,SARIMA,628.44,398.8747676523757,628.44,410.07616784790775,229.56523234762437,218.3638321520923,11.201400195532074
RO1_DEMAND,Granite,2024-12-01,2025-12-01,12,VAR_DIFF,SARIMA,2282.5,1820.0503420147409,2282.5,1738.524263281245,462.44965798525914,543.9757367187549,-81.52607873349575
RO1_DEMAND,Ready-Mixed Concrete,2024-12-01,2025-12-01,12,VAR_DIFF,SARIMA,1432.3,1186.8615929055295,1432.3,1180.2417096237964,245.43840709447045,252.05829037620356,-6.6198832817331095
RO1_DEMAND,Steel Reinforcement Bars,2024-12-01,2025-12-01,12,VAR_DIFF,SARIMA,276.16,139.9781303244215,276.16,116.47576741555292,136.18186967557853,159.6842325844471,-23.502362908868577
RO1_DEMAND,Cement,2025-01-01,2025-02-01,1,VAR_DIFF,SARIMA,379.05,363.0231190654053,379.05,271.6815771611533,16.026880934594715,107.3684228388467,-91.34154190425198
RO1_DEMAND,Granite,2025-01-01,2025-02-01,1,VAR_DIFF,SARIMA,1672.6,1598.2955152989152,1672.6,1430.1037258742983,74.30448470108468,242.49627412570158,-168.1917894246169
RO1_DEMAND,Ready-Mixed Concrete,2025-01-01,2025-02-01,1,VAR_DIFF,SARIMA,1046.6,1067.137440172144,1046.6,903.188643898575,20.537440172143988,143.41135610142487,-122.87391592928088
RO1_DEMAND,Steel Reinforcement Bars,2025-01-01,2025-02-01,1,VAR_DIFF,SARIMA,231.33,111.3728955570445,231.33,95.31647375274508,119.95710444295551,136.01352624725493,-16.05642180429942
RO1_DEMAND,Cement,2025-01-01,2025-04-01,3,VAR_DIFF,SARIMA,372.25,328.91966846655066,372.25,336.20102195310875,43.33033153344934,36.04897804689125,7.281353486558089
RO1_DEMAND,Granite,2025-01-01,2025-04-01,3,VAR_DIFF,SARIMA,1668.0,1582.872417947152,1668.0,1650.073251023606,85.12758205284808,17.926748976394038,67.20083307645405
RO1_DEMAND,Ready-Mixed Concrete,2025-01-01,2025-04-01,3,VAR_DIFF,SARIMA,1113.2,1053.5156042579065,1113.2,1014.3735587195478,59.68439574209356,98.82644128045229,-39.14204553835873
RO1_DEMAND,Steel Reinforcement Bars,2025-01-01,2025-04-01,3,VAR_DIFF,SARIMA,152.83,108.73447426637424,152.83,145.29174760375358,44.09552573362578,7.538252396246435,36.55727333737934
RO1_DEMAND,Cement,2025-01-01,2025-07-01,6,VAR_DIFF,SARIMA,431.58,338.66337954712463,431.58,360.307110077378,92.91662045287535,71.27288992262197,21.64373053025338
RO1_DEMAND,Granite,2025-01-01,2025-07-01,6,VAR_DIFF,SARIMA,2113.3,1600.4081199744817,2113.3,1756.6503962090328,512.8918800255185,356.6496037909674,156.24227623455113
RO1_DEMAND,Ready-Mixed Concrete,2025-01-01,2025-07-01,6,VAR_DIFF,SARIMA,1334.2,1066.5603923499682,1334.2,1064.750875523334,267.63960765003185,269.44912447666616,-1.809516826634308
RO1_DEMAND,Steel Reinforcement Bars,2025-01-01,2025-07-01,6,VAR_DIFF,SARIMA,155.84,116.37426046883805,155.84,140.7111538535906,39.46573953116196,15.128846146409415,24.336893384752543
RO1_DEMAND,Cement,2025-01-01,2026-01-01,12,VAR_DIFF,SARIMA,455.63,340.8558323921514,455.63,363.6975463910917,114.7741676078486,91.9324536089083,22.841713998940293
RO1_DEMAND,Granite,2025-01-01,2026-01-01,12,VAR_DIFF,SARIMA,2383.6,1597.0647316574166,2383.6,1628.2609016192685,786.5352683425833,755.3390983807315,31.196169961851865
RO1_DEMAND,Ready-Mixed Concrete,2025-01-01,2026-01-01,12,VAR_DIFF,SARIMA,1513.8,1073.439727008859,1513.8,1046.5046700214805,440.36027299114085,467.2953299785195,-26.93505698737863
RO1_DEMAND,Steel Reinforcement Bars,2025-01-01,2026-01-01,12,VAR_DIFF,SARIMA,235.92,116.6621325663888,235.92,134.80703583994355,119.25786743361118,101.11296416005644,18.144903273554746
RO1_DEMAND,Cement,2025-02-01,2025-03-01,1,VAR_DIFF,SARIMA,382.02,332.4325849480148,382.02,411.157910113156,49.587415051985204,29.13791011315601,20.449504938829193
RO1_DEMAND,Granite,2025-02-01,2025-03-01,1,VAR_DIFF,SARIMA,1925.7,1593.7251225029397,1925.7,1925.1185039007676,331.97487749706033,0.5814960992324814,331.39338139782785
RO1_DEMAND,Ready-Mixed Concrete,2025-02-01,2025-03-01,1,VAR_DIFF,SARIMA,1042.1,1024.6510902429015,1042.1,1234.8044246188524,17.448909757098363,192.7044246188525,-175.25551486175414
RO1_DEMAND,Steel Reinforcement Bars,2025-02-01,2025-03-01,1,VAR_DIFF,SARIMA,171.69,173.92125502904855,171.69,190.27341757336927,2.2312550290485547,18.583417573369275,-16.35216254432072
RO1_DEMAND,Cement,2025-02-01,2025-05-01,3,VAR_DIFF,SARIMA,356.5,338.2624822140812,356.5,362.2568389896967,18.237517785918783,5.756838989696689,12.480678796222094
RO1_DEMAND,Granite,2025-02-01,2025-05-01,3,VAR_DIFF,SARIMA,1863.3,1541.431245273234,1863.3,1775.0867423975374,321.8687547267659,88.21325760246259,233.65549712430334
RO1_DEMAND,Ready-Mixed Concrete,2025-02-01,2025-05-01,3,VAR_DIFF,SARIMA,1142.6,1023.6783114024852,1142.6,1139.9547916023469,118.92168859751473,2.6452083976530503,116.27648019986168
RO1_DEMAND,Steel Reinforcement Bars,2025-02-01,2025-05-01,3,VAR_DIFF,SARIMA,174.15,161.1143821968227,174.15,138.29840106583825,13.035617803177303,35.85159893416176,-22.815981130984454
RO1_DEMAND,Cement,2025-02-01,2025-08-01,6,VAR_DIFF,SARIMA,427.22,335.7350166631599,427.22,397.1166250647316,91.48498333684012,30.103374935268448,61.38160840157167
RO1_DEMAND,Granite,2025-02-01,2025-08-01,6,VAR_DIFF,SARIMA,2098.6,1565.4472650425655,2098.6,1790.8317735123833,533.1527349574344,307.76822648761663,225.38450846981777
RO1_DEMAND,Ready-Mixed Concrete,2025-02-01,2025-08-01,6,VAR_DIFF,SARIMA,1282.5,1033.823822332074,1282.5,1192.1323899671934,248.6761776679259,90.36761003280662,158.3085676351193
RO1_DEMAND,Steel Reinforcement Bars,2025-02-01,2025-08-01,6,VAR_DIFF,SARIMA,125.51,167.1707046762836,125.51,146.2840148567515,41.6607046762836,20.774014856751492,20.88668981953211
RO1_DEMAND,Cement,2025-02-01,2026-02-01,12,VAR_DIFF,SARIMA,396.88,331.9898173738331,396.88,303.247371890584,64.8901826261669,93.63262810941598,-28.74244548324907
RO1_DEMAND,Granite,2025-02-01,2026-02-01,12,VAR_DIFF,SARIMA,1726.7,1566.68386085824,1726.7,1550.7351748520614,160.01613914176005,175.96482514793865,-15.948686006178605
RO1_DEMAND,Ready-Mixed Concrete,2025-02-01,2026-02-01,12,VAR_DIFF,SARIMA,1123.1,1036.6892772618596,1123.1,1050.51852859637,86.4107227381403,72.58147140362985,13.829251334510445
RO1_DEMAND,Steel Reinforcement Bars,2025-02-01,2026-02-01,12,VAR_DIFF,SARIMA,165.5,171.66130789708518,165.5,131.25409855429865,6.16130789708518,34.24590144570135,-28.08459354861617
RO1_DEMAND,Cement,2025-03-01,2025-04-01,1,VAR_DIFF,SARIMA,372.25,342.0074738867024,372.25,358.50589282874046,30.242526113297572,13.744107171259543,16.49841894203803
RO1_DEMAND,Granite,2025-03-01,2025-04-01,1,VAR_DIFF,SARIMA,1668.0,1700.775036715647,1668.0,1809.8010747904032,32.77503671564705,141.80107479040316,-109.02603807475612
RO1_DEMAND,Ready-Mixed Concrete,2025-03-01,2025-04-01,1,VAR_DIFF,SARIMA,1113.2,1037.4925461715588,1113.2,976.9637158473224,75.7074538284412,136.23628415267763,-60.528830324236424
RO1_DEMAND,Steel Reinforcement Bars,2025-03-01,2025-04-01,1,VAR_DIFF,SARIMA,152.83,141.35816498277728,152.83,163.28008954457104,11.47183501722273,10.450089544571028,1.021745472651702
RO1_DEMAND,Cement,2025-03-01,2025-06-01,3,VAR_DIFF,SARIMA,454.02,381.5651476517242,454.02,354.6228142956086,72.45485234827578,99.3971857043914,-26.942333356115626
RO1_DEMAND,Granite,2025-03-01,2025-06-01,3,VAR_DIFF,SARIMA,1765.6,1741.2993546880343,1765.6,1753.226989398224,24.30064531196558,12.373010601775832,11.92763471018975
RO1_DEMAND,Ready-Mixed Concrete,2025-03-01,2025-06-01,3,VAR_DIFF,SARIMA,1205.3,1025.4793682985849,1205.3,993.4366916062588,179.8206317014151,211.86330839374114,-32.04267669232604
RO1_DEMAND,Steel Reinforcement Bars,2025-03-01,2025-06-01,3,VAR_DIFF,SARIMA,109.58,176.96771066908968,109.58,145.05334528881866,67.38771066908969,35.47334528881866,31.914365380271022
RO1_DEMAND,Cement,2025-03-01,2025-09-01,6,VAR_DIFF,SARIMA,414.73,364.88551483257294,414.73,372.32005998739606,49.84448516742708,42.409940012603954,7.434545154823127
RO1_DEMAND,Granite,2025-03-01,2025-09-01,6,VAR_DIFF,SARIMA,2107.6,1717.8971201802815,2107.6,1810.417000003161,389.7028798197184,297.1829999968388,92.5198798228796
RO1_DEMAND,Ready-Mixed Concrete,2025-03-01,2025-09-01,6,VAR_DIFF,SARIMA,1283.3,1027.9911266450963,1283.3,1026.0615007654194,255.30887335490365,257.23849923458056,-1.9296258796769052
RO1_DEMAND,Steel Reinforcement Bars,2025-03-01,2025-09-01,6,VAR_DIFF,SARIMA,131.79,163.72755060309905,131.79,161.83468303623158,31.937550603099055,30.04468303623159,1.8928675668674657
RO1_DEMAND,Cement,2025-03-01,2026-03-01,12,VAR_DIFF,SARIMA,444.92,354.8810202116972,444.92,400.2116441906011,90.03897978830281,44.70835580939894,45.33062397890387
RO1_DEMAND,Granite,2025-03-01,2026-03-01,12,VAR_DIFF,SARIMA,1890.0,1726.6177980639072,1890.0,1842.7272145911493,163.38220193609277,47.27278540885072,116.10941652724205
RO1_DEMAND,Ready-Mixed Concrete,2025-03-01,2026-03-01,12,VAR_DIFF,SARIMA,1393.7,1035.695666512218,1393.7,1068.0156042912008,358.0043334877821,325.68439570879923,32.319937778982876
RO1_DEMAND,Steel Reinforcement Bars,2025-03-01,2026-03-01,12,VAR_DIFF,SARIMA,187.65,164.63834198684074,187.65,168.63538269939667,23.011658013159263,19.014617300603334,3.997040712555929
RO1_DEMAND,Cement,2025-04-01,2025-05-01,1,VAR_DIFF,SARIMA,356.5,367.8184399819303,356.5,357.95342856285333,11.318439981930283,1.4534285628533326,9.86501141907695
RO1_DEMAND,Granite,2025-04-01,2025-05-01,1,VAR_DIFF,SARIMA,1863.3,1710.009845202741,1863.3,1661.5167058738675,153.290154797259,201.78329412613243,-48.49313932887344
RO1_DEMAND,Ready-Mixed Concrete,2025-04-01,2025-05-01,1,VAR_DIFF,SARIMA,1142.6,1073.3675881204265,1142.6,1095.7065805667476,69.23241187957342,46.89341943325235,22.338992446321072
RO1_DEMAND,Steel Reinforcement Bars,2025-04-01,2025-05-01,1,VAR_DIFF,SARIMA,174.15,166.0912291323054,174.15,131.79035607517574,8.05877086769462,42.35964392482427,-34.30087305712965
RO1_DEMAND,Cement,2025-04-01,2025-07-01,3,VAR_DIFF,SARIMA,431.58,358.9182208182786,431.58,386.4406518563867,72.66177918172139,45.13934814361329,27.522431038108095
RO1_DEMAND,Granite,2025-04-01,2025-07-01,3,VAR_DIFF,SARIMA,2113.3,1791.27301595222,2113.3,1784.1255888541527,322.02698404778016,329.17441114584744,-7.147427098067283
RO1_DEMAND,Ready-Mixed Concrete,2025-04-01,2025-07-01,3,VAR_DIFF,SARIMA,1334.2,1101.6811591318033,1334.2,1148.249107296442,232.51884086819678,185.9508927035581,46.567948164638665
RO1_DEMAND,Steel Reinforcement Bars,2025-04-01,2025-07-01,3,VAR_DIFF,SARIMA,155.84,172.79259991727187,155.84,155.47312848103235,16.95259991727187,0.36687151896765613,16.585728398304212
RO1_DEMAND,Cement,2025-04-01,2025-10-01,6,VAR_DIFF,SARIMA,553.71,378.1771040926874,553.71,393.6698587352376,175.53289590731265,160.04014126476244,15.49275464255021
RO1_DEMAND,Granite,2025-04-01,2025-10-01,6,VAR_DIFF,SARIMA,2147.9,1767.6289344332986,2147.9,1809.5865474304985,380.2710655667015,338.3134525695016,41.95761299719993
RO1_DEMAND,Ready-Mixed Concrete,2025-04-01,2025-10-01,6,VAR_DIFF,SARIMA,1401.3,1093.5309040916384,1401.3,1158.6202348460306,307.7690959083616,242.67976515396936,65.08933075439222
RO1_DEMAND,Steel Reinforcement Bars,2025-04-01,2025-10-01,6,VAR_DIFF,SARIMA,146.31,175.264764797062,146.31,147.04342691343766,28.954764797062012,0.7334269134376541,28.221337883624358
RO1_DEMAND,Cement,2025-04-01,2026-04-01,12,VAR_DIFF,SARIMA,420.73,379.28245440615495,420.73,360.81212327670033,41.447545593845064,59.917876723299685,-18.47033112945462
RO1_DEMAND,Granite,2025-04-01,2026-04-01,12,VAR_DIFF,SARIMA,2102.3,1758.8568422246365,2102.3,1701.3225753322931,343.4431577753637,400.97742466770706,-57.53426689234334
RO1_DEMAND,Ready-Mixed Concrete,2025-04-01,2026-04-01,12,VAR_DIFF,SARIMA,1407.7,1096.835767921597,1407.7,1111.058473068365,310.8642320784031,296.6415269316351,14.222705146768021
RO1_DEMAND,Steel Reinforcement Bars,2025-04-01,2026-04-01,12,VAR_DIFF,SARIMA,232.35,173.78204902991817,232.35,162.51264413083226,58.567950970081824,69.83735586916774,-11.269404899085913
RO1_DEMAND,Cement,2025-05-01,2025-06-01,1,VAR_DIFF,SARIMA,454.02,421.0290604022081,454.02,358.0466552401206,32.99093959779191,95.97334475987941,-62.9824051620875
RO1_DEMAND,Granite,2025-05-01,2025-06-01,1,VAR_DIFF,SARIMA,1765.6,1901.1330873812356,1765.6,1819.8182271998655,135.53308738123565,54.21822719986562,81.31486018137002
RO1_DEMAND,Ready-Mixed Concrete,2025-05-01,2025-06-01,1,VAR_DIFF,SARIMA,1205.3,1132.940319084485,1205.3,1158.9854929180397,72.3596809155149,46.3145070819603,26.0451738335546
RO1_DEMAND,Steel Reinforcement Bars,2025-05-01,2025-06-01,1,VAR_DIFF,SARIMA,109.58,185.0881537301634,109.58,155.8274400574756,75.50815373016341,46.2474400574756,29.260713672687814
RO1_DEMAND,Cement,2025-05-01,2025-08-01,3,VAR_DIFF,SARIMA,427.22,393.3874606917073,427.22,392.4084174842013,33.83253930829272,34.811582515798705,-0.9790432075059812
RO1_DEMAND,Granite,2025-05-01,2025-08-01,3,VAR_DIFF,SARIMA,2098.6,1871.7689477512029,2098.6,1832.9134854375989,226.83105224879705,265.68651456240104,-38.855462313603994
RO1_DEMAND,Ready-Mixed Concrete,2025-05-01,2025-08-01,3,VAR_DIFF,SARIMA,1282.5,1144.6671947871007,1282.5,1177.5731559197316,137.8328052128993,104.92684408026844,32.905961132630864
RO1_DEMAND,Steel Reinforcement Bars,2025-05-01,2025-08-01,3,VAR_DIFF,SARIMA,125.51,175.50225845797138,125.51,148.82151170715008,49.992258457971374,23.311511707150075,26.6807467508213
RO1_DEMAND,Cement,2025-05-01,2025-11-01,6,VAR_DIFF,SARIMA,373.57,382.42891640719705,373.57,366.6577813383393,8.858916407197057,6.912218661660688,1.946697745536369
RO1_DEMAND,Granite,2025-05-01,2025-11-01,6,VAR_DIFF,SARIMA,2010.2,1879.575156123898,2010.2,1796.1990326815169,130.62484387610198,214.00096731848316,-83.37612344238119
RO1_DEMAND,Ready-Mixed Concrete,2025-05-01,2025-11-01,6,VAR_DIFF,SARIMA,1306.0,1143.6163059711896,1306.0,1171.302910833401,162.3836940288104,134.69708916659897,27.686604862211425
RO1_DEMAND,Steel Reinforcement Bars,2025-05-01,2025-11-01,6,VAR_DIFF,SARIMA,167.38,176.64070515544492,167.38,151.12246067328562,9.260705155444924,16.25753932671438,-6.996834171269455
RO1_DEMAND,Cement,2025-05-01,2026-05-01,12,VAR_DIFF,SARIMA,455.34,387.0038869765835,455.34,355.60483128138395,68.33611302341649,99.73516871861602,-31.399055695199536
RO1_DEMAND,Granite,2025-05-01,2026-05-01,12,VAR_DIFF,SARIMA,2054.7,1880.38183654192,2054.7,1764.3337636209567,174.31816345807988,290.36623637904313,-116.04807292096325
RO1_DEMAND,Ready-Mixed Concrete,2025-05-01,2026-05-01,12,VAR_DIFF,SARIMA,1315.0,1148.878444357107,1315.0,1150.9204907048738,166.1215556428931,164.07950929512617,2.0420463477669273
RO1_DEMAND,Steel Reinforcement Bars,2025-05-01,2026-05-01,12,VAR_DIFF,SARIMA,262.3,179.67902286282165,262.3,144.49993900750388,82.62097713717836,117.80006099249613,-35.17908385531777
RO1_DEMAND,Cement,2025-06-01,2025-07-01,1,VAR_DIFF,SARIMA,431.58,393.12766317878334,431.58,412.783562782084,38.45233682121665,18.79643721791598,19.655899603300668
RO1_DEMAND,Granite,2025-06-01,2025-07-01,1,VAR_DIFF,SARIMA,2113.3,1902.9778756970363,2113.3,1873.0754457931268,210.32212430296386,240.22455420687334,-29.90242990390948
RO1_DEMAND,Ready-Mixed Concrete,2025-06-01,2025-07-01,1,VAR_DIFF,SARIMA,1334.2,1216.1808604668852,1334.2,1230.5564331353185,118.01913953311487,103.64356686468159,14.375572668433279
RO1_DEMAND,Steel Reinforcement Bars,2025-06-01,2025-07-01,1,VAR_DIFF,SARIMA,155.84,154.792438038353,155.84,148.11267617751355,1.0475619616470055,7.727323822486454,-6.679761860839449
RO1_DEMAND,Cement,2025-06-01,2025-09-01,3,VAR_DIFF,SARIMA,414.73,413.9674351665746,414.73,402.4914363176981,0.7625648334254151,12.238563682301901,-11.475998848876486
RO1_DEMAND,Granite,2025-06-01,2025-09-01,3,VAR_DIFF,SARIMA,2107.6,1920.869423565969,2107.6,1816.461140885238,186.7305764340308,291.138859114762,-104.40828268073119
RO1_DEMAND,Ready-Mixed Concrete,2025-06-01,2025-09-01,3,VAR_DIFF,SARIMA,1283.3,1226.8487897102152,1283.3,1222.7917794293023,56.45121028978474,60.50822057069763,-4.057010280912891
RO1_DEMAND,Steel Reinforcement Bars,2025-06-01,2025-09-01,3,VAR_DIFF,SARIMA,131.79,149.9844049558948,131.79,158.01266495639615,18.19440495589481,26.22266495639616,-8.028260000501348
RO1_DEMAND,Cement,2025-06-01,2025-12-01,6,VAR_DIFF,SARIMA,628.44,416.4991015615751,628.44,440.78197550910943,211.94089843842494,187.65802449089063,24.282873947534313
RO1_DEMAND,Granite,2025-06-01,2025-12-01,6,VAR_DIFF,SARIMA,2282.5,1900.3796360198944,2282.5,1795.3282835655325,382.1203639801056,487.1717164344675,-105.0513524543619
RO1_DEMAND,Ready-Mixed Concrete,2025-06-01,2025-12-01,6,VAR_DIFF,SARIMA,1432.3,1220.875434626058,1432.3,1252.7716565127523,211.42456537394196,179.52834348724764,31.89622188669432
RO1_DEMAND,Steel Reinforcement Bars,2025-06-01,2025-12-01,6,VAR_DIFF,SARIMA,276.16,147.12681444147205,276.16,129.349960580151,129.03318555852798,146.81003941984903,-17.776853861321058
RO1_DEMAND,Cement,2025-07-01,2025-08-01,1,VAR_DIFF,SARIMA,427.22,448.4893434349197,427.22,424.47980028625454,21.269343434919676,2.7401997137454828,18.529143721174194
RO1_DEMAND,Granite,2025-07-01,2025-08-01,1,VAR_DIFF,SARIMA,2098.6,2071.02849142717,2098.6,1991.3227792900552,27.57150857282977,107.27722070994469,-79.70571213711492
RO1_DEMAND,Ready-Mixed Concrete,2025-07-01,2025-08-01,1,VAR_DIFF,SARIMA,1282.5,1286.9852961527322,1282.5,1310.7302225983626,4.4852961527321895,28.230222598362616,-23.744926445630426
RO1_DEMAND,Steel Reinforcement Bars,2025-07-01,2025-08-01,1,VAR_DIFF,SARIMA,125.51,144.40808884681582,125.51,143.2653114436095,18.89808884681581,17.7553114436095,1.1427774032063098
RO1_DEMAND,Cement,2025-07-01,2025-10-01,3,VAR_DIFF,SARIMA,553.71,467.8071796609246,553.71,425.3364303642104,85.90282033907545,128.37356963578964,-42.47074929671419
RO1_DEMAND,Granite,2025-07-01,2025-10-01,3,VAR_DIFF,SARIMA,2147.9,2074.612645266848,2147.9,2005.1683822058787,73.28735473315191,142.73161779412135,-69.44426306096943
RO1_DEMAND,Ready-Mixed Concrete,2025-07-01,2025-10-01,3,VAR_DIFF,SARIMA,1401.3,1307.4262255592482,1401.3,1333.1256798224756,93.87377444075173,68.17432017752435,25.69945426322738
RO1_DEMAND,Steel Reinforcement Bars,2025-07-01,2025-10-01,3,VAR_DIFF,SARIMA,146.31,152.2393737945165,146.31,146.51109818601003,5.9293737945164935,0.2010981860100287,5.728275608506465
RO1_DEMAND,Cement,2025-07-01,2026-01-01,6,VAR_DIFF,SARIMA,455.63,452.1062586010294,455.63,421.49788367487207,3.5237413989705715,34.132116325127924,-30.608374926157353
RO1_DEMAND,Granite,2025-07-01,2026-01-01,6,VAR_DIFF,SARIMA,2383.6,2074.4810237346423,2383.6,1810.734049713568,309.11897626535756,572.8659502864318,-263.74697402107427
RO1_DEMAND,Ready-Mixed Concrete,2025-07-01,2026-01-01,6,VAR_DIFF,SARIMA,1513.8,1306.3449292301425,1513.8,1292.3411198022222,207.45507076985746,221.45888019777772,-14.00380942792026
RO1_DEMAND,Steel Reinforcement Bars,2025-07-01,2026-01-01,6,VAR_DIFF,SARIMA,235.92,148.5850422058923,235.92,150.90963363142794,87.33495779410768,85.01036636857205,2.3245914255356297
RO1_DEMAND,Cement,2025-08-01,2025-09-01,1,VAR_DIFF,SARIMA,414.73,448.250634288444,414.73,408.5895357041709,33.520634288444,6.140464295829133,27.380169992614867
RO1_DEMAND,Granite,2025-08-01,2025-09-01,1,VAR_DIFF,SARIMA,2107.6,2108.391955846549,2107.6,2061.879733071473,0.7919558465491718,45.72026692852705,-44.92831108197788
RO1_DEMAND,Ready-Mixed Concrete,2025-08-01,2025-09-01,1,VAR_DIFF,SARIMA,1283.3,1310.0373050980893,1283.3,1289.984527365449,26.737305098089337,6.684527365448957,20.05277773264038
RO1_DEMAND,Steel Reinforcement Bars,2025-08-01,2025-09-01,1,VAR_DIFF,SARIMA,131.79,138.878860976779,131.79,154.05029870064175,7.088860976779017,22.260298700641755,-15.171437723862738
RO1_DEMAND,Cement,2025-08-01,2025-11-01,3,VAR_DIFF,SARIMA,373.57,434.1954044817696,373.57,399.5033964426164,60.62540448176958,25.933396442616413,34.692008039153166
RO1_DEMAND,Granite,2025-08-01,2025-11-01,3,VAR_DIFF,SARIMA,2010.2,2077.353638712705,2010.2,1955.0941291268184,67.15363871270506,55.10587087318163,12.04776783952343
RO1_DEMAND,Ready-Mixed Concrete,2025-08-01,2025-11-01,3,VAR_DIFF,SARIMA,1306.0,1292.7262495894183,1306.0,1279.424787046913,13.27375041058167,26.575212953086975,-13.301462542505305
RO1_DEMAND,Steel Reinforcement Bars,2025-08-01,2025-11-01,3,VAR_DIFF,SARIMA,167.38,137.04432282741007,167.38,142.71718659409518,30.335677172589925,24.662813405904814,5.672863766685111
RO1_DEMAND,Cement,2025-08-01,2026-02-01,6,VAR_DIFF,SARIMA,396.88,446.251191677795,396.88,331.3957343783053,49.371191677795025,65.4842656216947,-16.11307394389968
RO1_DEMAND,Granite,2025-08-01,2026-02-01,6,VAR_DIFF,SARIMA,1726.7,2092.2477660688573,1726.7,1692.6793316591486,365.5477660688573,34.020668340851444,331.52709772800586
RO1_DEMAND,Ready-Mixed Concrete,2025-08-01,2026-02-01,6,VAR_DIFF,SARIMA,1123.1,1304.4619027518263,1123.1,1140.580089136696,181.3619027518264,17.48008913669605,163.88181361513034
RO1_DEMAND,Steel Reinforcement Bars,2025-08-01,2026-02-01,6,VAR_DIFF,SARIMA,165.5,140.48356313082567,165.5,123.92225836155478,25.016436869174328,41.57774163844522,-16.56130476927089
RO1_DEMAND,Cement,2025-09-01,2025-10-01,1,VAR_DIFF,SARIMA,553.71,456.2045359375189,553.71,427.8398167984145,97.50546406248111,125.87018320158552,-28.36471913910441
RO1_DEMAND,Granite,2025-09-01,2025-10-01,1,VAR_DIFF,SARIMA,2147.9,2085.1526122728933,2147.9,2113.3503378054806,62.7473877271068,34.54966219451944,28.197725532587356
RO1_DEMAND,Ready-Mixed Concrete,2025-09-01,2025-10-01,1,VAR_DIFF,SARIMA,1401.3,1290.7868788656233,1401.3,1302.095761819788,110.51312113437666,99.20423818021186,11.308882954164801
RO1_DEMAND,Steel Reinforcement Bars,2025-09-01,2025-10-01,1,VAR_DIFF,SARIMA,146.31,142.7622780572168,146.31,136.40195892135694,3.5477219427831983,9.908041078643066,-6.360319135859868
RO1_DEMAND,Cement,2025-09-01,2025-12-01,3,VAR_DIFF,SARIMA,628.44,426.5992847507482,628.44,448.609466689281,201.84071524925184,179.83053331071903,22.01018193853281
RO1_DEMAND,Granite,2025-09-01,2025-12-01,3,VAR_DIFF,SARIMA,2282.5,2076.3464081434804,2282.5,1987.4390656629764,206.1535918565196,295.0609343370236,-88.90734248050398
RO1_DEMAND,Ready-Mixed Concrete,2025-09-01,2025-12-01,3,VAR_DIFF,SARIMA,1432.3,1285.2069727856522,1432.3,1314.0508924791347,147.09302721434779,118.24910752086521,28.843919693482576
RO1_DEMAND,Steel Reinforcement Bars,2025-09-01,2025-12-01,3,VAR_DIFF,SARIMA,276.16,133.63974894908404,276.16,125.187979231659,142.520251050916,150.97202076834103,-8.451769717425037
RO1_DEMAND,Cement,2025-09-01,2026-03-01,6,VAR_DIFF,SARIMA,444.92,427.4919371699541,444.92,438.2369312742545,17.428062830045917,6.6830687257455,10.744994104300417
RO1_DEMAND,Granite,2025-09-01,2026-03-01,6,VAR_DIFF,SARIMA,1890.0,2080.7191694319517,1890.0,1999.4459587258607,190.71916943195174,109.44595872586069,81.27321070609105
RO1_DEMAND,Ready-Mixed Concrete,2025-09-01,2026-03-01,6,VAR_DIFF,SARIMA,1393.7,1288.048048137433,1393.7,1323.3706339935163,105.6519518625671,70.32936600648372,35.32258585608338
RO1_DEMAND,Steel Reinforcement Bars,2025-09-01,2026-03-01,6,VAR_DIFF,SARIMA,187.65,136.64643107522505,187.65,161.36442475043117,51.00356892477495,26.285575249568836,24.717993675206117
RO1_DEMAND,Cement,2025-10-01,2025-11-01,1,VAR_DIFF,SARIMA,373.57,450.5674243925517,373.57,437.03066639412384,76.9974243925517,63.46066639412385,13.536757998427845
RO1_DEMAND,Granite,2025-10-01,2025-11-01,1,VAR_DIFF,SARIMA,2010.2,2145.3018655022947,2010.2,2012.9175406865204,135.1018655022947,2.7175406865203513,132.38432481577433
RO1_DEMAND,Ready-Mixed Concrete,2025-10-01,2025-11-01,1,VAR_DIFF,SARIMA,1306.0,1341.6325621316278,1306.0,1361.2387132950987,35.632562131627765,55.238713295098705,-19.60615116347094
RO1_DEMAND,Steel Reinforcement Bars,2025-10-01,2025-11-01,1,VAR_DIFF,SARIMA,167.38,139.88795468734563,167.38,141.92080300809644,27.49204531265437,25.459196991903553,2.0328483207508157
RO1_DEMAND,Cement,2025-10-01,2026-01-01,3,VAR_DIFF,SARIMA,455.63,487.7008109508515,455.63,459.7992310037376,32.070810950851524,4.169231003737593,27.90157994711393
RO1_DEMAND,Granite,2025-10-01,2026-01-01,3,VAR_DIFF,SARIMA,2383.6,2201.8506007187875,2383.6,1900.959424769904,181.7493992812124,482.6405752300959,-300.89117594888353
RO1_DEMAND,Ready-Mixed Concrete,2025-10-01,2026-01-01,3,VAR_DIFF,SARIMA,1513.8,1384.565653453379,1513.8,1348.9957804819653,129.23434654662105,164.80421951803464,-35.56987297141359
RO1_DEMAND,Steel Reinforcement Bars,2025-10-01,2026-01-01,3,VAR_DIFF,SARIMA,235.92,142.93496758379638,235.92,146.70280663747016,92.98503241620361,89.21719336252983,3.7678390536737822
RO1_DEMAND,Cement,2025-10-01,2026-04-01,6,VAR_DIFF,SARIMA,420.73,482.1402469629495,420.73,430.8092699503595,61.410246962949486,10.079269950359503,51.33097701258998
RO1_DEMAND,Granite,2025-10-01,2026-04-01,6,VAR_DIFF,SARIMA,2102.3,2182.9436456453764,2102.3,1905.9635362937968,80.64364564537618,196.3364637062034,-115.69281806082722
RO1_DEMAND,Ready-Mixed Concrete,2025-10-01,2026-04-01,6,VAR_DIFF,SARIMA,1407.7,1377.3844884217815,1407.7,1342.3588414259318,30.315511578218548,65.34115857406823,-35.025646995849684
RO1_DEMAND,Steel Reinforcement Bars,2025-10-01,2026-04-01,6,VAR_DIFF,SARIMA,232.35,138.21330839577195,232.35,157.57268766800348,94.13669160422805,74.77731233199651,19.359379272231536
RO1_DEMAND,Cement,2025-11-01,2025-12-01,1,VAR_DIFF,SARIMA,628.44,452.20805300579457,628.44,466.14022336757273,176.2319469942055,162.29977663242732,13.932170361778162
RO1_DEMAND,Granite,2025-11-01,2025-12-01,1,VAR_DIFF,SARIMA,2282.5,2097.7829605298352,2282.5,2007.9083767761065,184.71703947016476,274.5916232238935,-89.87458375372876
RO1_DEMAND,Ready-Mixed Concrete,2025-11-01,2025-12-01,1,VAR_DIFF,SARIMA,1432.3,1340.6106827542278,1432.3,1353.0351803511012,91.68931724577214,79.26481964889877,12.42449759687338
RO1_DEMAND,Steel Reinforcement Bars,2025-11-01,2025-12-01,1,VAR_DIFF,SARIMA,276.16,145.216500226725,276.16,134.86123004060116,130.94349977327502,141.29876995939887,-10.355270186123846
RO1_DEMAND,Cement,2025-11-01,2026-02-01,3,VAR_DIFF,SARIMA,396.88,443.7770417344426,396.88,350.65995516746284,46.89704173444261,46.220044832537155,0.6769969019054543
RO1_DEMAND,Granite,2025-11-01,2026-02-01,3,VAR_DIFF,SARIMA,1726.7,2068.866984145127,1726.7,1728.4929460739972,342.1669841451269,1.7929460739972,340.3740380711297
RO1_DEMAND,Ready-Mixed Concrete,2025-11-01,2026-02-01,3,VAR_DIFF,SARIMA,1123.1,1335.2180852426206,1123.1,1173.6505709633363,212.11808524262074,50.55057096333644,161.5675142792843
RO1_DEMAND,Steel Reinforcement Bars,2025-11-01,2026-02-01,3,VAR_DIFF,SARIMA,165.5,152.17132423447137,165.5,125.57933745079104,13.32867576552863,39.920662549208956,-26.591986783680326
RO1_DEMAND,Cement,2025-11-01,2026-05-01,6,VAR_DIFF,SARIMA,455.34,447.3184005460926,455.34,407.7363357084264,8.021599453907356,47.60366429157358,-39.58206483766622
RO1_DEMAND,Granite,2025-11-01,2026-05-01,6,VAR_DIFF,SARIMA,2054.7,2089.0084543808,2054.7,1896.656799513275,34.30845438079996,158.0432004867248,-123.73474610592484
RO1_DEMAND,Ready-Mixed Concrete,2025-11-01,2026-05-01,6,VAR_DIFF,SARIMA,1315.0,1348.8103118265792,1315.0,1292.1127753555454,33.81031182657921,22.88722464445459,10.923087182124618
RO1_DEMAND,Steel Reinforcement Bars,2025-11-01,2026-05-01,6,VAR_DIFF,SARIMA,262.3,154.86147508821256,262.3,138.19222232295715,107.43852491178745,124.10777767704286,-16.669252765255408
RO1_DEMAND,Cement,2025-12-01,2026-01-01,1,VAR_DIFF,SARIMA,455.63,475.7779397566105,455.63,487.5698811613522,20.147939756610526,31.93988116135222,-11.791941404741692
RO1_DEMAND,Granite,2025-12-01,2026-01-01,1,VAR_DIFF,SARIMA,2383.6,2162.5635234075485,2383.6,2114.438414368537,221.03647659245144,269.1615856314629,-48.12510903901148
RO1_DEMAND,Ready-Mixed Concrete,2025-12-01,2026-01-01,1,VAR_DIFF,SARIMA,1513.8,1361.118899353263,1513.8,1369.8065858276016,152.68110064673692,143.9934141723984,8.687686474338534
RO1_DEMAND,Steel Reinforcement Bars,2025-12-01,2026-01-01,1,VAR_DIFF,SARIMA,235.92,203.6656083896571,235.92,195.0587123032421,32.25439161034288,40.8612876967579,-8.60689608641502
RO1_DEMAND,Cement,2025-12-01,2026-03-01,3,VAR_DIFF,SARIMA,444.92,517.6046889413915,444.92,501.8140012448797,72.68468894139147,56.89400124487969,15.790687696511782
RO1_DEMAND,Granite,2025-12-01,2026-03-01,3,VAR_DIFF,SARIMA,1890.0,2159.8277751740693,1890.0,2169.0013732836665,269.8277751740693,279.00137328366645,-9.173598109597151
RO1_DEMAND,Ready-Mixed Concrete,2025-12-01,2026-03-01,3,VAR_DIFF,SARIMA,1393.7,1389.39115768559,1393.7,1431.9654114203731,4.308842314409958,38.265411420373084,-33.956569105963126
RO1_DEMAND,Steel Reinforcement Bars,2025-12-01,2026-03-01,3,VAR_DIFF,SARIMA,187.65,209.22907245531388,187.65,187.32785852792875,21.579072455313877,0.32214147207125166,21.256930983242626
RO1_DEMAND,Cement,2026-01-01,2026-02-01,1,VAR_DIFF,SARIMA,396.88,537.1541777044156,396.88,387.3369426961213,140.2741777044156,9.543057303878697,130.7311204005369
RO1_DEMAND,Granite,2026-01-01,2026-02-01,1,VAR_DIFF,SARIMA,1726.7,2362.476447905976,1726.7,2124.0285952907684,635.7764479059758,397.32859529076836,238.44785261520747
RO1_DEMAND,Ready-Mixed Concrete,2026-01-01,2026-02-01,1,VAR_DIFF,SARIMA,1123.1,1505.864595947672,1123.1,1370.7198883929814,382.764595947672,247.61988839298147,135.1447075546905
RO1_DEMAND,Steel Reinforcement Bars,2026-01-01,2026-02-01,1,VAR_DIFF,SARIMA,165.5,215.89482888464056,165.5,163.66587568911908,50.39482888464056,1.8341243108809238,48.56070457375964
RO1_DEMAND,Cement,2026-01-01,2026-04-01,3,VAR_DIFF,SARIMA,420.73,546.121717659371,420.73,449.2150943876106,125.39171765937101,28.48509438761056,96.90662327176045
RO1_DEMAND,Granite,2026-01-01,2026-04-01,3,VAR_DIFF,SARIMA,2102.3,2404.8198147091,2102.3,2193.106835782091,302.5198147090996,90.80683578209073,211.71297892700886
RO1_DEMAND,Ready-Mixed Concrete,2026-01-01,2026-04-01,3,VAR_DIFF,SARIMA,1407.7,1512.4500660949666,1407.7,1490.685518402618,104.75006609496654,82.98551840261803,21.764547692348515
RO1_DEMAND,Steel Reinforcement Bars,2026-01-01,2026-04-01,3,VAR_DIFF,SARIMA,232.35,246.28032903013008,232.35,187.48406742717657,13.930329030130082,44.865932572823425,-30.935603542693343
RO1_DEMAND,Cement,2026-02-01,2026-03-01,1,VAR_DIFF,SARIMA,444.92,449.54541133709256,444.92,495.1670641978545,4.625411337092544,50.247064197854456,-45.62165286076191
RO1_DEMAND,Granite,2026-02-01,2026-03-01,1,VAR_DIFF,SARIMA,1890.0,1823.4231307250484,1890.0,2029.4572972895296,66.5768692749516,139.4572972895296,-72.880428014578
RO1_DEMAND,Ready-Mixed Concrete,2026-02-01,2026-03-01,1,VAR_DIFF,SARIMA,1393.7,1238.9440930789806,1393.7,1344.0057781023625,154.75590692101946,49.69422189763759,105.06168502338187
RO1_DEMAND,Steel Reinforcement Bars,2026-02-01,2026-03-01,1,VAR_DIFF,SARIMA,187.65,197.84139437875112,187.65,195.61371856251125,10.191394378751113,7.9637185625112465,2.2276758162398664
RO1_DEMAND,Cement,2026-02-01,2026-05-01,3,VAR_DIFF,SARIMA,455.34,379.74119462879344,455.34,447.13201056050144,75.59880537120654,8.207989439498533,67.390815931708
RO1_DEMAND,Granite,2026-02-01,2026-05-01,3,VAR_DIFF,SARIMA,2054.7,1811.1954358133744,2054.7,1928.52008069912,243.50456418662543,126.17991930087987,117.32464488574556
RO1_DEMAND,Ready-Mixed Concrete,2026-02-01,2026-05-01,3,VAR_DIFF,SARIMA,1315.0,1204.6785529441477,1315.0,1273.2546968422162,110.32144705585233,41.74530315778384,68.5761438980685
RO1_DEMAND,Steel Reinforcement Bars,2026-02-01,2026-05-01,3,VAR_DIFF,SARIMA,262.3,184.3505543225387,262.3,165.0805163946512,77.94944567746131,97.21948360534881,-19.2700379278875
RO1_DEMAND,Cement,2026-03-01,2026-04-01,1,VAR_DIFF,SARIMA,420.73,477.31090045865415,420.73,437.8112903382373,56.58090045865413,17.081290338237295,39.49961012041683
RO1_DEMAND,Granite,2026-03-01,2026-04-01,1,VAR_DIFF,SARIMA,2102.3,2089.6034072756797,2102.3,1818.6696115765733,12.696592724320453,283.6303884234269,-270.93379569910644
RO1_DEMAND,Ready-Mixed Concrete,2026-03-01,2026-04-01,1,VAR_DIFF,SARIMA,1407.7,1391.6830607135369,1407.7,1317.8787635182778,16.016939286463185,89.82123648172228,-73.8042971952591
RO1_DEMAND,Steel Reinforcement Bars,2026-03-01,2026-04-01,1,VAR_DIFF,SARIMA,232.35,248.8106586161817,232.35,185.17066125323623,16.460658616181718,47.17933874676376,-30.718680130582044
RO1_DEMAND,Cement,2026-04-01,2026-05-01,1,VAR_DIFF,SARIMA,455.34,414.736622864486,455.34,428.2599255854552,40.603377135513995,27.080074414544754,13.523302720969241
RO1_DEMAND,Granite,2026-04-01,2026-05-01,1,VAR_DIFF,SARIMA,2054.7,1981.7907606259607,2054.7,2064.039097992547,72.90923937403909,9.339097992547067,63.57014138149202
RO1_DEMAND,Ready-Mixed Concrete,2026-04-01,2026-05-01,1,VAR_DIFF,SARIMA,1315.0,1331.637060512097,1315.0,1394.0933838196088,16.637060512096923,79.09338381960879,-62.456323307511866
RO1_DEMAND,Steel Reinforcement Bars,2026-04-01,2026-05-01,1,VAR_DIFF,SARIMA,262.3,177.89843583919338,262.3,179.16339708065644,84.40156416080663,83.13660291934357,1.2649612414630553
RO1_DEMAND,Cement,2024-06-01,2024-07-01,1,VAR_DIFF,SeasonalNaive,412.14,326.0771087721419,412.14,425.98,86.06289122785807,13.840000000000032,72.22289122785804
RO1_DEMAND,Granite,2024-06-01,2024-07-01,1,VAR_DIFF,SeasonalNaive,1951.4,1601.3112607071898,1951.4,1674.3,350.08873929281026,277.10000000000014,72.98873929281012
RO1_DEMAND,Ready-Mixed Concrete,2024-06-01,2024-07-01,1,VAR_DIFF,SeasonalNaive,1188.3,1074.0632193159763,1188.3,1046.0,114.23678068402364,142.29999999999995,-28.063219315976312
RO1_DEMAND,Steel Reinforcement Bars,2024-06-01,2024-07-01,1,VAR_DIFF,SeasonalNaive,108.58,134.2670758150983,108.58,141.5,25.68707581509831,32.92,-7.232924184901691
RO1_DEMAND,Cement,2024-06-01,2024-09-01,3,VAR_DIFF,SeasonalNaive,337.8,332.6465931794236,337.8,446.33,5.153406820576436,108.52999999999997,-103.37659317942354
RO1_DEMAND,Granite,2024-06-01,2024-09-01,3,VAR_DIFF,SeasonalNaive,1821.8,1628.2952026284474,1821.8,1729.4,193.5047973715525,92.39999999999986,101.10479737155265
RO1_DEMAND,Ready-Mixed Concrete,2024-06-01,2024-09-01,3,VAR_DIFF,SeasonalNaive,1153.0,1074.427610841779,1153.0,1081.8,78.57238915822109,71.20000000000005,7.37238915822104
RO1_DEMAND,Steel Reinforcement Bars,2024-06-01,2024-09-01,3,VAR_DIFF,SeasonalNaive,226.32,143.02840210151624,226.32,140.71,83.29159789848376,85.60999999999999,-2.3184021015162273
RO1_DEMAND,Cement,2024-06-01,2024-12-01,6,VAR_DIFF,SeasonalNaive,370.42,354.46792325001945,370.42,467.38,15.952076749980563,96.95999999999998,-81.00792325001942
RO1_DEMAND,Granite,2024-06-01,2024-12-01,6,VAR_DIFF,SeasonalNaive,1760.4,1637.5371169307118,1760.4,1531.7,122.86288306928827,228.70000000000005,-105.83711693071177
RO1_DEMAND,Ready-Mixed Concrete,2024-06-01,2024-12-01,6,VAR_DIFF,SeasonalNaive,1167.7,1087.4661563673594,1167.7,1101.6,80.23384363264063,66.10000000000014,14.133843632640492
RO1_DEMAND,Steel Reinforcement Bars,2024-06-01,2024-12-01,6,VAR_DIFF,SeasonalNaive,121.23,149.67020508275527,121.23,122.5,28.44020508275527,1.269999999999996,27.170205082755274
RO1_DEMAND,Cement,2024-06-01,2025-06-01,12,VAR_DIFF,SeasonalNaive,454.02,350.0491318644229,454.02,397.81,103.97086813557706,56.20999999999998,47.760868135577084
RO1_DEMAND,Granite,2024-06-01,2025-06-01,12,VAR_DIFF,SeasonalNaive,1765.6,1635.792241932563,1765.6,1704.7,129.8077580674369,60.899999999999864,68.90775806743704
RO1_DEMAND,Ready-Mixed Concrete,2024-06-01,2025-06-01,12,VAR_DIFF,SeasonalNaive,1205.3,1093.3657897655128,1205.3,1090.8,111.93421023448718,114.5,-2.565789765512818
RO1_DEMAND,Steel Reinforcement Bars,2024-06-01,2025-06-01,12,VAR_DIFF,SeasonalNaive,109.58,149.70537948264956,109.58,168.8,40.125379482649564,59.22000000000001,-19.09462051735045
RO1_DEMAND,Cement,2024-07-01,2024-08-01,1,VAR_DIFF,SeasonalNaive,399.41,418.71362698745486,399.41,378.3,19.303626987454834,21.110000000000014,-1.8063730125451798
RO1_DEMAND,Granite,2024-07-01,2024-08-01,1,VAR_DIFF,SeasonalNaive,1870.9,1861.2110994086947,1870.9,1755.2,9.688900591305355,115.70000000000005,-106.01109940869469
RO1_DEMAND,Ready-Mixed Concrete,2024-07-01,2024-08-01,1,VAR_DIFF,SeasonalNaive,1205.9,1168.303370678494,1205.9,1113.5,37.59662932150604,92.40000000000009,-54.80337067849405
RO1_DEMAND,Steel Reinforcement Bars,2024-07-01,2024-08-01,1,VAR_DIFF,SeasonalNaive,94.39,136.94753933201355,94.39,173.95,42.55753933201355,79.55999999999999,-37.00246066798644
RO1_DEMAND,Cement,2024-07-01,2024-10-01,3,VAR_DIFF,SeasonalNaive,410.73,430.1468215557105,410.73,335.47,19.4168215557105,75.25999999999999,-55.84317844428949
RO1_DEMAND,Granite,2024-07-01,2024-10-01,3,VAR_DIFF,SeasonalNaive,1803.3,1921.731336526504,1803.3,1742.2,118.43133652650408,61.09999999999991,57.331336526504174
RO1_DEMAND,Ready-Mixed Concrete,2024-07-01,2024-10-01,3,VAR_DIFF,SeasonalNaive,1147.0,1183.5778392628388,1147.0,1101.2,36.57783926283878,45.799999999999955,-9.222160737161175
RO1_DEMAND,Steel Reinforcement Bars,2024-07-01,2024-10-01,3,VAR_DIFF,SeasonalNaive,114.09,148.124665542768,114.09,162.59,34.03466554276801,48.5,-14.46533445723199
RO1_DEMAND,Cement,2024-07-01,2025-01-01,6,VAR_DIFF,SeasonalNaive,314.17,405.1556156942041,314.17,434.45,90.98561569420406,120.27999999999997,-29.294384305795916
RO1_DEMAND,Granite,2024-07-01,2025-01-01,6,VAR_DIFF,SeasonalNaive,1589.2,1880.5174710990143,1589.2,1664.5,291.31747109901426,75.29999999999995,216.0174710990143
RO1_DEMAND,Ready-Mixed Concrete,2024-07-01,2025-01-01,6,VAR_DIFF,SeasonalNaive,1031.1,1167.2759295727203,1031.1,1071.7,136.1759295727204,40.600000000000136,95.57592957272027
RO1_DEMAND,Steel Reinforcement Bars,2024-07-01,2025-01-01,6,VAR_DIFF,SeasonalNaive,105.3,134.4775143490984,105.3,179.85,29.177514349098416,74.55,-45.37248565090158
RO1_DEMAND,Cement,2024-07-01,2025-07-01,12,VAR_DIFF,SeasonalNaive,431.58,404.2052822952259,431.58,412.14,27.37471770477407,19.439999999999998,7.934717704774073
RO1_DEMAND,Granite,2024-07-01,2025-07-01,12,VAR_DIFF,SeasonalNaive,2113.3,1882.3502097643168,2113.3,1951.4,230.9497902356834,161.9000000000001,69.0497902356833
RO1_DEMAND,Ready-Mixed Concrete,2024-07-01,2025-07-01,12,VAR_DIFF,SeasonalNaive,1334.2,1173.461765930665,1334.2,1188.3,160.73823406933502,145.9000000000001,14.83823406933493
RO1_DEMAND,Steel Reinforcement Bars,2024-07-01,2025-07-01,12,VAR_DIFF,SeasonalNaive,155.84,135.23755795182132,155.84,108.58,20.602442048178688,47.260000000000005,-26.657557951821317
RO1_DEMAND,Cement,2024-08-01,2024-09-01,1,VAR_DIFF,SeasonalNaive,337.8,390.6559265873429,337.8,446.33,52.85592658734288,108.52999999999997,-55.674073412657094
RO1_DEMAND,Granite,2024-08-01,2024-09-01,1,VAR_DIFF,SeasonalNaive,1821.8,1910.8255016070195,1821.8,1729.4,89.02550160701958,92.39999999999986,-3.3744983929802856
RO1_DEMAND,Ready-Mixed Concrete,2024-08-01,2024-09-01,1,VAR_DIFF,SeasonalNaive,1153.0,1187.5905078013816,1153.0,1081.8,34.59050780138159,71.20000000000005,-36.609492198618454
RO1_DEMAND,Steel Reinforcement Bars,2024-08-01,2024-09-01,1,VAR_DIFF,SeasonalNaive,226.32,110.38070325082435,226.32,140.71,115.93929674917564,85.60999999999999,30.329296749175654
RO1_DEMAND,Cement,2024-08-01,2024-11-01,3,VAR_DIFF,SeasonalNaive,408.36,398.73156540816586,408.36,381.97,9.62843459183415,26.389999999999986,-16.761565408165836
RO1_DEMAND,Granite,2024-08-01,2024-11-01,3,VAR_DIFF,SeasonalNaive,1706.4,1938.5875637509375,1706.4,1621.1,232.18756375093744,85.30000000000018,146.88756375093726
RO1_DEMAND,Ready-Mixed Concrete,2024-08-01,2024-11-01,3,VAR_DIFF,SeasonalNaive,1112.7,1203.1449658575734,1112.7,1070.0,90.44496585757338,42.700000000000045,47.744965857573334
RO1_DEMAND,Steel Reinforcement Bars,2024-08-01,2024-11-01,3,VAR_DIFF,SeasonalNaive,140.53,116.97927863901104,140.53,187.13,23.55072136098896,46.599999999999994,-23.049278639011035
RO1_DEMAND,Cement,2024-08-01,2025-02-01,6,VAR_DIFF,SeasonalNaive,379.05,409.64699545330535,379.05,367.77,30.59699545330534,11.28000000000003,19.31699545330531
RO1_DEMAND,Granite,2024-08-01,2025-02-01,6,VAR_DIFF,SeasonalNaive,1672.6,1939.4117761594605,1672.6,1201.2,266.8117761594606,471.39999999999986,-204.58822384053929
RO1_DEMAND,Ready-Mixed Concrete,2024-08-01,2025-02-01,6,VAR_DIFF,SeasonalNaive,1046.6,1206.5572155837865,1046.6,874.95,159.9572155837866,171.64999999999986,-11.692784416213271
RO1_DEMAND,Steel Reinforcement Bars,2024-08-01,2025-02-01,6,VAR_DIFF,SeasonalNaive,231.33,119.94806571060325,231.33,60.8,111.38193428939677,170.53000000000003,-59.14806571060326
RO1_DEMAND,Cement,2024-08-01,2025-08-01,12,VAR_DIFF,SeasonalNaive,427.22,409.3665772501045,427.22,399.41,17.853422749895515,27.810000000000002,-9.956577250104488
RO1_DEMAND,Granite,2024-08-01,2025-08-01,12,VAR_DIFF,SeasonalNaive,2098.6,1936.14936343694,2098.6,1870.9,162.45063656306002,227.69999999999982,-65.2493634369398
RO1_DEMAND,Ready-Mixed Concrete,2024-08-01,2025-08-01,12,VAR_DIFF,SeasonalNaive,1282.5,1213.2460279283748,1282.5,1205.9,69.25397207162518,76.59999999999991,-7.346027928374724
RO1_DEMAND,Steel Reinforcement Bars,2024-08-01,2025-08-01,12,VAR_DIFF,SeasonalNaive,125.51,117.66100318015091,125.51,94.39,7.848996819849091,31.120000000000005,-23.271003180150913
RO1_DEMAND,Cement,2024-09-01,2024-10-01,1,VAR_DIFF,SeasonalNaive,410.73,405.8326599540201,410.73,335.47,4.897340045979945,75.25999999999999,-70.36265995402005
RO1_DEMAND,Granite,2024-09-01,2024-10-01,1,VAR_DIFF,SeasonalNaive,1803.3,1874.8569463917547,1803.3,1742.2,71.55694639175476,61.09999999999991,10.456946391754855
RO1_DEMAND,Ready-Mixed Concrete,2024-09-01,2024-10-01,1,VAR_DIFF,SeasonalNaive,1147.0,1158.369829726424,1147.0,1101.2,11.369829726424086,45.799999999999955,-34.43017027357587
RO1_DEMAND,Steel Reinforcement Bars,2024-09-01,2024-10-01,1,VAR_DIFF,SeasonalNaive,114.09,184.15847893281943,114.09,162.59,70.06847893281943,48.5,21.56847893281943
RO1_DEMAND,Cement,2024-09-01,2024-12-01,3,VAR_DIFF,SeasonalNaive,370.42,359.7349356471253,370.42,467.38,10.68506435287469,96.95999999999998,-86.27493564712529
RO1_DEMAND,Granite,2024-09-01,2024-12-01,3,VAR_DIFF,SeasonalNaive,1760.4,1772.8084920450542,1760.4,1531.7,12.408492045054118,228.70000000000005,-216.29150795494593
RO1_DEMAND,Ready-Mixed Concrete,2024-09-01,2024-12-01,3,VAR_DIFF,SeasonalNaive,1167.7,1149.4586479141055,1167.7,1101.6,18.241352085894505,66.10000000000014,-47.85864791410563
RO1_DEMAND,Steel Reinforcement Bars,2024-09-01,2024-12-01,3,VAR_DIFF,SeasonalNaive,121.23,156.12309922291786,121.23,122.5,34.893099222917854,1.269999999999996,33.62309922291786
RO1_DEMAND,Cement,2024-09-01,2025-03-01,6,VAR_DIFF,SeasonalNaive,382.02,369.98029679841824,382.02,318.63,12.039703201581744,63.389999999999986,-51.35029679841824
RO1_DEMAND,Granite,2024-09-01,2025-03-01,6,VAR_DIFF,SeasonalNaive,1925.7,1823.0982147524437,1925.7,1688.6,102.60178524755634,237.10000000000014,-134.4982147524438
RO1_DEMAND,Ready-Mixed Concrete,2024-09-01,2025-03-01,6,VAR_DIFF,SeasonalNaive,1042.1,1167.9386257259578,1042.1,1112.0,125.83862572595785,69.90000000000009,55.93862572595776
RO1_DEMAND,Steel Reinforcement Bars,2024-09-01,2025-03-01,6,VAR_DIFF,SeasonalNaive,171.69,170.13494349527468,171.69,91.23,1.5550565047253144,80.46,-78.90494349527468
RO1_DEMAND,Cement,2024-09-01,2025-09-01,12,VAR_DIFF,SeasonalNaive,414.73,373.3726822101984,414.73,337.8,41.35731778980164,76.93,-35.572682210198366
RO1_DEMAND,Granite,2024-09-01,2025-09-01,12,VAR_DIFF,SeasonalNaive,2107.6,1828.133627717064,2107.6,1821.8,279.46637228293594,285.79999999999995,-6.333627717064019
RO1_DEMAND,Ready-Mixed Concrete,2024-09-01,2025-09-01,12,VAR_DIFF,SeasonalNaive,1283.3,1175.0471538102156,1283.3,1153.0,108.25284618978435,130.29999999999995,-22.047153810215605
RO1_DEMAND,Steel Reinforcement Bars,2024-09-01,2025-09-01,12,VAR_DIFF,SeasonalNaive,131.79,175.0152572316779,131.79,226.32,43.225257231677915,94.53,-51.304742768322086
RO1_DEMAND,Cement,2024-10-01,2024-11-01,1,VAR_DIFF,SeasonalNaive,408.36,383.41339260217376,408.36,381.97,24.946607397826256,26.389999999999986,-1.4433926021737307
RO1_DEMAND,Granite,2024-10-01,2024-11-01,1,VAR_DIFF,SeasonalNaive,1706.4,1819.2186796818485,1706.4,1621.1,112.81867968184838,85.30000000000018,27.518679681848198
RO1_DEMAND,Ready-Mixed Concrete,2024-10-01,2024-11-01,1,VAR_DIFF,SeasonalNaive,1112.7,1192.3069554384022,1112.7,1070.0,79.60695543840211,42.700000000000045,36.906955438402065
RO1_DEMAND,Steel Reinforcement Bars,2024-10-01,2024-11-01,1,VAR_DIFF,SeasonalNaive,140.53,139.9531299466762,140.53,187.13,0.5768700533238018,46.599999999999994,-46.02312994667619
RO1_DEMAND,Cement,2024-10-01,2025-01-01,3,VAR_DIFF,SeasonalNaive,314.17,389.1513918599043,314.17,434.45,74.9813918599043,120.27999999999997,-45.298608140095666
RO1_DEMAND,Granite,2024-10-01,2025-01-01,3,VAR_DIFF,SeasonalNaive,1589.2,1848.974984433309,1589.2,1664.5,259.7749844333089,75.29999999999995,184.47498443330892
RO1_DEMAND,Ready-Mixed Concrete,2024-10-01,2025-01-01,3,VAR_DIFF,SeasonalNaive,1031.1,1180.911856778633,1031.1,1071.7,149.811856778633,40.600000000000136,109.21185677863286
RO1_DEMAND,Steel Reinforcement Bars,2024-10-01,2025-01-01,3,VAR_DIFF,SeasonalNaive,105.3,150.86045486384768,105.3,179.85,45.56045486384768,74.55,-28.989545136152316
RO1_DEMAND,Cement,2024-10-01,2025-04-01,6,VAR_DIFF,SeasonalNaive,372.25,381.2887544325504,372.25,395.86,9.038754432550377,23.610000000000014,-14.571245567449637
RO1_DEMAND,Granite,2024-10-01,2025-04-01,6,VAR_DIFF,SeasonalNaive,1668.0,1813.114759273638,1668.0,1470.5,145.1147592736379,197.5,-52.3852407263621
RO1_DEMAND,Ready-Mixed Concrete,2024-10-01,2025-04-01,6,VAR_DIFF,SeasonalNaive,1113.2,1173.9562859094665,1113.2,1114.9,60.75628590946644,1.7000000000000455,59.056285909466396
RO1_DEMAND,Steel Reinforcement Bars,2024-10-01,2025-04-01,6,VAR_DIFF,SeasonalNaive,152.83,140.78912772944207,152.83,111.96,12.04087227055794,40.87000000000002,-28.829127729442078
RO1_DEMAND,Cement,2024-10-01,2025-10-01,12,VAR_DIFF,SeasonalNaive,553.71,378.1573074275491,553.71,410.73,175.55269257245095,142.98000000000002,32.57269257245093
RO1_DEMAND,Granite,2024-10-01,2025-10-01,12,VAR_DIFF,SeasonalNaive,2147.9,1815.540328355382,2147.9,1803.3,332.3596716446182,344.60000000000014,-12.240328355381962
RO1_DEMAND,Ready-Mixed Concrete,2024-10-01,2025-10-01,12,VAR_DIFF,SeasonalNaive,1401.3,1180.0324399103374,1401.3,1147.0,221.26756008966254,254.29999999999995,-33.032439910337416
RO1_DEMAND,Steel Reinforcement Bars,2024-10-01,2025-10-01,12,VAR_DIFF,SeasonalNaive,146.31,142.17187072044737,146.31,114.09,4.138129279552629,32.22,-28.08187072044737
RO1_DEMAND,Cement,2024-11-01,2024-12-01,1,VAR_DIFF,SeasonalNaive,370.42,338.9748521378707,370.42,467.38,31.445147862129318,96.95999999999998,-65.51485213787066
RO1_DEMAND,Granite,2024-11-01,2024-12-01,1,VAR_DIFF,SeasonalNaive,1760.4,1638.2418052810906,1760.4,1531.7,122.1581947189095,228.70000000000005,-106.54180528109055
RO1_DEMAND,Ready-Mixed Concrete,2024-11-01,2024-12-01,1,VAR_DIFF,SeasonalNaive,1167.7,1077.3653740900718,1167.7,1101.6,90.33462590992826,66.10000000000014,24.234625909928127
RO1_DEMAND,Steel Reinforcement Bars,2024-11-01,2024-12-01,1,VAR_DIFF,SeasonalNaive,121.23,123.23889397234156,121.23,122.5,2.0088939723415535,1.269999999999996,0.7388939723415575
RO1_DEMAND,Cement,2024-11-01,2025-02-01,3,VAR_DIFF,SeasonalNaive,379.05,378.19254170248615,379.05,367.77,0.8574582975138583,11.28000000000003,-10.422541702486171
RO1_DEMAND,Granite,2024-11-01,2025-02-01,3,VAR_DIFF,SeasonalNaive,1672.6,1699.6336630244816,1672.6,1201.2,27.03366302448171,471.39999999999986,-444.36633697551815
RO1_DEMAND,Ready-Mixed Concrete,2024-11-01,2025-02-01,3,VAR_DIFF,SeasonalNaive,1046.6,1105.419192552774,1046.6,874.95,58.819192552773984,171.64999999999986,-112.83080744722588
RO1_DEMAND,Steel Reinforcement Bars,2024-11-01,2025-02-01,3,VAR_DIFF,SeasonalNaive,231.33,135.7596243071323,231.33,60.8,95.57037569286771,170.53000000000003,-74.95962430713232
RO1_DEMAND,Cement,2024-11-01,2025-05-01,6,VAR_DIFF,SeasonalNaive,356.5,372.50509880682256,356.5,330.62,16.00509880682256,25.879999999999995,-9.874901193177436
RO1_DEMAND,Granite,2024-11-01,2025-05-01,6,VAR_DIFF,SeasonalNaive,1863.3,1703.8674259449729,1863.3,1911.9,159.4325740550271,48.600000000000136,110.83257405502695
RO1_DEMAND,Ready-Mixed Concrete,2024-11-01,2025-05-01,6,VAR_DIFF,SeasonalNaive,1142.6,1112.2626609404322,1142.6,1151.8,30.33733905956774,9.200000000000045,21.137339059567694
RO1_DEMAND,Steel Reinforcement Bars,2024-11-01,2025-05-01,6,VAR_DIFF,SeasonalNaive,174.15,139.0451208420762,174.15,160.55,35.10487915792382,13.599999999999994,21.504879157923824
RO1_DEMAND,Cement,2024-11-01,2025-11-01,12,VAR_DIFF,SeasonalNaive,373.57,370.7226620298479,373.57,408.36,2.8473379701520685,34.79000000000002,-31.942662029847952
RO1_DEMAND,Granite,2024-11-01,2025-11-01,12,VAR_DIFF,SeasonalNaive,2010.2,1698.792471137288,2010.2,1706.4,311.40752886271207,303.79999999999995,7.607528862712115
RO1_DEMAND,Ready-Mixed Concrete,2024-11-01,2025-11-01,12,VAR_DIFF,SeasonalNaive,1306.0,1116.864141417275,1306.0,1112.7,189.13585858272495,193.29999999999995,-4.164141417275005
RO1_DEMAND,Steel Reinforcement Bars,2024-11-01,2025-11-01,12,VAR_DIFF,SeasonalNaive,167.38,139.0410405812496,167.38,140.53,28.33895941875039,26.849999999999994,1.4889594187503974
RO1_DEMAND,Cement,2024-12-01,2025-01-01,1,VAR_DIFF,SeasonalNaive,314.17,403.1076583503121,314.17,434.45,88.93765835031206,120.27999999999997,-31.34234164968791
RO1_DEMAND,Granite,2024-12-01,2025-01-01,1,VAR_DIFF,SeasonalNaive,1589.2,1866.826687093652,1589.2,1664.5,277.626687093652,75.29999999999995,202.32668709365203
RO1_DEMAND,Ready-Mixed Concrete,2024-12-01,2025-01-01,1,VAR_DIFF,SeasonalNaive,1031.1,1194.4546859321802,1031.1,1071.7,163.35468593218025,40.600000000000136,122.75468593218011
RO1_DEMAND,Steel Reinforcement Bars,2024-12-01,2025-01-01,1,VAR_DIFF,SeasonalNaive,105.3,152.58322633002567,105.3,179.85,47.28322633002567,74.55,-27.266773669974327
RO1_DEMAND,Cement,2024-12-01,2025-03-01,3,VAR_DIFF,SeasonalNaive,382.02,403.3777772923728,382.02,318.63,21.357777292372816,63.389999999999986,-42.03222270762717
RO1_DEMAND,Granite,2024-12-01,2025-03-01,3,VAR_DIFF,SeasonalNaive,1925.7,1826.4736170416677,1925.7,1688.6,99.22638295833235,237.10000000000014,-137.87361704166779
RO1_DEMAND,Ready-Mixed Concrete,2024-12-01,2025-03-01,3,VAR_DIFF,SeasonalNaive,1042.1,1183.182297332144,1042.1,1112.0,141.08229733214398,69.90000000000009,71.18229733214389
RO1_DEMAND,Steel Reinforcement Bars,2024-12-01,2025-03-01,3,VAR_DIFF,SeasonalNaive,171.69,141.6551422180762,171.69,91.23,30.03485778192379,80.46,-50.4251422180762
RO1_DEMAND,Cement,2024-12-01,2025-06-01,6,VAR_DIFF,SeasonalNaive,454.02,401.3272285227052,454.02,397.81,52.6927714772948,56.20999999999998,-3.5172285227051816
RO1_DEMAND,Granite,2024-12-01,2025-06-01,6,VAR_DIFF,SeasonalNaive,1765.6,1821.2777425080744,1765.6,1704.7,55.677742508074516,60.899999999999864,-5.2222574919253475
RO1_DEMAND,Ready-Mixed Concrete,2024-12-01,2025-06-01,6,VAR_DIFF,SeasonalNaive,1205.3,1181.1416964312648,1205.3,1090.8,24.158303568735164,114.5,-90.34169643126484
RO1_DEMAND,Steel Reinforcement Bars,2024-12-01,2025-06-01,6,VAR_DIFF,SeasonalNaive,109.58,139.46314391379278,109.58,168.8,29.88314391379278,59.22000000000001,-29.336856086207234
RO1_DEMAND,Cement,2024-12-01,2025-12-01,12,VAR_DIFF,SeasonalNaive,628.44,398.8747676523757,628.44,370.42,229.56523234762437,258.02000000000004,-28.454767652375665
RO1_DEMAND,Granite,2024-12-01,2025-12-01,12,VAR_DIFF,SeasonalNaive,2282.5,1820.0503420147409,2282.5,1760.4,462.44965798525914,522.0999999999999,-59.65034201474077
RO1_DEMAND,Ready-Mixed Concrete,2024-12-01,2025-12-01,12,VAR_DIFF,SeasonalNaive,1432.3,1186.8615929055295,1432.3,1167.7,245.43840709447045,264.5999999999999,-19.16159290552946
RO1_DEMAND,Steel Reinforcement Bars,2024-12-01,2025-12-01,12,VAR_DIFF,SeasonalNaive,276.16,139.9781303244215,276.16,121.23,136.18186967557853,154.93,-18.74813032442148
RO1_DEMAND,Cement,2025-01-01,2025-02-01,1,VAR_DIFF,SeasonalNaive,379.05,363.0231190654053,379.05,367.77,16.026880934594715,11.28000000000003,4.746880934594685
RO1_DEMAND,Granite,2025-01-01,2025-02-01,1,VAR_DIFF,SeasonalNaive,1672.6,1598.2955152989152,1672.6,1201.2,74.30448470108468,471.39999999999986,-397.0955152989152
RO1_DEMAND,Ready-Mixed Concrete,2025-01-01,2025-02-01,1,VAR_DIFF,SeasonalNaive,1046.6,1067.137440172144,1046.6,874.95,20.537440172143988,171.64999999999986,-151.11255982785588
RO1_DEMAND,Steel Reinforcement Bars,2025-01-01,2025-02-01,1,VAR_DIFF,SeasonalNaive,231.33,111.3728955570445,231.33,60.8,119.95710444295551,170.53000000000003,-50.57289555704452
RO1_DEMAND,Cement,2025-01-01,2025-04-01,3,VAR_DIFF,SeasonalNaive,372.25,328.91966846655066,372.25,395.86,43.33033153344934,23.610000000000014,19.720331533449325
RO1_DEMAND,Granite,2025-01-01,2025-04-01,3,VAR_DIFF,SeasonalNaive,1668.0,1582.872417947152,1668.0,1470.5,85.12758205284808,197.5,-112.37241794715192
RO1_DEMAND,Ready-Mixed Concrete,2025-01-01,2025-04-01,3,VAR_DIFF,SeasonalNaive,1113.2,1053.5156042579065,1113.2,1114.9,59.68439574209356,1.7000000000000455,57.98439574209351
RO1_DEMAND,Steel Reinforcement Bars,2025-01-01,2025-04-01,3,VAR_DIFF,SeasonalNaive,152.83,108.73447426637424,152.83,111.96,44.09552573362578,40.87000000000002,3.2255257336257586
RO1_DEMAND,Cement,2025-01-01,2025-07-01,6,VAR_DIFF,SeasonalNaive,431.58,338.66337954712463,431.58,412.14,92.91662045287535,19.439999999999998,73.47662045287535
RO1_DEMAND,Granite,2025-01-01,2025-07-01,6,VAR_DIFF,SeasonalNaive,2113.3,1600.4081199744817,2113.3,1951.4,512.8918800255185,161.9000000000001,350.9918800255184
RO1_DEMAND,Ready-Mixed Concrete,2025-01-01,2025-07-01,6,VAR_DIFF,SeasonalNaive,1334.2,1066.5603923499682,1334.2,1188.3,267.63960765003185,145.9000000000001,121.73960765003176
RO1_DEMAND,Steel Reinforcement Bars,2025-01-01,2025-07-01,6,VAR_DIFF,SeasonalNaive,155.84,116.37426046883805,155.84,108.58,39.46573953116196,47.260000000000005,-7.794260468838047
RO1_DEMAND,Cement,2025-01-01,2026-01-01,12,VAR_DIFF,SeasonalNaive,455.63,340.8558323921514,455.63,314.17,114.7741676078486,141.45999999999998,-26.685832392151383
RO1_DEMAND,Granite,2025-01-01,2026-01-01,12,VAR_DIFF,SeasonalNaive,2383.6,1597.0647316574166,2383.6,1589.2,786.5352683425833,794.3999999999999,-7.864731657416542
RO1_DEMAND,Ready-Mixed Concrete,2025-01-01,2026-01-01,12,VAR_DIFF,SeasonalNaive,1513.8,1073.439727008859,1513.8,1031.1,440.36027299114085,482.70000000000005,-42.3397270088592
RO1_DEMAND,Steel Reinforcement Bars,2025-01-01,2026-01-01,12,VAR_DIFF,SeasonalNaive,235.92,116.6621325663888,235.92,105.3,119.25786743361118,130.62,-11.362132566388823
RO1_DEMAND,Cement,2025-02-01,2025-03-01,1,VAR_DIFF,SeasonalNaive,382.02,332.4325849480148,382.02,318.63,49.587415051985204,63.389999999999986,-13.802584948014783
RO1_DEMAND,Granite,2025-02-01,2025-03-01,1,VAR_DIFF,SeasonalNaive,1925.7,1593.7251225029397,1925.7,1688.6,331.97487749706033,237.10000000000014,94.8748774970602
RO1_DEMAND,Ready-Mixed Concrete,2025-02-01,2025-03-01,1,VAR_DIFF,SeasonalNaive,1042.1,1024.6510902429015,1042.1,1112.0,17.448909757098363,69.90000000000009,-52.45109024290173
RO1_DEMAND,Steel Reinforcement Bars,2025-02-01,2025-03-01,1,VAR_DIFF,SeasonalNaive,171.69,173.92125502904855,171.69,91.23,2.2312550290485547,80.46,-78.22874497095144
RO1_DEMAND,Cement,2025-02-01,2025-05-01,3,VAR_DIFF,SeasonalNaive,356.5,338.2624822140812,356.5,330.62,18.237517785918783,25.879999999999995,-7.6424822140812125
RO1_DEMAND,Granite,2025-02-01,2025-05-01,3,VAR_DIFF,SeasonalNaive,1863.3,1541.431245273234,1863.3,1911.9,321.8687547267659,48.600000000000136,273.2687547267658
RO1_DEMAND,Ready-Mixed Concrete,2025-02-01,2025-05-01,3,VAR_DIFF,SeasonalNaive,1142.6,1023.6783114024852,1142.6,1151.8,118.92168859751473,9.200000000000045,109.72168859751469
RO1_DEMAND,Steel Reinforcement Bars,2025-02-01,2025-05-01,3,VAR_DIFF,SeasonalNaive,174.15,161.1143821968227,174.15,160.55,13.035617803177303,13.599999999999994,-0.5643821968226916
RO1_DEMAND,Cement,2025-02-01,2025-08-01,6,VAR_DIFF,SeasonalNaive,427.22,335.7350166631599,427.22,399.41,91.48498333684012,27.810000000000002,63.674983336840114
RO1_DEMAND,Granite,2025-02-01,2025-08-01,6,VAR_DIFF,SeasonalNaive,2098.6,1565.4472650425655,2098.6,1870.9,533.1527349574344,227.69999999999982,305.4527349574346
RO1_DEMAND,Ready-Mixed Concrete,2025-02-01,2025-08-01,6,VAR_DIFF,SeasonalNaive,1282.5,1033.823822332074,1282.5,1205.9,248.6761776679259,76.59999999999991,172.076177667926
RO1_DEMAND,Steel Reinforcement Bars,2025-02-01,2025-08-01,6,VAR_DIFF,SeasonalNaive,125.51,167.1707046762836,125.51,94.39,41.6607046762836,31.120000000000005,10.540704676283596
RO1_DEMAND,Cement,2025-02-01,2026-02-01,12,VAR_DIFF,SeasonalNaive,396.88,331.9898173738331,396.88,379.05,64.8901826261669,17.829999999999984,47.06018262616692
RO1_DEMAND,Granite,2025-02-01,2026-02-01,12,VAR_DIFF,SeasonalNaive,1726.7,1566.68386085824,1726.7,1672.6,160.01613914176005,54.100000000000136,105.91613914175991
RO1_DEMAND,Ready-Mixed Concrete,2025-02-01,2026-02-01,12,VAR_DIFF,SeasonalNaive,1123.1,1036.6892772618596,1123.1,1046.6,86.4107227381403,76.5,9.910722738140294
RO1_DEMAND,Steel Reinforcement Bars,2025-02-01,2026-02-01,12,VAR_DIFF,SeasonalNaive,165.5,171.66130789708518,165.5,231.33,6.16130789708518,65.83000000000001,-59.66869210291483
RO1_DEMAND,Cement,2025-03-01,2025-04-01,1,VAR_DIFF,SeasonalNaive,372.25,342.0074738867024,372.25,395.86,30.242526113297572,23.610000000000014,6.632526113297558
RO1_DEMAND,Granite,2025-03-01,2025-04-01,1,VAR_DIFF,SeasonalNaive,1668.0,1700.775036715647,1668.0,1470.5,32.77503671564705,197.5,-164.72496328435295
RO1_DEMAND,Ready-Mixed Concrete,2025-03-01,2025-04-01,1,VAR_DIFF,SeasonalNaive,1113.2,1037.4925461715588,1113.2,1114.9,75.7074538284412,1.7000000000000455,74.00745382844116
RO1_DEMAND,Steel Reinforcement Bars,2025-03-01,2025-04-01,1,VAR_DIFF,SeasonalNaive,152.83,141.35816498277728,152.83,111.96,11.47183501722273,40.87000000000002,-29.39816498277729
RO1_DEMAND,Cement,2025-03-01,2025-06-01,3,VAR_DIFF,SeasonalNaive,454.02,381.5651476517242,454.02,397.81,72.45485234827578,56.20999999999998,16.2448523482758
RO1_DEMAND,Granite,2025-03-01,2025-06-01,3,VAR_DIFF,SeasonalNaive,1765.6,1741.2993546880343,1765.6,1704.7,24.30064531196558,60.899999999999864,-36.59935468803428
RO1_DEMAND,Ready-Mixed Concrete,2025-03-01,2025-06-01,3,VAR_DIFF,SeasonalNaive,1205.3,1025.4793682985849,1205.3,1090.8,179.8206317014151,114.5,65.3206317014151
RO1_DEMAND,Steel Reinforcement Bars,2025-03-01,2025-06-01,3,VAR_DIFF,SeasonalNaive,109.58,176.96771066908968,109.58,168.8,67.38771066908969,59.22000000000001,8.167710669089672
RO1_DEMAND,Cement,2025-03-01,2025-09-01,6,VAR_DIFF,SeasonalNaive,414.73,364.88551483257294,414.73,337.8,49.84448516742708,76.93,-27.085514832572926
RO1_DEMAND,Granite,2025-03-01,2025-09-01,6,VAR_DIFF,SeasonalNaive,2107.6,1717.8971201802815,2107.6,1821.8,389.7028798197184,285.79999999999995,103.90287981971846
RO1_DEMAND,Ready-Mixed Concrete,2025-03-01,2025-09-01,6,VAR_DIFF,SeasonalNaive,1283.3,1027.9911266450963,1283.3,1153.0,255.30887335490365,130.29999999999995,125.0088733549037
RO1_DEMAND,Steel Reinforcement Bars,2025-03-01,2025-09-01,6,VAR_DIFF,SeasonalNaive,131.79,163.72755060309905,131.79,226.32,31.937550603099055,94.53,-62.592449396900946
RO1_DEMAND,Cement,2025-03-01,2026-03-01,12,VAR_DIFF,SeasonalNaive,444.92,354.8810202116972,444.92,382.02,90.03897978830281,62.900000000000034,27.138979788302777
RO1_DEMAND,Granite,2025-03-01,2026-03-01,12,VAR_DIFF,SeasonalNaive,1890.0,1726.6177980639072,1890.0,1925.7,163.38220193609277,35.700000000000045,127.68220193609272
RO1_DEMAND,Ready-Mixed Concrete,2025-03-01,2026-03-01,12,VAR_DIFF,SeasonalNaive,1393.7,1035.695666512218,1393.7,1042.1,358.0043334877821,351.60000000000014,6.404333487781969
RO1_DEMAND,Steel Reinforcement Bars,2025-03-01,2026-03-01,12,VAR_DIFF,SeasonalNaive,187.65,164.63834198684074,187.65,171.69,23.011658013159263,15.960000000000008,7.051658013159255
RO1_DEMAND,Cement,2025-04-01,2025-05-01,1,VAR_DIFF,SeasonalNaive,356.5,367.8184399819303,356.5,330.62,11.318439981930283,25.879999999999995,-14.561560018069713
RO1_DEMAND,Granite,2025-04-01,2025-05-01,1,VAR_DIFF,SeasonalNaive,1863.3,1710.009845202741,1863.3,1911.9,153.290154797259,48.600000000000136,104.69015479725886
RO1_DEMAND,Ready-Mixed Concrete,2025-04-01,2025-05-01,1,VAR_DIFF,SeasonalNaive,1142.6,1073.3675881204265,1142.6,1151.8,69.23241187957342,9.200000000000045,60.032411879573374
RO1_DEMAND,Steel Reinforcement Bars,2025-04-01,2025-05-01,1,VAR_DIFF,SeasonalNaive,174.15,166.0912291323054,174.15,160.55,8.05877086769462,13.599999999999994,-5.541229132305375
RO1_DEMAND,Cement,2025-04-01,2025-07-01,3,VAR_DIFF,SeasonalNaive,431.58,358.9182208182786,431.58,412.14,72.66177918172139,19.439999999999998,53.22177918172139
RO1_DEMAND,Granite,2025-04-01,2025-07-01,3,VAR_DIFF,SeasonalNaive,2113.3,1791.27301595222,2113.3,1951.4,322.02698404778016,161.9000000000001,160.12698404778007
RO1_DEMAND,Ready-Mixed Concrete,2025-04-01,2025-07-01,3,VAR_DIFF,SeasonalNaive,1334.2,1101.6811591318033,1334.2,1188.3,232.51884086819678,145.9000000000001,86.61884086819668
RO1_DEMAND,Steel Reinforcement Bars,2025-04-01,2025-07-01,3,VAR_DIFF,SeasonalNaive,155.84,172.79259991727187,155.84,108.58,16.95259991727187,47.260000000000005,-30.307400082728137
RO1_DEMAND,Cement,2025-04-01,2025-10-01,6,VAR_DIFF,SeasonalNaive,553.71,378.1771040926874,553.71,410.73,175.53289590731265,142.98000000000002,32.55289590731263
RO1_DEMAND,Granite,2025-04-01,2025-10-01,6,VAR_DIFF,SeasonalNaive,2147.9,1767.6289344332986,2147.9,1803.3,380.2710655667015,344.60000000000014,35.67106556670137
RO1_DEMAND,Ready-Mixed Concrete,2025-04-01,2025-10-01,6,VAR_DIFF,SeasonalNaive,1401.3,1093.5309040916384,1401.3,1147.0,307.7690959083616,254.29999999999995,53.46909590836162
RO1_DEMAND,Steel Reinforcement Bars,2025-04-01,2025-10-01,6,VAR_DIFF,SeasonalNaive,146.31,175.264764797062,146.31,114.09,28.954764797062012,32.22,-3.265235202937987
RO1_DEMAND,Cement,2025-04-01,2026-04-01,12,VAR_DIFF,SeasonalNaive,420.73,379.28245440615495,420.73,372.25,41.447545593845064,48.48000000000002,-7.0324544061549545
RO1_DEMAND,Granite,2025-04-01,2026-04-01,12,VAR_DIFF,SeasonalNaive,2102.3,1758.8568422246365,2102.3,1668.0,343.4431577753637,434.3000000000002,-90.85684222463647
RO1_DEMAND,Ready-Mixed Concrete,2025-04-01,2026-04-01,12,VAR_DIFF,SeasonalNaive,1407.7,1096.835767921597,1407.7,1113.2,310.8642320784031,294.5,16.36423207840312
RO1_DEMAND,Steel Reinforcement Bars,2025-04-01,2026-04-01,12,VAR_DIFF,SeasonalNaive,232.35,173.78204902991817,232.35,152.83,58.567950970081824,79.51999999999998,-20.952049029918157
RO1_DEMAND,Cement,2025-05-01,2025-06-01,1,VAR_DIFF,SeasonalNaive,454.02,421.0290604022081,454.02,397.81,32.99093959779191,56.20999999999998,-23.219060402208072
RO1_DEMAND,Granite,2025-05-01,2025-06-01,1,VAR_DIFF,SeasonalNaive,1765.6,1901.1330873812356,1765.6,1704.7,135.53308738123565,60.899999999999864,74.63308738123578
RO1_DEMAND,Ready-Mixed Concrete,2025-05-01,2025-06-01,1,VAR_DIFF,SeasonalNaive,1205.3,1132.940319084485,1205.3,1090.8,72.3596809155149,114.5,-42.1403190844851
RO1_DEMAND,Steel Reinforcement Bars,2025-05-01,2025-06-01,1,VAR_DIFF,SeasonalNaive,109.58,185.0881537301634,109.58,168.8,75.50815373016341,59.22000000000001,16.2881537301634
RO1_DEMAND,Cement,2025-05-01,2025-08-01,3,VAR_DIFF,SeasonalNaive,427.22,393.3874606917073,427.22,399.41,33.83253930829272,27.810000000000002,6.022539308292721
RO1_DEMAND,Granite,2025-05-01,2025-08-01,3,VAR_DIFF,SeasonalNaive,2098.6,1871.7689477512029,2098.6,1870.9,226.83105224879705,227.69999999999982,-0.8689477512027679
RO1_DEMAND,Ready-Mixed Concrete,2025-05-01,2025-08-01,3,VAR_DIFF,SeasonalNaive,1282.5,1144.6671947871007,1282.5,1205.9,137.8328052128993,76.59999999999991,61.23280521289939
RO1_DEMAND,Steel Reinforcement Bars,2025-05-01,2025-08-01,3,VAR_DIFF,SeasonalNaive,125.51,175.50225845797138,125.51,94.39,49.992258457971374,31.120000000000005,18.87225845797137
RO1_DEMAND,Cement,2025-05-01,2025-11-01,6,VAR_DIFF,SeasonalNaive,373.57,382.42891640719705,373.57,408.36,8.858916407197057,34.79000000000002,-25.931083592802963
RO1_DEMAND,Granite,2025-05-01,2025-11-01,6,VAR_DIFF,SeasonalNaive,2010.2,1879.575156123898,2010.2,1706.4,130.62484387610198,303.79999999999995,-173.17515612389798
RO1_DEMAND,Ready-Mixed Concrete,2025-05-01,2025-11-01,6,VAR_DIFF,SeasonalNaive,1306.0,1143.6163059711896,1306.0,1112.7,162.3836940288104,193.29999999999995,-30.91630597118956
RO1_DEMAND,Steel Reinforcement Bars,2025-05-01,2025-11-01,6,VAR_DIFF,SeasonalNaive,167.38,176.64070515544492,167.38,140.53,9.260705155444924,26.849999999999994,-17.58929484455507
RO1_DEMAND,Cement,2025-05-01,2026-05-01,12,VAR_DIFF,SeasonalNaive,455.34,387.0038869765835,455.34,356.5,68.33611302341649,98.83999999999997,-30.503886976583487
RO1_DEMAND,Granite,2025-05-01,2026-05-01,12,VAR_DIFF,SeasonalNaive,2054.7,1880.38183654192,2054.7,1863.3,174.31816345807988,191.39999999999986,-17.081836541919984
RO1_DEMAND,Ready-Mixed Concrete,2025-05-01,2026-05-01,12,VAR_DIFF,SeasonalNaive,1315.0,1148.878444357107,1315.0,1142.6,166.1215556428931,172.4000000000001,-6.2784443571069914
RO1_DEMAND,Steel Reinforcement Bars,2025-05-01,2026-05-01,12,VAR_DIFF,SeasonalNaive,262.3,179.67902286282165,262.3,174.15,82.62097713717836,88.15,-5.529022862821648
RO1_DEMAND,Cement,2025-06-01,2025-07-01,1,VAR_DIFF,SeasonalNaive,431.58,393.12766317878334,431.58,412.14,38.45233682121665,19.439999999999998,19.01233682121665
RO1_DEMAND,Granite,2025-06-01,2025-07-01,1,VAR_DIFF,SeasonalNaive,2113.3,1902.9778756970363,2113.3,1951.4,210.32212430296386,161.9000000000001,48.422124302963766
RO1_DEMAND,Ready-Mixed Concrete,2025-06-01,2025-07-01,1,VAR_DIFF,SeasonalNaive,1334.2,1216.1808604668852,1334.2,1188.3,118.01913953311487,145.9000000000001,-27.880860466885224
RO1_DEMAND,Steel Reinforcement Bars,2025-06-01,2025-07-01,1,VAR_DIFF,SeasonalNaive,155.84,154.792438038353,155.84,108.58,1.0475619616470055,47.260000000000005,-46.212438038353
RO1_DEMAND,Cement,2025-06-01,2025-09-01,3,VAR_DIFF,SeasonalNaive,414.73,413.9674351665746,414.73,337.8,0.7625648334254151,76.93,-76.16743516657459
RO1_DEMAND,Granite,2025-06-01,2025-09-01,3,VAR_DIFF,SeasonalNaive,2107.6,1920.869423565969,2107.6,1821.8,186.7305764340308,285.79999999999995,-99.06942356596915
RO1_DEMAND,Ready-Mixed Concrete,2025-06-01,2025-09-01,3,VAR_DIFF,SeasonalNaive,1283.3,1226.8487897102152,1283.3,1153.0,56.45121028978474,130.29999999999995,-73.84878971021521
RO1_DEMAND,Steel Reinforcement Bars,2025-06-01,2025-09-01,3,VAR_DIFF,SeasonalNaive,131.79,149.9844049558948,131.79,226.32,18.19440495589481,94.53,-76.33559504410519
RO1_DEMAND,Cement,2025-06-01,2025-12-01,6,VAR_DIFF,SeasonalNaive,628.44,416.4991015615751,628.44,370.42,211.94089843842494,258.02000000000004,-46.0791015615751
RO1_DEMAND,Granite,2025-06-01,2025-12-01,6,VAR_DIFF,SeasonalNaive,2282.5,1900.3796360198944,2282.5,1760.4,382.1203639801056,522.0999999999999,-139.97963601989431
RO1_DEMAND,Ready-Mixed Concrete,2025-06-01,2025-12-01,6,VAR_DIFF,SeasonalNaive,1432.3,1220.875434626058,1432.3,1167.7,211.42456537394196,264.5999999999999,-53.17543462605795
RO1_DEMAND,Steel Reinforcement Bars,2025-06-01,2025-12-01,6,VAR_DIFF,SeasonalNaive,276.16,147.12681444147205,276.16,121.23,129.03318555852798,154.93,-25.89681444147203
RO1_DEMAND,Cement,2025-07-01,2025-08-01,1,VAR_DIFF,SeasonalNaive,427.22,448.4893434349197,427.22,399.41,21.269343434919676,27.810000000000002,-6.540656565080326
RO1_DEMAND,Granite,2025-07-01,2025-08-01,1,VAR_DIFF,SeasonalNaive,2098.6,2071.02849142717,2098.6,1870.9,27.57150857282977,227.69999999999982,-200.12849142717005
RO1_DEMAND,Ready-Mixed Concrete,2025-07-01,2025-08-01,1,VAR_DIFF,SeasonalNaive,1282.5,1286.9852961527322,1282.5,1205.9,4.4852961527321895,76.59999999999991,-72.11470384726772
RO1_DEMAND,Steel Reinforcement Bars,2025-07-01,2025-08-01,1,VAR_DIFF,SeasonalNaive,125.51,144.40808884681582,125.51,94.39,18.89808884681581,31.120000000000005,-12.221911153184195
RO1_DEMAND,Cement,2025-07-01,2025-10-01,3,VAR_DIFF,SeasonalNaive,553.71,467.8071796609246,553.71,410.73,85.90282033907545,142.98000000000002,-57.07717966092457
RO1_DEMAND,Granite,2025-07-01,2025-10-01,3,VAR_DIFF,SeasonalNaive,2147.9,2074.612645266848,2147.9,1803.3,73.28735473315191,344.60000000000014,-271.3126452668482
RO1_DEMAND,Ready-Mixed Concrete,2025-07-01,2025-10-01,3,VAR_DIFF,SeasonalNaive,1401.3,1307.4262255592482,1401.3,1147.0,93.87377444075173,254.29999999999995,-160.42622555924822
RO1_DEMAND,Steel Reinforcement Bars,2025-07-01,2025-10-01,3,VAR_DIFF,SeasonalNaive,146.31,152.2393737945165,146.31,114.09,5.9293737945164935,32.22,-26.290626205483505
RO1_DEMAND,Cement,2025-07-01,2026-01-01,6,VAR_DIFF,SeasonalNaive,455.63,452.1062586010294,455.63,314.17,3.5237413989705715,141.45999999999998,-137.9362586010294
RO1_DEMAND,Granite,2025-07-01,2026-01-01,6,VAR_DIFF,SeasonalNaive,2383.6,2074.4810237346423,2383.6,1589.2,309.11897626535756,794.3999999999999,-485.2810237346423
RO1_DEMAND,Ready-Mixed Concrete,2025-07-01,2026-01-01,6,VAR_DIFF,SeasonalNaive,1513.8,1306.3449292301425,1513.8,1031.1,207.45507076985746,482.70000000000005,-275.2449292301426
RO1_DEMAND,Steel Reinforcement Bars,2025-07-01,2026-01-01,6,VAR_DIFF,SeasonalNaive,235.92,148.5850422058923,235.92,105.3,87.33495779410768,130.62,-43.285042205892324
RO1_DEMAND,Cement,2025-08-01,2025-09-01,1,VAR_DIFF,SeasonalNaive,414.73,448.250634288444,414.73,337.8,33.520634288444,76.93,-43.409365711556006
RO1_DEMAND,Granite,2025-08-01,2025-09-01,1,VAR_DIFF,SeasonalNaive,2107.6,2108.391955846549,2107.6,1821.8,0.7919558465491718,285.79999999999995,-285.0080441534508
RO1_DEMAND,Ready-Mixed Concrete,2025-08-01,2025-09-01,1,VAR_DIFF,SeasonalNaive,1283.3,1310.0373050980893,1283.3,1153.0,26.737305098089337,130.29999999999995,-103.56269490191062
RO1_DEMAND,Steel Reinforcement Bars,2025-08-01,2025-09-01,1,VAR_DIFF,SeasonalNaive,131.79,138.878860976779,131.79,226.32,7.088860976779017,94.53,-87.44113902322098
RO1_DEMAND,Cement,2025-08-01,2025-11-01,3,VAR_DIFF,SeasonalNaive,373.57,434.1954044817696,373.57,408.36,60.62540448176958,34.79000000000002,25.835404481769558
RO1_DEMAND,Granite,2025-08-01,2025-11-01,3,VAR_DIFF,SeasonalNaive,2010.2,2077.353638712705,2010.2,1706.4,67.15363871270506,303.79999999999995,-236.6463612872949
RO1_DEMAND,Ready-Mixed Concrete,2025-08-01,2025-11-01,3,VAR_DIFF,SeasonalNaive,1306.0,1292.7262495894183,1306.0,1112.7,13.27375041058167,193.29999999999995,-180.02624958941828
RO1_DEMAND,Steel Reinforcement Bars,2025-08-01,2025-11-01,3,VAR_DIFF,SeasonalNaive,167.38,137.04432282741007,167.38,140.53,30.335677172589925,26.849999999999994,3.4856771725899307
RO1_DEMAND,Cement,2025-08-01,2026-02-01,6,VAR_DIFF,SeasonalNaive,396.88,446.251191677795,396.88,379.05,49.371191677795025,17.829999999999984,31.54119167779504
RO1_DEMAND,Granite,2025-08-01,2026-02-01,6,VAR_DIFF,SeasonalNaive,1726.7,2092.2477660688573,1726.7,1672.6,365.5477660688573,54.100000000000136,311.44776606885716
RO1_DEMAND,Ready-Mixed Concrete,2025-08-01,2026-02-01,6,VAR_DIFF,SeasonalNaive,1123.1,1304.4619027518263,1123.1,1046.6,181.3619027518264,76.5,104.86190275182639
RO1_DEMAND,Steel Reinforcement Bars,2025-08-01,2026-02-01,6,VAR_DIFF,SeasonalNaive,165.5,140.48356313082567,165.5,231.33,25.016436869174328,65.83000000000001,-40.813563130825685
RO1_DEMAND,Cement,2025-09-01,2025-10-01,1,VAR_DIFF,SeasonalNaive,553.71,456.2045359375189,553.71,410.73,97.50546406248111,142.98000000000002,-45.47453593751891
RO1_DEMAND,Granite,2025-09-01,2025-10-01,1,VAR_DIFF,SeasonalNaive,2147.9,2085.1526122728933,2147.9,1803.3,62.7473877271068,344.60000000000014,-281.85261227289334
RO1_DEMAND,Ready-Mixed Concrete,2025-09-01,2025-10-01,1,VAR_DIFF,SeasonalNaive,1401.3,1290.7868788656233,1401.3,1147.0,110.51312113437666,254.29999999999995,-143.7868788656233
RO1_DEMAND,Steel Reinforcement Bars,2025-09-01,2025-10-01,1,VAR_DIFF,SeasonalNaive,146.31,142.7622780572168,146.31,114.09,3.5477219427831983,32.22,-28.6722780572168
RO1_DEMAND,Cement,2025-09-01,2025-12-01,3,VAR_DIFF,SeasonalNaive,628.44,426.5992847507482,628.44,370.42,201.84071524925184,258.02000000000004,-56.179284750748195
RO1_DEMAND,Granite,2025-09-01,2025-12-01,3,VAR_DIFF,SeasonalNaive,2282.5,2076.3464081434804,2282.5,1760.4,206.1535918565196,522.0999999999999,-315.9464081434803
RO1_DEMAND,Ready-Mixed Concrete,2025-09-01,2025-12-01,3,VAR_DIFF,SeasonalNaive,1432.3,1285.2069727856522,1432.3,1167.7,147.09302721434779,264.5999999999999,-117.50697278565212
RO1_DEMAND,Steel Reinforcement Bars,2025-09-01,2025-12-01,3,VAR_DIFF,SeasonalNaive,276.16,133.63974894908404,276.16,121.23,142.520251050916,154.93,-12.409748949084019
RO1_DEMAND,Cement,2025-09-01,2026-03-01,6,VAR_DIFF,SeasonalNaive,444.92,427.4919371699541,444.92,382.02,17.428062830045917,62.900000000000034,-45.47193716995412
RO1_DEMAND,Granite,2025-09-01,2026-03-01,6,VAR_DIFF,SeasonalNaive,1890.0,2080.7191694319517,1890.0,1925.7,190.71916943195174,35.700000000000045,155.0191694319517
RO1_DEMAND,Ready-Mixed Concrete,2025-09-01,2026-03-01,6,VAR_DIFF,SeasonalNaive,1393.7,1288.048048137433,1393.7,1042.1,105.6519518625671,351.60000000000014,-245.94804813743303
RO1_DEMAND,Steel Reinforcement Bars,2025-09-01,2026-03-01,6,VAR_DIFF,SeasonalNaive,187.65,136.64643107522505,187.65,171.69,51.00356892477495,15.960000000000008,35.043568924774945
RO1_DEMAND,Cement,2025-10-01,2025-11-01,1,VAR_DIFF,SeasonalNaive,373.57,450.5674243925517,373.57,408.36,76.9974243925517,34.79000000000002,42.20742439255167
RO1_DEMAND,Granite,2025-10-01,2025-11-01,1,VAR_DIFF,SeasonalNaive,2010.2,2145.3018655022947,2010.2,1706.4,135.1018655022947,303.79999999999995,-168.69813449770527
RO1_DEMAND,Ready-Mixed Concrete,2025-10-01,2025-11-01,1,VAR_DIFF,SeasonalNaive,1306.0,1341.6325621316278,1306.0,1112.7,35.632562131627765,193.29999999999995,-157.6674378683722
RO1_DEMAND,Steel Reinforcement Bars,2025-10-01,2025-11-01,1,VAR_DIFF,SeasonalNaive,167.38,139.88795468734563,167.38,140.53,27.49204531265437,26.849999999999994,0.6420453126543748
RO1_DEMAND,Cement,2025-10-01,2026-01-01,3,VAR_DIFF,SeasonalNaive,455.63,487.7008109508515,455.63,314.17,32.070810950851524,141.45999999999998,-109.38918904914846
RO1_DEMAND,Granite,2025-10-01,2026-01-01,3,VAR_DIFF,SeasonalNaive,2383.6,2201.8506007187875,2383.6,1589.2,181.7493992812124,794.3999999999999,-612.6506007187875
RO1_DEMAND,Ready-Mixed Concrete,2025-10-01,2026-01-01,3,VAR_DIFF,SeasonalNaive,1513.8,1384.565653453379,1513.8,1031.1,129.23434654662105,482.70000000000005,-353.465653453379
RO1_DEMAND,Steel Reinforcement Bars,2025-10-01,2026-01-01,3,VAR_DIFF,SeasonalNaive,235.92,142.93496758379638,235.92,105.3,92.98503241620361,130.62,-37.634967583796396
RO1_DEMAND,Cement,2025-10-01,2026-04-01,6,VAR_DIFF,SeasonalNaive,420.73,482.1402469629495,420.73,372.25,61.410246962949486,48.48000000000002,12.930246962949468
RO1_DEMAND,Granite,2025-10-01,2026-04-01,6,VAR_DIFF,SeasonalNaive,2102.3,2182.9436456453764,2102.3,1668.0,80.64364564537618,434.3000000000002,-353.656354354624
RO1_DEMAND,Ready-Mixed Concrete,2025-10-01,2026-04-01,6,VAR_DIFF,SeasonalNaive,1407.7,1377.3844884217815,1407.7,1113.2,30.315511578218548,294.5,-264.18448842178145
RO1_DEMAND,Steel Reinforcement Bars,2025-10-01,2026-04-01,6,VAR_DIFF,SeasonalNaive,232.35,138.21330839577195,232.35,152.83,94.13669160422805,79.51999999999998,14.616691604228066
RO1_DEMAND,Cement,2025-11-01,2025-12-01,1,VAR_DIFF,SeasonalNaive,628.44,452.20805300579457,628.44,370.42,176.2319469942055,258.02000000000004,-81.78805300579455
RO1_DEMAND,Granite,2025-11-01,2025-12-01,1,VAR_DIFF,SeasonalNaive,2282.5,2097.7829605298352,2282.5,1760.4,184.71703947016476,522.0999999999999,-337.38296052983515
RO1_DEMAND,Ready-Mixed Concrete,2025-11-01,2025-12-01,1,VAR_DIFF,SeasonalNaive,1432.3,1340.6106827542278,1432.3,1167.7,91.68931724577214,264.5999999999999,-172.91068275422776
RO1_DEMAND,Steel Reinforcement Bars,2025-11-01,2025-12-01,1,VAR_DIFF,SeasonalNaive,276.16,145.216500226725,276.16,121.23,130.94349977327502,154.93,-23.986500226724985
RO1_DEMAND,Cement,2025-11-01,2026-02-01,3,VAR_DIFF,SeasonalNaive,396.88,443.7770417344426,396.88,379.05,46.89704173444261,17.829999999999984,29.067041734442626
RO1_DEMAND,Granite,2025-11-01,2026-02-01,3,VAR_DIFF,SeasonalNaive,1726.7,2068.866984145127,1726.7,1672.6,342.1669841451269,54.100000000000136,288.06698414512675
RO1_DEMAND,Ready-Mixed Concrete,2025-11-01,2026-02-01,3,VAR_DIFF,SeasonalNaive,1123.1,1335.2180852426206,1123.1,1046.6,212.11808524262074,76.5,135.61808524262074
RO1_DEMAND,Steel Reinforcement Bars,2025-11-01,2026-02-01,3,VAR_DIFF,SeasonalNaive,165.5,152.17132423447137,165.5,231.33,13.32867576552863,65.83000000000001,-52.50132423447138
RO1_DEMAND,Cement,2025-11-01,2026-05-01,6,VAR_DIFF,SeasonalNaive,455.34,447.3184005460926,455.34,356.5,8.021599453907356,98.83999999999997,-90.81840054609262
RO1_DEMAND,Granite,2025-11-01,2026-05-01,6,VAR_DIFF,SeasonalNaive,2054.7,2089.0084543808,2054.7,1863.3,34.30845438079996,191.39999999999986,-157.0915456191999
RO1_DEMAND,Ready-Mixed Concrete,2025-11-01,2026-05-01,6,VAR_DIFF,SeasonalNaive,1315.0,1348.8103118265792,1315.0,1142.6,33.81031182657921,172.4000000000001,-138.58968817342088
RO1_DEMAND,Steel Reinforcement Bars,2025-11-01,2026-05-01,6,VAR_DIFF,SeasonalNaive,262.3,154.86147508821256,262.3,174.15,107.43852491178745,88.15,19.288524911787448
RO1_DEMAND,Cement,2025-12-01,2026-01-01,1,VAR_DIFF,SeasonalNaive,455.63,475.7779397566105,455.63,314.17,20.147939756610526,141.45999999999998,-121.31206024338945
RO1_DEMAND,Granite,2025-12-01,2026-01-01,1,VAR_DIFF,SeasonalNaive,2383.6,2162.5635234075485,2383.6,1589.2,221.03647659245144,794.3999999999999,-573.3635234075484
RO1_DEMAND,Ready-Mixed Concrete,2025-12-01,2026-01-01,1,VAR_DIFF,SeasonalNaive,1513.8,1361.118899353263,1513.8,1031.1,152.68110064673692,482.70000000000005,-330.0188993532631
RO1_DEMAND,Steel Reinforcement Bars,2025-12-01,2026-01-01,1,VAR_DIFF,SeasonalNaive,235.92,203.6656083896571,235.92,105.3,32.25439161034288,130.62,-98.36560838965713
RO1_DEMAND,Cement,2025-12-01,2026-03-01,3,VAR_DIFF,SeasonalNaive,444.92,517.6046889413915,444.92,382.02,72.68468894139147,62.900000000000034,9.784688941391437
RO1_DEMAND,Granite,2025-12-01,2026-03-01,3,VAR_DIFF,SeasonalNaive,1890.0,2159.8277751740693,1890.0,1925.7,269.8277751740693,35.700000000000045,234.12777517406926
RO1_DEMAND,Ready-Mixed Concrete,2025-12-01,2026-03-01,3,VAR_DIFF,SeasonalNaive,1393.7,1389.39115768559,1393.7,1042.1,4.308842314409958,351.60000000000014,-347.2911576855902
RO1_DEMAND,Steel Reinforcement Bars,2025-12-01,2026-03-01,3,VAR_DIFF,SeasonalNaive,187.65,209.22907245531388,187.65,171.69,21.579072455313877,15.960000000000008,5.619072455313869
RO1_DEMAND,Cement,2026-01-01,2026-02-01,1,VAR_DIFF,SeasonalNaive,396.88,537.1541777044156,396.88,379.05,140.2741777044156,17.829999999999984,122.44417770441561
RO1_DEMAND,Granite,2026-01-01,2026-02-01,1,VAR_DIFF,SeasonalNaive,1726.7,2362.476447905976,1726.7,1672.6,635.7764479059758,54.100000000000136,581.6764479059757
RO1_DEMAND,Ready-Mixed Concrete,2026-01-01,2026-02-01,1,VAR_DIFF,SeasonalNaive,1123.1,1505.864595947672,1123.1,1046.6,382.764595947672,76.5,306.264595947672
RO1_DEMAND,Steel Reinforcement Bars,2026-01-01,2026-02-01,1,VAR_DIFF,SeasonalNaive,165.5,215.89482888464056,165.5,231.33,50.39482888464056,65.83000000000001,-15.435171115359452
RO1_DEMAND,Cement,2026-01-01,2026-04-01,3,VAR_DIFF,SeasonalNaive,420.73,546.121717659371,420.73,372.25,125.39171765937101,48.48000000000002,76.91171765937099
RO1_DEMAND,Granite,2026-01-01,2026-04-01,3,VAR_DIFF,SeasonalNaive,2102.3,2404.8198147091,2102.3,1668.0,302.5198147090996,434.3000000000002,-131.7801852909006
RO1_DEMAND,Ready-Mixed Concrete,2026-01-01,2026-04-01,3,VAR_DIFF,SeasonalNaive,1407.7,1512.4500660949666,1407.7,1113.2,104.75006609496654,294.5,-189.74993390503346
RO1_DEMAND,Steel Reinforcement Bars,2026-01-01,2026-04-01,3,VAR_DIFF,SeasonalNaive,232.35,246.28032903013008,232.35,152.83,13.930329030130082,79.51999999999998,-65.5896709698699
RO1_DEMAND,Cement,2026-02-01,2026-03-01,1,VAR_DIFF,SeasonalNaive,444.92,449.54541133709256,444.92,382.02,4.625411337092544,62.900000000000034,-58.27458866290749
RO1_DEMAND,Granite,2026-02-01,2026-03-01,1,VAR_DIFF,SeasonalNaive,1890.0,1823.4231307250484,1890.0,1925.7,66.5768692749516,35.700000000000045,30.87686927495156
RO1_DEMAND,Ready-Mixed Concrete,2026-02-01,2026-03-01,1,VAR_DIFF,SeasonalNaive,1393.7,1238.9440930789806,1393.7,1042.1,154.75590692101946,351.60000000000014,-196.84409307898068
RO1_DEMAND,Steel Reinforcement Bars,2026-02-01,2026-03-01,1,VAR_DIFF,SeasonalNaive,187.65,197.84139437875112,187.65,171.69,10.191394378751113,15.960000000000008,-5.768605621248895
RO1_DEMAND,Cement,2026-02-01,2026-05-01,3,VAR_DIFF,SeasonalNaive,455.34,379.74119462879344,455.34,356.5,75.59880537120654,98.83999999999997,-23.241194628793437
RO1_DEMAND,Granite,2026-02-01,2026-05-01,3,VAR_DIFF,SeasonalNaive,2054.7,1811.1954358133744,2054.7,1863.3,243.50456418662543,191.39999999999986,52.104564186625566
RO1_DEMAND,Ready-Mixed Concrete,2026-02-01,2026-05-01,3,VAR_DIFF,SeasonalNaive,1315.0,1204.6785529441477,1315.0,1142.6,110.32144705585233,172.4000000000001,-62.07855294414776
RO1_DEMAND,Steel Reinforcement Bars,2026-02-01,2026-05-01,3,VAR_DIFF,SeasonalNaive,262.3,184.3505543225387,262.3,174.15,77.94944567746131,88.15,-10.200554322538693
RO1_DEMAND,Cement,2026-03-01,2026-04-01,1,VAR_DIFF,SeasonalNaive,420.73,477.31090045865415,420.73,372.25,56.58090045865413,48.48000000000002,8.10090045865411
RO1_DEMAND,Granite,2026-03-01,2026-04-01,1,VAR_DIFF,SeasonalNaive,2102.3,2089.6034072756797,2102.3,1668.0,12.696592724320453,434.3000000000002,-421.60340727567973
RO1_DEMAND,Ready-Mixed Concrete,2026-03-01,2026-04-01,1,VAR_DIFF,SeasonalNaive,1407.7,1391.6830607135369,1407.7,1113.2,16.016939286463185,294.5,-278.4830607135368
RO1_DEMAND,Steel Reinforcement Bars,2026-03-01,2026-04-01,1,VAR_DIFF,SeasonalNaive,232.35,248.8106586161817,232.35,152.83,16.460658616181718,79.51999999999998,-63.059341383818264
RO1_DEMAND,Cement,2026-04-01,2026-05-01,1,VAR_DIFF,SeasonalNaive,455.34,414.736622864486,455.34,356.5,40.603377135513995,98.83999999999997,-58.23662286448598
RO1_DEMAND,Granite,2026-04-01,2026-05-01,1,VAR_DIFF,SeasonalNaive,2054.7,1981.7907606259607,2054.7,1863.3,72.90923937403909,191.39999999999986,-118.49076062596077
RO1_DEMAND,Ready-Mixed Concrete,2026-04-01,2026-05-01,1,VAR_DIFF,SeasonalNaive,1315.0,1331.637060512097,1315.0,1142.6,16.637060512096923,172.4000000000001,-155.76293948790317
RO1_DEMAND,Steel Reinforcement Bars,2026-04-01,2026-05-01,1,VAR_DIFF,SeasonalNaive,262.3,177.89843583919338,262.3,174.15,84.40156416080663,88.15,-3.7484358391933768
