dataset,series,horizon,forecast_origin,target_date,actual,stat_lower_80,stat_upper_80,ml_cqr_lower_80,ml_cqr_upper_80,stat_winkler_80,ml_cqr_winkler_80
RO1_PRICE,Cement,1,2024-07-01,2024-08-01,108.4,107.19442178150122,110.04659677980618,99.15022971764584,109.79230218855152,2.8521749983049602,10.642072470905674
RO1_PRICE,Cement,1,2024-08-01,2024-09-01,108.0,106.55559401636866,109.40329462681284,99.7312418074996,108.27453952820456,2.8477006104441784,8.543297720704956
RO1_PRICE,Cement,1,2024-09-01,2024-10-01,107.4,106.20726953547803,109.05028259335046,99.53393166076904,107.83247680060812,2.843013057872426,8.298545139839078
RO1_PRICE,Cement,1,2024-10-01,2024-11-01,106.4,105.56996636848952,108.4085662469216,99.15933176508256,107.76685577974388,2.8385998784320776,8.607524014661323
RO1_PRICE,Cement,1,2024-11-01,2024-12-01,105.8,104.40797807483384,107.24341923127088,99.68783930593526,106.20347869108676,2.8354411564370423,6.515639385151502
RO1_PRICE,Cement,1,2024-12-01,2025-01-01,104.4,103.85789269085866,106.688721418079,100.12553974476243,105.40432039948035,2.830828727220336,5.27878065471792
RO1_PRICE,Cement,1,2025-01-01,2025-02-01,104.2,102.21491817370934,105.04431093858042,99.72964421655628,105.05711627873464,2.8293927648710877,5.327472062178359
RO1_PRICE,Cement,1,2025-02-01,2025-03-01,103.9,102.29101353503674,105.1169999704664,99.32938783401627,102.2795215618154,2.8259864354296553,19.15491810964518
RO1_PRICE,Cement,1,2025-03-01,2025-04-01,103.6,102.12759762105428,104.9491396668166,99.76129885809848,103.27317906275113,2.821542045762328,6.780089577141325
RO1_PRICE,Cement,1,2025-04-01,2025-05-01,103.3,101.89258375595332,104.70959181277588,100.3340932339019,103.45133202259343,2.8170080568225586,3.1172387886915374
RO1_PRICE,Cement,1,2025-05-01,2025-06-01,102.8,101.6248722327286,104.43736444823344,100.84493311089088,103.18164367322072,2.8124922155048324,2.3367105623298414
RO1_PRICE,Cement,1,2025-06-01,2025-07-01,101.1,101.07222057523212,103.88046789507658,100.36773299634174,102.79623218993775,2.8082473198444546,2.4284991935960107
RO1_PRICE,Cement,1,2025-07-01,2025-08-01,101.5,98.92207950014703,101.7334722881664,100.08292776059186,101.79631780879802,2.8113927880193614,1.7133900482061648
RO1_PRICE,Cement,1,2025-08-01,2025-09-01,102.2,99.79280958181192,102.6048360096367,99.21918829196814,101.4418364212177,2.812026427824776,9.804283917072581
RO1_PRICE,Cement,1,2025-09-01,2025-10-01,104.0,100.887879661285,103.69912650425412,99.459135534619,101.99957014037696,5.8199818004278825,22.544733201988365
RO1_PRICE,Cement,1,2025-10-01,2025-11-01,110.0,103.27598533799954,106.093662742995,99.8733161755484,102.1711503648203,41.881049975045514,80.58633054106885
RO1_PRICE,Cement,1,2025-11-01,2025-12-01,115.9,111.17106499009246,114.088524760631,99.31690906899128,109.6614438971807,21.032212164228568,72.73009585638245
RO1_PRICE,Cement,1,2025-12-01,2026-01-01,118.6,118.24319859200445,121.19170121196323,100.66280310770313,113.62197467375434,2.948502619958788,62.73942482850778
RO1_PRICE,Cement,1,2026-01-01,2026-02-01,119.2,119.87014111175644,122.81828529807044,100.11154671821888,118.50162591549936,9.649555303878358,25.37382004228691
RO1_PRICE,Cement,1,2026-02-01,2026-03-01,121.9,119.04357494527494,122.00294759860304,100.527543136888,121.71284142754804,2.959372653328103,23.056884015179676
RO1_PRICE,Cement,1,2026-03-01,2026-04-01,124.7,122.1163486041258,125.07733600405628,100.3986000088942,123.13509107403796,2.960987399930474,38.38558032476419
RO1_PRICE,Cement,1,2026-04-01,2026-05-01,125.8,125.108389670217,128.0688857663632,100.85531302034416,124.93725464673216,2.9604960961462012,32.7093951590664
RO1_PRICE,Cement,1,2026-05-01,2026-06-01,124.15,125.5842677975939,128.5425149619423,100.99725100607569,125.53453697092844,17.30092514028729,24.537285964852757
RO1_PRICE,Cement,3,2024-07-01,2024-10-01,107.4,104.80994493418088,111.3672264556066,92.88506630802496,114.03702487336356,6.557281521425722,21.151958565338603
RO1_PRICE,Cement,3,2024-08-01,2024-11-01,106.4,104.11003824071445,110.658081703554,94.40558030100262,114.73555042240376,6.5480434628395585,20.329970121401146
RO1_PRICE,Cement,3,2024-09-01,2024-12-01,105.8,103.85170783993644,110.38898162956066,95.5560188773928,116.11625581758354,6.537273789624223,20.560236940190734
RO1_PRICE,Cement,3,2024-10-01,2025-01-01,104.4,103.14516794219062,109.67280794611928,94.349371766912,111.89982642352642,6.527640003928653,17.55045465661442
RO1_PRICE,Cement,3,2024-11-01,2025-02-01,104.2,101.70917923227448,108.23042752958747,93.6508140816576,111.1618433179241,6.521248297312994,17.511029236266495
RO1_PRICE,Cement,3,2024-12-01,2025-03-01,103.9,101.25630945791649,107.7671989028692,95.23832423598574,109.40365350485126,6.51088944495271,14.16532926886552
RO1_PRICE,Cement,3,2025-01-01,2025-04-01,103.6,99.1905716273456,105.70189795235844,95.64953448587916,110.48503492722274,6.511326325012831,14.835500441343584
RO1_PRICE,Cement,3,2025-02-01,2025-05-01,103.3,99.76309905391724,106.2627074079036,93.14806137286251,107.09513036078026,6.4996083539863605,13.947068987917746
RO1_PRICE,Cement,3,2025-03-01,2025-06-01,102.8,99.80591402479573,106.29508013934,94.5480479643726,107.4697825297991,6.489166114544275,12.921734565426505
RO1_PRICE,Cement,3,2025-04-01,2025-07-01,101.1,99.67019181161346,106.14915306245484,94.4468160068444,106.6280772108093,6.47896125084138,12.181261203964894
RO1_PRICE,Cement,3,2025-05-01,2025-08-01,101.5,99.45150901497504,105.919945218426,93.72195038987002,108.9345008889414,6.468436203450949,15.212550499071384
RO1_PRICE,Cement,3,2025-06-01,2025-09-01,102.2,98.80550811104686,105.2631815108088,92.02424802071494,107.4951576401535,6.457673399761944,15.470909619438558
RO1_PRICE,Cement,3,2025-07-01,2025-10-01,104.0,95.89335927059892,102.3570098327162,91.5009921124439,106.5074560857709,22.893552234955266,15.006463973327001
RO1_PRICE,Cement,3,2025-08-01,2025-11-01,110.0,97.61203887519514,104.06644840360848,92.7566178783825,105.9906901300502,65.78992549232858,53.327170951165726
RO1_PRICE,Cement,3,2025-09-01,2025-12-01,115.9,99.32881353998386,105.7814456873814,94.014974971361,106.47607272279228,107.63817527358354,106.70037052350852
RO1_PRICE,Cement,3,2025-10-01,2026-01-01,118.6,102.67403220819146,109.1630207018042,94.12652817445354,106.66449062061892,100.85878147557068,131.89305623997612
RO1_PRICE,Cement,3,2025-11-01,2026-02-01,119.2,113.63442889163424,120.55730323430524,94.0019938041985,110.96618556862964,6.922874342670994,99.30233607813476
RO1_PRICE,Cement,3,2025-12-01,2026-03-01,121.9,122.27853372284696,129.5137420192359,95.02755215615464,114.8275115498672,11.020545524858477,90.52484389504065
RO1_PRICE,Cement,3,2026-01-01,2026-04-01,124.7,122.11779920201234,129.2409303255259,96.48271811610314,121.7192438254667,7.1231311235135735,55.04408745469654
RO1_PRICE,Cement,3,2026-02-01,2026-05-01,125.8,119.08977298711454,126.17070243006188,95.41268881297742,124.25857047717912,7.080929442947337,44.26017689241047
RO1_PRICE,Cement,3,2026-03-01,2026-06-01,124.15,122.80899546692466,129.8591515570618,96.4061810458074,126.123060133053,7.0501560901371505,29.7168790872456
RO1_PRICE,Cement,6,2024-07-01,2025-01-01,104.4,101.36418544566614,113.63647472469928,84.18527221862597,120.207100880613,12.272289279033146,36.02182866198703
RO1_PRICE,Cement,6,2024-08-01,2025-02-01,104.2,100.59995667906122,112.85821890889368,86.30886214138795,119.7914996628006,12.258262229832454,33.482637521412656
RO1_PRICE,Cement,6,2024-09-01,2025-03-01,103.9,100.4370891800381,112.67522239528984,82.55073578678471,121.44471260938128,12.238133215251736,38.89397682259657
RO1_PRICE,Cement,6,2024-10-01,2025-04-01,103.6,99.65703231558707,111.88125720281292,86.3350118219173,119.08814388846513,12.224224887225844,32.75313206654782
RO1_PRICE,Cement,6,2024-11-01,2025-05-01,103.3,97.93110353976432,110.14782551455852,86.21843066762405,118.22056848723552,12.216721974794197,32.00213781961148
RO1_PRICE,Cement,6,2024-12-01,2025-06-01,102.8,97.58099271390664,109.77893700085808,84.77412259802993,118.39220350540548,12.19794428695144,33.61808090737554
RO1_PRICE,Cement,6,2025-01-01,2025-07-01,101.1,95.05643701776052,107.27910185647744,85.56260692613179,116.1547318855112,12.222664838716923,30.592124959379404
RO1_PRICE,Cement,6,2025-02-01,2025-08-01,101.5,96.15837286275868,108.35020792448825,83.78320112557395,110.91789425106523,12.191835061729563,27.13469312549128
RO1_PRICE,Cement,6,2025-03-01,2025-09-01,102.2,96.42238584796868,108.58849034077534,84.15501805853843,109.91294927053076,12.166104492806653,25.75793121199233
RO1_PRICE,Cement,6,2025-04-01,2025-10-01,104.0,96.3921163498884,108.5392564407877,85.03122819867647,110.49478410840008,12.147140090899299,25.46355590972361
RO1_PRICE,Cement,6,2025-05-01,2025-11-01,110.0,96.22628345630967,108.35342134428988,84.91607441682675,111.35505713701215,28.592924445081366,26.438982720185408
RO1_PRICE,Cement,6,2025-06-01,2025-12-01,115.9,95.4842924699226,107.58929085568296,84.520143704401,110.10539623890692,95.21208982893081,83.53129014543678
RO1_PRICE,Cement,6,2025-07-01,2026-01-01,118.6,91.7669057476749,103.87858021759918,84.27891402295396,110.21640560203709,159.32587229393243,109.77343555871222
RO1_PRICE,Cement,6,2025-08-01,2026-02-01,119.2,94.3876699316728,106.46768285978546,83.45727542006267,108.84153571242992,139.4031843302581,128.9689031680681
RO1_PRICE,Cement,6,2025-09-01,2026-03-01,121.9,96.78513566770845,108.8152904777161,84.27974081908661,110.71996710820196,142.8772500328467,138.24055520709584
RO1_PRICE,Cement,6,2025-10-01,2026-04-01,124.7,101.09799440050443,113.2327409098653,85.65257602947761,110.843752633595,126.8073374107079,163.7536502681674
RO1_PRICE,Cement,6,2025-11-01,2026-05-01,125.8,114.9728581953662,128.08265923692537,87.2618711956546,117.68115877433624,13.109801041559166,111.60769983531921
RO1_PRICE,Cement,6,2025-12-01,2026-06-01,124.15,124.94266742756696,138.92782700607762,89.82793708089497,119.0504605598583,21.911833854180202,80.21791788038044
RO1_PRICE,Cement,12,2024-07-01,2025-07-01,101.1,95.37268706659276,118.4609831825388,76.08758505150514,109.19801986927146,23.088296115946036,33.11043481776632
RO1_PRICE,Cement,12,2024-08-01,2025-08-01,101.5,94.54231587072113,117.60754781973772,75.51768405607488,110.3831496941964,23.065231949016592,34.86546563812152
RO1_PRICE,Cement,12,2024-09-01,2025-09-01,102.2,94.48424447404985,117.5116431169191,74.17770887258364,114.2523809606504,23.027398642869258,40.07467208806676
RO1_PRICE,Cement,12,2024-10-01,2025-10-01,104.0,93.62756733227366,116.63421156712742,77.81505002826222,115.78459429511372,23.006644234853766,37.9695442668515
RO1_PRICE,Cement,12,2024-11-01,2025-11-01,110.0,91.58883283141849,114.59759004074984,75.8470171465245,113.88809669970172,23.00875720933135,38.04107955317723
RO1_PRICE,Cement,12,2024-12-01,2025-12-01,115.9,91.3509935994341,114.32568144403646,77.25003199472434,116.64839828826452,38.71787340423779,39.39836629354018
RO1_PRICE,Cement,12,2025-01-01,2026-01-01,118.6,88.32707367811999,111.37406871331136,77.34850403347339,114.90415787425592,95.30630790207772,74.51407509822332
RO1_PRICE,Cement,12,2025-02-01,2026-02-01,119.2,90.00618171018691,112.97430780858856,75.92216081615055,111.73600398843476,85.22504801251605,110.45380328793664
RO1_PRICE,Cement,12,2025-03-01,2026-03-01,121.9,90.510849980479,113.42425791036334,79.26173476503857,113.3931325786024,107.67082882625103,119.20007202753985
RO1_PRICE,Cement,12,2025-04-01,2026-04-01,124.7,90.59687552602432,113.4726887285376,80.29434682713651,111.53208637890069,135.14892591713726,162.91687576275734
RO1_PRICE,Cement,12,2025-05-01,2026-05-01,125.8,90.49052317382356,113.3296906167226,79.02210190072095,112.2528355903586,147.542261275673,168.7023777860516
RO1_PRICE,Cement,12,2025-06-01,2026-06-01,124.15,89.64718611962269,112.45324392625628,78.66883256412011,112.39806887718788,139.77361854407087,151.248547541189
RO1_PRICE,Concreting Sand,1,2024-07-01,2024-08-01,27.7,24.62766759621648,30.281032312733405,26.1413516998291,29.56052589416504,5.653364716516926,3.4191741943359375
RO1_PRICE,Concreting Sand,1,2024-08-01,2024-09-01,27.6,24.83232434230318,30.476523565687568,26.15187644958496,29.52717018127441,5.644199223384387,3.3752937316894496
RO1_PRICE,Concreting Sand,1,2024-09-01,2024-10-01,27.7,24.73698854494044,30.37200762843416,26.167251586914062,29.48679351806641,5.63501908349372,3.3195419311523473
RO1_PRICE,Concreting Sand,1,2024-10-01,2024-11-01,27.7,24.841629990035862,30.467513710685825,26.162681579589844,29.06637382507324,5.625883720649963,2.903692245483395
RO1_PRICE,Concreting Sand,1,2024-11-01,2024-12-01,27.7,24.846258933848347,30.463031905652635,26.093235015869144,29.121353149414062,5.616772971804288,3.0281181335449183
RO1_PRICE,Concreting Sand,1,2024-12-01,2025-01-01,27.4,24.850865459960733,30.458571802816497,25.979759216308597,28.68196678161621,5.607706342855764,2.7022075653076136
RO1_PRICE,Concreting Sand,1,2025-01-01,2025-02-01,27.6,24.555359506646315,30.15422061292891,25.98453521728516,28.67756462097168,5.598861106282595,2.69302940368652
RO1_PRICE,Concreting Sand,1,2025-02-01,2025-03-01,27.3,24.75988183164331,30.34984202012285,25.999021530151367,28.73680877685547,5.589960188479541,2.7377872467041016
RO1_PRICE,Concreting Sand,1,2025-03-01,2025-04-01,26.8,24.464332443508265,30.045532890300176,25.99845123291016,28.741729736328125,5.581200446791911,2.743278503417965
RO1_PRICE,Concreting Sand,1,2025-04-01,2025-05-01,27.1,23.96860197933333,29.54139907202646,25.99230194091797,28.70876121520996,5.572797092693133,2.716459274291992
RO1_PRICE,Concreting Sand,1,2025-05-01,2025-06-01,26.7,24.27301016422557,29.837130982463293,25.5207633972168,28.311811447143555,5.564120818237722,2.7910480499267543
RO1_PRICE,Concreting Sand,1,2025-06-01,2025-07-01,26.7,23.87732767108908,29.43295073262537,25.98857688903809,28.743698120117184,5.555623061536288,2.7551212310790945
RO1_PRICE,Concreting Sand,1,2025-07-01,2025-08-01,26.7,23.8817833464145,29.42863667389385,25.49274063110352,28.21345138549805,5.546853327479347,2.7207107543945312
RO1_PRICE,Concreting Sand,1,2025-08-01,2025-09-01,26.4,23.88621799377801,29.424342986459823,25.464029312133786,28.14561653137207,5.538124992681812,2.681587219238285
RO1_PRICE,Concreting Sand,1,2025-09-01,2025-10-01,26.7,23.590542690064726,29.120155763990603,25.436397552490234,28.071969985961918,5.529613073925876,2.6355724334716832
RO1_PRICE,Concreting Sand,1,2025-10-01,2025-11-01,27.0,23.894846948593024,29.41598830324836,25.192588806152347,28.051279067993164,5.5211413546553345,2.8586902618408168
RO1_PRICE,Concreting Sand,1,2025-11-01,2025-12-01,26.8,24.19913095112485,29.711840472241644,25.423770904541016,28.03810310363769,5.512709521116793,2.614332199096676
RO1_PRICE,Concreting Sand,1,2025-12-01,2026-01-01,26.7,24.003444110288843,29.507664426041305,25.967241287231445,28.551040649414062,5.5042203157524625,2.583799362182617
RO1_PRICE,Concreting Sand,1,2026-01-01,2026-02-01,26.4,23.90776666243689,29.403479267825578,25.505363464355465,27.997276306152344,5.495712605388686,2.4919128417968786
RO1_PRICE,Concreting Sand,1,2026-02-01,2026-03-01,27.8,23.61199061090788,29.09938958786396,25.413671493530277,27.938432693481445,5.487398976956079,2.5247611999511683
RO1_PRICE,Concreting Sand,1,2026-03-01,2026-04-01,29.0,25.014361929429608,30.49709359433615,25.253009796142575,28.041061401367184,5.482731664906542,12.37743759155277
RO1_PRICE,Concreting Sand,1,2026-04-01,2026-05-01,28.6,26.21722917577496,31.694317492296527,26.067918777465824,30.51229286193848,5.4770883165215665,4.444374084472656
RO1_PRICE,Concreting Sand,1,2026-05-01,2026-06-01,28.6,25.82133124353892,31.290345859995657,27.07135391235352,29.353965759277344,5.469014616456736,2.2826118469238246
RO1_PRICE,Concreting Sand,3,2024-07-01,2024-10-01,27.7,22.824846505405343,32.361582694412576,21.91778984069824,32.76189002990723,9.536736189007232,10.844100189208987
RO1_PRICE,Concreting Sand,3,2024-08-01,2024-11-01,27.7,23.032426067400024,32.553700864045325,21.98113670349121,32.718125915527345,9.5212747966453,10.736989212036136
RO1_PRICE,Concreting Sand,3,2024-09-01,2024-12-01,27.7,22.940017756700783,32.4458064531729,22.082226181030272,32.69013175964356,9.505788696472116,10.607905578613291
RO1_PRICE,Concreting Sand,3,2024-10-01,2025-01-01,27.4,23.047572409351847,32.53795054064722,21.7234748840332,32.3845630645752,9.490378131295376,10.661088180541995
RO1_PRICE,Concreting Sand,3,2024-11-01,2025-02-01,27.6,23.055106711476714,32.53011579927634,21.74254455566406,31.714259719848634,9.475009087799624,9.971715164184573
RO1_PRICE,Concreting Sand,3,2024-12-01,2025-03-01,27.3,23.06260452635439,32.522318997100015,21.571735763549803,30.728839492797853,9.459714470745624,9.15710372924805
RO1_PRICE,Concreting Sand,3,2025-01-01,2025-04-01,26.8,22.769919261222483,32.21471258465894,21.56853332519531,30.63273391723633,9.444793323436457,9.064200592041018
RO1_PRICE,Concreting Sand,3,2025-02-01,2025-05-01,27.1,22.9772800307826,32.40705827750203,21.576342010498045,30.616229629516603,9.42977824671943,9.039887619018558
RO1_PRICE,Concreting Sand,3,2025-03-01,2025-06-01,26.7,22.68452406706936,32.09952538894001,21.597235107421877,30.912793731689455,9.415001321870648,9.315558624267577
RO1_PRICE,Concreting Sand,3,2025-04-01,2025-07-01,26.7,22.19147337764141,31.592298969630573,21.610493087768557,30.9983154296875,9.400825591989161,9.387822341918945
RO1_PRICE,Concreting Sand,3,2025-05-01,2025-08-01,26.7,22.49864836980017,31.884837838925545,21.609123611450197,31.190360641479497,9.386189469125377,9.5812370300293
RO1_PRICE,Concreting Sand,3,2025-06-01,2025-09-01,26.4,22.105675755784183,31.477530246021136,21.597231292724608,31.17770156860352,9.371854490236952,9.580470275878913
RO1_PRICE,Concreting Sand,3,2025-07-01,2025-10-01,26.7,22.11292804203273,31.469988751160106,21.630186462402342,31.24107894897461,9.357060709127374,9.610892486572268
RO1_PRICE,Concreting Sand,3,2025-08-01,2025-11-01,27.0,22.120146098365897,31.46248286334541,21.553270721435545,31.26136741638184,9.342336764979514,9.708096694946295
RO1_PRICE,Concreting Sand,3,2025-09-01,2025-12-01,26.8,21.827185189959824,31.15516308589265,21.58252182006836,31.03195915222168,9.327977895932825,9.44943733215332
RO1_PRICE,Concreting Sand,3,2025-10-01,2026-01-01,26.7,22.13419102444195,31.44787786437507,21.459305191040038,31.03512916564942,9.31368683993312,9.575823974609381
RO1_PRICE,Concreting Sand,3,2025-11-01,2026-02-01,26.4,22.44116388362813,31.740626951333752,21.633768463134768,30.93030891418457,9.299463067705624,9.296540451049804
RO1_PRICE,Concreting Sand,3,2025-12-01,2026-03-01,27.8,22.248184194947072,31.53332670912864,21.63612594604492,30.95719680786133,9.285142514181569,9.321070861816409
RO1_PRICE,Concreting Sand,3,2026-01-01,2026-04-01,29.0,22.15521980037356,31.426010544701175,21.646086120605467,30.86365089416504,9.270790744327616,9.217564773559573
RO1_PRICE,Concreting Sand,3,2026-02-01,2026-05-01,28.6,21.86209491066252,31.118861284529203,21.668859863281245,30.78613624572754,9.256766373866682,9.117276382446295
RO1_PRICE,Concreting Sand,3,2026-03-01,2026-06-01,28.6,23.265954604518612,32.51484762756502,21.599872970581053,30.980455017089845,9.248893023046406,9.380582046508792
RO1_PRICE,Concreting Sand,6,2024-07-01,2025-01-01,27.4,20.877520063247356,33.97556648419007,21.36217956542969,32.33147926330567,13.098046420942712,10.969299697875975
RO1_PRICE,Concreting Sand,6,2024-08-01,2025-02-01,27.6,21.08825671982684,34.16506798957364,21.39984016418457,32.24056549072266,13.076811269746802,10.840725326538088
RO1_PRICE,Concreting Sand,6,2024-09-01,2025-03-01,27.3,20.99901054885291,34.0545527329369,21.45508270263672,32.29888648986816,13.055542184083986,10.84380378723144
RO1_PRICE,Concreting Sand,6,2024-10-01,2025-04-01,26.8,21.10971191757775,34.14408875808323,20.77227668762207,31.77193946838379,13.034376840505477,10.999662780761717
RO1_PRICE,Concreting Sand,6,2024-11-01,2025-05-01,27.1,21.12038445737605,34.13365298145511,20.819392013549805,31.69036979675293,13.013268524079056,10.870977783203124
RO1_PRICE,Concreting Sand,6,2024-12-01,2025-06-01,26.7,21.131005312633757,34.12326773984765,20.21170883178711,29.334334564208987,12.992262427213891,9.122625732421877
RO1_PRICE,Concreting Sand,6,2025-01-01,2025-07-01,26.7,20.841366828300504,33.81313609346861,20.209351348876957,29.362473678588863,12.971769265168103,9.153122329711906
RO1_PRICE,Concreting Sand,6,2025-02-01,2025-08-01,26.7,21.0517935583048,34.00294065589316,20.226328659057614,29.249171447753906,12.951147097588361,9.022842788696291
RO1_PRICE,Concreting Sand,6,2025-03-01,2025-09-01,26.4,20.76205492629934,33.69290694139907,20.19324188232422,29.446034622192386,12.930852015099735,9.252792739868166
RO1_PRICE,Concreting Sand,6,2025-04-01,2025-10-01,26.7,20.271898809300374,33.183281441546406,20.18031768798828,29.310326766967773,12.911382632246031,9.130009078979494
RO1_PRICE,Concreting Sand,6,2025-05-01,2025-11-01,27.0,20.58206238251018,33.473343314038786,20.222210693359376,29.29148597717285,12.891280931528605,9.069275283813475
RO1_PRICE,Concreting Sand,6,2025-06-01,2025-12-01,26.8,20.192016858316528,33.06360968951368,20.25110893249512,30.48596305847168,12.871592831197155,10.234854125976558
RO1_PRICE,Concreting Sand,6,2025-07-01,2026-01-01,26.7,20.20228991818859,33.053564515990765,20.27503471374512,30.634465408325195,12.851274597802174,10.359430694580073
RO1_PRICE,Concreting Sand,6,2025-08-01,2026-02-01,26.4,20.212514487987555,33.04356676862316,20.303026962280278,30.80077285766601,12.831052280635603,10.497745895385734
RO1_PRICE,Concreting Sand,6,2025-09-01,2026-03-01,27.8,19.92248554758604,32.73381691641299,20.30361824035645,30.82227439880371,12.811331368826952,10.51865615844726
RO1_PRICE,Concreting Sand,6,2025-10-01,2026-04-01,29.0,20.23240950318246,33.0241130967225,19.88966064453125,30.05894966125488,12.791703593540042,10.169289016723628
RO1_PRICE,Concreting Sand,6,2025-11-01,2026-05-01,28.6,20.54228674466641,33.31445497251904,20.334143447875977,30.8258487701416,12.772168227852628,10.491705322265624
RO1_PRICE,Concreting Sand,6,2025-12-01,2026-06-01,28.6,20.352231200261865,33.10473114002156,20.34808616638184,30.84411735534668,12.752499939759698,10.496031188964839
RO1_PRICE,Concreting Sand,12,2024-07-01,2025-07-01,26.7,18.068857842539064,37.13721612747825,21.406159973144533,31.10792198181153,19.068358284939183,9.701762008666996
RO1_PRICE,Concreting Sand,12,2024-08-01,2025-08-01,26.7,18.28414803061464,37.32159182203124,21.31022415161133,31.41816940307617,19.037443791416596,10.107945251464841
RO1_PRICE,Concreting Sand,12,2024-09-01,2025-09-01,26.4,18.19946266782922,37.205942563350405,20.550870513916017,31.25119438171387,19.006479895521185,10.700323867797852
RO1_PRICE,Concreting Sand,12,2024-10-01,2025-10-01,26.7,18.314702598946244,37.29036962805909,19.799081420898435,27.98103370666504,18.975667029112845,8.181952285766606
RO1_PRICE,Concreting Sand,12,2024-11-01,2025-11-01,27.0,18.32990147259498,37.27483865639537,19.87760887145996,27.880573654174807,18.944937183800388,8.002964782714848
RO1_PRICE,Concreting Sand,12,2024-12-01,2025-12-01,26.8,18.345026742387,37.25938289384714,19.11090049743652,27.78999176025391,18.91435615146014,8.679091262817387
RO1_PRICE,Concreting Sand,12,2025-01-01,2026-01-01,26.7,18.059782682090063,36.94430454042572,19.084352111816404,28.217770004272463,18.884521858335656,9.133417892456059
RO1_PRICE,Concreting Sand,12,2025-02-01,2026-02-01,26.4,18.27463149926132,37.12913125602662,19.058597183227537,28.32192840576172,18.854499756765296,9.263331222534184
RO1_PRICE,Concreting Sand,12,2025-03-01,2026-03-01,27.8,17.989244816364913,36.81419864758694,19.05022964477539,28.343862915039065,18.82495383122203,9.293633270263676
RO1_PRICE,Concreting Sand,12,2025-04-01,2026-04-01,29.0,17.503263590668386,36.299873563889776,19.028083419799803,28.38799514770508,18.79660997322139,15.479960250854475
RO1_PRICE,Concreting Sand,12,2025-05-01,2026-05-01,28.6,17.817737645423495,36.58508322156628,19.12613258361816,30.680500411987303,18.767345576142784,11.554367828369145
RO1_PRICE,Concreting Sand,12,2025-06-01,2026-06-01,28.6,17.43191391292467,36.17059721845055,19.12032661437988,30.68447341918945,18.738683305525882,11.564146804809571
RO1_PRICE,Granite,1,2024-07-01,2024-08-01,22.8,18.395169115416365,26.423976883917355,18.82431983947754,22.393308639526367,8.02880776850099,7.635902404785163
RO1_PRICE,Granite,1,2024-08-01,2024-09-01,22.5,18.32997988449963,26.344527751512096,19.27021598815918,23.956541061401367,8.014547867012467,4.6863250732421875
RO1_PRICE,Granite,1,2024-09-01,2024-10-01,22.4,18.259588836239644,26.25981066989837,19.29394149780273,23.0296688079834,8.000221833658728,3.7357273101806676
RO1_PRICE,Granite,1,2024-10-01,2024-11-01,22.4,18.18479404656611,26.17079893612396,19.29851531982422,22.883180618286133,7.986004889557847,3.584665298461914
RO1_PRICE,Granite,1,2024-11-01,2024-12-01,22.6,18.04420510591129,26.016116493719448,19.2316837310791,22.719457626342773,7.971911387808159,3.487773895263672
RO1_PRICE,Granite,1,2024-12-01,2025-01-01,22.6,18.409942843172256,26.36825353402016,19.274333953857425,22.74361801147461,7.958310690847902,3.469284057617184
RO1_PRICE,Granite,1,2025-01-01,2025-02-01,22.2,18.436683575458023,26.377188142417317,19.32519149780273,23.30193901062012,7.940504566959294,3.97674751281739
RO1_PRICE,Granite,1,2025-02-01,2025-03-01,22.3,19.89752023693768,27.823915103133977,19.321941375732425,23.12476921081543,7.926394866196297,3.8028278350830043
RO1_PRICE,Granite,1,2025-03-01,2025-04-01,22.2,18.1395810483699,26.055266957633812,19.265151977539062,22.87569999694824,7.91568590926391,3.610548019409176
RO1_PRICE,Granite,1,2025-04-01,2025-05-01,22.0,17.56192370928207,25.46365930855493,19.29869079589844,22.786582946777344,7.901735599272861,3.4878921508789027
RO1_PRICE,Granite,1,2025-05-01,2025-06-01,22.0,17.716878206028717,25.605107803923225,19.174728393554688,22.730085372924805,7.888229597894508,3.555356979370117
RO1_PRICE,Granite,1,2025-06-01,2025-07-01,21.7,17.86995801536496,25.744666734374068,18.799131393432617,22.62884330749512,7.8747087190091065,3.8297119140625036
RO1_PRICE,Granite,1,2025-07-01,2025-08-01,21.7,17.74775453135186,25.608775061467057,19.04521751403809,22.704710006713867,7.861020530115198,3.6594924926757777
RO1_PRICE,Granite,1,2025-08-01,2025-09-01,21.7,17.789222457148476,25.6366706214031,18.68344497680664,22.46274375915528,7.847448164254622,3.77929878234864
RO1_PRICE,Granite,1,2025-09-01,2025-10-01,21.9,17.91656708901062,25.750556739564537,18.91185569763184,22.67967414855957,7.833989650553917,3.767818450927731
RO1_PRICE,Granite,1,2025-10-01,2025-11-01,22.3,18.050628702953613,25.87120184405009,18.992212295532227,22.66188240051269,7.820573141096478,3.669670104980465
RO1_PRICE,Granite,1,2025-11-01,2025-12-01,22.8,18.212586053056665,26.02002016237338,19.07148551940918,22.93819236755371,7.807434109316716,3.8667068481445312
RO1_PRICE,Granite,1,2025-12-01,2026-01-01,22.7,18.783796936544285,26.5786770397914,19.191749572753903,22.942352294921875,7.794880103247117,3.7506027221679723
RO1_PRICE,Granite,1,2026-01-01,2026-02-01,22.6,18.71089476078669,26.48910244149623,19.27597045898437,23.12468338012696,7.778207680709539,3.848712921142589
RO1_PRICE,Granite,1,2026-02-01,2026-03-01,23.8,20.34593835354216,28.11081832615749,19.28696632385254,22.895801544189453,7.764879972615329,12.65081977844239
RO1_PRICE,Granite,1,2026-03-01,2026-04-01,25.0,19.499056735270106,27.250949728175605,19.30890274047852,22.99460220336914,7.7518929929055,23.739677429199215
RO1_PRICE,Granite,1,2026-04-01,2026-05-01,24.5,19.951831951405037,27.694418631935847,19.33467102050781,24.87464141845703,7.74258668053081,5.539970397949222
RO1_PRICE,Granite,1,2026-05-01,2026-06-01,24.3,19.903975973709063,27.63420039834869,19.365966796875,25.19745445251465,7.730224424639626,5.831487655639648
RO1_PRICE,Granite,3,2024-07-01,2024-10-01,22.4,16.26671848450809,27.524139344597337,18.415197372436523,22.08124732971192,11.257420860089248,6.853576660156172
RO1_PRICE,Granite,3,2024-08-01,2024-11-01,22.4,16.350712480262438,27.589660719741502,18.80204200744629,23.182540893554688,11.238948239479065,4.380498886108398
RO1_PRICE,Granite,3,2024-09-01,2024-12-01,22.6,16.1634505882492,27.382692127709536,18.81424331665039,22.89686584472656,11.219241539460334,4.082622528076168
RO1_PRICE,Granite,3,2024-10-01,2025-01-01,22.6,16.213744171795895,27.413280210109605,18.723722457885746,22.741992950439453,11.19953603831371,4.018270492553707
RO1_PRICE,Granite,3,2024-11-01,2025-02-01,22.2,16.306231874207867,27.484889578061114,18.70288848876953,22.213319778442383,11.178657703853247,3.5104312896728516
RO1_PRICE,Granite,3,2024-12-01,2025-03-01,22.3,18.31168137037228,29.47184119387576,18.765430450439453,22.321720123291016,11.16015982350348,3.5562896728515625
RO1_PRICE,Granite,3,2025-01-01,2025-04-01,22.2,17.859660494961297,29.000875568571,18.65990829467773,23.049285888671875,11.141215073609704,4.389377593994144
RO1_PRICE,Granite,3,2025-02-01,2025-05-01,22.0,16.829607322871087,27.950101862698684,18.6510066986084,22.975818634033203,11.120494539827597,4.324811935424805
RO1_PRICE,Granite,3,2025-03-01,2025-06-01,22.0,15.67003267966512,26.774428419433896,18.217214584350582,22.2595443725586,11.104395739768776,4.0423297882080185
RO1_PRICE,Granite,3,2025-04-01,2025-07-01,21.7,15.705739032883416,26.789876454230622,18.69175338745117,22.49519729614257,11.084137421347206,3.8034439086914027
RO1_PRICE,Granite,3,2025-05-01,2025-08-01,21.7,16.021994323438413,27.085929100995536,18.509971618652344,22.449602127075195,11.063934777557122,3.9396305084228516
RO1_PRICE,Granite,3,2025-06-01,2025-09-01,21.7,16.239671723770293,27.284109308691114,18.366300582885746,22.347309112548828,11.044437584920821,3.9810085296630824
RO1_PRICE,Granite,3,2025-07-01,2025-10-01,21.9,16.318240060878157,27.34304212523946,18.410663604736328,22.433900833129883,11.024802064361303,4.023237228393555
RO1_PRICE,Granite,3,2025-08-01,2025-11-01,22.3,16.414902267220718,27.420636926218904,17.994714736938477,22.21603202819824,11.005734658998186,5.060997009277383
RO1_PRICE,Granite,3,2025-09-01,2025-12-01,22.8,16.32092128035938,27.307581823501398,18.22513771057129,22.419055938720703,10.986660543142019,8.00335884094239
RO1_PRICE,Granite,3,2025-10-01,2026-01-01,22.7,16.463041851649063,27.430780848256067,18.23682975769043,22.43196678161621,10.967738996607004,6.875469207763665
RO1_PRICE,Granite,3,2025-11-01,2026-02-01,22.6,16.69412682308881,27.642041079402865,18.75438117980957,22.98863220214844,10.947914256314057,4.234251022338871
RO1_PRICE,Granite,3,2025-12-01,2026-03-01,23.8,18.75195026463749,29.682231973146965,18.855636596679688,23.061235427856445,10.930281708509476,11.593244552612312
RO1_PRICE,Granite,3,2026-01-01,2026-04-01,25.0,18.24982225671416,29.161785056020804,18.92985343933105,23.03644752502441,10.911962799306643,23.742118835449254
RO1_PRICE,Granite,3,2026-02-01,2026-05-01,24.5,17.384858168204442,28.27762250991537,18.932334899902344,22.892213821411133,10.89276434171093,20.03774070739746
RO1_PRICE,Granite,3,2026-03-01,2026-06-01,24.3,16.81676695890173,27.69068186875281,19.00424575805664,22.909257888793945,10.87391490985108,17.81243324279786
RO1_PRICE,Granite,6,2024-07-01,2025-01-01,22.6,15.165253232420357,27.90262911600861,18.33313751220703,22.80132293701172,12.737375883588255,4.4681854248046875
RO1_PRICE,Granite,6,2024-08-01,2025-02-01,22.2,15.308341721480566,28.026192064240107,18.368310928344727,22.993438720703125,12.71785034275954,4.625127792358398
RO1_PRICE,Granite,6,2024-09-01,2025-03-01,22.3,17.11515219144149,29.8116413221374,18.20660972595215,22.9998779296875,12.696489130695912,4.793268203735352
RO1_PRICE,Granite,6,2024-10-01,2025-04-01,22.2,16.667503710279284,29.342485945672955,18.21647453308105,22.89240264892578,12.67498223539367,4.67592811584473
RO1_PRICE,Granite,6,2024-11-01,2025-05-01,22.0,15.870725957324655,28.524367974564612,18.115211486816406,22.78449249267578,12.653642017239957,4.669281005859375
RO1_PRICE,Granite,6,2024-12-01,2025-06-01,22.0,15.696711564272793,28.33080852810154,17.76006507873535,22.845064163208008,12.634096963828746,5.084999084472656
RO1_PRICE,Granite,6,2025-01-01,2025-07-01,21.7,15.623694661439902,28.23642507774608,17.616470336914062,22.770177841186523,12.612730416306178,5.153707504272461
RO1_PRICE,Granite,6,2025-02-01,2025-08-01,21.7,15.544389792801176,28.13247241473318,17.610990524291992,22.772254943847656,12.588082621932003,5.161264419555664
RO1_PRICE,Granite,6,2025-03-01,2025-09-01,21.7,15.068348326071252,27.63493375216955,17.094266891479492,22.729705810546875,12.5665854260983,5.635438919067383
RO1_PRICE,Granite,6,2025-04-01,2025-10-01,21.9,15.293572387699534,27.836664869811536,17.585731506347656,22.77069091796875,12.543092482112002,5.184959411621094
RO1_PRICE,Granite,6,2025-05-01,2025-11-01,22.3,15.56941867401605,28.08912007526633,17.591917037963867,22.74332618713379,12.519701401250279,5.151409149169922
RO1_PRICE,Granite,6,2025-06-01,2025-12-01,22.8,15.602438155390033,28.099857500928188,17.193408966064453,22.70892333984375,12.497419345538155,6.426280975341804
RO1_PRICE,Granite,6,2025-07-01,2026-01-01,22.7,15.674776956786378,28.149545023652426,17.75910758972168,22.65180015563965,12.474768066866048,5.374691009521477
RO1_PRICE,Granite,6,2025-08-01,2026-02-01,22.6,15.750212533488972,28.203132997504056,17.210195541381836,22.74476432800293,12.452920464015085,5.534568786621094
RO1_PRICE,Granite,6,2025-09-01,2026-03-01,23.8,17.495333575247997,29.926876097390213,17.91599464416504,22.62574577331543,12.431542522142216,16.4522933959961
RO1_PRICE,Granite,6,2025-10-01,2026-04-01,25.0,17.082605574130504,29.49320290762256,18.003623962402344,22.61787223815918,12.410597333492056,28.43552589416504
RO1_PRICE,Granite,6,2025-11-01,2026-05-01,24.5,16.381011573749937,28.77100843935594,18.11563873291016,22.67938041687012,12.389996865606001,22.769937515258754
RO1_PRICE,Granite,6,2025-12-01,2026-06-01,24.3,16.2756056196153,28.64631736198767,18.246171951293945,22.86417961120605,12.370711742372372,18.9762115478516
RO1_PRICE,Granite,12,2024-07-01,2025-07-01,21.7,14.530158111100697,28.381521404846097,16.970495986938477,22.605651092529296,13.8513632937454,5.635155105590819
RO1_PRICE,Granite,12,2024-08-01,2025-08-01,21.7,14.635727622387977,28.46645125900107,17.008736419677735,22.97070808410644,13.830723636613092,5.961971664428706
RO1_PRICE,Granite,12,2024-09-01,2025-09-01,21.7,14.719589852552588,28.52600761839352,17.025223541259766,23.000949096679687,13.806417765840933,5.9757255554199205
RO1_PRICE,Granite,12,2024-10-01,2025-10-01,21.9,14.909580890816676,28.691469270784825,17.052450942993165,22.89017219543457,13.78188837996815,5.837721252441405
RO1_PRICE,Granite,12,2024-11-01,2025-11-01,22.3,15.0583037216683,28.816410297808623,17.056423950195313,22.63516540527344,13.758106576140323,5.578741455078127
RO1_PRICE,Granite,12,2024-12-01,2025-12-01,22.8,15.11608148296554,28.854154656034343,16.423477935791016,21.957804870605468,13.738073173068802,13.956278228759778
RO1_PRICE,Granite,12,2025-01-01,2026-01-01,22.7,15.279577934288818,28.994366420245896,16.446263122558594,21.79452056884765,13.714788485957078,14.403051757812563
RO1_PRICE,Granite,12,2025-02-01,2026-02-01,22.6,15.299374804041664,28.9878855364014,16.18179397583008,21.811526489257812,13.688510732359736,13.51446762084963
RO1_PRICE,Granite,12,2025-03-01,2026-03-01,23.8,16.67126759666069,30.33082547664165,16.127699661254884,21.83571929931641,13.659557879980959,25.35082664489744
RO1_PRICE,Granite,12,2025-04-01,2026-04-01,25.0,16.269297824434908,29.9042572171544,16.506424713134766,21.86028022766113,13.634959392719491,36.75105323791507
RO1_PRICE,Granite,12,2025-05-01,2026-05-01,24.5,15.583714808958828,29.194751148961263,16.09080581665039,21.782279205322265,13.611036340002435,32.868681335449224
RO1_PRICE,Granite,12,2025-06-01,2026-06-01,24.3,15.35333527399851,28.940794970551963,16.141861724853516,21.833493423461917,13.587459696553452,30.35669746398924
RO1_PRICE,Ready Mixed Concrete,1,2024-07-01,2024-08-01,119.9,112.83209181655016,127.92417564436197,111.21694641113282,120.9845916748047,15.092083827811805,9.76764526367188
RO1_PRICE,Ready Mixed Concrete,1,2024-08-01,2024-09-01,120.5,112.24449501908964,127.31216672291876,111.43680267333984,121.00326080322266,15.06767170382912,9.566458129882818
RO1_PRICE,Ready Mixed Concrete,1,2024-09-01,2024-10-01,120.3,112.856837316217,127.90021670348906,111.53098754882812,120.92322845458986,15.043379387272068,9.392240905761739
RO1_PRICE,Ready Mixed Concrete,1,2024-10-01,2024-11-01,120.3,112.66924004939855,127.68820822768612,111.7896240234375,121.01827545166016,15.018968178287565,9.228651428222662
RO1_PRICE,Ready Mixed Concrete,1,2024-11-01,2024-12-01,120.5,112.68159756052482,127.6762435071792,112.02733306884768,120.99924774169922,14.994645946654373,8.97191467285154
RO1_PRICE,Ready Mixed Concrete,1,2024-12-01,2025-01-01,119.9,112.8938801797633,127.86435129804266,112.2189453125,121.19687957763672,14.970471118279363,8.977934265136724
RO1_PRICE,Ready Mixed Concrete,1,2025-01-01,2025-02-01,119.2,112.3059833029585,127.25263290880764,112.40142517089842,121.18288726806642,14.946649605849146,8.781462097168003
RO1_PRICE,Ready Mixed Concrete,1,2025-02-01,2025-03-01,119.6,111.61797921574048,126.54101830166,112.38881378173828,121.12771911621094,14.923039085919527,8.738905334472662
RO1_PRICE,Ready Mixed Concrete,1,2025-03-01,2025-04-01,119.9,112.03004083858092,126.92934003792276,112.51642303466797,121.03500671386718,14.89929919934184,8.51858367919921
RO1_PRICE,Ready Mixed Concrete,1,2025-04-01,2025-05-01,120.0,112.34207088525363,127.21769238186609,112.71168212890623,121.0359603881836,14.875621496612453,8.324278259277364
RO1_PRICE,Ready Mixed Concrete,1,2025-05-01,2025-06-01,120.4,112.45407340535064,127.30607138035673,112.82080535888672,121.0694076538086,14.851997975006086,8.24860229492188
RO1_PRICE,Ready Mixed Concrete,1,2025-06-01,2025-07-01,119.8,112.86596300037202,127.69455969981644,112.98988037109376,121.10008544921877,14.828596699444418,8.110205078125006
RO1_PRICE,Ready Mixed Concrete,1,2025-07-01,2025-08-01,120.4,112.277721812164,127.0831746835503,113.00096588134768,121.08744354248049,14.805452871386294,8.086477661132804
RO1_PRICE,Ready Mixed Concrete,1,2025-08-01,2025-09-01,120.7,112.8894248730898,127.67184358152744,113.14481048583984,121.04884643554688,14.782418708437646,7.904035949707037
RO1_PRICE,Ready Mixed Concrete,1,2025-09-01,2025-10-01,120.6,113.20117280301704,127.96046908070448,113.27916412353514,121.21251983642578,14.75929627768744,7.933355712890645
RO1_PRICE,Ready Mixed Concrete,1,2025-10-01,2025-11-01,124.9,113.112895191992,127.84911931192065,113.43162994384768,121.22571105957032,14.73622411992865,44.53697052001954
RO1_PRICE,Ready Mixed Concrete,1,2025-11-01,2025-12-01,129.5,117.4177339821722,132.1444341987282,113.56347351074218,121.24320526123049,14.726700216555997,90.24767913818344
RO1_PRICE,Ready Mixed Concrete,1,2025-12-01,2026-01-01,128.6,122.0215622110442,136.74072764533764,116.65071563720704,124.89906616210938,14.719165434293444,45.2576889038085
RO1_PRICE,Ready Mixed Concrete,1,2026-01-01,2026-02-01,130.0,121.13284986736436,135.8297989403503,116.98291473388672,128.63136596679686,14.69694907298593,25.33479156494151
RO1_PRICE,Ready Mixed Concrete,1,2026-02-01,2026-03-01,143.0,122.5436623667464,137.21933006017454,117.25142364501951,128.92169494628905,72.48236709168272,152.45332183837903
RO1_PRICE,Ready Mixed Concrete,1,2026-03-01,2026-04-01,145.6,135.4934363808294,150.26795922010388,117.81178741455078,130.32664794921874,14.774522839274482,165.2483810424805
RO1_PRICE,Ready Mixed Concrete,1,2026-04-01,2026-05-01,144.4,138.10250459408806,152.85917955455707,118.49129943847656,134.04120178222655,14.756674960469013,119.13788452148454
RO1_PRICE,Ready Mixed Concrete,1,2026-05-01,2026-06-01,143.3,136.91345566431613,151.64857668706026,118.96061401367186,137.75230712890624,14.735121022744124,74.26862182617211
RO1_PRICE,Ready Mixed Concrete,3,2024-07-01,2024-10-01,120.3,108.01932483734278,133.47836192860254,107.97208404541016,121.84906768798828,25.45903709125976,13.876983642578125
RO1_PRICE,Ready Mixed Concrete,3,2024-08-01,2024-11-01,120.3,107.43951290680566,132.85736886118315,108.07108306884766,121.82364654541016,25.417855954377487,13.7525634765625
RO1_PRICE,Ready Mixed Concrete,3,2024-09-01,2024-12-01,120.5,108.05960186505074,133.43647878728697,108.07132720947266,122.49364471435548,25.376876922236235,14.422317504882827
RO1_PRICE,Ready Mixed Concrete,3,2024-10-01,2025-01-01,119.9,107.87978917336874,133.21548650224534,108.22592926025392,121.4793701171875,25.335697328876606,13.25344085693358
RO1_PRICE,Ready Mixed Concrete,3,2024-11-01,2025-02-01,119.2,107.89990288533517,133.19457071793036,108.44527435302734,121.50972747802734,25.294667832595195,13.064453125
RO1_PRICE,Ready Mixed Concrete,3,2024-12-01,2025-03-01,119.6,108.1198946994773,133.37378169230936,108.6750030517578,121.48464965820312,25.253886992832065,12.809646606445327
RO1_PRICE,Ready Mixed Concrete,3,2025-01-01,2025-04-01,119.9,107.5395943474286,132.75329651386753,108.81902313232422,121.85646057128906,25.21370216643892,13.037437438964844
RO1_PRICE,Ready Mixed Concrete,3,2025-02-01,2025-05-01,120.0,106.85911950083604,132.0329927669395,108.83082580566406,121.80049896240234,25.173873266103442,12.969673156738281
RO1_PRICE,Ready Mixed Concrete,3,2025-03-01,2025-06-01,120.4,107.27875161848122,132.4125777539287,109.03857421875,121.88282012939452,25.133826135447478,12.844245910644517
RO1_PRICE,Ready Mixed Concrete,3,2025-04-01,2025-07-01,119.8,107.59833232993552,132.6922162334884,109.14962005615234,121.98825073242188,25.093883903552893,12.838630676269531
RO1_PRICE,Ready Mixed Concrete,3,2025-05-01,2025-08-01,120.4,107.71786823680782,132.77190130732365,109.38157653808594,122.09793090820312,25.05403307051583,12.716354370117188
RO1_PRICE,Ready Mixed Concrete,3,2025-06-01,2025-09-01,120.7,108.1372203457921,133.15177749308197,109.520263671875,122.2461929321289,25.014557147289864,12.725929260253906
RO1_PRICE,Ready Mixed Concrete,3,2025-07-01,2025-10-01,120.6,107.55635957321928,132.5318750889036,109.76033020019533,122.21698760986328,24.97551551568432,12.456657409667955
RO1_PRICE,Ready Mixed Concrete,3,2025-08-01,2025-11-01,124.9,108.17540807829302,133.11206695790457,109.90381622314452,122.40152740478516,24.936658879611556,37.482437133789134
RO1_PRICE,Ready Mixed Concrete,3,2025-09-01,2025-12-01,129.5,108.49452960039368,133.39218294380328,109.98618316650392,122.54346466064452,24.8976533434096,82.12263488769543
RO1_PRICE,Ready Mixed Concrete,3,2025-10-01,2026-01-01,128.6,108.4136095498134,133.2723421631993,110.15756988525392,122.59149169921876,24.85873261338591,72.51900482177714
RO1_PRICE,Ready Mixed Concrete,3,2025-11-01,2026-02-01,130.0,112.72148545058673,137.56415206460605,110.30518341064452,122.69590759277344,24.842666614019322,85.43164825439455
RO1_PRICE,Ready Mixed Concrete,3,2025-12-01,2026-03-01,143.0,117.32771647231898,142.15767256184847,111.18936920166016,123.62800598144533,33.25323047104477,206.15857696533192
RO1_PRICE,Ready Mixed Concrete,3,2026-01-01,2026-04-01,145.6,116.44608878118407,141.23856779511462,113.48506927490234,126.8849639892578,68.4068010627843,200.5502548217774
RO1_PRICE,Ready Mixed Concrete,3,2026-02-01,2026-05-01,144.4,117.86368777353658,142.62026694502683,113.70905303955078,127.5468978881836,42.55390972122203,182.36886596679693
RO1_PRICE,Ready Mixed Concrete,3,2026-03-01,2026-06-01,143.3,130.7819375271476,155.70527675997045,114.64940643310548,127.77792358398436,24.923339232822855,168.34928131103538
RO1_PRICE,Ready Mixed Concrete,6,2024-07-01,2025-01-01,119.9,102.8207899154229,137.78701347922436,102.15288391113285,122.9979034423828,34.96622356380145,20.84501953124996
RO1_PRICE,Ready Mixed Concrete,6,2024-08-01,2025-02-01,119.2,102.24938684879685,137.15905097424735,102.5091537475586,122.98624572753906,34.909664125450504,20.477091979980457
RO1_PRICE,Ready Mixed Concrete,6,2024-09-01,2025-03-01,119.6,102.87784340275614,137.7312256667151,102.69611206054688,123.6716857910156,34.85338226395895,20.975573730468724
RO1_PRICE,Ready Mixed Concrete,6,2024-10-01,2025-04-01,119.9,102.70643925981004,137.50326420533938,103.01341857910155,122.828759765625,34.79682494552934,19.81534118652344
RO1_PRICE,Ready Mixed Concrete,6,2024-11-01,2025-05-01,120.0,102.73493087187072,137.47540464690837,103.09725036621094,122.8906494140625,34.74047377503766,19.79339904785155
RO1_PRICE,Ready Mixed Concrete,6,2024-12-01,2025-06-01,120.4,102.96324981240396,137.64771392944996,103.1953338623047,122.9918685913086,34.684464117046005,19.79653472900391
RO1_PRICE,Ready Mixed Concrete,6,2025-01-01,2025-07-01,119.8,102.3911548855089,137.0204279276333,103.47550048828128,123.3792510986328,34.62927304212441,19.903750610351523
RO1_PRICE,Ready Mixed Concrete,6,2025-02-01,2025-08-01,120.4,101.71881278677138,136.2933835937548,103.77715911865236,123.22718963623043,34.57457080698343,19.45003051757807
RO1_PRICE,Ready Mixed Concrete,6,2025-03-01,2025-09-01,120.7,102.14662221318484,136.66619106080162,103.60717620849611,123.56269226074215,34.51956884761678,19.95551605224604
RO1_PRICE,Ready Mixed Concrete,6,2025-04-01,2025-10-01,120.6,102.47435881390624,136.93906977333754,104.19246520996094,137.90105590820312,34.4647109594313,33.708590698242176
RO1_PRICE,Ready Mixed Concrete,6,2025-05-01,2025-11-01,124.9,102.60203194711856,137.01201054836275,104.4992431640625,138.96581420898437,34.40997860124419,34.466571044921864
RO1_PRICE,Ready Mixed Concrete,6,2025-06-01,2025-12-01,129.5,103.02944472881128,137.38520588451902,104.75377502441408,139.25850830078124,34.35576115570774,34.50473327636716
RO1_PRICE,Ready Mixed Concrete,6,2025-07-01,2026-01-01,128.6,102.45655595001745,136.75869612964024,105.02256622314457,139.42757568359374,34.302140179622796,34.40500946044918
RO1_PRICE,Ready Mixed Concrete,6,2025-08-01,2026-02-01,130.0,103.08353867423892,137.3323119563241,104.88486328125,139.54801330566406,34.24877328208518,34.66315002441405
RO1_PRICE,Ready Mixed Concrete,6,2025-09-01,2026-03-01,143.0,103.41062481972136,137.60582670025764,105.02062072753908,139.33869323730468,88.1369348779599,70.93114013671878
RO1_PRICE,Ready Mixed Concrete,6,2025-10-01,2026-04-01,145.6,103.33765207576896,137.47939903016655,105.5198501586914,126.03600463867188,115.34775665273206,216.1561080932616
RO1_PRICE,Ready Mixed Concrete,6,2025-11-01,2026-05-01,144.4,107.648808527117,141.76848994448687,105.56028594970702,125.28038177490234,60.4347819725012,210.91627807617198
RO1_PRICE,Ready Mixed Concrete,6,2025-12-01,2026-06-01,143.3,112.2576349378736,146.35985933048124,105.7967056274414,124.78668365478516,34.10222439260764,204.12314147949223
RO1_PRICE,Ready Mixed Concrete,12,2024-07-01,2025-07-01,119.8,95.32285411887068,146.22727584391305,92.81091308593751,123.93328857421874,50.90442172504237,31.12237548828122
RO1_PRICE,Ready Mixed Concrete,12,2024-08-01,2025-08-01,120.4,94.76357930042876,145.58566083517016,93.33042144775392,123.88157653808592,50.8220815347414,30.551155090332003
RO1_PRICE,Ready Mixed Concrete,12,2024-09-01,2025-09-01,120.7,95.40410458074636,146.14425002628982,93.81520080566408,123.96965026855467,50.74014544554346,30.154449462890597
RO1_PRICE,Ready Mixed Concrete,12,2024-10-01,2025-10-01,120.6,95.24482823140184,145.90263657286198,94.30774688720705,124.07173919677732,50.65780834146014,29.76399230957027
RO1_PRICE,Ready Mixed Concrete,12,2024-11-01,2025-11-01,124.9,95.28540343200444,145.86117478304786,94.8565139770508,124.1190719604492,50.575771351043414,37.07183837890642
RO1_PRICE,Ready Mixed Concrete,12,2024-12-01,2025-12-01,129.5,95.52573272929928,146.01996426962,95.47377777099612,124.10784912109374,50.494231540320726,82.55558013916026
RO1_PRICE,Ready Mixed Concrete,12,2025-01-01,2026-01-01,128.6,94.96547262739035,145.37935606411503,95.13320159912112,124.24208068847656,50.413883436724674,72.68807220458976
RO1_PRICE,Ready Mixed Concrete,12,2025-02-01,2026-02-01,130.0,94.30486052992872,144.63910752430664,95.92111968994142,125.2573013305664,50.33424699437792,76.76316833496092
RO1_PRICE,Ready Mixed Concrete,12,2025-03-01,2026-03-01,143.0,94.744464228585,144.99863843700163,95.88291931152344,125.93202209472656,50.25417420841663,200.7288818359375
RO1_PRICE,Ready Mixed Concrete,12,2025-04-01,2026-04-01,145.6,95.08396420783647,145.2582753715624,100.01119995117188,127.64537048339844,53.591557448101824,207.18046569824213
RO1_PRICE,Ready Mixed Concrete,12,2025-05-01,2026-05-01,144.4,95.22337380172011,145.31800466945762,99.65483856201172,130.08365631103516,50.09463086773751,173.59225463867193
RO1_PRICE,Ready Mixed Concrete,12,2025-06-01,2026-06-01,143.3,95.66241262947254,145.67811281979766,101.51551055908205,131.6579132080078,50.01570019032512,146.56327056884777
RO1_PRICE,Steel Reinforcement Bars,1,2024-07-01,2024-08-01,786.2,761.5722569558159,843.678787709674,752.926025390625,826.3487548828125,82.10653075385812,73.4227294921875
RO1_PRICE,Steel Reinforcement Bars,1,2024-08-01,2024-09-01,771.9,721.5846701780239,803.5835465892054,752.7927856445312,823.3255615234375,81.99887641118153,70.53277587890625
RO1_PRICE,Steel Reinforcement Bars,1,2024-09-01,2024-10-01,753.6,718.7659133809574,800.6317248348936,749.2131958007812,821.921142578125,81.8658114539362,72.70794677734375
RO1_PRICE,Steel Reinforcement Bars,1,2024-10-01,2024-11-01,751.1,697.2360686332984,778.9623401439987,738.041015625,823.1509399414062,81.72627151070037,85.10992431640625
RO1_PRICE,Steel Reinforcement Bars,1,2024-11-01,2024-12-01,735.9,720.4218101397815,802.0280108563721,726.8609008789062,812.7142944335938,81.60620071659059,85.8533935546875
RO1_PRICE,Steel Reinforcement Bars,1,2024-12-01,2025-01-01,724.1,699.1201859849808,780.6736902556235,724.24462890625,798.676513671875,81.55350427064263,75.87817382812477
RO1_PRICE,Steel Reinforcement Bars,1,2025-01-01,2025-02-01,706.3,674.8004967278606,756.2466339303638,720.380126953125,795.8705444335938,81.44613720250322,216.2916870117192
RO1_PRICE,Steel Reinforcement Bars,1,2025-02-01,2025-03-01,701.3,657.0335983377079,738.2879306816792,706.4041137695312,768.79248046875,81.25433234397133,113.4295043945317
RO1_PRICE,Steel Reinforcement Bars,1,2025-03-01,2025-04-01,701.0,663.8274294288474,744.9437631133719,667.1273803710938,740.3170166015625,81.11633368452453,73.18963623046875
RO1_PRICE,Steel Reinforcement Bars,1,2025-04-01,2025-05-01,696.6,654.9570387323259,735.9343267524904,675.7461547851562,739.5628051757812,80.97728802016445,63.816650390625
RO1_PRICE,Steel Reinforcement Bars,1,2025-05-01,2025-06-01,688.6,645.2457208952035,726.0836830712408,677.0001831054688,738.8729858398438,80.83796217603731,61.872802734375
RO1_PRICE,Steel Reinforcement Bars,1,2025-06-01,2025-07-01,689.3,646.4761029394942,727.1762750862749,657.5577392578125,734.2523193359375,80.70017214678069,76.694580078125
RO1_PRICE,Steel Reinforcement Bars,1,2025-07-01,2025-08-01,681.5,653.2618276146773,733.8245350300431,654.0581665039062,728.9536743164062,80.56270741536582,74.8955078125
RO1_PRICE,Steel Reinforcement Bars,1,2025-08-01,2025-09-01,684.2,622.5662111132142,703.0114917956093,658.567138671875,729.6366577148438,80.44528068239515,71.06951904296875
RO1_PRICE,Steel Reinforcement Bars,1,2025-09-01,2025-10-01,678.0,642.4492388140076,722.821427358699,624.1380615234375,689.4522094726562,80.37218854469143,65.31414794921875
RO1_PRICE,Steel Reinforcement Bars,1,2025-10-01,2025-11-01,666.2,630.261122620081,710.5000082651287,662.1626586914062,726.8693237304688,80.23888564504773,64.7066650390625
RO1_PRICE,Steel Reinforcement Bars,1,2025-11-01,2025-12-01,660.3,628.8481205798873,708.9535516829408,612.522705078125,692.9617919921875,80.10543110305343,80.4390869140625
RO1_PRICE,Steel Reinforcement Bars,1,2025-12-01,2026-01-01,648.0,630.0801474870326,710.0609184761023,614.8668823242188,703.6591796875,79.9807709890697,88.79229736328125
RO1_PRICE,Steel Reinforcement Bars,1,2026-01-01,2026-02-01,637.1,598.4613336247917,678.3748034160037,625.6024780273438,689.8751831054688,79.91346979121204,64.272705078125
RO1_PRICE,Steel Reinforcement Bars,1,2026-02-01,2026-03-01,663.1,593.2842796534763,673.0117286912745,621.7238159179688,684.5840454101562,79.72744903779812,62.8602294921875
RO1_PRICE,Steel Reinforcement Bars,1,2026-03-01,2026-04-01,701.9,646.2789416325583,725.9945686292714,592.2802124023438,688.2649536132812,79.71562699671313,232.33520507812477
RO1_PRICE,Steel Reinforcement Bars,1,2026-04-01,2026-05-01,703.9,681.1413479406422,760.7583669325538,634.046630859375,751.306640625,79.61701899191166,117.260009765625
RO1_PRICE,Steel Reinforcement Bars,1,2026-05-01,2026-06-01,708.0,656.1860230475332,735.7107721984245,689.466064453125,791.0843505859375,79.52474915089124,101.6182861328125
RO1_PRICE,Steel Reinforcement Bars,3,2024-07-01,2024-10-01,753.6,662.2675211071664,893.6628985734874,728.0982055664062,810.6822509765625,231.39537746632095,82.58404541015625
RO1_PRICE,Steel Reinforcement Bars,3,2024-08-01,2024-11-01,751.1,613.5316174231917,844.6514722569628,729.9130249023438,810.3986206054688,231.11985483377111,80.485595703125
RO1_PRICE,Steel Reinforcement Bars,3,2024-09-01,2024-12-01,735.9,636.8876283390007,867.5530065465725,727.4457397460938,809.2661743164062,230.66537820757185,81.8204345703125
RO1_PRICE,Steel Reinforcement Bars,3,2024-10-01,2025-01-01,724.1,639.9859059761081,870.2446276651162,725.153564453125,822.5608520507812,230.2587216890081,107.94293212890602
RO1_PRICE,Steel Reinforcement Bars,3,2024-11-01,2025-02-01,706.3,678.5615330059319,908.4388100761012,721.6512451171875,822.5716552734375,229.87727707016927,254.43286132812545
RO1_PRICE,Steel Reinforcement Bars,3,2024-12-01,2025-03-01,701.3,630.516285459464,860.0818527523962,722.4486083984375,821.4884033203125,229.5655672929322,310.52587890625045
RO1_PRICE,Steel Reinforcement Bars,3,2025-01-01,2025-04-01,701.0,602.6091108464952,831.9899463054048,716.760009765625,806.5499267578125,229.3808354589096,247.3900146484375
RO1_PRICE,Steel Reinforcement Bars,3,2025-02-01,2025-05-01,696.6,579.0645017704146,808.0874896029964,698.2525634765625,798.3265991210938,229.02298783258175,116.59967041015602
RO1_PRICE,Steel Reinforcement Bars,3,2025-03-01,2025-06-01,688.6,576.3991298857644,805.0031824214158,633.4296264648438,770.9864501953125,228.60405253565136,137.55682373046875
RO1_PRICE,Steel Reinforcement Bars,3,2025-04-01,2025-07-01,689.3,565.4915205300682,793.7111654925067,631.814208984375,749.2819213867188,228.21964496243845,117.46771240234375
RO1_PRICE,Steel Reinforcement Bars,3,2025-05-01,2025-08-01,681.5,569.5193284346601,797.341375722948,635.0794067382812,753.7821044921875,227.82204728828788,118.70269775390625
RO1_PRICE,Steel Reinforcement Bars,3,2025-06-01,2025-09-01,684.2,563.92796989718,791.3587206153575,635.0235595703125,749.033447265625,227.43075071817748,114.0098876953125
RO1_PRICE,Steel Reinforcement Bars,3,2025-07-01,2025-10-01,678.0,558.397271785678,785.4422086240152,608.2554321289062,738.2803955078125,227.0449368383372,130.02496337890625
RO1_PRICE,Steel Reinforcement Bars,3,2025-08-01,2025-11-01,666.2,520.8243033425153,747.5245356970479,621.765380859375,776.3375854492188,226.70023235453255,154.57220458984375
RO1_PRICE,Steel Reinforcement Bars,3,2025-09-01,2025-12-01,660.3,572.1180454189143,798.493598687761,594.9802856445312,689.0842895507812,226.37555326884672,94.10400390625
RO1_PRICE,Steel Reinforcement Bars,3,2025-10-01,2026-01-01,648.0,579.8784905471144,805.837130514153,618.6778564453125,789.4011840820312,225.9586399670386,170.72332763671875
RO1_PRICE,Steel Reinforcement Bars,3,2025-11-01,2026-02-01,637.1,579.7560345097556,805.3400293810064,592.26904296875,693.9317016601562,225.58399487125075,101.66265869140625
RO1_PRICE,Steel Reinforcement Bars,3,2025-12-01,2026-03-01,663.1,567.9596706366603,793.1810592870493,590.306884765625,699.2339477539062,225.22138865038892,108.92706298828125
RO1_PRICE,Steel Reinforcement Bars,3,2026-01-01,2026-04-01,701.9,526.7310906570466,751.8026027436159,595.9224853515625,699.2755737304688,225.07151208656933,129.59735107421852
RO1_PRICE,Steel Reinforcement Bars,3,2026-02-01,2026-05-01,703.9,521.1412465382225,745.7774951764134,599.2565307617188,690.2666625976562,224.63624863819086,227.34350585937477
RO1_PRICE,Steel Reinforcement Bars,3,2026-03-01,2026-06-01,708.0,579.6569135745535,804.1343621214319,600.0791625976562,687.557373046875,224.47744854687835,291.90447998046875
RO1_PRICE,Steel Reinforcement Bars,6,2024-07-01,2025-01-01,724.1,580.688519509205,994.9281885190968,695.2329711914062,852.3877563476562,414.2396690098918,157.15478515625
RO1_PRICE,Steel Reinforcement Bars,6,2024-08-01,2025-02-01,706.3,548.2466856194319,961.9961257241794,695.2673950195312,856.0425415039062,413.74944010474746,160.775146484375
RO1_PRICE,Steel Reinforcement Bars,6,2024-09-01,2025-03-01,701.3,580.5113050336297,993.3638372063843,696.7640380859375,861.4597778320312,412.85253217275465,164.69573974609375
RO1_PRICE,Steel Reinforcement Bars,6,2024-10-01,2025-04-01,701.0,576.1428367234198,988.2903024487008,696.5181274414062,849.435791015625,412.147465725281,152.91766357421875
RO1_PRICE,Steel Reinforcement Bars,6,2024-11-01,2025-05-01,696.6,611.188231630566,1022.5662953095132,693.658447265625,847.5784912109375,411.3780636789472,153.9200439453125
RO1_PRICE,Steel Reinforcement Bars,6,2024-12-01,2025-06-01,688.6,539.2241874828428,950.043307159061,698.3587646484375,846.2250366210938,410.8191196762182,245.45391845703102
RO1_PRICE,Steel Reinforcement Bars,6,2025-01-01,2025-07-01,689.3,496.5249389282202,907.0835837774816,692.5847778320312,833.62939453125,410.55864484926144,173.8923950195317
RO1_PRICE,Steel Reinforcement Bars,6,2025-02-01,2025-08-01,681.5,474.747091725534,884.9229076562773,673.2578735351562,817.5499877929688,410.1758159307433,144.2921142578125
RO1_PRICE,Steel Reinforcement Bars,6,2025-03-01,2025-09-01,684.2,471.9842418659688,881.333442161145,602.2691040039062,794.1643676757812,409.34920029517616,191.895263671875
RO1_PRICE,Steel Reinforcement Bars,6,2025-04-01,2025-10-01,678.0,451.8392886920833,860.5536687883291,606.2630615234375,758.72314453125,408.7143800962458,152.4600830078125
RO1_PRICE,Steel Reinforcement Bars,6,2025-05-01,2025-11-01,666.2,444.3252460835705,852.3177329151638,609.0974731445312,757.0863037109375,407.9924868315933,147.98883056640625
RO1_PRICE,Steel Reinforcement Bars,6,2025-06-01,2025-12-01,660.3,455.7618687361155,863.0341859566622,602.7218627929688,755.017333984375,407.2723172205467,152.29547119140625
RO1_PRICE,Steel Reinforcement Bars,6,2025-07-01,2026-01-01,648.0,478.45853649754656,885.0341942482597,600.9037475585938,764.7310791015625,406.57565775071316,163.82733154296875
RO1_PRICE,Steel Reinforcement Bars,6,2025-08-01,2026-02-01,637.1,456.4596728210353,862.4089615341798,601.2125244140625,754.3853759765625,405.9492887131444,153.1728515625
RO1_PRICE,Steel Reinforcement Bars,6,2025-09-01,2026-03-01,663.1,519.4272298380669,924.733689075801,597.702880859375,736.94921875,405.3064592377341,139.246337890625
RO1_PRICE,Steel Reinforcement Bars,6,2025-10-01,2026-04-01,701.9,518.9662144367476,923.4970747043362,609.5977172851562,760.1609497070312,404.53086026758865,150.563232421875
RO1_PRICE,Steel Reinforcement Bars,6,2025-11-01,2026-05-01,703.9,509.96590906464127,913.7411787837244,604.0570678710938,740.7442016601562,403.77526971908316,136.6871337890625
RO1_PRICE,Steel Reinforcement Bars,6,2025-12-01,2026-06-01,708.0,480.6641902674273,883.7623553687979,601.460205078125,737.050048828125,403.0981651013706,135.58984375
RO1_PRICE,Steel Reinforcement Bars,12,2024-07-01,2025-07-01,689.3,473.9975938946559,1144.24602922788,665.7659912109375,840.077392578125,670.248435333224,174.3114013671875
RO1_PRICE,Steel Reinforcement Bars,12,2024-08-01,2025-08-01,681.5,433.64012193671806,1103.0391226932352,676.95654296875,841.2080688476562,669.3990007565171,164.25152587890625
RO1_PRICE,Steel Reinforcement Bars,12,2024-09-01,2025-09-01,684.2,447.319548727369,1115.167359021222,677.3358154296875,848.6073608398438,667.847810293853,171.27154541015625
RO1_PRICE,Steel Reinforcement Bars,12,2024-10-01,2025-10-01,678.0,420.3348607786679,1087.1486502141154,675.4462890625,835.3771362304688,666.8137894354475,159.93084716796875
RO1_PRICE,Steel Reinforcement Bars,12,2024-11-01,2025-11-01,666.2,444.8596436495586,1110.4255216433248,670.987060546875,835.263916015625,665.5658779937662,212.14746093749955
RO1_PRICE,Steel Reinforcement Bars,12,2024-12-01,2025-12-01,660.3,381.9363517020222,1046.7469229676817,657.0283813476562,841.3977661132812,664.8105712656595,184.369384765625
RO1_PRICE,Steel Reinforcement Bars,12,2025-01-01,2026-01-01,648.0,356.28934617305254,1020.7030947940756,646.5811157226562,850.0986328125,664.413748621023,203.51751708984375
RO1_PRICE,Steel Reinforcement Bars,12,2025-02-01,2026-02-01,637.1,340.47805446165665,1004.5792845788058,606.7007446289062,852.5005493164062,664.101230117149,245.7998046875
RO1_PRICE,Steel Reinforcement Bars,12,2025-03-01,2026-03-01,663.1,358.75862892777684,1021.405529877816,537.3936157226562,829.3958740234375,662.6469009500391,292.00225830078125
RO1_PRICE,Steel Reinforcement Bars,12,2025-04-01,2026-04-01,701.9,360.8181357298871,1022.5013740338584,537.5045776367188,808.4422607421875,661.6832383039713,270.93768310546875
RO1_PRICE,Steel Reinforcement Bars,12,2025-05-01,2026-05-01,703.9,365.7042949840423,1026.1758391769724,537.5768432617188,821.6434326171875,660.4715441929302,284.06658935546875
RO1_PRICE,Steel Reinforcement Bars,12,2025-06-01,2026-06-01,708.0,366.620640593614,1025.8599727083838,538.3352661132812,804.425048828125,659.2393321147698,266.08978271484375
RO1_DEMAND,Cement,1,2024-06-01,2024-07-01,412.14,303.63248407189195,487.37036630471016,304.0105712890625,444.1317016601563,183.7378822328182,140.12113037109378
RO1_DEMAND,Cement,1,2024-07-01,2024-08-01,399.41,315.0867578822952,498.52170739045226,288.2766235351562,440.3244506835938,183.43494950815705,152.0478271484376
RO1_DEMAND,Cement,1,2024-08-01,2024-09-01,337.8,298.12025468251016,481.24356328156233,301.5381591796875,439.299609375,183.12330859905217,137.76145019531248
RO1_DEMAND,Cement,1,2024-09-01,2024-10-01,410.73,299.1877884928752,482.1731910168327,295.39521484375,437.7973205566406,182.98540252395748,142.4021057128906
RO1_DEMAND,Cement,1,2024-10-01,2024-11-01,408.36,276.82474983492034,459.5181861838452,299.31788330078126,435.9307434082031,182.69343634892488,136.61286010742185
RO1_DEMAND,Cement,1,2024-11-01,2024-12-01,370.42,338.5498771025731,521.0184093071313,290.3908203125,437.66310424804686,182.4685322045582,147.27228393554685
RO1_DEMAND,Cement,1,2024-12-01,2025-01-01,314.17,297.90456606470434,480.29513501125183,273.69495849609376,433.1716796875,182.3905689465475,159.47672119140623
RO1_DEMAND,Cement,1,2025-01-01,2025-02-01,379.05,181.39304992813217,363.8343345992176,251.3286254882813,427.3665344238281,334.5979386789097,176.03790893554682
RO1_DEMAND,Cement,1,2025-02-01,2025-03-01,382.02,318.91806297641534,501.72407902595353,289.0525329589844,431.4766418457031,182.8060160495382,142.42410888671873
RO1_DEMAND,Cement,1,2025-03-01,2025-04-01,372.25,266.5885372601738,449.1365900991751,277.40400390625,424.7955810546875,182.54805283900134,147.39157714843748
RO1_DEMAND,Cement,1,2025-04-01,2025-05-01,356.5,265.8758663846848,448.1313253018728,282.6776550292969,421.8177062988281,182.25545891718798,139.14005126953123
RO1_DEMAND,Cement,1,2025-05-01,2025-06-01,454.02,266.09912263141774,448.0498051901543,275.5034912109375,426.83232421875,241.65263065719336,423.2055908203124
RO1_DEMAND,Cement,1,2025-06-01,2025-07-01,431.58,319.42907141276027,501.6293659366453,292.3474853515625,439.825732421875,182.20029452388502,147.47824707031248
RO1_DEMAND,Cement,1,2025-07-01,2025-08-01,427.22,331.3316044245835,513.2519495558687,286.15491943359376,440.52785034179686,181.92034513128522,154.3729309082031
RO1_DEMAND,Cement,1,2025-08-01,2025-09-01,414.73,315.7407013397534,497.35994599265166,302.1052673339844,451.0943176269531,181.61924465289826,148.98905029296873
RO1_DEMAND,Cement,1,2025-09-01,2025-10-01,553.71,335.15785410618,516.4798754475539,288.319775390625,460.8337280273437,553.623266865835,1101.2766723632822
RO1_DEMAND,Cement,1,2025-10-01,2025-11-01,373.57,342.6569346413812,524.6355185302873,262.7469604492188,490.0739318847656,181.9785838889061,227.3269714355468
RO1_DEMAND,Cement,1,2025-11-01,2025-12-01,628.44,373.0733018916742,554.9801473944027,335.9058349609375,528.8685180664063,916.505371558702,1188.6775024414064
RO1_DEMAND,Cement,1,2025-12-01,2026-01-01,455.63,391.0632415908418,574.2488573488386,332.1703308105469,555.3669311523438,183.18561575799674,223.1966003417969
RO1_DEMAND,Cement,1,2026-01-01,2026-02-01,396.88,293.21087037422694,476.145295979562,341.516552734375,540.1918212890625,182.93442560533504,198.67526855468753
RO1_DEMAND,Cement,1,2026-02-01,2026-03-01,444.92,401.3730238192621,584.0170088076242,360.6641052246094,508.66517944335936,182.6439849883621,148.00107421874998
RO1_DEMAND,Cement,1,2026-03-01,2026-04-01,420.73,344.7700938736427,527.260131214549,384.024609375,506.9579040527344,182.49003734090633,122.93329467773441
RO1_DEMAND,Cement,1,2026-04-01,2026-05-01,455.34,335.42399080886844,517.635944615069,321.88193969726564,536.2393676757813,182.21195380620054,214.35742797851566
RO1_DEMAND,Cement,3,2024-06-01,2024-09-01,337.8,293.6602413385833,490.057862028145,294.67939453125,463.38783569335936,196.39762068956168,168.70844116210935
RO1_DEMAND,Cement,3,2024-07-01,2024-10-01,410.73,313.49445070124915,509.5707316379446,264.55201416015626,438.5802795410156,196.07628093669547,174.02826538085935
RO1_DEMAND,Cement,3,2024-08-01,2024-11-01,408.36,283.6593435965248,479.3902005973466,302.1466491699219,437.4986145019531,195.7308570008218,135.35196533203123
RO1_DEMAND,Cement,3,2024-09-01,2024-12-01,370.42,320.2566958980136,515.8175991056174,240.72800903320308,447.5403015136719,195.56090320760381,206.81229248046884
RO1_DEMAND,Cement,3,2024-10-01,2025-01-01,314.17,301.4288929258849,496.609069345554,263.12302856445314,433.1796752929688,195.18017641966912,170.05664672851566
RO1_DEMAND,Cement,3,2024-11-01,2025-02-01,379.05,216.33984182074428,411.3291577769997,266.61826782226564,430.8539611816406,194.9893159562554,164.23569335937498
RO1_DEMAND,Cement,3,2024-12-01,2025-03-01,382.02,309.07513188167263,503.7561514104773,227.32119445800785,433.67384643554686,194.68101952880465,206.352651977539
RO1_DEMAND,Cement,3,2025-01-01,2025-04-01,372.25,244.09464338689745,439.0738805245383,213.2540710449219,439.157763671875,194.97923713764087,225.9036926269531
RO1_DEMAND,Cement,3,2025-02-01,2025-05-01,356.5,267.7466611547516,462.7361309588118,300.613232421875,434.5552551269531,194.9894698040602,133.9420227050781
RO1_DEMAND,Cement,3,2025-03-01,2025-06-01,454.02,260.7522742521033,455.4906238774203,269.91062622070314,429.2926818847656,194.73834962531703,406.65523681640616
RO1_DEMAND,Cement,3,2025-04-01,2025-07-01,431.58,292.39422004131046,486.69757968354526,271.06910400390626,438.9140197753906,194.3033596422348,167.84491577148435
RO1_DEMAND,Cement,3,2025-05-01,2025-08-01,427.22,298.56389038932343,492.52603282172805,264.41962890625,425.36525268554686,193.96214243240462,179.4930969238285
RO1_DEMAND,Cement,3,2025-06-01,2025-09-01,414.73,307.11587378647704,501.3737402048719,265.2684448242187,428.1795837402344,194.25786641839488,162.91113891601572
RO1_DEMAND,Cement,3,2025-07-01,2025-10-01,553.71,330.04653145143124,524.1487285040538,270.43723754882814,449.57078857421874,489.714912012085,1220.5256652832036
RO1_DEMAND,Cement,3,2025-08-01,2025-11-01,373.57,304.4546103212879,498.2404279873176,230.7329528808594,437.2354309082031,193.78581766602974,206.50247802734373
RO1_DEMAND,Cement,3,2025-09-01,2025-12-01,628.44,353.6737286941945,547.1504909769158,181.99078063964845,493.5615112304688,1006.3718525135641,1660.355618286133
RO1_DEMAND,Cement,3,2025-10-01,2026-01-01,455.63,362.4238928951515,556.8035759054646,165.96680908203126,434.775927734375,194.37968301031316,477.3498413085938
RO1_DEMAND,Cement,3,2025-11-01,2026-02-01,396.88,255.5414522614412,449.4566596757078,365.5978210449219,482.25099487304686,193.91520741426658,116.65317382812498
RO1_DEMAND,Cement,3,2025-12-01,2026-03-01,444.92,403.9878363215006,599.543478139927,359.7513549804688,488.95375366210936,195.55564181842635,129.20239868164055
RO1_DEMAND,Cement,3,2026-01-01,2026-04-01,420.73,352.5072414638034,547.7214737201272,365.8696105957032,541.606982421875,195.21423225632378,175.73737182617185
RO1_DEMAND,Cement,3,2026-02-01,2026-05-01,455.34,350.5733726829955,545.4806510280114,369.222119140625,590.7960083007813,194.90727834501587,221.57388916015628
RO1_DEMAND,Cement,6,2024-06-01,2024-12-01,370.42,324.0783908304117,531.6105390498561,278.75827758789063,458.01287109375,207.53214821944442,179.25459350585936
RO1_DEMAND,Cement,6,2024-07-01,2025-01-01,314.17,304.2903449528316,511.4778090337409,276.79465454101563,479.4858325195312,207.1874640809093,202.69117797851555
RO1_DEMAND,Cement,6,2024-08-01,2025-02-01,379.05,206.21527562100457,413.0633307821744,162.74549072265626,421.63954956054687,206.8480551611698,258.8940588378906
RO1_DEMAND,Cement,6,2024-09-01,2025-03-01,382.02,301.33796323768007,508.0193237037846,257.784736328125,419.5554736328125,206.68136046610454,161.7707373046875
RO1_DEMAND,Cement,6,2024-10-01,2025-04-01,372.25,262.04880859505334,468.3609357633907,195.56243103027344,409.16332275390624,206.31212716833738,213.6008917236328
RO1_DEMAND,Cement,6,2024-11-01,2025-05-01,356.5,268.2288094638014,474.3127320634813,167.2529217529297,421.15724975585937,206.0839225996799,253.90432800292967
RO1_DEMAND,Cement,6,2024-12-01,2025-06-01,454.02,252.898138252513,458.8391793319095,143.57723205566407,428.0158923339844,205.9410410793965,544.479736938476
RO1_DEMAND,Cement,6,2025-01-01,2025-07-01,431.58,260.48707284819176,466.5537370667468,146.20828979492188,434.6660693359375,206.06666421855505,288.4577795410156
RO1_DEMAND,Cement,6,2025-02-01,2025-08-01,427.22,295.1428537926136,500.48127540035625,284.0211865234375,416.9078295898437,205.33842160774265,236.0083471679696
RO1_DEMAND,Cement,6,2025-03-01,2025-09-01,414.73,270.79044040838414,475.8809487618285,215.40871398925785,434.631767578125,205.09050835344436,219.22305358886715
RO1_DEMAND,Cement,6,2025-04-01,2025-10-01,553.71,292.27967235790595,496.89229575561984,229.61518066406248,431.720634765625,772.7896658415159,1421.9991064453131
RO1_DEMAND,Cement,6,2025-05-01,2025-11-01,373.57,265.3790071593657,469.63150580889294,234.6497265625,428.4141162109375,204.25249864952724,193.7643896484375
RO1_DEMAND,Cement,6,2025-06-01,2025-12-01,628.44,337.64557563668654,542.2109486991843,236.77075927734376,428.7842333984375,1066.8558860706553,2188.5711401367194
RO1_DEMAND,Cement,6,2025-07-01,2026-01-01,455.63,317.6366793026233,522.178313284412,263.1901318359375,452.25798828125,204.54163398178866,222.7879736328125
RO1_DEMAND,Cement,6,2025-08-01,2026-02-01,396.88,228.72175670960883,432.9782907264773,108.90057342529298,450.47777587890624,204.2565340168685,341.57720245361327
RO1_DEMAND,Cement,6,2025-09-01,2026-03-01,444.92,335.67401997182554,539.6846915000506,234.76694458007813,487.8940051269531,204.01067152822503,253.127060546875
RO1_DEMAND,Cement,6,2025-10-01,2026-04-01,420.73,325.6758376165086,531.1791456255071,237.48310058593756,460.469658203125,205.5033080089985,222.98655761718743
RO1_DEMAND,Cement,6,2025-11-01,2026-05-01,455.34,304.6094399895898,508.81250349508383,329.5094677734375,525.3434680175781,204.20306350549401,195.83400024414055
RO1_DEMAND,Cement,12,2024-06-01,2025-06-01,454.02,247.12352137278847,488.0554915416468,290.42340087890625,455.872802734375,240.93197016885833,165.44940185546875
RO1_DEMAND,Cement,12,2024-07-01,2025-07-01,431.58,279.20835541294764,519.7537277205362,305.1890869140625,444.35784912109375,240.54537230758854,139.16876220703125
RO1_DEMAND,Cement,12,2024-08-01,2025-08-01,427.22,283.6907626385928,523.7743958594851,312.7308654785156,440.3558044433594,240.08363322089235,127.62493896484375
RO1_DEMAND,Cement,12,2024-09-01,2025-09-01,414.73,253.3989620772199,493.2045314342456,289.35693359375,435.3855895996094,239.80556935702572,146.02865600585938
RO1_DEMAND,Cement,12,2024-10-01,2025-10-01,553.71,276.22794745886654,515.3701349481319,298.48687744140625,435.8951416015625,622.5408380079471,1315.5568481445316
RO1_DEMAND,Cement,12,2024-11-01,2025-11-01,373.57,259.8880287843669,498.9385976671417,319.8499450683594,448.2020568847656,239.05056888277483,128.35211181640625
RO1_DEMAND,Cement,12,2024-12-01,2025-12-01,628.44,292.2721103167467,530.2973192221541,303.4767150878906,448.5780334472656,1219.452016683867,1943.7209838867193
RO1_DEMAND,Cement,12,2025-01-01,2026-01-01,455.63,246.1692272240525,485.26105551082026,251.54830932617188,414.7735290527344,239.09182828676776,571.7899291992187
RO1_DEMAND,Cement,12,2025-02-01,2026-02-01,396.88,185.9528075760964,422.1877627445954,250.91244506835932,440.0376281738281,236.23495516849897,189.1251831054688
RO1_DEMAND,Cement,12,2025-03-01,2026-03-01,444.92,283.7888166552773,519.7363274859191,317.0008850097656,446.4005126953125,235.94751083064182,129.39962768554688
RO1_DEMAND,Cement,12,2025-04-01,2026-04-01,420.73,244.33919015958,479.7197084371255,304.4315185546875,430.7717895507813,235.38051827754552,126.3402709960938
RO1_DEMAND,Cement,12,2025-05-01,2026-05-01,455.34,239.28022838400847,474.23454706307575,283.5807189941406,420.0419006347656,234.95431867906728,489.4421752929685
RO1_DEMAND,Granite,1,2024-06-01,2024-07-01,1951.4,1589.4511229253403,2069.588273833267,1602.7169850977662,1844.92293100542,480.13715090792675,1306.976635853455
RO1_DEMAND,Granite,1,2024-07-01,2024-08-01,1870.9,1615.8249502736824,2095.4120802459724,1602.270565095369,1979.157596418958,479.5871299722901,376.8870313235891
RO1_DEMAND,Granite,1,2024-08-01,2024-09-01,1821.8,1651.852032531277,2130.6374528664364,1610.6391224974718,1875.088265436496,478.7854203351594,264.4491429390241
RO1_DEMAND,Granite,1,2024-09-01,2024-10-01,1803.3,1649.0772178269792,2127.140496501997,1562.0547266943463,2001.567506029809,478.0632786750177,439.5127793354627
RO1_DEMAND,Granite,1,2024-10-01,2024-11-01,1706.4,1483.2936169119846,1961.2882672946976,1602.9825428208735,1896.112320376194,477.99465038271296,293.1297775553205
RO1_DEMAND,Granite,1,2024-11-01,2024-12-01,1760.4,1486.0408187774449,1962.7360712923432,1562.3731399468822,1957.442436376789,476.69525251489836,395.0692964299067
RO1_DEMAND,Granite,1,2024-12-01,2025-01-01,1589.2,1440.6185807230709,1916.474903226067,1392.0645254177248,1829.088225323088,475.85632250299614,437.0236999053632
RO1_DEMAND,Granite,1,2025-01-01,2025-02-01,1672.6,1198.9769233966242,1674.2441033043851,1317.205754202031,1760.259144139132,475.2671799077609,443.0533899371012
RO1_DEMAND,Granite,1,2025-02-01,2025-03-01,1925.7,1677.1090338904648,2153.3724212979214,1397.585625475965,1919.7937147402035,476.26338740745655,581.2709418622037
RO1_DEMAND,Granite,1,2025-03-01,2025-04-01,1668.0,1600.9288698286118,2076.4010732644824,1341.1572195143683,1763.3880902785545,475.4722034358706,422.2308707641862
RO1_DEMAND,Granite,1,2025-04-01,2025-05-01,1863.3,1447.0043843470944,1922.2907327619043,1418.9631665225568,1888.7924436236408,475.28634841480994,469.829277101084
RO1_DEMAND,Granite,1,2025-05-01,2025-06-01,1765.6,1584.4191466788209,2059.167777158388,1509.1687610013057,1902.1885238409027,474.7486304795673,393.019762839597
RO1_DEMAND,Granite,1,2025-06-01,2025-07-01,2113.3,1647.9646817786572,2122.035327864677,1550.9079022771436,1875.215320116592,474.0706460860199,2705.15421667353
RO1_DEMAND,Granite,1,2025-07-01,2025-08-01,2098.6,1756.8205984150622,2231.225447979972,1532.022375018922,1984.0178947190927,474.4048495649099,1597.8165725092424
RO1_DEMAND,Granite,1,2025-08-01,2025-09-01,2107.6,1859.746946184527,2333.5835661854894,1579.124527779018,1989.4795838926168,473.8366200009625,1591.5592171874298
RO1_DEMAND,Granite,1,2025-09-01,2025-10-01,2147.9,1917.9124590522424,2391.00892234714,1780.0537236076534,2101.304035608732,473.0964632948976,787.2099559137578
RO1_DEMAND,Granite,1,2025-10-01,2025-11-01,2010.2,1820.0900967423945,2292.4259648259463,1644.8745809119189,2102.451754683284,472.33586808355176,457.5771737713651
RO1_DEMAND,Granite,1,2025-11-01,2025-12-01,2282.5,1796.1220126267217,2267.6697552208466,1686.0245413923735,2051.714377290557,619.8501903856591,2673.5460629926138
RO1_DEMAND,Granite,1,2025-12-01,2026-01-01,2383.6,1918.4211064415772,2390.652500985715,1550.558683861443,1957.7805766664449,472.23139454413786,4665.416126140553
RO1_DEMAND,Granite,1,2026-01-01,2026-02-01,1726.7,1945.1129939999892,2417.7604151415494,1554.08918803808,2010.151696765306,2656.7773611414514,456.06250872722603
RO1_DEMAND,Granite,1,2026-02-01,2026-03-01,1890.0,1860.3996713843417,2336.9359036024894,1688.2281931570562,2071.1349614647347,476.5362322181477,382.9067683076785
RO1_DEMAND,Granite,1,2026-03-01,2026-04-01,2102.3,1599.565378885812,2076.355197394832,1493.6235582259735,1976.5687202546976,736.2378445607021,1740.2579594817498
RO1_DEMAND,Granite,1,2026-04-01,2026-05-01,2054.7,1803.5288477702863,2281.092466429123,1482.1946224995525,1943.632605618461,477.5636186588365,1572.1119269342971
RO1_DEMAND,Granite,3,2024-06-01,2024-09-01,1821.8,1431.1599388522952,2149.572117757033,1584.1285368692727,1844.9343557428413,718.4121789047379,260.80581887356857
RO1_DEMAND,Granite,3,2024-07-01,2024-10-01,1803.3,1585.6278883971788,2302.7875513711247,1628.6974421176888,1896.995809953061,717.1596629739458,268.29836783537235
RO1_DEMAND,Granite,3,2024-08-01,2024-11-01,1706.4,1510.073281620501,2226.186141044974,1434.6965281524683,1864.257600077401,716.1128594244733,429.5610719249328
RO1_DEMAND,Granite,3,2024-09-01,2024-12-01,1760.4,1465.5342384331416,2180.353921624232,1619.9072127234751,1974.8245535501303,714.8196831910905,354.91734082665516
RO1_DEMAND,Granite,3,2024-10-01,2025-01-01,1589.2,1313.9673321418113,2031.6278381524985,1400.3479831979062,1801.9009804865768,717.6605060106872,401.55299728867067
RO1_DEMAND,Granite,3,2024-11-01,2025-02-01,1672.6,1141.2937101288817,1854.8537916416517,1260.7568042378684,1774.217939537652,713.56008151277,513.4611352997836
RO1_DEMAND,Granite,3,2024-12-01,2025-03-01,1925.7,1455.2443936418342,2167.3326337868607,1380.7598428418758,1844.1384169570645,712.0882401450265,1278.9944045445445
RO1_DEMAND,Granite,3,2025-01-01,2025-04-01,1668.0,1301.0947552650955,2012.0477878609577,1399.0956001876443,1797.8192908571557,710.9530325958622,398.72369066951137
RO1_DEMAND,Granite,3,2025-02-01,2025-05-01,1863.3,1476.401130243966,2189.476065874101,1240.4035188114472,1804.52317073886,713.0749356301351,1151.8879445388122
RO1_DEMAND,Granite,3,2025-03-01,2025-06-01,1765.6,1479.3317689733465,2191.375706111835,1160.1576216313986,1901.4900854708117,712.0439371384884,741.3324638394131
RO1_DEMAND,Granite,3,2025-04-01,2025-07-01,2113.3,1446.6278619049012,2157.383863823552,1276.5613395890598,1841.8048967139064,710.7560019186508,3280.1945899857847
RO1_DEMAND,Granite,3,2025-05-01,2025-08-01,2098.6,1519.7266393799537,2226.4835561767068,1436.8830836663365,1932.2053196108725,706.7569167967531,2159.26903983581
RO1_DEMAND,Granite,3,2025-06-01,2025-09-01,2107.6,1491.5675041652376,2196.825735495471,1553.428816687708,1902.4804691687789,705.2582313302332,2400.2469607932812
RO1_DEMAND,Granite,3,2025-07-01,2025-10-01,2147.9,1722.634177086126,2427.776539309612,1205.4540997528447,2001.104721909016,705.1423622234859,2263.603403066012
RO1_DEMAND,Granite,3,2025-08-01,2025-11-01,2010.2,1714.263164068467,2419.894860903029,1228.9098764283565,2100.883652253073,705.631696834562,871.9737758247163
RO1_DEMAND,Granite,3,2025-09-01,2025-12-01,2282.5,1735.5086008500975,2440.163780551978,1366.5017993875863,2085.612546983809,704.6551797018806,2687.9852777581336
RO1_DEMAND,Granite,3,2025-10-01,2026-01-01,2383.6,1652.8435904633736,2356.3786712064034,1118.6723628222217,1902.5971291474316,975.7483686789949,5593.953474850893
RO1_DEMAND,Granite,3,2025-11-01,2026-02-01,1726.7,1454.5589941453918,2156.81658409856,1485.4360189791169,1873.2989372294385,702.257589953168,387.8629182503216
RO1_DEMAND,Granite,3,2025-12-01,2026-03-01,1890.0,1938.917309320998,2641.6585847993383,1574.112505146969,1978.008529208168,1191.9143686883194,403.8960240611991
RO1_DEMAND,Granite,3,2026-01-01,2026-04-01,2102.3,2030.4939711002403,2737.170835145314,1533.5703587543255,1963.518961459197,706.6768640450737,1817.758988112903
RO1_DEMAND,Granite,3,2026-02-01,2026-05-01,2054.7,1662.779153238917,2366.96429804606,1702.5993235985395,1997.3885538186132,704.1851448071429,867.9036920339397
RO1_DEMAND,Granite,6,2024-06-01,2024-12-01,1760.4,1294.239600063937,2239.70007008085,1386.3170754513958,2130.0741890778463,945.460470016913,743.7571136264505
RO1_DEMAND,Granite,6,2024-07-01,2025-01-01,1589.2,1317.6368153329652,2261.3225077882357,1415.9726327589792,1950.884545262614,943.6856924552706,534.9119125036348
RO1_DEMAND,Granite,6,2024-08-01,2025-02-01,1672.6,1164.6214010267788,2106.9794927012604,1132.9298625752058,1980.795428857734,942.3580916744816,847.8655662825281
RO1_DEMAND,Granite,6,2024-09-01,2025-03-01,1925.7,1395.4933781519835,2336.0627672526766,1343.080310698314,1952.885764290991,940.5693891006931,609.8054535926769
RO1_DEMAND,Granite,6,2024-10-01,2025-04-01,1668.0,1234.4518314117863,2179.068133796533,1327.0036214698507,1863.8236003875743,944.6163023847466,536.8199789177236
RO1_DEMAND,Granite,6,2024-11-01,2025-05-01,1863.3,1217.177437796923,2156.2473954450984,1226.989026591797,2015.54244472735,939.0699576481754,788.5534181355529
RO1_DEMAND,Granite,6,2024-12-01,2025-06-01,1765.6,1242.855371313479,2179.991922508582,1295.4597733588453,2000.0227770763645,937.1365511951028,704.5630037175192
RO1_DEMAND,Granite,6,2025-01-01,2025-07-01,2113.3,1280.56105676609,2216.16467407993,1114.798553378114,2026.462162269792,935.6036173138402,1780.041986193759
RO1_DEMAND,Granite,6,2025-02-01,2025-08-01,2098.6,1399.275463459094,2337.7042732887285,1394.973569969555,2064.8557949607502,938.4288098296345,1007.3242753836919
RO1_DEMAND,Granite,6,2025-03-01,2025-09-01,2107.6,1427.2634944077645,2364.332928071385,1190.7344435286377,2005.3108429451563,937.0694336636207,1837.4679699649546
RO1_DEMAND,Granite,6,2025-04-01,2025-10-01,2147.9,1333.685903867477,2268.956232100043,1365.6420250654514,2081.0033284363312,935.270328232566,1384.3280190075684
RO1_DEMAND,Granite,6,2025-05-01,2025-11-01,2010.2,1388.0826486050696,2316.687002856832,1426.3360086596765,2058.271314125928,928.6043542517623,631.9353054662513
RO1_DEMAND,Granite,6,2025-06-01,2025-12-01,2282.5,1356.4368485809464,2282.8827089469387,1364.1131310174644,2022.0048175652364,926.4458603659923,3262.843510895408
RO1_DEMAND,Granite,6,2025-07-01,2026-01-01,2383.6,1455.317495186687,2381.3737416448766,1324.0641941564224,1907.4425904208736,948.3188300094223,5344.952492055715
RO1_DEMAND,Granite,6,2025-08-01,2026-02-01,1726.7,1376.4600510239018,2303.795193403955,1091.6466927901397,1937.7911133648204,927.3351423800534,846.1444205746807
RO1_DEMAND,Granite,6,2025-09-01,2026-03-01,1890.0,1670.715513262956,2596.9710776582315,1251.942525583051,2042.9754191224336,926.2555643952755,791.0328935393825
RO1_DEMAND,Granite,6,2025-10-01,2026-04-01,2102.3,1573.7532512318608,2498.557164141409,1168.092139775555,1959.3435720175637,924.8039129095482,2220.8157120663736
RO1_DEMAND,Granite,6,2025-11-01,2026-05-01,2054.7,1538.2426880122637,2461.199461100088,1425.1382867258224,2020.319469787688,922.9567730878241,938.9864851849845
RO1_DEMAND,Granite,12,2024-06-01,2025-06-01,1765.6,1058.37618660108,2401.638629780173,895.4346147297888,1932.6693217440409,1343.2624431790928,1037.234707014252
RO1_DEMAND,Granite,12,2024-07-01,2025-07-01,2113.3,1264.3197476695725,2605.1559870828078,1083.7631086588003,2120.3095752408126,1340.8362394132353,1036.5464665820123
RO1_DEMAND,Granite,12,2024-08-01,2025-08-01,2098.6,1202.630492622743,2541.5894819534924,275.8650943512914,2072.642251500689,1338.9589893307493,2056.354642142508
RO1_DEMAND,Granite,12,2024-09-01,2025-09-01,2107.6,1169.5699671938942,2505.999074401936,1294.7433530883832,1945.771717989744,1336.4291072080418,2269.3111850039195
RO1_DEMAND,Granite,12,2024-10-01,2025-10-01,2147.9,1150.8875729516385,2492.956023876378,1267.3123375131258,1959.8914063171053,1342.0684509247394,2572.665005632927
RO1_DEMAND,Granite,12,2024-11-01,2025-11-01,2010.2,1046.876475408653,2380.922751053922,1058.8029811481654,1943.854842336985,1334.0462756452691,1548.5034378189698
RO1_DEMAND,Granite,12,2024-12-01,2025-12-01,2282.5,1091.9236839623975,2423.3225693210625,1145.8882136677987,1957.437308705455,1331.398885358665,4062.1760079831056
RO1_DEMAND,Granite,12,2025-01-01,2026-01-01,2383.6,944.2499369831884,2273.602714887062,1113.489688197471,1916.7083565022847,2429.3256290332515,5472.135103281967
RO1_DEMAND,Granite,12,2025-02-01,2026-02-01,1726.7,968.094507458787,2301.155892370023,1132.291416894877,1963.9514160901424,1333.061384911236,831.6599991952653
RO1_DEMAND,Granite,12,2025-03-01,2026-03-01,1890.0,1262.2967313344363,2593.3565776221926,1285.0056850542892,1997.7803011869128,1331.0598462877563,712.7746161326236
RO1_DEMAND,Granite,12,2025-04-01,2026-04-01,2102.3,1037.6605996013036,2366.5387470240053,1299.1351633170684,1917.6747320250663,1328.8781474227017,2464.7922484573364
RO1_DEMAND,Granite,12,2025-05-01,2026-05-01,2054.7,1173.867365502707,2494.41975814202,1416.283772704605,2114.5741870547367,1320.552392639313,698.2904143501316
RO1_DEMAND,Ready Mixed Concrete,1,2024-06-01,2024-07-01,1188.3,1008.8890941623296,1239.9686784096812,958.0993652343752,1252.9683837890625,231.0795842473516,294.8690185546873
RO1_DEMAND,Ready Mixed Concrete,1,2024-07-01,2024-08-01,1205.9,1049.8585826144176,1280.7163668921644,948.8664550781252,1233.138671875,230.85778427774676,284.2722167968748
RO1_DEMAND,Ready Mixed Concrete,1,2024-08-01,2024-09-01,1153.0,1089.909152518823,1320.4550558321205,1012.9473876953124,1263.7486572265625,230.54590331329746,250.8012695312501
RO1_DEMAND,Ready Mixed Concrete,1,2024-09-01,2024-10-01,1147.0,1059.8428044945713,1290.1245745964438,991.40869140625,1283.0018310546875,230.28177010187255,291.5931396484375
RO1_DEMAND,Ready Mixed Concrete,1,2024-10-01,2024-11-01,1112.7,1004.0626175478984,1234.0051154162406,998.570556640625,1279.1502685546875,229.94249786834223,280.5797119140625
RO1_DEMAND,Ready Mixed Concrete,1,2024-11-01,2024-12-01,1167.7,1036.0018800726707,1265.5549322206712,978.6722412109376,1278.3233642578125,229.55305214800046,299.6511230468749
RO1_DEMAND,Ready Mixed Concrete,1,2024-12-01,2025-01-01,1031.1,999.1043529583584,1228.2780926296196,891.1743774414062,1262.8048095703125,229.17373967126116,371.63043212890625
RO1_DEMAND,Ready Mixed Concrete,1,2025-01-01,2025-02-01,1046.6,790.5926673161702,1019.7279028451528,896.0363769531251,1274.319091796875,497.85620707745363,378.2827148437499
RO1_DEMAND,Ready Mixed Concrete,1,2025-02-01,2025-03-01,1042.1,1109.479820317677,1339.165737087286,999.6771240234376,1259.2669677734375,903.4841199463797,259.5898437499999
RO1_DEMAND,Ready Mixed Concrete,1,2025-03-01,2025-04-01,1113.2,873.0014767870124,1103.9343717670276,780.8397216796875,1216.1312255859375,323.5891773097393,435.29150390625
RO1_DEMAND,Ready Mixed Concrete,1,2025-04-01,2025-05-01,1142.6,975.7361369334844,1206.9865822767165,772.584716796875,1211.849853515625,231.25044534323206,439.26513671875
RO1_DEMAND,Ready Mixed Concrete,1,2025-05-01,2025-06-01,1205.3,1039.5092382915443,1270.4896549804876,827.9908447265625,1215.90087890625,230.98041668894325,387.9100341796875
RO1_DEMAND,Ready Mixed Concrete,1,2025-06-01,2025-07-01,1334.2,1097.227646687394,1330.025670591549,875.6873168945312,1241.23291015625,274.54131798866547,1295.2164916992192
RO1_DEMAND,Ready Mixed Concrete,1,2025-07-01,2025-08-01,1282.5,1189.4799856354152,1420.3521720181252,983.1875,1301.6485595703125,230.87218638270997,318.4610595703125
RO1_DEMAND,Ready Mixed Concrete,1,2025-08-01,2025-09-01,1283.3,1171.422465916339,1401.9402771929815,1059.6763916015625,1403.903076171875,230.51781127664253,344.2266845703125
RO1_DEMAND,Ready Mixed Concrete,1,2025-09-01,2025-10-01,1401.3,1183.5740215678966,1413.7125547593848,1147.150634765625,1384.37890625,230.13853319148825,406.43920898437455
RO1_DEMAND,Ready Mixed Concrete,1,2025-10-01,2025-11-01,1306.0,1240.7378135279043,1470.9664985385464,1129.2044677734375,1383.0115966796875,230.22868501064204,253.80712890625
RO1_DEMAND,Ready Mixed Concrete,1,2025-11-01,2025-12-01,1432.3,1235.0039497932055,1464.9974633720658,1137.245849609375,1396.1826171875,229.9935135788603,620.1105957031245
RO1_DEMAND,Ready Mixed Concrete,1,2025-12-01,2026-01-01,1513.8,1250.043093251635,1479.9516610170213,1031.620361328125,1455.2686767578125,568.3919575951734,1008.961547851562
RO1_DEMAND,Ready Mixed Concrete,1,2026-01-01,2026-02-01,1123.1,1248.6631241580626,1479.2227238442413,1018.2249755859376,1452.9232177734375,1486.1908412668056,434.6982421874999
RO1_DEMAND,Ready Mixed Concrete,1,2026-02-01,2026-03-01,1393.7,1227.058643393444,1459.9642967428897,1109.658935546875,1489.9169921875,232.90565334944563,380.258056640625
RO1_DEMAND,Ready Mixed Concrete,1,2026-03-01,2026-04-01,1407.7,1197.9466096434423,1430.581734096794,1096.71240234375,1430.7723388671875,232.63512445335164,334.0599365234375
RO1_DEMAND,Ready Mixed Concrete,1,2026-04-01,2026-05-01,1315.0,1272.5022534129944,1505.1315259948035,1047.146240234375,1421.9464111328125,232.62927258180912,374.8001708984375
RO1_DEMAND,Ready Mixed Concrete,3,2024-06-01,2024-09-01,1153.0,938.5670054312424,1301.4664869867065,922.6369628906248,1239.1014404296875,362.89948155546415,316.4644775390627
RO1_DEMAND,Ready Mixed Concrete,3,2024-07-01,2024-10-01,1147.0,1012.2090553196714,1374.2669434658983,843.4235229492188,1226.579345703125,362.0578881462269,383.15582275390625
RO1_DEMAND,Ready Mixed Concrete,3,2024-08-01,2024-11-01,1112.7,1016.5647140216736,1378.3758805826758,1073.2205810546875,1238.8109130859375,361.8111665610022,165.59033203125
RO1_DEMAND,Ready Mixed Concrete,3,2024-09-01,2024-12-01,1167.7,1007.6885872930036,1368.820203779272,992.1448974609376,1246.5267333984375,361.1316164862685,254.3818359374999
RO1_DEMAND,Ready Mixed Concrete,3,2024-10-01,2025-01-01,1031.1,931.3335408170776,1292.1073201897873,901.8998413085938,1259.0257568359375,360.77377937270967,357.12591552734375
RO1_DEMAND,Ready Mixed Concrete,3,2024-11-01,2025-02-01,1046.6,790.913782617445,1151.1017546035057,888.3699340820312,1257.705322265625,360.1879719860607,369.33538818359375
RO1_DEMAND,Ready Mixed Concrete,3,2024-12-01,2025-03-01,1042.1,999.9523560517054,1359.5282501133786,958.0121459960938,1244.2698974609375,359.57589406167324,286.25775146484375
RO1_DEMAND,Ready Mixed Concrete,3,2025-01-01,2025-04-01,1113.2,850.225612352558,1209.6269060539369,1001.5706176757812,1289.171142578125,359.4012937013789,287.60052490234375
RO1_DEMAND,Ready Mixed Concrete,3,2025-02-01,2025-05-01,1142.6,970.726102322209,1329.7804001999475,876.9329223632812,1220.2850341796875,359.05429787773846,343.35211181640625
RO1_DEMAND,Ready Mixed Concrete,3,2025-03-01,2025-06-01,1205.3,831.3441580822802,1189.561882804211,677.8226318359375,1214.0565185546875,515.5988966798194,536.23388671875
RO1_DEMAND,Ready Mixed Concrete,3,2025-04-01,2025-07-01,1334.2,967.5414461900672,1324.229429122031,734.216064453125,1189.2611083984375,456.39369171165447,1904.433959960938
RO1_DEMAND,Ready Mixed Concrete,3,2025-05-01,2025-08-01,1282.5,997.308230118843,1353.70109119331,911.8941650390624,1203.0191650390625,356.3928610744671,1085.933349609375
RO1_DEMAND,Ready Mixed Concrete,3,2025-06-01,2025-09-01,1283.3,1009.2725425859928,1371.8314362655217,920.2295532226562,1218.828369140625,362.55889367952886,943.3151245117183
RO1_DEMAND,Ready Mixed Concrete,3,2025-07-01,2025-10-01,1401.3,1149.9974856499746,1507.2565809685775,1030.1854248046875,1262.95361328125,357.25909531860293,1616.232055664062
RO1_DEMAND,Ready Mixed Concrete,3,2025-08-01,2025-11-01,1306.0,1099.506172355049,1455.8591879602302,1109.3603515625,1335.531982421875,356.3530156051811,226.171630859375
RO1_DEMAND,Ready Mixed Concrete,3,2025-09-01,2025-12-01,1432.3,1134.2543681782313,1490.0229716967062,1150.14990234375,1331.984375,355.76860351847495,1184.9907226562495
RO1_DEMAND,Ready Mixed Concrete,3,2025-10-01,2026-01-01,1513.8,1166.8080304380112,1522.590845017431,1049.7998046875,1341.45947265625,355.7828145794199,2015.0649414062495
RO1_DEMAND,Ready Mixed Concrete,3,2025-11-01,2026-02-01,1123.1,994.2510622525896,1349.1666647365894,1055.2158203125,1362.665283203125,354.9156024839998,307.449462890625
RO1_DEMAND,Ready Mixed Concrete,3,2025-12-01,2026-03-01,1393.7,1250.7553522968149,1605.4403589921153,1157.722412109375,1356.5987548828125,354.68500669530044,569.888793945313
RO1_DEMAND,Ready Mixed Concrete,3,2026-01-01,2026-04-01,1407.7,1305.7711572791604,1662.4694528144605,1147.29296875,1398.6085205078125,356.6982955353001,342.23034667968795
RO1_DEMAND,Ready Mixed Concrete,3,2026-02-01,2026-05-01,1315.0,1096.1064688670454,1453.4278396185416,1126.3634033203125,1390.7696533203125,357.32137075149626,264.40625
RO1_DEMAND,Ready Mixed Concrete,6,2024-06-01,2024-12-01,1167.7,899.2649081966334,1387.998105618802,622.4035888671875,1293.2922119140626,488.7331974221685,670.8886230468751
RO1_DEMAND,Ready Mixed Concrete,6,2024-07-01,2025-01-01,1031.1,904.1628257004102,1391.364843721102,578.2113891601563,1265.4162353515626,487.20201802069187,687.2048461914063
RO1_DEMAND,Ready Mixed Concrete,6,2024-08-01,2025-02-01,1046.6,804.2827276523741,1291.3554145020114,654.1399780273438,1252.90830078125,487.0726868496373,598.7683227539063
RO1_DEMAND,Ready Mixed Concrete,6,2024-09-01,2025-03-01,1042.1,952.4920866518564,1438.4248137644556,583.9016967773438,1297.987158203125,485.9327271125992,714.0854614257813
RO1_DEMAND,Ready Mixed Concrete,6,2024-10-01,2025-04-01,1113.2,851.5947395375904,1337.1981551353665,604.6899658203125,1295.6684326171876,485.6034155977761,690.9784667968751
RO1_DEMAND,Ready Mixed Concrete,6,2024-11-01,2025-05-01,1142.6,840.8955930723967,1325.7308024548172,704.8503662109375,1273.6960205078126,484.83520938242054,568.8456542968751
RO1_DEMAND,Ready Mixed Concrete,6,2024-12-01,2025-06-01,1205.3,875.4848379989397,1359.482552488646,625.2242065429688,1254.373876953125,483.99771448970625,629.1496704101563
RO1_DEMAND,Ready Mixed Concrete,6,2025-01-01,2025-07-01,1334.2,831.3798348187686,1315.0506631850662,982.629296875,1313.253759765625,675.1641965156357,540.0868652343746
RO1_DEMAND,Ready Mixed Concrete,6,2025-02-01,2025-08-01,1282.5,941.1013967422292,1423.4727594932417,974.0131469726564,1274.9086669921876,482.3713627510125,376.8088500976553
RO1_DEMAND,Ready Mixed Concrete,6,2025-03-01,2025-09-01,1283.3,787.8785239164342,1267.4382453064777,865.7195068359376,1248.2797607421876,638.1772683252659,732.7626464843736
RO1_DEMAND,Ready Mixed Concrete,6,2025-04-01,2025-10-01,1401.3,911.0931791028462,1387.7957305643426,865.361474609375,1218.8481201171876,611.7452458180695,2178.0054443359363
RO1_DEMAND,Ready Mixed Concrete,6,2025-05-01,2025-11-01,1306.0,923.774775003848,1400.805075061215,773.109521484375,1233.8332275390626,477.03030005736684,1182.3914306640618
RO1_DEMAND,Ready Mixed Concrete,6,2025-06-01,2025-12-01,1432.3,955.7142696088692,1441.7085425405285,893.9662719726563,1258.2392333984376,485.9942729316592,2104.880627441405
RO1_DEMAND,Ready Mixed Concrete,6,2025-07-01,2026-01-01,1513.8,1040.4860053090183,1518.7877606255104,809.546533203125,1280.3654541015626,478.30175531649206,2805.1643798828113
RO1_DEMAND,Ready Mixed Concrete,6,2025-08-01,2026-02-01,1123.1,891.8247608582167,1368.940309379877,785.4223266601563,1291.9130615234376,477.11554852166023,506.4907348632813
RO1_DEMAND,Ready Mixed Concrete,6,2025-09-01,2026-03-01,1393.7,1074.9635490173828,1551.2964995815164,954.627587890625,1338.6977294921876,476.3329505641336,934.0928466796871
RO1_DEMAND,Ready Mixed Concrete,6,2025-10-01,2026-04-01,1407.7,1090.7878912967597,1567.1327548904983,974.4355102539064,1342.1093505859376,476.34486359373864,1023.5803344726557
RO1_DEMAND,Ready Mixed Concrete,6,2025-11-01,2026-05-01,1315.0,1044.0338582953957,1519.1687465306934,1098.245263671875,1406.936376953125,475.1348882352977,308.6911132812502
RO1_DEMAND,Ready Mixed Concrete,12,2024-06-01,2025-06-01,1205.3,750.8500492437399,1450.9072181391416,767.0638305664063,1256.712109375,700.0571688954017,489.64827880859366
RO1_DEMAND,Ready Mixed Concrete,12,2024-07-01,2025-07-01,1334.2,834.2836066731231,1532.320935096841,847.2662231445313,1269.3831298828125,698.0373284237178,1070.285607910157
RO1_DEMAND,Ready Mixed Concrete,12,2024-08-01,2025-08-01,1282.5,854.6571956970554,1552.4187327120808,737.5792114257813,1265.4204833984377,697.7615370150254,698.6364379882796
RO1_DEMAND,Ready Mixed Concrete,12,2024-09-01,2025-09-01,1283.3,812.1973032317117,1508.4252422320685,1001.1137573242188,1305.1492431640625,696.2279390003569,304.03548583984366
RO1_DEMAND,Ready Mixed Concrete,12,2024-10-01,2025-10-01,1401.3,803.9355160626652,1499.6254694581853,1022.4281494140624,1322.0965087890625,695.6899533955201,1091.703271484375
RO1_DEMAND,Ready Mixed Concrete,12,2024-11-01,2025-11-01,1306.0,767.9406094149995,1462.520732493258,1010.0324584960938,1280.065380859375,694.5801230782586,529.3791137695316
RO1_DEMAND,Ready Mixed Concrete,12,2024-12-01,2025-12-01,1432.3,821.071405386132,1514.4579400123826,993.9884521484375,1267.650830078125,693.3865346262505,1920.1540771484374
RO1_DEMAND,Ready Mixed Concrete,12,2025-01-01,2026-01-01,1513.8,695.1030445352928,1388.0632627325542,1006.2233764648438,1271.90791015625,1950.3275908717187,2684.605432128906
RO1_DEMAND,Ready Mixed Concrete,12,2025-02-01,2026-02-01,1123.1,686.4602186667657,1377.8803582590951,741.2428466796875,1259.310498046875,691.4201395923294,518.0676513671874
RO1_DEMAND,Ready Mixed Concrete,12,2025-03-01,2026-03-01,1393.7,721.2959491388616,1408.9376236503483,885.7031127929688,1131.8272216796877,687.6416745114867,2864.8518920898423
RO1_DEMAND,Ready Mixed Concrete,12,2025-04-01,2026-04-01,1407.7,758.0002680921008,1439.1556006478477,818.3334838867188,1163.554150390625,681.1553325557469,2786.679162597657
RO1_DEMAND,Ready Mixed Concrete,12,2025-05-01,2026-05-01,1315.0,796.3218671271027,1478.4052128961318,870.2011596679688,1188.272412109375,682.0833457690292,1585.3471313476566
RO1_DEMAND,Steel Reinforcement Bars,1,2024-06-01,2024-07-01,108.58,92.84340866736105,199.87195593592023,53.07742401123047,207.0051107788086,107.02854726855918,153.9276867675781
RO1_DEMAND,Steel Reinforcement Bars,1,2024-07-01,2024-08-01,94.39,74.50897834891485,181.51185184085853,52.54268737792969,207.205153503418,107.00287349194367,154.6624661254883
RO1_DEMAND,Steel Reinforcement Bars,1,2024-08-01,2024-09-01,226.32,78.34015909648146,185.28464156511893,50.37094207763672,201.4115133666992,517.2980668174481,400.1254376220703
RO1_DEMAND,Steel Reinforcement Bars,1,2024-09-01,2024-10-01,114.09,85.58986741820696,193.2807965751713,53.9459619140625,201.9325552368164,107.69092915696434,147.9865933227539
RO1_DEMAND,Steel Reinforcement Bars,1,2024-10-01,2024-11-01,140.53,79.46053164031235,187.03905012629352,37.47678466796875,212.09442047119143,107.57851848598116,174.61763580322267
RO1_DEMAND,Steel Reinforcement Bars,1,2024-11-01,2024-12-01,121.23,67.42462237019323,174.8250922425658,31.00503631591797,251.02297882080077,107.40046987237257,220.0179425048828
RO1_DEMAND,Steel Reinforcement Bars,1,2024-12-01,2025-01-01,105.3,87.46454907871676,194.6829992838327,23.51220413208008,202.11035064697265,107.21845020511593,178.59814651489256
RO1_DEMAND,Steel Reinforcement Bars,1,2025-01-01,2025-02-01,231.33,49.78936560721196,156.9623926588812,48.12142272949219,217.7899771118164,850.8491004628572,305.06878326416034
RO1_DEMAND,Steel Reinforcement Bars,1,2025-02-01,2025-03-01,171.69,115.63705559943278,224.3082657301209,43.694764099121095,202.69885162353515,108.67121013068811,159.00408752441405
RO1_DEMAND,Steel Reinforcement Bars,1,2025-03-01,2025-04-01,152.83,110.77409721181962,219.2644107442823,22.17907043457032,195.71630767822265,108.49031353246266,173.53723724365233
RO1_DEMAND,Steel Reinforcement Bars,1,2025-04-01,2025-05-01,174.15,84.35795773646238,192.681198267293,50.51754089355469,204.73483184814447,108.32324053083063,154.21729095458977
RO1_DEMAND,Steel Reinforcement Bars,1,2025-05-01,2025-06-01,109.58,96.92871366308628,205.1958145840684,54.92815490722656,210.93810943603515,108.2671009209821,156.00995452880858
RO1_DEMAND,Steel Reinforcement Bars,1,2025-06-01,2025-07-01,155.84,102.1000768114181,210.36784361665596,51.4728173828125,225.12309173583984,108.26776680523786,173.65027435302733
RO1_DEMAND,Steel Reinforcement Bars,1,2025-07-01,2025-08-01,125.51,90.45948485015856,198.54779272500997,53.32885070800781,211.05351165771484,108.08830787485141,157.72466094970702
RO1_DEMAND,Steel Reinforcement Bars,1,2025-08-01,2025-09-01,131.79,101.80403739513136,209.7539741542401,35.843209228515626,206.11172393798827,107.94993675910874,170.26851470947264
RO1_DEMAND,Steel Reinforcement Bars,1,2025-09-01,2025-10-01,146.31,84.82882796807164,192.663590174554,68.55854125976563,263.2877188110352,107.83476220648237,194.72917755126954
RO1_DEMAND,Steel Reinforcement Bars,1,2025-10-01,2025-11-01,167.38,85.63109270901315,193.2928794402916,71.9356317138672,200.3665609741211,107.66178673127847,128.4309292602539
RO1_DEMAND,Steel Reinforcement Bars,1,2025-11-01,2025-12-01,276.16,76.70130935038411,184.26019170888145,67.28678985595704,195.29659942626952,1026.5569652696831,936.6438153076174
RO1_DEMAND,Steel Reinforcement Bars,1,2025-12-01,2026-01-01,235.92,118.9102610749432,228.390024154802,68.87682434082032,218.659514465332,184.7795215318386,322.38754547119163
RO1_DEMAND,Steel Reinforcement Bars,1,2026-01-01,2026-02-01,165.5,105.87642398597475,215.54120145583,57.11055084228516,190.5156393432617,109.66477746985524,133.40508850097655
RO1_DEMAND,Steel Reinforcement Bars,1,2026-02-01,2026-03-01,187.65,148.35223004748133,257.87478243054204,61.13048645019531,251.3340597534179,109.52255238306071,190.20357330322258
RO1_DEMAND,Steel Reinforcement Bars,1,2026-03-01,2026-04-01,232.35,138.75867657562418,248.09301496973123,65.42308898925782,216.06304840087887,109.33433839410705,313.5094754028323
RO1_DEMAND,Steel Reinforcement Bars,1,2026-04-01,2026-05-01,262.3,124.17069815259508,233.497746104396,67.41757293701173,211.9941244506836,397.34958690784117,647.6353070068361
RO1_DEMAND,Steel Reinforcement Bars,3,2024-06-01,2024-09-01,226.32,92.29587534885574,202.1476080702813,44.92870819091797,202.43123901367187,351.5756520186124,396.3901406860351
RO1_DEMAND,Steel Reinforcement Bars,3,2024-07-01,2024-10-01,114.09,76.36641788611637,186.2150675901419,46.00065338134766,212.1681317138672,109.84864970402553,166.16747833251955
RO1_DEMAND,Steel Reinforcement Bars,3,2024-08-01,2024-11-01,140.53,68.80671875916222,178.63050635567146,64.17657196044922,201.698115234375,109.82378759650923,137.52154327392577
RO1_DEMAND,Steel Reinforcement Bars,3,2024-09-01,2024-12-01,121.23,71.82529691074394,182.35592950133065,55.2232943725586,204.98406494140625,110.5306325905867,149.76077056884765
RO1_DEMAND,Steel Reinforcement Bars,3,2024-10-01,2025-01-01,105.3,86.94418201379774,197.12327908035545,58.64876281738282,185.5739849853516,110.1790970665577,126.92522216796877
RO1_DEMAND,Steel Reinforcement Bars,3,2024-11-01,2025-02-01,231.33,57.09451987257193,167.15723059009198,47.72143280029297,184.75667846679687,751.7904048166004,602.7684609985354
RO1_DEMAND,Steel Reinforcement Bars,3,2024-12-01,2025-03-01,171.69,101.99651327149944,211.88065032225296,34.19110977172852,210.75939453124997,109.88413705075352,176.56828475952145
RO1_DEMAND,Steel Reinforcement Bars,3,2025-01-01,2025-04-01,152.83,90.50992692109114,200.2505041950219,53.69787322998047,194.8053845214844,109.74057727393077,141.10751129150393
RO1_DEMAND,Steel Reinforcement Bars,3,2025-02-01,2025-05-01,174.15,87.30328434085237,198.5070481262165,39.11443054199219,205.3862561035156,111.20376378536412,166.2718255615234
RO1_DEMAND,Steel Reinforcement Bars,3,2025-03-01,2025-06-01,109.58,94.08225128337654,205.1493322245494,40.9129916381836,189.3943585205078,111.06708094117286,148.4813668823242
RO1_DEMAND,Steel Reinforcement Bars,3,2025-04-01,2025-07-01,155.84,104.36601809846806,215.06647825075797,35.64639770507813,228.94706237792968,110.7004601522899,193.30066467285155
RO1_DEMAND,Steel Reinforcement Bars,3,2025-05-01,2025-08-01,125.51,98.9050419734148,209.767638540734,57.81795227050782,209.71816528320312,110.8625965673192,151.9002130126953
RO1_DEMAND,Steel Reinforcement Bars,3,2025-06-01,2025-09-01,131.79,106.38780069979326,216.8324379175967,63.19098388671876,216.02599609374997,110.44463721780345,152.8350122070312
RO1_DEMAND,Steel Reinforcement Bars,3,2025-07-01,2025-10-01,146.31,93.2727434671943,203.5334175315522,67.01873504638672,214.29433715820312,110.2606740643579,147.2756021118164
RO1_DEMAND,Steel Reinforcement Bars,3,2025-08-01,2025-11-01,167.38,89.6491562174404,199.7337209631785,57.87111389160157,212.60950744628903,110.0845647457381,154.73839355468746
RO1_DEMAND,Steel Reinforcement Bars,3,2025-09-01,2025-12-01,276.16,71.96530673587844,181.93424242494635,83.62868225097657,202.37267578125,1052.2265114396046,856.6172357177737
RO1_DEMAND,Steel Reinforcement Bars,3,2025-10-01,2026-01-01,235.92,91.60114341663716,201.396520720798,80.66552459716797,208.71367919921877,455.03017009618065,400.1113626098629
RO1_DEMAND,Steel Reinforcement Bars,3,2025-11-01,2026-02-01,165.5,70.93135111523877,180.58713753457883,75.15977203369141,206.17045104980468,109.65578641934006,131.01067901611327
RO1_DEMAND,Steel Reinforcement Bars,3,2025-12-01,2026-03-01,187.65,135.3383981315094,247.2327664189008,79.74758636474608,202.26945007324215,111.89436828739142,122.52186370849607
RO1_DEMAND,Steel Reinforcement Bars,3,2026-01-01,2026-04-01,232.35,141.77309712813533,254.34577982173025,43.40305816650391,200.3203076171875,112.57268269359491,477.2141732788086
RO1_DEMAND,Steel Reinforcement Bars,3,2026-02-01,2026-05-01,262.3,120.87033910304108,233.30075945659144,38.28801452636719,186.5046337890625,402.4228257876361,906.1702813720705
RO1_DEMAND,Steel Reinforcement Bars,6,2024-06-01,2024-12-01,121.23,65.81585073893832,178.40529233117016,51.66592041015625,184.99208435058597,112.58944159223184,133.32616394042972
RO1_DEMAND,Steel Reinforcement Bars,6,2024-07-01,2025-01-01,105.3,78.70370173512596,191.0360603198077,64.51446929931639,205.40243896484372,112.33235858468173,140.88796966552735
RO1_DEMAND,Steel Reinforcement Bars,6,2024-08-01,2025-02-01,231.33,41.61046900633736,153.92969219484166,43.99390808105469,187.51984008789063,886.3223012400879,581.6275311279298
RO1_DEMAND,Steel Reinforcement Bars,6,2024-09-01,2025-03-01,171.69,102.5990083219665,215.32516445386253,26.949157867431637,200.4080084228516,112.72615613189603,173.45885055541996
RO1_DEMAND,Steel Reinforcement Bars,6,2024-10-01,2025-04-01,152.83,93.3088051533249,205.44110057580207,59.581257019042965,192.87176879882813,112.13229542247717,133.29051177978516
RO1_DEMAND,Steel Reinforcement Bars,6,2024-11-01,2025-05-01,174.15,70.31897648910409,182.42786158941604,40.82364288330078,208.740634765625,112.10888510031195,167.91699188232423
RO1_DEMAND,Steel Reinforcement Bars,6,2024-12-01,2025-06-01,109.58,76.79131063905425,188.72536885488284,14.567642364501951,196.7751043701172,111.9340582158286,182.20746200561524
RO1_DEMAND,Steel Reinforcement Bars,6,2025-01-01,2025-07-01,155.84,83.35068020574545,194.91019613213197,25.80295959472656,201.8457373046875,111.55951592638652,176.04277770996094
RO1_DEMAND,Steel Reinforcement Bars,6,2025-02-01,2025-08-01,125.51,92.6098883399487,205.78424301532877,27.00284210205077,197.62213500976563,113.17435467538007,170.61929290771485
RO1_DEMAND,Steel Reinforcement Bars,6,2025-03-01,2025-09-01,131.79,107.60582279693637,220.5614111794094,71.43908325195311,198.15285095214844,112.95558838247302,126.71376770019533
RO1_DEMAND,Steel Reinforcement Bars,6,2025-04-01,2025-10-01,146.31,92.11874898791989,204.99525435500556,50.62985626220703,199.51295837402344,112.87650536708567,148.8831021118164
RO1_DEMAND,Steel Reinforcement Bars,6,2025-05-01,2025-11-01,167.38,98.04064735547551,210.74520096271863,71.54101196289064,225.4500921630859,112.70455360724311,153.90908020019526
RO1_DEMAND,Steel Reinforcement Bars,6,2025-06-01,2025-12-01,276.16,76.96820148896134,189.6447657166588,72.47075286865234,220.72755798339844,977.8289070611096,702.581225280762
RO1_DEMAND,Steel Reinforcement Bars,6,2025-07-01,2026-01-01,235.92,95.4435852535627,207.93308233295105,69.82016387939453,203.0964697265625,392.35867374987777,461.5116085815428
RO1_DEMAND,Steel Reinforcement Bars,6,2025-08-01,2026-02-01,165.5,66.82682799911828,179.14094128789273,74.64108673095703,186.57147583007813,112.31411328877445,111.9303890991211
RO1_DEMAND,Steel Reinforcement Bars,6,2025-09-01,2026-03-01,187.65,103.62600298453292,215.81484741485568,81.86619964599609,222.4196813964844,112.18884443032276,140.55348175048832
RO1_DEMAND,Steel Reinforcement Bars,6,2025-10-01,2026-04-01,232.35,99.21418354225588,211.2143907000454,75.92613616943359,209.5245245361328,323.35630015733534,361.8531430053713
RO1_DEMAND,Steel Reinforcement Bars,6,2025-11-01,2026-05-01,262.3,81.36214194377534,193.2340149429386,75.9389306640625,215.66455444335935,802.5317235697775,606.0800793457034
RO1_DEMAND,Steel Reinforcement Bars,12,2024-06-01,2025-06-01,109.58,72.35583064700154,192.7292759092267,23.529208374023423,239.48902587890623,120.37344526222515,215.9598175048828
RO1_DEMAND,Steel Reinforcement Bars,12,2024-07-01,2025-07-01,155.84,78.56938427021905,198.2518808608284,49.746546936035145,241.61005859375,119.68249659060936,191.86351165771487
RO1_DEMAND,Steel Reinforcement Bars,12,2024-08-01,2025-08-01,125.51,61.31721971873685,180.9438552971515,47.98736114501952,210.9851959228516,119.62663557841464,162.99783477783208
RO1_DEMAND,Steel Reinforcement Bars,12,2024-09-01,2025-09-01,131.79,91.90723583872514,211.5755683636678,27.80719299316405,223.11575012207032,119.66833252494266,195.30855712890627
RO1_DEMAND,Steel Reinforcement Bars,12,2024-10-01,2025-10-01,146.31,74.49330180417498,193.8176162395028,15.81228561401366,270.5245941162109,119.32431443532782,254.71230850219723
RO1_DEMAND,Steel Reinforcement Bars,12,2024-11-01,2025-11-01,167.38,75.30933366708881,194.38945409992417,29.34294433593749,203.1627166748047,119.08012043283536,173.8197723388672
RO1_DEMAND,Steel Reinforcement Bars,12,2024-12-01,2025-12-01,276.16,61.789175167137664,180.66279910720985,50.10001678466797,205.9900329589844,1073.8456328679738,857.5896865844728
RO1_DEMAND,Steel Reinforcement Bars,12,2025-01-01,2026-01-01,235.92,74.09297059728817,192.99059843411027,23.2617218017578,223.50083618164055,548.1916434957193,324.4307525634771
RO1_DEMAND,Steel Reinforcement Bars,12,2025-02-01,2026-02-01,165.5,69.15877942538238,189.19923733489748,12.859244537353504,200.4471557617188,120.0404579095151,187.58791122436529
RO1_DEMAND,Steel Reinforcement Bars,12,2025-03-01,2026-03-01,187.65,110.23856349339232,230.3542577073454,33.09349365234374,226.8939331054688,120.11569421395308,193.80043945312505
RO1_DEMAND,Steel Reinforcement Bars,12,2025-04-01,2026-04-01,232.35,102.64502004309752,222.01909514381356,35.03177947998046,223.1048706054688,222.68312366258039,280.52438507080035
RO1_DEMAND,Steel Reinforcement Bars,12,2025-05-01,2026-05-01,262.3,85.87848777448303,206.0037838372644,52.88972778320312,224.00179748535157,683.0874576901375,554.0940948486328
