dataset,series,forecast_origin,target_date,horizon,split,model,prediction,actual
RO1_PRICE,Cement In Bulk (Ordinary Portland Cement),2022-07-01,2022-08-01,1,validation,Naive,118.5,119.0
RO1_PRICE,Cement In Bulk (Ordinary Portland Cement),2022-07-01,2022-08-01,1,validation,SeasonalNaive,95.1,119.0
RO1_PRICE,Cement In Bulk (Ordinary Portland Cement),2022-07-01,2022-10-01,3,validation,Naive,118.5,118.6
RO1_PRICE,Cement In Bulk (Ordinary Portland Cement),2022-07-01,2022-10-01,3,validation,SeasonalNaive,95.4,118.6
RO1_PRICE,Cement In Bulk (Ordinary Portland Cement),2022-07-01,2023-01-01,6,validation,Naive,118.5,118.5
RO1_PRICE,Cement In Bulk (Ordinary Portland Cement),2022-07-01,2023-01-01,6,validation,SeasonalNaive,104.6,118.5
RO1_PRICE,Cement In Bulk (Ordinary Portland Cement),2022-07-01,2023-07-01,12,validation,Naive,118.5,115.2
RO1_PRICE,Cement In Bulk (Ordinary Portland Cement),2022-07-01,2023-07-01,12,validation,SeasonalNaive,118.5,115.2
RO1_PRICE,Cement In Bulk (Ordinary Portland Cement),2022-08-01,2022-09-01,1,validation,Naive,119.0,118.6
RO1_PRICE,Cement In Bulk (Ordinary Portland Cement),2022-08-01,2022-09-01,1,validation,SeasonalNaive,95.1,118.6
RO1_PRICE,Cement In Bulk (Ordinary Portland Cement),2022-08-01,2022-11-01,3,validation,Naive,119.0,118.4
RO1_PRICE,Cement In Bulk (Ordinary Portland Cement),2022-08-01,2022-11-01,3,validation,SeasonalNaive,96.1,118.4
RO1_PRICE,Cement In Bulk (Ordinary Portland Cement),2022-08-01,2023-02-01,6,validation,Naive,119.0,118.4
RO1_PRICE,Cement In Bulk (Ordinary Portland Cement),2022-08-01,2023-02-01,6,validation,SeasonalNaive,106.3,118.4
RO1_PRICE,Cement In Bulk (Ordinary Portland Cement),2022-08-01,2023-08-01,12,validation,Naive,119.0,114.4
RO1_PRICE,Cement In Bulk (Ordinary Portland Cement),2022-08-01,2023-08-01,12,validation,SeasonalNaive,119.0,114.4
RO1_PRICE,Cement In Bulk (Ordinary Portland Cement),2022-09-01,2022-10-01,1,validation,Naive,118.6,118.6
RO1_PRICE,Cement In Bulk (Ordinary Portland Cement),2022-09-01,2022-10-01,1,validation,SeasonalNaive,95.4,118.6
RO1_PRICE,Cement In Bulk (Ordinary Portland Cement),2022-09-01,2022-12-01,3,validation,Naive,118.6,118.3
RO1_PRICE,Cement In Bulk (Ordinary Portland Cement),2022-09-01,2022-12-01,3,validation,SeasonalNaive,97.5,118.3
RO1_PRICE,Cement In Bulk (Ordinary Portland Cement),2022-09-01,2023-03-01,6,validation,Naive,118.6,118.2
RO1_PRICE,Cement In Bulk (Ordinary Portland Cement),2022-09-01,2023-03-01,6,validation,SeasonalNaive,110.0,118.2
RO1_PRICE,Cement In Bulk (Ordinary Portland Cement),2022-09-01,2023-09-01,12,validation,Naive,118.6,113.5
RO1_PRICE,Cement In Bulk (Ordinary Portland Cement),2022-09-01,2023-09-01,12,validation,SeasonalNaive,118.6,113.5
RO1_PRICE,Cement In Bulk (Ordinary Portland Cement),2022-10-01,2022-11-01,1,validation,Naive,118.6,118.4
RO1_PRICE,Cement In Bulk (Ordinary Portland Cement),2022-10-01,2022-11-01,1,validation,SeasonalNaive,96.1,118.4
RO1_PRICE,Cement In Bulk (Ordinary Portland Cement),2022-10-01,2023-01-01,3,validation,Naive,118.6,118.5
RO1_PRICE,Cement In Bulk (Ordinary Portland Cement),2022-10-01,2023-01-01,3,validation,SeasonalNaive,104.6,118.5
RO1_PRICE,Cement In Bulk (Ordinary Portland Cement),2022-10-01,2023-04-01,6,validation,Naive,118.6,118.0
RO1_PRICE,Cement In Bulk (Ordinary Portland Cement),2022-10-01,2023-04-01,6,validation,SeasonalNaive,112.7,118.0
RO1_PRICE,Cement In Bulk (Ordinary Portland Cement),2022-10-01,2023-10-01,12,validation,Naive,118.6,113.2
RO1_PRICE,Cement In Bulk (Ordinary Portland Cement),2022-10-01,2023-10-01,12,validation,SeasonalNaive,118.6,113.2
RO1_PRICE,Cement In Bulk (Ordinary Portland Cement),2022-11-01,2022-12-01,1,validation,Naive,118.4,118.3
RO1_PRICE,Cement In Bulk (Ordinary Portland Cement),2022-11-01,2022-12-01,1,validation,SeasonalNaive,97.5,118.3
RO1_PRICE,Cement In Bulk (Ordinary Portland Cement),2022-11-01,2023-02-01,3,validation,Naive,118.4,118.4
RO1_PRICE,Cement In Bulk (Ordinary Portland Cement),2022-11-01,2023-02-01,3,validation,SeasonalNaive,106.3,118.4
RO1_PRICE,Cement In Bulk (Ordinary Portland Cement),2022-11-01,2023-05-01,6,validation,Naive,118.4,117.2
RO1_PRICE,Cement In Bulk (Ordinary Portland Cement),2022-11-01,2023-05-01,6,validation,SeasonalNaive,118.4,117.2
RO1_PRICE,Cement In Bulk (Ordinary Portland Cement),2022-11-01,2023-11-01,12,validation,Naive,118.4,112.0
RO1_PRICE,Cement In Bulk (Ordinary Portland Cement),2022-11-01,2023-11-01,12,validation,SeasonalNaive,118.4,112.0
RO1_PRICE,Cement In Bulk (Ordinary Portland Cement),2022-12-01,2023-01-01,1,validation,Naive,118.3,118.5
RO1_PRICE,Cement In Bulk (Ordinary Portland Cement),2022-12-01,2023-01-01,1,validation,SeasonalNaive,104.6,118.5
RO1_PRICE,Cement In Bulk (Ordinary Portland Cement),2022-12-01,2023-03-01,3,validation,Naive,118.3,118.2
RO1_PRICE,Cement In Bulk (Ordinary Portland Cement),2022-12-01,2023-03-01,3,validation,SeasonalNaive,110.0,118.2
RO1_PRICE,Cement In Bulk (Ordinary Portland Cement),2022-12-01,2023-06-01,6,validation,Naive,118.3,116.7
RO1_PRICE,Cement In Bulk (Ordinary Portland Cement),2022-12-01,2023-06-01,6,validation,SeasonalNaive,118.3,116.7
RO1_PRICE,Cement In Bulk (Ordinary Portland Cement),2022-12-01,2023-12-01,12,validation,Naive,118.3,111.7
RO1_PRICE,Cement In Bulk (Ordinary Portland Cement),2022-12-01,2023-12-01,12,validation,SeasonalNaive,118.3,111.7
RO1_PRICE,Cement In Bulk (Ordinary Portland Cement),2023-01-01,2023-02-01,1,validation,Naive,118.5,118.4
RO1_PRICE,Cement In Bulk (Ordinary Portland Cement),2023-01-01,2023-02-01,1,validation,SeasonalNaive,106.3,118.4
RO1_PRICE,Cement In Bulk (Ordinary Portland Cement),2023-01-01,2023-04-01,3,validation,Naive,118.5,118.0
RO1_PRICE,Cement In Bulk (Ordinary Portland Cement),2023-01-01,2023-04-01,3,validation,SeasonalNaive,112.7,118.0
RO1_PRICE,Cement In Bulk (Ordinary Portland Cement),2023-01-01,2023-07-01,6,validation,Naive,118.5,115.2
RO1_PRICE,Cement In Bulk (Ordinary Portland Cement),2023-01-01,2023-07-01,6,validation,SeasonalNaive,118.5,115.2
RO1_PRICE,Cement In Bulk (Ordinary Portland Cement),2023-01-01,2024-01-01,12,validation,Naive,118.5,110.6
RO1_PRICE,Cement In Bulk (Ordinary Portland Cement),2023-01-01,2024-01-01,12,validation,SeasonalNaive,118.5,110.6
RO1_PRICE,Cement In Bulk (Ordinary Portland Cement),2023-02-01,2023-03-01,1,validation,Naive,118.4,118.2
RO1_PRICE,Cement In Bulk (Ordinary Portland Cement),2023-02-01,2023-03-01,1,validation,SeasonalNaive,110.0,118.2
RO1_PRICE,Cement In Bulk (Ordinary Portland Cement),2023-02-01,2023-05-01,3,validation,Naive,118.4,117.2
RO1_PRICE,Cement In Bulk (Ordinary Portland Cement),2023-02-01,2023-05-01,3,validation,SeasonalNaive,118.4,117.2
RO1_PRICE,Cement In Bulk (Ordinary Portland Cement),2023-02-01,2023-08-01,6,validation,Naive,118.4,114.4
RO1_PRICE,Cement In Bulk (Ordinary Portland Cement),2023-02-01,2023-08-01,6,validation,SeasonalNaive,119.0,114.4
RO1_PRICE,Cement In Bulk (Ordinary Portland Cement),2023-02-01,2024-02-01,12,validation,Naive,118.4,110.6
RO1_PRICE,Cement In Bulk (Ordinary Portland Cement),2023-02-01,2024-02-01,12,validation,SeasonalNaive,118.4,110.6
RO1_PRICE,Cement In Bulk (Ordinary Portland Cement),2023-03-01,2023-04-01,1,validation,Naive,118.2,118.0
RO1_PRICE,Cement In Bulk (Ordinary Portland Cement),2023-03-01,2023-04-01,1,validation,SeasonalNaive,112.7,118.0
RO1_PRICE,Cement In Bulk (Ordinary Portland Cement),2023-03-01,2023-06-01,3,validation,Naive,118.2,116.7
RO1_PRICE,Cement In Bulk (Ordinary Portland Cement),2023-03-01,2023-06-01,3,validation,SeasonalNaive,118.3,116.7
RO1_PRICE,Cement In Bulk (Ordinary Portland Cement),2023-03-01,2023-09-01,6,validation,Naive,118.2,113.5
RO1_PRICE,Cement In Bulk (Ordinary Portland Cement),2023-03-01,2023-09-01,6,validation,SeasonalNaive,118.6,113.5
RO1_PRICE,Cement In Bulk (Ordinary Portland Cement),2023-03-01,2024-03-01,12,validation,Naive,118.2,110.8
RO1_PRICE,Cement In Bulk (Ordinary Portland Cement),2023-03-01,2024-03-01,12,validation,SeasonalNaive,118.2,110.8
RO1_PRICE,Cement In Bulk (Ordinary Portland Cement),2023-04-01,2023-05-01,1,validation,Naive,118.0,117.2
RO1_PRICE,Cement In Bulk (Ordinary Portland Cement),2023-04-01,2023-05-01,1,validation,SeasonalNaive,118.4,117.2
RO1_PRICE,Cement In Bulk (Ordinary Portland Cement),2023-04-01,2023-07-01,3,validation,Naive,118.0,115.2
RO1_PRICE,Cement In Bulk (Ordinary Portland Cement),2023-04-01,2023-07-01,3,validation,SeasonalNaive,118.5,115.2
RO1_PRICE,Cement In Bulk (Ordinary Portland Cement),2023-04-01,2023-10-01,6,validation,Naive,118.0,113.2
RO1_PRICE,Cement In Bulk (Ordinary Portland Cement),2023-04-01,2023-10-01,6,validation,SeasonalNaive,118.6,113.2
RO1_PRICE,Cement In Bulk (Ordinary Portland Cement),2023-04-01,2024-04-01,12,validation,Naive,118.0,110.2
RO1_PRICE,Cement In Bulk (Ordinary Portland Cement),2023-04-01,2024-04-01,12,validation,SeasonalNaive,118.0,110.2
RO1_PRICE,Cement In Bulk (Ordinary Portland Cement),2023-05-01,2023-06-01,1,validation,Naive,117.2,116.7
RO1_PRICE,Cement In Bulk (Ordinary Portland Cement),2023-05-01,2023-06-01,1,validation,SeasonalNaive,118.3,116.7
RO1_PRICE,Cement In Bulk (Ordinary Portland Cement),2023-05-01,2023-08-01,3,validation,Naive,117.2,114.4
RO1_PRICE,Cement In Bulk (Ordinary Portland Cement),2023-05-01,2023-08-01,3,validation,SeasonalNaive,119.0,114.4
RO1_PRICE,Cement In Bulk (Ordinary Portland Cement),2023-05-01,2023-11-01,6,validation,Naive,117.2,112.0
RO1_PRICE,Cement In Bulk (Ordinary Portland Cement),2023-05-01,2023-11-01,6,validation,SeasonalNaive,118.4,112.0
RO1_PRICE,Cement In Bulk (Ordinary Portland Cement),2023-05-01,2024-05-01,12,validation,Naive,117.2,110.2
RO1_PRICE,Cement In Bulk (Ordinary Portland Cement),2023-05-01,2024-05-01,12,validation,SeasonalNaive,117.2,110.2
RO1_PRICE,Cement In Bulk (Ordinary Portland Cement),2023-06-01,2023-07-01,1,validation,Naive,116.7,115.2
RO1_PRICE,Cement In Bulk (Ordinary Portland Cement),2023-06-01,2023-07-01,1,validation,SeasonalNaive,118.5,115.2
RO1_PRICE,Cement In Bulk (Ordinary Portland Cement),2023-06-01,2023-09-01,3,validation,Naive,116.7,113.5
RO1_PRICE,Cement In Bulk (Ordinary Portland Cement),2023-06-01,2023-09-01,3,validation,SeasonalNaive,118.6,113.5
RO1_PRICE,Cement In Bulk (Ordinary Portland Cement),2023-06-01,2023-12-01,6,validation,Naive,116.7,111.7
RO1_PRICE,Cement In Bulk (Ordinary Portland Cement),2023-06-01,2023-12-01,6,validation,SeasonalNaive,118.3,111.7
RO1_PRICE,Cement In Bulk (Ordinary Portland Cement),2023-06-01,2024-06-01,12,validation,Naive,116.7,109.6
RO1_PRICE,Cement In Bulk (Ordinary Portland Cement),2023-06-01,2024-06-01,12,validation,SeasonalNaive,116.7,109.6
RO1_PRICE,Cement In Bulk (Ordinary Portland Cement),2023-07-01,2023-08-01,1,validation,Naive,115.2,114.4
RO1_PRICE,Cement In Bulk (Ordinary Portland Cement),2023-07-01,2023-08-01,1,validation,SeasonalNaive,119.0,114.4
RO1_PRICE,Cement In Bulk (Ordinary Portland Cement),2023-07-01,2023-10-01,3,validation,Naive,115.2,113.2
RO1_PRICE,Cement In Bulk (Ordinary Portland Cement),2023-07-01,2023-10-01,3,validation,SeasonalNaive,118.6,113.2
RO1_PRICE,Cement In Bulk (Ordinary Portland Cement),2023-07-01,2024-01-01,6,validation,Naive,115.2,110.6
RO1_PRICE,Cement In Bulk (Ordinary Portland Cement),2023-07-01,2024-01-01,6,validation,SeasonalNaive,118.5,110.6
RO1_PRICE,Cement In Bulk (Ordinary Portland Cement),2023-08-01,2023-09-01,1,validation,Naive,114.4,113.5
RO1_PRICE,Cement In Bulk (Ordinary Portland Cement),2023-08-01,2023-09-01,1,validation,SeasonalNaive,118.6,113.5
RO1_PRICE,Cement In Bulk (Ordinary Portland Cement),2023-08-01,2023-11-01,3,validation,Naive,114.4,112.0
RO1_PRICE,Cement In Bulk (Ordinary Portland Cement),2023-08-01,2023-11-01,3,validation,SeasonalNaive,118.4,112.0
RO1_PRICE,Cement In Bulk (Ordinary Portland Cement),2023-08-01,2024-02-01,6,validation,Naive,114.4,110.6
RO1_PRICE,Cement In Bulk (Ordinary Portland Cement),2023-08-01,2024-02-01,6,validation,SeasonalNaive,118.4,110.6
RO1_PRICE,Cement In Bulk (Ordinary Portland Cement),2023-09-01,2023-10-01,1,validation,Naive,113.5,113.2
RO1_PRICE,Cement In Bulk (Ordinary Portland Cement),2023-09-01,2023-10-01,1,validation,SeasonalNaive,118.6,113.2
RO1_PRICE,Cement In Bulk (Ordinary Portland Cement),2023-09-01,2023-12-01,3,validation,Naive,113.5,111.7
RO1_PRICE,Cement In Bulk (Ordinary Portland Cement),2023-09-01,2023-12-01,3,validation,SeasonalNaive,118.3,111.7
RO1_PRICE,Cement In Bulk (Ordinary Portland Cement),2023-09-01,2024-03-01,6,validation,Naive,113.5,110.8
RO1_PRICE,Cement In Bulk (Ordinary Portland Cement),2023-09-01,2024-03-01,6,validation,SeasonalNaive,118.2,110.8
RO1_PRICE,Cement In Bulk (Ordinary Portland Cement),2023-10-01,2023-11-01,1,validation,Naive,113.2,112.0
RO1_PRICE,Cement In Bulk (Ordinary Portland Cement),2023-10-01,2023-11-01,1,validation,SeasonalNaive,118.4,112.0
RO1_PRICE,Cement In Bulk (Ordinary Portland Cement),2023-10-01,2024-01-01,3,validation,Naive,113.2,110.6
RO1_PRICE,Cement In Bulk (Ordinary Portland Cement),2023-10-01,2024-01-01,3,validation,SeasonalNaive,118.5,110.6
RO1_PRICE,Cement In Bulk (Ordinary Portland Cement),2023-10-01,2024-04-01,6,validation,Naive,113.2,110.2
RO1_PRICE,Cement In Bulk (Ordinary Portland Cement),2023-10-01,2024-04-01,6,validation,SeasonalNaive,118.0,110.2
RO1_PRICE,Cement In Bulk (Ordinary Portland Cement),2023-11-01,2023-12-01,1,validation,Naive,112.0,111.7
RO1_PRICE,Cement In Bulk (Ordinary Portland Cement),2023-11-01,2023-12-01,1,validation,SeasonalNaive,118.3,111.7
RO1_PRICE,Cement In Bulk (Ordinary Portland Cement),2023-11-01,2024-02-01,3,validation,Naive,112.0,110.6
RO1_PRICE,Cement In Bulk (Ordinary Portland Cement),2023-11-01,2024-02-01,3,validation,SeasonalNaive,118.4,110.6
RO1_PRICE,Cement In Bulk (Ordinary Portland Cement),2023-11-01,2024-05-01,6,validation,Naive,112.0,110.2
RO1_PRICE,Cement In Bulk (Ordinary Portland Cement),2023-11-01,2024-05-01,6,validation,SeasonalNaive,117.2,110.2
RO1_PRICE,Cement In Bulk (Ordinary Portland Cement),2023-12-01,2024-01-01,1,validation,Naive,111.7,110.6
RO1_PRICE,Cement In Bulk (Ordinary Portland Cement),2023-12-01,2024-01-01,1,validation,SeasonalNaive,118.5,110.6
RO1_PRICE,Cement In Bulk (Ordinary Portland Cement),2023-12-01,2024-03-01,3,validation,Naive,111.7,110.8
RO1_PRICE,Cement In Bulk (Ordinary Portland Cement),2023-12-01,2024-03-01,3,validation,SeasonalNaive,118.2,110.8
RO1_PRICE,Cement In Bulk (Ordinary Portland Cement),2023-12-01,2024-06-01,6,validation,Naive,111.7,109.6
RO1_PRICE,Cement In Bulk (Ordinary Portland Cement),2023-12-01,2024-06-01,6,validation,SeasonalNaive,116.7,109.6
RO1_PRICE,Cement In Bulk (Ordinary Portland Cement),2024-01-01,2024-02-01,1,validation,Naive,110.6,110.6
RO1_PRICE,Cement In Bulk (Ordinary Portland Cement),2024-01-01,2024-02-01,1,validation,SeasonalNaive,118.4,110.6
RO1_PRICE,Cement In Bulk (Ordinary Portland Cement),2024-01-01,2024-04-01,3,validation,Naive,110.6,110.2
RO1_PRICE,Cement In Bulk (Ordinary Portland Cement),2024-01-01,2024-04-01,3,validation,SeasonalNaive,118.0,110.2
RO1_PRICE,Cement In Bulk (Ordinary Portland Cement),2024-02-01,2024-03-01,1,validation,Naive,110.6,110.8
RO1_PRICE,Cement In Bulk (Ordinary Portland Cement),2024-02-01,2024-03-01,1,validation,SeasonalNaive,118.2,110.8
RO1_PRICE,Cement In Bulk (Ordinary Portland Cement),2024-02-01,2024-05-01,3,validation,Naive,110.6,110.2
RO1_PRICE,Cement In Bulk (Ordinary Portland Cement),2024-02-01,2024-05-01,3,validation,SeasonalNaive,117.2,110.2
RO1_PRICE,Cement In Bulk (Ordinary Portland Cement),2024-03-01,2024-04-01,1,validation,Naive,110.8,110.2
RO1_PRICE,Cement In Bulk (Ordinary Portland Cement),2024-03-01,2024-04-01,1,validation,SeasonalNaive,118.0,110.2
RO1_PRICE,Cement In Bulk (Ordinary Portland Cement),2024-03-01,2024-06-01,3,validation,Naive,110.8,109.6
RO1_PRICE,Cement In Bulk (Ordinary Portland Cement),2024-03-01,2024-06-01,3,validation,SeasonalNaive,116.7,109.6
RO1_PRICE,Cement In Bulk (Ordinary Portland Cement),2024-04-01,2024-05-01,1,validation,Naive,110.2,110.2
RO1_PRICE,Cement In Bulk (Ordinary Portland Cement),2024-04-01,2024-05-01,1,validation,SeasonalNaive,117.2,110.2
RO1_PRICE,Cement In Bulk (Ordinary Portland Cement),2024-05-01,2024-06-01,1,validation,Naive,110.2,109.6
RO1_PRICE,Cement In Bulk (Ordinary Portland Cement),2024-05-01,2024-06-01,1,validation,SeasonalNaive,116.7,109.6
RO1_PRICE,Concreting Sand,2022-07-01,2022-08-01,1,validation,Naive,23.6,23.2
RO1_PRICE,Concreting Sand,2022-07-01,2022-08-01,1,validation,SeasonalNaive,23.9,23.2
RO1_PRICE,Concreting Sand,2022-07-01,2022-10-01,3,validation,Naive,23.6,23.0
RO1_PRICE,Concreting Sand,2022-07-01,2022-10-01,3,validation,SeasonalNaive,22.7,23.0
RO1_PRICE,Concreting Sand,2022-07-01,2023-01-01,6,validation,Naive,23.6,28.2
RO1_PRICE,Concreting Sand,2022-07-01,2023-01-01,6,validation,SeasonalNaive,22.9,28.2
RO1_PRICE,Concreting Sand,2022-07-01,2023-07-01,12,validation,Naive,23.6,29.0
RO1_PRICE,Concreting Sand,2022-07-01,2023-07-01,12,validation,SeasonalNaive,23.6,29.0
RO1_PRICE,Concreting Sand,2022-08-01,2022-09-01,1,validation,Naive,23.2,22.5
RO1_PRICE,Concreting Sand,2022-08-01,2022-09-01,1,validation,SeasonalNaive,23.1,22.5
RO1_PRICE,Concreting Sand,2022-08-01,2022-11-01,3,validation,Naive,23.2,22.4
RO1_PRICE,Concreting Sand,2022-08-01,2022-11-01,3,validation,SeasonalNaive,22.6,22.4
RO1_PRICE,Concreting Sand,2022-08-01,2023-02-01,6,validation,Naive,23.2,28.2
RO1_PRICE,Concreting Sand,2022-08-01,2023-02-01,6,validation,SeasonalNaive,24.3,28.2
RO1_PRICE,Concreting Sand,2022-08-01,2023-08-01,12,validation,Naive,23.2,29.4
RO1_PRICE,Concreting Sand,2022-08-01,2023-08-01,12,validation,SeasonalNaive,23.2,29.4
RO1_PRICE,Concreting Sand,2022-09-01,2022-10-01,1,validation,Naive,22.5,23.0
RO1_PRICE,Concreting Sand,2022-09-01,2022-10-01,1,validation,SeasonalNaive,22.7,23.0
RO1_PRICE,Concreting Sand,2022-09-01,2022-12-01,3,validation,Naive,22.5,28.1
RO1_PRICE,Concreting Sand,2022-09-01,2022-12-01,3,validation,SeasonalNaive,23.0,28.1
RO1_PRICE,Concreting Sand,2022-09-01,2023-03-01,6,validation,Naive,22.5,29.2
RO1_PRICE,Concreting Sand,2022-09-01,2023-03-01,6,validation,SeasonalNaive,23.2,29.2
RO1_PRICE,Concreting Sand,2022-09-01,2023-09-01,12,validation,Naive,22.5,29.5
RO1_PRICE,Concreting Sand,2022-09-01,2023-09-01,12,validation,SeasonalNaive,22.5,29.5
RO1_PRICE,Concreting Sand,2022-10-01,2022-11-01,1,validation,Naive,23.0,22.4
RO1_PRICE,Concreting Sand,2022-10-01,2022-11-01,1,validation,SeasonalNaive,22.6,22.4
RO1_PRICE,Concreting Sand,2022-10-01,2023-01-01,3,validation,Naive,23.0,28.2
RO1_PRICE,Concreting Sand,2022-10-01,2023-01-01,3,validation,SeasonalNaive,22.9,28.2
RO1_PRICE,Concreting Sand,2022-10-01,2023-04-01,6,validation,Naive,23.0,29.1
RO1_PRICE,Concreting Sand,2022-10-01,2023-04-01,6,validation,SeasonalNaive,24.7,29.1
RO1_PRICE,Concreting Sand,2022-10-01,2023-10-01,12,validation,Naive,23.0,29.3
RO1_PRICE,Concreting Sand,2022-10-01,2023-10-01,12,validation,SeasonalNaive,23.0,29.3
RO1_PRICE,Concreting Sand,2022-11-01,2022-12-01,1,validation,Naive,22.4,28.1
RO1_PRICE,Concreting Sand,2022-11-01,2022-12-01,1,validation,SeasonalNaive,23.0,28.1
RO1_PRICE,Concreting Sand,2022-11-01,2023-02-01,3,validation,Naive,22.4,28.2
RO1_PRICE,Concreting Sand,2022-11-01,2023-02-01,3,validation,SeasonalNaive,24.3,28.2
RO1_PRICE,Concreting Sand,2022-11-01,2023-05-01,6,validation,Naive,22.4,29.2
RO1_PRICE,Concreting Sand,2022-11-01,2023-05-01,6,validation,SeasonalNaive,24.2,29.2
RO1_PRICE,Concreting Sand,2022-11-01,2023-11-01,12,validation,Naive,22.4,29.6
RO1_PRICE,Concreting Sand,2022-11-01,2023-11-01,12,validation,SeasonalNaive,22.4,29.6
RO1_PRICE,Concreting Sand,2022-12-01,2023-01-01,1,validation,Naive,28.1,28.2
RO1_PRICE,Concreting Sand,2022-12-01,2023-01-01,1,validation,SeasonalNaive,22.9,28.2
RO1_PRICE,Concreting Sand,2022-12-01,2023-03-01,3,validation,Naive,28.1,29.2
RO1_PRICE,Concreting Sand,2022-12-01,2023-03-01,3,validation,SeasonalNaive,23.2,29.2
RO1_PRICE,Concreting Sand,2022-12-01,2023-06-01,6,validation,Naive,28.1,29.2
RO1_PRICE,Concreting Sand,2022-12-01,2023-06-01,6,validation,SeasonalNaive,23.8,29.2
RO1_PRICE,Concreting Sand,2022-12-01,2023-12-01,12,validation,Naive,28.1,27.9
RO1_PRICE,Concreting Sand,2022-12-01,2023-12-01,12,validation,SeasonalNaive,28.1,27.9
RO1_PRICE,Concreting Sand,2023-01-01,2023-02-01,1,validation,Naive,28.2,28.2
RO1_PRICE,Concreting Sand,2023-01-01,2023-02-01,1,validation,SeasonalNaive,24.3,28.2
RO1_PRICE,Concreting Sand,2023-01-01,2023-04-01,3,validation,Naive,28.2,29.1
RO1_PRICE,Concreting Sand,2023-01-01,2023-04-01,3,validation,SeasonalNaive,24.7,29.1
RO1_PRICE,Concreting Sand,2023-01-01,2023-07-01,6,validation,Naive,28.2,29.0
RO1_PRICE,Concreting Sand,2023-01-01,2023-07-01,6,validation,SeasonalNaive,23.6,29.0
RO1_PRICE,Concreting Sand,2023-01-01,2024-01-01,12,validation,Naive,28.2,28.1
RO1_PRICE,Concreting Sand,2023-01-01,2024-01-01,12,validation,SeasonalNaive,28.2,28.1
RO1_PRICE,Concreting Sand,2023-02-01,2023-03-01,1,validation,Naive,28.2,29.2
RO1_PRICE,Concreting Sand,2023-02-01,2023-03-01,1,validation,SeasonalNaive,23.2,29.2
RO1_PRICE,Concreting Sand,2023-02-01,2023-05-01,3,validation,Naive,28.2,29.2
RO1_PRICE,Concreting Sand,2023-02-01,2023-05-01,3,validation,SeasonalNaive,24.2,29.2
RO1_PRICE,Concreting Sand,2023-02-01,2023-08-01,6,validation,Naive,28.2,29.4
RO1_PRICE,Concreting Sand,2023-02-01,2023-08-01,6,validation,SeasonalNaive,23.2,29.4
RO1_PRICE,Concreting Sand,2023-02-01,2024-02-01,12,validation,Naive,28.2,28.3
RO1_PRICE,Concreting Sand,2023-02-01,2024-02-01,12,validation,SeasonalNaive,28.2,28.3
RO1_PRICE,Concreting Sand,2023-03-01,2023-04-01,1,validation,Naive,29.2,29.1
RO1_PRICE,Concreting Sand,2023-03-01,2023-04-01,1,validation,SeasonalNaive,24.7,29.1
RO1_PRICE,Concreting Sand,2023-03-01,2023-06-01,3,validation,Naive,29.2,29.2
RO1_PRICE,Concreting Sand,2023-03-01,2023-06-01,3,validation,SeasonalNaive,23.8,29.2
RO1_PRICE,Concreting Sand,2023-03-01,2023-09-01,6,validation,Naive,29.2,29.5
RO1_PRICE,Concreting Sand,2023-03-01,2023-09-01,6,validation,SeasonalNaive,22.5,29.5
RO1_PRICE,Concreting Sand,2023-03-01,2024-03-01,12,validation,Naive,29.2,28.1
RO1_PRICE,Concreting Sand,2023-03-01,2024-03-01,12,validation,SeasonalNaive,29.2,28.1
RO1_PRICE,Concreting Sand,2023-04-01,2023-05-01,1,validation,Naive,29.1,29.2
RO1_PRICE,Concreting Sand,2023-04-01,2023-05-01,1,validation,SeasonalNaive,24.2,29.2
RO1_PRICE,Concreting Sand,2023-04-01,2023-07-01,3,validation,Naive,29.1,29.0
RO1_PRICE,Concreting Sand,2023-04-01,2023-07-01,3,validation,SeasonalNaive,23.6,29.0
RO1_PRICE,Concreting Sand,2023-04-01,2023-10-01,6,validation,Naive,29.1,29.3
RO1_PRICE,Concreting Sand,2023-04-01,2023-10-01,6,validation,SeasonalNaive,23.0,29.3
RO1_PRICE,Concreting Sand,2023-04-01,2024-04-01,12,validation,Naive,29.1,27.9
RO1_PRICE,Concreting Sand,2023-04-01,2024-04-01,12,validation,SeasonalNaive,29.1,27.9
RO1_PRICE,Concreting Sand,2023-05-01,2023-06-01,1,validation,Naive,29.2,29.2
RO1_PRICE,Concreting Sand,2023-05-01,2023-06-01,1,validation,SeasonalNaive,23.8,29.2
RO1_PRICE,Concreting Sand,2023-05-01,2023-08-01,3,validation,Naive,29.2,29.4
RO1_PRICE,Concreting Sand,2023-05-01,2023-08-01,3,validation,SeasonalNaive,23.2,29.4
RO1_PRICE,Concreting Sand,2023-05-01,2023-11-01,6,validation,Naive,29.2,29.6
RO1_PRICE,Concreting Sand,2023-05-01,2023-11-01,6,validation,SeasonalNaive,22.4,29.6
RO1_PRICE,Concreting Sand,2023-05-01,2024-05-01,12,validation,Naive,29.2,27.9
RO1_PRICE,Concreting Sand,2023-05-01,2024-05-01,12,validation,SeasonalNaive,29.2,27.9
RO1_PRICE,Concreting Sand,2023-06-01,2023-07-01,1,validation,Naive,29.2,29.0
RO1_PRICE,Concreting Sand,2023-06-01,2023-07-01,1,validation,SeasonalNaive,23.6,29.0
RO1_PRICE,Concreting Sand,2023-06-01,2023-09-01,3,validation,Naive,29.2,29.5
RO1_PRICE,Concreting Sand,2023-06-01,2023-09-01,3,validation,SeasonalNaive,22.5,29.5
RO1_PRICE,Concreting Sand,2023-06-01,2023-12-01,6,validation,Naive,29.2,27.9
RO1_PRICE,Concreting Sand,2023-06-01,2023-12-01,6,validation,SeasonalNaive,28.1,27.9
RO1_PRICE,Concreting Sand,2023-06-01,2024-06-01,12,validation,Naive,29.2,28.0
RO1_PRICE,Concreting Sand,2023-06-01,2024-06-01,12,validation,SeasonalNaive,29.2,28.0
RO1_PRICE,Concreting Sand,2023-07-01,2023-08-01,1,validation,Naive,29.0,29.4
RO1_PRICE,Concreting Sand,2023-07-01,2023-08-01,1,validation,SeasonalNaive,23.2,29.4
RO1_PRICE,Concreting Sand,2023-07-01,2023-10-01,3,validation,Naive,29.0,29.3
RO1_PRICE,Concreting Sand,2023-07-01,2023-10-01,3,validation,SeasonalNaive,23.0,29.3
RO1_PRICE,Concreting Sand,2023-07-01,2024-01-01,6,validation,Naive,29.0,28.1
RO1_PRICE,Concreting Sand,2023-07-01,2024-01-01,6,validation,SeasonalNaive,28.2,28.1
RO1_PRICE,Concreting Sand,2023-08-01,2023-09-01,1,validation,Naive,29.4,29.5
RO1_PRICE,Concreting Sand,2023-08-01,2023-09-01,1,validation,SeasonalNaive,22.5,29.5
RO1_PRICE,Concreting Sand,2023-08-01,2023-11-01,3,validation,Naive,29.4,29.6
RO1_PRICE,Concreting Sand,2023-08-01,2023-11-01,3,validation,SeasonalNaive,22.4,29.6
RO1_PRICE,Concreting Sand,2023-08-01,2024-02-01,6,validation,Naive,29.4,28.3
RO1_PRICE,Concreting Sand,2023-08-01,2024-02-01,6,validation,SeasonalNaive,28.2,28.3
RO1_PRICE,Concreting Sand,2023-09-01,2023-10-01,1,validation,Naive,29.5,29.3
RO1_PRICE,Concreting Sand,2023-09-01,2023-10-01,1,validation,SeasonalNaive,23.0,29.3
RO1_PRICE,Concreting Sand,2023-09-01,2023-12-01,3,validation,Naive,29.5,27.9
RO1_PRICE,Concreting Sand,2023-09-01,2023-12-01,3,validation,SeasonalNaive,28.1,27.9
RO1_PRICE,Concreting Sand,2023-09-01,2024-03-01,6,validation,Naive,29.5,28.1
RO1_PRICE,Concreting Sand,2023-09-01,2024-03-01,6,validation,SeasonalNaive,29.2,28.1
RO1_PRICE,Concreting Sand,2023-10-01,2023-11-01,1,validation,Naive,29.3,29.6
RO1_PRICE,Concreting Sand,2023-10-01,2023-11-01,1,validation,SeasonalNaive,22.4,29.6
RO1_PRICE,Concreting Sand,2023-10-01,2024-01-01,3,validation,Naive,29.3,28.1
RO1_PRICE,Concreting Sand,2023-10-01,2024-01-01,3,validation,SeasonalNaive,28.2,28.1
RO1_PRICE,Concreting Sand,2023-10-01,2024-04-01,6,validation,Naive,29.3,27.9
RO1_PRICE,Concreting Sand,2023-10-01,2024-04-01,6,validation,SeasonalNaive,29.1,27.9
RO1_PRICE,Concreting Sand,2023-11-01,2023-12-01,1,validation,Naive,29.6,27.9
RO1_PRICE,Concreting Sand,2023-11-01,2023-12-01,1,validation,SeasonalNaive,28.1,27.9
RO1_PRICE,Concreting Sand,2023-11-01,2024-02-01,3,validation,Naive,29.6,28.3
RO1_PRICE,Concreting Sand,2023-11-01,2024-02-01,3,validation,SeasonalNaive,28.2,28.3
RO1_PRICE,Concreting Sand,2023-11-01,2024-05-01,6,validation,Naive,29.6,27.9
RO1_PRICE,Concreting Sand,2023-11-01,2024-05-01,6,validation,SeasonalNaive,29.2,27.9
RO1_PRICE,Concreting Sand,2023-12-01,2024-01-01,1,validation,Naive,27.9,28.1
RO1_PRICE,Concreting Sand,2023-12-01,2024-01-01,1,validation,SeasonalNaive,28.2,28.1
RO1_PRICE,Concreting Sand,2023-12-01,2024-03-01,3,validation,Naive,27.9,28.1
RO1_PRICE,Concreting Sand,2023-12-01,2024-03-01,3,validation,SeasonalNaive,29.2,28.1
RO1_PRICE,Concreting Sand,2023-12-01,2024-06-01,6,validation,Naive,27.9,28.0
RO1_PRICE,Concreting Sand,2023-12-01,2024-06-01,6,validation,SeasonalNaive,29.2,28.0
RO1_PRICE,Concreting Sand,2024-01-01,2024-02-01,1,validation,Naive,28.1,28.3
RO1_PRICE,Concreting Sand,2024-01-01,2024-02-01,1,validation,SeasonalNaive,28.2,28.3
RO1_PRICE,Concreting Sand,2024-01-01,2024-04-01,3,validation,Naive,28.1,27.9
RO1_PRICE,Concreting Sand,2024-01-01,2024-04-01,3,validation,SeasonalNaive,29.1,27.9
RO1_PRICE,Concreting Sand,2024-02-01,2024-03-01,1,validation,Naive,28.3,28.1
RO1_PRICE,Concreting Sand,2024-02-01,2024-03-01,1,validation,SeasonalNaive,29.2,28.1
RO1_PRICE,Concreting Sand,2024-02-01,2024-05-01,3,validation,Naive,28.3,27.9
RO1_PRICE,Concreting Sand,2024-02-01,2024-05-01,3,validation,SeasonalNaive,29.2,27.9
RO1_PRICE,Concreting Sand,2024-03-01,2024-04-01,1,validation,Naive,28.1,27.9
RO1_PRICE,Concreting Sand,2024-03-01,2024-04-01,1,validation,SeasonalNaive,29.1,27.9
RO1_PRICE,Concreting Sand,2024-03-01,2024-06-01,3,validation,Naive,28.1,28.0
RO1_PRICE,Concreting Sand,2024-03-01,2024-06-01,3,validation,SeasonalNaive,29.2,28.0
RO1_PRICE,Concreting Sand,2024-04-01,2024-05-01,1,validation,Naive,27.9,27.9
RO1_PRICE,Concreting Sand,2024-04-01,2024-05-01,1,validation,SeasonalNaive,29.2,27.9
RO1_PRICE,Concreting Sand,2024-05-01,2024-06-01,1,validation,Naive,27.9,28.0
RO1_PRICE,Concreting Sand,2024-05-01,2024-06-01,1,validation,SeasonalNaive,29.2,28.0
RO1_PRICE,Granite (20mm Aggregate),2022-07-01,2022-08-01,1,validation,Naive,20.7,20.5
RO1_PRICE,Granite (20mm Aggregate),2022-07-01,2022-08-01,1,validation,SeasonalNaive,20.8,20.5
RO1_PRICE,Granite (20mm Aggregate),2022-07-01,2022-10-01,3,validation,Naive,20.7,20.4
RO1_PRICE,Granite (20mm Aggregate),2022-07-01,2022-10-01,3,validation,SeasonalNaive,20.4,20.4
RO1_PRICE,Granite (20mm Aggregate),2022-07-01,2023-01-01,6,validation,Naive,20.7,19.0
RO1_PRICE,Granite (20mm Aggregate),2022-07-01,2023-01-01,6,validation,SeasonalNaive,20.0,19.0
RO1_PRICE,Granite (20mm Aggregate),2022-07-01,2023-07-01,12,validation,Naive,20.7,18.5
RO1_PRICE,Granite (20mm Aggregate),2022-07-01,2023-07-01,12,validation,SeasonalNaive,20.7,18.5
RO1_PRICE,Granite (20mm Aggregate),2022-08-01,2022-09-01,1,validation,Naive,20.5,20.8
RO1_PRICE,Granite (20mm Aggregate),2022-08-01,2022-09-01,1,validation,SeasonalNaive,20.9,20.8
RO1_PRICE,Granite (20mm Aggregate),2022-08-01,2022-11-01,3,validation,Naive,20.5,20.5
RO1_PRICE,Granite (20mm Aggregate),2022-08-01,2022-11-01,3,validation,SeasonalNaive,20.1,20.5
RO1_PRICE,Granite (20mm Aggregate),2022-08-01,2023-02-01,6,validation,Naive,20.5,18.5
RO1_PRICE,Granite (20mm Aggregate),2022-08-01,2023-02-01,6,validation,SeasonalNaive,19.9,18.5
RO1_PRICE,Granite (20mm Aggregate),2022-08-01,2023-08-01,12,validation,Naive,20.5,18.5
RO1_PRICE,Granite (20mm Aggregate),2022-08-01,2023-08-01,12,validation,SeasonalNaive,20.5,18.5
RO1_PRICE,Granite (20mm Aggregate),2022-09-01,2022-10-01,1,validation,Naive,20.8,20.4
RO1_PRICE,Granite (20mm Aggregate),2022-09-01,2022-10-01,1,validation,SeasonalNaive,20.4,20.4
RO1_PRICE,Granite (20mm Aggregate),2022-09-01,2022-12-01,3,validation,Naive,20.8,19.3
RO1_PRICE,Granite (20mm Aggregate),2022-09-01,2022-12-01,3,validation,SeasonalNaive,20.1,19.3
RO1_PRICE,Granite (20mm Aggregate),2022-09-01,2023-03-01,6,validation,Naive,20.8,18.3
RO1_PRICE,Granite (20mm Aggregate),2022-09-01,2023-03-01,6,validation,SeasonalNaive,20.1,18.3
RO1_PRICE,Granite (20mm Aggregate),2022-09-01,2023-09-01,12,validation,Naive,20.8,18.6
RO1_PRICE,Granite (20mm Aggregate),2022-09-01,2023-09-01,12,validation,SeasonalNaive,20.8,18.6
RO1_PRICE,Granite (20mm Aggregate),2022-10-01,2022-11-01,1,validation,Naive,20.4,20.5
RO1_PRICE,Granite (20mm Aggregate),2022-10-01,2022-11-01,1,validation,SeasonalNaive,20.1,20.5
RO1_PRICE,Granite (20mm Aggregate),2022-10-01,2023-01-01,3,validation,Naive,20.4,19.0
RO1_PRICE,Granite (20mm Aggregate),2022-10-01,2023-01-01,3,validation,SeasonalNaive,20.0,19.0
RO1_PRICE,Granite (20mm Aggregate),2022-10-01,2023-04-01,6,validation,Naive,20.4,18.6
RO1_PRICE,Granite (20mm Aggregate),2022-10-01,2023-04-01,6,validation,SeasonalNaive,20.3,18.6
RO1_PRICE,Granite (20mm Aggregate),2022-10-01,2023-10-01,12,validation,Naive,20.4,19.5
RO1_PRICE,Granite (20mm Aggregate),2022-10-01,2023-10-01,12,validation,SeasonalNaive,20.4,19.5
RO1_PRICE,Granite (20mm Aggregate),2022-11-01,2022-12-01,1,validation,Naive,20.5,19.3
RO1_PRICE,Granite (20mm Aggregate),2022-11-01,2022-12-01,1,validation,SeasonalNaive,20.1,19.3
RO1_PRICE,Granite (20mm Aggregate),2022-11-01,2023-02-01,3,validation,Naive,20.5,18.5
RO1_PRICE,Granite (20mm Aggregate),2022-11-01,2023-02-01,3,validation,SeasonalNaive,19.9,18.5
RO1_PRICE,Granite (20mm Aggregate),2022-11-01,2023-05-01,6,validation,Naive,20.5,18.3
RO1_PRICE,Granite (20mm Aggregate),2022-11-01,2023-05-01,6,validation,SeasonalNaive,20.6,18.3
RO1_PRICE,Granite (20mm Aggregate),2022-11-01,2023-11-01,12,validation,Naive,20.5,20.3
RO1_PRICE,Granite (20mm Aggregate),2022-11-01,2023-11-01,12,validation,SeasonalNaive,20.5,20.3
RO1_PRICE,Granite (20mm Aggregate),2022-12-01,2023-01-01,1,validation,Naive,19.3,19.0
RO1_PRICE,Granite (20mm Aggregate),2022-12-01,2023-01-01,1,validation,SeasonalNaive,20.0,19.0
RO1_PRICE,Granite (20mm Aggregate),2022-12-01,2023-03-01,3,validation,Naive,19.3,18.3
RO1_PRICE,Granite (20mm Aggregate),2022-12-01,2023-03-01,3,validation,SeasonalNaive,20.1,18.3
RO1_PRICE,Granite (20mm Aggregate),2022-12-01,2023-06-01,6,validation,Naive,19.3,18.5
RO1_PRICE,Granite (20mm Aggregate),2022-12-01,2023-06-01,6,validation,SeasonalNaive,20.9,18.5
RO1_PRICE,Granite (20mm Aggregate),2022-12-01,2023-12-01,12,validation,Naive,19.3,21.2
RO1_PRICE,Granite (20mm Aggregate),2022-12-01,2023-12-01,12,validation,SeasonalNaive,19.3,21.2
RO1_PRICE,Granite (20mm Aggregate),2023-01-01,2023-02-01,1,validation,Naive,19.0,18.5
RO1_PRICE,Granite (20mm Aggregate),2023-01-01,2023-02-01,1,validation,SeasonalNaive,19.9,18.5
RO1_PRICE,Granite (20mm Aggregate),2023-01-01,2023-04-01,3,validation,Naive,19.0,18.6
RO1_PRICE,Granite (20mm Aggregate),2023-01-01,2023-04-01,3,validation,SeasonalNaive,20.3,18.6
RO1_PRICE,Granite (20mm Aggregate),2023-01-01,2023-07-01,6,validation,Naive,19.0,18.5
RO1_PRICE,Granite (20mm Aggregate),2023-01-01,2023-07-01,6,validation,SeasonalNaive,20.7,18.5
RO1_PRICE,Granite (20mm Aggregate),2023-01-01,2024-01-01,12,validation,Naive,19.0,22.3
RO1_PRICE,Granite (20mm Aggregate),2023-01-01,2024-01-01,12,validation,SeasonalNaive,19.0,22.3
RO1_PRICE,Granite (20mm Aggregate),2023-02-01,2023-03-01,1,validation,Naive,18.5,18.3
RO1_PRICE,Granite (20mm Aggregate),2023-02-01,2023-03-01,1,validation,SeasonalNaive,20.1,18.3
RO1_PRICE,Granite (20mm Aggregate),2023-02-01,2023-05-01,3,validation,Naive,18.5,18.3
RO1_PRICE,Granite (20mm Aggregate),2023-02-01,2023-05-01,3,validation,SeasonalNaive,20.6,18.3
RO1_PRICE,Granite (20mm Aggregate),2023-02-01,2023-08-01,6,validation,Naive,18.5,18.5
RO1_PRICE,Granite (20mm Aggregate),2023-02-01,2023-08-01,6,validation,SeasonalNaive,20.5,18.5
RO1_PRICE,Granite (20mm Aggregate),2023-02-01,2024-02-01,12,validation,Naive,18.5,22.2
RO1_PRICE,Granite (20mm Aggregate),2023-02-01,2024-02-01,12,validation,SeasonalNaive,18.5,22.2
RO1_PRICE,Granite (20mm Aggregate),2023-03-01,2023-04-01,1,validation,Naive,18.3,18.6
RO1_PRICE,Granite (20mm Aggregate),2023-03-01,2023-04-01,1,validation,SeasonalNaive,20.3,18.6
RO1_PRICE,Granite (20mm Aggregate),2023-03-01,2023-06-01,3,validation,Naive,18.3,18.5
RO1_PRICE,Granite (20mm Aggregate),2023-03-01,2023-06-01,3,validation,SeasonalNaive,20.9,18.5
RO1_PRICE,Granite (20mm Aggregate),2023-03-01,2023-09-01,6,validation,Naive,18.3,18.6
RO1_PRICE,Granite (20mm Aggregate),2023-03-01,2023-09-01,6,validation,SeasonalNaive,20.8,18.6
RO1_PRICE,Granite (20mm Aggregate),2023-03-01,2024-03-01,12,validation,Naive,18.3,22.4
RO1_PRICE,Granite (20mm Aggregate),2023-03-01,2024-03-01,12,validation,SeasonalNaive,18.3,22.4
RO1_PRICE,Granite (20mm Aggregate),2023-04-01,2023-05-01,1,validation,Naive,18.6,18.3
RO1_PRICE,Granite (20mm Aggregate),2023-04-01,2023-05-01,1,validation,SeasonalNaive,20.6,18.3
RO1_PRICE,Granite (20mm Aggregate),2023-04-01,2023-07-01,3,validation,Naive,18.6,18.5
RO1_PRICE,Granite (20mm Aggregate),2023-04-01,2023-07-01,3,validation,SeasonalNaive,20.7,18.5
RO1_PRICE,Granite (20mm Aggregate),2023-04-01,2023-10-01,6,validation,Naive,18.6,19.5
RO1_PRICE,Granite (20mm Aggregate),2023-04-01,2023-10-01,6,validation,SeasonalNaive,20.4,19.5
RO1_PRICE,Granite (20mm Aggregate),2023-04-01,2024-04-01,12,validation,Naive,18.6,22.3
RO1_PRICE,Granite (20mm Aggregate),2023-04-01,2024-04-01,12,validation,SeasonalNaive,18.6,22.3
RO1_PRICE,Granite (20mm Aggregate),2023-05-01,2023-06-01,1,validation,Naive,18.3,18.5
RO1_PRICE,Granite (20mm Aggregate),2023-05-01,2023-06-01,1,validation,SeasonalNaive,20.9,18.5
RO1_PRICE,Granite (20mm Aggregate),2023-05-01,2023-08-01,3,validation,Naive,18.3,18.5
RO1_PRICE,Granite (20mm Aggregate),2023-05-01,2023-08-01,3,validation,SeasonalNaive,20.5,18.5
RO1_PRICE,Granite (20mm Aggregate),2023-05-01,2023-11-01,6,validation,Naive,18.3,20.3
RO1_PRICE,Granite (20mm Aggregate),2023-05-01,2023-11-01,6,validation,SeasonalNaive,20.5,20.3
RO1_PRICE,Granite (20mm Aggregate),2023-05-01,2024-05-01,12,validation,Naive,18.3,22.1
RO1_PRICE,Granite (20mm Aggregate),2023-05-01,2024-05-01,12,validation,SeasonalNaive,18.3,22.1
RO1_PRICE,Granite (20mm Aggregate),2023-06-01,2023-07-01,1,validation,Naive,18.5,18.5
RO1_PRICE,Granite (20mm Aggregate),2023-06-01,2023-07-01,1,validation,SeasonalNaive,20.7,18.5
RO1_PRICE,Granite (20mm Aggregate),2023-06-01,2023-09-01,3,validation,Naive,18.5,18.6
RO1_PRICE,Granite (20mm Aggregate),2023-06-01,2023-09-01,3,validation,SeasonalNaive,20.8,18.6
RO1_PRICE,Granite (20mm Aggregate),2023-06-01,2023-12-01,6,validation,Naive,18.5,21.2
RO1_PRICE,Granite (20mm Aggregate),2023-06-01,2023-12-01,6,validation,SeasonalNaive,19.3,21.2
RO1_PRICE,Granite (20mm Aggregate),2023-06-01,2024-06-01,12,validation,Naive,18.5,22.2
RO1_PRICE,Granite (20mm Aggregate),2023-06-01,2024-06-01,12,validation,SeasonalNaive,18.5,22.2
RO1_PRICE,Granite (20mm Aggregate),2023-07-01,2023-08-01,1,validation,Naive,18.5,18.5
RO1_PRICE,Granite (20mm Aggregate),2023-07-01,2023-08-01,1,validation,SeasonalNaive,20.5,18.5
RO1_PRICE,Granite (20mm Aggregate),2023-07-01,2023-10-01,3,validation,Naive,18.5,19.5
RO1_PRICE,Granite (20mm Aggregate),2023-07-01,2023-10-01,3,validation,SeasonalNaive,20.4,19.5
RO1_PRICE,Granite (20mm Aggregate),2023-07-01,2024-01-01,6,validation,Naive,18.5,22.3
RO1_PRICE,Granite (20mm Aggregate),2023-07-01,2024-01-01,6,validation,SeasonalNaive,19.0,22.3
RO1_PRICE,Granite (20mm Aggregate),2023-08-01,2023-09-01,1,validation,Naive,18.5,18.6
RO1_PRICE,Granite (20mm Aggregate),2023-08-01,2023-09-01,1,validation,SeasonalNaive,20.8,18.6
RO1_PRICE,Granite (20mm Aggregate),2023-08-01,2023-11-01,3,validation,Naive,18.5,20.3
RO1_PRICE,Granite (20mm Aggregate),2023-08-01,2023-11-01,3,validation,SeasonalNaive,20.5,20.3
RO1_PRICE,Granite (20mm Aggregate),2023-08-01,2024-02-01,6,validation,Naive,18.5,22.2
RO1_PRICE,Granite (20mm Aggregate),2023-08-01,2024-02-01,6,validation,SeasonalNaive,18.5,22.2
RO1_PRICE,Granite (20mm Aggregate),2023-09-01,2023-10-01,1,validation,Naive,18.6,19.5
RO1_PRICE,Granite (20mm Aggregate),2023-09-01,2023-10-01,1,validation,SeasonalNaive,20.4,19.5
RO1_PRICE,Granite (20mm Aggregate),2023-09-01,2023-12-01,3,validation,Naive,18.6,21.2
RO1_PRICE,Granite (20mm Aggregate),2023-09-01,2023-12-01,3,validation,SeasonalNaive,19.3,21.2
RO1_PRICE,Granite (20mm Aggregate),2023-09-01,2024-03-01,6,validation,Naive,18.6,22.4
RO1_PRICE,Granite (20mm Aggregate),2023-09-01,2024-03-01,6,validation,SeasonalNaive,18.3,22.4
RO1_PRICE,Granite (20mm Aggregate),2023-10-01,2023-11-01,1,validation,Naive,19.5,20.3
RO1_PRICE,Granite (20mm Aggregate),2023-10-01,2023-11-01,1,validation,SeasonalNaive,20.5,20.3
RO1_PRICE,Granite (20mm Aggregate),2023-10-01,2024-01-01,3,validation,Naive,19.5,22.3
RO1_PRICE,Granite (20mm Aggregate),2023-10-01,2024-01-01,3,validation,SeasonalNaive,19.0,22.3
RO1_PRICE,Granite (20mm Aggregate),2023-10-01,2024-04-01,6,validation,Naive,19.5,22.3
RO1_PRICE,Granite (20mm Aggregate),2023-10-01,2024-04-01,6,validation,SeasonalNaive,18.6,22.3
RO1_PRICE,Granite (20mm Aggregate),2023-11-01,2023-12-01,1,validation,Naive,20.3,21.2
RO1_PRICE,Granite (20mm Aggregate),2023-11-01,2023-12-01,1,validation,SeasonalNaive,19.3,21.2
RO1_PRICE,Granite (20mm Aggregate),2023-11-01,2024-02-01,3,validation,Naive,20.3,22.2
RO1_PRICE,Granite (20mm Aggregate),2023-11-01,2024-02-01,3,validation,SeasonalNaive,18.5,22.2
RO1_PRICE,Granite (20mm Aggregate),2023-11-01,2024-05-01,6,validation,Naive,20.3,22.1
RO1_PRICE,Granite (20mm Aggregate),2023-11-01,2024-05-01,6,validation,SeasonalNaive,18.3,22.1
RO1_PRICE,Granite (20mm Aggregate),2023-12-01,2024-01-01,1,validation,Naive,21.2,22.3
RO1_PRICE,Granite (20mm Aggregate),2023-12-01,2024-01-01,1,validation,SeasonalNaive,19.0,22.3
RO1_PRICE,Granite (20mm Aggregate),2023-12-01,2024-03-01,3,validation,Naive,21.2,22.4
RO1_PRICE,Granite (20mm Aggregate),2023-12-01,2024-03-01,3,validation,SeasonalNaive,18.3,22.4
RO1_PRICE,Granite (20mm Aggregate),2023-12-01,2024-06-01,6,validation,Naive,21.2,22.2
RO1_PRICE,Granite (20mm Aggregate),2023-12-01,2024-06-01,6,validation,SeasonalNaive,18.5,22.2
RO1_PRICE,Granite (20mm Aggregate),2024-01-01,2024-02-01,1,validation,Naive,22.3,22.2
RO1_PRICE,Granite (20mm Aggregate),2024-01-01,2024-02-01,1,validation,SeasonalNaive,18.5,22.2
RO1_PRICE,Granite (20mm Aggregate),2024-01-01,2024-04-01,3,validation,Naive,22.3,22.3
RO1_PRICE,Granite (20mm Aggregate),2024-01-01,2024-04-01,3,validation,SeasonalNaive,18.6,22.3
RO1_PRICE,Granite (20mm Aggregate),2024-02-01,2024-03-01,1,validation,Naive,22.2,22.4
RO1_PRICE,Granite (20mm Aggregate),2024-02-01,2024-03-01,1,validation,SeasonalNaive,18.3,22.4
RO1_PRICE,Granite (20mm Aggregate),2024-02-01,2024-05-01,3,validation,Naive,22.2,22.1
RO1_PRICE,Granite (20mm Aggregate),2024-02-01,2024-05-01,3,validation,SeasonalNaive,18.3,22.1
RO1_PRICE,Granite (20mm Aggregate),2024-03-01,2024-04-01,1,validation,Naive,22.4,22.3
RO1_PRICE,Granite (20mm Aggregate),2024-03-01,2024-04-01,1,validation,SeasonalNaive,18.6,22.3
RO1_PRICE,Granite (20mm Aggregate),2024-03-01,2024-06-01,3,validation,Naive,22.4,22.2
RO1_PRICE,Granite (20mm Aggregate),2024-03-01,2024-06-01,3,validation,SeasonalNaive,18.5,22.2
RO1_PRICE,Granite (20mm Aggregate),2024-04-01,2024-05-01,1,validation,Naive,22.3,22.1
RO1_PRICE,Granite (20mm Aggregate),2024-04-01,2024-05-01,1,validation,SeasonalNaive,18.3,22.1
RO1_PRICE,Granite (20mm Aggregate),2024-05-01,2024-06-01,1,validation,Naive,22.1,22.2
RO1_PRICE,Granite (20mm Aggregate),2024-05-01,2024-06-01,1,validation,SeasonalNaive,18.5,22.2
RO1_PRICE,Ready Mixed Concrete,2022-07-01,2022-08-01,1,validation,Naive,118.6,118.3
RO1_PRICE,Ready Mixed Concrete,2022-07-01,2022-08-01,1,validation,SeasonalNaive,104.6,118.3
RO1_PRICE,Ready Mixed Concrete,2022-07-01,2022-10-01,3,validation,Naive,118.6,118.5
RO1_PRICE,Ready Mixed Concrete,2022-07-01,2022-10-01,3,validation,SeasonalNaive,103.0,118.5
RO1_PRICE,Ready Mixed Concrete,2022-07-01,2023-01-01,6,validation,Naive,118.6,117.6
RO1_PRICE,Ready Mixed Concrete,2022-07-01,2023-01-01,6,validation,SeasonalNaive,105.3,117.6
RO1_PRICE,Ready Mixed Concrete,2022-07-01,2023-07-01,12,validation,Naive,118.6,116.3
RO1_PRICE,Ready Mixed Concrete,2022-07-01,2023-07-01,12,validation,SeasonalNaive,118.6,116.3
RO1_PRICE,Ready Mixed Concrete,2022-08-01,2022-09-01,1,validation,Naive,118.3,118.6
RO1_PRICE,Ready Mixed Concrete,2022-08-01,2022-09-01,1,validation,SeasonalNaive,104.1,118.6
RO1_PRICE,Ready Mixed Concrete,2022-08-01,2022-11-01,3,validation,Naive,118.3,118.2
RO1_PRICE,Ready Mixed Concrete,2022-08-01,2022-11-01,3,validation,SeasonalNaive,104.2,118.2
RO1_PRICE,Ready Mixed Concrete,2022-08-01,2023-02-01,6,validation,Naive,118.3,118.1
RO1_PRICE,Ready Mixed Concrete,2022-08-01,2023-02-01,6,validation,SeasonalNaive,105.7,118.1
RO1_PRICE,Ready Mixed Concrete,2022-08-01,2023-08-01,12,validation,Naive,118.3,116.4
RO1_PRICE,Ready Mixed Concrete,2022-08-01,2023-08-01,12,validation,SeasonalNaive,118.3,116.4
RO1_PRICE,Ready Mixed Concrete,2022-09-01,2022-10-01,1,validation,Naive,118.6,118.5
RO1_PRICE,Ready Mixed Concrete,2022-09-01,2022-10-01,1,validation,SeasonalNaive,103.0,118.5
RO1_PRICE,Ready Mixed Concrete,2022-09-01,2022-12-01,3,validation,Naive,118.6,118.0
RO1_PRICE,Ready Mixed Concrete,2022-09-01,2022-12-01,3,validation,SeasonalNaive,104.2,118.0
RO1_PRICE,Ready Mixed Concrete,2022-09-01,2023-03-01,6,validation,Naive,118.6,116.8
RO1_PRICE,Ready Mixed Concrete,2022-09-01,2023-03-01,6,validation,SeasonalNaive,112.7,116.8
RO1_PRICE,Ready Mixed Concrete,2022-09-01,2023-09-01,12,validation,Naive,118.6,116.6
RO1_PRICE,Ready Mixed Concrete,2022-09-01,2023-09-01,12,validation,SeasonalNaive,118.6,116.6
RO1_PRICE,Ready Mixed Concrete,2022-10-01,2022-11-01,1,validation,Naive,118.5,118.2
RO1_PRICE,Ready Mixed Concrete,2022-10-01,2022-11-01,1,validation,SeasonalNaive,104.2,118.2
RO1_PRICE,Ready Mixed Concrete,2022-10-01,2023-01-01,3,validation,Naive,118.5,117.6
RO1_PRICE,Ready Mixed Concrete,2022-10-01,2023-01-01,3,validation,SeasonalNaive,105.3,117.6
RO1_PRICE,Ready Mixed Concrete,2022-10-01,2023-04-01,6,validation,Naive,118.5,117.2
RO1_PRICE,Ready Mixed Concrete,2022-10-01,2023-04-01,6,validation,SeasonalNaive,116.8,117.2
RO1_PRICE,Ready Mixed Concrete,2022-10-01,2023-10-01,12,validation,Naive,118.5,116.4
RO1_PRICE,Ready Mixed Concrete,2022-10-01,2023-10-01,12,validation,SeasonalNaive,118.5,116.4
RO1_PRICE,Ready Mixed Concrete,2022-11-01,2022-12-01,1,validation,Naive,118.2,118.0
RO1_PRICE,Ready Mixed Concrete,2022-11-01,2022-12-01,1,validation,SeasonalNaive,104.2,118.0
RO1_PRICE,Ready Mixed Concrete,2022-11-01,2023-02-01,3,validation,Naive,118.2,118.1
RO1_PRICE,Ready Mixed Concrete,2022-11-01,2023-02-01,3,validation,SeasonalNaive,105.7,118.1
RO1_PRICE,Ready Mixed Concrete,2022-11-01,2023-05-01,6,validation,Naive,118.2,117.6
RO1_PRICE,Ready Mixed Concrete,2022-11-01,2023-05-01,6,validation,SeasonalNaive,117.9,117.6
RO1_PRICE,Ready Mixed Concrete,2022-11-01,2023-11-01,12,validation,Naive,118.2,115.4
RO1_PRICE,Ready Mixed Concrete,2022-11-01,2023-11-01,12,validation,SeasonalNaive,118.2,115.4
RO1_PRICE,Ready Mixed Concrete,2022-12-01,2023-01-01,1,validation,Naive,118.0,117.6
RO1_PRICE,Ready Mixed Concrete,2022-12-01,2023-01-01,1,validation,SeasonalNaive,105.3,117.6
RO1_PRICE,Ready Mixed Concrete,2022-12-01,2023-03-01,3,validation,Naive,118.0,116.8
RO1_PRICE,Ready Mixed Concrete,2022-12-01,2023-03-01,3,validation,SeasonalNaive,112.7,116.8
RO1_PRICE,Ready Mixed Concrete,2022-12-01,2023-06-01,6,validation,Naive,118.0,117.3
RO1_PRICE,Ready Mixed Concrete,2022-12-01,2023-06-01,6,validation,SeasonalNaive,118.8,117.3
RO1_PRICE,Ready Mixed Concrete,2022-12-01,2023-12-01,12,validation,Naive,118.0,115.4
RO1_PRICE,Ready Mixed Concrete,2022-12-01,2023-12-01,12,validation,SeasonalNaive,118.0,115.4
RO1_PRICE,Ready Mixed Concrete,2023-01-01,2023-02-01,1,validation,Naive,117.6,118.1
RO1_PRICE,Ready Mixed Concrete,2023-01-01,2023-02-01,1,validation,SeasonalNaive,105.7,118.1
RO1_PRICE,Ready Mixed Concrete,2023-01-01,2023-04-01,3,validation,Naive,117.6,117.2
RO1_PRICE,Ready Mixed Concrete,2023-01-01,2023-04-01,3,validation,SeasonalNaive,116.8,117.2
RO1_PRICE,Ready Mixed Concrete,2023-01-01,2023-07-01,6,validation,Naive,117.6,116.3
RO1_PRICE,Ready Mixed Concrete,2023-01-01,2023-07-01,6,validation,SeasonalNaive,118.6,116.3
RO1_PRICE,Ready Mixed Concrete,2023-01-01,2024-01-01,12,validation,Naive,117.6,118.1
RO1_PRICE,Ready Mixed Concrete,2023-01-01,2024-01-01,12,validation,SeasonalNaive,117.6,118.1
RO1_PRICE,Ready Mixed Concrete,2023-02-01,2023-03-01,1,validation,Naive,118.1,116.8
RO1_PRICE,Ready Mixed Concrete,2023-02-01,2023-03-01,1,validation,SeasonalNaive,112.7,116.8
RO1_PRICE,Ready Mixed Concrete,2023-02-01,2023-05-01,3,validation,Naive,118.1,117.6
RO1_PRICE,Ready Mixed Concrete,2023-02-01,2023-05-01,3,validation,SeasonalNaive,117.9,117.6
RO1_PRICE,Ready Mixed Concrete,2023-02-01,2023-08-01,6,validation,Naive,118.1,116.4
RO1_PRICE,Ready Mixed Concrete,2023-02-01,2023-08-01,6,validation,SeasonalNaive,118.3,116.4
RO1_PRICE,Ready Mixed Concrete,2023-02-01,2024-02-01,12,validation,Naive,118.1,118.0
RO1_PRICE,Ready Mixed Concrete,2023-02-01,2024-02-01,12,validation,SeasonalNaive,118.1,118.0
RO1_PRICE,Ready Mixed Concrete,2023-03-01,2023-04-01,1,validation,Naive,116.8,117.2
RO1_PRICE,Ready Mixed Concrete,2023-03-01,2023-04-01,1,validation,SeasonalNaive,116.8,117.2
RO1_PRICE,Ready Mixed Concrete,2023-03-01,2023-06-01,3,validation,Naive,116.8,117.3
RO1_PRICE,Ready Mixed Concrete,2023-03-01,2023-06-01,3,validation,SeasonalNaive,118.8,117.3
RO1_PRICE,Ready Mixed Concrete,2023-03-01,2023-09-01,6,validation,Naive,116.8,116.6
RO1_PRICE,Ready Mixed Concrete,2023-03-01,2023-09-01,6,validation,SeasonalNaive,118.6,116.6
RO1_PRICE,Ready Mixed Concrete,2023-03-01,2024-03-01,12,validation,Naive,116.8,118.0
RO1_PRICE,Ready Mixed Concrete,2023-03-01,2024-03-01,12,validation,SeasonalNaive,116.8,118.0
RO1_PRICE,Ready Mixed Concrete,2023-04-01,2023-05-01,1,validation,Naive,117.2,117.6
RO1_PRICE,Ready Mixed Concrete,2023-04-01,2023-05-01,1,validation,SeasonalNaive,117.9,117.6
RO1_PRICE,Ready Mixed Concrete,2023-04-01,2023-07-01,3,validation,Naive,117.2,116.3
RO1_PRICE,Ready Mixed Concrete,2023-04-01,2023-07-01,3,validation,SeasonalNaive,118.6,116.3
RO1_PRICE,Ready Mixed Concrete,2023-04-01,2023-10-01,6,validation,Naive,117.2,116.4
RO1_PRICE,Ready Mixed Concrete,2023-04-01,2023-10-01,6,validation,SeasonalNaive,118.5,116.4
RO1_PRICE,Ready Mixed Concrete,2023-04-01,2024-04-01,12,validation,Naive,117.2,119.2
RO1_PRICE,Ready Mixed Concrete,2023-04-01,2024-04-01,12,validation,SeasonalNaive,117.2,119.2
RO1_PRICE,Ready Mixed Concrete,2023-05-01,2023-06-01,1,validation,Naive,117.6,117.3
RO1_PRICE,Ready Mixed Concrete,2023-05-01,2023-06-01,1,validation,SeasonalNaive,118.8,117.3
RO1_PRICE,Ready Mixed Concrete,2023-05-01,2023-08-01,3,validation,Naive,117.6,116.4
RO1_PRICE,Ready Mixed Concrete,2023-05-01,2023-08-01,3,validation,SeasonalNaive,118.3,116.4
RO1_PRICE,Ready Mixed Concrete,2023-05-01,2023-11-01,6,validation,Naive,117.6,115.4
RO1_PRICE,Ready Mixed Concrete,2023-05-01,2023-11-01,6,validation,SeasonalNaive,118.2,115.4
RO1_PRICE,Ready Mixed Concrete,2023-05-01,2024-05-01,12,validation,Naive,117.6,120.4
RO1_PRICE,Ready Mixed Concrete,2023-05-01,2024-05-01,12,validation,SeasonalNaive,117.6,120.4
RO1_PRICE,Ready Mixed Concrete,2023-06-01,2023-07-01,1,validation,Naive,117.3,116.3
RO1_PRICE,Ready Mixed Concrete,2023-06-01,2023-07-01,1,validation,SeasonalNaive,118.6,116.3
RO1_PRICE,Ready Mixed Concrete,2023-06-01,2023-09-01,3,validation,Naive,117.3,116.6
RO1_PRICE,Ready Mixed Concrete,2023-06-01,2023-09-01,3,validation,SeasonalNaive,118.6,116.6
RO1_PRICE,Ready Mixed Concrete,2023-06-01,2023-12-01,6,validation,Naive,117.3,115.4
RO1_PRICE,Ready Mixed Concrete,2023-06-01,2023-12-01,6,validation,SeasonalNaive,118.0,115.4
RO1_PRICE,Ready Mixed Concrete,2023-06-01,2024-06-01,12,validation,Naive,117.3,120.0
RO1_PRICE,Ready Mixed Concrete,2023-06-01,2024-06-01,12,validation,SeasonalNaive,117.3,120.0
RO1_PRICE,Ready Mixed Concrete,2023-07-01,2023-08-01,1,validation,Naive,116.3,116.4
RO1_PRICE,Ready Mixed Concrete,2023-07-01,2023-08-01,1,validation,SeasonalNaive,118.3,116.4
RO1_PRICE,Ready Mixed Concrete,2023-07-01,2023-10-01,3,validation,Naive,116.3,116.4
RO1_PRICE,Ready Mixed Concrete,2023-07-01,2023-10-01,3,validation,SeasonalNaive,118.5,116.4
RO1_PRICE,Ready Mixed Concrete,2023-07-01,2024-01-01,6,validation,Naive,116.3,118.1
RO1_PRICE,Ready Mixed Concrete,2023-07-01,2024-01-01,6,validation,SeasonalNaive,117.6,118.1
RO1_PRICE,Ready Mixed Concrete,2023-08-01,2023-09-01,1,validation,Naive,116.4,116.6
RO1_PRICE,Ready Mixed Concrete,2023-08-01,2023-09-01,1,validation,SeasonalNaive,118.6,116.6
RO1_PRICE,Ready Mixed Concrete,2023-08-01,2023-11-01,3,validation,Naive,116.4,115.4
RO1_PRICE,Ready Mixed Concrete,2023-08-01,2023-11-01,3,validation,SeasonalNaive,118.2,115.4
RO1_PRICE,Ready Mixed Concrete,2023-08-01,2024-02-01,6,validation,Naive,116.4,118.0
RO1_PRICE,Ready Mixed Concrete,2023-08-01,2024-02-01,6,validation,SeasonalNaive,118.1,118.0
RO1_PRICE,Ready Mixed Concrete,2023-09-01,2023-10-01,1,validation,Naive,116.6,116.4
RO1_PRICE,Ready Mixed Concrete,2023-09-01,2023-10-01,1,validation,SeasonalNaive,118.5,116.4
RO1_PRICE,Ready Mixed Concrete,2023-09-01,2023-12-01,3,validation,Naive,116.6,115.4
RO1_PRICE,Ready Mixed Concrete,2023-09-01,2023-12-01,3,validation,SeasonalNaive,118.0,115.4
RO1_PRICE,Ready Mixed Concrete,2023-09-01,2024-03-01,6,validation,Naive,116.6,118.0
RO1_PRICE,Ready Mixed Concrete,2023-09-01,2024-03-01,6,validation,SeasonalNaive,116.8,118.0
RO1_PRICE,Ready Mixed Concrete,2023-10-01,2023-11-01,1,validation,Naive,116.4,115.4
RO1_PRICE,Ready Mixed Concrete,2023-10-01,2023-11-01,1,validation,SeasonalNaive,118.2,115.4
RO1_PRICE,Ready Mixed Concrete,2023-10-01,2024-01-01,3,validation,Naive,116.4,118.1
RO1_PRICE,Ready Mixed Concrete,2023-10-01,2024-01-01,3,validation,SeasonalNaive,117.6,118.1
RO1_PRICE,Ready Mixed Concrete,2023-10-01,2024-04-01,6,validation,Naive,116.4,119.2
RO1_PRICE,Ready Mixed Concrete,2023-10-01,2024-04-01,6,validation,SeasonalNaive,117.2,119.2
RO1_PRICE,Ready Mixed Concrete,2023-11-01,2023-12-01,1,validation,Naive,115.4,115.4
RO1_PRICE,Ready Mixed Concrete,2023-11-01,2023-12-01,1,validation,SeasonalNaive,118.0,115.4
RO1_PRICE,Ready Mixed Concrete,2023-11-01,2024-02-01,3,validation,Naive,115.4,118.0
RO1_PRICE,Ready Mixed Concrete,2023-11-01,2024-02-01,3,validation,SeasonalNaive,118.1,118.0
RO1_PRICE,Ready Mixed Concrete,2023-11-01,2024-05-01,6,validation,Naive,115.4,120.4
RO1_PRICE,Ready Mixed Concrete,2023-11-01,2024-05-01,6,validation,SeasonalNaive,117.6,120.4
RO1_PRICE,Ready Mixed Concrete,2023-12-01,2024-01-01,1,validation,Naive,115.4,118.1
RO1_PRICE,Ready Mixed Concrete,2023-12-01,2024-01-01,1,validation,SeasonalNaive,117.6,118.1
RO1_PRICE,Ready Mixed Concrete,2023-12-01,2024-03-01,3,validation,Naive,115.4,118.0
RO1_PRICE,Ready Mixed Concrete,2023-12-01,2024-03-01,3,validation,SeasonalNaive,116.8,118.0
RO1_PRICE,Ready Mixed Concrete,2023-12-01,2024-06-01,6,validation,Naive,115.4,120.0
RO1_PRICE,Ready Mixed Concrete,2023-12-01,2024-06-01,6,validation,SeasonalNaive,117.3,120.0
RO1_PRICE,Ready Mixed Concrete,2024-01-01,2024-02-01,1,validation,Naive,118.1,118.0
RO1_PRICE,Ready Mixed Concrete,2024-01-01,2024-02-01,1,validation,SeasonalNaive,118.1,118.0
RO1_PRICE,Ready Mixed Concrete,2024-01-01,2024-04-01,3,validation,Naive,118.1,119.2
RO1_PRICE,Ready Mixed Concrete,2024-01-01,2024-04-01,3,validation,SeasonalNaive,117.2,119.2
RO1_PRICE,Ready Mixed Concrete,2024-02-01,2024-03-01,1,validation,Naive,118.0,118.0
RO1_PRICE,Ready Mixed Concrete,2024-02-01,2024-03-01,1,validation,SeasonalNaive,116.8,118.0
RO1_PRICE,Ready Mixed Concrete,2024-02-01,2024-05-01,3,validation,Naive,118.0,120.4
RO1_PRICE,Ready Mixed Concrete,2024-02-01,2024-05-01,3,validation,SeasonalNaive,117.6,120.4
RO1_PRICE,Ready Mixed Concrete,2024-03-01,2024-04-01,1,validation,Naive,118.0,119.2
RO1_PRICE,Ready Mixed Concrete,2024-03-01,2024-04-01,1,validation,SeasonalNaive,117.2,119.2
RO1_PRICE,Ready Mixed Concrete,2024-03-01,2024-06-01,3,validation,Naive,118.0,120.0
RO1_PRICE,Ready Mixed Concrete,2024-03-01,2024-06-01,3,validation,SeasonalNaive,117.3,120.0
RO1_PRICE,Ready Mixed Concrete,2024-04-01,2024-05-01,1,validation,Naive,119.2,120.4
RO1_PRICE,Ready Mixed Concrete,2024-04-01,2024-05-01,1,validation,SeasonalNaive,117.6,120.4
RO1_PRICE,Ready Mixed Concrete,2024-05-01,2024-06-01,1,validation,Naive,120.4,120.0
RO1_PRICE,Ready Mixed Concrete,2024-05-01,2024-06-01,1,validation,SeasonalNaive,117.3,120.0
RO1_PRICE,Steel Reinforcement Bars (16-32mm High Tensile),2022-07-01,2022-08-01,1,validation,Naive,1187.79,1106.3
RO1_PRICE,Steel Reinforcement Bars (16-32mm High Tensile),2022-07-01,2022-08-01,1,validation,SeasonalNaive,1111.9,1106.3
RO1_PRICE,Steel Reinforcement Bars (16-32mm High Tensile),2022-07-01,2022-10-01,3,validation,Naive,1187.79,1040.5
RO1_PRICE,Steel Reinforcement Bars (16-32mm High Tensile),2022-07-01,2022-10-01,3,validation,SeasonalNaive,1112.9,1040.5
RO1_PRICE,Steel Reinforcement Bars (16-32mm High Tensile),2022-07-01,2023-01-01,6,validation,Naive,1187.79,922.6
RO1_PRICE,Steel Reinforcement Bars (16-32mm High Tensile),2022-07-01,2023-01-01,6,validation,SeasonalNaive,1106.4,922.6
RO1_PRICE,Steel Reinforcement Bars (16-32mm High Tensile),2022-07-01,2023-07-01,12,validation,Naive,1187.79,859.2
RO1_PRICE,Steel Reinforcement Bars (16-32mm High Tensile),2022-07-01,2023-07-01,12,validation,SeasonalNaive,1187.79,859.2
RO1_PRICE,Steel Reinforcement Bars (16-32mm High Tensile),2022-08-01,2022-09-01,1,validation,Naive,1106.3,1072.6
RO1_PRICE,Steel Reinforcement Bars (16-32mm High Tensile),2022-08-01,2022-09-01,1,validation,SeasonalNaive,1105.4,1072.6
RO1_PRICE,Steel Reinforcement Bars (16-32mm High Tensile),2022-08-01,2022-11-01,3,validation,Naive,1106.3,1004.5
RO1_PRICE,Steel Reinforcement Bars (16-32mm High Tensile),2022-08-01,2022-11-01,3,validation,SeasonalNaive,1113.47,1004.5
RO1_PRICE,Steel Reinforcement Bars (16-32mm High Tensile),2022-08-01,2023-02-01,6,validation,Naive,1106.3,942.1
RO1_PRICE,Steel Reinforcement Bars (16-32mm High Tensile),2022-08-01,2023-02-01,6,validation,SeasonalNaive,1146.4,942.1
RO1_PRICE,Steel Reinforcement Bars (16-32mm High Tensile),2022-08-01,2023-08-01,12,validation,Naive,1106.3,832.6
RO1_PRICE,Steel Reinforcement Bars (16-32mm High Tensile),2022-08-01,2023-08-01,12,validation,SeasonalNaive,1106.3,832.6
RO1_PRICE,Steel Reinforcement Bars (16-32mm High Tensile),2022-09-01,2022-10-01,1,validation,Naive,1072.6,1040.5
RO1_PRICE,Steel Reinforcement Bars (16-32mm High Tensile),2022-09-01,2022-10-01,1,validation,SeasonalNaive,1112.9,1040.5
RO1_PRICE,Steel Reinforcement Bars (16-32mm High Tensile),2022-09-01,2022-12-01,3,validation,Naive,1072.6,952.3
RO1_PRICE,Steel Reinforcement Bars (16-32mm High Tensile),2022-09-01,2022-12-01,3,validation,SeasonalNaive,1105.5,952.3
RO1_PRICE,Steel Reinforcement Bars (16-32mm High Tensile),2022-09-01,2023-03-01,6,validation,Naive,1072.6,946.6
RO1_PRICE,Steel Reinforcement Bars (16-32mm High Tensile),2022-09-01,2023-03-01,6,validation,SeasonalNaive,1241.5,946.6
RO1_PRICE,Steel Reinforcement Bars (16-32mm High Tensile),2022-09-01,2023-09-01,12,validation,Naive,1072.6,830.1
RO1_PRICE,Steel Reinforcement Bars (16-32mm High Tensile),2022-09-01,2023-09-01,12,validation,SeasonalNaive,1072.6,830.1
RO1_PRICE,Steel Reinforcement Bars (16-32mm High Tensile),2022-10-01,2022-11-01,1,validation,Naive,1040.5,1004.5
RO1_PRICE,Steel Reinforcement Bars (16-32mm High Tensile),2022-10-01,2022-11-01,1,validation,SeasonalNaive,1113.47,1004.5
RO1_PRICE,Steel Reinforcement Bars (16-32mm High Tensile),2022-10-01,2023-01-01,3,validation,Naive,1040.5,922.6
RO1_PRICE,Steel Reinforcement Bars (16-32mm High Tensile),2022-10-01,2023-01-01,3,validation,SeasonalNaive,1106.4,922.6
RO1_PRICE,Steel Reinforcement Bars (16-32mm High Tensile),2022-10-01,2023-04-01,6,validation,Naive,1040.5,940.1
RO1_PRICE,Steel Reinforcement Bars (16-32mm High Tensile),2022-10-01,2023-04-01,6,validation,SeasonalNaive,1270.54,940.1
RO1_PRICE,Steel Reinforcement Bars (16-32mm High Tensile),2022-10-01,2023-10-01,12,validation,Naive,1040.5,827.4
RO1_PRICE,Steel Reinforcement Bars (16-32mm High Tensile),2022-10-01,2023-10-01,12,validation,SeasonalNaive,1040.5,827.4
RO1_PRICE,Steel Reinforcement Bars (16-32mm High Tensile),2022-11-01,2022-12-01,1,validation,Naive,1004.5,952.3
RO1_PRICE,Steel Reinforcement Bars (16-32mm High Tensile),2022-11-01,2022-12-01,1,validation,SeasonalNaive,1105.5,952.3
RO1_PRICE,Steel Reinforcement Bars (16-32mm High Tensile),2022-11-01,2023-02-01,3,validation,Naive,1004.5,942.1
RO1_PRICE,Steel Reinforcement Bars (16-32mm High Tensile),2022-11-01,2023-02-01,3,validation,SeasonalNaive,1146.4,942.1
RO1_PRICE,Steel Reinforcement Bars (16-32mm High Tensile),2022-11-01,2023-05-01,6,validation,Naive,1004.5,922.8
RO1_PRICE,Steel Reinforcement Bars (16-32mm High Tensile),2022-11-01,2023-05-01,6,validation,SeasonalNaive,1246.21,922.8
RO1_PRICE,Steel Reinforcement Bars (16-32mm High Tensile),2022-11-01,2023-11-01,12,validation,Naive,1004.5,826.7
RO1_PRICE,Steel Reinforcement Bars (16-32mm High Tensile),2022-11-01,2023-11-01,12,validation,SeasonalNaive,1004.5,826.7
RO1_PRICE,Steel Reinforcement Bars (16-32mm High Tensile),2022-12-01,2023-01-01,1,validation,Naive,952.3,922.6
RO1_PRICE,Steel Reinforcement Bars (16-32mm High Tensile),2022-12-01,2023-01-01,1,validation,SeasonalNaive,1106.4,922.6
RO1_PRICE,Steel Reinforcement Bars (16-32mm High Tensile),2022-12-01,2023-03-01,3,validation,Naive,952.3,946.6
RO1_PRICE,Steel Reinforcement Bars (16-32mm High Tensile),2022-12-01,2023-03-01,3,validation,SeasonalNaive,1241.5,946.6
RO1_PRICE,Steel Reinforcement Bars (16-32mm High Tensile),2022-12-01,2023-06-01,6,validation,Naive,952.3,885.5
RO1_PRICE,Steel Reinforcement Bars (16-32mm High Tensile),2022-12-01,2023-06-01,6,validation,SeasonalNaive,1245.5,885.5
RO1_PRICE,Steel Reinforcement Bars (16-32mm High Tensile),2022-12-01,2023-12-01,12,validation,Naive,952.3,819.7
RO1_PRICE,Steel Reinforcement Bars (16-32mm High Tensile),2022-12-01,2023-12-01,12,validation,SeasonalNaive,952.3,819.7
RO1_PRICE,Steel Reinforcement Bars (16-32mm High Tensile),2023-01-01,2023-02-01,1,validation,Naive,922.6,942.1
RO1_PRICE,Steel Reinforcement Bars (16-32mm High Tensile),2023-01-01,2023-02-01,1,validation,SeasonalNaive,1146.4,942.1
RO1_PRICE,Steel Reinforcement Bars (16-32mm High Tensile),2023-01-01,2023-04-01,3,validation,Naive,922.6,940.1
RO1_PRICE,Steel Reinforcement Bars (16-32mm High Tensile),2023-01-01,2023-04-01,3,validation,SeasonalNaive,1270.54,940.1
RO1_PRICE,Steel Reinforcement Bars (16-32mm High Tensile),2023-01-01,2023-07-01,6,validation,Naive,922.6,859.2
RO1_PRICE,Steel Reinforcement Bars (16-32mm High Tensile),2023-01-01,2023-07-01,6,validation,SeasonalNaive,1187.79,859.2
RO1_PRICE,Steel Reinforcement Bars (16-32mm High Tensile),2023-01-01,2024-01-01,12,validation,Naive,922.6,833.7
RO1_PRICE,Steel Reinforcement Bars (16-32mm High Tensile),2023-01-01,2024-01-01,12,validation,SeasonalNaive,922.6,833.7
RO1_PRICE,Steel Reinforcement Bars (16-32mm High Tensile),2023-02-01,2023-03-01,1,validation,Naive,942.1,946.6
RO1_PRICE,Steel Reinforcement Bars (16-32mm High Tensile),2023-02-01,2023-03-01,1,validation,SeasonalNaive,1241.5,946.6
RO1_PRICE,Steel Reinforcement Bars (16-32mm High Tensile),2023-02-01,2023-05-01,3,validation,Naive,942.1,922.8
RO1_PRICE,Steel Reinforcement Bars (16-32mm High Tensile),2023-02-01,2023-05-01,3,validation,SeasonalNaive,1246.21,922.8
RO1_PRICE,Steel Reinforcement Bars (16-32mm High Tensile),2023-02-01,2023-08-01,6,validation,Naive,942.1,832.6
RO1_PRICE,Steel Reinforcement Bars (16-32mm High Tensile),2023-02-01,2023-08-01,6,validation,SeasonalNaive,1106.3,832.6
RO1_PRICE,Steel Reinforcement Bars (16-32mm High Tensile),2023-02-01,2024-02-01,12,validation,Naive,942.1,829.6
RO1_PRICE,Steel Reinforcement Bars (16-32mm High Tensile),2023-02-01,2024-02-01,12,validation,SeasonalNaive,942.1,829.6
RO1_PRICE,Steel Reinforcement Bars (16-32mm High Tensile),2023-03-01,2023-04-01,1,validation,Naive,946.6,940.1
RO1_PRICE,Steel Reinforcement Bars (16-32mm High Tensile),2023-03-01,2023-04-01,1,validation,SeasonalNaive,1270.54,940.1
RO1_PRICE,Steel Reinforcement Bars (16-32mm High Tensile),2023-03-01,2023-06-01,3,validation,Naive,946.6,885.5
RO1_PRICE,Steel Reinforcement Bars (16-32mm High Tensile),2023-03-01,2023-06-01,3,validation,SeasonalNaive,1245.5,885.5
RO1_PRICE,Steel Reinforcement Bars (16-32mm High Tensile),2023-03-01,2023-09-01,6,validation,Naive,946.6,830.1
RO1_PRICE,Steel Reinforcement Bars (16-32mm High Tensile),2023-03-01,2023-09-01,6,validation,SeasonalNaive,1072.6,830.1
RO1_PRICE,Steel Reinforcement Bars (16-32mm High Tensile),2023-03-01,2024-03-01,12,validation,Naive,946.6,821.7
RO1_PRICE,Steel Reinforcement Bars (16-32mm High Tensile),2023-03-01,2024-03-01,12,validation,SeasonalNaive,946.6,821.7
RO1_PRICE,Steel Reinforcement Bars (16-32mm High Tensile),2023-04-01,2023-05-01,1,validation,Naive,940.1,922.8
RO1_PRICE,Steel Reinforcement Bars (16-32mm High Tensile),2023-04-01,2023-05-01,1,validation,SeasonalNaive,1246.21,922.8
RO1_PRICE,Steel Reinforcement Bars (16-32mm High Tensile),2023-04-01,2023-07-01,3,validation,Naive,940.1,859.2
RO1_PRICE,Steel Reinforcement Bars (16-32mm High Tensile),2023-04-01,2023-07-01,3,validation,SeasonalNaive,1187.79,859.2
RO1_PRICE,Steel Reinforcement Bars (16-32mm High Tensile),2023-04-01,2023-10-01,6,validation,Naive,940.1,827.4
RO1_PRICE,Steel Reinforcement Bars (16-32mm High Tensile),2023-04-01,2023-10-01,6,validation,SeasonalNaive,1040.5,827.4
RO1_PRICE,Steel Reinforcement Bars (16-32mm High Tensile),2023-04-01,2024-04-01,12,validation,Naive,940.1,819.4
RO1_PRICE,Steel Reinforcement Bars (16-32mm High Tensile),2023-04-01,2024-04-01,12,validation,SeasonalNaive,940.1,819.4
RO1_PRICE,Steel Reinforcement Bars (16-32mm High Tensile),2023-05-01,2023-06-01,1,validation,Naive,922.8,885.5
RO1_PRICE,Steel Reinforcement Bars (16-32mm High Tensile),2023-05-01,2023-06-01,1,validation,SeasonalNaive,1245.5,885.5
RO1_PRICE,Steel Reinforcement Bars (16-32mm High Tensile),2023-05-01,2023-08-01,3,validation,Naive,922.8,832.6
RO1_PRICE,Steel Reinforcement Bars (16-32mm High Tensile),2023-05-01,2023-08-01,3,validation,SeasonalNaive,1106.3,832.6
RO1_PRICE,Steel Reinforcement Bars (16-32mm High Tensile),2023-05-01,2023-11-01,6,validation,Naive,922.8,826.7
RO1_PRICE,Steel Reinforcement Bars (16-32mm High Tensile),2023-05-01,2023-11-01,6,validation,SeasonalNaive,1004.5,826.7
RO1_PRICE,Steel Reinforcement Bars (16-32mm High Tensile),2023-05-01,2024-05-01,12,validation,Naive,922.8,812.5
RO1_PRICE,Steel Reinforcement Bars (16-32mm High Tensile),2023-05-01,2024-05-01,12,validation,SeasonalNaive,922.8,812.5
RO1_PRICE,Steel Reinforcement Bars (16-32mm High Tensile),2023-06-01,2023-07-01,1,validation,Naive,885.5,859.2
RO1_PRICE,Steel Reinforcement Bars (16-32mm High Tensile),2023-06-01,2023-07-01,1,validation,SeasonalNaive,1187.79,859.2
RO1_PRICE,Steel Reinforcement Bars (16-32mm High Tensile),2023-06-01,2023-09-01,3,validation,Naive,885.5,830.1
RO1_PRICE,Steel Reinforcement Bars (16-32mm High Tensile),2023-06-01,2023-09-01,3,validation,SeasonalNaive,1072.6,830.1
RO1_PRICE,Steel Reinforcement Bars (16-32mm High Tensile),2023-06-01,2023-12-01,6,validation,Naive,885.5,819.7
RO1_PRICE,Steel Reinforcement Bars (16-32mm High Tensile),2023-06-01,2023-12-01,6,validation,SeasonalNaive,952.3,819.7
RO1_PRICE,Steel Reinforcement Bars (16-32mm High Tensile),2023-06-01,2024-06-01,12,validation,Naive,885.5,805.7
RO1_PRICE,Steel Reinforcement Bars (16-32mm High Tensile),2023-06-01,2024-06-01,12,validation,SeasonalNaive,885.5,805.7
RO1_PRICE,Steel Reinforcement Bars (16-32mm High Tensile),2023-07-01,2023-08-01,1,validation,Naive,859.2,832.6
RO1_PRICE,Steel Reinforcement Bars (16-32mm High Tensile),2023-07-01,2023-08-01,1,validation,SeasonalNaive,1106.3,832.6
RO1_PRICE,Steel Reinforcement Bars (16-32mm High Tensile),2023-07-01,2023-10-01,3,validation,Naive,859.2,827.4
RO1_PRICE,Steel Reinforcement Bars (16-32mm High Tensile),2023-07-01,2023-10-01,3,validation,SeasonalNaive,1040.5,827.4
RO1_PRICE,Steel Reinforcement Bars (16-32mm High Tensile),2023-07-01,2024-01-01,6,validation,Naive,859.2,833.7
RO1_PRICE,Steel Reinforcement Bars (16-32mm High Tensile),2023-07-01,2024-01-01,6,validation,SeasonalNaive,922.6,833.7
RO1_PRICE,Steel Reinforcement Bars (16-32mm High Tensile),2023-08-01,2023-09-01,1,validation,Naive,832.6,830.1
RO1_PRICE,Steel Reinforcement Bars (16-32mm High Tensile),2023-08-01,2023-09-01,1,validation,SeasonalNaive,1072.6,830.1
RO1_PRICE,Steel Reinforcement Bars (16-32mm High Tensile),2023-08-01,2023-11-01,3,validation,Naive,832.6,826.7
RO1_PRICE,Steel Reinforcement Bars (16-32mm High Tensile),2023-08-01,2023-11-01,3,validation,SeasonalNaive,1004.5,826.7
RO1_PRICE,Steel Reinforcement Bars (16-32mm High Tensile),2023-08-01,2024-02-01,6,validation,Naive,832.6,829.6
RO1_PRICE,Steel Reinforcement Bars (16-32mm High Tensile),2023-08-01,2024-02-01,6,validation,SeasonalNaive,942.1,829.6
RO1_PRICE,Steel Reinforcement Bars (16-32mm High Tensile),2023-09-01,2023-10-01,1,validation,Naive,830.1,827.4
RO1_PRICE,Steel Reinforcement Bars (16-32mm High Tensile),2023-09-01,2023-10-01,1,validation,SeasonalNaive,1040.5,827.4
RO1_PRICE,Steel Reinforcement Bars (16-32mm High Tensile),2023-09-01,2023-12-01,3,validation,Naive,830.1,819.7
RO1_PRICE,Steel Reinforcement Bars (16-32mm High Tensile),2023-09-01,2023-12-01,3,validation,SeasonalNaive,952.3,819.7
RO1_PRICE,Steel Reinforcement Bars (16-32mm High Tensile),2023-09-01,2024-03-01,6,validation,Naive,830.1,821.7
RO1_PRICE,Steel Reinforcement Bars (16-32mm High Tensile),2023-09-01,2024-03-01,6,validation,SeasonalNaive,946.6,821.7
RO1_PRICE,Steel Reinforcement Bars (16-32mm High Tensile),2023-10-01,2023-11-01,1,validation,Naive,827.4,826.7
RO1_PRICE,Steel Reinforcement Bars (16-32mm High Tensile),2023-10-01,2023-11-01,1,validation,SeasonalNaive,1004.5,826.7
RO1_PRICE,Steel Reinforcement Bars (16-32mm High Tensile),2023-10-01,2024-01-01,3,validation,Naive,827.4,833.7
RO1_PRICE,Steel Reinforcement Bars (16-32mm High Tensile),2023-10-01,2024-01-01,3,validation,SeasonalNaive,922.6,833.7
RO1_PRICE,Steel Reinforcement Bars (16-32mm High Tensile),2023-10-01,2024-04-01,6,validation,Naive,827.4,819.4
RO1_PRICE,Steel Reinforcement Bars (16-32mm High Tensile),2023-10-01,2024-04-01,6,validation,SeasonalNaive,940.1,819.4
RO1_PRICE,Steel Reinforcement Bars (16-32mm High Tensile),2023-11-01,2023-12-01,1,validation,Naive,826.7,819.7
RO1_PRICE,Steel Reinforcement Bars (16-32mm High Tensile),2023-11-01,2023-12-01,1,validation,SeasonalNaive,952.3,819.7
RO1_PRICE,Steel Reinforcement Bars (16-32mm High Tensile),2023-11-01,2024-02-01,3,validation,Naive,826.7,829.6
RO1_PRICE,Steel Reinforcement Bars (16-32mm High Tensile),2023-11-01,2024-02-01,3,validation,SeasonalNaive,942.1,829.6
RO1_PRICE,Steel Reinforcement Bars (16-32mm High Tensile),2023-11-01,2024-05-01,6,validation,Naive,826.7,812.5
RO1_PRICE,Steel Reinforcement Bars (16-32mm High Tensile),2023-11-01,2024-05-01,6,validation,SeasonalNaive,922.8,812.5
RO1_PRICE,Steel Reinforcement Bars (16-32mm High Tensile),2023-12-01,2024-01-01,1,validation,Naive,819.7,833.7
RO1_PRICE,Steel Reinforcement Bars (16-32mm High Tensile),2023-12-01,2024-01-01,1,validation,SeasonalNaive,922.6,833.7
RO1_PRICE,Steel Reinforcement Bars (16-32mm High Tensile),2023-12-01,2024-03-01,3,validation,Naive,819.7,821.7
RO1_PRICE,Steel Reinforcement Bars (16-32mm High Tensile),2023-12-01,2024-03-01,3,validation,SeasonalNaive,946.6,821.7
RO1_PRICE,Steel Reinforcement Bars (16-32mm High Tensile),2023-12-01,2024-06-01,6,validation,Naive,819.7,805.7
RO1_PRICE,Steel Reinforcement Bars (16-32mm High Tensile),2023-12-01,2024-06-01,6,validation,SeasonalNaive,885.5,805.7
RO1_PRICE,Steel Reinforcement Bars (16-32mm High Tensile),2024-01-01,2024-02-01,1,validation,Naive,833.7,829.6
RO1_PRICE,Steel Reinforcement Bars (16-32mm High Tensile),2024-01-01,2024-02-01,1,validation,SeasonalNaive,942.1,829.6
RO1_PRICE,Steel Reinforcement Bars (16-32mm High Tensile),2024-01-01,2024-04-01,3,validation,Naive,833.7,819.4
RO1_PRICE,Steel Reinforcement Bars (16-32mm High Tensile),2024-01-01,2024-04-01,3,validation,SeasonalNaive,940.1,819.4
RO1_PRICE,Steel Reinforcement Bars (16-32mm High Tensile),2024-02-01,2024-03-01,1,validation,Naive,829.6,821.7
RO1_PRICE,Steel Reinforcement Bars (16-32mm High Tensile),2024-02-01,2024-03-01,1,validation,SeasonalNaive,946.6,821.7
RO1_PRICE,Steel Reinforcement Bars (16-32mm High Tensile),2024-02-01,2024-05-01,3,validation,Naive,829.6,812.5
RO1_PRICE,Steel Reinforcement Bars (16-32mm High Tensile),2024-02-01,2024-05-01,3,validation,SeasonalNaive,922.8,812.5
RO1_PRICE,Steel Reinforcement Bars (16-32mm High Tensile),2024-03-01,2024-04-01,1,validation,Naive,821.7,819.4
RO1_PRICE,Steel Reinforcement Bars (16-32mm High Tensile),2024-03-01,2024-04-01,1,validation,SeasonalNaive,940.1,819.4
RO1_PRICE,Steel Reinforcement Bars (16-32mm High Tensile),2024-03-01,2024-06-01,3,validation,Naive,821.7,805.7
RO1_PRICE,Steel Reinforcement Bars (16-32mm High Tensile),2024-03-01,2024-06-01,3,validation,SeasonalNaive,885.5,805.7
RO1_PRICE,Steel Reinforcement Bars (16-32mm High Tensile),2024-04-01,2024-05-01,1,validation,Naive,819.4,812.5
RO1_PRICE,Steel Reinforcement Bars (16-32mm High Tensile),2024-04-01,2024-05-01,1,validation,SeasonalNaive,922.8,812.5
RO1_PRICE,Steel Reinforcement Bars (16-32mm High Tensile),2024-05-01,2024-06-01,1,validation,Naive,812.5,805.7
RO1_PRICE,Steel Reinforcement Bars (16-32mm High Tensile),2024-05-01,2024-06-01,1,validation,SeasonalNaive,885.5,805.7
RO1_PRICE,Cement In Bulk (Ordinary Portland Cement),2024-07-01,2024-08-01,1,test,Naive,109.0,108.4
RO1_PRICE,Cement In Bulk (Ordinary Portland Cement),2024-07-01,2024-08-01,1,test,SeasonalNaive,114.4,108.4
RO1_PRICE,Cement In Bulk (Ordinary Portland Cement),2024-07-01,2024-10-01,3,test,Naive,109.0,107.4
RO1_PRICE,Cement In Bulk (Ordinary Portland Cement),2024-07-01,2024-10-01,3,test,SeasonalNaive,113.2,107.4
RO1_PRICE,Cement In Bulk (Ordinary Portland Cement),2024-07-01,2025-01-01,6,test,Naive,109.0,104.4
RO1_PRICE,Cement In Bulk (Ordinary Portland Cement),2024-07-01,2025-01-01,6,test,SeasonalNaive,110.6,104.4
RO1_PRICE,Cement In Bulk (Ordinary Portland Cement),2024-07-01,2025-07-01,12,test,Naive,109.0,101.1
RO1_PRICE,Cement In Bulk (Ordinary Portland Cement),2024-07-01,2025-07-01,12,test,SeasonalNaive,109.0,101.1
RO1_PRICE,Cement In Bulk (Ordinary Portland Cement),2024-08-01,2024-09-01,1,test,Naive,108.4,108.0
RO1_PRICE,Cement In Bulk (Ordinary Portland Cement),2024-08-01,2024-09-01,1,test,SeasonalNaive,113.5,108.0
RO1_PRICE,Cement In Bulk (Ordinary Portland Cement),2024-08-01,2024-11-01,3,test,Naive,108.4,106.4
RO1_PRICE,Cement In Bulk (Ordinary Portland Cement),2024-08-01,2024-11-01,3,test,SeasonalNaive,112.0,106.4
RO1_PRICE,Cement In Bulk (Ordinary Portland Cement),2024-08-01,2025-02-01,6,test,Naive,108.4,104.2
RO1_PRICE,Cement In Bulk (Ordinary Portland Cement),2024-08-01,2025-02-01,6,test,SeasonalNaive,110.6,104.2
RO1_PRICE,Cement In Bulk (Ordinary Portland Cement),2024-08-01,2025-08-01,12,test,Naive,108.4,101.5
RO1_PRICE,Cement In Bulk (Ordinary Portland Cement),2024-08-01,2025-08-01,12,test,SeasonalNaive,108.4,101.5
RO1_PRICE,Cement In Bulk (Ordinary Portland Cement),2024-09-01,2024-10-01,1,test,Naive,108.0,107.4
RO1_PRICE,Cement In Bulk (Ordinary Portland Cement),2024-09-01,2024-10-01,1,test,SeasonalNaive,113.2,107.4
RO1_PRICE,Cement In Bulk (Ordinary Portland Cement),2024-09-01,2024-12-01,3,test,Naive,108.0,105.8
RO1_PRICE,Cement In Bulk (Ordinary Portland Cement),2024-09-01,2024-12-01,3,test,SeasonalNaive,111.7,105.8
RO1_PRICE,Cement In Bulk (Ordinary Portland Cement),2024-09-01,2025-03-01,6,test,Naive,108.0,103.9
RO1_PRICE,Cement In Bulk (Ordinary Portland Cement),2024-09-01,2025-03-01,6,test,SeasonalNaive,110.8,103.9
RO1_PRICE,Cement In Bulk (Ordinary Portland Cement),2024-09-01,2025-09-01,12,test,Naive,108.0,102.2
RO1_PRICE,Cement In Bulk (Ordinary Portland Cement),2024-09-01,2025-09-01,12,test,SeasonalNaive,108.0,102.2
RO1_PRICE,Cement In Bulk (Ordinary Portland Cement),2024-10-01,2024-11-01,1,test,Naive,107.4,106.4
RO1_PRICE,Cement In Bulk (Ordinary Portland Cement),2024-10-01,2024-11-01,1,test,SeasonalNaive,112.0,106.4
RO1_PRICE,Cement In Bulk (Ordinary Portland Cement),2024-10-01,2025-01-01,3,test,Naive,107.4,104.4
RO1_PRICE,Cement In Bulk (Ordinary Portland Cement),2024-10-01,2025-01-01,3,test,SeasonalNaive,110.6,104.4
RO1_PRICE,Cement In Bulk (Ordinary Portland Cement),2024-10-01,2025-04-01,6,test,Naive,107.4,103.6
RO1_PRICE,Cement In Bulk (Ordinary Portland Cement),2024-10-01,2025-04-01,6,test,SeasonalNaive,110.2,103.6
RO1_PRICE,Cement In Bulk (Ordinary Portland Cement),2024-10-01,2025-10-01,12,test,Naive,107.4,104.0
RO1_PRICE,Cement In Bulk (Ordinary Portland Cement),2024-10-01,2025-10-01,12,test,SeasonalNaive,107.4,104.0
RO1_PRICE,Cement In Bulk (Ordinary Portland Cement),2024-11-01,2024-12-01,1,test,Naive,106.4,105.8
RO1_PRICE,Cement In Bulk (Ordinary Portland Cement),2024-11-01,2024-12-01,1,test,SeasonalNaive,111.7,105.8
RO1_PRICE,Cement In Bulk (Ordinary Portland Cement),2024-11-01,2025-02-01,3,test,Naive,106.4,104.2
RO1_PRICE,Cement In Bulk (Ordinary Portland Cement),2024-11-01,2025-02-01,3,test,SeasonalNaive,110.6,104.2
RO1_PRICE,Cement In Bulk (Ordinary Portland Cement),2024-11-01,2025-05-01,6,test,Naive,106.4,103.3
RO1_PRICE,Cement In Bulk (Ordinary Portland Cement),2024-11-01,2025-05-01,6,test,SeasonalNaive,110.2,103.3
RO1_PRICE,Cement In Bulk (Ordinary Portland Cement),2024-11-01,2025-11-01,12,test,Naive,106.4,110.0
RO1_PRICE,Cement In Bulk (Ordinary Portland Cement),2024-11-01,2025-11-01,12,test,SeasonalNaive,106.4,110.0
RO1_PRICE,Cement In Bulk (Ordinary Portland Cement),2024-12-01,2025-01-01,1,test,Naive,105.8,104.4
RO1_PRICE,Cement In Bulk (Ordinary Portland Cement),2024-12-01,2025-01-01,1,test,SeasonalNaive,110.6,104.4
RO1_PRICE,Cement In Bulk (Ordinary Portland Cement),2024-12-01,2025-03-01,3,test,Naive,105.8,103.9
RO1_PRICE,Cement In Bulk (Ordinary Portland Cement),2024-12-01,2025-03-01,3,test,SeasonalNaive,110.8,103.9
RO1_PRICE,Cement In Bulk (Ordinary Portland Cement),2024-12-01,2025-06-01,6,test,Naive,105.8,102.8
RO1_PRICE,Cement In Bulk (Ordinary Portland Cement),2024-12-01,2025-06-01,6,test,SeasonalNaive,109.6,102.8
RO1_PRICE,Cement In Bulk (Ordinary Portland Cement),2024-12-01,2025-12-01,12,test,Naive,105.8,115.9
RO1_PRICE,Cement In Bulk (Ordinary Portland Cement),2024-12-01,2025-12-01,12,test,SeasonalNaive,105.8,115.9
RO1_PRICE,Cement In Bulk (Ordinary Portland Cement),2025-01-01,2025-02-01,1,test,Naive,104.4,104.2
RO1_PRICE,Cement In Bulk (Ordinary Portland Cement),2025-01-01,2025-02-01,1,test,SeasonalNaive,110.6,104.2
RO1_PRICE,Cement In Bulk (Ordinary Portland Cement),2025-01-01,2025-04-01,3,test,Naive,104.4,103.6
RO1_PRICE,Cement In Bulk (Ordinary Portland Cement),2025-01-01,2025-04-01,3,test,SeasonalNaive,110.2,103.6
RO1_PRICE,Cement In Bulk (Ordinary Portland Cement),2025-01-01,2025-07-01,6,test,Naive,104.4,101.1
RO1_PRICE,Cement In Bulk (Ordinary Portland Cement),2025-01-01,2025-07-01,6,test,SeasonalNaive,109.0,101.1
RO1_PRICE,Cement In Bulk (Ordinary Portland Cement),2025-01-01,2026-01-01,12,test,Naive,104.4,118.6
RO1_PRICE,Cement In Bulk (Ordinary Portland Cement),2025-01-01,2026-01-01,12,test,SeasonalNaive,104.4,118.6
RO1_PRICE,Cement In Bulk (Ordinary Portland Cement),2025-02-01,2025-03-01,1,test,Naive,104.2,103.9
RO1_PRICE,Cement In Bulk (Ordinary Portland Cement),2025-02-01,2025-03-01,1,test,SeasonalNaive,110.8,103.9
RO1_PRICE,Cement In Bulk (Ordinary Portland Cement),2025-02-01,2025-05-01,3,test,Naive,104.2,103.3
RO1_PRICE,Cement In Bulk (Ordinary Portland Cement),2025-02-01,2025-05-01,3,test,SeasonalNaive,110.2,103.3
RO1_PRICE,Cement In Bulk (Ordinary Portland Cement),2025-02-01,2025-08-01,6,test,Naive,104.2,101.5
RO1_PRICE,Cement In Bulk (Ordinary Portland Cement),2025-02-01,2025-08-01,6,test,SeasonalNaive,108.4,101.5
RO1_PRICE,Cement In Bulk (Ordinary Portland Cement),2025-02-01,2026-02-01,12,test,Naive,104.2,119.2
RO1_PRICE,Cement In Bulk (Ordinary Portland Cement),2025-02-01,2026-02-01,12,test,SeasonalNaive,104.2,119.2
RO1_PRICE,Cement In Bulk (Ordinary Portland Cement),2025-03-01,2025-04-01,1,test,Naive,103.9,103.6
RO1_PRICE,Cement In Bulk (Ordinary Portland Cement),2025-03-01,2025-04-01,1,test,SeasonalNaive,110.2,103.6
RO1_PRICE,Cement In Bulk (Ordinary Portland Cement),2025-03-01,2025-06-01,3,test,Naive,103.9,102.8
RO1_PRICE,Cement In Bulk (Ordinary Portland Cement),2025-03-01,2025-06-01,3,test,SeasonalNaive,109.6,102.8
RO1_PRICE,Cement In Bulk (Ordinary Portland Cement),2025-03-01,2025-09-01,6,test,Naive,103.9,102.2
RO1_PRICE,Cement In Bulk (Ordinary Portland Cement),2025-03-01,2025-09-01,6,test,SeasonalNaive,108.0,102.2
RO1_PRICE,Cement In Bulk (Ordinary Portland Cement),2025-03-01,2026-03-01,12,test,Naive,103.9,121.9
RO1_PRICE,Cement In Bulk (Ordinary Portland Cement),2025-03-01,2026-03-01,12,test,SeasonalNaive,103.9,121.9
RO1_PRICE,Cement In Bulk (Ordinary Portland Cement),2025-04-01,2025-05-01,1,test,Naive,103.6,103.3
RO1_PRICE,Cement In Bulk (Ordinary Portland Cement),2025-04-01,2025-05-01,1,test,SeasonalNaive,110.2,103.3
RO1_PRICE,Cement In Bulk (Ordinary Portland Cement),2025-04-01,2025-07-01,3,test,Naive,103.6,101.1
RO1_PRICE,Cement In Bulk (Ordinary Portland Cement),2025-04-01,2025-07-01,3,test,SeasonalNaive,109.0,101.1
RO1_PRICE,Cement In Bulk (Ordinary Portland Cement),2025-04-01,2025-10-01,6,test,Naive,103.6,104.0
RO1_PRICE,Cement In Bulk (Ordinary Portland Cement),2025-04-01,2025-10-01,6,test,SeasonalNaive,107.4,104.0
RO1_PRICE,Cement In Bulk (Ordinary Portland Cement),2025-04-01,2026-04-01,12,test,Naive,103.6,124.7
RO1_PRICE,Cement In Bulk (Ordinary Portland Cement),2025-04-01,2026-04-01,12,test,SeasonalNaive,103.6,124.7
RO1_PRICE,Cement In Bulk (Ordinary Portland Cement),2025-05-01,2025-06-01,1,test,Naive,103.3,102.8
RO1_PRICE,Cement In Bulk (Ordinary Portland Cement),2025-05-01,2025-06-01,1,test,SeasonalNaive,109.6,102.8
RO1_PRICE,Cement In Bulk (Ordinary Portland Cement),2025-05-01,2025-08-01,3,test,Naive,103.3,101.5
RO1_PRICE,Cement In Bulk (Ordinary Portland Cement),2025-05-01,2025-08-01,3,test,SeasonalNaive,108.4,101.5
RO1_PRICE,Cement In Bulk (Ordinary Portland Cement),2025-05-01,2025-11-01,6,test,Naive,103.3,110.0
RO1_PRICE,Cement In Bulk (Ordinary Portland Cement),2025-05-01,2025-11-01,6,test,SeasonalNaive,106.4,110.0
RO1_PRICE,Cement In Bulk (Ordinary Portland Cement),2025-05-01,2026-05-01,12,test,Naive,103.3,125.8
RO1_PRICE,Cement In Bulk (Ordinary Portland Cement),2025-05-01,2026-05-01,12,test,SeasonalNaive,103.3,125.8
RO1_PRICE,Cement In Bulk (Ordinary Portland Cement),2025-06-01,2025-07-01,1,test,Naive,102.8,101.1
RO1_PRICE,Cement In Bulk (Ordinary Portland Cement),2025-06-01,2025-07-01,1,test,SeasonalNaive,109.0,101.1
RO1_PRICE,Cement In Bulk (Ordinary Portland Cement),2025-06-01,2025-09-01,3,test,Naive,102.8,102.2
RO1_PRICE,Cement In Bulk (Ordinary Portland Cement),2025-06-01,2025-09-01,3,test,SeasonalNaive,108.0,102.2
RO1_PRICE,Cement In Bulk (Ordinary Portland Cement),2025-06-01,2025-12-01,6,test,Naive,102.8,115.9
RO1_PRICE,Cement In Bulk (Ordinary Portland Cement),2025-06-01,2025-12-01,6,test,SeasonalNaive,105.8,115.9
RO1_PRICE,Cement In Bulk (Ordinary Portland Cement),2025-06-01,2026-06-01,12,test,Naive,102.8,124.15
RO1_PRICE,Cement In Bulk (Ordinary Portland Cement),2025-06-01,2026-06-01,12,test,SeasonalNaive,102.8,124.15
RO1_PRICE,Cement In Bulk (Ordinary Portland Cement),2025-07-01,2025-08-01,1,test,Naive,101.1,101.5
RO1_PRICE,Cement In Bulk (Ordinary Portland Cement),2025-07-01,2025-08-01,1,test,SeasonalNaive,108.4,101.5
RO1_PRICE,Cement In Bulk (Ordinary Portland Cement),2025-07-01,2025-10-01,3,test,Naive,101.1,104.0
RO1_PRICE,Cement In Bulk (Ordinary Portland Cement),2025-07-01,2025-10-01,3,test,SeasonalNaive,107.4,104.0
RO1_PRICE,Cement In Bulk (Ordinary Portland Cement),2025-07-01,2026-01-01,6,test,Naive,101.1,118.6
RO1_PRICE,Cement In Bulk (Ordinary Portland Cement),2025-07-01,2026-01-01,6,test,SeasonalNaive,104.4,118.6
RO1_PRICE,Cement In Bulk (Ordinary Portland Cement),2025-08-01,2025-09-01,1,test,Naive,101.5,102.2
RO1_PRICE,Cement In Bulk (Ordinary Portland Cement),2025-08-01,2025-09-01,1,test,SeasonalNaive,108.0,102.2
RO1_PRICE,Cement In Bulk (Ordinary Portland Cement),2025-08-01,2025-11-01,3,test,Naive,101.5,110.0
RO1_PRICE,Cement In Bulk (Ordinary Portland Cement),2025-08-01,2025-11-01,3,test,SeasonalNaive,106.4,110.0
RO1_PRICE,Cement In Bulk (Ordinary Portland Cement),2025-08-01,2026-02-01,6,test,Naive,101.5,119.2
RO1_PRICE,Cement In Bulk (Ordinary Portland Cement),2025-08-01,2026-02-01,6,test,SeasonalNaive,104.2,119.2
RO1_PRICE,Cement In Bulk (Ordinary Portland Cement),2025-09-01,2025-10-01,1,test,Naive,102.2,104.0
RO1_PRICE,Cement In Bulk (Ordinary Portland Cement),2025-09-01,2025-10-01,1,test,SeasonalNaive,107.4,104.0
RO1_PRICE,Cement In Bulk (Ordinary Portland Cement),2025-09-01,2025-12-01,3,test,Naive,102.2,115.9
RO1_PRICE,Cement In Bulk (Ordinary Portland Cement),2025-09-01,2025-12-01,3,test,SeasonalNaive,105.8,115.9
RO1_PRICE,Cement In Bulk (Ordinary Portland Cement),2025-09-01,2026-03-01,6,test,Naive,102.2,121.9
RO1_PRICE,Cement In Bulk (Ordinary Portland Cement),2025-09-01,2026-03-01,6,test,SeasonalNaive,103.9,121.9
RO1_PRICE,Cement In Bulk (Ordinary Portland Cement),2025-10-01,2025-11-01,1,test,Naive,104.0,110.0
RO1_PRICE,Cement In Bulk (Ordinary Portland Cement),2025-10-01,2025-11-01,1,test,SeasonalNaive,106.4,110.0
RO1_PRICE,Cement In Bulk (Ordinary Portland Cement),2025-10-01,2026-01-01,3,test,Naive,104.0,118.6
RO1_PRICE,Cement In Bulk (Ordinary Portland Cement),2025-10-01,2026-01-01,3,test,SeasonalNaive,104.4,118.6
RO1_PRICE,Cement In Bulk (Ordinary Portland Cement),2025-10-01,2026-04-01,6,test,Naive,104.0,124.7
RO1_PRICE,Cement In Bulk (Ordinary Portland Cement),2025-10-01,2026-04-01,6,test,SeasonalNaive,103.6,124.7
RO1_PRICE,Cement In Bulk (Ordinary Portland Cement),2025-11-01,2025-12-01,1,test,Naive,110.0,115.9
RO1_PRICE,Cement In Bulk (Ordinary Portland Cement),2025-11-01,2025-12-01,1,test,SeasonalNaive,105.8,115.9
RO1_PRICE,Cement In Bulk (Ordinary Portland Cement),2025-11-01,2026-02-01,3,test,Naive,110.0,119.2
RO1_PRICE,Cement In Bulk (Ordinary Portland Cement),2025-11-01,2026-02-01,3,test,SeasonalNaive,104.2,119.2
RO1_PRICE,Cement In Bulk (Ordinary Portland Cement),2025-11-01,2026-05-01,6,test,Naive,110.0,125.8
RO1_PRICE,Cement In Bulk (Ordinary Portland Cement),2025-11-01,2026-05-01,6,test,SeasonalNaive,103.3,125.8
RO1_PRICE,Cement In Bulk (Ordinary Portland Cement),2025-12-01,2026-01-01,1,test,Naive,115.9,118.6
RO1_PRICE,Cement In Bulk (Ordinary Portland Cement),2025-12-01,2026-01-01,1,test,SeasonalNaive,104.4,118.6
RO1_PRICE,Cement In Bulk (Ordinary Portland Cement),2025-12-01,2026-03-01,3,test,Naive,115.9,121.9
RO1_PRICE,Cement In Bulk (Ordinary Portland Cement),2025-12-01,2026-03-01,3,test,SeasonalNaive,103.9,121.9
RO1_PRICE,Cement In Bulk (Ordinary Portland Cement),2025-12-01,2026-06-01,6,test,Naive,115.9,124.15
RO1_PRICE,Cement In Bulk (Ordinary Portland Cement),2025-12-01,2026-06-01,6,test,SeasonalNaive,102.8,124.15
RO1_PRICE,Cement In Bulk (Ordinary Portland Cement),2026-01-01,2026-02-01,1,test,Naive,118.6,119.2
RO1_PRICE,Cement In Bulk (Ordinary Portland Cement),2026-01-01,2026-02-01,1,test,SeasonalNaive,104.2,119.2
RO1_PRICE,Cement In Bulk (Ordinary Portland Cement),2026-01-01,2026-04-01,3,test,Naive,118.6,124.7
RO1_PRICE,Cement In Bulk (Ordinary Portland Cement),2026-01-01,2026-04-01,3,test,SeasonalNaive,103.6,124.7
RO1_PRICE,Cement In Bulk (Ordinary Portland Cement),2026-02-01,2026-03-01,1,test,Naive,119.2,121.9
RO1_PRICE,Cement In Bulk (Ordinary Portland Cement),2026-02-01,2026-03-01,1,test,SeasonalNaive,103.9,121.9
RO1_PRICE,Cement In Bulk (Ordinary Portland Cement),2026-02-01,2026-05-01,3,test,Naive,119.2,125.8
RO1_PRICE,Cement In Bulk (Ordinary Portland Cement),2026-02-01,2026-05-01,3,test,SeasonalNaive,103.3,125.8
RO1_PRICE,Cement In Bulk (Ordinary Portland Cement),2026-03-01,2026-04-01,1,test,Naive,121.9,124.7
RO1_PRICE,Cement In Bulk (Ordinary Portland Cement),2026-03-01,2026-04-01,1,test,SeasonalNaive,103.6,124.7
RO1_PRICE,Cement In Bulk (Ordinary Portland Cement),2026-03-01,2026-06-01,3,test,Naive,121.9,124.15
RO1_PRICE,Cement In Bulk (Ordinary Portland Cement),2026-03-01,2026-06-01,3,test,SeasonalNaive,102.8,124.15
RO1_PRICE,Cement In Bulk (Ordinary Portland Cement),2026-04-01,2026-05-01,1,test,Naive,124.7,125.8
RO1_PRICE,Cement In Bulk (Ordinary Portland Cement),2026-04-01,2026-05-01,1,test,SeasonalNaive,103.3,125.8
RO1_PRICE,Cement In Bulk (Ordinary Portland Cement),2026-05-01,2026-06-01,1,test,Naive,125.8,124.15
RO1_PRICE,Cement In Bulk (Ordinary Portland Cement),2026-05-01,2026-06-01,1,test,SeasonalNaive,102.8,124.15
RO1_PRICE,Concreting Sand,2024-07-01,2024-08-01,1,test,Naive,27.5,27.7
RO1_PRICE,Concreting Sand,2024-07-01,2024-08-01,1,test,SeasonalNaive,29.4,27.7
RO1_PRICE,Concreting Sand,2024-07-01,2024-10-01,3,test,Naive,27.5,27.7
RO1_PRICE,Concreting Sand,2024-07-01,2024-10-01,3,test,SeasonalNaive,29.3,27.7
RO1_PRICE,Concreting Sand,2024-07-01,2025-01-01,6,test,Naive,27.5,27.4
RO1_PRICE,Concreting Sand,2024-07-01,2025-01-01,6,test,SeasonalNaive,28.1,27.4
RO1_PRICE,Concreting Sand,2024-07-01,2025-07-01,12,test,Naive,27.5,26.7
RO1_PRICE,Concreting Sand,2024-07-01,2025-07-01,12,test,SeasonalNaive,27.5,26.7
RO1_PRICE,Concreting Sand,2024-08-01,2024-09-01,1,test,Naive,27.7,27.6
RO1_PRICE,Concreting Sand,2024-08-01,2024-09-01,1,test,SeasonalNaive,29.5,27.6
RO1_PRICE,Concreting Sand,2024-08-01,2024-11-01,3,test,Naive,27.7,27.7
RO1_PRICE,Concreting Sand,2024-08-01,2024-11-01,3,test,SeasonalNaive,29.6,27.7
RO1_PRICE,Concreting Sand,2024-08-01,2025-02-01,6,test,Naive,27.7,27.6
RO1_PRICE,Concreting Sand,2024-08-01,2025-02-01,6,test,SeasonalNaive,28.3,27.6
RO1_PRICE,Concreting Sand,2024-08-01,2025-08-01,12,test,Naive,27.7,26.7
RO1_PRICE,Concreting Sand,2024-08-01,2025-08-01,12,test,SeasonalNaive,27.7,26.7
RO1_PRICE,Concreting Sand,2024-09-01,2024-10-01,1,test,Naive,27.6,27.7
RO1_PRICE,Concreting Sand,2024-09-01,2024-10-01,1,test,SeasonalNaive,29.3,27.7
RO1_PRICE,Concreting Sand,2024-09-01,2024-12-01,3,test,Naive,27.6,27.7
RO1_PRICE,Concreting Sand,2024-09-01,2024-12-01,3,test,SeasonalNaive,27.9,27.7
RO1_PRICE,Concreting Sand,2024-09-01,2025-03-01,6,test,Naive,27.6,27.3
RO1_PRICE,Concreting Sand,2024-09-01,2025-03-01,6,test,SeasonalNaive,28.1,27.3
RO1_PRICE,Concreting Sand,2024-09-01,2025-09-01,12,test,Naive,27.6,26.4
RO1_PRICE,Concreting Sand,2024-09-01,2025-09-01,12,test,SeasonalNaive,27.6,26.4
RO1_PRICE,Concreting Sand,2024-10-01,2024-11-01,1,test,Naive,27.7,27.7
RO1_PRICE,Concreting Sand,2024-10-01,2024-11-01,1,test,SeasonalNaive,29.6,27.7
RO1_PRICE,Concreting Sand,2024-10-01,2025-01-01,3,test,Naive,27.7,27.4
RO1_PRICE,Concreting Sand,2024-10-01,2025-01-01,3,test,SeasonalNaive,28.1,27.4
RO1_PRICE,Concreting Sand,2024-10-01,2025-04-01,6,test,Naive,27.7,26.8
RO1_PRICE,Concreting Sand,2024-10-01,2025-04-01,6,test,SeasonalNaive,27.9,26.8
RO1_PRICE,Concreting Sand,2024-10-01,2025-10-01,12,test,Naive,27.7,26.7
RO1_PRICE,Concreting Sand,2024-10-01,2025-10-01,12,test,SeasonalNaive,27.7,26.7
RO1_PRICE,Concreting Sand,2024-11-01,2024-12-01,1,test,Naive,27.7,27.7
RO1_PRICE,Concreting Sand,2024-11-01,2024-12-01,1,test,SeasonalNaive,27.9,27.7
RO1_PRICE,Concreting Sand,2024-11-01,2025-02-01,3,test,Naive,27.7,27.6
RO1_PRICE,Concreting Sand,2024-11-01,2025-02-01,3,test,SeasonalNaive,28.3,27.6
RO1_PRICE,Concreting Sand,2024-11-01,2025-05-01,6,test,Naive,27.7,27.1
RO1_PRICE,Concreting Sand,2024-11-01,2025-05-01,6,test,SeasonalNaive,27.9,27.1
RO1_PRICE,Concreting Sand,2024-11-01,2025-11-01,12,test,Naive,27.7,27.0
RO1_PRICE,Concreting Sand,2024-11-01,2025-11-01,12,test,SeasonalNaive,27.7,27.0
RO1_PRICE,Concreting Sand,2024-12-01,2025-01-01,1,test,Naive,27.7,27.4
RO1_PRICE,Concreting Sand,2024-12-01,2025-01-01,1,test,SeasonalNaive,28.1,27.4
RO1_PRICE,Concreting Sand,2024-12-01,2025-03-01,3,test,Naive,27.7,27.3
RO1_PRICE,Concreting Sand,2024-12-01,2025-03-01,3,test,SeasonalNaive,28.1,27.3
RO1_PRICE,Concreting Sand,2024-12-01,2025-06-01,6,test,Naive,27.7,26.7
RO1_PRICE,Concreting Sand,2024-12-01,2025-06-01,6,test,SeasonalNaive,28.0,26.7
RO1_PRICE,Concreting Sand,2024-12-01,2025-12-01,12,test,Naive,27.7,26.8
RO1_PRICE,Concreting Sand,2024-12-01,2025-12-01,12,test,SeasonalNaive,27.7,26.8
RO1_PRICE,Concreting Sand,2025-01-01,2025-02-01,1,test,Naive,27.4,27.6
RO1_PRICE,Concreting Sand,2025-01-01,2025-02-01,1,test,SeasonalNaive,28.3,27.6
RO1_PRICE,Concreting Sand,2025-01-01,2025-04-01,3,test,Naive,27.4,26.8
RO1_PRICE,Concreting Sand,2025-01-01,2025-04-01,3,test,SeasonalNaive,27.9,26.8
RO1_PRICE,Concreting Sand,2025-01-01,2025-07-01,6,test,Naive,27.4,26.7
RO1_PRICE,Concreting Sand,2025-01-01,2025-07-01,6,test,SeasonalNaive,27.5,26.7
RO1_PRICE,Concreting Sand,2025-01-01,2026-01-01,12,test,Naive,27.4,26.7
RO1_PRICE,Concreting Sand,2025-01-01,2026-01-01,12,test,SeasonalNaive,27.4,26.7
RO1_PRICE,Concreting Sand,2025-02-01,2025-03-01,1,test,Naive,27.6,27.3
RO1_PRICE,Concreting Sand,2025-02-01,2025-03-01,1,test,SeasonalNaive,28.1,27.3
RO1_PRICE,Concreting Sand,2025-02-01,2025-05-01,3,test,Naive,27.6,27.1
RO1_PRICE,Concreting Sand,2025-02-01,2025-05-01,3,test,SeasonalNaive,27.9,27.1
RO1_PRICE,Concreting Sand,2025-02-01,2025-08-01,6,test,Naive,27.6,26.7
RO1_PRICE,Concreting Sand,2025-02-01,2025-08-01,6,test,SeasonalNaive,27.7,26.7
RO1_PRICE,Concreting Sand,2025-02-01,2026-02-01,12,test,Naive,27.6,26.4
RO1_PRICE,Concreting Sand,2025-02-01,2026-02-01,12,test,SeasonalNaive,27.6,26.4
RO1_PRICE,Concreting Sand,2025-03-01,2025-04-01,1,test,Naive,27.3,26.8
RO1_PRICE,Concreting Sand,2025-03-01,2025-04-01,1,test,SeasonalNaive,27.9,26.8
RO1_PRICE,Concreting Sand,2025-03-01,2025-06-01,3,test,Naive,27.3,26.7
RO1_PRICE,Concreting Sand,2025-03-01,2025-06-01,3,test,SeasonalNaive,28.0,26.7
RO1_PRICE,Concreting Sand,2025-03-01,2025-09-01,6,test,Naive,27.3,26.4
RO1_PRICE,Concreting Sand,2025-03-01,2025-09-01,6,test,SeasonalNaive,27.6,26.4
RO1_PRICE,Concreting Sand,2025-03-01,2026-03-01,12,test,Naive,27.3,27.8
RO1_PRICE,Concreting Sand,2025-03-01,2026-03-01,12,test,SeasonalNaive,27.3,27.8
RO1_PRICE,Concreting Sand,2025-04-01,2025-05-01,1,test,Naive,26.8,27.1
RO1_PRICE,Concreting Sand,2025-04-01,2025-05-01,1,test,SeasonalNaive,27.9,27.1
RO1_PRICE,Concreting Sand,2025-04-01,2025-07-01,3,test,Naive,26.8,26.7
RO1_PRICE,Concreting Sand,2025-04-01,2025-07-01,3,test,SeasonalNaive,27.5,26.7
RO1_PRICE,Concreting Sand,2025-04-01,2025-10-01,6,test,Naive,26.8,26.7
RO1_PRICE,Concreting Sand,2025-04-01,2025-10-01,6,test,SeasonalNaive,27.7,26.7
RO1_PRICE,Concreting Sand,2025-04-01,2026-04-01,12,test,Naive,26.8,29.0
RO1_PRICE,Concreting Sand,2025-04-01,2026-04-01,12,test,SeasonalNaive,26.8,29.0
RO1_PRICE,Concreting Sand,2025-05-01,2025-06-01,1,test,Naive,27.1,26.7
RO1_PRICE,Concreting Sand,2025-05-01,2025-06-01,1,test,SeasonalNaive,28.0,26.7
RO1_PRICE,Concreting Sand,2025-05-01,2025-08-01,3,test,Naive,27.1,26.7
RO1_PRICE,Concreting Sand,2025-05-01,2025-08-01,3,test,SeasonalNaive,27.7,26.7
RO1_PRICE,Concreting Sand,2025-05-01,2025-11-01,6,test,Naive,27.1,27.0
RO1_PRICE,Concreting Sand,2025-05-01,2025-11-01,6,test,SeasonalNaive,27.7,27.0
RO1_PRICE,Concreting Sand,2025-05-01,2026-05-01,12,test,Naive,27.1,28.6
RO1_PRICE,Concreting Sand,2025-05-01,2026-05-01,12,test,SeasonalNaive,27.1,28.6
RO1_PRICE,Concreting Sand,2025-06-01,2025-07-01,1,test,Naive,26.7,26.7
RO1_PRICE,Concreting Sand,2025-06-01,2025-07-01,1,test,SeasonalNaive,27.5,26.7
RO1_PRICE,Concreting Sand,2025-06-01,2025-09-01,3,test,Naive,26.7,26.4
RO1_PRICE,Concreting Sand,2025-06-01,2025-09-01,3,test,SeasonalNaive,27.6,26.4
RO1_PRICE,Concreting Sand,2025-06-01,2025-12-01,6,test,Naive,26.7,26.8
RO1_PRICE,Concreting Sand,2025-06-01,2025-12-01,6,test,SeasonalNaive,27.7,26.8
RO1_PRICE,Concreting Sand,2025-06-01,2026-06-01,12,test,Naive,26.7,28.6
RO1_PRICE,Concreting Sand,2025-06-01,2026-06-01,12,test,SeasonalNaive,26.7,28.6
RO1_PRICE,Concreting Sand,2025-07-01,2025-08-01,1,test,Naive,26.7,26.7
RO1_PRICE,Concreting Sand,2025-07-01,2025-08-01,1,test,SeasonalNaive,27.7,26.7
RO1_PRICE,Concreting Sand,2025-07-01,2025-10-01,3,test,Naive,26.7,26.7
RO1_PRICE,Concreting Sand,2025-07-01,2025-10-01,3,test,SeasonalNaive,27.7,26.7
RO1_PRICE,Concreting Sand,2025-07-01,2026-01-01,6,test,Naive,26.7,26.7
RO1_PRICE,Concreting Sand,2025-07-01,2026-01-01,6,test,SeasonalNaive,27.4,26.7
RO1_PRICE,Concreting Sand,2025-08-01,2025-09-01,1,test,Naive,26.7,26.4
RO1_PRICE,Concreting Sand,2025-08-01,2025-09-01,1,test,SeasonalNaive,27.6,26.4
RO1_PRICE,Concreting Sand,2025-08-01,2025-11-01,3,test,Naive,26.7,27.0
RO1_PRICE,Concreting Sand,2025-08-01,2025-11-01,3,test,SeasonalNaive,27.7,27.0
RO1_PRICE,Concreting Sand,2025-08-01,2026-02-01,6,test,Naive,26.7,26.4
RO1_PRICE,Concreting Sand,2025-08-01,2026-02-01,6,test,SeasonalNaive,27.6,26.4
RO1_PRICE,Concreting Sand,2025-09-01,2025-10-01,1,test,Naive,26.4,26.7
RO1_PRICE,Concreting Sand,2025-09-01,2025-10-01,1,test,SeasonalNaive,27.7,26.7
RO1_PRICE,Concreting Sand,2025-09-01,2025-12-01,3,test,Naive,26.4,26.8
RO1_PRICE,Concreting Sand,2025-09-01,2025-12-01,3,test,SeasonalNaive,27.7,26.8
RO1_PRICE,Concreting Sand,2025-09-01,2026-03-01,6,test,Naive,26.4,27.8
RO1_PRICE,Concreting Sand,2025-09-01,2026-03-01,6,test,SeasonalNaive,27.3,27.8
RO1_PRICE,Concreting Sand,2025-10-01,2025-11-01,1,test,Naive,26.7,27.0
RO1_PRICE,Concreting Sand,2025-10-01,2025-11-01,1,test,SeasonalNaive,27.7,27.0
RO1_PRICE,Concreting Sand,2025-10-01,2026-01-01,3,test,Naive,26.7,26.7
RO1_PRICE,Concreting Sand,2025-10-01,2026-01-01,3,test,SeasonalNaive,27.4,26.7
RO1_PRICE,Concreting Sand,2025-10-01,2026-04-01,6,test,Naive,26.7,29.0
RO1_PRICE,Concreting Sand,2025-10-01,2026-04-01,6,test,SeasonalNaive,26.8,29.0
RO1_PRICE,Concreting Sand,2025-11-01,2025-12-01,1,test,Naive,27.0,26.8
RO1_PRICE,Concreting Sand,2025-11-01,2025-12-01,1,test,SeasonalNaive,27.7,26.8
RO1_PRICE,Concreting Sand,2025-11-01,2026-02-01,3,test,Naive,27.0,26.4
RO1_PRICE,Concreting Sand,2025-11-01,2026-02-01,3,test,SeasonalNaive,27.6,26.4
RO1_PRICE,Concreting Sand,2025-11-01,2026-05-01,6,test,Naive,27.0,28.6
RO1_PRICE,Concreting Sand,2025-11-01,2026-05-01,6,test,SeasonalNaive,27.1,28.6
RO1_PRICE,Concreting Sand,2025-12-01,2026-01-01,1,test,Naive,26.8,26.7
RO1_PRICE,Concreting Sand,2025-12-01,2026-01-01,1,test,SeasonalNaive,27.4,26.7
RO1_PRICE,Concreting Sand,2025-12-01,2026-03-01,3,test,Naive,26.8,27.8
RO1_PRICE,Concreting Sand,2025-12-01,2026-03-01,3,test,SeasonalNaive,27.3,27.8
RO1_PRICE,Concreting Sand,2025-12-01,2026-06-01,6,test,Naive,26.8,28.6
RO1_PRICE,Concreting Sand,2025-12-01,2026-06-01,6,test,SeasonalNaive,26.7,28.6
RO1_PRICE,Concreting Sand,2026-01-01,2026-02-01,1,test,Naive,26.7,26.4
RO1_PRICE,Concreting Sand,2026-01-01,2026-02-01,1,test,SeasonalNaive,27.6,26.4
RO1_PRICE,Concreting Sand,2026-01-01,2026-04-01,3,test,Naive,26.7,29.0
RO1_PRICE,Concreting Sand,2026-01-01,2026-04-01,3,test,SeasonalNaive,26.8,29.0
RO1_PRICE,Concreting Sand,2026-02-01,2026-03-01,1,test,Naive,26.4,27.8
RO1_PRICE,Concreting Sand,2026-02-01,2026-03-01,1,test,SeasonalNaive,27.3,27.8
RO1_PRICE,Concreting Sand,2026-02-01,2026-05-01,3,test,Naive,26.4,28.6
RO1_PRICE,Concreting Sand,2026-02-01,2026-05-01,3,test,SeasonalNaive,27.1,28.6
RO1_PRICE,Concreting Sand,2026-03-01,2026-04-01,1,test,Naive,27.8,29.0
RO1_PRICE,Concreting Sand,2026-03-01,2026-04-01,1,test,SeasonalNaive,26.8,29.0
RO1_PRICE,Concreting Sand,2026-03-01,2026-06-01,3,test,Naive,27.8,28.6
RO1_PRICE,Concreting Sand,2026-03-01,2026-06-01,3,test,SeasonalNaive,26.7,28.6
RO1_PRICE,Concreting Sand,2026-04-01,2026-05-01,1,test,Naive,29.0,28.6
RO1_PRICE,Concreting Sand,2026-04-01,2026-05-01,1,test,SeasonalNaive,27.1,28.6
RO1_PRICE,Concreting Sand,2026-05-01,2026-06-01,1,test,Naive,28.6,28.6
RO1_PRICE,Concreting Sand,2026-05-01,2026-06-01,1,test,SeasonalNaive,26.7,28.6
RO1_PRICE,Granite (20mm Aggregate),2024-07-01,2024-08-01,1,test,Naive,23.0,22.8
RO1_PRICE,Granite (20mm Aggregate),2024-07-01,2024-08-01,1,test,SeasonalNaive,18.5,22.8
RO1_PRICE,Granite (20mm Aggregate),2024-07-01,2024-10-01,3,test,Naive,23.0,22.4
RO1_PRICE,Granite (20mm Aggregate),2024-07-01,2024-10-01,3,test,SeasonalNaive,19.5,22.4
RO1_PRICE,Granite (20mm Aggregate),2024-07-01,2025-01-01,6,test,Naive,23.0,22.6
RO1_PRICE,Granite (20mm Aggregate),2024-07-01,2025-01-01,6,test,SeasonalNaive,22.3,22.6
RO1_PRICE,Granite (20mm Aggregate),2024-07-01,2025-07-01,12,test,Naive,23.0,21.7
RO1_PRICE,Granite (20mm Aggregate),2024-07-01,2025-07-01,12,test,SeasonalNaive,23.0,21.7
RO1_PRICE,Granite (20mm Aggregate),2024-08-01,2024-09-01,1,test,Naive,22.8,22.5
RO1_PRICE,Granite (20mm Aggregate),2024-08-01,2024-09-01,1,test,SeasonalNaive,18.6,22.5
RO1_PRICE,Granite (20mm Aggregate),2024-08-01,2024-11-01,3,test,Naive,22.8,22.4
RO1_PRICE,Granite (20mm Aggregate),2024-08-01,2024-11-01,3,test,SeasonalNaive,20.3,22.4
RO1_PRICE,Granite (20mm Aggregate),2024-08-01,2025-02-01,6,test,Naive,22.8,22.2
RO1_PRICE,Granite (20mm Aggregate),2024-08-01,2025-02-01,6,test,SeasonalNaive,22.2,22.2
RO1_PRICE,Granite (20mm Aggregate),2024-08-01,2025-08-01,12,test,Naive,22.8,21.7
RO1_PRICE,Granite (20mm Aggregate),2024-08-01,2025-08-01,12,test,SeasonalNaive,22.8,21.7
RO1_PRICE,Granite (20mm Aggregate),2024-09-01,2024-10-01,1,test,Naive,22.5,22.4
RO1_PRICE,Granite (20mm Aggregate),2024-09-01,2024-10-01,1,test,SeasonalNaive,19.5,22.4
RO1_PRICE,Granite (20mm Aggregate),2024-09-01,2024-12-01,3,test,Naive,22.5,22.6
RO1_PRICE,Granite (20mm Aggregate),2024-09-01,2024-12-01,3,test,SeasonalNaive,21.2,22.6
RO1_PRICE,Granite (20mm Aggregate),2024-09-01,2025-03-01,6,test,Naive,22.5,22.3
RO1_PRICE,Granite (20mm Aggregate),2024-09-01,2025-03-01,6,test,SeasonalNaive,22.4,22.3
RO1_PRICE,Granite (20mm Aggregate),2024-09-01,2025-09-01,12,test,Naive,22.5,21.7
RO1_PRICE,Granite (20mm Aggregate),2024-09-01,2025-09-01,12,test,SeasonalNaive,22.5,21.7
RO1_PRICE,Granite (20mm Aggregate),2024-10-01,2024-11-01,1,test,Naive,22.4,22.4
RO1_PRICE,Granite (20mm Aggregate),2024-10-01,2024-11-01,1,test,SeasonalNaive,20.3,22.4
RO1_PRICE,Granite (20mm Aggregate),2024-10-01,2025-01-01,3,test,Naive,22.4,22.6
RO1_PRICE,Granite (20mm Aggregate),2024-10-01,2025-01-01,3,test,SeasonalNaive,22.3,22.6
RO1_PRICE,Granite (20mm Aggregate),2024-10-01,2025-04-01,6,test,Naive,22.4,22.2
RO1_PRICE,Granite (20mm Aggregate),2024-10-01,2025-04-01,6,test,SeasonalNaive,22.3,22.2
RO1_PRICE,Granite (20mm Aggregate),2024-10-01,2025-10-01,12,test,Naive,22.4,21.9
RO1_PRICE,Granite (20mm Aggregate),2024-10-01,2025-10-01,12,test,SeasonalNaive,22.4,21.9
RO1_PRICE,Granite (20mm Aggregate),2024-11-01,2024-12-01,1,test,Naive,22.4,22.6
RO1_PRICE,Granite (20mm Aggregate),2024-11-01,2024-12-01,1,test,SeasonalNaive,21.2,22.6
RO1_PRICE,Granite (20mm Aggregate),2024-11-01,2025-02-01,3,test,Naive,22.4,22.2
RO1_PRICE,Granite (20mm Aggregate),2024-11-01,2025-02-01,3,test,SeasonalNaive,22.2,22.2
RO1_PRICE,Granite (20mm Aggregate),2024-11-01,2025-05-01,6,test,Naive,22.4,22.0
RO1_PRICE,Granite (20mm Aggregate),2024-11-01,2025-05-01,6,test,SeasonalNaive,22.1,22.0
RO1_PRICE,Granite (20mm Aggregate),2024-11-01,2025-11-01,12,test,Naive,22.4,22.3
RO1_PRICE,Granite (20mm Aggregate),2024-11-01,2025-11-01,12,test,SeasonalNaive,22.4,22.3
RO1_PRICE,Granite (20mm Aggregate),2024-12-01,2025-01-01,1,test,Naive,22.6,22.6
RO1_PRICE,Granite (20mm Aggregate),2024-12-01,2025-01-01,1,test,SeasonalNaive,22.3,22.6
RO1_PRICE,Granite (20mm Aggregate),2024-12-01,2025-03-01,3,test,Naive,22.6,22.3
RO1_PRICE,Granite (20mm Aggregate),2024-12-01,2025-03-01,3,test,SeasonalNaive,22.4,22.3
RO1_PRICE,Granite (20mm Aggregate),2024-12-01,2025-06-01,6,test,Naive,22.6,22.0
RO1_PRICE,Granite (20mm Aggregate),2024-12-01,2025-06-01,6,test,SeasonalNaive,22.2,22.0
RO1_PRICE,Granite (20mm Aggregate),2024-12-01,2025-12-01,12,test,Naive,22.6,22.8
RO1_PRICE,Granite (20mm Aggregate),2024-12-01,2025-12-01,12,test,SeasonalNaive,22.6,22.8
RO1_PRICE,Granite (20mm Aggregate),2025-01-01,2025-02-01,1,test,Naive,22.6,22.2
RO1_PRICE,Granite (20mm Aggregate),2025-01-01,2025-02-01,1,test,SeasonalNaive,22.2,22.2
RO1_PRICE,Granite (20mm Aggregate),2025-01-01,2025-04-01,3,test,Naive,22.6,22.2
RO1_PRICE,Granite (20mm Aggregate),2025-01-01,2025-04-01,3,test,SeasonalNaive,22.3,22.2
RO1_PRICE,Granite (20mm Aggregate),2025-01-01,2025-07-01,6,test,Naive,22.6,21.7
RO1_PRICE,Granite (20mm Aggregate),2025-01-01,2025-07-01,6,test,SeasonalNaive,23.0,21.7
RO1_PRICE,Granite (20mm Aggregate),2025-01-01,2026-01-01,12,test,Naive,22.6,22.7
RO1_PRICE,Granite (20mm Aggregate),2025-01-01,2026-01-01,12,test,SeasonalNaive,22.6,22.7
RO1_PRICE,Granite (20mm Aggregate),2025-02-01,2025-03-01,1,test,Naive,22.2,22.3
RO1_PRICE,Granite (20mm Aggregate),2025-02-01,2025-03-01,1,test,SeasonalNaive,22.4,22.3
RO1_PRICE,Granite (20mm Aggregate),2025-02-01,2025-05-01,3,test,Naive,22.2,22.0
RO1_PRICE,Granite (20mm Aggregate),2025-02-01,2025-05-01,3,test,SeasonalNaive,22.1,22.0
RO1_PRICE,Granite (20mm Aggregate),2025-02-01,2025-08-01,6,test,Naive,22.2,21.7
RO1_PRICE,Granite (20mm Aggregate),2025-02-01,2025-08-01,6,test,SeasonalNaive,22.8,21.7
RO1_PRICE,Granite (20mm Aggregate),2025-02-01,2026-02-01,12,test,Naive,22.2,22.6
RO1_PRICE,Granite (20mm Aggregate),2025-02-01,2026-02-01,12,test,SeasonalNaive,22.2,22.6
RO1_PRICE,Granite (20mm Aggregate),2025-03-01,2025-04-01,1,test,Naive,22.3,22.2
RO1_PRICE,Granite (20mm Aggregate),2025-03-01,2025-04-01,1,test,SeasonalNaive,22.3,22.2
RO1_PRICE,Granite (20mm Aggregate),2025-03-01,2025-06-01,3,test,Naive,22.3,22.0
RO1_PRICE,Granite (20mm Aggregate),2025-03-01,2025-06-01,3,test,SeasonalNaive,22.2,22.0
RO1_PRICE,Granite (20mm Aggregate),2025-03-01,2025-09-01,6,test,Naive,22.3,21.7
RO1_PRICE,Granite (20mm Aggregate),2025-03-01,2025-09-01,6,test,SeasonalNaive,22.5,21.7
RO1_PRICE,Granite (20mm Aggregate),2025-03-01,2026-03-01,12,test,Naive,22.3,23.8
RO1_PRICE,Granite (20mm Aggregate),2025-03-01,2026-03-01,12,test,SeasonalNaive,22.3,23.8
RO1_PRICE,Granite (20mm Aggregate),2025-04-01,2025-05-01,1,test,Naive,22.2,22.0
RO1_PRICE,Granite (20mm Aggregate),2025-04-01,2025-05-01,1,test,SeasonalNaive,22.1,22.0
RO1_PRICE,Granite (20mm Aggregate),2025-04-01,2025-07-01,3,test,Naive,22.2,21.7
RO1_PRICE,Granite (20mm Aggregate),2025-04-01,2025-07-01,3,test,SeasonalNaive,23.0,21.7
RO1_PRICE,Granite (20mm Aggregate),2025-04-01,2025-10-01,6,test,Naive,22.2,21.9
RO1_PRICE,Granite (20mm Aggregate),2025-04-01,2025-10-01,6,test,SeasonalNaive,22.4,21.9
RO1_PRICE,Granite (20mm Aggregate),2025-04-01,2026-04-01,12,test,Naive,22.2,25.0
RO1_PRICE,Granite (20mm Aggregate),2025-04-01,2026-04-01,12,test,SeasonalNaive,22.2,25.0
RO1_PRICE,Granite (20mm Aggregate),2025-05-01,2025-06-01,1,test,Naive,22.0,22.0
RO1_PRICE,Granite (20mm Aggregate),2025-05-01,2025-06-01,1,test,SeasonalNaive,22.2,22.0
RO1_PRICE,Granite (20mm Aggregate),2025-05-01,2025-08-01,3,test,Naive,22.0,21.7
RO1_PRICE,Granite (20mm Aggregate),2025-05-01,2025-08-01,3,test,SeasonalNaive,22.8,21.7
RO1_PRICE,Granite (20mm Aggregate),2025-05-01,2025-11-01,6,test,Naive,22.0,22.3
RO1_PRICE,Granite (20mm Aggregate),2025-05-01,2025-11-01,6,test,SeasonalNaive,22.4,22.3
RO1_PRICE,Granite (20mm Aggregate),2025-05-01,2026-05-01,12,test,Naive,22.0,24.5
RO1_PRICE,Granite (20mm Aggregate),2025-05-01,2026-05-01,12,test,SeasonalNaive,22.0,24.5
RO1_PRICE,Granite (20mm Aggregate),2025-06-01,2025-07-01,1,test,Naive,22.0,21.7
RO1_PRICE,Granite (20mm Aggregate),2025-06-01,2025-07-01,1,test,SeasonalNaive,23.0,21.7
RO1_PRICE,Granite (20mm Aggregate),2025-06-01,2025-09-01,3,test,Naive,22.0,21.7
RO1_PRICE,Granite (20mm Aggregate),2025-06-01,2025-09-01,3,test,SeasonalNaive,22.5,21.7
RO1_PRICE,Granite (20mm Aggregate),2025-06-01,2025-12-01,6,test,Naive,22.0,22.8
RO1_PRICE,Granite (20mm Aggregate),2025-06-01,2025-12-01,6,test,SeasonalNaive,22.6,22.8
RO1_PRICE,Granite (20mm Aggregate),2025-06-01,2026-06-01,12,test,Naive,22.0,24.3
RO1_PRICE,Granite (20mm Aggregate),2025-06-01,2026-06-01,12,test,SeasonalNaive,22.0,24.3
RO1_PRICE,Granite (20mm Aggregate),2025-07-01,2025-08-01,1,test,Naive,21.7,21.7
RO1_PRICE,Granite (20mm Aggregate),2025-07-01,2025-08-01,1,test,SeasonalNaive,22.8,21.7
RO1_PRICE,Granite (20mm Aggregate),2025-07-01,2025-10-01,3,test,Naive,21.7,21.9
RO1_PRICE,Granite (20mm Aggregate),2025-07-01,2025-10-01,3,test,SeasonalNaive,22.4,21.9
RO1_PRICE,Granite (20mm Aggregate),2025-07-01,2026-01-01,6,test,Naive,21.7,22.7
RO1_PRICE,Granite (20mm Aggregate),2025-07-01,2026-01-01,6,test,SeasonalNaive,22.6,22.7
RO1_PRICE,Granite (20mm Aggregate),2025-08-01,2025-09-01,1,test,Naive,21.7,21.7
RO1_PRICE,Granite (20mm Aggregate),2025-08-01,2025-09-01,1,test,SeasonalNaive,22.5,21.7
RO1_PRICE,Granite (20mm Aggregate),2025-08-01,2025-11-01,3,test,Naive,21.7,22.3
RO1_PRICE,Granite (20mm Aggregate),2025-08-01,2025-11-01,3,test,SeasonalNaive,22.4,22.3
RO1_PRICE,Granite (20mm Aggregate),2025-08-01,2026-02-01,6,test,Naive,21.7,22.6
RO1_PRICE,Granite (20mm Aggregate),2025-08-01,2026-02-01,6,test,SeasonalNaive,22.2,22.6
RO1_PRICE,Granite (20mm Aggregate),2025-09-01,2025-10-01,1,test,Naive,21.7,21.9
RO1_PRICE,Granite (20mm Aggregate),2025-09-01,2025-10-01,1,test,SeasonalNaive,22.4,21.9
RO1_PRICE,Granite (20mm Aggregate),2025-09-01,2025-12-01,3,test,Naive,21.7,22.8
RO1_PRICE,Granite (20mm Aggregate),2025-09-01,2025-12-01,3,test,SeasonalNaive,22.6,22.8
RO1_PRICE,Granite (20mm Aggregate),2025-09-01,2026-03-01,6,test,Naive,21.7,23.8
RO1_PRICE,Granite (20mm Aggregate),2025-09-01,2026-03-01,6,test,SeasonalNaive,22.3,23.8
RO1_PRICE,Granite (20mm Aggregate),2025-10-01,2025-11-01,1,test,Naive,21.9,22.3
RO1_PRICE,Granite (20mm Aggregate),2025-10-01,2025-11-01,1,test,SeasonalNaive,22.4,22.3
RO1_PRICE,Granite (20mm Aggregate),2025-10-01,2026-01-01,3,test,Naive,21.9,22.7
RO1_PRICE,Granite (20mm Aggregate),2025-10-01,2026-01-01,3,test,SeasonalNaive,22.6,22.7
RO1_PRICE,Granite (20mm Aggregate),2025-10-01,2026-04-01,6,test,Naive,21.9,25.0
RO1_PRICE,Granite (20mm Aggregate),2025-10-01,2026-04-01,6,test,SeasonalNaive,22.2,25.0
RO1_PRICE,Granite (20mm Aggregate),2025-11-01,2025-12-01,1,test,Naive,22.3,22.8
RO1_PRICE,Granite (20mm Aggregate),2025-11-01,2025-12-01,1,test,SeasonalNaive,22.6,22.8
RO1_PRICE,Granite (20mm Aggregate),2025-11-01,2026-02-01,3,test,Naive,22.3,22.6
RO1_PRICE,Granite (20mm Aggregate),2025-11-01,2026-02-01,3,test,SeasonalNaive,22.2,22.6
RO1_PRICE,Granite (20mm Aggregate),2025-11-01,2026-05-01,6,test,Naive,22.3,24.5
RO1_PRICE,Granite (20mm Aggregate),2025-11-01,2026-05-01,6,test,SeasonalNaive,22.0,24.5
RO1_PRICE,Granite (20mm Aggregate),2025-12-01,2026-01-01,1,test,Naive,22.8,22.7
RO1_PRICE,Granite (20mm Aggregate),2025-12-01,2026-01-01,1,test,SeasonalNaive,22.6,22.7
RO1_PRICE,Granite (20mm Aggregate),2025-12-01,2026-03-01,3,test,Naive,22.8,23.8
RO1_PRICE,Granite (20mm Aggregate),2025-12-01,2026-03-01,3,test,SeasonalNaive,22.3,23.8
RO1_PRICE,Granite (20mm Aggregate),2025-12-01,2026-06-01,6,test,Naive,22.8,24.3
RO1_PRICE,Granite (20mm Aggregate),2025-12-01,2026-06-01,6,test,SeasonalNaive,22.0,24.3
RO1_PRICE,Granite (20mm Aggregate),2026-01-01,2026-02-01,1,test,Naive,22.7,22.6
RO1_PRICE,Granite (20mm Aggregate),2026-01-01,2026-02-01,1,test,SeasonalNaive,22.2,22.6
RO1_PRICE,Granite (20mm Aggregate),2026-01-01,2026-04-01,3,test,Naive,22.7,25.0
RO1_PRICE,Granite (20mm Aggregate),2026-01-01,2026-04-01,3,test,SeasonalNaive,22.2,25.0
RO1_PRICE,Granite (20mm Aggregate),2026-02-01,2026-03-01,1,test,Naive,22.6,23.8
RO1_PRICE,Granite (20mm Aggregate),2026-02-01,2026-03-01,1,test,SeasonalNaive,22.3,23.8
RO1_PRICE,Granite (20mm Aggregate),2026-02-01,2026-05-01,3,test,Naive,22.6,24.5
RO1_PRICE,Granite (20mm Aggregate),2026-02-01,2026-05-01,3,test,SeasonalNaive,22.0,24.5
RO1_PRICE,Granite (20mm Aggregate),2026-03-01,2026-04-01,1,test,Naive,23.8,25.0
RO1_PRICE,Granite (20mm Aggregate),2026-03-01,2026-04-01,1,test,SeasonalNaive,22.2,25.0
RO1_PRICE,Granite (20mm Aggregate),2026-03-01,2026-06-01,3,test,Naive,23.8,24.3
RO1_PRICE,Granite (20mm Aggregate),2026-03-01,2026-06-01,3,test,SeasonalNaive,22.0,24.3
RO1_PRICE,Granite (20mm Aggregate),2026-04-01,2026-05-01,1,test,Naive,25.0,24.5
RO1_PRICE,Granite (20mm Aggregate),2026-04-01,2026-05-01,1,test,SeasonalNaive,22.0,24.5
RO1_PRICE,Granite (20mm Aggregate),2026-05-01,2026-06-01,1,test,Naive,24.5,24.3
RO1_PRICE,Granite (20mm Aggregate),2026-05-01,2026-06-01,1,test,SeasonalNaive,22.0,24.3
RO1_PRICE,Ready Mixed Concrete,2024-07-01,2024-08-01,1,test,Naive,120.5,119.9
RO1_PRICE,Ready Mixed Concrete,2024-07-01,2024-08-01,1,test,SeasonalNaive,116.4,119.9
RO1_PRICE,Ready Mixed Concrete,2024-07-01,2024-10-01,3,test,Naive,120.5,120.3
RO1_PRICE,Ready Mixed Concrete,2024-07-01,2024-10-01,3,test,SeasonalNaive,116.4,120.3
RO1_PRICE,Ready Mixed Concrete,2024-07-01,2025-01-01,6,test,Naive,120.5,119.9
RO1_PRICE,Ready Mixed Concrete,2024-07-01,2025-01-01,6,test,SeasonalNaive,118.1,119.9
RO1_PRICE,Ready Mixed Concrete,2024-07-01,2025-07-01,12,test,Naive,120.5,119.8
RO1_PRICE,Ready Mixed Concrete,2024-07-01,2025-07-01,12,test,SeasonalNaive,120.5,119.8
RO1_PRICE,Ready Mixed Concrete,2024-08-01,2024-09-01,1,test,Naive,119.9,120.5
RO1_PRICE,Ready Mixed Concrete,2024-08-01,2024-09-01,1,test,SeasonalNaive,116.6,120.5
RO1_PRICE,Ready Mixed Concrete,2024-08-01,2024-11-01,3,test,Naive,119.9,120.3
RO1_PRICE,Ready Mixed Concrete,2024-08-01,2024-11-01,3,test,SeasonalNaive,115.4,120.3
RO1_PRICE,Ready Mixed Concrete,2024-08-01,2025-02-01,6,test,Naive,119.9,119.2
RO1_PRICE,Ready Mixed Concrete,2024-08-01,2025-02-01,6,test,SeasonalNaive,118.0,119.2
RO1_PRICE,Ready Mixed Concrete,2024-08-01,2025-08-01,12,test,Naive,119.9,120.4
RO1_PRICE,Ready Mixed Concrete,2024-08-01,2025-08-01,12,test,SeasonalNaive,119.9,120.4
RO1_PRICE,Ready Mixed Concrete,2024-09-01,2024-10-01,1,test,Naive,120.5,120.3
RO1_PRICE,Ready Mixed Concrete,2024-09-01,2024-10-01,1,test,SeasonalNaive,116.4,120.3
RO1_PRICE,Ready Mixed Concrete,2024-09-01,2024-12-01,3,test,Naive,120.5,120.5
RO1_PRICE,Ready Mixed Concrete,2024-09-01,2024-12-01,3,test,SeasonalNaive,115.4,120.5
RO1_PRICE,Ready Mixed Concrete,2024-09-01,2025-03-01,6,test,Naive,120.5,119.6
RO1_PRICE,Ready Mixed Concrete,2024-09-01,2025-03-01,6,test,SeasonalNaive,118.0,119.6
RO1_PRICE,Ready Mixed Concrete,2024-09-01,2025-09-01,12,test,Naive,120.5,120.7
RO1_PRICE,Ready Mixed Concrete,2024-09-01,2025-09-01,12,test,SeasonalNaive,120.5,120.7
RO1_PRICE,Ready Mixed Concrete,2024-10-01,2024-11-01,1,test,Naive,120.3,120.3
RO1_PRICE,Ready Mixed Concrete,2024-10-01,2024-11-01,1,test,SeasonalNaive,115.4,120.3
RO1_PRICE,Ready Mixed Concrete,2024-10-01,2025-01-01,3,test,Naive,120.3,119.9
RO1_PRICE,Ready Mixed Concrete,2024-10-01,2025-01-01,3,test,SeasonalNaive,118.1,119.9
RO1_PRICE,Ready Mixed Concrete,2024-10-01,2025-04-01,6,test,Naive,120.3,119.9
RO1_PRICE,Ready Mixed Concrete,2024-10-01,2025-04-01,6,test,SeasonalNaive,119.2,119.9
RO1_PRICE,Ready Mixed Concrete,2024-10-01,2025-10-01,12,test,Naive,120.3,120.6
RO1_PRICE,Ready Mixed Concrete,2024-10-01,2025-10-01,12,test,SeasonalNaive,120.3,120.6
RO1_PRICE,Ready Mixed Concrete,2024-11-01,2024-12-01,1,test,Naive,120.3,120.5
RO1_PRICE,Ready Mixed Concrete,2024-11-01,2024-12-01,1,test,SeasonalNaive,115.4,120.5
RO1_PRICE,Ready Mixed Concrete,2024-11-01,2025-02-01,3,test,Naive,120.3,119.2
RO1_PRICE,Ready Mixed Concrete,2024-11-01,2025-02-01,3,test,SeasonalNaive,118.0,119.2
RO1_PRICE,Ready Mixed Concrete,2024-11-01,2025-05-01,6,test,Naive,120.3,120.0
RO1_PRICE,Ready Mixed Concrete,2024-11-01,2025-05-01,6,test,SeasonalNaive,120.4,120.0
RO1_PRICE,Ready Mixed Concrete,2024-11-01,2025-11-01,12,test,Naive,120.3,124.9
RO1_PRICE,Ready Mixed Concrete,2024-11-01,2025-11-01,12,test,SeasonalNaive,120.3,124.9
RO1_PRICE,Ready Mixed Concrete,2024-12-01,2025-01-01,1,test,Naive,120.5,119.9
RO1_PRICE,Ready Mixed Concrete,2024-12-01,2025-01-01,1,test,SeasonalNaive,118.1,119.9
RO1_PRICE,Ready Mixed Concrete,2024-12-01,2025-03-01,3,test,Naive,120.5,119.6
RO1_PRICE,Ready Mixed Concrete,2024-12-01,2025-03-01,3,test,SeasonalNaive,118.0,119.6
RO1_PRICE,Ready Mixed Concrete,2024-12-01,2025-06-01,6,test,Naive,120.5,120.4
RO1_PRICE,Ready Mixed Concrete,2024-12-01,2025-06-01,6,test,SeasonalNaive,120.0,120.4
RO1_PRICE,Ready Mixed Concrete,2024-12-01,2025-12-01,12,test,Naive,120.5,129.5
RO1_PRICE,Ready Mixed Concrete,2024-12-01,2025-12-01,12,test,SeasonalNaive,120.5,129.5
RO1_PRICE,Ready Mixed Concrete,2025-01-01,2025-02-01,1,test,Naive,119.9,119.2
RO1_PRICE,Ready Mixed Concrete,2025-01-01,2025-02-01,1,test,SeasonalNaive,118.0,119.2
RO1_PRICE,Ready Mixed Concrete,2025-01-01,2025-04-01,3,test,Naive,119.9,119.9
RO1_PRICE,Ready Mixed Concrete,2025-01-01,2025-04-01,3,test,SeasonalNaive,119.2,119.9
RO1_PRICE,Ready Mixed Concrete,2025-01-01,2025-07-01,6,test,Naive,119.9,119.8
RO1_PRICE,Ready Mixed Concrete,2025-01-01,2025-07-01,6,test,SeasonalNaive,120.5,119.8
RO1_PRICE,Ready Mixed Concrete,2025-01-01,2026-01-01,12,test,Naive,119.9,128.6
RO1_PRICE,Ready Mixed Concrete,2025-01-01,2026-01-01,12,test,SeasonalNaive,119.9,128.6
RO1_PRICE,Ready Mixed Concrete,2025-02-01,2025-03-01,1,test,Naive,119.2,119.6
RO1_PRICE,Ready Mixed Concrete,2025-02-01,2025-03-01,1,test,SeasonalNaive,118.0,119.6
RO1_PRICE,Ready Mixed Concrete,2025-02-01,2025-05-01,3,test,Naive,119.2,120.0
RO1_PRICE,Ready Mixed Concrete,2025-02-01,2025-05-01,3,test,SeasonalNaive,120.4,120.0
RO1_PRICE,Ready Mixed Concrete,2025-02-01,2025-08-01,6,test,Naive,119.2,120.4
RO1_PRICE,Ready Mixed Concrete,2025-02-01,2025-08-01,6,test,SeasonalNaive,119.9,120.4
RO1_PRICE,Ready Mixed Concrete,2025-02-01,2026-02-01,12,test,Naive,119.2,130.0
RO1_PRICE,Ready Mixed Concrete,2025-02-01,2026-02-01,12,test,SeasonalNaive,119.2,130.0
RO1_PRICE,Ready Mixed Concrete,2025-03-01,2025-04-01,1,test,Naive,119.6,119.9
RO1_PRICE,Ready Mixed Concrete,2025-03-01,2025-04-01,1,test,SeasonalNaive,119.2,119.9
RO1_PRICE,Ready Mixed Concrete,2025-03-01,2025-06-01,3,test,Naive,119.6,120.4
RO1_PRICE,Ready Mixed Concrete,2025-03-01,2025-06-01,3,test,SeasonalNaive,120.0,120.4
RO1_PRICE,Ready Mixed Concrete,2025-03-01,2025-09-01,6,test,Naive,119.6,120.7
RO1_PRICE,Ready Mixed Concrete,2025-03-01,2025-09-01,6,test,SeasonalNaive,120.5,120.7
RO1_PRICE,Ready Mixed Concrete,2025-03-01,2026-03-01,12,test,Naive,119.6,143.0
RO1_PRICE,Ready Mixed Concrete,2025-03-01,2026-03-01,12,test,SeasonalNaive,119.6,143.0
RO1_PRICE,Ready Mixed Concrete,2025-04-01,2025-05-01,1,test,Naive,119.9,120.0
RO1_PRICE,Ready Mixed Concrete,2025-04-01,2025-05-01,1,test,SeasonalNaive,120.4,120.0
RO1_PRICE,Ready Mixed Concrete,2025-04-01,2025-07-01,3,test,Naive,119.9,119.8
RO1_PRICE,Ready Mixed Concrete,2025-04-01,2025-07-01,3,test,SeasonalNaive,120.5,119.8
RO1_PRICE,Ready Mixed Concrete,2025-04-01,2025-10-01,6,test,Naive,119.9,120.6
RO1_PRICE,Ready Mixed Concrete,2025-04-01,2025-10-01,6,test,SeasonalNaive,120.3,120.6
RO1_PRICE,Ready Mixed Concrete,2025-04-01,2026-04-01,12,test,Naive,119.9,145.6
RO1_PRICE,Ready Mixed Concrete,2025-04-01,2026-04-01,12,test,SeasonalNaive,119.9,145.6
RO1_PRICE,Ready Mixed Concrete,2025-05-01,2025-06-01,1,test,Naive,120.0,120.4
RO1_PRICE,Ready Mixed Concrete,2025-05-01,2025-06-01,1,test,SeasonalNaive,120.0,120.4
RO1_PRICE,Ready Mixed Concrete,2025-05-01,2025-08-01,3,test,Naive,120.0,120.4
RO1_PRICE,Ready Mixed Concrete,2025-05-01,2025-08-01,3,test,SeasonalNaive,119.9,120.4
RO1_PRICE,Ready Mixed Concrete,2025-05-01,2025-11-01,6,test,Naive,120.0,124.9
RO1_PRICE,Ready Mixed Concrete,2025-05-01,2025-11-01,6,test,SeasonalNaive,120.3,124.9
RO1_PRICE,Ready Mixed Concrete,2025-05-01,2026-05-01,12,test,Naive,120.0,144.4
RO1_PRICE,Ready Mixed Concrete,2025-05-01,2026-05-01,12,test,SeasonalNaive,120.0,144.4
RO1_PRICE,Ready Mixed Concrete,2025-06-01,2025-07-01,1,test,Naive,120.4,119.8
RO1_PRICE,Ready Mixed Concrete,2025-06-01,2025-07-01,1,test,SeasonalNaive,120.5,119.8
RO1_PRICE,Ready Mixed Concrete,2025-06-01,2025-09-01,3,test,Naive,120.4,120.7
RO1_PRICE,Ready Mixed Concrete,2025-06-01,2025-09-01,3,test,SeasonalNaive,120.5,120.7
RO1_PRICE,Ready Mixed Concrete,2025-06-01,2025-12-01,6,test,Naive,120.4,129.5
RO1_PRICE,Ready Mixed Concrete,2025-06-01,2025-12-01,6,test,SeasonalNaive,120.5,129.5
RO1_PRICE,Ready Mixed Concrete,2025-06-01,2026-06-01,12,test,Naive,120.4,143.3
RO1_PRICE,Ready Mixed Concrete,2025-06-01,2026-06-01,12,test,SeasonalNaive,120.4,143.3
RO1_PRICE,Ready Mixed Concrete,2025-07-01,2025-08-01,1,test,Naive,119.8,120.4
RO1_PRICE,Ready Mixed Concrete,2025-07-01,2025-08-01,1,test,SeasonalNaive,119.9,120.4
RO1_PRICE,Ready Mixed Concrete,2025-07-01,2025-10-01,3,test,Naive,119.8,120.6
RO1_PRICE,Ready Mixed Concrete,2025-07-01,2025-10-01,3,test,SeasonalNaive,120.3,120.6
RO1_PRICE,Ready Mixed Concrete,2025-07-01,2026-01-01,6,test,Naive,119.8,128.6
RO1_PRICE,Ready Mixed Concrete,2025-07-01,2026-01-01,6,test,SeasonalNaive,119.9,128.6
RO1_PRICE,Ready Mixed Concrete,2025-08-01,2025-09-01,1,test,Naive,120.4,120.7
RO1_PRICE,Ready Mixed Concrete,2025-08-01,2025-09-01,1,test,SeasonalNaive,120.5,120.7
RO1_PRICE,Ready Mixed Concrete,2025-08-01,2025-11-01,3,test,Naive,120.4,124.9
RO1_PRICE,Ready Mixed Concrete,2025-08-01,2025-11-01,3,test,SeasonalNaive,120.3,124.9
RO1_PRICE,Ready Mixed Concrete,2025-08-01,2026-02-01,6,test,Naive,120.4,130.0
RO1_PRICE,Ready Mixed Concrete,2025-08-01,2026-02-01,6,test,SeasonalNaive,119.2,130.0
RO1_PRICE,Ready Mixed Concrete,2025-09-01,2025-10-01,1,test,Naive,120.7,120.6
RO1_PRICE,Ready Mixed Concrete,2025-09-01,2025-10-01,1,test,SeasonalNaive,120.3,120.6
RO1_PRICE,Ready Mixed Concrete,2025-09-01,2025-12-01,3,test,Naive,120.7,129.5
RO1_PRICE,Ready Mixed Concrete,2025-09-01,2025-12-01,3,test,SeasonalNaive,120.5,129.5
RO1_PRICE,Ready Mixed Concrete,2025-09-01,2026-03-01,6,test,Naive,120.7,143.0
RO1_PRICE,Ready Mixed Concrete,2025-09-01,2026-03-01,6,test,SeasonalNaive,119.6,143.0
RO1_PRICE,Ready Mixed Concrete,2025-10-01,2025-11-01,1,test,Naive,120.6,124.9
RO1_PRICE,Ready Mixed Concrete,2025-10-01,2025-11-01,1,test,SeasonalNaive,120.3,124.9
RO1_PRICE,Ready Mixed Concrete,2025-10-01,2026-01-01,3,test,Naive,120.6,128.6
RO1_PRICE,Ready Mixed Concrete,2025-10-01,2026-01-01,3,test,SeasonalNaive,119.9,128.6
RO1_PRICE,Ready Mixed Concrete,2025-10-01,2026-04-01,6,test,Naive,120.6,145.6
RO1_PRICE,Ready Mixed Concrete,2025-10-01,2026-04-01,6,test,SeasonalNaive,119.9,145.6
RO1_PRICE,Ready Mixed Concrete,2025-11-01,2025-12-01,1,test,Naive,124.9,129.5
RO1_PRICE,Ready Mixed Concrete,2025-11-01,2025-12-01,1,test,SeasonalNaive,120.5,129.5
RO1_PRICE,Ready Mixed Concrete,2025-11-01,2026-02-01,3,test,Naive,124.9,130.0
RO1_PRICE,Ready Mixed Concrete,2025-11-01,2026-02-01,3,test,SeasonalNaive,119.2,130.0
RO1_PRICE,Ready Mixed Concrete,2025-11-01,2026-05-01,6,test,Naive,124.9,144.4
RO1_PRICE,Ready Mixed Concrete,2025-11-01,2026-05-01,6,test,SeasonalNaive,120.0,144.4
RO1_PRICE,Ready Mixed Concrete,2025-12-01,2026-01-01,1,test,Naive,129.5,128.6
RO1_PRICE,Ready Mixed Concrete,2025-12-01,2026-01-01,1,test,SeasonalNaive,119.9,128.6
RO1_PRICE,Ready Mixed Concrete,2025-12-01,2026-03-01,3,test,Naive,129.5,143.0
RO1_PRICE,Ready Mixed Concrete,2025-12-01,2026-03-01,3,test,SeasonalNaive,119.6,143.0
RO1_PRICE,Ready Mixed Concrete,2025-12-01,2026-06-01,6,test,Naive,129.5,143.3
RO1_PRICE,Ready Mixed Concrete,2025-12-01,2026-06-01,6,test,SeasonalNaive,120.4,143.3
RO1_PRICE,Ready Mixed Concrete,2026-01-01,2026-02-01,1,test,Naive,128.6,130.0
RO1_PRICE,Ready Mixed Concrete,2026-01-01,2026-02-01,1,test,SeasonalNaive,119.2,130.0
RO1_PRICE,Ready Mixed Concrete,2026-01-01,2026-04-01,3,test,Naive,128.6,145.6
RO1_PRICE,Ready Mixed Concrete,2026-01-01,2026-04-01,3,test,SeasonalNaive,119.9,145.6
RO1_PRICE,Ready Mixed Concrete,2026-02-01,2026-03-01,1,test,Naive,130.0,143.0
RO1_PRICE,Ready Mixed Concrete,2026-02-01,2026-03-01,1,test,SeasonalNaive,119.6,143.0
RO1_PRICE,Ready Mixed Concrete,2026-02-01,2026-05-01,3,test,Naive,130.0,144.4
RO1_PRICE,Ready Mixed Concrete,2026-02-01,2026-05-01,3,test,SeasonalNaive,120.0,144.4
RO1_PRICE,Ready Mixed Concrete,2026-03-01,2026-04-01,1,test,Naive,143.0,145.6
RO1_PRICE,Ready Mixed Concrete,2026-03-01,2026-04-01,1,test,SeasonalNaive,119.9,145.6
RO1_PRICE,Ready Mixed Concrete,2026-03-01,2026-06-01,3,test,Naive,143.0,143.3
RO1_PRICE,Ready Mixed Concrete,2026-03-01,2026-06-01,3,test,SeasonalNaive,120.4,143.3
RO1_PRICE,Ready Mixed Concrete,2026-04-01,2026-05-01,1,test,Naive,145.6,144.4
RO1_PRICE,Ready Mixed Concrete,2026-04-01,2026-05-01,1,test,SeasonalNaive,120.0,144.4
RO1_PRICE,Ready Mixed Concrete,2026-05-01,2026-06-01,1,test,Naive,144.4,143.3
RO1_PRICE,Ready Mixed Concrete,2026-05-01,2026-06-01,1,test,SeasonalNaive,120.4,143.3
RO1_PRICE,Steel Reinforcement Bars (16-32mm High Tensile),2024-07-01,2024-08-01,1,test,Naive,801.2,786.2
RO1_PRICE,Steel Reinforcement Bars (16-32mm High Tensile),2024-07-01,2024-08-01,1,test,SeasonalNaive,832.6,786.2
RO1_PRICE,Steel Reinforcement Bars (16-32mm High Tensile),2024-07-01,2024-10-01,3,test,Naive,801.2,753.6
RO1_PRICE,Steel Reinforcement Bars (16-32mm High Tensile),2024-07-01,2024-10-01,3,test,SeasonalNaive,827.4,753.6
RO1_PRICE,Steel Reinforcement Bars (16-32mm High Tensile),2024-07-01,2025-01-01,6,test,Naive,801.2,724.1
RO1_PRICE,Steel Reinforcement Bars (16-32mm High Tensile),2024-07-01,2025-01-01,6,test,SeasonalNaive,833.7,724.1
RO1_PRICE,Steel Reinforcement Bars (16-32mm High Tensile),2024-07-01,2025-07-01,12,test,Naive,801.2,689.3
RO1_PRICE,Steel Reinforcement Bars (16-32mm High Tensile),2024-07-01,2025-07-01,12,test,SeasonalNaive,801.2,689.3
RO1_PRICE,Steel Reinforcement Bars (16-32mm High Tensile),2024-08-01,2024-09-01,1,test,Naive,786.2,771.9
RO1_PRICE,Steel Reinforcement Bars (16-32mm High Tensile),2024-08-01,2024-09-01,1,test,SeasonalNaive,830.1,771.9
RO1_PRICE,Steel Reinforcement Bars (16-32mm High Tensile),2024-08-01,2024-11-01,3,test,Naive,786.2,751.1
RO1_PRICE,Steel Reinforcement Bars (16-32mm High Tensile),2024-08-01,2024-11-01,3,test,SeasonalNaive,826.7,751.1
RO1_PRICE,Steel Reinforcement Bars (16-32mm High Tensile),2024-08-01,2025-02-01,6,test,Naive,786.2,706.3
RO1_PRICE,Steel Reinforcement Bars (16-32mm High Tensile),2024-08-01,2025-02-01,6,test,SeasonalNaive,829.6,706.3
RO1_PRICE,Steel Reinforcement Bars (16-32mm High Tensile),2024-08-01,2025-08-01,12,test,Naive,786.2,681.5
RO1_PRICE,Steel Reinforcement Bars (16-32mm High Tensile),2024-08-01,2025-08-01,12,test,SeasonalNaive,786.2,681.5
RO1_PRICE,Steel Reinforcement Bars (16-32mm High Tensile),2024-09-01,2024-10-01,1,test,Naive,771.9,753.6
RO1_PRICE,Steel Reinforcement Bars (16-32mm High Tensile),2024-09-01,2024-10-01,1,test,SeasonalNaive,827.4,753.6
RO1_PRICE,Steel Reinforcement Bars (16-32mm High Tensile),2024-09-01,2024-12-01,3,test,Naive,771.9,735.9
RO1_PRICE,Steel Reinforcement Bars (16-32mm High Tensile),2024-09-01,2024-12-01,3,test,SeasonalNaive,819.7,735.9
RO1_PRICE,Steel Reinforcement Bars (16-32mm High Tensile),2024-09-01,2025-03-01,6,test,Naive,771.9,701.3
RO1_PRICE,Steel Reinforcement Bars (16-32mm High Tensile),2024-09-01,2025-03-01,6,test,SeasonalNaive,821.7,701.3
RO1_PRICE,Steel Reinforcement Bars (16-32mm High Tensile),2024-09-01,2025-09-01,12,test,Naive,771.9,684.2
RO1_PRICE,Steel Reinforcement Bars (16-32mm High Tensile),2024-09-01,2025-09-01,12,test,SeasonalNaive,771.9,684.2
RO1_PRICE,Steel Reinforcement Bars (16-32mm High Tensile),2024-10-01,2024-11-01,1,test,Naive,753.6,751.1
RO1_PRICE,Steel Reinforcement Bars (16-32mm High Tensile),2024-10-01,2024-11-01,1,test,SeasonalNaive,826.7,751.1
RO1_PRICE,Steel Reinforcement Bars (16-32mm High Tensile),2024-10-01,2025-01-01,3,test,Naive,753.6,724.1
RO1_PRICE,Steel Reinforcement Bars (16-32mm High Tensile),2024-10-01,2025-01-01,3,test,SeasonalNaive,833.7,724.1
RO1_PRICE,Steel Reinforcement Bars (16-32mm High Tensile),2024-10-01,2025-04-01,6,test,Naive,753.6,701.0
RO1_PRICE,Steel Reinforcement Bars (16-32mm High Tensile),2024-10-01,2025-04-01,6,test,SeasonalNaive,819.4,701.0
RO1_PRICE,Steel Reinforcement Bars (16-32mm High Tensile),2024-10-01,2025-10-01,12,test,Naive,753.6,678.0
RO1_PRICE,Steel Reinforcement Bars (16-32mm High Tensile),2024-10-01,2025-10-01,12,test,SeasonalNaive,753.6,678.0
RO1_PRICE,Steel Reinforcement Bars (16-32mm High Tensile),2024-11-01,2024-12-01,1,test,Naive,751.1,735.9
RO1_PRICE,Steel Reinforcement Bars (16-32mm High Tensile),2024-11-01,2024-12-01,1,test,SeasonalNaive,819.7,735.9
RO1_PRICE,Steel Reinforcement Bars (16-32mm High Tensile),2024-11-01,2025-02-01,3,test,Naive,751.1,706.3
RO1_PRICE,Steel Reinforcement Bars (16-32mm High Tensile),2024-11-01,2025-02-01,3,test,SeasonalNaive,829.6,706.3
RO1_PRICE,Steel Reinforcement Bars (16-32mm High Tensile),2024-11-01,2025-05-01,6,test,Naive,751.1,696.6
RO1_PRICE,Steel Reinforcement Bars (16-32mm High Tensile),2024-11-01,2025-05-01,6,test,SeasonalNaive,812.5,696.6
RO1_PRICE,Steel Reinforcement Bars (16-32mm High Tensile),2024-11-01,2025-11-01,12,test,Naive,751.1,666.2
RO1_PRICE,Steel Reinforcement Bars (16-32mm High Tensile),2024-11-01,2025-11-01,12,test,SeasonalNaive,751.1,666.2
RO1_PRICE,Steel Reinforcement Bars (16-32mm High Tensile),2024-12-01,2025-01-01,1,test,Naive,735.9,724.1
RO1_PRICE,Steel Reinforcement Bars (16-32mm High Tensile),2024-12-01,2025-01-01,1,test,SeasonalNaive,833.7,724.1
RO1_PRICE,Steel Reinforcement Bars (16-32mm High Tensile),2024-12-01,2025-03-01,3,test,Naive,735.9,701.3
RO1_PRICE,Steel Reinforcement Bars (16-32mm High Tensile),2024-12-01,2025-03-01,3,test,SeasonalNaive,821.7,701.3
RO1_PRICE,Steel Reinforcement Bars (16-32mm High Tensile),2024-12-01,2025-06-01,6,test,Naive,735.9,688.6
RO1_PRICE,Steel Reinforcement Bars (16-32mm High Tensile),2024-12-01,2025-06-01,6,test,SeasonalNaive,805.7,688.6
RO1_PRICE,Steel Reinforcement Bars (16-32mm High Tensile),2024-12-01,2025-12-01,12,test,Naive,735.9,660.3
RO1_PRICE,Steel Reinforcement Bars (16-32mm High Tensile),2024-12-01,2025-12-01,12,test,SeasonalNaive,735.9,660.3
RO1_PRICE,Steel Reinforcement Bars (16-32mm High Tensile),2025-01-01,2025-02-01,1,test,Naive,724.1,706.3
RO1_PRICE,Steel Reinforcement Bars (16-32mm High Tensile),2025-01-01,2025-02-01,1,test,SeasonalNaive,829.6,706.3
RO1_PRICE,Steel Reinforcement Bars (16-32mm High Tensile),2025-01-01,2025-04-01,3,test,Naive,724.1,701.0
RO1_PRICE,Steel Reinforcement Bars (16-32mm High Tensile),2025-01-01,2025-04-01,3,test,SeasonalNaive,819.4,701.0
RO1_PRICE,Steel Reinforcement Bars (16-32mm High Tensile),2025-01-01,2025-07-01,6,test,Naive,724.1,689.3
RO1_PRICE,Steel Reinforcement Bars (16-32mm High Tensile),2025-01-01,2025-07-01,6,test,SeasonalNaive,801.2,689.3
RO1_PRICE,Steel Reinforcement Bars (16-32mm High Tensile),2025-01-01,2026-01-01,12,test,Naive,724.1,648.0
RO1_PRICE,Steel Reinforcement Bars (16-32mm High Tensile),2025-01-01,2026-01-01,12,test,SeasonalNaive,724.1,648.0
RO1_PRICE,Steel Reinforcement Bars (16-32mm High Tensile),2025-02-01,2025-03-01,1,test,Naive,706.3,701.3
RO1_PRICE,Steel Reinforcement Bars (16-32mm High Tensile),2025-02-01,2025-03-01,1,test,SeasonalNaive,821.7,701.3
RO1_PRICE,Steel Reinforcement Bars (16-32mm High Tensile),2025-02-01,2025-05-01,3,test,Naive,706.3,696.6
RO1_PRICE,Steel Reinforcement Bars (16-32mm High Tensile),2025-02-01,2025-05-01,3,test,SeasonalNaive,812.5,696.6
RO1_PRICE,Steel Reinforcement Bars (16-32mm High Tensile),2025-02-01,2025-08-01,6,test,Naive,706.3,681.5
RO1_PRICE,Steel Reinforcement Bars (16-32mm High Tensile),2025-02-01,2025-08-01,6,test,SeasonalNaive,786.2,681.5
RO1_PRICE,Steel Reinforcement Bars (16-32mm High Tensile),2025-02-01,2026-02-01,12,test,Naive,706.3,637.1
RO1_PRICE,Steel Reinforcement Bars (16-32mm High Tensile),2025-02-01,2026-02-01,12,test,SeasonalNaive,706.3,637.1
RO1_PRICE,Steel Reinforcement Bars (16-32mm High Tensile),2025-03-01,2025-04-01,1,test,Naive,701.3,701.0
RO1_PRICE,Steel Reinforcement Bars (16-32mm High Tensile),2025-03-01,2025-04-01,1,test,SeasonalNaive,819.4,701.0
RO1_PRICE,Steel Reinforcement Bars (16-32mm High Tensile),2025-03-01,2025-06-01,3,test,Naive,701.3,688.6
RO1_PRICE,Steel Reinforcement Bars (16-32mm High Tensile),2025-03-01,2025-06-01,3,test,SeasonalNaive,805.7,688.6
RO1_PRICE,Steel Reinforcement Bars (16-32mm High Tensile),2025-03-01,2025-09-01,6,test,Naive,701.3,684.2
RO1_PRICE,Steel Reinforcement Bars (16-32mm High Tensile),2025-03-01,2025-09-01,6,test,SeasonalNaive,771.9,684.2
RO1_PRICE,Steel Reinforcement Bars (16-32mm High Tensile),2025-03-01,2026-03-01,12,test,Naive,701.3,663.1
RO1_PRICE,Steel Reinforcement Bars (16-32mm High Tensile),2025-03-01,2026-03-01,12,test,SeasonalNaive,701.3,663.1
RO1_PRICE,Steel Reinforcement Bars (16-32mm High Tensile),2025-04-01,2025-05-01,1,test,Naive,701.0,696.6
RO1_PRICE,Steel Reinforcement Bars (16-32mm High Tensile),2025-04-01,2025-05-01,1,test,SeasonalNaive,812.5,696.6
RO1_PRICE,Steel Reinforcement Bars (16-32mm High Tensile),2025-04-01,2025-07-01,3,test,Naive,701.0,689.3
RO1_PRICE,Steel Reinforcement Bars (16-32mm High Tensile),2025-04-01,2025-07-01,3,test,SeasonalNaive,801.2,689.3
RO1_PRICE,Steel Reinforcement Bars (16-32mm High Tensile),2025-04-01,2025-10-01,6,test,Naive,701.0,678.0
RO1_PRICE,Steel Reinforcement Bars (16-32mm High Tensile),2025-04-01,2025-10-01,6,test,SeasonalNaive,753.6,678.0
RO1_PRICE,Steel Reinforcement Bars (16-32mm High Tensile),2025-04-01,2026-04-01,12,test,Naive,701.0,701.9
RO1_PRICE,Steel Reinforcement Bars (16-32mm High Tensile),2025-04-01,2026-04-01,12,test,SeasonalNaive,701.0,701.9
RO1_PRICE,Steel Reinforcement Bars (16-32mm High Tensile),2025-05-01,2025-06-01,1,test,Naive,696.6,688.6
RO1_PRICE,Steel Reinforcement Bars (16-32mm High Tensile),2025-05-01,2025-06-01,1,test,SeasonalNaive,805.7,688.6
RO1_PRICE,Steel Reinforcement Bars (16-32mm High Tensile),2025-05-01,2025-08-01,3,test,Naive,696.6,681.5
RO1_PRICE,Steel Reinforcement Bars (16-32mm High Tensile),2025-05-01,2025-08-01,3,test,SeasonalNaive,786.2,681.5
RO1_PRICE,Steel Reinforcement Bars (16-32mm High Tensile),2025-05-01,2025-11-01,6,test,Naive,696.6,666.2
RO1_PRICE,Steel Reinforcement Bars (16-32mm High Tensile),2025-05-01,2025-11-01,6,test,SeasonalNaive,751.1,666.2
RO1_PRICE,Steel Reinforcement Bars (16-32mm High Tensile),2025-05-01,2026-05-01,12,test,Naive,696.6,703.9
RO1_PRICE,Steel Reinforcement Bars (16-32mm High Tensile),2025-05-01,2026-05-01,12,test,SeasonalNaive,696.6,703.9
RO1_PRICE,Steel Reinforcement Bars (16-32mm High Tensile),2025-06-01,2025-07-01,1,test,Naive,688.6,689.3
RO1_PRICE,Steel Reinforcement Bars (16-32mm High Tensile),2025-06-01,2025-07-01,1,test,SeasonalNaive,801.2,689.3
RO1_PRICE,Steel Reinforcement Bars (16-32mm High Tensile),2025-06-01,2025-09-01,3,test,Naive,688.6,684.2
RO1_PRICE,Steel Reinforcement Bars (16-32mm High Tensile),2025-06-01,2025-09-01,3,test,SeasonalNaive,771.9,684.2
RO1_PRICE,Steel Reinforcement Bars (16-32mm High Tensile),2025-06-01,2025-12-01,6,test,Naive,688.6,660.3
RO1_PRICE,Steel Reinforcement Bars (16-32mm High Tensile),2025-06-01,2025-12-01,6,test,SeasonalNaive,735.9,660.3
RO1_PRICE,Steel Reinforcement Bars (16-32mm High Tensile),2025-06-01,2026-06-01,12,test,Naive,688.6,708.0
RO1_PRICE,Steel Reinforcement Bars (16-32mm High Tensile),2025-06-01,2026-06-01,12,test,SeasonalNaive,688.6,708.0
RO1_PRICE,Steel Reinforcement Bars (16-32mm High Tensile),2025-07-01,2025-08-01,1,test,Naive,689.3,681.5
RO1_PRICE,Steel Reinforcement Bars (16-32mm High Tensile),2025-07-01,2025-08-01,1,test,SeasonalNaive,786.2,681.5
RO1_PRICE,Steel Reinforcement Bars (16-32mm High Tensile),2025-07-01,2025-10-01,3,test,Naive,689.3,678.0
RO1_PRICE,Steel Reinforcement Bars (16-32mm High Tensile),2025-07-01,2025-10-01,3,test,SeasonalNaive,753.6,678.0
RO1_PRICE,Steel Reinforcement Bars (16-32mm High Tensile),2025-07-01,2026-01-01,6,test,Naive,689.3,648.0
RO1_PRICE,Steel Reinforcement Bars (16-32mm High Tensile),2025-07-01,2026-01-01,6,test,SeasonalNaive,724.1,648.0
RO1_PRICE,Steel Reinforcement Bars (16-32mm High Tensile),2025-08-01,2025-09-01,1,test,Naive,681.5,684.2
RO1_PRICE,Steel Reinforcement Bars (16-32mm High Tensile),2025-08-01,2025-09-01,1,test,SeasonalNaive,771.9,684.2
RO1_PRICE,Steel Reinforcement Bars (16-32mm High Tensile),2025-08-01,2025-11-01,3,test,Naive,681.5,666.2
RO1_PRICE,Steel Reinforcement Bars (16-32mm High Tensile),2025-08-01,2025-11-01,3,test,SeasonalNaive,751.1,666.2
RO1_PRICE,Steel Reinforcement Bars (16-32mm High Tensile),2025-08-01,2026-02-01,6,test,Naive,681.5,637.1
RO1_PRICE,Steel Reinforcement Bars (16-32mm High Tensile),2025-08-01,2026-02-01,6,test,SeasonalNaive,706.3,637.1
RO1_PRICE,Steel Reinforcement Bars (16-32mm High Tensile),2025-09-01,2025-10-01,1,test,Naive,684.2,678.0
RO1_PRICE,Steel Reinforcement Bars (16-32mm High Tensile),2025-09-01,2025-10-01,1,test,SeasonalNaive,753.6,678.0
RO1_PRICE,Steel Reinforcement Bars (16-32mm High Tensile),2025-09-01,2025-12-01,3,test,Naive,684.2,660.3
RO1_PRICE,Steel Reinforcement Bars (16-32mm High Tensile),2025-09-01,2025-12-01,3,test,SeasonalNaive,735.9,660.3
RO1_PRICE,Steel Reinforcement Bars (16-32mm High Tensile),2025-09-01,2026-03-01,6,test,Naive,684.2,663.1
RO1_PRICE,Steel Reinforcement Bars (16-32mm High Tensile),2025-09-01,2026-03-01,6,test,SeasonalNaive,701.3,663.1
RO1_PRICE,Steel Reinforcement Bars (16-32mm High Tensile),2025-10-01,2025-11-01,1,test,Naive,678.0,666.2
RO1_PRICE,Steel Reinforcement Bars (16-32mm High Tensile),2025-10-01,2025-11-01,1,test,SeasonalNaive,751.1,666.2
RO1_PRICE,Steel Reinforcement Bars (16-32mm High Tensile),2025-10-01,2026-01-01,3,test,Naive,678.0,648.0
RO1_PRICE,Steel Reinforcement Bars (16-32mm High Tensile),2025-10-01,2026-01-01,3,test,SeasonalNaive,724.1,648.0
RO1_PRICE,Steel Reinforcement Bars (16-32mm High Tensile),2025-10-01,2026-04-01,6,test,Naive,678.0,701.9
RO1_PRICE,Steel Reinforcement Bars (16-32mm High Tensile),2025-10-01,2026-04-01,6,test,SeasonalNaive,701.0,701.9
RO1_PRICE,Steel Reinforcement Bars (16-32mm High Tensile),2025-11-01,2025-12-01,1,test,Naive,666.2,660.3
RO1_PRICE,Steel Reinforcement Bars (16-32mm High Tensile),2025-11-01,2025-12-01,1,test,SeasonalNaive,735.9,660.3
RO1_PRICE,Steel Reinforcement Bars (16-32mm High Tensile),2025-11-01,2026-02-01,3,test,Naive,666.2,637.1
RO1_PRICE,Steel Reinforcement Bars (16-32mm High Tensile),2025-11-01,2026-02-01,3,test,SeasonalNaive,706.3,637.1
RO1_PRICE,Steel Reinforcement Bars (16-32mm High Tensile),2025-11-01,2026-05-01,6,test,Naive,666.2,703.9
RO1_PRICE,Steel Reinforcement Bars (16-32mm High Tensile),2025-11-01,2026-05-01,6,test,SeasonalNaive,696.6,703.9
RO1_PRICE,Steel Reinforcement Bars (16-32mm High Tensile),2025-12-01,2026-01-01,1,test,Naive,660.3,648.0
RO1_PRICE,Steel Reinforcement Bars (16-32mm High Tensile),2025-12-01,2026-01-01,1,test,SeasonalNaive,724.1,648.0
RO1_PRICE,Steel Reinforcement Bars (16-32mm High Tensile),2025-12-01,2026-03-01,3,test,Naive,660.3,663.1
RO1_PRICE,Steel Reinforcement Bars (16-32mm High Tensile),2025-12-01,2026-03-01,3,test,SeasonalNaive,701.3,663.1
RO1_PRICE,Steel Reinforcement Bars (16-32mm High Tensile),2025-12-01,2026-06-01,6,test,Naive,660.3,708.0
RO1_PRICE,Steel Reinforcement Bars (16-32mm High Tensile),2025-12-01,2026-06-01,6,test,SeasonalNaive,688.6,708.0
RO1_PRICE,Steel Reinforcement Bars (16-32mm High Tensile),2026-01-01,2026-02-01,1,test,Naive,648.0,637.1
RO1_PRICE,Steel Reinforcement Bars (16-32mm High Tensile),2026-01-01,2026-02-01,1,test,SeasonalNaive,706.3,637.1
RO1_PRICE,Steel Reinforcement Bars (16-32mm High Tensile),2026-01-01,2026-04-01,3,test,Naive,648.0,701.9
RO1_PRICE,Steel Reinforcement Bars (16-32mm High Tensile),2026-01-01,2026-04-01,3,test,SeasonalNaive,701.0,701.9
RO1_PRICE,Steel Reinforcement Bars (16-32mm High Tensile),2026-02-01,2026-03-01,1,test,Naive,637.1,663.1
RO1_PRICE,Steel Reinforcement Bars (16-32mm High Tensile),2026-02-01,2026-03-01,1,test,SeasonalNaive,701.3,663.1
RO1_PRICE,Steel Reinforcement Bars (16-32mm High Tensile),2026-02-01,2026-05-01,3,test,Naive,637.1,703.9
RO1_PRICE,Steel Reinforcement Bars (16-32mm High Tensile),2026-02-01,2026-05-01,3,test,SeasonalNaive,696.6,703.9
RO1_PRICE,Steel Reinforcement Bars (16-32mm High Tensile),2026-03-01,2026-04-01,1,test,Naive,663.1,701.9
RO1_PRICE,Steel Reinforcement Bars (16-32mm High Tensile),2026-03-01,2026-04-01,1,test,SeasonalNaive,701.0,701.9
RO1_PRICE,Steel Reinforcement Bars (16-32mm High Tensile),2026-03-01,2026-06-01,3,test,Naive,663.1,708.0
RO1_PRICE,Steel Reinforcement Bars (16-32mm High Tensile),2026-03-01,2026-06-01,3,test,SeasonalNaive,688.6,708.0
RO1_PRICE,Steel Reinforcement Bars (16-32mm High Tensile),2026-04-01,2026-05-01,1,test,Naive,701.9,703.9
RO1_PRICE,Steel Reinforcement Bars (16-32mm High Tensile),2026-04-01,2026-05-01,1,test,SeasonalNaive,696.6,703.9
RO1_PRICE,Steel Reinforcement Bars (16-32mm High Tensile),2026-05-01,2026-06-01,1,test,Naive,703.9,708.0
RO1_PRICE,Steel Reinforcement Bars (16-32mm High Tensile),2026-05-01,2026-06-01,1,test,SeasonalNaive,688.6,708.0
RO1_DEMAND,Cement,2022-06-01,2022-07-01,1,validation,Naive,311.95,342.23
RO1_DEMAND,Cement,2022-06-01,2022-07-01,1,validation,SeasonalNaive,378.45,342.23
RO1_DEMAND,Cement,2022-06-01,2022-09-01,3,validation,Naive,311.95,346.61
RO1_DEMAND,Cement,2022-06-01,2022-09-01,3,validation,SeasonalNaive,408.17,346.61
RO1_DEMAND,Cement,2022-06-01,2022-12-01,6,validation,Naive,311.95,375.31
RO1_DEMAND,Cement,2022-06-01,2022-12-01,6,validation,SeasonalNaive,365.98,375.31
RO1_DEMAND,Cement,2022-06-01,2023-06-01,12,validation,Naive,311.95,335.0
RO1_DEMAND,Cement,2022-06-01,2023-06-01,12,validation,SeasonalNaive,311.95,335.0
RO1_DEMAND,Cement,2022-07-01,2022-08-01,1,validation,Naive,342.23,402.46
RO1_DEMAND,Cement,2022-07-01,2022-08-01,1,validation,SeasonalNaive,395.79,402.46
RO1_DEMAND,Cement,2022-07-01,2022-10-01,3,validation,Naive,342.23,368.78
RO1_DEMAND,Cement,2022-07-01,2022-10-01,3,validation,SeasonalNaive,413.44,368.78
RO1_DEMAND,Cement,2022-07-01,2023-01-01,6,validation,Naive,342.23,440.73
RO1_DEMAND,Cement,2022-07-01,2023-01-01,6,validation,SeasonalNaive,422.53,440.73
RO1_DEMAND,Cement,2022-07-01,2023-07-01,12,validation,Naive,342.23,425.98
RO1_DEMAND,Cement,2022-07-01,2023-07-01,12,validation,SeasonalNaive,342.23,425.98
RO1_DEMAND,Cement,2022-08-01,2022-09-01,1,validation,Naive,402.46,346.61
RO1_DEMAND,Cement,2022-08-01,2022-09-01,1,validation,SeasonalNaive,408.17,346.61
RO1_DEMAND,Cement,2022-08-01,2022-11-01,3,validation,Naive,402.46,296.3
RO1_DEMAND,Cement,2022-08-01,2022-11-01,3,validation,SeasonalNaive,316.7,296.3
RO1_DEMAND,Cement,2022-08-01,2023-02-01,6,validation,Naive,402.46,282.49
RO1_DEMAND,Cement,2022-08-01,2023-02-01,6,validation,SeasonalNaive,339.35,282.49
RO1_DEMAND,Cement,2022-08-01,2023-08-01,12,validation,Naive,402.46,378.3
RO1_DEMAND,Cement,2022-08-01,2023-08-01,12,validation,SeasonalNaive,402.46,378.3
RO1_DEMAND,Cement,2022-09-01,2022-10-01,1,validation,Naive,346.61,368.78
RO1_DEMAND,Cement,2022-09-01,2022-10-01,1,validation,SeasonalNaive,413.44,368.78
RO1_DEMAND,Cement,2022-09-01,2022-12-01,3,validation,Naive,346.61,375.31
RO1_DEMAND,Cement,2022-09-01,2022-12-01,3,validation,SeasonalNaive,365.98,375.31
RO1_DEMAND,Cement,2022-09-01,2023-03-01,6,validation,Naive,346.61,427.87
RO1_DEMAND,Cement,2022-09-01,2023-03-01,6,validation,SeasonalNaive,352.51,427.87
RO1_DEMAND,Cement,2022-09-01,2023-09-01,12,validation,Naive,346.61,446.33
RO1_DEMAND,Cement,2022-09-01,2023-09-01,12,validation,SeasonalNaive,346.61,446.33
RO1_DEMAND,Cement,2022-10-01,2022-11-01,1,validation,Naive,368.78,296.3
RO1_DEMAND,Cement,2022-10-01,2022-11-01,1,validation,SeasonalNaive,316.7,296.3
RO1_DEMAND,Cement,2022-10-01,2023-01-01,3,validation,Naive,368.78,440.73
RO1_DEMAND,Cement,2022-10-01,2023-01-01,3,validation,SeasonalNaive,422.53,440.73
RO1_DEMAND,Cement,2022-10-01,2023-04-01,6,validation,Naive,368.78,315.7
RO1_DEMAND,Cement,2022-10-01,2023-04-01,6,validation,SeasonalNaive,415.72,315.7
RO1_DEMAND,Cement,2022-10-01,2023-10-01,12,validation,Naive,368.78,335.47
RO1_DEMAND,Cement,2022-10-01,2023-10-01,12,validation,SeasonalNaive,368.78,335.47
RO1_DEMAND,Cement,2022-11-01,2022-12-01,1,validation,Naive,296.3,375.31
RO1_DEMAND,Cement,2022-11-01,2022-12-01,1,validation,SeasonalNaive,365.98,375.31
RO1_DEMAND,Cement,2022-11-01,2023-02-01,3,validation,Naive,296.3,282.49
RO1_DEMAND,Cement,2022-11-01,2023-02-01,3,validation,SeasonalNaive,339.35,282.49
RO1_DEMAND,Cement,2022-11-01,2023-05-01,6,validation,Naive,296.3,398.82
RO1_DEMAND,Cement,2022-11-01,2023-05-01,6,validation,SeasonalNaive,367.17,398.82
RO1_DEMAND,Cement,2022-11-01,2023-11-01,12,validation,Naive,296.3,381.97
RO1_DEMAND,Cement,2022-11-01,2023-11-01,12,validation,SeasonalNaive,296.3,381.97
RO1_DEMAND,Cement,2022-12-01,2023-01-01,1,validation,Naive,375.31,440.73
RO1_DEMAND,Cement,2022-12-01,2023-01-01,1,validation,SeasonalNaive,422.53,440.73
RO1_DEMAND,Cement,2022-12-01,2023-03-01,3,validation,Naive,375.31,427.87
RO1_DEMAND,Cement,2022-12-01,2023-03-01,3,validation,SeasonalNaive,352.51,427.87
RO1_DEMAND,Cement,2022-12-01,2023-06-01,6,validation,Naive,375.31,335.0
RO1_DEMAND,Cement,2022-12-01,2023-06-01,6,validation,SeasonalNaive,311.95,335.0
RO1_DEMAND,Cement,2022-12-01,2023-12-01,12,validation,Naive,375.31,467.38
RO1_DEMAND,Cement,2022-12-01,2023-12-01,12,validation,SeasonalNaive,375.31,467.38
RO1_DEMAND,Cement,2023-01-01,2023-02-01,1,validation,Naive,440.73,282.49
RO1_DEMAND,Cement,2023-01-01,2023-02-01,1,validation,SeasonalNaive,339.35,282.49
RO1_DEMAND,Cement,2023-01-01,2023-04-01,3,validation,Naive,440.73,315.7
RO1_DEMAND,Cement,2023-01-01,2023-04-01,3,validation,SeasonalNaive,415.72,315.7
RO1_DEMAND,Cement,2023-01-01,2023-07-01,6,validation,Naive,440.73,425.98
RO1_DEMAND,Cement,2023-01-01,2023-07-01,6,validation,SeasonalNaive,342.23,425.98
RO1_DEMAND,Cement,2023-01-01,2024-01-01,12,validation,Naive,440.73,434.45
RO1_DEMAND,Cement,2023-01-01,2024-01-01,12,validation,SeasonalNaive,440.73,434.45
RO1_DEMAND,Cement,2023-02-01,2023-03-01,1,validation,Naive,282.49,427.87
RO1_DEMAND,Cement,2023-02-01,2023-03-01,1,validation,SeasonalNaive,352.51,427.87
RO1_DEMAND,Cement,2023-02-01,2023-05-01,3,validation,Naive,282.49,398.82
RO1_DEMAND,Cement,2023-02-01,2023-05-01,3,validation,SeasonalNaive,367.17,398.82
RO1_DEMAND,Cement,2023-02-01,2023-08-01,6,validation,Naive,282.49,378.3
RO1_DEMAND,Cement,2023-02-01,2023-08-01,6,validation,SeasonalNaive,402.46,378.3
RO1_DEMAND,Cement,2023-02-01,2024-02-01,12,validation,Naive,282.49,367.77
RO1_DEMAND,Cement,2023-02-01,2024-02-01,12,validation,SeasonalNaive,282.49,367.77
RO1_DEMAND,Cement,2023-03-01,2023-04-01,1,validation,Naive,427.87,315.7
RO1_DEMAND,Cement,2023-03-01,2023-04-01,1,validation,SeasonalNaive,415.72,315.7
RO1_DEMAND,Cement,2023-03-01,2023-06-01,3,validation,Naive,427.87,335.0
RO1_DEMAND,Cement,2023-03-01,2023-06-01,3,validation,SeasonalNaive,311.95,335.0
RO1_DEMAND,Cement,2023-03-01,2023-09-01,6,validation,Naive,427.87,446.33
RO1_DEMAND,Cement,2023-03-01,2023-09-01,6,validation,SeasonalNaive,346.61,446.33
RO1_DEMAND,Cement,2023-03-01,2024-03-01,12,validation,Naive,427.87,318.63
RO1_DEMAND,Cement,2023-03-01,2024-03-01,12,validation,SeasonalNaive,427.87,318.63
RO1_DEMAND,Cement,2023-04-01,2023-05-01,1,validation,Naive,315.7,398.82
RO1_DEMAND,Cement,2023-04-01,2023-05-01,1,validation,SeasonalNaive,367.17,398.82
RO1_DEMAND,Cement,2023-04-01,2023-07-01,3,validation,Naive,315.7,425.98
RO1_DEMAND,Cement,2023-04-01,2023-07-01,3,validation,SeasonalNaive,342.23,425.98
RO1_DEMAND,Cement,2023-04-01,2023-10-01,6,validation,Naive,315.7,335.47
RO1_DEMAND,Cement,2023-04-01,2023-10-01,6,validation,SeasonalNaive,368.78,335.47
RO1_DEMAND,Cement,2023-04-01,2024-04-01,12,validation,Naive,315.7,395.86
RO1_DEMAND,Cement,2023-04-01,2024-04-01,12,validation,SeasonalNaive,315.7,395.86
RO1_DEMAND,Cement,2023-05-01,2023-06-01,1,validation,Naive,398.82,335.0
RO1_DEMAND,Cement,2023-05-01,2023-06-01,1,validation,SeasonalNaive,311.95,335.0
RO1_DEMAND,Cement,2023-05-01,2023-08-01,3,validation,Naive,398.82,378.3
RO1_DEMAND,Cement,2023-05-01,2023-08-01,3,validation,SeasonalNaive,402.46,378.3
RO1_DEMAND,Cement,2023-05-01,2023-11-01,6,validation,Naive,398.82,381.97
RO1_DEMAND,Cement,2023-05-01,2023-11-01,6,validation,SeasonalNaive,296.3,381.97
RO1_DEMAND,Cement,2023-05-01,2024-05-01,12,validation,Naive,398.82,330.62
RO1_DEMAND,Cement,2023-05-01,2024-05-01,12,validation,SeasonalNaive,398.82,330.62
RO1_DEMAND,Cement,2023-06-01,2023-07-01,1,validation,Naive,335.0,425.98
RO1_DEMAND,Cement,2023-06-01,2023-07-01,1,validation,SeasonalNaive,342.23,425.98
RO1_DEMAND,Cement,2023-06-01,2023-09-01,3,validation,Naive,335.0,446.33
RO1_DEMAND,Cement,2023-06-01,2023-09-01,3,validation,SeasonalNaive,346.61,446.33
RO1_DEMAND,Cement,2023-06-01,2023-12-01,6,validation,Naive,335.0,467.38
RO1_DEMAND,Cement,2023-06-01,2023-12-01,6,validation,SeasonalNaive,375.31,467.38
RO1_DEMAND,Cement,2023-07-01,2023-08-01,1,validation,Naive,425.98,378.3
RO1_DEMAND,Cement,2023-07-01,2023-08-01,1,validation,SeasonalNaive,402.46,378.3
RO1_DEMAND,Cement,2023-07-01,2023-10-01,3,validation,Naive,425.98,335.47
RO1_DEMAND,Cement,2023-07-01,2023-10-01,3,validation,SeasonalNaive,368.78,335.47
RO1_DEMAND,Cement,2023-07-01,2024-01-01,6,validation,Naive,425.98,434.45
RO1_DEMAND,Cement,2023-07-01,2024-01-01,6,validation,SeasonalNaive,440.73,434.45
RO1_DEMAND,Cement,2023-08-01,2023-09-01,1,validation,Naive,378.3,446.33
RO1_DEMAND,Cement,2023-08-01,2023-09-01,1,validation,SeasonalNaive,346.61,446.33
RO1_DEMAND,Cement,2023-08-01,2023-11-01,3,validation,Naive,378.3,381.97
RO1_DEMAND,Cement,2023-08-01,2023-11-01,3,validation,SeasonalNaive,296.3,381.97
RO1_DEMAND,Cement,2023-08-01,2024-02-01,6,validation,Naive,378.3,367.77
RO1_DEMAND,Cement,2023-08-01,2024-02-01,6,validation,SeasonalNaive,282.49,367.77
RO1_DEMAND,Cement,2023-09-01,2023-10-01,1,validation,Naive,446.33,335.47
RO1_DEMAND,Cement,2023-09-01,2023-10-01,1,validation,SeasonalNaive,368.78,335.47
RO1_DEMAND,Cement,2023-09-01,2023-12-01,3,validation,Naive,446.33,467.38
RO1_DEMAND,Cement,2023-09-01,2023-12-01,3,validation,SeasonalNaive,375.31,467.38
RO1_DEMAND,Cement,2023-09-01,2024-03-01,6,validation,Naive,446.33,318.63
RO1_DEMAND,Cement,2023-09-01,2024-03-01,6,validation,SeasonalNaive,427.87,318.63
RO1_DEMAND,Cement,2023-10-01,2023-11-01,1,validation,Naive,335.47,381.97
RO1_DEMAND,Cement,2023-10-01,2023-11-01,1,validation,SeasonalNaive,296.3,381.97
RO1_DEMAND,Cement,2023-10-01,2024-01-01,3,validation,Naive,335.47,434.45
RO1_DEMAND,Cement,2023-10-01,2024-01-01,3,validation,SeasonalNaive,440.73,434.45
RO1_DEMAND,Cement,2023-10-01,2024-04-01,6,validation,Naive,335.47,395.86
RO1_DEMAND,Cement,2023-10-01,2024-04-01,6,validation,SeasonalNaive,315.7,395.86
RO1_DEMAND,Cement,2023-11-01,2023-12-01,1,validation,Naive,381.97,467.38
RO1_DEMAND,Cement,2023-11-01,2023-12-01,1,validation,SeasonalNaive,375.31,467.38
RO1_DEMAND,Cement,2023-11-01,2024-02-01,3,validation,Naive,381.97,367.77
RO1_DEMAND,Cement,2023-11-01,2024-02-01,3,validation,SeasonalNaive,282.49,367.77
RO1_DEMAND,Cement,2023-11-01,2024-05-01,6,validation,Naive,381.97,330.62
RO1_DEMAND,Cement,2023-11-01,2024-05-01,6,validation,SeasonalNaive,398.82,330.62
RO1_DEMAND,Cement,2023-12-01,2024-01-01,1,validation,Naive,467.38,434.45
RO1_DEMAND,Cement,2023-12-01,2024-01-01,1,validation,SeasonalNaive,440.73,434.45
RO1_DEMAND,Cement,2023-12-01,2024-03-01,3,validation,Naive,467.38,318.63
RO1_DEMAND,Cement,2023-12-01,2024-03-01,3,validation,SeasonalNaive,427.87,318.63
RO1_DEMAND,Cement,2024-01-01,2024-02-01,1,validation,Naive,434.45,367.77
RO1_DEMAND,Cement,2024-01-01,2024-02-01,1,validation,SeasonalNaive,282.49,367.77
RO1_DEMAND,Cement,2024-01-01,2024-04-01,3,validation,Naive,434.45,395.86
RO1_DEMAND,Cement,2024-01-01,2024-04-01,3,validation,SeasonalNaive,315.7,395.86
RO1_DEMAND,Cement,2024-02-01,2024-03-01,1,validation,Naive,367.77,318.63
RO1_DEMAND,Cement,2024-02-01,2024-03-01,1,validation,SeasonalNaive,427.87,318.63
RO1_DEMAND,Cement,2024-02-01,2024-05-01,3,validation,Naive,367.77,330.62
RO1_DEMAND,Cement,2024-02-01,2024-05-01,3,validation,SeasonalNaive,398.82,330.62
RO1_DEMAND,Cement,2024-03-01,2024-04-01,1,validation,Naive,318.63,395.86
RO1_DEMAND,Cement,2024-03-01,2024-04-01,1,validation,SeasonalNaive,315.7,395.86
RO1_DEMAND,Cement,2024-04-01,2024-05-01,1,validation,Naive,395.86,330.62
RO1_DEMAND,Cement,2024-04-01,2024-05-01,1,validation,SeasonalNaive,398.82,330.62
RO1_DEMAND,Granite,2022-06-01,2022-07-01,1,validation,Naive,1588.6,1771.9
RO1_DEMAND,Granite,2022-06-01,2022-07-01,1,validation,SeasonalNaive,1613.7,1771.9
RO1_DEMAND,Granite,2022-06-01,2022-09-01,3,validation,Naive,1588.6,1550.1
RO1_DEMAND,Granite,2022-06-01,2022-09-01,3,validation,SeasonalNaive,1495.9,1550.1
RO1_DEMAND,Granite,2022-06-01,2022-12-01,6,validation,Naive,1588.6,1692.1
RO1_DEMAND,Granite,2022-06-01,2022-12-01,6,validation,SeasonalNaive,1786.1,1692.1
RO1_DEMAND,Granite,2022-06-01,2023-06-01,12,validation,Naive,1588.6,1659.3
RO1_DEMAND,Granite,2022-06-01,2023-06-01,12,validation,SeasonalNaive,1588.6,1659.3
RO1_DEMAND,Granite,2022-07-01,2022-08-01,1,validation,Naive,1771.9,1491.5
RO1_DEMAND,Granite,2022-07-01,2022-08-01,1,validation,SeasonalNaive,1499.4,1491.5
RO1_DEMAND,Granite,2022-07-01,2022-10-01,3,validation,Naive,1771.9,1554.5
RO1_DEMAND,Granite,2022-07-01,2022-10-01,3,validation,SeasonalNaive,1530.7,1554.5
RO1_DEMAND,Granite,2022-07-01,2023-01-01,6,validation,Naive,1771.9,1309.6
RO1_DEMAND,Granite,2022-07-01,2023-01-01,6,validation,SeasonalNaive,1518.8,1309.6
RO1_DEMAND,Granite,2022-07-01,2023-07-01,12,validation,Naive,1771.9,1674.3
RO1_DEMAND,Granite,2022-07-01,2023-07-01,12,validation,SeasonalNaive,1771.9,1674.3
RO1_DEMAND,Granite,2022-08-01,2022-09-01,1,validation,Naive,1491.5,1550.1
RO1_DEMAND,Granite,2022-08-01,2022-09-01,1,validation,SeasonalNaive,1495.9,1550.1
RO1_DEMAND,Granite,2022-08-01,2022-11-01,3,validation,Naive,1491.5,1531.9
RO1_DEMAND,Granite,2022-08-01,2022-11-01,3,validation,SeasonalNaive,1592.7,1531.9
RO1_DEMAND,Granite,2022-08-01,2023-02-01,6,validation,Naive,1491.5,1455.1
RO1_DEMAND,Granite,2022-08-01,2023-02-01,6,validation,SeasonalNaive,1333.3,1455.1
RO1_DEMAND,Granite,2022-08-01,2023-08-01,12,validation,Naive,1491.5,1755.2
RO1_DEMAND,Granite,2022-08-01,2023-08-01,12,validation,SeasonalNaive,1491.5,1755.2
RO1_DEMAND,Granite,2022-09-01,2022-10-01,1,validation,Naive,1550.1,1554.5
RO1_DEMAND,Granite,2022-09-01,2022-10-01,1,validation,SeasonalNaive,1530.7,1554.5
RO1_DEMAND,Granite,2022-09-01,2022-12-01,3,validation,Naive,1550.1,1692.1
RO1_DEMAND,Granite,2022-09-01,2022-12-01,3,validation,SeasonalNaive,1786.1,1692.1
RO1_DEMAND,Granite,2022-09-01,2023-03-01,6,validation,Naive,1550.1,1561.4
RO1_DEMAND,Granite,2022-09-01,2023-03-01,6,validation,SeasonalNaive,1705.3,1561.4
RO1_DEMAND,Granite,2022-09-01,2023-09-01,12,validation,Naive,1550.1,1729.4
RO1_DEMAND,Granite,2022-09-01,2023-09-01,12,validation,SeasonalNaive,1550.1,1729.4
RO1_DEMAND,Granite,2022-10-01,2022-11-01,1,validation,Naive,1554.5,1531.9
RO1_DEMAND,Granite,2022-10-01,2022-11-01,1,validation,SeasonalNaive,1592.7,1531.9
RO1_DEMAND,Granite,2022-10-01,2023-01-01,3,validation,Naive,1554.5,1309.6
RO1_DEMAND,Granite,2022-10-01,2023-01-01,3,validation,SeasonalNaive,1518.8,1309.6
RO1_DEMAND,Granite,2022-10-01,2023-04-01,6,validation,Naive,1554.5,1395.2
RO1_DEMAND,Granite,2022-10-01,2023-04-01,6,validation,SeasonalNaive,1710.1,1395.2
RO1_DEMAND,Granite,2022-10-01,2023-10-01,12,validation,Naive,1554.5,1742.2
RO1_DEMAND,Granite,2022-10-01,2023-10-01,12,validation,SeasonalNaive,1554.5,1742.2
RO1_DEMAND,Granite,2022-11-01,2022-12-01,1,validation,Naive,1531.9,1692.1
RO1_DEMAND,Granite,2022-11-01,2022-12-01,1,validation,SeasonalNaive,1786.1,1692.1
RO1_DEMAND,Granite,2022-11-01,2023-02-01,3,validation,Naive,1531.9,1455.1
RO1_DEMAND,Granite,2022-11-01,2023-02-01,3,validation,SeasonalNaive,1333.3,1455.1
RO1_DEMAND,Granite,2022-11-01,2023-05-01,6,validation,Naive,1531.9,1844.9
RO1_DEMAND,Granite,2022-11-01,2023-05-01,6,validation,SeasonalNaive,1534.0,1844.9
RO1_DEMAND,Granite,2022-11-01,2023-11-01,12,validation,Naive,1531.9,1621.1
RO1_DEMAND,Granite,2022-11-01,2023-11-01,12,validation,SeasonalNaive,1531.9,1621.1
RO1_DEMAND,Granite,2022-12-01,2023-01-01,1,validation,Naive,1692.1,1309.6
RO1_DEMAND,Granite,2022-12-01,2023-01-01,1,validation,SeasonalNaive,1518.8,1309.6
RO1_DEMAND,Granite,2022-12-01,2023-03-01,3,validation,Naive,1692.1,1561.4
RO1_DEMAND,Granite,2022-12-01,2023-03-01,3,validation,SeasonalNaive,1705.3,1561.4
RO1_DEMAND,Granite,2022-12-01,2023-06-01,6,validation,Naive,1692.1,1659.3
RO1_DEMAND,Granite,2022-12-01,2023-06-01,6,validation,SeasonalNaive,1588.6,1659.3
RO1_DEMAND,Granite,2022-12-01,2023-12-01,12,validation,Naive,1692.1,1531.7
RO1_DEMAND,Granite,2022-12-01,2023-12-01,12,validation,SeasonalNaive,1692.1,1531.7
RO1_DEMAND,Granite,2023-01-01,2023-02-01,1,validation,Naive,1309.6,1455.1
RO1_DEMAND,Granite,2023-01-01,2023-02-01,1,validation,SeasonalNaive,1333.3,1455.1
RO1_DEMAND,Granite,2023-01-01,2023-04-01,3,validation,Naive,1309.6,1395.2
RO1_DEMAND,Granite,2023-01-01,2023-04-01,3,validation,SeasonalNaive,1710.1,1395.2
RO1_DEMAND,Granite,2023-01-01,2023-07-01,6,validation,Naive,1309.6,1674.3
RO1_DEMAND,Granite,2023-01-01,2023-07-01,6,validation,SeasonalNaive,1771.9,1674.3
RO1_DEMAND,Granite,2023-01-01,2024-01-01,12,validation,Naive,1309.6,1664.5
RO1_DEMAND,Granite,2023-01-01,2024-01-01,12,validation,SeasonalNaive,1309.6,1664.5
RO1_DEMAND,Granite,2023-02-01,2023-03-01,1,validation,Naive,1455.1,1561.4
RO1_DEMAND,Granite,2023-02-01,2023-03-01,1,validation,SeasonalNaive,1705.3,1561.4
RO1_DEMAND,Granite,2023-02-01,2023-05-01,3,validation,Naive,1455.1,1844.9
RO1_DEMAND,Granite,2023-02-01,2023-05-01,3,validation,SeasonalNaive,1534.0,1844.9
RO1_DEMAND,Granite,2023-02-01,2023-08-01,6,validation,Naive,1455.1,1755.2
RO1_DEMAND,Granite,2023-02-01,2023-08-01,6,validation,SeasonalNaive,1491.5,1755.2
RO1_DEMAND,Granite,2023-02-01,2024-02-01,12,validation,Naive,1455.1,1201.2
RO1_DEMAND,Granite,2023-02-01,2024-02-01,12,validation,SeasonalNaive,1455.1,1201.2
RO1_DEMAND,Granite,2023-03-01,2023-04-01,1,validation,Naive,1561.4,1395.2
RO1_DEMAND,Granite,2023-03-01,2023-04-01,1,validation,SeasonalNaive,1710.1,1395.2
RO1_DEMAND,Granite,2023-03-01,2023-06-01,3,validation,Naive,1561.4,1659.3
RO1_DEMAND,Granite,2023-03-01,2023-06-01,3,validation,SeasonalNaive,1588.6,1659.3
RO1_DEMAND,Granite,2023-03-01,2023-09-01,6,validation,Naive,1561.4,1729.4
RO1_DEMAND,Granite,2023-03-01,2023-09-01,6,validation,SeasonalNaive,1550.1,1729.4
RO1_DEMAND,Granite,2023-03-01,2024-03-01,12,validation,Naive,1561.4,1688.6
RO1_DEMAND,Granite,2023-03-01,2024-03-01,12,validation,SeasonalNaive,1561.4,1688.6
RO1_DEMAND,Granite,2023-04-01,2023-05-01,1,validation,Naive,1395.2,1844.9
RO1_DEMAND,Granite,2023-04-01,2023-05-01,1,validation,SeasonalNaive,1534.0,1844.9
RO1_DEMAND,Granite,2023-04-01,2023-07-01,3,validation,Naive,1395.2,1674.3
RO1_DEMAND,Granite,2023-04-01,2023-07-01,3,validation,SeasonalNaive,1771.9,1674.3
RO1_DEMAND,Granite,2023-04-01,2023-10-01,6,validation,Naive,1395.2,1742.2
RO1_DEMAND,Granite,2023-04-01,2023-10-01,6,validation,SeasonalNaive,1554.5,1742.2
RO1_DEMAND,Granite,2023-04-01,2024-04-01,12,validation,Naive,1395.2,1470.5
RO1_DEMAND,Granite,2023-04-01,2024-04-01,12,validation,SeasonalNaive,1395.2,1470.5
RO1_DEMAND,Granite,2023-05-01,2023-06-01,1,validation,Naive,1844.9,1659.3
RO1_DEMAND,Granite,2023-05-01,2023-06-01,1,validation,SeasonalNaive,1588.6,1659.3
RO1_DEMAND,Granite,2023-05-01,2023-08-01,3,validation,Naive,1844.9,1755.2
RO1_DEMAND,Granite,2023-05-01,2023-08-01,3,validation,SeasonalNaive,1491.5,1755.2
RO1_DEMAND,Granite,2023-05-01,2023-11-01,6,validation,Naive,1844.9,1621.1
RO1_DEMAND,Granite,2023-05-01,2023-11-01,6,validation,SeasonalNaive,1531.9,1621.1
RO1_DEMAND,Granite,2023-05-01,2024-05-01,12,validation,Naive,1844.9,1911.9
RO1_DEMAND,Granite,2023-05-01,2024-05-01,12,validation,SeasonalNaive,1844.9,1911.9
RO1_DEMAND,Granite,2023-06-01,2023-07-01,1,validation,Naive,1659.3,1674.3
RO1_DEMAND,Granite,2023-06-01,2023-07-01,1,validation,SeasonalNaive,1771.9,1674.3
RO1_DEMAND,Granite,2023-06-01,2023-09-01,3,validation,Naive,1659.3,1729.4
RO1_DEMAND,Granite,2023-06-01,2023-09-01,3,validation,SeasonalNaive,1550.1,1729.4
RO1_DEMAND,Granite,2023-06-01,2023-12-01,6,validation,Naive,1659.3,1531.7
RO1_DEMAND,Granite,2023-06-01,2023-12-01,6,validation,SeasonalNaive,1692.1,1531.7
RO1_DEMAND,Granite,2023-07-01,2023-08-01,1,validation,Naive,1674.3,1755.2
RO1_DEMAND,Granite,2023-07-01,2023-08-01,1,validation,SeasonalNaive,1491.5,1755.2
RO1_DEMAND,Granite,2023-07-01,2023-10-01,3,validation,Naive,1674.3,1742.2
RO1_DEMAND,Granite,2023-07-01,2023-10-01,3,validation,SeasonalNaive,1554.5,1742.2
RO1_DEMAND,Granite,2023-07-01,2024-01-01,6,validation,Naive,1674.3,1664.5
RO1_DEMAND,Granite,2023-07-01,2024-01-01,6,validation,SeasonalNaive,1309.6,1664.5
RO1_DEMAND,Granite,2023-08-01,2023-09-01,1,validation,Naive,1755.2,1729.4
RO1_DEMAND,Granite,2023-08-01,2023-09-01,1,validation,SeasonalNaive,1550.1,1729.4
RO1_DEMAND,Granite,2023-08-01,2023-11-01,3,validation,Naive,1755.2,1621.1
RO1_DEMAND,Granite,2023-08-01,2023-11-01,3,validation,SeasonalNaive,1531.9,1621.1
RO1_DEMAND,Granite,2023-08-01,2024-02-01,6,validation,Naive,1755.2,1201.2
RO1_DEMAND,Granite,2023-08-01,2024-02-01,6,validation,SeasonalNaive,1455.1,1201.2
RO1_DEMAND,Granite,2023-09-01,2023-10-01,1,validation,Naive,1729.4,1742.2
RO1_DEMAND,Granite,2023-09-01,2023-10-01,1,validation,SeasonalNaive,1554.5,1742.2
RO1_DEMAND,Granite,2023-09-01,2023-12-01,3,validation,Naive,1729.4,1531.7
RO1_DEMAND,Granite,2023-09-01,2023-12-01,3,validation,SeasonalNaive,1692.1,1531.7
RO1_DEMAND,Granite,2023-09-01,2024-03-01,6,validation,Naive,1729.4,1688.6
RO1_DEMAND,Granite,2023-09-01,2024-03-01,6,validation,SeasonalNaive,1561.4,1688.6
RO1_DEMAND,Granite,2023-10-01,2023-11-01,1,validation,Naive,1742.2,1621.1
RO1_DEMAND,Granite,2023-10-01,2023-11-01,1,validation,SeasonalNaive,1531.9,1621.1
RO1_DEMAND,Granite,2023-10-01,2024-01-01,3,validation,Naive,1742.2,1664.5
RO1_DEMAND,Granite,2023-10-01,2024-01-01,3,validation,SeasonalNaive,1309.6,1664.5
RO1_DEMAND,Granite,2023-10-01,2024-04-01,6,validation,Naive,1742.2,1470.5
RO1_DEMAND,Granite,2023-10-01,2024-04-01,6,validation,SeasonalNaive,1395.2,1470.5
RO1_DEMAND,Granite,2023-11-01,2023-12-01,1,validation,Naive,1621.1,1531.7
RO1_DEMAND,Granite,2023-11-01,2023-12-01,1,validation,SeasonalNaive,1692.1,1531.7
RO1_DEMAND,Granite,2023-11-01,2024-02-01,3,validation,Naive,1621.1,1201.2
RO1_DEMAND,Granite,2023-11-01,2024-02-01,3,validation,SeasonalNaive,1455.1,1201.2
RO1_DEMAND,Granite,2023-11-01,2024-05-01,6,validation,Naive,1621.1,1911.9
RO1_DEMAND,Granite,2023-11-01,2024-05-01,6,validation,SeasonalNaive,1844.9,1911.9
RO1_DEMAND,Granite,2023-12-01,2024-01-01,1,validation,Naive,1531.7,1664.5
RO1_DEMAND,Granite,2023-12-01,2024-01-01,1,validation,SeasonalNaive,1309.6,1664.5
RO1_DEMAND,Granite,2023-12-01,2024-03-01,3,validation,Naive,1531.7,1688.6
RO1_DEMAND,Granite,2023-12-01,2024-03-01,3,validation,SeasonalNaive,1561.4,1688.6
RO1_DEMAND,Granite,2024-01-01,2024-02-01,1,validation,Naive,1664.5,1201.2
RO1_DEMAND,Granite,2024-01-01,2024-02-01,1,validation,SeasonalNaive,1455.1,1201.2
RO1_DEMAND,Granite,2024-01-01,2024-04-01,3,validation,Naive,1664.5,1470.5
RO1_DEMAND,Granite,2024-01-01,2024-04-01,3,validation,SeasonalNaive,1395.2,1470.5
RO1_DEMAND,Granite,2024-02-01,2024-03-01,1,validation,Naive,1201.2,1688.6
RO1_DEMAND,Granite,2024-02-01,2024-03-01,1,validation,SeasonalNaive,1561.4,1688.6
RO1_DEMAND,Granite,2024-02-01,2024-05-01,3,validation,Naive,1201.2,1911.9
RO1_DEMAND,Granite,2024-02-01,2024-05-01,3,validation,SeasonalNaive,1844.9,1911.9
RO1_DEMAND,Granite,2024-03-01,2024-04-01,1,validation,Naive,1688.6,1470.5
RO1_DEMAND,Granite,2024-03-01,2024-04-01,1,validation,SeasonalNaive,1395.2,1470.5
RO1_DEMAND,Granite,2024-04-01,2024-05-01,1,validation,Naive,1470.5,1911.9
RO1_DEMAND,Granite,2024-04-01,2024-05-01,1,validation,SeasonalNaive,1844.9,1911.9
RO1_DEMAND,Ready-Mixed Concrete,2022-06-01,2022-07-01,1,validation,Naive,1030.0,990.7
RO1_DEMAND,Ready-Mixed Concrete,2022-06-01,2022-07-01,1,validation,SeasonalNaive,989.2,990.7
RO1_DEMAND,Ready-Mixed Concrete,2022-06-01,2022-09-01,3,validation,Naive,1030.0,993.4
RO1_DEMAND,Ready-Mixed Concrete,2022-06-01,2022-09-01,3,validation,SeasonalNaive,954.3,993.4
RO1_DEMAND,Ready-Mixed Concrete,2022-06-01,2022-12-01,6,validation,Naive,1030.0,992.6
RO1_DEMAND,Ready-Mixed Concrete,2022-06-01,2022-12-01,6,validation,SeasonalNaive,1094.6,992.6
RO1_DEMAND,Ready-Mixed Concrete,2022-06-01,2023-06-01,12,validation,Naive,1030.0,1020.3
RO1_DEMAND,Ready-Mixed Concrete,2022-06-01,2023-06-01,12,validation,SeasonalNaive,1030.0,1020.3
RO1_DEMAND,Ready-Mixed Concrete,2022-07-01,2022-08-01,1,validation,Naive,990.7,982.6
RO1_DEMAND,Ready-Mixed Concrete,2022-07-01,2022-08-01,1,validation,SeasonalNaive,949.2,982.6
RO1_DEMAND,Ready-Mixed Concrete,2022-07-01,2022-10-01,3,validation,Naive,990.7,930.7
RO1_DEMAND,Ready-Mixed Concrete,2022-07-01,2022-10-01,3,validation,SeasonalNaive,1016.3,930.7
RO1_DEMAND,Ready-Mixed Concrete,2022-07-01,2023-01-01,6,validation,Naive,990.7,808.1
RO1_DEMAND,Ready-Mixed Concrete,2022-07-01,2023-01-01,6,validation,SeasonalNaive,1035.0,808.1
RO1_DEMAND,Ready-Mixed Concrete,2022-07-01,2023-07-01,12,validation,Naive,990.7,1046.0
RO1_DEMAND,Ready-Mixed Concrete,2022-07-01,2023-07-01,12,validation,SeasonalNaive,990.7,1046.0
RO1_DEMAND,Ready-Mixed Concrete,2022-08-01,2022-09-01,1,validation,Naive,982.6,993.4
RO1_DEMAND,Ready-Mixed Concrete,2022-08-01,2022-09-01,1,validation,SeasonalNaive,954.3,993.4
RO1_DEMAND,Ready-Mixed Concrete,2022-08-01,2022-11-01,3,validation,Naive,982.6,959.9
RO1_DEMAND,Ready-Mixed Concrete,2022-08-01,2022-11-01,3,validation,SeasonalNaive,1007.3,959.9
RO1_DEMAND,Ready-Mixed Concrete,2022-08-01,2023-02-01,6,validation,Naive,982.6,897.3
RO1_DEMAND,Ready-Mixed Concrete,2022-08-01,2023-02-01,6,validation,SeasonalNaive,781.7,897.3
RO1_DEMAND,Ready-Mixed Concrete,2022-08-01,2023-08-01,12,validation,Naive,982.6,1113.5
RO1_DEMAND,Ready-Mixed Concrete,2022-08-01,2023-08-01,12,validation,SeasonalNaive,982.6,1113.5
RO1_DEMAND,Ready-Mixed Concrete,2022-09-01,2022-10-01,1,validation,Naive,993.4,930.7
RO1_DEMAND,Ready-Mixed Concrete,2022-09-01,2022-10-01,1,validation,SeasonalNaive,1016.3,930.7
RO1_DEMAND,Ready-Mixed Concrete,2022-09-01,2022-12-01,3,validation,Naive,993.4,992.6
RO1_DEMAND,Ready-Mixed Concrete,2022-09-01,2022-12-01,3,validation,SeasonalNaive,1094.6,992.6
RO1_DEMAND,Ready-Mixed Concrete,2022-09-01,2023-03-01,6,validation,Naive,993.4,1070.7
RO1_DEMAND,Ready-Mixed Concrete,2022-09-01,2023-03-01,6,validation,SeasonalNaive,1092.2,1070.7
RO1_DEMAND,Ready-Mixed Concrete,2022-09-01,2023-09-01,12,validation,Naive,993.4,1081.8
RO1_DEMAND,Ready-Mixed Concrete,2022-09-01,2023-09-01,12,validation,SeasonalNaive,993.4,1081.8
RO1_DEMAND,Ready-Mixed Concrete,2022-10-01,2022-11-01,1,validation,Naive,930.7,959.9
RO1_DEMAND,Ready-Mixed Concrete,2022-10-01,2022-11-01,1,validation,SeasonalNaive,1007.3,959.9
RO1_DEMAND,Ready-Mixed Concrete,2022-10-01,2023-01-01,3,validation,Naive,930.7,808.1
RO1_DEMAND,Ready-Mixed Concrete,2022-10-01,2023-01-01,3,validation,SeasonalNaive,1035.0,808.1
RO1_DEMAND,Ready-Mixed Concrete,2022-10-01,2023-04-01,6,validation,Naive,930.7,918.4
RO1_DEMAND,Ready-Mixed Concrete,2022-10-01,2023-04-01,6,validation,SeasonalNaive,999.5,918.4
RO1_DEMAND,Ready-Mixed Concrete,2022-10-01,2023-10-01,12,validation,Naive,930.7,1101.2
RO1_DEMAND,Ready-Mixed Concrete,2022-10-01,2023-10-01,12,validation,SeasonalNaive,930.7,1101.2
RO1_DEMAND,Ready-Mixed Concrete,2022-11-01,2022-12-01,1,validation,Naive,959.9,992.6
RO1_DEMAND,Ready-Mixed Concrete,2022-11-01,2022-12-01,1,validation,SeasonalNaive,1094.6,992.6
RO1_DEMAND,Ready-Mixed Concrete,2022-11-01,2023-02-01,3,validation,Naive,959.9,897.3
RO1_DEMAND,Ready-Mixed Concrete,2022-11-01,2023-02-01,3,validation,SeasonalNaive,781.7,897.3
RO1_DEMAND,Ready-Mixed Concrete,2022-11-01,2023-05-01,6,validation,Naive,959.9,1041.6
RO1_DEMAND,Ready-Mixed Concrete,2022-11-01,2023-05-01,6,validation,SeasonalNaive,891.4,1041.6
RO1_DEMAND,Ready-Mixed Concrete,2022-11-01,2023-11-01,12,validation,Naive,959.9,1070.0
RO1_DEMAND,Ready-Mixed Concrete,2022-11-01,2023-11-01,12,validation,SeasonalNaive,959.9,1070.0
RO1_DEMAND,Ready-Mixed Concrete,2022-12-01,2023-01-01,1,validation,Naive,992.6,808.1
RO1_DEMAND,Ready-Mixed Concrete,2022-12-01,2023-01-01,1,validation,SeasonalNaive,1035.0,808.1
RO1_DEMAND,Ready-Mixed Concrete,2022-12-01,2023-03-01,3,validation,Naive,992.6,1070.7
RO1_DEMAND,Ready-Mixed Concrete,2022-12-01,2023-03-01,3,validation,SeasonalNaive,1092.2,1070.7
RO1_DEMAND,Ready-Mixed Concrete,2022-12-01,2023-06-01,6,validation,Naive,992.6,1020.3
RO1_DEMAND,Ready-Mixed Concrete,2022-12-01,2023-06-01,6,validation,SeasonalNaive,1030.0,1020.3
RO1_DEMAND,Ready-Mixed Concrete,2022-12-01,2023-12-01,12,validation,Naive,992.6,1101.6
RO1_DEMAND,Ready-Mixed Concrete,2022-12-01,2023-12-01,12,validation,SeasonalNaive,992.6,1101.6
RO1_DEMAND,Ready-Mixed Concrete,2023-01-01,2023-02-01,1,validation,Naive,808.1,897.3
RO1_DEMAND,Ready-Mixed Concrete,2023-01-01,2023-02-01,1,validation,SeasonalNaive,781.7,897.3
RO1_DEMAND,Ready-Mixed Concrete,2023-01-01,2023-04-01,3,validation,Naive,808.1,918.4
RO1_DEMAND,Ready-Mixed Concrete,2023-01-01,2023-04-01,3,validation,SeasonalNaive,999.5,918.4
RO1_DEMAND,Ready-Mixed Concrete,2023-01-01,2023-07-01,6,validation,Naive,808.1,1046.0
RO1_DEMAND,Ready-Mixed Concrete,2023-01-01,2023-07-01,6,validation,SeasonalNaive,990.7,1046.0
RO1_DEMAND,Ready-Mixed Concrete,2023-01-01,2024-01-01,12,validation,Naive,808.1,1071.7
RO1_DEMAND,Ready-Mixed Concrete,2023-01-01,2024-01-01,12,validation,SeasonalNaive,808.1,1071.7
RO1_DEMAND,Ready-Mixed Concrete,2023-02-01,2023-03-01,1,validation,Naive,897.3,1070.7
RO1_DEMAND,Ready-Mixed Concrete,2023-02-01,2023-03-01,1,validation,SeasonalNaive,1092.2,1070.7
RO1_DEMAND,Ready-Mixed Concrete,2023-02-01,2023-05-01,3,validation,Naive,897.3,1041.6
RO1_DEMAND,Ready-Mixed Concrete,2023-02-01,2023-05-01,3,validation,SeasonalNaive,891.4,1041.6
RO1_DEMAND,Ready-Mixed Concrete,2023-02-01,2023-08-01,6,validation,Naive,897.3,1113.5
RO1_DEMAND,Ready-Mixed Concrete,2023-02-01,2023-08-01,6,validation,SeasonalNaive,982.6,1113.5
RO1_DEMAND,Ready-Mixed Concrete,2023-02-01,2024-02-01,12,validation,Naive,897.3,874.95
RO1_DEMAND,Ready-Mixed Concrete,2023-02-01,2024-02-01,12,validation,SeasonalNaive,897.3,874.95
RO1_DEMAND,Ready-Mixed Concrete,2023-03-01,2023-04-01,1,validation,Naive,1070.7,918.4
RO1_DEMAND,Ready-Mixed Concrete,2023-03-01,2023-04-01,1,validation,SeasonalNaive,999.5,918.4
RO1_DEMAND,Ready-Mixed Concrete,2023-03-01,2023-06-01,3,validation,Naive,1070.7,1020.3
RO1_DEMAND,Ready-Mixed Concrete,2023-03-01,2023-06-01,3,validation,SeasonalNaive,1030.0,1020.3
RO1_DEMAND,Ready-Mixed Concrete,2023-03-01,2023-09-01,6,validation,Naive,1070.7,1081.8
RO1_DEMAND,Ready-Mixed Concrete,2023-03-01,2023-09-01,6,validation,SeasonalNaive,993.4,1081.8
RO1_DEMAND,Ready-Mixed Concrete,2023-03-01,2024-03-01,12,validation,Naive,1070.7,1112.0
RO1_DEMAND,Ready-Mixed Concrete,2023-03-01,2024-03-01,12,validation,SeasonalNaive,1070.7,1112.0
RO1_DEMAND,Ready-Mixed Concrete,2023-04-01,2023-05-01,1,validation,Naive,918.4,1041.6
RO1_DEMAND,Ready-Mixed Concrete,2023-04-01,2023-05-01,1,validation,SeasonalNaive,891.4,1041.6
RO1_DEMAND,Ready-Mixed Concrete,2023-04-01,2023-07-01,3,validation,Naive,918.4,1046.0
RO1_DEMAND,Ready-Mixed Concrete,2023-04-01,2023-07-01,3,validation,SeasonalNaive,990.7,1046.0
RO1_DEMAND,Ready-Mixed Concrete,2023-04-01,2023-10-01,6,validation,Naive,918.4,1101.2
RO1_DEMAND,Ready-Mixed Concrete,2023-04-01,2023-10-01,6,validation,SeasonalNaive,930.7,1101.2
RO1_DEMAND,Ready-Mixed Concrete,2023-04-01,2024-04-01,12,validation,Naive,918.4,1114.9
RO1_DEMAND,Ready-Mixed Concrete,2023-04-01,2024-04-01,12,validation,SeasonalNaive,918.4,1114.9
RO1_DEMAND,Ready-Mixed Concrete,2023-05-01,2023-06-01,1,validation,Naive,1041.6,1020.3
RO1_DEMAND,Ready-Mixed Concrete,2023-05-01,2023-06-01,1,validation,SeasonalNaive,1030.0,1020.3
RO1_DEMAND,Ready-Mixed Concrete,2023-05-01,2023-08-01,3,validation,Naive,1041.6,1113.5
RO1_DEMAND,Ready-Mixed Concrete,2023-05-01,2023-08-01,3,validation,SeasonalNaive,982.6,1113.5
RO1_DEMAND,Ready-Mixed Concrete,2023-05-01,2023-11-01,6,validation,Naive,1041.6,1070.0
RO1_DEMAND,Ready-Mixed Concrete,2023-05-01,2023-11-01,6,validation,SeasonalNaive,959.9,1070.0
RO1_DEMAND,Ready-Mixed Concrete,2023-05-01,2024-05-01,12,validation,Naive,1041.6,1151.8
RO1_DEMAND,Ready-Mixed Concrete,2023-05-01,2024-05-01,12,validation,SeasonalNaive,1041.6,1151.8
RO1_DEMAND,Ready-Mixed Concrete,2023-06-01,2023-07-01,1,validation,Naive,1020.3,1046.0
RO1_DEMAND,Ready-Mixed Concrete,2023-06-01,2023-07-01,1,validation,SeasonalNaive,990.7,1046.0
RO1_DEMAND,Ready-Mixed Concrete,2023-06-01,2023-09-01,3,validation,Naive,1020.3,1081.8
RO1_DEMAND,Ready-Mixed Concrete,2023-06-01,2023-09-01,3,validation,SeasonalNaive,993.4,1081.8
RO1_DEMAND,Ready-Mixed Concrete,2023-06-01,2023-12-01,6,validation,Naive,1020.3,1101.6
RO1_DEMAND,Ready-Mixed Concrete,2023-06-01,2023-12-01,6,validation,SeasonalNaive,992.6,1101.6
RO1_DEMAND,Ready-Mixed Concrete,2023-07-01,2023-08-01,1,validation,Naive,1046.0,1113.5
RO1_DEMAND,Ready-Mixed Concrete,2023-07-01,2023-08-01,1,validation,SeasonalNaive,982.6,1113.5
RO1_DEMAND,Ready-Mixed Concrete,2023-07-01,2023-10-01,3,validation,Naive,1046.0,1101.2
RO1_DEMAND,Ready-Mixed Concrete,2023-07-01,2023-10-01,3,validation,SeasonalNaive,930.7,1101.2
RO1_DEMAND,Ready-Mixed Concrete,2023-07-01,2024-01-01,6,validation,Naive,1046.0,1071.7
RO1_DEMAND,Ready-Mixed Concrete,2023-07-01,2024-01-01,6,validation,SeasonalNaive,808.1,1071.7
RO1_DEMAND,Ready-Mixed Concrete,2023-08-01,2023-09-01,1,validation,Naive,1113.5,1081.8
RO1_DEMAND,Ready-Mixed Concrete,2023-08-01,2023-09-01,1,validation,SeasonalNaive,993.4,1081.8
RO1_DEMAND,Ready-Mixed Concrete,2023-08-01,2023-11-01,3,validation,Naive,1113.5,1070.0
RO1_DEMAND,Ready-Mixed Concrete,2023-08-01,2023-11-01,3,validation,SeasonalNaive,959.9,1070.0
RO1_DEMAND,Ready-Mixed Concrete,2023-08-01,2024-02-01,6,validation,Naive,1113.5,874.95
RO1_DEMAND,Ready-Mixed Concrete,2023-08-01,2024-02-01,6,validation,SeasonalNaive,897.3,874.95
RO1_DEMAND,Ready-Mixed Concrete,2023-09-01,2023-10-01,1,validation,Naive,1081.8,1101.2
RO1_DEMAND,Ready-Mixed Concrete,2023-09-01,2023-10-01,1,validation,SeasonalNaive,930.7,1101.2
RO1_DEMAND,Ready-Mixed Concrete,2023-09-01,2023-12-01,3,validation,Naive,1081.8,1101.6
RO1_DEMAND,Ready-Mixed Concrete,2023-09-01,2023-12-01,3,validation,SeasonalNaive,992.6,1101.6
RO1_DEMAND,Ready-Mixed Concrete,2023-09-01,2024-03-01,6,validation,Naive,1081.8,1112.0
RO1_DEMAND,Ready-Mixed Concrete,2023-09-01,2024-03-01,6,validation,SeasonalNaive,1070.7,1112.0
RO1_DEMAND,Ready-Mixed Concrete,2023-10-01,2023-11-01,1,validation,Naive,1101.2,1070.0
RO1_DEMAND,Ready-Mixed Concrete,2023-10-01,2023-11-01,1,validation,SeasonalNaive,959.9,1070.0
RO1_DEMAND,Ready-Mixed Concrete,2023-10-01,2024-01-01,3,validation,Naive,1101.2,1071.7
RO1_DEMAND,Ready-Mixed Concrete,2023-10-01,2024-01-01,3,validation,SeasonalNaive,808.1,1071.7
RO1_DEMAND,Ready-Mixed Concrete,2023-10-01,2024-04-01,6,validation,Naive,1101.2,1114.9
RO1_DEMAND,Ready-Mixed Concrete,2023-10-01,2024-04-01,6,validation,SeasonalNaive,918.4,1114.9
RO1_DEMAND,Ready-Mixed Concrete,2023-11-01,2023-12-01,1,validation,Naive,1070.0,1101.6
RO1_DEMAND,Ready-Mixed Concrete,2023-11-01,2023-12-01,1,validation,SeasonalNaive,992.6,1101.6
RO1_DEMAND,Ready-Mixed Concrete,2023-11-01,2024-02-01,3,validation,Naive,1070.0,874.95
RO1_DEMAND,Ready-Mixed Concrete,2023-11-01,2024-02-01,3,validation,SeasonalNaive,897.3,874.95
RO1_DEMAND,Ready-Mixed Concrete,2023-11-01,2024-05-01,6,validation,Naive,1070.0,1151.8
RO1_DEMAND,Ready-Mixed Concrete,2023-11-01,2024-05-01,6,validation,SeasonalNaive,1041.6,1151.8
RO1_DEMAND,Ready-Mixed Concrete,2023-12-01,2024-01-01,1,validation,Naive,1101.6,1071.7
RO1_DEMAND,Ready-Mixed Concrete,2023-12-01,2024-01-01,1,validation,SeasonalNaive,808.1,1071.7
RO1_DEMAND,Ready-Mixed Concrete,2023-12-01,2024-03-01,3,validation,Naive,1101.6,1112.0
RO1_DEMAND,Ready-Mixed Concrete,2023-12-01,2024-03-01,3,validation,SeasonalNaive,1070.7,1112.0
RO1_DEMAND,Ready-Mixed Concrete,2024-01-01,2024-02-01,1,validation,Naive,1071.7,874.95
RO1_DEMAND,Ready-Mixed Concrete,2024-01-01,2024-02-01,1,validation,SeasonalNaive,897.3,874.95
RO1_DEMAND,Ready-Mixed Concrete,2024-01-01,2024-04-01,3,validation,Naive,1071.7,1114.9
RO1_DEMAND,Ready-Mixed Concrete,2024-01-01,2024-04-01,3,validation,SeasonalNaive,918.4,1114.9
RO1_DEMAND,Ready-Mixed Concrete,2024-02-01,2024-03-01,1,validation,Naive,874.95,1112.0
RO1_DEMAND,Ready-Mixed Concrete,2024-02-01,2024-03-01,1,validation,SeasonalNaive,1070.7,1112.0
RO1_DEMAND,Ready-Mixed Concrete,2024-02-01,2024-05-01,3,validation,Naive,874.95,1151.8
RO1_DEMAND,Ready-Mixed Concrete,2024-02-01,2024-05-01,3,validation,SeasonalNaive,1041.6,1151.8
RO1_DEMAND,Ready-Mixed Concrete,2024-03-01,2024-04-01,1,validation,Naive,1112.0,1114.9
RO1_DEMAND,Ready-Mixed Concrete,2024-03-01,2024-04-01,1,validation,SeasonalNaive,918.4,1114.9
RO1_DEMAND,Ready-Mixed Concrete,2024-04-01,2024-05-01,1,validation,Naive,1114.9,1151.8
RO1_DEMAND,Ready-Mixed Concrete,2024-04-01,2024-05-01,1,validation,SeasonalNaive,1041.6,1151.8
RO1_DEMAND,Steel Reinforcement Bars,2022-06-01,2022-07-01,1,validation,Naive,121.6,178.9
RO1_DEMAND,Steel Reinforcement Bars,2022-06-01,2022-07-01,1,validation,SeasonalNaive,83.72,178.9
RO1_DEMAND,Steel Reinforcement Bars,2022-06-01,2022-09-01,3,validation,Naive,121.6,174.43
RO1_DEMAND,Steel Reinforcement Bars,2022-06-01,2022-09-01,3,validation,SeasonalNaive,51.88,174.43
RO1_DEMAND,Steel Reinforcement Bars,2022-06-01,2022-12-01,6,validation,Naive,121.6,70.5
RO1_DEMAND,Steel Reinforcement Bars,2022-06-01,2022-12-01,6,validation,SeasonalNaive,8.03,70.5
RO1_DEMAND,Steel Reinforcement Bars,2022-06-01,2023-06-01,12,validation,Naive,121.6,135.08
RO1_DEMAND,Steel Reinforcement Bars,2022-06-01,2023-06-01,12,validation,SeasonalNaive,121.6,135.08
RO1_DEMAND,Steel Reinforcement Bars,2022-07-01,2022-08-01,1,validation,Naive,178.9,102.45
RO1_DEMAND,Steel Reinforcement Bars,2022-07-01,2022-08-01,1,validation,SeasonalNaive,30.45,102.45
RO1_DEMAND,Steel Reinforcement Bars,2022-07-01,2022-10-01,3,validation,Naive,178.9,108.27
RO1_DEMAND,Steel Reinforcement Bars,2022-07-01,2022-10-01,3,validation,SeasonalNaive,61.8,108.27
RO1_DEMAND,Steel Reinforcement Bars,2022-07-01,2023-01-01,6,validation,Naive,178.9,79.16
RO1_DEMAND,Steel Reinforcement Bars,2022-07-01,2023-01-01,6,validation,SeasonalNaive,90.64,79.16
RO1_DEMAND,Steel Reinforcement Bars,2022-07-01,2023-07-01,12,validation,Naive,178.9,141.5
RO1_DEMAND,Steel Reinforcement Bars,2022-07-01,2023-07-01,12,validation,SeasonalNaive,178.9,141.5
RO1_DEMAND,Steel Reinforcement Bars,2022-08-01,2022-09-01,1,validation,Naive,102.45,174.43
RO1_DEMAND,Steel Reinforcement Bars,2022-08-01,2022-09-01,1,validation,SeasonalNaive,51.88,174.43
RO1_DEMAND,Steel Reinforcement Bars,2022-08-01,2022-11-01,3,validation,Naive,102.45,51.21
RO1_DEMAND,Steel Reinforcement Bars,2022-08-01,2022-11-01,3,validation,SeasonalNaive,17.63,51.21
RO1_DEMAND,Steel Reinforcement Bars,2022-08-01,2023-02-01,6,validation,Naive,102.45,100.49
RO1_DEMAND,Steel Reinforcement Bars,2022-08-01,2023-02-01,6,validation,SeasonalNaive,37.4,100.49
RO1_DEMAND,Steel Reinforcement Bars,2022-08-01,2023-08-01,12,validation,Naive,102.45,173.95
RO1_DEMAND,Steel Reinforcement Bars,2022-08-01,2023-08-01,12,validation,SeasonalNaive,102.45,173.95
RO1_DEMAND,Steel Reinforcement Bars,2022-09-01,2022-10-01,1,validation,Naive,174.43,108.27
RO1_DEMAND,Steel Reinforcement Bars,2022-09-01,2022-10-01,1,validation,SeasonalNaive,61.8,108.27
RO1_DEMAND,Steel Reinforcement Bars,2022-09-01,2022-12-01,3,validation,Naive,174.43,70.5
RO1_DEMAND,Steel Reinforcement Bars,2022-09-01,2022-12-01,3,validation,SeasonalNaive,8.03,70.5
RO1_DEMAND,Steel Reinforcement Bars,2022-09-01,2023-03-01,6,validation,Naive,174.43,57.1
RO1_DEMAND,Steel Reinforcement Bars,2022-09-01,2023-03-01,6,validation,SeasonalNaive,63.55,57.1
RO1_DEMAND,Steel Reinforcement Bars,2022-09-01,2023-09-01,12,validation,Naive,174.43,140.71
RO1_DEMAND,Steel Reinforcement Bars,2022-09-01,2023-09-01,12,validation,SeasonalNaive,174.43,140.71
RO1_DEMAND,Steel Reinforcement Bars,2022-10-01,2022-11-01,1,validation,Naive,108.27,51.21
RO1_DEMAND,Steel Reinforcement Bars,2022-10-01,2022-11-01,1,validation,SeasonalNaive,17.63,51.21
RO1_DEMAND,Steel Reinforcement Bars,2022-10-01,2023-01-01,3,validation,Naive,108.27,79.16
RO1_DEMAND,Steel Reinforcement Bars,2022-10-01,2023-01-01,3,validation,SeasonalNaive,90.64,79.16
RO1_DEMAND,Steel Reinforcement Bars,2022-10-01,2023-04-01,6,validation,Naive,108.27,67.2
RO1_DEMAND,Steel Reinforcement Bars,2022-10-01,2023-04-01,6,validation,SeasonalNaive,140.28,67.2
RO1_DEMAND,Steel Reinforcement Bars,2022-10-01,2023-10-01,12,validation,Naive,108.27,162.59
RO1_DEMAND,Steel Reinforcement Bars,2022-10-01,2023-10-01,12,validation,SeasonalNaive,108.27,162.59
RO1_DEMAND,Steel Reinforcement Bars,2022-11-01,2022-12-01,1,validation,Naive,51.21,70.5
RO1_DEMAND,Steel Reinforcement Bars,2022-11-01,2022-12-01,1,validation,SeasonalNaive,8.03,70.5
RO1_DEMAND,Steel Reinforcement Bars,2022-11-01,2023-02-01,3,validation,Naive,51.21,100.49
RO1_DEMAND,Steel Reinforcement Bars,2022-11-01,2023-02-01,3,validation,SeasonalNaive,37.4,100.49
RO1_DEMAND,Steel Reinforcement Bars,2022-11-01,2023-05-01,6,validation,Naive,51.21,152.2
RO1_DEMAND,Steel Reinforcement Bars,2022-11-01,2023-05-01,6,validation,SeasonalNaive,17.91,152.2
RO1_DEMAND,Steel Reinforcement Bars,2022-11-01,2023-11-01,12,validation,Naive,51.21,187.13
RO1_DEMAND,Steel Reinforcement Bars,2022-11-01,2023-11-01,12,validation,SeasonalNaive,51.21,187.13
RO1_DEMAND,Steel Reinforcement Bars,2022-12-01,2023-01-01,1,validation,Naive,70.5,79.16
RO1_DEMAND,Steel Reinforcement Bars,2022-12-01,2023-01-01,1,validation,SeasonalNaive,90.64,79.16
RO1_DEMAND,Steel Reinforcement Bars,2022-12-01,2023-03-01,3,validation,Naive,70.5,57.1
RO1_DEMAND,Steel Reinforcement Bars,2022-12-01,2023-03-01,3,validation,SeasonalNaive,63.55,57.1
RO1_DEMAND,Steel Reinforcement Bars,2022-12-01,2023-06-01,6,validation,Naive,70.5,135.08
RO1_DEMAND,Steel Reinforcement Bars,2022-12-01,2023-06-01,6,validation,SeasonalNaive,121.6,135.08
RO1_DEMAND,Steel Reinforcement Bars,2022-12-01,2023-12-01,12,validation,Naive,70.5,122.5
RO1_DEMAND,Steel Reinforcement Bars,2022-12-01,2023-12-01,12,validation,SeasonalNaive,70.5,122.5
RO1_DEMAND,Steel Reinforcement Bars,2023-01-01,2023-02-01,1,validation,Naive,79.16,100.49
RO1_DEMAND,Steel Reinforcement Bars,2023-01-01,2023-02-01,1,validation,SeasonalNaive,37.4,100.49
RO1_DEMAND,Steel Reinforcement Bars,2023-01-01,2023-04-01,3,validation,Naive,79.16,67.2
RO1_DEMAND,Steel Reinforcement Bars,2023-01-01,2023-04-01,3,validation,SeasonalNaive,140.28,67.2
RO1_DEMAND,Steel Reinforcement Bars,2023-01-01,2023-07-01,6,validation,Naive,79.16,141.5
RO1_DEMAND,Steel Reinforcement Bars,2023-01-01,2023-07-01,6,validation,SeasonalNaive,178.9,141.5
RO1_DEMAND,Steel Reinforcement Bars,2023-01-01,2024-01-01,12,validation,Naive,79.16,179.85
RO1_DEMAND,Steel Reinforcement Bars,2023-01-01,2024-01-01,12,validation,SeasonalNaive,79.16,179.85
RO1_DEMAND,Steel Reinforcement Bars,2023-02-01,2023-03-01,1,validation,Naive,100.49,57.1
RO1_DEMAND,Steel Reinforcement Bars,2023-02-01,2023-03-01,1,validation,SeasonalNaive,63.55,57.1
RO1_DEMAND,Steel Reinforcement Bars,2023-02-01,2023-05-01,3,validation,Naive,100.49,152.2
RO1_DEMAND,Steel Reinforcement Bars,2023-02-01,2023-05-01,3,validation,SeasonalNaive,17.91,152.2
RO1_DEMAND,Steel Reinforcement Bars,2023-02-01,2023-08-01,6,validation,Naive,100.49,173.95
RO1_DEMAND,Steel Reinforcement Bars,2023-02-01,2023-08-01,6,validation,SeasonalNaive,102.45,173.95
RO1_DEMAND,Steel Reinforcement Bars,2023-02-01,2024-02-01,12,validation,Naive,100.49,60.8
RO1_DEMAND,Steel Reinforcement Bars,2023-02-01,2024-02-01,12,validation,SeasonalNaive,100.49,60.8
RO1_DEMAND,Steel Reinforcement Bars,2023-03-01,2023-04-01,1,validation,Naive,57.1,67.2
RO1_DEMAND,Steel Reinforcement Bars,2023-03-01,2023-04-01,1,validation,SeasonalNaive,140.28,67.2
RO1_DEMAND,Steel Reinforcement Bars,2023-03-01,2023-06-01,3,validation,Naive,57.1,135.08
RO1_DEMAND,Steel Reinforcement Bars,2023-03-01,2023-06-01,3,validation,SeasonalNaive,121.6,135.08
RO1_DEMAND,Steel Reinforcement Bars,2023-03-01,2023-09-01,6,validation,Naive,57.1,140.71
RO1_DEMAND,Steel Reinforcement Bars,2023-03-01,2023-09-01,6,validation,SeasonalNaive,174.43,140.71
RO1_DEMAND,Steel Reinforcement Bars,2023-03-01,2024-03-01,12,validation,Naive,57.1,91.23
RO1_DEMAND,Steel Reinforcement Bars,2023-03-01,2024-03-01,12,validation,SeasonalNaive,57.1,91.23
RO1_DEMAND,Steel Reinforcement Bars,2023-04-01,2023-05-01,1,validation,Naive,67.2,152.2
RO1_DEMAND,Steel Reinforcement Bars,2023-04-01,2023-05-01,1,validation,SeasonalNaive,17.91,152.2
RO1_DEMAND,Steel Reinforcement Bars,2023-04-01,2023-07-01,3,validation,Naive,67.2,141.5
RO1_DEMAND,Steel Reinforcement Bars,2023-04-01,2023-07-01,3,validation,SeasonalNaive,178.9,141.5
RO1_DEMAND,Steel Reinforcement Bars,2023-04-01,2023-10-01,6,validation,Naive,67.2,162.59
RO1_DEMAND,Steel Reinforcement Bars,2023-04-01,2023-10-01,6,validation,SeasonalNaive,108.27,162.59
RO1_DEMAND,Steel Reinforcement Bars,2023-04-01,2024-04-01,12,validation,Naive,67.2,111.96
RO1_DEMAND,Steel Reinforcement Bars,2023-04-01,2024-04-01,12,validation,SeasonalNaive,67.2,111.96
RO1_DEMAND,Steel Reinforcement Bars,2023-05-01,2023-06-01,1,validation,Naive,152.2,135.08
RO1_DEMAND,Steel Reinforcement Bars,2023-05-01,2023-06-01,1,validation,SeasonalNaive,121.6,135.08
RO1_DEMAND,Steel Reinforcement Bars,2023-05-01,2023-08-01,3,validation,Naive,152.2,173.95
RO1_DEMAND,Steel Reinforcement Bars,2023-05-01,2023-08-01,3,validation,SeasonalNaive,102.45,173.95
RO1_DEMAND,Steel Reinforcement Bars,2023-05-01,2023-11-01,6,validation,Naive,152.2,187.13
RO1_DEMAND,Steel Reinforcement Bars,2023-05-01,2023-11-01,6,validation,SeasonalNaive,51.21,187.13
RO1_DEMAND,Steel Reinforcement Bars,2023-05-01,2024-05-01,12,validation,Naive,152.2,160.55
RO1_DEMAND,Steel Reinforcement Bars,2023-05-01,2024-05-01,12,validation,SeasonalNaive,152.2,160.55
RO1_DEMAND,Steel Reinforcement Bars,2023-06-01,2023-07-01,1,validation,Naive,135.08,141.5
RO1_DEMAND,Steel Reinforcement Bars,2023-06-01,2023-07-01,1,validation,SeasonalNaive,178.9,141.5
RO1_DEMAND,Steel Reinforcement Bars,2023-06-01,2023-09-01,3,validation,Naive,135.08,140.71
RO1_DEMAND,Steel Reinforcement Bars,2023-06-01,2023-09-01,3,validation,SeasonalNaive,174.43,140.71
RO1_DEMAND,Steel Reinforcement Bars,2023-06-01,2023-12-01,6,validation,Naive,135.08,122.5
RO1_DEMAND,Steel Reinforcement Bars,2023-06-01,2023-12-01,6,validation,SeasonalNaive,70.5,122.5
RO1_DEMAND,Steel Reinforcement Bars,2023-07-01,2023-08-01,1,validation,Naive,141.5,173.95
RO1_DEMAND,Steel Reinforcement Bars,2023-07-01,2023-08-01,1,validation,SeasonalNaive,102.45,173.95
RO1_DEMAND,Steel Reinforcement Bars,2023-07-01,2023-10-01,3,validation,Naive,141.5,162.59
RO1_DEMAND,Steel Reinforcement Bars,2023-07-01,2023-10-01,3,validation,SeasonalNaive,108.27,162.59
RO1_DEMAND,Steel Reinforcement Bars,2023-07-01,2024-01-01,6,validation,Naive,141.5,179.85
RO1_DEMAND,Steel Reinforcement Bars,2023-07-01,2024-01-01,6,validation,SeasonalNaive,79.16,179.85
RO1_DEMAND,Steel Reinforcement Bars,2023-08-01,2023-09-01,1,validation,Naive,173.95,140.71
RO1_DEMAND,Steel Reinforcement Bars,2023-08-01,2023-09-01,1,validation,SeasonalNaive,174.43,140.71
RO1_DEMAND,Steel Reinforcement Bars,2023-08-01,2023-11-01,3,validation,Naive,173.95,187.13
RO1_DEMAND,Steel Reinforcement Bars,2023-08-01,2023-11-01,3,validation,SeasonalNaive,51.21,187.13
RO1_DEMAND,Steel Reinforcement Bars,2023-08-01,2024-02-01,6,validation,Naive,173.95,60.8
RO1_DEMAND,Steel Reinforcement Bars,2023-08-01,2024-02-01,6,validation,SeasonalNaive,100.49,60.8
RO1_DEMAND,Steel Reinforcement Bars,2023-09-01,2023-10-01,1,validation,Naive,140.71,162.59
RO1_DEMAND,Steel Reinforcement Bars,2023-09-01,2023-10-01,1,validation,SeasonalNaive,108.27,162.59
RO1_DEMAND,Steel Reinforcement Bars,2023-09-01,2023-12-01,3,validation,Naive,140.71,122.5
RO1_DEMAND,Steel Reinforcement Bars,2023-09-01,2023-12-01,3,validation,SeasonalNaive,70.5,122.5
RO1_DEMAND,Steel Reinforcement Bars,2023-09-01,2024-03-01,6,validation,Naive,140.71,91.23
RO1_DEMAND,Steel Reinforcement Bars,2023-09-01,2024-03-01,6,validation,SeasonalNaive,57.1,91.23
RO1_DEMAND,Steel Reinforcement Bars,2023-10-01,2023-11-01,1,validation,Naive,162.59,187.13
RO1_DEMAND,Steel Reinforcement Bars,2023-10-01,2023-11-01,1,validation,SeasonalNaive,51.21,187.13
RO1_DEMAND,Steel Reinforcement Bars,2023-10-01,2024-01-01,3,validation,Naive,162.59,179.85
RO1_DEMAND,Steel Reinforcement Bars,2023-10-01,2024-01-01,3,validation,SeasonalNaive,79.16,179.85
RO1_DEMAND,Steel Reinforcement Bars,2023-10-01,2024-04-01,6,validation,Naive,162.59,111.96
RO1_DEMAND,Steel Reinforcement Bars,2023-10-01,2024-04-01,6,validation,SeasonalNaive,67.2,111.96
RO1_DEMAND,Steel Reinforcement Bars,2023-11-01,2023-12-01,1,validation,Naive,187.13,122.5
RO1_DEMAND,Steel Reinforcement Bars,2023-11-01,2023-12-01,1,validation,SeasonalNaive,70.5,122.5
RO1_DEMAND,Steel Reinforcement Bars,2023-11-01,2024-02-01,3,validation,Naive,187.13,60.8
RO1_DEMAND,Steel Reinforcement Bars,2023-11-01,2024-02-01,3,validation,SeasonalNaive,100.49,60.8
RO1_DEMAND,Steel Reinforcement Bars,2023-11-01,2024-05-01,6,validation,Naive,187.13,160.55
RO1_DEMAND,Steel Reinforcement Bars,2023-11-01,2024-05-01,6,validation,SeasonalNaive,152.2,160.55
RO1_DEMAND,Steel Reinforcement Bars,2023-12-01,2024-01-01,1,validation,Naive,122.5,179.85
RO1_DEMAND,Steel Reinforcement Bars,2023-12-01,2024-01-01,1,validation,SeasonalNaive,79.16,179.85
RO1_DEMAND,Steel Reinforcement Bars,2023-12-01,2024-03-01,3,validation,Naive,122.5,91.23
RO1_DEMAND,Steel Reinforcement Bars,2023-12-01,2024-03-01,3,validation,SeasonalNaive,57.1,91.23
RO1_DEMAND,Steel Reinforcement Bars,2024-01-01,2024-02-01,1,validation,Naive,179.85,60.8
RO1_DEMAND,Steel Reinforcement Bars,2024-01-01,2024-02-01,1,validation,SeasonalNaive,100.49,60.8
RO1_DEMAND,Steel Reinforcement Bars,2024-01-01,2024-04-01,3,validation,Naive,179.85,111.96
RO1_DEMAND,Steel Reinforcement Bars,2024-01-01,2024-04-01,3,validation,SeasonalNaive,67.2,111.96
RO1_DEMAND,Steel Reinforcement Bars,2024-02-01,2024-03-01,1,validation,Naive,60.8,91.23
RO1_DEMAND,Steel Reinforcement Bars,2024-02-01,2024-03-01,1,validation,SeasonalNaive,57.1,91.23
RO1_DEMAND,Steel Reinforcement Bars,2024-02-01,2024-05-01,3,validation,Naive,60.8,160.55
RO1_DEMAND,Steel Reinforcement Bars,2024-02-01,2024-05-01,3,validation,SeasonalNaive,152.2,160.55
RO1_DEMAND,Steel Reinforcement Bars,2024-03-01,2024-04-01,1,validation,Naive,91.23,111.96
RO1_DEMAND,Steel Reinforcement Bars,2024-03-01,2024-04-01,1,validation,SeasonalNaive,67.2,111.96
RO1_DEMAND,Steel Reinforcement Bars,2024-04-01,2024-05-01,1,validation,Naive,111.96,160.55
RO1_DEMAND,Steel Reinforcement Bars,2024-04-01,2024-05-01,1,validation,SeasonalNaive,152.2,160.55
RO1_DEMAND,Cement,2024-06-01,2024-07-01,1,test,Naive,397.81,412.14
RO1_DEMAND,Cement,2024-06-01,2024-07-01,1,test,SeasonalNaive,425.98,412.14
RO1_DEMAND,Cement,2024-06-01,2024-09-01,3,test,Naive,397.81,337.8
RO1_DEMAND,Cement,2024-06-01,2024-09-01,3,test,SeasonalNaive,446.33,337.8
RO1_DEMAND,Cement,2024-06-01,2024-12-01,6,test,Naive,397.81,370.42
RO1_DEMAND,Cement,2024-06-01,2024-12-01,6,test,SeasonalNaive,467.38,370.42
RO1_DEMAND,Cement,2024-06-01,2025-06-01,12,test,Naive,397.81,454.02
RO1_DEMAND,Cement,2024-06-01,2025-06-01,12,test,SeasonalNaive,397.81,454.02
RO1_DEMAND,Cement,2024-07-01,2024-08-01,1,test,Naive,412.14,399.41
RO1_DEMAND,Cement,2024-07-01,2024-08-01,1,test,SeasonalNaive,378.3,399.41
RO1_DEMAND,Cement,2024-07-01,2024-10-01,3,test,Naive,412.14,410.73
RO1_DEMAND,Cement,2024-07-01,2024-10-01,3,test,SeasonalNaive,335.47,410.73
RO1_DEMAND,Cement,2024-07-01,2025-01-01,6,test,Naive,412.14,314.17
RO1_DEMAND,Cement,2024-07-01,2025-01-01,6,test,SeasonalNaive,434.45,314.17
RO1_DEMAND,Cement,2024-07-01,2025-07-01,12,test,Naive,412.14,431.58
RO1_DEMAND,Cement,2024-07-01,2025-07-01,12,test,SeasonalNaive,412.14,431.58
RO1_DEMAND,Cement,2024-08-01,2024-09-01,1,test,Naive,399.41,337.8
RO1_DEMAND,Cement,2024-08-01,2024-09-01,1,test,SeasonalNaive,446.33,337.8
RO1_DEMAND,Cement,2024-08-01,2024-11-01,3,test,Naive,399.41,408.36
RO1_DEMAND,Cement,2024-08-01,2024-11-01,3,test,SeasonalNaive,381.97,408.36
RO1_DEMAND,Cement,2024-08-01,2025-02-01,6,test,Naive,399.41,379.05
RO1_DEMAND,Cement,2024-08-01,2025-02-01,6,test,SeasonalNaive,367.77,379.05
RO1_DEMAND,Cement,2024-08-01,2025-08-01,12,test,Naive,399.41,427.22
RO1_DEMAND,Cement,2024-08-01,2025-08-01,12,test,SeasonalNaive,399.41,427.22
RO1_DEMAND,Cement,2024-09-01,2024-10-01,1,test,Naive,337.8,410.73
RO1_DEMAND,Cement,2024-09-01,2024-10-01,1,test,SeasonalNaive,335.47,410.73
RO1_DEMAND,Cement,2024-09-01,2024-12-01,3,test,Naive,337.8,370.42
RO1_DEMAND,Cement,2024-09-01,2024-12-01,3,test,SeasonalNaive,467.38,370.42
RO1_DEMAND,Cement,2024-09-01,2025-03-01,6,test,Naive,337.8,382.02
RO1_DEMAND,Cement,2024-09-01,2025-03-01,6,test,SeasonalNaive,318.63,382.02
RO1_DEMAND,Cement,2024-09-01,2025-09-01,12,test,Naive,337.8,414.73
RO1_DEMAND,Cement,2024-09-01,2025-09-01,12,test,SeasonalNaive,337.8,414.73
RO1_DEMAND,Cement,2024-10-01,2024-11-01,1,test,Naive,410.73,408.36
RO1_DEMAND,Cement,2024-10-01,2024-11-01,1,test,SeasonalNaive,381.97,408.36
RO1_DEMAND,Cement,2024-10-01,2025-01-01,3,test,Naive,410.73,314.17
RO1_DEMAND,Cement,2024-10-01,2025-01-01,3,test,SeasonalNaive,434.45,314.17
RO1_DEMAND,Cement,2024-10-01,2025-04-01,6,test,Naive,410.73,372.25
RO1_DEMAND,Cement,2024-10-01,2025-04-01,6,test,SeasonalNaive,395.86,372.25
RO1_DEMAND,Cement,2024-10-01,2025-10-01,12,test,Naive,410.73,553.71
RO1_DEMAND,Cement,2024-10-01,2025-10-01,12,test,SeasonalNaive,410.73,553.71
RO1_DEMAND,Cement,2024-11-01,2024-12-01,1,test,Naive,408.36,370.42
RO1_DEMAND,Cement,2024-11-01,2024-12-01,1,test,SeasonalNaive,467.38,370.42
RO1_DEMAND,Cement,2024-11-01,2025-02-01,3,test,Naive,408.36,379.05
RO1_DEMAND,Cement,2024-11-01,2025-02-01,3,test,SeasonalNaive,367.77,379.05
RO1_DEMAND,Cement,2024-11-01,2025-05-01,6,test,Naive,408.36,356.5
RO1_DEMAND,Cement,2024-11-01,2025-05-01,6,test,SeasonalNaive,330.62,356.5
RO1_DEMAND,Cement,2024-11-01,2025-11-01,12,test,Naive,408.36,373.57
RO1_DEMAND,Cement,2024-11-01,2025-11-01,12,test,SeasonalNaive,408.36,373.57
RO1_DEMAND,Cement,2024-12-01,2025-01-01,1,test,Naive,370.42,314.17
RO1_DEMAND,Cement,2024-12-01,2025-01-01,1,test,SeasonalNaive,434.45,314.17
RO1_DEMAND,Cement,2024-12-01,2025-03-01,3,test,Naive,370.42,382.02
RO1_DEMAND,Cement,2024-12-01,2025-03-01,3,test,SeasonalNaive,318.63,382.02
RO1_DEMAND,Cement,2024-12-01,2025-06-01,6,test,Naive,370.42,454.02
RO1_DEMAND,Cement,2024-12-01,2025-06-01,6,test,SeasonalNaive,397.81,454.02
RO1_DEMAND,Cement,2024-12-01,2025-12-01,12,test,Naive,370.42,628.44
RO1_DEMAND,Cement,2024-12-01,2025-12-01,12,test,SeasonalNaive,370.42,628.44
RO1_DEMAND,Cement,2025-01-01,2025-02-01,1,test,Naive,314.17,379.05
RO1_DEMAND,Cement,2025-01-01,2025-02-01,1,test,SeasonalNaive,367.77,379.05
RO1_DEMAND,Cement,2025-01-01,2025-04-01,3,test,Naive,314.17,372.25
RO1_DEMAND,Cement,2025-01-01,2025-04-01,3,test,SeasonalNaive,395.86,372.25
RO1_DEMAND,Cement,2025-01-01,2025-07-01,6,test,Naive,314.17,431.58
RO1_DEMAND,Cement,2025-01-01,2025-07-01,6,test,SeasonalNaive,412.14,431.58
RO1_DEMAND,Cement,2025-01-01,2026-01-01,12,test,Naive,314.17,455.63
RO1_DEMAND,Cement,2025-01-01,2026-01-01,12,test,SeasonalNaive,314.17,455.63
RO1_DEMAND,Cement,2025-02-01,2025-03-01,1,test,Naive,379.05,382.02
RO1_DEMAND,Cement,2025-02-01,2025-03-01,1,test,SeasonalNaive,318.63,382.02
RO1_DEMAND,Cement,2025-02-01,2025-05-01,3,test,Naive,379.05,356.5
RO1_DEMAND,Cement,2025-02-01,2025-05-01,3,test,SeasonalNaive,330.62,356.5
RO1_DEMAND,Cement,2025-02-01,2025-08-01,6,test,Naive,379.05,427.22
RO1_DEMAND,Cement,2025-02-01,2025-08-01,6,test,SeasonalNaive,399.41,427.22
RO1_DEMAND,Cement,2025-02-01,2026-02-01,12,test,Naive,379.05,396.88
RO1_DEMAND,Cement,2025-02-01,2026-02-01,12,test,SeasonalNaive,379.05,396.88
RO1_DEMAND,Cement,2025-03-01,2025-04-01,1,test,Naive,382.02,372.25
RO1_DEMAND,Cement,2025-03-01,2025-04-01,1,test,SeasonalNaive,395.86,372.25
RO1_DEMAND,Cement,2025-03-01,2025-06-01,3,test,Naive,382.02,454.02
RO1_DEMAND,Cement,2025-03-01,2025-06-01,3,test,SeasonalNaive,397.81,454.02
RO1_DEMAND,Cement,2025-03-01,2025-09-01,6,test,Naive,382.02,414.73
RO1_DEMAND,Cement,2025-03-01,2025-09-01,6,test,SeasonalNaive,337.8,414.73
RO1_DEMAND,Cement,2025-03-01,2026-03-01,12,test,Naive,382.02,444.92
RO1_DEMAND,Cement,2025-03-01,2026-03-01,12,test,SeasonalNaive,382.02,444.92
RO1_DEMAND,Cement,2025-04-01,2025-05-01,1,test,Naive,372.25,356.5
RO1_DEMAND,Cement,2025-04-01,2025-05-01,1,test,SeasonalNaive,330.62,356.5
RO1_DEMAND,Cement,2025-04-01,2025-07-01,3,test,Naive,372.25,431.58
RO1_DEMAND,Cement,2025-04-01,2025-07-01,3,test,SeasonalNaive,412.14,431.58
RO1_DEMAND,Cement,2025-04-01,2025-10-01,6,test,Naive,372.25,553.71
RO1_DEMAND,Cement,2025-04-01,2025-10-01,6,test,SeasonalNaive,410.73,553.71
RO1_DEMAND,Cement,2025-04-01,2026-04-01,12,test,Naive,372.25,420.73
RO1_DEMAND,Cement,2025-04-01,2026-04-01,12,test,SeasonalNaive,372.25,420.73
RO1_DEMAND,Cement,2025-05-01,2025-06-01,1,test,Naive,356.5,454.02
RO1_DEMAND,Cement,2025-05-01,2025-06-01,1,test,SeasonalNaive,397.81,454.02
RO1_DEMAND,Cement,2025-05-01,2025-08-01,3,test,Naive,356.5,427.22
RO1_DEMAND,Cement,2025-05-01,2025-08-01,3,test,SeasonalNaive,399.41,427.22
RO1_DEMAND,Cement,2025-05-01,2025-11-01,6,test,Naive,356.5,373.57
RO1_DEMAND,Cement,2025-05-01,2025-11-01,6,test,SeasonalNaive,408.36,373.57
RO1_DEMAND,Cement,2025-05-01,2026-05-01,12,test,Naive,356.5,455.34
RO1_DEMAND,Cement,2025-05-01,2026-05-01,12,test,SeasonalNaive,356.5,455.34
RO1_DEMAND,Cement,2025-06-01,2025-07-01,1,test,Naive,454.02,431.58
RO1_DEMAND,Cement,2025-06-01,2025-07-01,1,test,SeasonalNaive,412.14,431.58
RO1_DEMAND,Cement,2025-06-01,2025-09-01,3,test,Naive,454.02,414.73
RO1_DEMAND,Cement,2025-06-01,2025-09-01,3,test,SeasonalNaive,337.8,414.73
RO1_DEMAND,Cement,2025-06-01,2025-12-01,6,test,Naive,454.02,628.44
RO1_DEMAND,Cement,2025-06-01,2025-12-01,6,test,SeasonalNaive,370.42,628.44
RO1_DEMAND,Cement,2025-07-01,2025-08-01,1,test,Naive,431.58,427.22
RO1_DEMAND,Cement,2025-07-01,2025-08-01,1,test,SeasonalNaive,399.41,427.22
RO1_DEMAND,Cement,2025-07-01,2025-10-01,3,test,Naive,431.58,553.71
RO1_DEMAND,Cement,2025-07-01,2025-10-01,3,test,SeasonalNaive,410.73,553.71
RO1_DEMAND,Cement,2025-07-01,2026-01-01,6,test,Naive,431.58,455.63
RO1_DEMAND,Cement,2025-07-01,2026-01-01,6,test,SeasonalNaive,314.17,455.63
RO1_DEMAND,Cement,2025-08-01,2025-09-01,1,test,Naive,427.22,414.73
RO1_DEMAND,Cement,2025-08-01,2025-09-01,1,test,SeasonalNaive,337.8,414.73
RO1_DEMAND,Cement,2025-08-01,2025-11-01,3,test,Naive,427.22,373.57
RO1_DEMAND,Cement,2025-08-01,2025-11-01,3,test,SeasonalNaive,408.36,373.57
RO1_DEMAND,Cement,2025-08-01,2026-02-01,6,test,Naive,427.22,396.88
RO1_DEMAND,Cement,2025-08-01,2026-02-01,6,test,SeasonalNaive,379.05,396.88
RO1_DEMAND,Cement,2025-09-01,2025-10-01,1,test,Naive,414.73,553.71
RO1_DEMAND,Cement,2025-09-01,2025-10-01,1,test,SeasonalNaive,410.73,553.71
RO1_DEMAND,Cement,2025-09-01,2025-12-01,3,test,Naive,414.73,628.44
RO1_DEMAND,Cement,2025-09-01,2025-12-01,3,test,SeasonalNaive,370.42,628.44
RO1_DEMAND,Cement,2025-09-01,2026-03-01,6,test,Naive,414.73,444.92
RO1_DEMAND,Cement,2025-09-01,2026-03-01,6,test,SeasonalNaive,382.02,444.92
RO1_DEMAND,Cement,2025-10-01,2025-11-01,1,test,Naive,553.71,373.57
RO1_DEMAND,Cement,2025-10-01,2025-11-01,1,test,SeasonalNaive,408.36,373.57
RO1_DEMAND,Cement,2025-10-01,2026-01-01,3,test,Naive,553.71,455.63
RO1_DEMAND,Cement,2025-10-01,2026-01-01,3,test,SeasonalNaive,314.17,455.63
RO1_DEMAND,Cement,2025-10-01,2026-04-01,6,test,Naive,553.71,420.73
RO1_DEMAND,Cement,2025-10-01,2026-04-01,6,test,SeasonalNaive,372.25,420.73
RO1_DEMAND,Cement,2025-11-01,2025-12-01,1,test,Naive,373.57,628.44
RO1_DEMAND,Cement,2025-11-01,2025-12-01,1,test,SeasonalNaive,370.42,628.44
RO1_DEMAND,Cement,2025-11-01,2026-02-01,3,test,Naive,373.57,396.88
RO1_DEMAND,Cement,2025-11-01,2026-02-01,3,test,SeasonalNaive,379.05,396.88
RO1_DEMAND,Cement,2025-11-01,2026-05-01,6,test,Naive,373.57,455.34
RO1_DEMAND,Cement,2025-11-01,2026-05-01,6,test,SeasonalNaive,356.5,455.34
RO1_DEMAND,Cement,2025-12-01,2026-01-01,1,test,Naive,628.44,455.63
RO1_DEMAND,Cement,2025-12-01,2026-01-01,1,test,SeasonalNaive,314.17,455.63
RO1_DEMAND,Cement,2025-12-01,2026-03-01,3,test,Naive,628.44,444.92
RO1_DEMAND,Cement,2025-12-01,2026-03-01,3,test,SeasonalNaive,382.02,444.92
RO1_DEMAND,Cement,2026-01-01,2026-02-01,1,test,Naive,455.63,396.88
RO1_DEMAND,Cement,2026-01-01,2026-02-01,1,test,SeasonalNaive,379.05,396.88
RO1_DEMAND,Cement,2026-01-01,2026-04-01,3,test,Naive,455.63,420.73
RO1_DEMAND,Cement,2026-01-01,2026-04-01,3,test,SeasonalNaive,372.25,420.73
RO1_DEMAND,Cement,2026-02-01,2026-03-01,1,test,Naive,396.88,444.92
RO1_DEMAND,Cement,2026-02-01,2026-03-01,1,test,SeasonalNaive,382.02,444.92
RO1_DEMAND,Cement,2026-02-01,2026-05-01,3,test,Naive,396.88,455.34
RO1_DEMAND,Cement,2026-02-01,2026-05-01,3,test,SeasonalNaive,356.5,455.34
RO1_DEMAND,Cement,2026-03-01,2026-04-01,1,test,Naive,444.92,420.73
RO1_DEMAND,Cement,2026-03-01,2026-04-01,1,test,SeasonalNaive,372.25,420.73
RO1_DEMAND,Cement,2026-04-01,2026-05-01,1,test,Naive,420.73,455.34
RO1_DEMAND,Cement,2026-04-01,2026-05-01,1,test,SeasonalNaive,356.5,455.34
RO1_DEMAND,Granite,2024-06-01,2024-07-01,1,test,Naive,1704.7,1951.4
RO1_DEMAND,Granite,2024-06-01,2024-07-01,1,test,SeasonalNaive,1674.3,1951.4
RO1_DEMAND,Granite,2024-06-01,2024-09-01,3,test,Naive,1704.7,1821.8
RO1_DEMAND,Granite,2024-06-01,2024-09-01,3,test,SeasonalNaive,1729.4,1821.8
RO1_DEMAND,Granite,2024-06-01,2024-12-01,6,test,Naive,1704.7,1760.4
RO1_DEMAND,Granite,2024-06-01,2024-12-01,6,test,SeasonalNaive,1531.7,1760.4
RO1_DEMAND,Granite,2024-06-01,2025-06-01,12,test,Naive,1704.7,1765.6
RO1_DEMAND,Granite,2024-06-01,2025-06-01,12,test,SeasonalNaive,1704.7,1765.6
RO1_DEMAND,Granite,2024-07-01,2024-08-01,1,test,Naive,1951.4,1870.9
RO1_DEMAND,Granite,2024-07-01,2024-08-01,1,test,SeasonalNaive,1755.2,1870.9
RO1_DEMAND,Granite,2024-07-01,2024-10-01,3,test,Naive,1951.4,1803.3
RO1_DEMAND,Granite,2024-07-01,2024-10-01,3,test,SeasonalNaive,1742.2,1803.3
RO1_DEMAND,Granite,2024-07-01,2025-01-01,6,test,Naive,1951.4,1589.2
RO1_DEMAND,Granite,2024-07-01,2025-01-01,6,test,SeasonalNaive,1664.5,1589.2
RO1_DEMAND,Granite,2024-07-01,2025-07-01,12,test,Naive,1951.4,2113.3
RO1_DEMAND,Granite,2024-07-01,2025-07-01,12,test,SeasonalNaive,1951.4,2113.3
RO1_DEMAND,Granite,2024-08-01,2024-09-01,1,test,Naive,1870.9,1821.8
RO1_DEMAND,Granite,2024-08-01,2024-09-01,1,test,SeasonalNaive,1729.4,1821.8
RO1_DEMAND,Granite,2024-08-01,2024-11-01,3,test,Naive,1870.9,1706.4
RO1_DEMAND,Granite,2024-08-01,2024-11-01,3,test,SeasonalNaive,1621.1,1706.4
RO1_DEMAND,Granite,2024-08-01,2025-02-01,6,test,Naive,1870.9,1672.6
RO1_DEMAND,Granite,2024-08-01,2025-02-01,6,test,SeasonalNaive,1201.2,1672.6
RO1_DEMAND,Granite,2024-08-01,2025-08-01,12,test,Naive,1870.9,2098.6
RO1_DEMAND,Granite,2024-08-01,2025-08-01,12,test,SeasonalNaive,1870.9,2098.6
RO1_DEMAND,Granite,2024-09-01,2024-10-01,1,test,Naive,1821.8,1803.3
RO1_DEMAND,Granite,2024-09-01,2024-10-01,1,test,SeasonalNaive,1742.2,1803.3
RO1_DEMAND,Granite,2024-09-01,2024-12-01,3,test,Naive,1821.8,1760.4
RO1_DEMAND,Granite,2024-09-01,2024-12-01,3,test,SeasonalNaive,1531.7,1760.4
RO1_DEMAND,Granite,2024-09-01,2025-03-01,6,test,Naive,1821.8,1925.7
RO1_DEMAND,Granite,2024-09-01,2025-03-01,6,test,SeasonalNaive,1688.6,1925.7
RO1_DEMAND,Granite,2024-09-01,2025-09-01,12,test,Naive,1821.8,2107.6
RO1_DEMAND,Granite,2024-09-01,2025-09-01,12,test,SeasonalNaive,1821.8,2107.6
RO1_DEMAND,Granite,2024-10-01,2024-11-01,1,test,Naive,1803.3,1706.4
RO1_DEMAND,Granite,2024-10-01,2024-11-01,1,test,SeasonalNaive,1621.1,1706.4
RO1_DEMAND,Granite,2024-10-01,2025-01-01,3,test,Naive,1803.3,1589.2
RO1_DEMAND,Granite,2024-10-01,2025-01-01,3,test,SeasonalNaive,1664.5,1589.2
RO1_DEMAND,Granite,2024-10-01,2025-04-01,6,test,Naive,1803.3,1668.0
RO1_DEMAND,Granite,2024-10-01,2025-04-01,6,test,SeasonalNaive,1470.5,1668.0
RO1_DEMAND,Granite,2024-10-01,2025-10-01,12,test,Naive,1803.3,2147.9
RO1_DEMAND,Granite,2024-10-01,2025-10-01,12,test,SeasonalNaive,1803.3,2147.9
RO1_DEMAND,Granite,2024-11-01,2024-12-01,1,test,Naive,1706.4,1760.4
RO1_DEMAND,Granite,2024-11-01,2024-12-01,1,test,SeasonalNaive,1531.7,1760.4
RO1_DEMAND,Granite,2024-11-01,2025-02-01,3,test,Naive,1706.4,1672.6
RO1_DEMAND,Granite,2024-11-01,2025-02-01,3,test,SeasonalNaive,1201.2,1672.6
RO1_DEMAND,Granite,2024-11-01,2025-05-01,6,test,Naive,1706.4,1863.3
RO1_DEMAND,Granite,2024-11-01,2025-05-01,6,test,SeasonalNaive,1911.9,1863.3
RO1_DEMAND,Granite,2024-11-01,2025-11-01,12,test,Naive,1706.4,2010.2
RO1_DEMAND,Granite,2024-11-01,2025-11-01,12,test,SeasonalNaive,1706.4,2010.2
RO1_DEMAND,Granite,2024-12-01,2025-01-01,1,test,Naive,1760.4,1589.2
RO1_DEMAND,Granite,2024-12-01,2025-01-01,1,test,SeasonalNaive,1664.5,1589.2
RO1_DEMAND,Granite,2024-12-01,2025-03-01,3,test,Naive,1760.4,1925.7
RO1_DEMAND,Granite,2024-12-01,2025-03-01,3,test,SeasonalNaive,1688.6,1925.7
RO1_DEMAND,Granite,2024-12-01,2025-06-01,6,test,Naive,1760.4,1765.6
RO1_DEMAND,Granite,2024-12-01,2025-06-01,6,test,SeasonalNaive,1704.7,1765.6
RO1_DEMAND,Granite,2024-12-01,2025-12-01,12,test,Naive,1760.4,2282.5
RO1_DEMAND,Granite,2024-12-01,2025-12-01,12,test,SeasonalNaive,1760.4,2282.5
RO1_DEMAND,Granite,2025-01-01,2025-02-01,1,test,Naive,1589.2,1672.6
RO1_DEMAND,Granite,2025-01-01,2025-02-01,1,test,SeasonalNaive,1201.2,1672.6
RO1_DEMAND,Granite,2025-01-01,2025-04-01,3,test,Naive,1589.2,1668.0
RO1_DEMAND,Granite,2025-01-01,2025-04-01,3,test,SeasonalNaive,1470.5,1668.0
RO1_DEMAND,Granite,2025-01-01,2025-07-01,6,test,Naive,1589.2,2113.3
RO1_DEMAND,Granite,2025-01-01,2025-07-01,6,test,SeasonalNaive,1951.4,2113.3
RO1_DEMAND,Granite,2025-01-01,2026-01-01,12,test,Naive,1589.2,2383.6
RO1_DEMAND,Granite,2025-01-01,2026-01-01,12,test,SeasonalNaive,1589.2,2383.6
RO1_DEMAND,Granite,2025-02-01,2025-03-01,1,test,Naive,1672.6,1925.7
RO1_DEMAND,Granite,2025-02-01,2025-03-01,1,test,SeasonalNaive,1688.6,1925.7
RO1_DEMAND,Granite,2025-02-01,2025-05-01,3,test,Naive,1672.6,1863.3
RO1_DEMAND,Granite,2025-02-01,2025-05-01,3,test,SeasonalNaive,1911.9,1863.3
RO1_DEMAND,Granite,2025-02-01,2025-08-01,6,test,Naive,1672.6,2098.6
RO1_DEMAND,Granite,2025-02-01,2025-08-01,6,test,SeasonalNaive,1870.9,2098.6
RO1_DEMAND,Granite,2025-02-01,2026-02-01,12,test,Naive,1672.6,1726.7
RO1_DEMAND,Granite,2025-02-01,2026-02-01,12,test,SeasonalNaive,1672.6,1726.7
RO1_DEMAND,Granite,2025-03-01,2025-04-01,1,test,Naive,1925.7,1668.0
RO1_DEMAND,Granite,2025-03-01,2025-04-01,1,test,SeasonalNaive,1470.5,1668.0
RO1_DEMAND,Granite,2025-03-01,2025-06-01,3,test,Naive,1925.7,1765.6
RO1_DEMAND,Granite,2025-03-01,2025-06-01,3,test,SeasonalNaive,1704.7,1765.6
RO1_DEMAND,Granite,2025-03-01,2025-09-01,6,test,Naive,1925.7,2107.6
RO1_DEMAND,Granite,2025-03-01,2025-09-01,6,test,SeasonalNaive,1821.8,2107.6
RO1_DEMAND,Granite,2025-03-01,2026-03-01,12,test,Naive,1925.7,1890.0
RO1_DEMAND,Granite,2025-03-01,2026-03-01,12,test,SeasonalNaive,1925.7,1890.0
RO1_DEMAND,Granite,2025-04-01,2025-05-01,1,test,Naive,1668.0,1863.3
RO1_DEMAND,Granite,2025-04-01,2025-05-01,1,test,SeasonalNaive,1911.9,1863.3
RO1_DEMAND,Granite,2025-04-01,2025-07-01,3,test,Naive,1668.0,2113.3
RO1_DEMAND,Granite,2025-04-01,2025-07-01,3,test,SeasonalNaive,1951.4,2113.3
RO1_DEMAND,Granite,2025-04-01,2025-10-01,6,test,Naive,1668.0,2147.9
RO1_DEMAND,Granite,2025-04-01,2025-10-01,6,test,SeasonalNaive,1803.3,2147.9
RO1_DEMAND,Granite,2025-04-01,2026-04-01,12,test,Naive,1668.0,2102.3
RO1_DEMAND,Granite,2025-04-01,2026-04-01,12,test,SeasonalNaive,1668.0,2102.3
RO1_DEMAND,Granite,2025-05-01,2025-06-01,1,test,Naive,1863.3,1765.6
RO1_DEMAND,Granite,2025-05-01,2025-06-01,1,test,SeasonalNaive,1704.7,1765.6
RO1_DEMAND,Granite,2025-05-01,2025-08-01,3,test,Naive,1863.3,2098.6
RO1_DEMAND,Granite,2025-05-01,2025-08-01,3,test,SeasonalNaive,1870.9,2098.6
RO1_DEMAND,Granite,2025-05-01,2025-11-01,6,test,Naive,1863.3,2010.2
RO1_DEMAND,Granite,2025-05-01,2025-11-01,6,test,SeasonalNaive,1706.4,2010.2
RO1_DEMAND,Granite,2025-05-01,2026-05-01,12,test,Naive,1863.3,2054.7
RO1_DEMAND,Granite,2025-05-01,2026-05-01,12,test,SeasonalNaive,1863.3,2054.7
RO1_DEMAND,Granite,2025-06-01,2025-07-01,1,test,Naive,1765.6,2113.3
RO1_DEMAND,Granite,2025-06-01,2025-07-01,1,test,SeasonalNaive,1951.4,2113.3
RO1_DEMAND,Granite,2025-06-01,2025-09-01,3,test,Naive,1765.6,2107.6
RO1_DEMAND,Granite,2025-06-01,2025-09-01,3,test,SeasonalNaive,1821.8,2107.6
RO1_DEMAND,Granite,2025-06-01,2025-12-01,6,test,Naive,1765.6,2282.5
RO1_DEMAND,Granite,2025-06-01,2025-12-01,6,test,SeasonalNaive,1760.4,2282.5
RO1_DEMAND,Granite,2025-07-01,2025-08-01,1,test,Naive,2113.3,2098.6
RO1_DEMAND,Granite,2025-07-01,2025-08-01,1,test,SeasonalNaive,1870.9,2098.6
RO1_DEMAND,Granite,2025-07-01,2025-10-01,3,test,Naive,2113.3,2147.9
RO1_DEMAND,Granite,2025-07-01,2025-10-01,3,test,SeasonalNaive,1803.3,2147.9
RO1_DEMAND,Granite,2025-07-01,2026-01-01,6,test,Naive,2113.3,2383.6
RO1_DEMAND,Granite,2025-07-01,2026-01-01,6,test,SeasonalNaive,1589.2,2383.6
RO1_DEMAND,Granite,2025-08-01,2025-09-01,1,test,Naive,2098.6,2107.6
RO1_DEMAND,Granite,2025-08-01,2025-09-01,1,test,SeasonalNaive,1821.8,2107.6
RO1_DEMAND,Granite,2025-08-01,2025-11-01,3,test,Naive,2098.6,2010.2
RO1_DEMAND,Granite,2025-08-01,2025-11-01,3,test,SeasonalNaive,1706.4,2010.2
RO1_DEMAND,Granite,2025-08-01,2026-02-01,6,test,Naive,2098.6,1726.7
RO1_DEMAND,Granite,2025-08-01,2026-02-01,6,test,SeasonalNaive,1672.6,1726.7
RO1_DEMAND,Granite,2025-09-01,2025-10-01,1,test,Naive,2107.6,2147.9
RO1_DEMAND,Granite,2025-09-01,2025-10-01,1,test,SeasonalNaive,1803.3,2147.9
RO1_DEMAND,Granite,2025-09-01,2025-12-01,3,test,Naive,2107.6,2282.5
RO1_DEMAND,Granite,2025-09-01,2025-12-01,3,test,SeasonalNaive,1760.4,2282.5
RO1_DEMAND,Granite,2025-09-01,2026-03-01,6,test,Naive,2107.6,1890.0
RO1_DEMAND,Granite,2025-09-01,2026-03-01,6,test,SeasonalNaive,1925.7,1890.0
RO1_DEMAND,Granite,2025-10-01,2025-11-01,1,test,Naive,2147.9,2010.2
RO1_DEMAND,Granite,2025-10-01,2025-11-01,1,test,SeasonalNaive,1706.4,2010.2
RO1_DEMAND,Granite,2025-10-01,2026-01-01,3,test,Naive,2147.9,2383.6
RO1_DEMAND,Granite,2025-10-01,2026-01-01,3,test,SeasonalNaive,1589.2,2383.6
RO1_DEMAND,Granite,2025-10-01,2026-04-01,6,test,Naive,2147.9,2102.3
RO1_DEMAND,Granite,2025-10-01,2026-04-01,6,test,SeasonalNaive,1668.0,2102.3
RO1_DEMAND,Granite,2025-11-01,2025-12-01,1,test,Naive,2010.2,2282.5
RO1_DEMAND,Granite,2025-11-01,2025-12-01,1,test,SeasonalNaive,1760.4,2282.5
RO1_DEMAND,Granite,2025-11-01,2026-02-01,3,test,Naive,2010.2,1726.7
RO1_DEMAND,Granite,2025-11-01,2026-02-01,3,test,SeasonalNaive,1672.6,1726.7
RO1_DEMAND,Granite,2025-11-01,2026-05-01,6,test,Naive,2010.2,2054.7
RO1_DEMAND,Granite,2025-11-01,2026-05-01,6,test,SeasonalNaive,1863.3,2054.7
RO1_DEMAND,Granite,2025-12-01,2026-01-01,1,test,Naive,2282.5,2383.6
RO1_DEMAND,Granite,2025-12-01,2026-01-01,1,test,SeasonalNaive,1589.2,2383.6
RO1_DEMAND,Granite,2025-12-01,2026-03-01,3,test,Naive,2282.5,1890.0
RO1_DEMAND,Granite,2025-12-01,2026-03-01,3,test,SeasonalNaive,1925.7,1890.0
RO1_DEMAND,Granite,2026-01-01,2026-02-01,1,test,Naive,2383.6,1726.7
RO1_DEMAND,Granite,2026-01-01,2026-02-01,1,test,SeasonalNaive,1672.6,1726.7
RO1_DEMAND,Granite,2026-01-01,2026-04-01,3,test,Naive,2383.6,2102.3
RO1_DEMAND,Granite,2026-01-01,2026-04-01,3,test,SeasonalNaive,1668.0,2102.3
RO1_DEMAND,Granite,2026-02-01,2026-03-01,1,test,Naive,1726.7,1890.0
RO1_DEMAND,Granite,2026-02-01,2026-03-01,1,test,SeasonalNaive,1925.7,1890.0
RO1_DEMAND,Granite,2026-02-01,2026-05-01,3,test,Naive,1726.7,2054.7
RO1_DEMAND,Granite,2026-02-01,2026-05-01,3,test,SeasonalNaive,1863.3,2054.7
RO1_DEMAND,Granite,2026-03-01,2026-04-01,1,test,Naive,1890.0,2102.3
RO1_DEMAND,Granite,2026-03-01,2026-04-01,1,test,SeasonalNaive,1668.0,2102.3
RO1_DEMAND,Granite,2026-04-01,2026-05-01,1,test,Naive,2102.3,2054.7
RO1_DEMAND,Granite,2026-04-01,2026-05-01,1,test,SeasonalNaive,1863.3,2054.7
RO1_DEMAND,Ready-Mixed Concrete,2024-06-01,2024-07-01,1,test,Naive,1090.8,1188.3
RO1_DEMAND,Ready-Mixed Concrete,2024-06-01,2024-07-01,1,test,SeasonalNaive,1046.0,1188.3
RO1_DEMAND,Ready-Mixed Concrete,2024-06-01,2024-09-01,3,test,Naive,1090.8,1153.0
RO1_DEMAND,Ready-Mixed Concrete,2024-06-01,2024-09-01,3,test,SeasonalNaive,1081.8,1153.0
RO1_DEMAND,Ready-Mixed Concrete,2024-06-01,2024-12-01,6,test,Naive,1090.8,1167.7
RO1_DEMAND,Ready-Mixed Concrete,2024-06-01,2024-12-01,6,test,SeasonalNaive,1101.6,1167.7
RO1_DEMAND,Ready-Mixed Concrete,2024-06-01,2025-06-01,12,test,Naive,1090.8,1205.3
RO1_DEMAND,Ready-Mixed Concrete,2024-06-01,2025-06-01,12,test,SeasonalNaive,1090.8,1205.3
RO1_DEMAND,Ready-Mixed Concrete,2024-07-01,2024-08-01,1,test,Naive,1188.3,1205.9
RO1_DEMAND,Ready-Mixed Concrete,2024-07-01,2024-08-01,1,test,SeasonalNaive,1113.5,1205.9
RO1_DEMAND,Ready-Mixed Concrete,2024-07-01,2024-10-01,3,test,Naive,1188.3,1147.0
RO1_DEMAND,Ready-Mixed Concrete,2024-07-01,2024-10-01,3,test,SeasonalNaive,1101.2,1147.0
RO1_DEMAND,Ready-Mixed Concrete,2024-07-01,2025-01-01,6,test,Naive,1188.3,1031.1
RO1_DEMAND,Ready-Mixed Concrete,2024-07-01,2025-01-01,6,test,SeasonalNaive,1071.7,1031.1
RO1_DEMAND,Ready-Mixed Concrete,2024-07-01,2025-07-01,12,test,Naive,1188.3,1334.2
RO1_DEMAND,Ready-Mixed Concrete,2024-07-01,2025-07-01,12,test,SeasonalNaive,1188.3,1334.2
RO1_DEMAND,Ready-Mixed Concrete,2024-08-01,2024-09-01,1,test,Naive,1205.9,1153.0
RO1_DEMAND,Ready-Mixed Concrete,2024-08-01,2024-09-01,1,test,SeasonalNaive,1081.8,1153.0
RO1_DEMAND,Ready-Mixed Concrete,2024-08-01,2024-11-01,3,test,Naive,1205.9,1112.7
RO1_DEMAND,Ready-Mixed Concrete,2024-08-01,2024-11-01,3,test,SeasonalNaive,1070.0,1112.7
RO1_DEMAND,Ready-Mixed Concrete,2024-08-01,2025-02-01,6,test,Naive,1205.9,1046.6
RO1_DEMAND,Ready-Mixed Concrete,2024-08-01,2025-02-01,6,test,SeasonalNaive,874.95,1046.6
RO1_DEMAND,Ready-Mixed Concrete,2024-08-01,2025-08-01,12,test,Naive,1205.9,1282.5
RO1_DEMAND,Ready-Mixed Concrete,2024-08-01,2025-08-01,12,test,SeasonalNaive,1205.9,1282.5
RO1_DEMAND,Ready-Mixed Concrete,2024-09-01,2024-10-01,1,test,Naive,1153.0,1147.0
RO1_DEMAND,Ready-Mixed Concrete,2024-09-01,2024-10-01,1,test,SeasonalNaive,1101.2,1147.0
RO1_DEMAND,Ready-Mixed Concrete,2024-09-01,2024-12-01,3,test,Naive,1153.0,1167.7
RO1_DEMAND,Ready-Mixed Concrete,2024-09-01,2024-12-01,3,test,SeasonalNaive,1101.6,1167.7
RO1_DEMAND,Ready-Mixed Concrete,2024-09-01,2025-03-01,6,test,Naive,1153.0,1042.1
RO1_DEMAND,Ready-Mixed Concrete,2024-09-01,2025-03-01,6,test,SeasonalNaive,1112.0,1042.1
RO1_DEMAND,Ready-Mixed Concrete,2024-09-01,2025-09-01,12,test,Naive,1153.0,1283.3
RO1_DEMAND,Ready-Mixed Concrete,2024-09-01,2025-09-01,12,test,SeasonalNaive,1153.0,1283.3
RO1_DEMAND,Ready-Mixed Concrete,2024-10-01,2024-11-01,1,test,Naive,1147.0,1112.7
RO1_DEMAND,Ready-Mixed Concrete,2024-10-01,2024-11-01,1,test,SeasonalNaive,1070.0,1112.7
RO1_DEMAND,Ready-Mixed Concrete,2024-10-01,2025-01-01,3,test,Naive,1147.0,1031.1
RO1_DEMAND,Ready-Mixed Concrete,2024-10-01,2025-01-01,3,test,SeasonalNaive,1071.7,1031.1
RO1_DEMAND,Ready-Mixed Concrete,2024-10-01,2025-04-01,6,test,Naive,1147.0,1113.2
RO1_DEMAND,Ready-Mixed Concrete,2024-10-01,2025-04-01,6,test,SeasonalNaive,1114.9,1113.2
RO1_DEMAND,Ready-Mixed Concrete,2024-10-01,2025-10-01,12,test,Naive,1147.0,1401.3
RO1_DEMAND,Ready-Mixed Concrete,2024-10-01,2025-10-01,12,test,SeasonalNaive,1147.0,1401.3
RO1_DEMAND,Ready-Mixed Concrete,2024-11-01,2024-12-01,1,test,Naive,1112.7,1167.7
RO1_DEMAND,Ready-Mixed Concrete,2024-11-01,2024-12-01,1,test,SeasonalNaive,1101.6,1167.7
RO1_DEMAND,Ready-Mixed Concrete,2024-11-01,2025-02-01,3,test,Naive,1112.7,1046.6
RO1_DEMAND,Ready-Mixed Concrete,2024-11-01,2025-02-01,3,test,SeasonalNaive,874.95,1046.6
RO1_DEMAND,Ready-Mixed Concrete,2024-11-01,2025-05-01,6,test,Naive,1112.7,1142.6
RO1_DEMAND,Ready-Mixed Concrete,2024-11-01,2025-05-01,6,test,SeasonalNaive,1151.8,1142.6
RO1_DEMAND,Ready-Mixed Concrete,2024-11-01,2025-11-01,12,test,Naive,1112.7,1306.0
RO1_DEMAND,Ready-Mixed Concrete,2024-11-01,2025-11-01,12,test,SeasonalNaive,1112.7,1306.0
RO1_DEMAND,Ready-Mixed Concrete,2024-12-01,2025-01-01,1,test,Naive,1167.7,1031.1
RO1_DEMAND,Ready-Mixed Concrete,2024-12-01,2025-01-01,1,test,SeasonalNaive,1071.7,1031.1
RO1_DEMAND,Ready-Mixed Concrete,2024-12-01,2025-03-01,3,test,Naive,1167.7,1042.1
RO1_DEMAND,Ready-Mixed Concrete,2024-12-01,2025-03-01,3,test,SeasonalNaive,1112.0,1042.1
RO1_DEMAND,Ready-Mixed Concrete,2024-12-01,2025-06-01,6,test,Naive,1167.7,1205.3
RO1_DEMAND,Ready-Mixed Concrete,2024-12-01,2025-06-01,6,test,SeasonalNaive,1090.8,1205.3
RO1_DEMAND,Ready-Mixed Concrete,2024-12-01,2025-12-01,12,test,Naive,1167.7,1432.3
RO1_DEMAND,Ready-Mixed Concrete,2024-12-01,2025-12-01,12,test,SeasonalNaive,1167.7,1432.3
RO1_DEMAND,Ready-Mixed Concrete,2025-01-01,2025-02-01,1,test,Naive,1031.1,1046.6
RO1_DEMAND,Ready-Mixed Concrete,2025-01-01,2025-02-01,1,test,SeasonalNaive,874.95,1046.6
RO1_DEMAND,Ready-Mixed Concrete,2025-01-01,2025-04-01,3,test,Naive,1031.1,1113.2
RO1_DEMAND,Ready-Mixed Concrete,2025-01-01,2025-04-01,3,test,SeasonalNaive,1114.9,1113.2
RO1_DEMAND,Ready-Mixed Concrete,2025-01-01,2025-07-01,6,test,Naive,1031.1,1334.2
RO1_DEMAND,Ready-Mixed Concrete,2025-01-01,2025-07-01,6,test,SeasonalNaive,1188.3,1334.2
RO1_DEMAND,Ready-Mixed Concrete,2025-01-01,2026-01-01,12,test,Naive,1031.1,1513.8
RO1_DEMAND,Ready-Mixed Concrete,2025-01-01,2026-01-01,12,test,SeasonalNaive,1031.1,1513.8
RO1_DEMAND,Ready-Mixed Concrete,2025-02-01,2025-03-01,1,test,Naive,1046.6,1042.1
RO1_DEMAND,Ready-Mixed Concrete,2025-02-01,2025-03-01,1,test,SeasonalNaive,1112.0,1042.1
RO1_DEMAND,Ready-Mixed Concrete,2025-02-01,2025-05-01,3,test,Naive,1046.6,1142.6
RO1_DEMAND,Ready-Mixed Concrete,2025-02-01,2025-05-01,3,test,SeasonalNaive,1151.8,1142.6
RO1_DEMAND,Ready-Mixed Concrete,2025-02-01,2025-08-01,6,test,Naive,1046.6,1282.5
RO1_DEMAND,Ready-Mixed Concrete,2025-02-01,2025-08-01,6,test,SeasonalNaive,1205.9,1282.5
RO1_DEMAND,Ready-Mixed Concrete,2025-02-01,2026-02-01,12,test,Naive,1046.6,1123.1
RO1_DEMAND,Ready-Mixed Concrete,2025-02-01,2026-02-01,12,test,SeasonalNaive,1046.6,1123.1
RO1_DEMAND,Ready-Mixed Concrete,2025-03-01,2025-04-01,1,test,Naive,1042.1,1113.2
RO1_DEMAND,Ready-Mixed Concrete,2025-03-01,2025-04-01,1,test,SeasonalNaive,1114.9,1113.2
RO1_DEMAND,Ready-Mixed Concrete,2025-03-01,2025-06-01,3,test,Naive,1042.1,1205.3
RO1_DEMAND,Ready-Mixed Concrete,2025-03-01,2025-06-01,3,test,SeasonalNaive,1090.8,1205.3
RO1_DEMAND,Ready-Mixed Concrete,2025-03-01,2025-09-01,6,test,Naive,1042.1,1283.3
RO1_DEMAND,Ready-Mixed Concrete,2025-03-01,2025-09-01,6,test,SeasonalNaive,1153.0,1283.3
RO1_DEMAND,Ready-Mixed Concrete,2025-03-01,2026-03-01,12,test,Naive,1042.1,1393.7
RO1_DEMAND,Ready-Mixed Concrete,2025-03-01,2026-03-01,12,test,SeasonalNaive,1042.1,1393.7
RO1_DEMAND,Ready-Mixed Concrete,2025-04-01,2025-05-01,1,test,Naive,1113.2,1142.6
RO1_DEMAND,Ready-Mixed Concrete,2025-04-01,2025-05-01,1,test,SeasonalNaive,1151.8,1142.6
RO1_DEMAND,Ready-Mixed Concrete,2025-04-01,2025-07-01,3,test,Naive,1113.2,1334.2
RO1_DEMAND,Ready-Mixed Concrete,2025-04-01,2025-07-01,3,test,SeasonalNaive,1188.3,1334.2
RO1_DEMAND,Ready-Mixed Concrete,2025-04-01,2025-10-01,6,test,Naive,1113.2,1401.3
RO1_DEMAND,Ready-Mixed Concrete,2025-04-01,2025-10-01,6,test,SeasonalNaive,1147.0,1401.3
RO1_DEMAND,Ready-Mixed Concrete,2025-04-01,2026-04-01,12,test,Naive,1113.2,1407.7
RO1_DEMAND,Ready-Mixed Concrete,2025-04-01,2026-04-01,12,test,SeasonalNaive,1113.2,1407.7
RO1_DEMAND,Ready-Mixed Concrete,2025-05-01,2025-06-01,1,test,Naive,1142.6,1205.3
RO1_DEMAND,Ready-Mixed Concrete,2025-05-01,2025-06-01,1,test,SeasonalNaive,1090.8,1205.3
RO1_DEMAND,Ready-Mixed Concrete,2025-05-01,2025-08-01,3,test,Naive,1142.6,1282.5
RO1_DEMAND,Ready-Mixed Concrete,2025-05-01,2025-08-01,3,test,SeasonalNaive,1205.9,1282.5
RO1_DEMAND,Ready-Mixed Concrete,2025-05-01,2025-11-01,6,test,Naive,1142.6,1306.0
RO1_DEMAND,Ready-Mixed Concrete,2025-05-01,2025-11-01,6,test,SeasonalNaive,1112.7,1306.0
RO1_DEMAND,Ready-Mixed Concrete,2025-05-01,2026-05-01,12,test,Naive,1142.6,1315.0
RO1_DEMAND,Ready-Mixed Concrete,2025-05-01,2026-05-01,12,test,SeasonalNaive,1142.6,1315.0
RO1_DEMAND,Ready-Mixed Concrete,2025-06-01,2025-07-01,1,test,Naive,1205.3,1334.2
RO1_DEMAND,Ready-Mixed Concrete,2025-06-01,2025-07-01,1,test,SeasonalNaive,1188.3,1334.2
RO1_DEMAND,Ready-Mixed Concrete,2025-06-01,2025-09-01,3,test,Naive,1205.3,1283.3
RO1_DEMAND,Ready-Mixed Concrete,2025-06-01,2025-09-01,3,test,SeasonalNaive,1153.0,1283.3
RO1_DEMAND,Ready-Mixed Concrete,2025-06-01,2025-12-01,6,test,Naive,1205.3,1432.3
RO1_DEMAND,Ready-Mixed Concrete,2025-06-01,2025-12-01,6,test,SeasonalNaive,1167.7,1432.3
RO1_DEMAND,Ready-Mixed Concrete,2025-07-01,2025-08-01,1,test,Naive,1334.2,1282.5
RO1_DEMAND,Ready-Mixed Concrete,2025-07-01,2025-08-01,1,test,SeasonalNaive,1205.9,1282.5
RO1_DEMAND,Ready-Mixed Concrete,2025-07-01,2025-10-01,3,test,Naive,1334.2,1401.3
RO1_DEMAND,Ready-Mixed Concrete,2025-07-01,2025-10-01,3,test,SeasonalNaive,1147.0,1401.3
RO1_DEMAND,Ready-Mixed Concrete,2025-07-01,2026-01-01,6,test,Naive,1334.2,1513.8
RO1_DEMAND,Ready-Mixed Concrete,2025-07-01,2026-01-01,6,test,SeasonalNaive,1031.1,1513.8
RO1_DEMAND,Ready-Mixed Concrete,2025-08-01,2025-09-01,1,test,Naive,1282.5,1283.3
RO1_DEMAND,Ready-Mixed Concrete,2025-08-01,2025-09-01,1,test,SeasonalNaive,1153.0,1283.3
RO1_DEMAND,Ready-Mixed Concrete,2025-08-01,2025-11-01,3,test,Naive,1282.5,1306.0
RO1_DEMAND,Ready-Mixed Concrete,2025-08-01,2025-11-01,3,test,SeasonalNaive,1112.7,1306.0
RO1_DEMAND,Ready-Mixed Concrete,2025-08-01,2026-02-01,6,test,Naive,1282.5,1123.1
RO1_DEMAND,Ready-Mixed Concrete,2025-08-01,2026-02-01,6,test,SeasonalNaive,1046.6,1123.1
RO1_DEMAND,Ready-Mixed Concrete,2025-09-01,2025-10-01,1,test,Naive,1283.3,1401.3
RO1_DEMAND,Ready-Mixed Concrete,2025-09-01,2025-10-01,1,test,SeasonalNaive,1147.0,1401.3
RO1_DEMAND,Ready-Mixed Concrete,2025-09-01,2025-12-01,3,test,Naive,1283.3,1432.3
RO1_DEMAND,Ready-Mixed Concrete,2025-09-01,2025-12-01,3,test,SeasonalNaive,1167.7,1432.3
RO1_DEMAND,Ready-Mixed Concrete,2025-09-01,2026-03-01,6,test,Naive,1283.3,1393.7
RO1_DEMAND,Ready-Mixed Concrete,2025-09-01,2026-03-01,6,test,SeasonalNaive,1042.1,1393.7
RO1_DEMAND,Ready-Mixed Concrete,2025-10-01,2025-11-01,1,test,Naive,1401.3,1306.0
RO1_DEMAND,Ready-Mixed Concrete,2025-10-01,2025-11-01,1,test,SeasonalNaive,1112.7,1306.0
RO1_DEMAND,Ready-Mixed Concrete,2025-10-01,2026-01-01,3,test,Naive,1401.3,1513.8
RO1_DEMAND,Ready-Mixed Concrete,2025-10-01,2026-01-01,3,test,SeasonalNaive,1031.1,1513.8
RO1_DEMAND,Ready-Mixed Concrete,2025-10-01,2026-04-01,6,test,Naive,1401.3,1407.7
RO1_DEMAND,Ready-Mixed Concrete,2025-10-01,2026-04-01,6,test,SeasonalNaive,1113.2,1407.7
RO1_DEMAND,Ready-Mixed Concrete,2025-11-01,2025-12-01,1,test,Naive,1306.0,1432.3
RO1_DEMAND,Ready-Mixed Concrete,2025-11-01,2025-12-01,1,test,SeasonalNaive,1167.7,1432.3
RO1_DEMAND,Ready-Mixed Concrete,2025-11-01,2026-02-01,3,test,Naive,1306.0,1123.1
RO1_DEMAND,Ready-Mixed Concrete,2025-11-01,2026-02-01,3,test,SeasonalNaive,1046.6,1123.1
RO1_DEMAND,Ready-Mixed Concrete,2025-11-01,2026-05-01,6,test,Naive,1306.0,1315.0
RO1_DEMAND,Ready-Mixed Concrete,2025-11-01,2026-05-01,6,test,SeasonalNaive,1142.6,1315.0
RO1_DEMAND,Ready-Mixed Concrete,2025-12-01,2026-01-01,1,test,Naive,1432.3,1513.8
RO1_DEMAND,Ready-Mixed Concrete,2025-12-01,2026-01-01,1,test,SeasonalNaive,1031.1,1513.8
RO1_DEMAND,Ready-Mixed Concrete,2025-12-01,2026-03-01,3,test,Naive,1432.3,1393.7
RO1_DEMAND,Ready-Mixed Concrete,2025-12-01,2026-03-01,3,test,SeasonalNaive,1042.1,1393.7
RO1_DEMAND,Ready-Mixed Concrete,2026-01-01,2026-02-01,1,test,Naive,1513.8,1123.1
RO1_DEMAND,Ready-Mixed Concrete,2026-01-01,2026-02-01,1,test,SeasonalNaive,1046.6,1123.1
RO1_DEMAND,Ready-Mixed Concrete,2026-01-01,2026-04-01,3,test,Naive,1513.8,1407.7
RO1_DEMAND,Ready-Mixed Concrete,2026-01-01,2026-04-01,3,test,SeasonalNaive,1113.2,1407.7
RO1_DEMAND,Ready-Mixed Concrete,2026-02-01,2026-03-01,1,test,Naive,1123.1,1393.7
RO1_DEMAND,Ready-Mixed Concrete,2026-02-01,2026-03-01,1,test,SeasonalNaive,1042.1,1393.7
RO1_DEMAND,Ready-Mixed Concrete,2026-02-01,2026-05-01,3,test,Naive,1123.1,1315.0
RO1_DEMAND,Ready-Mixed Concrete,2026-02-01,2026-05-01,3,test,SeasonalNaive,1142.6,1315.0
RO1_DEMAND,Ready-Mixed Concrete,2026-03-01,2026-04-01,1,test,Naive,1393.7,1407.7
RO1_DEMAND,Ready-Mixed Concrete,2026-03-01,2026-04-01,1,test,SeasonalNaive,1113.2,1407.7
RO1_DEMAND,Ready-Mixed Concrete,2026-04-01,2026-05-01,1,test,Naive,1407.7,1315.0
RO1_DEMAND,Ready-Mixed Concrete,2026-04-01,2026-05-01,1,test,SeasonalNaive,1142.6,1315.0
RO1_DEMAND,Steel Reinforcement Bars,2024-06-01,2024-07-01,1,test,Naive,168.8,108.58
RO1_DEMAND,Steel Reinforcement Bars,2024-06-01,2024-07-01,1,test,SeasonalNaive,141.5,108.58
RO1_DEMAND,Steel Reinforcement Bars,2024-06-01,2024-09-01,3,test,Naive,168.8,226.32
RO1_DEMAND,Steel Reinforcement Bars,2024-06-01,2024-09-01,3,test,SeasonalNaive,140.71,226.32
RO1_DEMAND,Steel Reinforcement Bars,2024-06-01,2024-12-01,6,test,Naive,168.8,121.23
RO1_DEMAND,Steel Reinforcement Bars,2024-06-01,2024-12-01,6,test,SeasonalNaive,122.5,121.23
RO1_DEMAND,Steel Reinforcement Bars,2024-06-01,2025-06-01,12,test,Naive,168.8,109.58
RO1_DEMAND,Steel Reinforcement Bars,2024-06-01,2025-06-01,12,test,SeasonalNaive,168.8,109.58
RO1_DEMAND,Steel Reinforcement Bars,2024-07-01,2024-08-01,1,test,Naive,108.58,94.39
RO1_DEMAND,Steel Reinforcement Bars,2024-07-01,2024-08-01,1,test,SeasonalNaive,173.95,94.39
RO1_DEMAND,Steel Reinforcement Bars,2024-07-01,2024-10-01,3,test,Naive,108.58,114.09
RO1_DEMAND,Steel Reinforcement Bars,2024-07-01,2024-10-01,3,test,SeasonalNaive,162.59,114.09
RO1_DEMAND,Steel Reinforcement Bars,2024-07-01,2025-01-01,6,test,Naive,108.58,105.3
RO1_DEMAND,Steel Reinforcement Bars,2024-07-01,2025-01-01,6,test,SeasonalNaive,179.85,105.3
RO1_DEMAND,Steel Reinforcement Bars,2024-07-01,2025-07-01,12,test,Naive,108.58,155.84
RO1_DEMAND,Steel Reinforcement Bars,2024-07-01,2025-07-01,12,test,SeasonalNaive,108.58,155.84
RO1_DEMAND,Steel Reinforcement Bars,2024-08-01,2024-09-01,1,test,Naive,94.39,226.32
RO1_DEMAND,Steel Reinforcement Bars,2024-08-01,2024-09-01,1,test,SeasonalNaive,140.71,226.32
RO1_DEMAND,Steel Reinforcement Bars,2024-08-01,2024-11-01,3,test,Naive,94.39,140.53
RO1_DEMAND,Steel Reinforcement Bars,2024-08-01,2024-11-01,3,test,SeasonalNaive,187.13,140.53
RO1_DEMAND,Steel Reinforcement Bars,2024-08-01,2025-02-01,6,test,Naive,94.39,231.33
RO1_DEMAND,Steel Reinforcement Bars,2024-08-01,2025-02-01,6,test,SeasonalNaive,60.8,231.33
RO1_DEMAND,Steel Reinforcement Bars,2024-08-01,2025-08-01,12,test,Naive,94.39,125.51
RO1_DEMAND,Steel Reinforcement Bars,2024-08-01,2025-08-01,12,test,SeasonalNaive,94.39,125.51
RO1_DEMAND,Steel Reinforcement Bars,2024-09-01,2024-10-01,1,test,Naive,226.32,114.09
RO1_DEMAND,Steel Reinforcement Bars,2024-09-01,2024-10-01,1,test,SeasonalNaive,162.59,114.09
RO1_DEMAND,Steel Reinforcement Bars,2024-09-01,2024-12-01,3,test,Naive,226.32,121.23
RO1_DEMAND,Steel Reinforcement Bars,2024-09-01,2024-12-01,3,test,SeasonalNaive,122.5,121.23
RO1_DEMAND,Steel Reinforcement Bars,2024-09-01,2025-03-01,6,test,Naive,226.32,171.69
RO1_DEMAND,Steel Reinforcement Bars,2024-09-01,2025-03-01,6,test,SeasonalNaive,91.23,171.69
RO1_DEMAND,Steel Reinforcement Bars,2024-09-01,2025-09-01,12,test,Naive,226.32,131.79
RO1_DEMAND,Steel Reinforcement Bars,2024-09-01,2025-09-01,12,test,SeasonalNaive,226.32,131.79
RO1_DEMAND,Steel Reinforcement Bars,2024-10-01,2024-11-01,1,test,Naive,114.09,140.53
RO1_DEMAND,Steel Reinforcement Bars,2024-10-01,2024-11-01,1,test,SeasonalNaive,187.13,140.53
RO1_DEMAND,Steel Reinforcement Bars,2024-10-01,2025-01-01,3,test,Naive,114.09,105.3
RO1_DEMAND,Steel Reinforcement Bars,2024-10-01,2025-01-01,3,test,SeasonalNaive,179.85,105.3
RO1_DEMAND,Steel Reinforcement Bars,2024-10-01,2025-04-01,6,test,Naive,114.09,152.83
RO1_DEMAND,Steel Reinforcement Bars,2024-10-01,2025-04-01,6,test,SeasonalNaive,111.96,152.83
RO1_DEMAND,Steel Reinforcement Bars,2024-10-01,2025-10-01,12,test,Naive,114.09,146.31
RO1_DEMAND,Steel Reinforcement Bars,2024-10-01,2025-10-01,12,test,SeasonalNaive,114.09,146.31
RO1_DEMAND,Steel Reinforcement Bars,2024-11-01,2024-12-01,1,test,Naive,140.53,121.23
RO1_DEMAND,Steel Reinforcement Bars,2024-11-01,2024-12-01,1,test,SeasonalNaive,122.5,121.23
RO1_DEMAND,Steel Reinforcement Bars,2024-11-01,2025-02-01,3,test,Naive,140.53,231.33
RO1_DEMAND,Steel Reinforcement Bars,2024-11-01,2025-02-01,3,test,SeasonalNaive,60.8,231.33
RO1_DEMAND,Steel Reinforcement Bars,2024-11-01,2025-05-01,6,test,Naive,140.53,174.15
RO1_DEMAND,Steel Reinforcement Bars,2024-11-01,2025-05-01,6,test,SeasonalNaive,160.55,174.15
RO1_DEMAND,Steel Reinforcement Bars,2024-11-01,2025-11-01,12,test,Naive,140.53,167.38
RO1_DEMAND,Steel Reinforcement Bars,2024-11-01,2025-11-01,12,test,SeasonalNaive,140.53,167.38
RO1_DEMAND,Steel Reinforcement Bars,2024-12-01,2025-01-01,1,test,Naive,121.23,105.3
RO1_DEMAND,Steel Reinforcement Bars,2024-12-01,2025-01-01,1,test,SeasonalNaive,179.85,105.3
RO1_DEMAND,Steel Reinforcement Bars,2024-12-01,2025-03-01,3,test,Naive,121.23,171.69
RO1_DEMAND,Steel Reinforcement Bars,2024-12-01,2025-03-01,3,test,SeasonalNaive,91.23,171.69
RO1_DEMAND,Steel Reinforcement Bars,2024-12-01,2025-06-01,6,test,Naive,121.23,109.58
RO1_DEMAND,Steel Reinforcement Bars,2024-12-01,2025-06-01,6,test,SeasonalNaive,168.8,109.58
RO1_DEMAND,Steel Reinforcement Bars,2024-12-01,2025-12-01,12,test,Naive,121.23,276.16
RO1_DEMAND,Steel Reinforcement Bars,2024-12-01,2025-12-01,12,test,SeasonalNaive,121.23,276.16
RO1_DEMAND,Steel Reinforcement Bars,2025-01-01,2025-02-01,1,test,Naive,105.3,231.33
RO1_DEMAND,Steel Reinforcement Bars,2025-01-01,2025-02-01,1,test,SeasonalNaive,60.8,231.33
RO1_DEMAND,Steel Reinforcement Bars,2025-01-01,2025-04-01,3,test,Naive,105.3,152.83
RO1_DEMAND,Steel Reinforcement Bars,2025-01-01,2025-04-01,3,test,SeasonalNaive,111.96,152.83
RO1_DEMAND,Steel Reinforcement Bars,2025-01-01,2025-07-01,6,test,Naive,105.3,155.84
RO1_DEMAND,Steel Reinforcement Bars,2025-01-01,2025-07-01,6,test,SeasonalNaive,108.58,155.84
RO1_DEMAND,Steel Reinforcement Bars,2025-01-01,2026-01-01,12,test,Naive,105.3,235.92
RO1_DEMAND,Steel Reinforcement Bars,2025-01-01,2026-01-01,12,test,SeasonalNaive,105.3,235.92
RO1_DEMAND,Steel Reinforcement Bars,2025-02-01,2025-03-01,1,test,Naive,231.33,171.69
RO1_DEMAND,Steel Reinforcement Bars,2025-02-01,2025-03-01,1,test,SeasonalNaive,91.23,171.69
RO1_DEMAND,Steel Reinforcement Bars,2025-02-01,2025-05-01,3,test,Naive,231.33,174.15
RO1_DEMAND,Steel Reinforcement Bars,2025-02-01,2025-05-01,3,test,SeasonalNaive,160.55,174.15
RO1_DEMAND,Steel Reinforcement Bars,2025-02-01,2025-08-01,6,test,Naive,231.33,125.51
RO1_DEMAND,Steel Reinforcement Bars,2025-02-01,2025-08-01,6,test,SeasonalNaive,94.39,125.51
RO1_DEMAND,Steel Reinforcement Bars,2025-02-01,2026-02-01,12,test,Naive,231.33,165.5
RO1_DEMAND,Steel Reinforcement Bars,2025-02-01,2026-02-01,12,test,SeasonalNaive,231.33,165.5
RO1_DEMAND,Steel Reinforcement Bars,2025-03-01,2025-04-01,1,test,Naive,171.69,152.83
RO1_DEMAND,Steel Reinforcement Bars,2025-03-01,2025-04-01,1,test,SeasonalNaive,111.96,152.83
RO1_DEMAND,Steel Reinforcement Bars,2025-03-01,2025-06-01,3,test,Naive,171.69,109.58
RO1_DEMAND,Steel Reinforcement Bars,2025-03-01,2025-06-01,3,test,SeasonalNaive,168.8,109.58
RO1_DEMAND,Steel Reinforcement Bars,2025-03-01,2025-09-01,6,test,Naive,171.69,131.79
RO1_DEMAND,Steel Reinforcement Bars,2025-03-01,2025-09-01,6,test,SeasonalNaive,226.32,131.79
RO1_DEMAND,Steel Reinforcement Bars,2025-03-01,2026-03-01,12,test,Naive,171.69,187.65
RO1_DEMAND,Steel Reinforcement Bars,2025-03-01,2026-03-01,12,test,SeasonalNaive,171.69,187.65
RO1_DEMAND,Steel Reinforcement Bars,2025-04-01,2025-05-01,1,test,Naive,152.83,174.15
RO1_DEMAND,Steel Reinforcement Bars,2025-04-01,2025-05-01,1,test,SeasonalNaive,160.55,174.15
RO1_DEMAND,Steel Reinforcement Bars,2025-04-01,2025-07-01,3,test,Naive,152.83,155.84
RO1_DEMAND,Steel Reinforcement Bars,2025-04-01,2025-07-01,3,test,SeasonalNaive,108.58,155.84
RO1_DEMAND,Steel Reinforcement Bars,2025-04-01,2025-10-01,6,test,Naive,152.83,146.31
RO1_DEMAND,Steel Reinforcement Bars,2025-04-01,2025-10-01,6,test,SeasonalNaive,114.09,146.31
RO1_DEMAND,Steel Reinforcement Bars,2025-04-01,2026-04-01,12,test,Naive,152.83,232.35
RO1_DEMAND,Steel Reinforcement Bars,2025-04-01,2026-04-01,12,test,SeasonalNaive,152.83,232.35
RO1_DEMAND,Steel Reinforcement Bars,2025-05-01,2025-06-01,1,test,Naive,174.15,109.58
RO1_DEMAND,Steel Reinforcement Bars,2025-05-01,2025-06-01,1,test,SeasonalNaive,168.8,109.58
RO1_DEMAND,Steel Reinforcement Bars,2025-05-01,2025-08-01,3,test,Naive,174.15,125.51
RO1_DEMAND,Steel Reinforcement Bars,2025-05-01,2025-08-01,3,test,SeasonalNaive,94.39,125.51
RO1_DEMAND,Steel Reinforcement Bars,2025-05-01,2025-11-01,6,test,Naive,174.15,167.38
RO1_DEMAND,Steel Reinforcement Bars,2025-05-01,2025-11-01,6,test,SeasonalNaive,140.53,167.38
RO1_DEMAND,Steel Reinforcement Bars,2025-05-01,2026-05-01,12,test,Naive,174.15,262.3
RO1_DEMAND,Steel Reinforcement Bars,2025-05-01,2026-05-01,12,test,SeasonalNaive,174.15,262.3
RO1_DEMAND,Steel Reinforcement Bars,2025-06-01,2025-07-01,1,test,Naive,109.58,155.84
RO1_DEMAND,Steel Reinforcement Bars,2025-06-01,2025-07-01,1,test,SeasonalNaive,108.58,155.84
RO1_DEMAND,Steel Reinforcement Bars,2025-06-01,2025-09-01,3,test,Naive,109.58,131.79
RO1_DEMAND,Steel Reinforcement Bars,2025-06-01,2025-09-01,3,test,SeasonalNaive,226.32,131.79
RO1_DEMAND,Steel Reinforcement Bars,2025-06-01,2025-12-01,6,test,Naive,109.58,276.16
RO1_DEMAND,Steel Reinforcement Bars,2025-06-01,2025-12-01,6,test,SeasonalNaive,121.23,276.16
RO1_DEMAND,Steel Reinforcement Bars,2025-07-01,2025-08-01,1,test,Naive,155.84,125.51
RO1_DEMAND,Steel Reinforcement Bars,2025-07-01,2025-08-01,1,test,SeasonalNaive,94.39,125.51
RO1_DEMAND,Steel Reinforcement Bars,2025-07-01,2025-10-01,3,test,Naive,155.84,146.31
RO1_DEMAND,Steel Reinforcement Bars,2025-07-01,2025-10-01,3,test,SeasonalNaive,114.09,146.31
RO1_DEMAND,Steel Reinforcement Bars,2025-07-01,2026-01-01,6,test,Naive,155.84,235.92
RO1_DEMAND,Steel Reinforcement Bars,2025-07-01,2026-01-01,6,test,SeasonalNaive,105.3,235.92
RO1_DEMAND,Steel Reinforcement Bars,2025-08-01,2025-09-01,1,test,Naive,125.51,131.79
RO1_DEMAND,Steel Reinforcement Bars,2025-08-01,2025-09-01,1,test,SeasonalNaive,226.32,131.79
RO1_DEMAND,Steel Reinforcement Bars,2025-08-01,2025-11-01,3,test,Naive,125.51,167.38
RO1_DEMAND,Steel Reinforcement Bars,2025-08-01,2025-11-01,3,test,SeasonalNaive,140.53,167.38
RO1_DEMAND,Steel Reinforcement Bars,2025-08-01,2026-02-01,6,test,Naive,125.51,165.5
RO1_DEMAND,Steel Reinforcement Bars,2025-08-01,2026-02-01,6,test,SeasonalNaive,231.33,165.5
RO1_DEMAND,Steel Reinforcement Bars,2025-09-01,2025-10-01,1,test,Naive,131.79,146.31
RO1_DEMAND,Steel Reinforcement Bars,2025-09-01,2025-10-01,1,test,SeasonalNaive,114.09,146.31
RO1_DEMAND,Steel Reinforcement Bars,2025-09-01,2025-12-01,3,test,Naive,131.79,276.16
RO1_DEMAND,Steel Reinforcement Bars,2025-09-01,2025-12-01,3,test,SeasonalNaive,121.23,276.16
RO1_DEMAND,Steel Reinforcement Bars,2025-09-01,2026-03-01,6,test,Naive,131.79,187.65
RO1_DEMAND,Steel Reinforcement Bars,2025-09-01,2026-03-01,6,test,SeasonalNaive,171.69,187.65
RO1_DEMAND,Steel Reinforcement Bars,2025-10-01,2025-11-01,1,test,Naive,146.31,167.38
RO1_DEMAND,Steel Reinforcement Bars,2025-10-01,2025-11-01,1,test,SeasonalNaive,140.53,167.38
RO1_DEMAND,Steel Reinforcement Bars,2025-10-01,2026-01-01,3,test,Naive,146.31,235.92
RO1_DEMAND,Steel Reinforcement Bars,2025-10-01,2026-01-01,3,test,SeasonalNaive,105.3,235.92
RO1_DEMAND,Steel Reinforcement Bars,2025-10-01,2026-04-01,6,test,Naive,146.31,232.35
RO1_DEMAND,Steel Reinforcement Bars,2025-10-01,2026-04-01,6,test,SeasonalNaive,152.83,232.35
RO1_DEMAND,Steel Reinforcement Bars,2025-11-01,2025-12-01,1,test,Naive,167.38,276.16
RO1_DEMAND,Steel Reinforcement Bars,2025-11-01,2025-12-01,1,test,SeasonalNaive,121.23,276.16
RO1_DEMAND,Steel Reinforcement Bars,2025-11-01,2026-02-01,3,test,Naive,167.38,165.5
RO1_DEMAND,Steel Reinforcement Bars,2025-11-01,2026-02-01,3,test,SeasonalNaive,231.33,165.5
RO1_DEMAND,Steel Reinforcement Bars,2025-11-01,2026-05-01,6,test,Naive,167.38,262.3
RO1_DEMAND,Steel Reinforcement Bars,2025-11-01,2026-05-01,6,test,SeasonalNaive,174.15,262.3
RO1_DEMAND,Steel Reinforcement Bars,2025-12-01,2026-01-01,1,test,Naive,276.16,235.92
RO1_DEMAND,Steel Reinforcement Bars,2025-12-01,2026-01-01,1,test,SeasonalNaive,105.3,235.92
RO1_DEMAND,Steel Reinforcement Bars,2025-12-01,2026-03-01,3,test,Naive,276.16,187.65
RO1_DEMAND,Steel Reinforcement Bars,2025-12-01,2026-03-01,3,test,SeasonalNaive,171.69,187.65
RO1_DEMAND,Steel Reinforcement Bars,2026-01-01,2026-02-01,1,test,Naive,235.92,165.5
RO1_DEMAND,Steel Reinforcement Bars,2026-01-01,2026-02-01,1,test,SeasonalNaive,231.33,165.5
RO1_DEMAND,Steel Reinforcement Bars,2026-01-01,2026-04-01,3,test,Naive,235.92,232.35
RO1_DEMAND,Steel Reinforcement Bars,2026-01-01,2026-04-01,3,test,SeasonalNaive,152.83,232.35
RO1_DEMAND,Steel Reinforcement Bars,2026-02-01,2026-03-01,1,test,Naive,165.5,187.65
RO1_DEMAND,Steel Reinforcement Bars,2026-02-01,2026-03-01,1,test,SeasonalNaive,171.69,187.65
RO1_DEMAND,Steel Reinforcement Bars,2026-02-01,2026-05-01,3,test,Naive,165.5,262.3
RO1_DEMAND,Steel Reinforcement Bars,2026-02-01,2026-05-01,3,test,SeasonalNaive,174.15,262.3
RO1_DEMAND,Steel Reinforcement Bars,2026-03-01,2026-04-01,1,test,Naive,187.65,232.35
RO1_DEMAND,Steel Reinforcement Bars,2026-03-01,2026-04-01,1,test,SeasonalNaive,152.83,232.35
RO1_DEMAND,Steel Reinforcement Bars,2026-04-01,2026-05-01,1,test,Naive,232.35,262.3
RO1_DEMAND,Steel Reinforcement Bars,2026-04-01,2026-05-01,1,test,SeasonalNaive,174.15,262.3
