duration_case,forecast_origin,material,period,month_ahead,realized_demand,realized_price,order_quantity,ending_inventory,shortage_quantity,procurement_cost,holding_cost,duration_label
47.0,2022-07-01,Cement,2022-08-01,1,402.46,119.0,446.7800845133719,0.0,402.46,53166.830057091254,0.0,P50
47.0,2022-07-01,Cement,2022-09-01,2,346.61,118.6,447.13959180765437,0.0,346.61,53030.75558838781,0.0,P50
47.0,2022-07-01,Cement,2022-10-01,3,368.78,118.6,382.4169640685048,78.00008451337192,0.0,45354.651938524665,231.27025058214772,P50
47.0,2022-07-01,Cement,2022-11-01,4,296.3,118.4,446.4029986811801,675.6197608343982,0.0,52854.11504385173,1999.834492069819,P50
47.0,2022-07-01,Cement,2022-12-01,5,375.31,118.3,397.8155198851235,1576.6464012239294,0.0,47061.576002410104,4662.931731619771,P50
47.0,2022-07-01,Cement,2023-01-01,6,440.73,118.5,420.4213728139753,2858.6560402946407,0.0,49819.932678456076,8468.768519372874,P50
47.0,2022-07-01,Cement,2023-02-01,7,282.49,118.4,288.59032668326665,4696.721199250476,0.0,34169.094679298774,13902.294749781411,P50
47.0,2022-07-01,Cement,2023-03-01,8,427.87,118.2,392.4574840895414,6809.827731020287,0.0,46388.4746193838,20123.040945164947,P50
47.0,2022-07-01,Cement,2023-04-01,9,315.7,118.0,262.1918726358863,9323.694589473362,0.0,30938.640971034583,27504.89903894642,P50
47.0,2022-07-01,Cement,2023-05-01,10,398.82,117.2,22.09367936071169,12146.89893201598,0.0,2589.37922107541,35590.41387080682,P50
47.0,2022-07-01,Cement,2023-06-01,11,335.0,116.7,0.0,15296.115147194485,0.0,0.0,44626.415941939915,P50
47.0,2022-07-01,Cement,2023-07-01,12,425.98,115.2,0.0,18376.445041733703,0.0,0.0,52924.16172019307,P50
47.0,2022-07-01,Granite,2022-08-01,1,1491.5,20.5,1859.7143063502954,0.0,1491.5,38124.14328018106,0.0,P50
47.0,2022-07-01,Granite,2022-09-01,2,1550.1,20.8,1707.2549326108751,0.0,1550.1,35510.9025983062,0.0,P50
47.0,2022-07-01,Granite,2022-10-01,3,1554.5,20.4,1765.3608711141392,305.2143063502954,0.0,36013.361770728436,155.65929623865065,P50
47.0,2022-07-01,Granite,2022-11-01,4,1531.9,20.5,1696.5037439666648,2340.283545311466,0.0,34778.32675131663,1199.3953169721265,P50
47.0,2022-07-01,Granite,2022-12-01,5,1692.1,19.3,1797.0569149378796,5980.513655386776,0.0,34683.19845830108,2885.59783872412,P50
47.0,2022-07-01,Granite,2023-01-01,6,1309.6,19.0,1767.9300868700723,11699.74750942875,0.0,33590.671650531374,5557.380066978656,P50
47.0,2022-07-01,Granite,2023-02-01,7,1455.1,18.5,1773.7714894008184,19070.538278408603,0.0,32814.77255391514,8820.12395376398,P50
47.0,2022-07-01,Granite,2023-03-01,8,1561.4,18.3,1925.596493563129,28102.959134258526,0.0,35238.41583220526,12857.103803923277,P50
47.0,2022-07-01,Granite,2023-04-01,9,1395.2,18.6,469.9240609002002,39075.35147950928,0.0,8740.587532743724,18170.038437971816,P50
47.0,2022-07-01,Granite,2023-05-01,10,1844.9,18.3,34.284073976064974,51523.64031832315,0.0,627.3985537619891,23572.065445632845,P50
47.0,2022-07-01,Granite,2023-06-01,11,1659.3,18.5,0.0,64627.45321803722,0.0,0.0,29890.197113342216,P50
47.0,2022-07-01,Granite,2023-07-01,12,1674.3,18.5,0.0,77750.55019172735,0.0,0.0,35959.629463673904,P50
47.0,2022-07-01,Ready Mixed Concrete,2022-08-01,1,982.6,118.3,1102.6068161515782,0.0,982.6,130438.3863507317,0.0,P50
47.0,2022-07-01,Ready Mixed Concrete,2022-09-01,2,993.4,118.6,1083.2480519180183,0.0,993.4,128473.21895747696,0.0,P50
47.0,2022-07-01,Ready Mixed Concrete,2022-10-01,3,930.7,118.5,1085.678727617856,171.90681615157814,0.0,128652.92922271595,509.2739428490503,P50
47.0,2022-07-01,Ready Mixed Concrete,2022-11-01,4,959.9,118.2,1058.8990005563137,1397.8616842211745,0.0,125161.86186575628,4130.681276873571,P50
47.0,2022-07-01,Ready Mixed Concrete,2022-12-01,5,992.6,118.0,1112.8558431934991,3676.7952799086274,0.0,131316.9894968329,10846.546075730452,P50
47.0,2022-07-01,Ready Mixed Concrete,2023-01-01,6,808.1,117.6,1094.9850912127322,7199.127876152394,0.0,128770.2467266173,21165.435955888035,P50
47.0,2022-07-01,Ready Mixed Concrete,2023-02-01,7,897.3,118.1,1029.135975479786,11745.116315589661,0.0,121540.95870416274,34677.45592177848,P50
47.0,2022-07-01,Ready Mixed Concrete,2023-03-01,8,1070.7,116.8,1042.0544326174586,17212.68984623966,0.0,121711.95772971916,50261.054351019804,P50
47.0,2022-07-01,Ready Mixed Concrete,2023-04-01,9,918.4,117.2,328.8065195287809,23861.699352369444,0.0,38536.12408877312,69914.77910244248,P50
47.0,2022-07-01,Ready Mixed Concrete,2023-05-01,10,1041.6,117.6,27.68739806106987,31429.563291116687,0.0,3256.0380119818165,92402.91607588305,P50
47.0,2022-07-01,Ready Mixed Concrete,2023-06-01,11,1020.3,117.3,0.0,39347.53374939271,0.0,0.0,115386.64272009413,P50
47.0,2022-07-01,Ready Mixed Concrete,2023-07-01,12,1046.0,116.3,0.0,47267.491605729796,0.0,0.0,137430.2318436594,P50
47.0,2022-07-01,Steel Reinforcement Bars,2022-08-01,1,102.45,1106.3,134.15781121815422,0.0,102.45,148418.786550644,0.0,P50
47.0,2022-07-01,Steel Reinforcement Bars,2022-09-01,2,174.43,1072.6,119.09297675465174,0.0,174.43,127739.12686703945,0.0,P50
47.0,2022-07-01,Steel Reinforcement Bars,2022-10-01,3,108.27,1040.5,81.92883790154316,25.887811218154226,0.0,85246.95583655566,673.4066893122368,P50
47.0,2022-07-01,Steel Reinforcement Bars,2022-11-01,4,51.21,1004.5,116.61474902022265,227.92859919096017,0.0,117139.51539081364,5723.856947182988,P50
47.0,2022-07-01,Steel Reinforcement Bars,2022-12-01,5,70.5,952.3,89.2427010991531,492.6082250653093,0.0,84985.82425672348,11727.770318242352,P50
47.0,2022-07-01,Steel Reinforcement Bars,2023-01-01,6,79.16,922.6,127.30903187560672,865.2425999598811,0.0,117455.31280843477,19956.820568074658,P50
47.0,2022-07-01,Steel Reinforcement Bars,2023-02-01,7,100.49,942.1,110.21030810634012,1305.7896759536059,0.0,103829.13126698304,30754.611342897304,P50
47.0,2022-07-01,Steel Reinforcement Bars,2023-03-01,8,57.1,946.6,108.0434476362467,1917.0357838229374,0.0,102273.92753247112,45366.65182416982,P50
47.0,2022-07-01,Steel Reinforcement Bars,2023-04-01,9,67.2,940.1,32.443766221136656,2628.3921997986095,0.0,30500.384624490573,61773.78767576682,P50
47.0,2022-07-01,Steel Reinforcement Bars,2023-05-01,10,152.2,922.8,0.0,3362.792063410528,0.0,0.0,77579.61290288088,P50
47.0,2022-07-01,Steel Reinforcement Bars,2023-06-01,11,135.08,885.5,20.79433599829764,4146.755693243584,0.0,18413.384526492562,91798.80415917984,P50
47.0,2022-07-01,Steel Reinforcement Bars,2023-07-01,12,141.5,859.2,0.0,4924.299323076639,0.0,0.0,105773.94945968622,P50
47.0,2022-08-01,Cement,2022-09-01,1,346.61,118.6,396.7376583342018,0.0,346.61,47053.086278436334,0.0,P50
47.0,2022-08-01,Cement,2022-10-01,2,368.78,118.6,364.1840633552292,0.0,368.78,43192.22991393018,0.0,P50
47.0,2022-08-01,Cement,2022-11-01,3,296.3,118.4,359.39795258277314,100.43765833420179,0.0,42552.71758580034,297.2954686692373,P50
47.0,2022-08-01,Cement,2022-12-01,4,375.31,118.3,382.50591183516343,486.04938002363286,0.0,45250.449370099836,1437.4910414198941,P50
47.0,2022-08-01,Cement,2023-01-01,5,440.73,118.5,336.7200186988141,1165.639054295837,0.0,39901.32221580947,3453.2056983514176,P50
47.0,2022-08-01,Cement,2023-02-01,6,282.49,118.4,341.52690985465307,2385.974640403205,0.0,40436.786126790925,7062.4849355934875,P50
47.0,2022-08-01,Cement,2023-03-01,7,427.87,118.2,396.0238880770861,3797.6502452093864,0.0,46810.02357071158,11222.056474593737,P50
47.0,2022-08-01,Cement,2023-04-01,8,315.7,118.0,422.9519576500773,5663.022759870221,0.0,49908.33100270912,16705.917141617152,P50
47.0,2022-08-01,Cement,2023-05-01,9,398.82,117.2,57.190067477775926,7841.299162608142,0.0,6702.675908395338,22975.00654644186,P50
47.0,2022-08-01,Cement,2023-06-01,10,335.0,116.7,33.413594938031395,10506.34752299614,0.0,3899.366529268264,30652.268898341244,P50
47.0,2022-08-01,Cement,2023-07-01,11,425.98,115.2,0.0,13137.605950861915,0.0,0.0,37836.30513848232,P50
47.0,2022-08-01,Cement,2023-08-01,12,378.3,114.4,0.0,15849.957973665722,0.0,0.0,45330.879804683966,P50
47.0,2022-08-01,Granite,2022-09-01,1,1550.1,20.8,1789.3088327898733,0.0,1550.1,37217.62372202937,0.0,P50
47.0,2022-08-01,Granite,2022-10-01,2,1554.5,20.4,1783.0915336614883,0.0,1554.5,36375.06728669436,0.0,P50
47.0,2022-08-01,Granite,2022-11-01,3,1531.9,20.5,1600.3166193391653,257.40883278987326,0.0,32806.490696452885,131.92202680481006,P50
47.0,2022-08-01,Granite,2022-12-01,4,1692.1,19.3,1704.3039758450752,2137.7091992412347,0.0,32893.06673380995,1031.4446886338958,P50
47.0,2022-08-01,Granite,2023-01-01,5,1309.6,19.0,1713.7027575804493,6000.826185031761,0.0,32560.352394028538,2850.392437890087,P50
47.0,2022-08-01,Granite,2023-02-01,6,1455.1,18.5,1768.5352447054188,11422.747146667361,0.0,32717.902027050248,5283.020555333655,P50
47.0,2022-08-01,Granite,2023-03-01,7,1561.4,18.3,1729.8078747069692,18452.070865883412,0.0,31655.484107137538,8441.822421141662,P50
47.0,2022-08-01,Granite,2023-04-01,8,1395.2,18.6,1641.4464351340378,27416.129829804882,0.0,30530.903693493106,12748.500370859272,P50
47.0,2022-08-01,Granite,2023-05-01,9,1844.9,18.3,132.3426102894548,37660.296668433315,0.0,2421.869768297023,17229.585725808243,P50
47.0,2022-08-01,Granite,2023-06-01,10,1659.3,18.5,176.6252012249986,49731.509942195786,0.0,3267.566222662474,23000.823348265552,P50
47.0,2022-08-01,Granite,2023-07-01,11,1674.3,18.5,78.99207023240297,61920.065826247715,0.0,1461.3532992994549,28638.03044463957,P50
47.0,2022-08-01,Granite,2023-08-01,12,1755.2,18.5,0.0,74204.34691152464,0.0,0.0,34319.51044658015,P50
47.0,2022-08-01,Ready Mixed Concrete,2022-09-01,1,993.4,118.6,1050.7546203461195,0.0,993.4,124619.49797304977,0.0,P50
47.0,2022-08-01,Ready Mixed Concrete,2022-10-01,2,930.7,118.5,1058.8237815699629,0.0,930.7,125470.6181160406,0.0,P50
47.0,2022-08-01,Ready Mixed Concrete,2022-11-01,3,959.9,118.2,1058.358492881044,90.85462034611953,0.0,125097.9738585394,268.47540312278323,P50
47.0,2022-08-01,Ready Mixed Concrete,2022-12-01,4,992.6,118.0,951.4835622045462,1207.8330222622021,0.0,112275.06034013645,3563.1074156734967,P50
47.0,2022-08-01,Ready Mixed Concrete,2023-01-01,5,808.1,117.6,1067.742667501696,3567.669917059328,0.0,125566.53769819943,10488.949556154424,P50
47.0,2022-08-01,Ready Mixed Concrete,2023-02-01,6,897.3,118.1,1019.2510969299939,6789.790374060999,0.0,120373.55454743227,20046.8560794151,P50
47.0,2022-08-01,Ready Mixed Concrete,2023-03-01,7,1070.7,116.8,1148.6115997327079,10906.253498564365,0.0,134157.83484878027,31846.260215807946,P50
47.0,2022-08-01,Ready Mixed Concrete,2023-04-01,8,918.4,117.2,1139.3286749786462,16194.267719997728,0.0,133529.32070749733,47449.20441959335,P50
47.0,2022-08-01,Ready Mixed Concrete,2023-05-01,9,1041.6,117.6,0.0,22507.693541163797,0.0,0.0,66172.61901102157,P50
47.0,2022-08-01,Ready Mixed Concrete,2023-06-01,10,1020.3,117.3,124.38926351808664,29981.748037308513,0.0,14590.860610671562,87921.47611940722,P50
47.0,2022-08-01,Ready Mixed Concrete,2023-07-01,11,1046.0,116.3,141.23275221994413,37430.10253345323,0.0,16425.369083179503,108828.02311601528,P50
47.0,2022-08-01,Ready Mixed Concrete,2023-08-01,12,1113.5,116.4,0.0,44935.34629311603,0.0,0.0,130761.85771296766,P50
47.0,2022-08-01,Steel Reinforcement Bars,2022-09-01,1,174.43,1072.6,126.02535359576191,0.0,174.43,135174.79426681422,0.0,P50
47.0,2022-08-01,Steel Reinforcement Bars,2022-10-01,2,108.27,1040.5,112.58116276890176,0.0,108.27,117140.69986104229,0.0,P50
47.0,2022-08-01,Steel Reinforcement Bars,2022-11-01,3,51.21,1004.5,77.49497549993076,74.8153535957619,0.0,77843.70288968045,1878.800567173571,P50
47.0,2022-08-01,Steel Reinforcement Bars,2022-12-01,4,70.5,952.3,86.0422497201214,242.92186996042557,0.0,81938.0344084716,5783.362419082832,P50
47.0,2022-08-01,Steel Reinforcement Bars,2023-01-01,5,79.16,922.6,118.70399674725697,479.86336182502,0.0,109516.30739901928,11068.048440494087,P50
47.0,2022-08-01,Steel Reinforcement Bars,2023-02-01,6,100.49,942.1,77.81578242920325,781.5171034097358,0.0,73310.24862655239,18406.681578057804,P50
47.0,2022-08-01,Steel Reinforcement Bars,2023-03-01,7,57.1,946.6,97.1940320950478,1245.2648417417086,0.0,92003.87078117226,29469.192479817535,P50
47.0,2022-08-01,Steel Reinforcement Bars,2023-04-01,8,67.2,940.1,98.03000829081684,1776.7283625028847,0.0,92158.01079419692,41757.55833972405,P50
47.0,2022-08-01,Steel Reinforcement Bars,2023-05-01,9,152.2,922.8,100.45291771965985,2320.385915359109,0.0,92697.95247170211,53531.303067334644,P50
47.0,2022-08-01,Steel Reinforcement Bars,2023-06-01,10,135.08,885.5,0.0,2979.1934765061496,0.0,0.0,65951.89558615489,P50
47.0,2022-08-01,Steel Reinforcement Bars,2023-07-01,11,141.5,859.2,0.0,3732.03395537285,0.0,0.0,80164.08936140883,P50
47.0,2022-08-01,Steel Reinforcement Bars,2023-08-01,12,173.95,832.6,0.0,4452.4244342395505,0.0,0.0,92677.21459869624,P50
47.0,2022-09-01,Cement,2022-10-01,1,368.78,118.6,418.83056676950457,0.0,368.78,49673.30521886324,0.0,P50
47.0,2022-09-01,Cement,2022-11-01,2,296.3,118.4,370.4927223049796,0.0,296.3,43866.33832090959,0.0,P50
47.0,2022-09-01,Cement,2022-12-01,3,375.31,118.3,381.6038748321843,43.52056676950457,0.0,45143.73839264741,128.71207622080976,P50
47.0,2022-09-01,Cement,2023-01-01,4,440.73,118.5,418.9863492235672,392.11385584398863,0.0,49649.88238299271,1161.6372979378164,P50
47.0,2022-09-01,Cement,2023-02-01,5,282.49,118.4,348.8388569857223,1280.5510197506571,0.0,41302.52066710952,3790.4310184619458,P50
47.0,2022-09-01,Cement,2023-03-01,6,427.87,118.2,398.6505985202399,2442.594532880893,0.0,47120.50074509236,7217.866844663039,P50
47.0,2022-09-01,Cement,2023-04-01,7,315.7,118.0,416.6148552678417,4065.646902996851,0.0,49160.55292160532,11993.658363840712,P50
47.0,2022-09-01,Cement,2023-05-01,8,398.82,117.2,419.13121827790746,6004.22987163305,0.0,49122.178782170755,17592.393523884835,P50
47.0,2022-09-01,Cement,2023-06-01,9,335.0,116.7,246.9013510640698,8423.24769553709,0.0,28813.387669176944,24574.825151729463,P50
47.0,2022-09-01,Cement,2023-07-01,10,425.98,115.2,0.0,11170.416737719037,0.0,0.0,32170.800204630832,P50
47.0,2022-09-01,Cement,2023-08-01,11,378.3,114.4,0.0,14212.167130965056,0.0,0.0,40646.79799456006,P50
47.0,2022-09-01,Cement,2023-09-01,12,446.33,113.5,0.0,17185.88752421107,0.0,0.0,48764.955849948914,P50
47.0,2022-09-01,Granite,2022-10-01,1,1554.5,20.4,1875.238580493188,0.0,1554.5,38254.867042061036,0.0,P50
47.0,2022-09-01,Granite,2022-11-01,2,1531.9,20.5,1796.0776081391707,0.0,1531.9,36819.590966853,0.0,P50
47.0,2022-09-01,Granite,2022-12-01,3,1692.1,19.3,1785.1329214185553,183.1385804931881,0.0,34453.06538337812,88.36436508796326,P50
47.0,2022-09-01,Granite,2023-01-01,4,1309.6,19.0,1750.5857760260883,2544.8547691255467,0.0,33261.12974449568,1208.8060153346348,P50
47.0,2022-09-01,Granite,2023-02-01,5,1455.1,18.5,1667.3814795855958,6546.203879176461,0.0,30846.557372333522,3027.6192941191134,P50
47.0,2022-09-01,Granite,2023-03-01,6,1561.4,18.3,1583.2141298011993,12191.838765253464,0.0,28972.818575361947,5577.76623510346,P50
47.0,2022-09-01,Granite,2023-04-01,7,1395.2,18.6,1704.740189624981,19671.055130916062,0.0,31708.16752702465,9147.04063587597,P50
47.0,2022-09-01,Granite,2023-05-01,8,1844.9,18.3,1674.8117294438507,28283.78562637986,0.0,30649.054648822468,12939.831924068787,P50
47.0,2022-09-01,Granite,2023-06-01,9,1659.3,18.5,592.0464057007991,38786.85631146864,0.0,10952.858505464785,17938.92104405425,P50
47.0,2022-09-01,Granite,2023-07-01,10,1674.3,18.5,40.84937472738761,50949.73872600127,0.0,755.7134324566708,23564.25416077559,P50
47.0,2022-09-01,Granite,2023-08-01,11,1755.2,18.5,145.85496464107064,63623.7675462347,0.0,2698.3168458598066,29425.99249013355,P50
47.0,2022-09-01,Granite,2023-09-01,12,1729.4,18.6,0.0,76364.44574119552,0.0,0.0,35509.46726965592,P50
47.0,2022-09-01,Ready Mixed Concrete,2022-10-01,1,930.7,118.5,1191.1105155959683,0.0,930.7,141146.59609812225,0.0,P50
47.0,2022-09-01,Ready Mixed Concrete,2022-11-01,2,959.9,118.2,1170.8834860248273,0.0,959.9,138398.4280481346,0.0,P50
47.0,2022-09-01,Ready Mixed Concrete,2022-12-01,3,992.6,118.0,1148.7950314279244,198.5105155959683,0.0,135557.8137084951,585.6060210081065,P50
47.0,2022-09-01,Ready Mixed Concrete,2023-01-01,4,808.1,117.6,1071.9016375149145,1752.404517216764,0.0,126055.63257175393,5152.069280617286,P50
47.0,2022-09-01,Ready Mixed Concrete,2023-02-01,5,897.3,118.1,1027.0095969492902,4365.893550265483,0.0,121289.83339971116,12890.30070715884,P50
47.0,2022-09-01,Ready Mixed Concrete,2023-03-01,6,1070.7,116.8,1108.8063700579985,7877.884220829118,0.0,129508.58402277422,23003.421924821025,P50
47.0,2022-09-01,Ready Mixed Concrete,2023-04-01,7,918.4,117.2,1075.7716275853784,12569.184488342044,0.0,126080.43475300635,36827.71055084219,P50
47.0,2022-09-01,Ready Mixed Concrete,2023-05-01,8,1041.6,117.6,1044.343306429579,18246.091125912968,0.0,122814.77283611847,53643.507910184126,P50
47.0,2022-09-01,Ready Mixed Concrete,2023-06-01,9,1020.3,117.3,225.855233566837,25020.069391069268,0.0,26492.818897389978,73371.35348931063,P50
47.0,2022-09-01,Ready Mixed Concrete,2023-07-01,10,1046.0,116.3,86.92544611573521,32812.69096265515,0.0,10109.429383260005,95402.89897391986,P50
47.0,2022-09-01,Ready Mixed Concrete,2023-08-01,11,1113.5,116.4,0.0,40763.66776780787,0.0,0.0,118622.27320432091,P50
47.0,2022-09-01,Ready Mixed Concrete,2023-09-01,12,1081.8,116.6,0.0,48833.27001907632,0.0,0.0,142348.9821056075,P50
47.0,2022-09-01,Steel Reinforcement Bars,2022-10-01,1,108.27,1040.5,148.0485283664485,0.0,108.27,154044.49376528966,0.0,P50
47.0,2022-09-01,Steel Reinforcement Bars,2022-11-01,2,51.21,1004.5,125.08271631933435,0.0,51.21,125645.58854277135,0.0,P50
47.0,2022-09-01,Steel Reinforcement Bars,2022-12-01,3,70.5,952.3,107.55226726746237,77.5485283664485,0.0,102422.02411880442,1846.2365890842225,P50
47.0,2022-09-01,Steel Reinforcement Bars,2023-01-01,4,79.16,922.6,101.04335431796632,271.51977305223136,0.0,93222.59869375573,6262.603565449716,P50
47.0,2022-09-01,Steel Reinforcement Bars,2023-02-01,5,100.49,942.1,101.0833857958252,551.7132850054766,0.0,95230.65775824692,12994.227145091489,P50
47.0,2022-09-01,Steel Reinforcement Bars,2023-03-01,6,57.1,946.6,90.30987110678457,976.3401512766881,0.0,85487.32398968228,23105.089679962824,P50
47.0,2022-09-01,Steel Reinforcement Bars,2023-04-01,7,67.2,940.1,124.01026071338038,1491.9504033437247,0.0,116582.04609664889,35064.56435458589,P50
47.0,2022-09-01,Steel Reinforcement Bars,2023-05-01,8,152.2,922.8,117.8868471294848,2012.870526517546,0.0,108785.98253108858,46436.92304675979,P50
47.0,2022-09-01,Steel Reinforcement Bars,2023-06-01,9,135.08,885.5,78.91915048446171,2674.9209104047477,0.0,69882.90775399085,59216.06165408511,P50
47.0,2022-09-01,Steel Reinforcement Bars,2023-07-01,10,141.5,859.2,7.72024300719994,3448.438141421434,0.0,6633.2327917861885,74072.45127773241,P50
47.0,2022-09-01,Steel Reinforcement Bars,2023-08-01,11,173.95,832.6,0.0,4268.424522922583,0.0,0.0,88847.25644463356,P50
47.0,2022-09-01,Steel Reinforcement Bars,2023-09-01,12,140.71,830.1,0.0,5129.37114743093,0.0,0.0,106447.27473706039,P50
47.0,2022-10-01,Cement,2022-11-01,1,296.3,118.4,401.7126810636882,0.0,296.3,47562.781437940685,0.0,P50
47.0,2022-10-01,Cement,2022-12-01,2,375.31,118.3,376.1090314613388,0.0,375.31,44493.69842187638,0.0,P50
47.0,2022-10-01,Cement,2023-01-01,3,440.73,118.5,395.2676827566455,0.0,39.017318936311824,46839.22040666249,0.0,P50
47.0,2022-10-01,Cement,2023-02-01,4,282.49,118.4,363.68303121727087,495.331712525027,0.0,43060.070896124875,1466.1818690740802,P50
47.0,2022-10-01,Cement,2023-03-01,5,427.87,118.2,414.17793559309314,1240.5511078066997,0.0,48955.83198710361,3665.8285235687977,P50
47.0,2022-10-01,Cement,2023-04-01,6,315.7,118.0,331.7626291062995,2461.6235343056433,0.0,39147.990234543344,7261.789426201648,P50
47.0,2022-10-01,Cement,2023-05-01,7,398.82,117.2,417.2276854016772,4013.75389639768,0.0,48899.08472907657,11760.298916445203,P50
47.0,2022-10-01,Cement,2023-06-01,8,335.0,116.7,412.69086456610484,5961.466887596016,0.0,48161.02389486443,17392.579644561378,P50
47.0,2022-10-01,Cement,2023-07-01,9,425.98,115.2,96.72671683473646,8235.42756419603,0.0,11142.917779361642,23718.03138488457,P50
47.0,2022-10-01,Cement,2023-08-01,10,378.3,114.4,94.50483012024284,10969.759105362149,0.0,10811.352565755782,31373.51104133575,P50
47.0,2022-10-01,Cement,2023-09-01,11,446.33,113.5,0.0,13732.787363363002,0.0,0.0,38966.78414354252,P50
47.0,2022-10-01,Cement,2023-10-01,12,335.47,113.2,0.0,16701.1804514841,0.0,0.0,47264.3406777,P50
47.0,2022-10-01,Granite,2022-11-01,1,1531.9,20.5,1798.0858167818828,0.0,1531.9,36860.759244028595,0.0,P50
47.0,2022-10-01,Granite,2022-12-01,2,1692.1,19.3,1840.9047128899997,0.0,1692.1,35529.460958776996,0.0,P50
47.0,2022-10-01,Granite,2023-01-01,3,1309.6,19.0,1786.280789632075,488.48581678188293,0.0,33939.33500300943,232.0307629713944,P50
47.0,2022-10-01,Granite,2023-02-01,4,1455.1,18.5,1840.4685717633763,2672.3763464537656,0.0,34048.66857762246,1235.9740602348666,P50
47.0,2022-10-01,Granite,2023-03-01,5,1561.4,18.3,1667.497746319115,6536.2476657577245,0.0,30515.208757639808,2990.333307084159,P50
47.0,2022-10-01,Granite,2023-04-01,6,1395.2,18.6,1614.693520000979,12406.787556825058,0.0,30033.299472018214,5769.156213923653,P50
47.0,2022-10-01,Granite,2023-05-01,7,1844.9,18.3,1750.2995741105885,19495.125194211505,0.0,32030.482206223773,8919.019776351764,P50
47.0,2022-10-01,Granite,2023-06-01,8,1659.3,18.5,1750.506516545331,28383.756351598935,0.0,32384.370556088623,13127.487312614508,P50
47.0,2022-10-01,Granite,2023-07-01,9,1674.3,18.5,154.17579446365426,39007.68708309695,0.0,2852.2521975776035,18041.05527593234,P50
47.0,2022-10-01,Granite,2023-08-01,10,1755.2,18.5,248.51226152275103,51301.2243311403,0.0,4597.476838170895,23726.81625315239,P50
47.0,2022-10-01,Granite,2023-09-01,11,1729.4,18.6,0.0,63774.7373736473,0.0,0.0,29655.252878746,P50
47.0,2022-10-01,Granite,2023-10-01,12,1742.2,19.5,0.0,76483.96267767706,0.0,0.0,37285.93180536757,P50
47.0,2022-10-01,Ready Mixed Concrete,2022-11-01,1,959.9,118.2,1117.8545515049843,0.0,959.9,132130.40798788916,0.0,P50
47.0,2022-10-01,Ready Mixed Concrete,2022-12-01,2,992.6,118.0,1072.9650671565212,0.0,992.6,126609.8779244695,0.0,P50
47.0,2022-10-01,Ready Mixed Concrete,2023-01-01,3,808.1,117.6,1123.646526237222,309.7545515049843,0.0,132140.8314854973,910.6783814246538,P50
47.0,2022-10-01,Ready Mixed Concrete,2023-02-01,4,897.3,118.1,1054.3545460351465,1603.2741701664897,0.0,124519.2718867508,4733.666987416561,P50
47.0,2022-10-01,Ready Mixed Concrete,2023-03-01,5,1070.7,116.8,1023.1389660177263,3847.0403150652173,0.0,119502.63123087042,11233.357719990434,P50
47.0,2022-10-01,Ready Mixed Concrete,2023-04-01,6,918.4,117.2,1033.9049948262602,7297.46100599909,0.0,121173.6653936377,21381.560747577336,P50
47.0,2022-10-01,Ready Mixed Concrete,2023-05-01,7,1041.6,117.6,1102.7291740254211,11647.82066295069,0.0,129680.95086538952,34244.592749075025,P50
47.0,2022-10-01,Ready Mixed Concrete,2023-06-01,8,1020.3,117.3,1057.2609949331204,17053.38531472855,0.0,124016.71470565502,50009.05243544148,P50
47.0,2022-10-01,Ready Mixed Concrete,2023-07-01,9,1046.0,116.3,430.956018811642,23535.979140531832,0.0,50120.18498779397,68430.85935109631,P50
47.0,2022-10-01,Ready Mixed Concrete,2023-08-01,10,1113.5,116.4,19.07106189343449,31008.333961268232,0.0,2219.8716043957747,90234.25182729056,P50
47.0,2022-10-01,Ready Mixed Concrete,2023-09-01,11,1081.8,116.6,0.0,38943.344800816274,0.0,0.0,113519.85009437944,P50
47.0,2022-10-01,Ready Mixed Concrete,2023-10-01,12,1101.2,116.4,0.0,46878.02670225776,0.0,0.0,136415.05770357008,P50
47.0,2022-10-01,Steel Reinforcement Bars,2022-11-01,1,51.21,1004.5,154.04423033373527,0.0,51.21,154737.42937023708,0.0,P50
47.0,2022-10-01,Steel Reinforcement Bars,2022-12-01,2,70.5,952.3,150.3120775120128,0.0,70.5,143142.19141468976,0.0,P50
47.0,2022-10-01,Steel Reinforcement Bars,2023-01-01,3,79.16,922.6,106.51099036012448,74.88423033373527,0.0,98267.03970625084,1727.2047726476042,P50
47.0,2022-10-01,Steel Reinforcement Bars,2023-02-01,4,100.49,942.1,145.49623348200203,278.7505381794833,0.0,137072.00156339412,6565.272050472282,P50
47.0,2022-10-01,Steel Reinforcement Bars,2023-03-01,5,57.1,946.6,122.75158303016904,632.5178363853558,0.0,116196.64849635802,14968.534598059448,P50
47.0,2022-10-01,Steel Reinforcement Bars,2023-04-01,6,67.2,940.1,123.29909467634732,1121.6813680732305,0.0,115913.47890523412,26362.3163531411,P50
47.0,2022-10-01,Steel Reinforcement Bars,2023-05-01,7,152.2,922.8,81.66515698653201,1648.5964827912742,0.0,75360.60686717174,38033.1208579947,P50
47.0,2022-10-01,Steel Reinforcement Bars,2023-06-01,8,135.08,885.5,116.24509442623437,2315.930692185665,0.0,102935.03111443055,51268.91569826016,P50
47.0,2022-10-01,Steel Reinforcement Bars,2023-07-01,9,141.5,859.2,103.47697665175156,3058.5100585665878,0.0,88907.41833918494,65696.79605801032,P50
47.0,2022-10-01,Steel Reinforcement Bars,2023-08-01,10,173.95,832.6,50.87584108183256,3884.884519373745,0.0,42359.225284733795,80863.87127076452,P50
47.0,2022-10-01,Steel Reinforcement Bars,2023-09-01,11,140.71,830.1,0.0,4847.975956832654,0.0,0.0,100607.62104416967,P50
47.0,2022-10-01,Steel Reinforcement Bars,2023-10-01,12,162.59,827.4,0.0,5840.063235373395,0.0,0.0,120801.7080236987,P50
47.0,2022-11-01,Cement,2022-12-01,1,375.31,118.3,387.9763964708475,0.0,375.31,45897.60770250126,0.0,P50
47.0,2022-11-01,Cement,2023-01-01,2,440.73,118.5,363.52140663398103,0.0,440.73,43077.286686126754,0.0,P50
47.0,2022-11-01,Cement,2023-02-01,3,282.49,118.4,362.41972131967543,105.48639647084747,0.0,42910.49500424958,312.23973355370856,P50
47.0,2022-11-01,Cement,2023-03-01,4,427.87,118.2,366.30505717192074,429.114199575676,0.0,43297.25775772103,1268.0324597461226,P50
47.0,2022-11-01,Cement,2023-04-01,5,315.7,118.0,355.522772497313,1227.33172400018,0.0,41951.687154682935,3620.6285858005313,P50
47.0,2022-11-01,Cement,2023-05-01,6,398.82,117.2,401.8598976272394,2308.7343055966044,0.0,47097.98000191246,6764.591515398051,P50
47.0,2022-11-01,Cement,2023-06-01,7,335.0,116.7,384.4224364292426,3809.4796596903416,0.0,44862.09833129262,11114.156907146573,P50
47.0,2022-11-01,Cement,2023-07-01,8,425.98,115.2,389.11086787193017,5621.104911411319,0.0,44825.571978846354,16188.782144864601,P50
47.0,2022-11-01,Cement,2023-08-01,9,378.3,114.4,152.7856918753577,7864.832599561539,0.0,17478.683150540925,22493.421234746,P50
47.0,2022-11-01,Cement,2023-09-01,10,446.33,113.5,43.277675408302116,10429.641155583688,0.0,4912.01615884229,29594.10677896872,P50
47.0,2022-11-01,Cement,2023-10-01,11,335.47,113.2,0.0,13258.095403481197,0.0,0.0,37520.40999185179,P50
47.0,2022-11-01,Cement,2023-11-01,12,381.97,112.0,0.0,16083.327326787008,0.0,0.0,45033.31651500363,P50
47.0,2022-11-01,Granite,2022-12-01,1,1692.1,19.3,1676.422098405731,0.0,1692.1,32354.94649923061,0.0,P50
47.0,2022-11-01,Granite,2023-01-01,2,1309.6,19.0,1637.6841806433163,0.0,1309.6,31115.99943222301,0.0,P50
47.0,2022-11-01,Granite,2023-02-01,3,1455.1,18.5,1629.2190498582008,221.32209840573114,0.0,30140.552422376717,102.36147051265065,P50
47.0,2022-11-01,Granite,2023-03-01,4,1561.4,18.3,1627.7909425565044,1974.0283774547784,0.0,29788.574248784033,903.1179826855612,P50
47.0,2022-11-01,Granite,2023-04-01,5,1395.2,18.6,1650.438923551106,5522.153706362026,0.0,30698.163978050572,2567.8014734583426,P50
47.0,2022-11-01,Granite,2023-05-01,6,1844.9,18.3,1688.624584081243,10248.369977825778,0.0,30901.82988868675,4688.6292648552935,P50
47.0,2022-11-01,Granite,2023-06-01,7,1659.3,18.5,1600.5021493610027,16810.62517284064,0.0,29609.28976317855,7774.914142438795,P50
47.0,2022-11-01,Granite,2023-07-01,8,1674.3,18.5,1656.294452646187,25046.504951936742,0.0,30641.44737395446,11584.008540270745,P50
47.0,2022-11-01,Granite,2023-08-01,9,1755.2,18.5,113.73107511486296,34801.986880393844,0.0,2104.024889624965,16095.918932182154,P50
47.0,2022-11-01,Granite,2023-09-01,10,1729.4,18.6,444.24447216908425,46239.56326149713,0.0,8262.947182344968,21501.39691659617,P50
47.0,2022-11-01,Granite,2023-10-01,11,1742.2,19.5,190.88213829684742,57778.07071771529,0.0,3722.2016967885247,28166.809474886206,P50
47.0,2022-11-01,Granite,2023-11-01,12,1621.1,20.3,0.0,69881.92264610252,0.0,0.0,35465.07574289704,P50
47.0,2022-11-01,Ready Mixed Concrete,2022-12-01,1,992.6,118.0,1055.2955334910632,0.0,992.6,124524.87295194546,0.0,P50
47.0,2022-11-01,Ready Mixed Concrete,2023-01-01,2,808.1,117.6,1038.47514600579,0.0,808.1,122124.6771702809,0.0,P50
47.0,2022-11-01,Ready Mixed Concrete,2023-02-01,3,897.3,118.1,1035.3244501636436,157.99553349106327,0.0,122271.81756432631,466.4818126323643,P50
47.0,2022-11-01,Ready Mixed Concrete,2023-03-01,4,1070.7,116.8,1047.6658738780052,1181.0662129879167,0.0,122367.374068951,3448.7133419247166,P50
47.0,2022-11-01,Ready Mixed Concrete,2023-04-01,5,918.4,117.2,1036.7978997065231,3391.7613426484136,0.0,121512.71384560452,9937.860733959853,P50
47.0,2022-11-01,Ready Mixed Concrete,2023-05-01,6,1041.6,117.6,1097.4477298417978,6526.922346186915,0.0,129059.85302939541,19189.15169778953,P50
47.0,2022-11-01,Ready Mixed Concrete,2023-06-01,7,1020.3,117.3,1161.148942399249,10720.181249431942,0.0,136202.7709434319,31436.93151395917,P50
47.0,2022-11-01,Ready Mixed Concrete,2023-07-01,8,1046.0,116.3,1067.3027049665022,15985.187882518767,0.0,124127.3045876042,46476.93376842332,P50
47.0,2022-11-01,Ready Mixed Concrete,2023-08-01,9,1113.5,116.4,179.4327173004334,22343.843458004838,0.0,20885.96829377045,65020.58446279408,P50
47.0,2022-11-01,Ready Mixed Concrete,2023-09-01,10,1081.8,116.6,25.553671966547313,29801.501738457413,0.0,2979.5581512994167,86871.37756760335,P50
47.0,2022-11-01,Ready Mixed Concrete,2023-10-01,11,1101.2,116.4,0.0,37419.192736210425,0.0,0.0,108889.85086237235,P50
47.0,2022-11-01,Ready Mixed Concrete,2023-11-01,12,1070.0,115.4,0.0,45093.63740592998,0.0,0.0,130095.14391610799,P50
47.0,2022-11-01,Steel Reinforcement Bars,2022-12-01,1,70.5,952.3,172.01139539262272,0.0,70.5,163806.4518323946,0.0,P50
47.0,2022-11-01,Steel Reinforcement Bars,2023-01-01,2,79.16,922.6,93.60452430005148,0.0,79.16,86359.5341192275,0.0,P50
47.0,2022-11-01,Steel Reinforcement Bars,2023-02-01,3,100.49,942.1,96.04263516397339,71.52139539262272,0.0,90481.76658797933,1684.5076649847467,P50
47.0,2022-11-01,Steel Reinforcement Bars,2023-03-01,4,57.1,946.6,122.14103959345066,280.0373150852969,0.0,115618.7080791604,6627.083061493551,P50
47.0,2022-11-01,Steel Reinforcement Bars,2023-04-01,5,67.2,940.1,108.39097529712555,574.4958699419444,0.0,101898.35587682773,13502.089183310549,P50
47.0,2022-11-01,Steel Reinforcement Bars,2023-05-01,6,152.2,922.8,118.28443004001076,906.0954643920427,0.0,109152.87204092192,20903.622363524424,P50
47.0,2022-11-01,Steel Reinforcement Bars,2023-06-01,7,135.08,885.5,82.29920986684178,1363.2060341392666,0.0,72875.95033708839,30177.97358075802,P50
47.0,2022-11-01,Steel Reinforcement Bars,2023-07-01,8,141.5,859.2,74.1157420433712,1932.1810339265012,0.0,63680.24556366454,41503.248608741254,P50
47.0,2022-11-01,Steel Reinforcement Bars,2023-08-01,9,173.95,832.6,117.6763736362866,2551.005243580578,0.0,97977.34868957223,53099.17414512973,P50
47.0,2022-11-01,Steel Reinforcement Bars,2023-09-01,10,140.71,830.1,81.25014744475524,3277.1851952780253,0.0,67445.74739389133,68009.78576500723,P50
47.0,2022-11-01,Steel Reinforcement Bars,2023-10-01,11,162.59,827.4,0.0,4099.161520611759,0.0,0.0,84791.15605385425,P50
47.0,2022-11-01,Steel Reinforcement Bars,2023-11-01,12,187.13,826.7,0.0,4977.847993390248,0.0,0.0,102879.67340339297,P50
47.0,2022-12-01,Cement,2023-01-01,1,440.73,118.5,377.15027576612,0.0,440.73,44692.30767828522,0.0,P50
47.0,2022-12-01,Cement,2023-02-01,2,282.49,118.4,351.86724483418664,0.0,282.49,41661.0817883677,0.0,P50
47.0,2022-12-01,Cement,2023-03-01,3,427.87,118.2,318.41495451072154,0.0,50.719724233880015,37636.647623167286,0.0,P50
47.0,2022-12-01,Cement,2023-04-01,4,315.7,118.0,345.6318511565435,413.31752060030664,0.0,40784.558436472136,1219.2866857709046,P50
47.0,2022-12-01,Cement,2023-05-01,5,398.82,117.2,373.04640499870993,1061.9299957113349,0.0,43721.038665848806,3111.4548874342113,P50
47.0,2022-12-01,Cement,2023-06-01,6,335.0,116.7,347.62944533963,2119.9943219789066,0.0,40568.35627113483,6185.0834343734605,P50
47.0,2022-12-01,Cement,2023-07-01,7,425.98,115.2,296.81833967079126,3460.125053245188,0.0,34193.472730075155,9965.160153346143,P50
47.0,2022-12-01,Cement,2023-08-01,8,378.3,114.4,340.5412663278924,5195.5652298510995,0.0,38957.92086791089,14859.316557374146,P50
47.0,2022-12-01,Cement,2023-09-01,9,446.33,113.5,205.32635171203174,7159.7937461278025,0.0,23304.5409193156,20315.91475463764,P50
47.0,2022-12-01,Cement,2023-10-01,10,335.47,113.2,0.0,9575.423528732399,0.0,0.0,27098.44858631269,P50
47.0,2022-12-01,Cement,2023-11-01,11,381.97,112.0,0.0,12149.879663049027,0.0,0.0,34019.663056537276,P50
47.0,2022-12-01,Cement,2023-12-01,12,467.38,111.7,0.0,14638.925797365655,0.0,0.0,40879.2002891436,P50
47.0,2022-12-01,Granite,2023-01-01,1,1309.6,19.0,1749.7269495514618,0.0,1309.6,33244.81204147777,0.0,P50
47.0,2022-12-01,Granite,2023-02-01,2,1455.1,18.5,1736.8997107139674,0.0,1455.1,32132.644648208396,0.0,P50
47.0,2022-12-01,Granite,2023-03-01,3,1561.4,18.3,1694.3644743055145,188.32694955146167,0.0,31006.869879790916,86.15957941979372,P50
47.0,2022-12-01,Granite,2023-04-01,4,1395.2,18.6,1635.9434787704515,2279.753609816891,0.0,30428.5487051304,1060.0854285648545,P50
47.0,2022-12-01,Granite,2023-05-01,5,1844.9,18.3,1472.8380714473012,5615.844744387834,0.0,26952.936707485613,2569.248970557434,P50
47.0,2022-12-01,Granite,2023-06-01,6,1659.3,18.5,1573.928426089227,10773.47935772923,0.0,29117.6758826507,4982.734202949769,P50
47.0,2022-12-01,Granite,2023-07-01,7,1674.3,18.5,1560.0741783377848,17388.952042517925,0.0,28861.37229924902,8042.390319664541,P50
47.0,2022-12-01,Granite,2023-08-01,8,1755.2,18.5,1535.617425799506,25497.453153395847,0.0,28408.922377290863,11792.57208344558,P50
47.0,2022-12-01,Granite,2023-09-01,9,1729.4,18.6,489.6086316606122,35191.82844261155,0.0,9106.720548887388,16364.200225814373,P50
47.0,2022-12-01,Granite,2023-10-01,10,1742.2,19.5,48.91843176588486,46409.02115762677,0.0,953.9094194347548,22624.39781434305,P50
47.0,2022-12-01,Granite,2023-11-01,11,1621.1,20.3,0.0,58236.922504302594,0.0,0.0,29555.23817093357,P50
47.0,2022-12-01,Granite,2023-12-01,12,1531.7,21.2,0.0,70203.1422827443,0.0,0.0,37207.66540985448,P50
47.0,2022-12-01,Ready Mixed Concrete,2023-01-01,1,808.1,117.6,1081.4874660403198,0.0,808.1,127182.9260063416,0.0,P50
47.0,2022-12-01,Ready Mixed Concrete,2023-02-01,2,897.3,118.1,1080.3442359034193,0.0,897.3,127588.65426019381,0.0,P50
47.0,2022-12-01,Ready Mixed Concrete,2023-03-01,3,1070.7,116.8,1094.1899892150282,10.787466040319714,0.0,127801.39074031528,31.499400837733564,P50
47.0,2022-12-01,Ready Mixed Concrete,2023-04-01,4,918.4,117.2,1028.872708539977,1254.2191679840585,0.0,120583.88144088532,3674.8621621932916,P50
47.0,2022-12-01,Ready Mixed Concrete,2023-05-01,5,1041.6,117.6,1030.5825591439184,3468.640859142826,0.0,121196.5089553248,10197.804125879908,P50
47.0,2022-12-01,Ready Mixed Concrete,2023-06-01,6,1020.3,117.3,1124.8593002165812,6733.23525884157,0.0,131945.995915405,19745.212396552903,P50
47.0,2022-12-01,Ready Mixed Concrete,2023-07-01,7,1046.0,116.3,1087.701433360915,11002.712217684231,0.0,126499.67669987441,31990.385772916903,P50
47.0,2022-12-01,Ready Mixed Concrete,2023-08-01,8,1113.5,116.4,1061.6371911423228,16329.548476743475,0.0,123574.56904896637,47518.986067323516,P50
47.0,2022-12-01,Ready Mixed Concrete,2023-09-01,9,1081.8,116.6,293.2871921823737,22775.786169163635,0.0,34197.28660846477,66391.416683112,P50
47.0,2022-12-01,Ready Mixed Concrete,2023-10-01,10,1101.2,116.4,0.0,30264.261052726117,0.0,0.0,88068.999663433,P50
47.0,2022-12-01,Ready Mixed Concrete,2023-11-01,11,1070.0,115.4,0.0,38077.22312847097,0.0,0.0,109852.78872563876,P50
47.0,2022-12-01,Ready Mixed Concrete,2023-12-01,12,1101.6,115.4,0.0,45858.58520421583,0.0,0.0,132302.01831416268,P50
47.0,2022-12-01,Steel Reinforcement Bars,2023-01-01,1,79.16,922.6,141.16023117038867,0.0,79.16,130234.42927780059,0.0,P50
47.0,2022-12-01,Steel Reinforcement Bars,2023-02-01,2,100.49,942.1,128.18227485506864,0.0,100.49,120760.52114096018,0.0,P50
47.0,2022-12-01,Steel Reinforcement Bars,2023-03-01,3,57.1,946.6,100.1096406092345,84.06023117038868,0.0,94763.78580070139,1989.2853706472483,P50
47.0,2022-12-01,Steel Reinforcement Bars,2023-04-01,4,67.2,940.1,117.95459215244014,286.20273719584594,0.0,110889.11208250897,6726.47983094537,P50
47.0,2022-12-01,Steel Reinforcement Bars,2023-05-01,5,152.2,922.8,111.91178523177182,503.45488383053777,0.0,103272.19541187903,11614.704169970506,P50
47.0,2022-12-01,Steel Reinforcement Bars,2023-06-01,6,135.08,885.5,107.93527871871788,855.7816226176695,0.0,95576.68930542469,18944.865670698662,P50
47.0,2022-12-01,Steel Reinforcement Bars,2023-07-01,7,141.5,859.2,111.7320075660585,1313.6001466365733,0.0,96000.14090075747,28216.1311497536,P50
47.0,2022-12-01,Steel Reinforcement Bars,2023-08-01,8,173.95,832.6,150.1754905722235,1846.9039493741948,0.0,125036.1134504333,38443.305706223866,P50
47.0,2022-12-01,Steel Reinforcement Bars,2023-09-01,9,140.71,830.1,97.29829281313094,2525.1797596778747,0.0,80767.31286418,52403.792962715095,P50
47.0,2022-12-01,Steel Reinforcement Bars,2023-10-01,10,162.59,827.4,25.76732793724699,3331.751060553778,0.0,21319.887135278157,68917.2706875549,P50
47.0,2022-12-01,Steel Reinforcement Bars,2023-11-01,11,187.13,826.7,0.0,4211.080654242813,0.0,0.0,87032.50942156334,P50
47.0,2022-12-01,Steel Reinforcement Bars,2023-12-01,12,122.5,819.7,0.0,5180.807575869094,0.0,0.0,106167.69924849742,P50
47.0,2023-01-01,Cement,2023-02-01,1,282.49,118.4,400.27994693211457,0.0,282.49,47393.14571676237,0.0,P50
47.0,2023-01-01,Cement,2023-03-01,2,427.87,118.2,384.8829386577617,0.0,427.87,45493.16334934744,0.0,P50
47.0,2023-01-01,Cement,2023-04-01,3,315.7,118.0,359.4783394729675,84.57994693211458,0.0,42418.444057810164,249.51084344973802,P50
47.0,2023-01-01,Cement,2023-05-01,4,398.82,117.2,350.58784950820547,470.92283252199087,0.0,41088.89596236168,1379.8038992894333,P50
47.0,2023-01-01,Cement,2023-06-01,5,335.0,116.7,410.77219005612505,1280.5640575848345,0.0,47937.114579549794,3736.045638003755,P50
47.0,2023-01-01,Cement,2023-07-01,6,425.98,115.2,382.4933687905392,2349.8131321558835,0.0,44063.23608467012,6767.461820608945,P50
47.0,2023-01-01,Cement,2023-08-01,7,378.3,114.4,412.51891680972943,3877.5143967830572,0.0,47192.16408303305,11089.691174799545,P50
47.0,2023-01-01,Cement,2023-09-01,8,446.33,113.5,319.96793801022085,5719.67903020077,0.0,36316.36096416006,16229.589248194688,P50
47.0,2023-01-01,Cement,2023-10-01,9,335.47,113.2,250.50819917691769,8085.2225804282125,0.0,28357.528146827084,22881.179902611842,P50
47.0,2023-01-01,Cement,2023-11-01,10,381.97,112.0,0.0,10724.234068665877,0.0,0.0,30027.85539226446,P50
47.0,2023-01-01,Cement,2023-12-01,11,467.38,111.7,0.0,13528.34375608046,0.0,0.0,37777.89993885469,P50
47.0,2023-01-01,Cement,2024-01-01,12,434.45,110.6,0.0,16365.38344349504,0.0,0.0,45250.28522126379,P50
47.0,2023-01-01,Granite,2023-02-01,1,1455.1,18.5,1822.8456199425227,0.0,1455.1,33722.64396893667,0.0,P50
47.0,2023-01-01,Granite,2023-03-01,2,1561.4,18.3,1834.2183771101425,0.0,1561.4,33566.19630111561,0.0,P50
47.0,2023-01-01,Granite,2023-04-01,3,1395.2,18.6,1712.9932456093707,427.64561994252267,0.0,31861.674368334297,198.85521327327308,P50
47.0,2023-01-01,Granite,2023-05-01,4,1844.9,18.3,1824.215295173721,2239.809616995188,0.0,33383.1399016791,1024.7128997752986,P50
47.0,2023-01-01,Granite,2023-06-01,5,1659.3,18.5,1646.8734872651262,5950.566859657224,0.0,30467.159514404833,2752.1371725914664,P50
47.0,2023-01-01,Granite,2023-07-01,6,1674.3,18.5,1548.3978505160676,11470.539397492983,0.0,28645.36023454725,5305.124471340505,P50
47.0,2023-01-01,Granite,2023-08-01,7,1755.2,18.5,1662.5747533920774,18556.485422593865,0.0,30757.63293775343,8582.374507949664,P50
47.0,2023-01-01,Granite,2023-09-01,8,1729.4,18.6,1685.925705880234,27216.629298210813,0.0,31358.218129372355,12655.732623668031,P50
47.0,2023-01-01,Granite,2023-10-01,9,1742.2,19.5,243.89859220610174,37526.54792721984,0.0,4756.022548018984,18294.192114519676,P50
47.0,2023-01-01,Granite,2023-11-01,10,1621.1,20.3,97.86455904297759,49643.4922621091,0.0,1986.6505485724451,25194.072323020373,P50
47.0,2023-01-01,Granite,2023-12-01,11,1531.7,21.2,0.0,62093.73518920447,0.0,0.0,32909.67965027837,P50
47.0,2023-01-01,Granite,2024-01-01,12,1664.5,22.3,0.0,74509.0426753428,0.0,0.0,41538.791291503614,P50
47.0,2023-01-01,Ready Mixed Concrete,2023-02-01,1,897.3,118.1,1077.4260048435838,0.0,897.3,127244.01117202724,0.0,P50
47.0,2023-01-01,Ready Mixed Concrete,2023-03-01,2,1070.7,116.8,1060.4649796793751,0.0,1070.7,123862.30962655101,0.0,P50
47.0,2023-01-01,Ready Mixed Concrete,2023-04-01,3,918.4,117.2,1089.0028427338418,159.0260048435838,0.0,127631.13316840626,465.94619419170056,P50
47.0,2023-01-01,Ready Mixed Concrete,2023-05-01,4,1041.6,117.6,1075.296126631965,1255.316989366543,0.0,126454.82449191909,3690.631948737637,P50
47.0,2023-01-01,Ready Mixed Concrete,2023-06-01,5,1020.3,117.3,1038.922116302622,3461.9108166233445,0.0,121865.56424229757,10152.053469747958,P50
47.0,2023-01-01,Ready Mixed Concrete,2023-07-01,6,1046.0,116.3,1040.783822949197,6718.100770512111,0.0,121043.15860899161,19532.877990263965,P50
47.0,2023-01-01,Ready Mixed Concrete,2023-08-01,7,1113.5,116.4,1004.4301159786033,10945.7128407035,0.0,116915.66549990943,31852.024366447185,P50
47.0,2023-01-01,Ready Mixed Concrete,2023-09-01,8,1081.8,116.6,985.6573767972161,16245.808733844086,0.0,114927.6501345554,47356.53245915551,P50
47.0,2023-01-01,Ready Mixed Concrete,2023-10-01,9,1101.2,116.4,327.2227416879821,22530.934742963273,0.0,38088.727132481115,65565.02010202313,P50
47.0,2023-01-01,Ready Mixed Concrete,2023-11-01,10,1070.0,115.4,96.35907813068661,29832.91812887968,0.0,11119.837616281236,86067.96880181789,P50
47.0,2023-01-01,Ready Mixed Concrete,2023-12-01,11,1101.6,115.4,0.0,37430.52425648407,0.0,0.0,107987.06247995654,P50
47.0,2023-01-01,Ready Mixed Concrete,2024-01-01,12,1071.7,118.1,0.0,45154.389462219144,0.0,0.0,133318.334887202,P50
47.0,2023-01-01,Steel Reinforcement Bars,2023-02-01,1,100.49,942.1,143.19315125822467,0.0,100.49,134902.26780037346,0.0,P50
47.0,2023-01-01,Steel Reinforcement Bars,2023-03-01,2,57.1,946.6,126.67529991564902,0.0,57.1,119910.83890015337,0.0,P50
47.0,2023-01-01,Steel Reinforcement Bars,2023-04-01,3,67.2,940.1,94.39055959770677,75.99315125822467,0.0,88736.56507780413,1786.0290374464255,P50
47.0,2023-01-01,Steel Reinforcement Bars,2023-05-01,4,152.2,922.8,113.1121349568242,193.6616024320984,0.0,104379.87813815738,4467.77316810851,P50
47.0,2023-01-01,Steel Reinforcement Bars,2023-06-01,5,135.08,885.5,92.90971631788435,422.8406132036788,0.0,82271.55379948659,9360.63407479644,P50
47.0,2023-01-01,Steel Reinforcement Bars,2023-07-01,6,141.5,859.2,127.7422188689771,758.7117589320835,0.0,109756.11445222513,16297.128581861158,P50
47.0,2023-01-01,Steel Reinforcement Bars,2023-08-01,7,173.95,832.6,138.68850152013562,1155.0426209783725,0.0,115472.04636566492,24042.212155664824,P50
47.0,2023-01-01,Steel Reinforcement Bars,2023-09-01,8,140.71,830.1,84.52666187549525,1712.3557018936385,0.0,70165.58202284861,35535.66170354774,P50
47.0,2023-01-01,Steel Reinforcement Bars,2023-10-01,9,162.59,827.4,77.53752677498855,2386.4772843290402,0.0,64154.54965362552,49364.282626346205,P50
47.0,2023-01-01,Steel Reinforcement Bars,2023-11-01,10,187.13,826.7,81.32205803972634,3120.5855286399374,0.0,67228.94538144176,64494.701413165916,P50
47.0,2023-01-01,Steel Reinforcement Bars,2023-12-01,11,122.5,819.7,0.0,3996.8612997258233,0.0,0.0,81905.68018463145,P50
47.0,2023-01-01,Steel Reinforcement Bars,2024-01-01,12,179.85,833.7,0.0,4897.109128851434,0.0,0.0,102067.99701808603,P50
47.0,2023-02-01,Cement,2023-03-01,1,427.87,118.2,442.8035756765871,0.0,427.87,52339.3826449726,0.0,P50
47.0,2023-02-01,Cement,2023-04-01,2,315.7,118.0,447.4545484863132,0.0,315.7,52799.63672138495,0.0,P50
47.0,2023-02-01,Cement,2023-05-01,3,398.82,117.2,406.0426043652846,43.98357567658712,0.0,47588.19323161136,128.87187673240027,P50
47.0,2023-02-01,Cement,2023-06-01,4,335.0,116.7,410.12716971515323,599.2416998394874,0.0,47861.84070575838,1748.2876592817047,P50
47.0,2023-02-01,Cement,2023-07-01,5,425.98,115.2,459.4144802199537,1469.5624283676723,0.0,52924.54812133867,4232.339793698897,P50
47.0,2023-02-01,Cement,2023-08-01,6,378.3,114.4,415.4261357126742,2797.6903266110103,0.0,47524.749925529926,8001.39433410749,P50
47.0,2023-02-01,Cement,2023-09-01,7,446.33,113.5,333.08475839594723,4517.202705074302,0.0,37805.12007794001,12817.562675648333,P50
47.0,2023-02-01,Cement,2023-10-01,8,335.47,113.2,475.1097693352392,6763.001219250268,0.0,53782.42588874908,19139.29345047826,P50
47.0,2023-02-01,Cement,2023-11-01,9,381.97,112.0,187.5602171652866,9295.384491822182,0.0,21006.7443225121,26027.07657710211,P50
47.0,2023-02-01,Cement,2023-12-01,10,467.38,111.7,0.0,12217.467533729336,0.0,0.0,34117.27808793917,P50
47.0,2023-02-01,Cement,2024-01-01,11,434.45,110.6,0.0,15360.040792801774,0.0,0.0,42470.51279209691,P50
47.0,2023-02-01,Cement,2024-02-01,12,367.77,110.6,0.0,18569.294051874214,0.0,0.0,51344.09805343221,P50
47.0,2023-02-01,Granite,2023-03-01,1,1561.4,18.3,1681.6310511457505,0.0,1561.4,30773.848235967234,0.0,P50
47.0,2023-02-01,Granite,2023-04-01,2,1395.2,18.6,1688.6859099285027,0.0,1395.2,31409.557924670153,0.0,P50
47.0,2023-02-01,Granite,2023-05-01,3,1844.9,18.3,1627.5632248386423,0.0,163.26894885424963,29784.407014547156,0.0,P50
47.0,2023-02-01,Granite,2023-06-01,4,1659.3,18.5,1600.0772463484027,1711.0169610742535,0.0,29601.42905744545,791.3453444968422,P50
47.0,2023-02-01,Granite,2023-07-01,5,1674.3,18.5,1540.7557748220659,5034.597146987149,0.0,28503.981834208218,2328.5011804815567,P50
47.0,2023-02-01,Granite,2023-08-01,6,1755.2,18.5,1650.3089870021006,9877.354579248447,0.0,30530.71625953886,4568.276492902407,P50
47.0,2023-02-01,Granite,2023-09-01,7,1729.4,18.6,1599.9948278700826,16286.667786331813,0.0,29759.90379838354,7573.300520644294,P50
47.0,2023-02-01,Granite,2023-10-01,8,1742.2,19.5,1640.4038734531257,24333.48998041728,0.0,31987.87553233595,11862.576365453424,P50
47.0,2023-02-01,Granite,2023-11-01,9,1621.1,20.3,152.94714995748473,34101.40700237283,0.0,3104.82714413694,17306.46405370421,P50
47.0,2023-02-01,Granite,2023-12-01,10,1531.7,21.2,0.0,45599.12789778151,0.0,0.0,24167.537785824203,P50
47.0,2023-02-01,Granite,2024-01-01,11,1664.5,22.3,0.0,57116.99594314767,0.0,0.0,31842.725238304825,P50
47.0,2023-02-01,Granite,2024-02-01,12,1201.2,22.2,0.0,69098.16398851383,0.0,0.0,38349.481013625176,P50
47.0,2023-02-01,Ready Mixed Concrete,2023-03-01,1,1070.7,116.8,1012.0865224126744,0.0,1070.7,118211.70581780036,0.0,P50
47.0,2023-02-01,Ready Mixed Concrete,2023-04-01,2,918.4,117.2,1001.6271433576363,0.0,918.4,117390.70120151498,0.0,P50
47.0,2023-02-01,Ready Mixed Concrete,2023-05-01,3,1041.6,117.6,1014.6130126792128,0.0,29.513477587325497,119318.49029107542,0.0,P50
47.0,2023-02-01,Ready Mixed Concrete,2023-06-01,4,1020.3,117.3,1053.571502458056,993.4136657703109,0.0,123583.93723832998,2913.185574871437,P50
47.0,2023-02-01,Ready Mixed Concrete,2023-07-01,5,1046.0,116.3,950.0942235286283,2975.7403442198347,0.0,110495.95819637946,8651.96505081917,P50
47.0,2023-02-01,Ready Mixed Concrete,2023-08-01,6,1113.5,116.4,1071.9556997599157,5944.138525127414,0.0,124775.6434520542,17297.443108120777,P50
47.0,2023-02-01,Ready Mixed Concrete,2023-09-01,7,1081.8,116.6,1056.9581175965943,9894.330929563623,0.0,123241.3165117629,28841.974659677962,P50
47.0,2023-02-01,Ready Mixed Concrete,2023-10-01,8,1101.2,116.4,899.1097815271335,14897.079033759746,0.0,104656.37856975834,43350.49998824087,P50
47.0,2023-02-01,Ready Mixed Concrete,2023-11-01,9,1070.0,115.4,25.772947800650172,20987.985255552463,0.0,2974.19817619503,60550.337462268864,P50
47.0,2023-02-01,Ready Mixed Concrete,2023-12-01,10,1101.6,115.4,167.5321863971178,27946.401258872316,0.0,19333.214310227395,80625.36763184665,P50
47.0,2023-02-01,Ready Mixed Concrete,2024-01-01,11,1071.7,118.1,17.9103712322368,34960.49020999282,0.0,2115.2148425271657,103220.84734500381,P50
47.0,2023-02-01,Ready Mixed Concrete,2024-02-01,12,874.95,118.0,0.0,42338.86134751044,0.0,0.0,124899.64097515581,P50
47.0,2023-02-01,Steel Reinforcement Bars,2023-03-01,1,57.1,946.6,127.33355169119262,0.0,57.1,120533.94003088294,0.0,P50
47.0,2023-02-01,Steel Reinforcement Bars,2023-04-01,2,67.2,940.1,118.13762288521502,0.0,67.2,111061.17927439064,0.0,P50
47.0,2023-02-01,Steel Reinforcement Bars,2023-05-01,3,152.2,922.8,122.63590890108657,0.0,24.866448308807364,113168.41673392268,0.0,P50
47.0,2023-02-01,Steel Reinforcement Bars,2023-06-01,4,135.08,885.5,93.74883409295533,110.39117457640762,0.0,83014.59258931194,2443.784627185224,P50
47.0,2023-02-01,Steel Reinforcement Bars,2023-07-01,5,141.5,859.2,107.08208837960794,336.99825805390185,0.0,92004.93033575914,7238.722582997813,P50
47.0,2023-02-01,Steel Reinforcement Bars,2023-08-01,6,173.95,832.6,103.03302535316146,624.9041756243514,0.0,85785.29690904224,13007.380415620875,P50
47.0,2023-02-01,Steel Reinforcement Bars,2023-09-01,7,140.71,830.1,63.49665456005164,1053.1321815744088,0.0,52708.57295029887,21855.125598122922,P50
47.0,2023-02-01,Steel Reinforcement Bars,2023-10-01,8,162.59,827.4,101.5550272684633,1562.513212877628,0.0,84026.62956192654,32320.585808373737,P50
47.0,2023-02-01,Steel Reinforcement Bars,2023-11-01,9,187.13,826.7,118.74555899623395,2110.8508987408986,0.0,98166.95362218661,43626.01094972753,P50
47.0,2023-02-01,Steel Reinforcement Bars,2023-12-01,10,122.5,819.7,0.0,2825.3736118726324,0.0,0.0,57898.96874129993,P50
47.0,2023-02-01,Steel Reinforcement Bars,2024-01-01,11,179.85,833.7,0.0,3601.2918840006005,0.0,0.0,75059.92609228252,P50
47.0,2023-02-01,Steel Reinforcement Bars,2024-02-01,12,60.8,829.6,0.0,4496.260156128568,0.0,0.0,93252.43563810652,P50
47.0,2023-03-01,Cement,2023-04-01,1,315.7,118.0,445.8880248446675,0.0,315.7,52614.786931670766,0.0,P50
47.0,2023-03-01,Cement,2023-05-01,2,398.82,117.2,419.6171346993985,0.0,398.82,49179.12818676951,0.0,P50
47.0,2023-03-01,Cement,2023-06-01,3,335.0,116.7,406.1521731907409,110.88802484466748,0.0,47397.95861135946,323.51581248431745,P50
47.0,2023-03-01,Cement,2023-07-01,4,425.98,115.2,402.5667613064795,550.4131843887334,0.0,46375.690902506445,1585.1899710395523,P50
47.0,2023-03-01,Cement,2023-08-01,5,378.3,114.4,354.6259073475232,1443.7705171235405,0.0,40569.20380055666,4129.183678973326,P50
47.0,2023-03-01,Cement,2023-09-01,6,446.33,113.5,369.2786005284834,2671.664611164827,0.0,41913.12115998287,7580.8483341801975,P50
47.0,2023-03-01,Cement,2023-10-01,7,335.47,113.2,352.2344835113045,4365.044612553636,0.0,39872.94353347967,12353.076253526791,P50
47.0,2023-03-01,Cement,2023-11-01,8,381.97,112.0,334.3485013458089,6381.203214470929,0.0,37447.0321507306,17867.369000518604,P50
47.0,2023-03-01,Cement,2023-12-01,9,467.38,111.7,108.87913594378506,8664.186299899528,0.0,12161.799484920792,24194.740242469434,P50
47.0,2023-03-01,Cement,2024-01-01,10,434.45,110.6,47.72319901773977,11314.447886673934,0.0,5278.185811362018,31284.448406653428,P50
47.0,2023-03-01,Cement,2024-02-01,11,367.77,110.6,0.0,14140.268609392126,0.0,0.0,39097.84270496923,P50
47.0,2023-03-01,Cement,2024-03-01,12,318.63,110.8,0.0,17062.952531128056,0.0,0.0,47264.37851122471,P50
47.0,2023-03-01,Granite,2023-04-01,1,1395.2,18.6,1511.7663256798962,0.0,1395.2,28118.853657646072,0.0,P50
47.0,2023-03-01,Granite,2023-05-01,2,1844.9,18.3,1532.6598970366276,0.0,1844.9,28047.676115770286,0.0,P50
47.0,2023-03-01,Granite,2023-06-01,3,1659.3,18.5,1537.5495762267715,0.0,147.53367432010373,28444.667160195273,0.0,P50
47.0,2023-03-01,Granite,2023-07-01,4,1674.3,18.5,1510.7527144817818,1370.1262227165237,0.0,27948.925217912965,633.6833780063922,P50
47.0,2023-03-01,Granite,2023-08-01,5,1755.2,18.5,1496.3602030848654,4196.902021659818,0.0,27682.663757070008,1941.0671850176661,P50
47.0,2023-03-01,Granite,2023-09-01,6,1729.4,18.6,1502.3292729400357,8560.230535084895,0.0,27943.324476684666,3980.507198814477,P50
47.0,2023-03-01,Granite,2023-10-01,7,1742.2,19.5,1460.2350645839435,14407.119251594835,0.0,28474.5837593869,7023.470635152483,P50
47.0,2023-03-01,Granite,2023-11-01,8,1621.1,20.3,666.1908491425852,21877.437241044812,0.0,13523.67423759448,11102.799399830243,P50
47.0,2023-03-01,Granite,2023-12-01,9,1531.7,21.2,0.0,30897.390295078734,0.0,0.0,16375.61685639173,P50
47.0,2023-03-01,Granite,2024-01-01,10,1664.5,22.3,0.0,40450.73419825524,0.0,0.0,22551.284315527297,P50
47.0,2023-03-01,Granite,2024-02-01,11,1201.2,22.2,0.0,50467.37810143175,0.0,0.0,28009.394846294625,P50
47.0,2023-03-01,Granite,2024-03-01,12,1688.6,22.4,0.0,59996.62200460826,0.0,0.0,33598.10832258062,P50
47.0,2023-03-01,Ready Mixed Concrete,2023-04-01,1,918.4,117.2,511.13268119944365,0.0,918.4,59904.7502365748,0.0,P50
47.0,2023-03-01,Ready Mixed Concrete,2023-05-01,2,1041.6,117.6,928.9188497854692,0.0,1041.6,109240.85673477118,0.0,P50
47.0,2023-03-01,Ready Mixed Concrete,2023-06-01,3,1020.3,117.3,941.1190895701003,0.0,509.1673188005563,110393.26920657276,0.0,P50
47.0,2023-03-01,Ready Mixed Concrete,2023-07-01,4,1046.0,116.3,938.3805412449796,394.0515309849129,0.0,109133.65694679112,1145.7048263386343,P50
47.0,2023-03-01,Ready Mixed Concrete,2023-08-01,5,1113.5,116.4,940.4040259078704,1661.722151539926,0.0,109463.02861567611,4835.611460981185,P50
47.0,2023-03-01,Ready Mixed Concrete,2023-09-01,6,1081.8,116.6,957.4433801982726,3899.4733133399186,0.0,111637.89813111858,11366.964708385864,P50
47.0,2023-03-01,Ready Mixed Concrete,2023-10-01,7,1101.2,116.4,960.4854758427355,7058.228501047782,0.0,111800.50938809442,20539.444938049044,P50
47.0,2023-03-01,Ready Mixed Concrete,2023-11-01,8,1070.0,115.4,967.0093826681812,11205.627068953916,0.0,111592.88275990811,32328.23409393205,P50
47.0,2023-03-01,Ready Mixed Concrete,2023-12-01,9,1101.6,115.4,0.0,16281.911112702785,0.0,0.0,46973.31356014754,P50
47.0,2023-03-01,Ready Mixed Concrete,2024-01-01,10,1071.7,118.1,0.0,22355.104539119835,0.0,0.0,66003.44615175131,P50
47.0,2023-03-01,Ready Mixed Concrete,2024-02-01,11,874.95,118.0,0.0,28625.047965536887,0.0,0.0,84443.89149833382,P50
47.0,2023-03-01,Ready Mixed Concrete,2024-03-01,12,1112.0,118.0,0.0,34657.94139195394,0.0,0.0,102240.92710626412,P50
47.0,2023-03-01,Steel Reinforcement Bars,2023-04-01,1,67.2,940.1,45.08361354963952,0.0,67.2,42383.105098016116,0.0,P50
47.0,2023-03-01,Steel Reinforcement Bars,2023-05-01,2,152.2,922.8,72.3166249403517,0.0,152.2,66733.78149495655,0.0,P50
47.0,2023-03-01,Steel Reinforcement Bars,2023-06-01,3,135.08,885.5,74.27940494347276,0.0,89.99638645036049,65774.41307744512,0.0,P50
47.0,2023-03-01,Steel Reinforcement Bars,2023-07-01,4,141.5,859.2,83.2444669454577,0.0,24.099761510008776,71523.64599953726,0.0,P50
47.0,2023-03-01,Steel Reinforcement Bars,2023-08-01,5,173.95,832.6,87.03291009201398,17.72964343346399,0.0,72463.60094261084,369.042528067553,P50
47.0,2023-03-01,Steel Reinforcement Bars,2023-09-01,6,140.71,830.1,92.20478251451242,151.94375381238567,0.0,76539.18996529675,3153.2127509915335,P50
47.0,2023-03-01,Steel Reinforcement Bars,2023-10-01,7,162.59,827.4,93.12713477291551,351.3107742833213,0.0,77053.39131111029,7266.863366050501,P50
47.0,2023-03-01,Steel Reinforcement Bars,2023-11-01,8,187.13,826.7,91.44625725048788,618.3425772687693,0.0,75598.62086897832,12779.595215702293,P50
47.0,2023-03-01,Steel Reinforcement Bars,2023-12-01,9,122.5,819.7,60.21026408563348,1043.131515027133,0.0,49354.35347099377,21376.372571693526,P50
47.0,2023-03-01,Steel Reinforcement Bars,2024-01-01,10,179.85,833.7,0.0,1502.0167100359845,0.0,0.0,31305.78327892501,P50
47.0,2023-03-01,Steel Reinforcement Bars,2024-02-01,11,60.8,829.6,0.0,2140.1621691304695,0.0,0.0,44386.96338776594,P50
47.0,2023-03-01,Steel Reinforcement Bars,2024-03-01,12,91.23,821.7,0.0,2747.8776282249546,0.0,0.0,56448.27617781114,P50
47.0,2023-04-01,Cement,2023-05-01,1,398.82,117.2,52.875318767430024,0.0,398.82,6196.987359542799,0.0,P50
47.0,2023-04-01,Cement,2023-06-01,2,335.0,116.7,320.6808139275163,0.0,335.0,37423.45098534115,0.0,P50
47.0,2023-04-01,Cement,2023-07-01,3,425.98,115.2,337.5380447462072,0.0,373.10468123257,38884.38275476307,0.0,P50
47.0,2023-04-01,Cement,2023-08-01,4,378.3,114.4,341.93425469494696,0.0,4.743867305053698,39117.27873710194,0.0,P50
47.0,2023-04-01,Cement,2023-09-01,5,446.33,113.5,347.8753634391409,264.76417744115355,0.0,39483.853750342496,751.2683534892733,P50
47.0,2023-04-01,Cement,2023-10-01,6,335.47,113.2,359.9377368825536,982.3226095772541,0.0,40744.95181510507,2779.972985103629,P50
47.0,2023-04-01,Cement,2023-11-01,7,381.97,112.0,367.5555747686416,2001.2564051524953,0.0,41166.224374087855,5603.517934426987,P50
47.0,2023-04-01,Cement,2023-12-01,8,467.38,111.7,386.30683985450486,3294.7179376102904,0.0,43150.47401174819,9200.499840776738,P50
47.0,2023-04-01,Cement,2024-01-01,9,434.45,110.6,209.4169301106126,4988.665044836727,0.0,23161.512470233753,13793.658848973551,P50
47.0,2023-04-01,Cement,2024-02-01,10,367.77,110.6,0.0,7135.598991917668,0.0,0.0,19729.931212652355,P50
47.0,2023-04-01,Cement,2024-03-01,11,318.63,110.8,0.0,9541.089869109222,0.0,0.0,26428.818937432545,P50
47.0,2023-04-01,Cement,2024-04-01,12,395.86,110.2,0.0,11869.350746300775,0.0,0.0,32700.06130605864,P50
47.0,2023-04-01,Granite,2023-05-01,1,1844.9,18.3,1481.9050577606804,0.0,1844.9,27118.862557020453,0.0,P50
47.0,2023-04-01,Granite,2023-06-01,2,1659.3,18.5,1510.6137273468885,0.0,1659.3,27946.35395591744,0.0,P50
47.0,2023-04-01,Granite,2023-07-01,3,1674.3,18.5,1523.5316146475693,0.0,192.39494223931956,28185.334870980034,0.0,P50
47.0,2023-04-01,Granite,2023-08-01,4,1755.2,18.5,1495.372034541669,1237.3187851075688,0.0,27664.382639020878,572.2599381122507,P50
47.0,2023-04-01,Granite,2023-09-01,5,1729.4,18.6,1484.1905288550706,4023.9691848627076,0.0,27605.943836704315,1871.1456709611593,P50
47.0,2023-04-01,Granite,2023-10-01,6,1742.2,19.5,1443.4197714358086,8293.191619159516,0.0,28146.685542998268,4042.9309143402643,P50
47.0,2023-04-01,Granite,2023-11-01,7,1621.1,20.3,1459.20100877627,14167.704582311393,0.0,29621.780478158285,7190.110075523033,P50
47.0,2023-04-01,Granite,2023-12-01,8,1531.7,21.2,833.5492746613854,21575.03731689908,0.0,17671.24462282137,11434.769777956513,P50
47.0,2023-04-01,Granite,2024-01-01,9,1664.5,22.3,0.0,30308.77106026304,0.0,0.0,16897.139866096644,P50
47.0,2023-04-01,Granite,2024-02-01,10,1201.2,22.2,0.0,40339.35407828839,0.0,0.0,22388.341513450057,P50
47.0,2023-04-01,Granite,2024-03-01,11,1688.6,22.4,0.0,49882.53709631373,0.0,0.0,27934.220773935685,P50
47.0,2023-04-01,Granite,2024-04-01,12,1470.5,22.3,0.0,59643.820114339076,0.0,0.0,33251.42971374404,P50
47.0,2023-04-01,Ready Mixed Concrete,2023-05-01,1,1041.6,117.6,483.12042960601934,0.0,1041.6,56814.96252166787,0.0,P50
47.0,2023-04-01,Ready Mixed Concrete,2023-06-01,2,1020.3,117.3,891.1070787812457,0.0,1020.3,104526.86034104013,0.0,P50
47.0,2023-04-01,Ready Mixed Concrete,2023-07-01,3,1046.0,116.3,905.358479576664,0.0,562.8795703939807,105293.19117476602,0.0,P50
47.0,2023-04-01,Ready Mixed Concrete,2023-08-01,4,1113.5,116.4,899.5089703728011,260.72750838726506,0.0,104702.84415139405,758.7170494069413,P50
47.0,2023-04-01,Ready Mixed Concrete,2023-09-01,5,1081.8,116.6,903.2693764149872,1458.5134963511944,0.0,105321.2092899875,4251.5668418637315,P50
47.0,2023-04-01,Ready Mixed Concrete,2023-10-01,6,1101.2,116.4,918.56030278976,3536.408454687925,0.0,106920.41924472808,10290.948603141862,P50
47.0,2023-04-01,Ready Mixed Concrete,2023-11-01,7,1070.0,115.4,911.9233794860696,6548.772789439642,0.0,105235.95799269243,18893.209497533368,P50
47.0,2023-04-01,Ready Mixed Concrete,2023-12-01,8,1101.6,115.4,909.5360667694162,10448.097426981118,0.0,104960.46210519063,30142.76107684053,P50
47.0,2023-04-01,Ready Mixed Concrete,2024-01-01,9,1071.7,118.1,0.0,15289.245444008662,0.0,0.0,45141.49717343558,P50
47.0,2023-04-01,Ready Mixed Concrete,2024-02-01,10,874.95,118.0,0.0,21236.679527805623,0.0,0.0,62648.20460702659,P50
47.0,2023-04-01,Ready Mixed Concrete,2024-03-01,11,1112.0,118.0,0.0,26947.063611602585,0.0,0.0,79493.83765422764,P50
47.0,2023-04-01,Ready Mixed Concrete,2024-04-01,12,1114.9,119.2,0.0,32654.547695399546,0.0,0.0,97310.55213229066,P50
47.0,2023-04-01,Steel Reinforcement Bars,2023-05-01,1,152.2,922.8,62.5624462097969,0.0,152.2,57732.62536240058,0.0,P50
47.0,2023-04-01,Steel Reinforcement Bars,2023-06-01,2,135.08,885.5,69.4621229710079,0.0,135.08,61508.70989082749,0.0,P50
47.0,2023-04-01,Steel Reinforcement Bars,2023-07-01,3,141.5,859.2,69.58339249768703,0.0,78.9375537902031,59786.0508340127,0.0,P50
47.0,2023-04-01,Steel Reinforcement Bars,2023-08-01,4,173.95,832.6,72.15225094997801,0.0,41.925430819195185,60073.96414095169,0.0,P50
47.0,2023-04-01,Steel Reinforcement Bars,2023-09-01,5,140.71,830.1,73.96690141935855,60.89796167849184,0.0,61399.924868209535,1263.784949732902,P50
47.0,2023-04-01,Steel Reinforcement Bars,2023-10-01,6,162.59,827.4,76.42107731756802,172.06817430696165,0.0,63230.799372555775,3559.230185539502,P50
47.0,2023-04-01,Steel Reinforcement Bars,2023-11-01,7,187.13,826.7,74.76215965046389,332.66528835479005,0.0,61805.877383038496,6875.359847072625,P50
47.0,2023-04-01,Steel Reinforcement Bars,2023-12-01,8,122.5,819.7,80.51455527347105,634.3134797201865,0.0,65997.78095766422,12998.668983165924,P50
47.0,2023-04-01,Steel Reinforcement Bars,2024-01-01,9,179.85,833.7,35.38329416465466,953.3738307360467,0.0,29499.05234507259,19870.694067116056,P50
47.0,2023-04-01,Steel Reinforcement Bars,2024-02-01,10,60.8,829.6,0.0,1471.9987370253782,0.0,0.0,30529.253805906348,P50
47.0,2023-04-01,Steel Reinforcement Bars,2024-03-01,11,91.23,821.7,0.0,1995.576937479364,0.0,0.0,40994.139238169846,P50
47.0,2023-04-01,Steel Reinforcement Bars,2024-04-01,12,111.96,819.4,0.0,2498.42513793335,0.0,0.0,51180.23895056467,P50
47.0,2023-05-01,Cement,2023-06-01,1,335.0,116.7,0.0,0.0,335.0,0.0,0.0,P50
47.0,2023-05-01,Cement,2023-07-01,2,425.98,115.2,329.54593304225375,0.0,425.98,37963.69148646764,0.0,P50
47.0,2023-05-01,Cement,2023-08-01,3,378.3,114.4,341.1468264621396,0.0,378.3,39027.19694726877,0.0,P50
47.0,2023-05-01,Cement,2023-09-01,4,446.33,113.5,339.66619840445003,0.0,116.78406695774623,38552.11351890508,0.0,P50
47.0,2023-05-01,Cement,2023-10-01,5,335.47,113.2,339.0765480038065,335.22275950439325,0.0,38383.4652340309,948.680409397433,P50
47.0,2023-05-01,Cement,2023-11-01,6,381.97,112.0,345.03062682610744,963.6117174132366,0.0,38643.43020452403,2698.112808757063,P50
47.0,2023-05-01,Cement,2023-12-01,7,467.38,111.7,335.23023216562126,1845.6672233258864,0.0,37445.21693289989,5154.025721137538,P50
47.0,2023-05-01,Cement,2024-01-01,8,434.45,110.6,338.34758462983825,3105.6833560646437,0.0,37421.242860060105,8587.21447951874,P50
47.0,2023-05-01,Cement,2024-02-01,9,367.77,110.6,229.81898527189773,4767.6097209690215,0.0,25417.97977107189,13182.440878479345,P50
47.0,2023-05-01,Cement,2024-03-01,10,318.63,110.8,0.0,6817.0236705032385,0.0,0.0,18883.155567293972,P50
47.0,2023-05-01,Cement,2024-04-01,11,395.86,110.2,0.0,9019.026605309353,0.0,0.0,24847.41829762727,P50
47.0,2023-05-01,Cement,2024-05-01,12,330.62,110.2,0.0,11286.269540115467,0.0,0.0,31093.672583018117,P50
47.0,2023-05-01,Granite,2023-06-01,1,1659.3,18.5,1523.1115584910335,0.0,1659.3,28177.56383208412,0.0,P50
47.0,2023-05-01,Granite,2023-07-01,2,1674.3,18.5,1475.2299105592656,0.0,1674.3,27291.753345346413,0.0,P50
47.0,2023-05-01,Granite,2023-08-01,3,1755.2,18.5,1483.7981604164934,0.0,232.08844150896653,27450.265967705127,0.0,P50
47.0,2023-05-01,Granite,2023-09-01,4,1729.4,18.6,1449.39651222523,1268.941469050299,0.0,26958.77512738928,590.0577831083891,P50
47.0,2023-05-01,Granite,2023-10-01,5,1742.2,19.5,1408.316153414011,4008.8810985170912,0.0,27462.164991573216,1954.329535527082,P50
47.0,2023-05-01,Granite,2023-11-01,6,1621.1,20.3,1216.7332977871606,8319.317240209113,0.0,24699.68594507936,4222.053499406125,P50
47.0,2023-05-01,Granite,2023-12-01,7,1531.7,21.2,662.5243720447656,14127.469535315146,0.0,14045.51668734903,7487.558853717028,P50
47.0,2023-05-01,Granite,2024-01-01,8,1664.5,22.3,1285.4751373639965,21019.55512820834,0.0,28666.095563217124,11718.40198397615,P50
47.0,2023-05-01,Granite,2024-02-01,9,1201.2,22.2,0.0,29037.4650931463,0.0,0.0,16115.793126696199,P50
47.0,2023-05-01,Granite,2024-03-01,10,1688.6,22.4,0.0,37853.45019544826,0.0,0.0,21197.932109451023,P50
47.0,2023-05-01,Granite,2024-04-01,11,1470.5,22.3,0.0,46887.53529775022,0.0,0.0,26139.800928495748,P50
47.0,2023-05-01,Granite,2024-05-01,12,1911.9,22.1,0.0,55480.220400052174,0.0,0.0,30652.821771028834,P50
47.0,2023-05-01,Ready Mixed Concrete,2023-06-01,1,1020.3,117.3,479.70913463888553,0.0,1020.3,56269.88149314127,0.0,P50
47.0,2023-05-01,Ready Mixed Concrete,2023-07-01,2,1046.0,116.3,903.682266181333,0.0,1046.0,105098.24755688902,0.0,P50
47.0,2023-05-01,Ready Mixed Concrete,2023-08-01,3,1113.5,116.4,941.8786364389264,0.0,633.7908653611145,109634.67328149104,0.0,P50
47.0,2023-05-01,Ready Mixed Concrete,2023-09-01,4,1081.8,116.6,935.9214111847508,301.5914008202187,0.0,109128.43654414194,879.1389333909376,P50
47.0,2023-05-01,Ready Mixed Concrete,2023-10-01,5,1101.2,116.4,930.1212082401404,1525.6614380793642,0.0,108266.10863915234,4439.67478481095,P50
47.0,2023-05-01,Ready Mixed Concrete,2023-11-01,6,1070.0,115.4,923.2242249666725,3716.85288652326,0.0,106540.07556115401,10723.120577619606,P50
47.0,2023-05-01,Ready Mixed Concrete,2023-12-01,7,1101.6,115.4,908.7885944091028,6806.565543207296,0.0,104874.20379481047,19636.941592153053,P50
47.0,2023-05-01,Ready Mixed Concrete,2024-01-01,8,1071.7,118.1,904.2848976062368,10849.402424858004,0.0,106796.04640729656,32032.86065939326,P50
47.0,2023-05-01,Ready Mixed Concrete,2024-02-01,9,874.95,118.0,0.0,15997.777900917816,0.0,0.0,47193.44480770756,P50
47.0,2023-05-01,Ready Mixed Concrete,2024-03-01,10,1112.0,118.0,0.0,21813.388274583864,0.0,0.0,64349.4954100224,P50
47.0,2023-05-01,Ready Mixed Concrete,2024-04-01,11,1114.9,119.2,0.0,27626.09864824991,0.0,0.0,82325.77397178474,P50
47.0,2023-05-01,Ready Mixed Concrete,2024-05-01,12,1151.8,120.4,0.0,33401.909021915955,0.0,0.0,100539.74615596703,P50
47.0,2023-05-01,Steel Reinforcement Bars,2023-06-01,1,135.08,885.5,59.80117884323143,0.0,135.08,52953.94386568143,0.0,P50
47.0,2023-05-01,Steel Reinforcement Bars,2023-07-01,2,141.5,859.2,67.73987531558394,0.0,141.5,58202.10087114973,0.0,P50
47.0,2023-05-01,Steel Reinforcement Bars,2023-08-01,3,173.95,832.6,74.14772548326144,0.0,114.14882115676855,61735.39623736348,0.0,P50
47.0,2023-05-01,Steel Reinforcement Bars,2023-09-01,4,140.71,830.1,77.26483858058145,0.0,13.168945841184637,64137.54250574067,0.0,P50
47.0,2023-05-01,Steel Reinforcement Bars,2023-10-01,5,162.59,827.4,71.43197395463001,39.098779642076806,0.0,59102.81525006087,808.7582568963588,P50
47.0,2023-05-01,Steel Reinforcement Bars,2023-11-01,6,187.13,826.7,87.4787255155733,130.9223978647351,0.0,72318.66238372446,2705.838657869413,P50
47.0,2023-05-01,Steel Reinforcement Bars,2023-12-01,7,122.5,819.7,76.91480863378817,358.8079900420234,0.0,63047.068637116165,7352.872735936166,P50
47.0,2023-05-01,Steel Reinforcement Bars,2024-01-01,8,179.85,833.7,79.51431889727834,616.8223077348849,0.0,66291.08766466095,12856.11894896434,P50
47.0,2023-05-01,Steel Reinforcement Bars,2024-02-01,9,60.8,829.6,0.0,1070.8014340615348,0.0,0.0,22208.421742436232,P50
47.0,2023-05-01,Steel Reinforcement Bars,2024-03-01,10,91.23,821.7,0.0,1573.8648792854628,0.0,0.0,32331.119282721625,P50
47.0,2023-05-01,Steel Reinforcement Bars,2024-04-01,11,111.96,819.4,0.0,2056.198324509391,0.0,0.0,42121.22267757488,P50
47.0,2023-05-01,Steel Reinforcement Bars,2024-05-01,12,160.55,812.5,0.0,2489.9417697333192,0.0,0.0,50576.94219770805,P50
70.0,2022-07-01,Cement,2022-08-01,1,402.46,119.0,446.7800845133719,0.0,402.46,53166.830057091254,0.0,P75
70.0,2022-07-01,Cement,2022-09-01,2,346.61,118.6,447.13959180765437,0.0,346.61,53030.75558838781,0.0,P75
70.0,2022-07-01,Cement,2022-10-01,3,368.78,118.6,382.4169640685048,0.0,368.78,45354.651938524665,0.0,P75
70.0,2022-07-01,Cement,2022-11-01,4,296.3,118.4,446.4029986811801,150.48008451337188,0.0,52854.11504385173,445.42105015958083,P75
70.0,2022-07-01,Cement,2022-12-01,5,375.31,118.3,397.8155198851235,669.0897608343982,0.0,47061.576002410104,1978.8329676677329,P75
70.0,2022-07-01,Cement,2023-01-01,6,440.73,118.5,420.4213728139753,1504.6964012239293,0.0,49819.932678456076,4457.663088625891,P75
70.0,2022-07-01,Cement,2023-02-01,7,282.49,118.4,288.59032668326665,2944.9460402946406,0.0,34169.094679298774,8717.040279272138,P75
70.0,2022-07-01,Cement,2023-03-01,8,427.87,118.2,392.4574840895414,4637.631199250475,0.0,46388.4746193838,13704.200193785155,P75
70.0,2022-07-01,Cement,2023-04-01,9,315.7,118.0,262.1918726358863,6862.907731020286,0.0,30938.640971034583,20245.577806509842,P75
70.0,2022-07-01,Cement,2023-05-01,10,398.82,117.2,22.09367936071169,9293.654589473363,0.0,2589.37922107541,27230.407947156953,P75
70.0,2022-07-01,Cement,2023-06-01,11,335.0,116.7,0.0,12180.67893201598,0.0,0.0,35537.13078415663,P75
70.0,2022-07-01,Cement,2023-07-01,12,425.98,115.2,0.0,15238.915147194486,0.0,0.0,43888.07562392012,P75
70.0,2022-07-01,Granite,2022-08-01,1,1491.5,20.5,1859.7143063502954,0.0,1491.5,38124.14328018106,0.0,P75
70.0,2022-07-01,Granite,2022-09-01,2,1550.1,20.8,1707.2549326108751,0.0,1550.1,35510.9025983062,0.0,P75
70.0,2022-07-01,Granite,2022-10-01,3,1554.5,20.4,1765.3608711141392,0.0,1554.5,36013.361770728436,0.0,P75
70.0,2022-07-01,Granite,2022-11-01,4,1531.9,20.5,1696.5037439666648,327.8143063502953,0.0,34778.32675131663,168.00483200452635,P75
70.0,2022-07-01,Granite,2022-12-01,5,1692.1,19.3,1797.0569149378796,2202.683545311466,0.0,34683.19845830108,1062.7948106127824,P75
70.0,2022-07-01,Granite,2023-01-01,6,1309.6,19.0,1767.9300868700723,6225.413655386776,0.0,33590.671650531374,2957.0714863087187,P75
70.0,2022-07-01,Granite,2023-02-01,7,1455.1,18.5,1773.7714894008184,11799.14750942875,0.0,32814.77255391514,5457.105723110797,P75
70.0,2022-07-01,Granite,2023-03-01,8,1561.4,18.3,1925.596493563129,19063.6382784086,0.0,35238.41583220526,8721.614512371936,P75
70.0,2022-07-01,Granite,2023-04-01,9,1395.2,18.6,469.9240609002002,28262.259134258526,0.0,8740.587532743724,13141.950497430216,P75
70.0,2022-07-01,Granite,2023-05-01,10,1844.9,18.3,34.284073976064974,38784.95147950927,0.0,627.3985537619891,17744.115301875492,P75
70.0,2022-07-01,Granite,2023-06-01,11,1659.3,18.5,0.0,51418.84031832314,0.0,0.0,23781.213647224453,P75
70.0,2022-07-01,Granite,2023-07-01,12,1674.3,18.5,0.0,64507.653218037216,0.0,0.0,29834.789613342215,P75
70.0,2022-07-01,Ready Mixed Concrete,2022-08-01,1,982.6,118.3,1102.6068161515782,0.0,982.6,130438.3863507317,0.0,P75
70.0,2022-07-01,Ready Mixed Concrete,2022-09-01,2,993.4,118.6,1083.2480519180183,0.0,993.4,128473.21895747696,0.0,P75
70.0,2022-07-01,Ready Mixed Concrete,2022-10-01,3,930.7,118.5,1085.678727617856,0.0,930.7,128652.92922271595,0.0,P75
70.0,2022-07-01,Ready Mixed Concrete,2022-11-01,4,959.9,118.2,1058.8990005563137,142.7068161515782,0.0,125161.86186575628,421.69864172791364,P75
70.0,2022-07-01,Ready Mixed Concrete,2022-12-01,5,992.6,118.0,1112.8558431934991,1335.961684221175,0.0,131316.9894968329,3941.086968452466,P75
70.0,2022-07-01,Ready Mixed Concrete,2023-01-01,6,808.1,117.6,1094.9850912127322,3799.395279908628,0.0,128770.2467266173,11170.222122931365,P75
70.0,2022-07-01,Ready Mixed Concrete,2023-02-01,7,897.3,118.1,1029.135975479786,7232.527876152394,0.0,121540.95870416274,21354.038554339946,P75
70.0,2022-07-01,Ready Mixed Concrete,2023-03-01,8,1070.7,116.8,1042.0544326174586,11605.11631558966,0.0,121711.95772971916,33886.93964152181,P75
70.0,2022-07-01,Ready Mixed Concrete,2023-04-01,9,918.4,117.2,328.8065195287809,17224.989846239656,0.0,38536.12408877312,50469.2202494822,P75
70.0,2022-07-01,Ready Mixed Concrete,2023-05-01,10,1041.6,117.6,27.68739806106987,23750.799352369442,0.0,3256.0380119818165,69827.35009596616,P75
70.0,2022-07-01,Ready Mixed Concrete,2023-06-01,11,1020.3,117.3,0.0,31339.963291116685,0.0,0.0,91904.44235119969,P75
70.0,2022-07-01,Ready Mixed Concrete,2023-07-01,12,1046.0,116.3,0.0,39232.233749392704,0.0,0.0,114067.71962635929,P75
70.0,2022-07-01,Steel Reinforcement Bars,2022-08-01,1,102.45,1106.3,134.15781121815422,0.0,102.45,148418.786550644,0.0,P75
70.0,2022-07-01,Steel Reinforcement Bars,2022-09-01,2,174.43,1072.6,119.09297675465174,0.0,174.43,127739.12686703945,0.0,P75
70.0,2022-07-01,Steel Reinforcement Bars,2022-10-01,3,108.27,1040.5,81.92883790154316,0.0,108.27,85246.95583655566,0.0,P75
70.0,2022-07-01,Steel Reinforcement Bars,2022-11-01,4,51.21,1004.5,116.61474902022265,82.94781121815421,0.0,117139.51539081364,2083.026909215898,P75
70.0,2022-07-01,Steel Reinforcement Bars,2022-12-01,5,70.5,952.3,89.2427010991531,265.6985991909602,0.0,84985.82425672348,6325.619400238785,P75
70.0,2022-07-01,Steel Reinforcement Bars,2023-01-01,6,79.16,922.6,127.30903187560672,521.7182250653094,0.0,117455.31280843477,12033.430861131363,P75
70.0,2022-07-01,Steel Reinforcement Bars,2023-02-01,7,100.49,942.1,110.21030810634012,873.0225999598812,0.0,103829.13126698304,20561.864785555103,P75
70.0,2022-07-01,Steel Reinforcement Bars,2023-03-01,8,57.1,946.6,108.0434476362467,1356.9596759536062,0.0,102273.92753247112,32112.450731442095,P75
70.0,2022-07-01,Steel Reinforcement Bars,2023-04-01,9,67.2,940.1,32.443766221136656,1958.1057838229378,0.0,30500.384624490573,46020.381184298596,P75
70.0,2022-07-01,Steel Reinforcement Bars,2023-05-01,10,152.2,922.8,0.0,2584.4621997986096,0.0,0.0,59623.54294935393,P75
70.0,2022-07-01,Steel Reinforcement Bars,2023-06-01,11,135.08,885.5,20.79433599829764,3335.982063410528,0.0,18413.384526492562,73850.30292875058,P75
70.0,2022-07-01,Steel Reinforcement Bars,2023-07-01,12,141.5,859.2,0.0,4113.525693243583,0.0,0.0,88358.53189087218,P75
70.0,2022-08-01,Cement,2022-09-01,1,346.61,118.6,396.7376583342018,0.0,346.61,47053.086278436334,0.0,P75
70.0,2022-08-01,Cement,2022-10-01,2,368.78,118.6,364.1840633552292,0.0,368.78,43192.22991393018,0.0,P75
70.0,2022-08-01,Cement,2022-11-01,3,296.3,118.4,359.39795258277314,0.0,296.3,42552.71758580034,0.0,P75
70.0,2022-08-01,Cement,2022-12-01,4,375.31,118.3,382.50591183516343,21.427658334201794,0.0,45250.449370099836,63.37229952340181,P75
70.0,2022-08-01,Cement,2023-01-01,5,440.73,118.5,336.7200186988141,341.61938002363286,0.0,39901.32221580947,1012.0474133200124,P75
70.0,2022-08-01,Cement,2023-02-01,6,282.49,118.4,341.52690985465307,1179.449054295837,0.0,40436.786126790925,3491.169200715678,P75
70.0,2022-08-01,Cement,2023-03-01,7,427.87,118.2,396.0238880770861,2254.4046404032047,0.0,46810.02357071158,6661.76571239147,P75
70.0,2022-08-01,Cement,2023-04-01,8,315.7,118.0,422.9519576500773,3778.250245209387,0.0,49908.33100270912,11145.838223367691,P75
70.0,2022-08-01,Cement,2023-05-01,9,398.82,117.2,57.190067477775926,5560.502759870222,0.0,6702.675908395338,16292.273086419751,P75
70.0,2022-08-01,Cement,2023-06-01,10,335.0,116.7,33.413594938031395,7802.599162608143,0.0,3899.366529268264,22764.08305690926,P75
70.0,2022-08-01,Cement,2023-07-01,11,425.98,115.2,0.0,10376.667522996142,0.0,0.0,29884.80246622889,P75
70.0,2022-08-01,Cement,2023-08-01,12,378.3,114.4,0.0,13055.605950861916,0.0,0.0,37339.03301946509,P75
70.0,2022-08-01,Granite,2022-09-01,1,1550.1,20.8,1789.3088327898733,0.0,1550.1,37217.62372202937,0.0,P75
70.0,2022-08-01,Granite,2022-10-01,2,1554.5,20.4,1783.0915336614883,0.0,1554.5,36375.06728669436,0.0,P75
70.0,2022-08-01,Granite,2022-11-01,3,1531.9,20.5,1600.3166193391653,0.0,1531.9,32806.490696452885,0.0,P75
70.0,2022-08-01,Granite,2022-12-01,4,1692.1,19.3,1704.3039758450752,97.20883278987344,0.0,32893.06673380995,46.90326182111394,P75
70.0,2022-08-01,Granite,2023-01-01,5,1309.6,19.0,1713.7027575804493,2360.009199241235,0.0,32560.352394028538,1121.0043696395867,P75
70.0,2022-08-01,Granite,2023-02-01,6,1455.1,18.5,1768.5352447054188,6077.6261850317605,0.0,32717.902027050248,2810.9021105771894,P75
70.0,2022-08-01,Granite,2023-03-01,7,1561.4,18.3,1729.8078747069692,11393.247146667361,0.0,31655.484107137538,5212.410569600318,P75
70.0,2022-08-01,Granite,2023-04-01,8,1395.2,18.6,1641.4464351340378,18588.770865883413,0.0,30530.903693493106,8643.778452635788,P75
70.0,2022-08-01,Granite,2023-05-01,9,1844.9,18.3,132.3426102894548,27103.12982980488,0.0,2421.869768297023,12399.681897135733,P75
70.0,2022-08-01,Granite,2023-06-01,10,1659.3,18.5,176.6252012249986,37532.89666843331,0.0,3267.566222662474,17358.96470915041,P75
70.0,2022-08-01,Granite,2023-07-01,11,1674.3,18.5,78.99207023240297,49589.109942195784,0.0,1461.3532992994549,22934.96334826555,P75
70.0,2022-08-01,Granite,2023-08-01,12,1755.2,18.5,0.0,61696.76582624772,0.0,0.0,28534.754194639572,P75
70.0,2022-08-01,Ready Mixed Concrete,2022-09-01,1,993.4,118.6,1050.7546203461195,0.0,993.4,124619.49797304977,0.0,P75
70.0,2022-08-01,Ready Mixed Concrete,2022-10-01,2,930.7,118.5,1058.8237815699629,0.0,930.7,125470.6181160406,0.0,P75
70.0,2022-08-01,Ready Mixed Concrete,2022-11-01,3,959.9,118.2,1058.358492881044,0.0,959.9,125097.9738585394,0.0,P75
70.0,2022-08-01,Ready Mixed Concrete,2022-12-01,4,992.6,118.0,951.4835622045462,58.154620346119486,0.0,112275.06034013645,171.5561300210525,P75
70.0,2022-08-01,Ready Mixed Concrete,2023-01-01,5,808.1,117.6,1067.742667501696,1359.6330222622018,0.0,125566.53769819943,3997.3210854508734,P75
70.0,2022-08-01,Ready Mixed Concrete,2023-02-01,6,897.3,118.1,1019.2510969299939,3630.269917059328,0.0,120373.55454743227,10718.371930117666,P75
70.0,2022-08-01,Ready Mixed Concrete,2023-03-01,7,1070.7,116.8,1148.6115997327079,6678.990374061,0.0,134157.83484878027,19502.65189225812,P75
70.0,2022-08-01,Ready Mixed Concrete,2023-04-01,8,918.4,117.2,1139.3286749786462,10947.753498564367,0.0,133529.32070749733,32076.917750793596,P75
70.0,2022-08-01,Ready Mixed Concrete,2023-05-01,9,1041.6,117.6,0.0,16112.567719997727,0.0,0.0,47370.949096793316,P75
70.0,2022-08-01,Ready Mixed Concrete,2023-06-01,10,1020.3,117.3,124.38926351808664,22447.2935411638,0.0,14590.860610671562,65826.68830946284,P75
70.0,2022-08-01,Ready Mixed Concrete,2023-07-01,11,1046.0,116.3,141.23275221994413,29895.648037308514,0.0,16425.369083179503,86921.5966684745,P75
70.0,2022-08-01,Ready Mixed Concrete,2023-08-01,12,1113.5,116.4,0.0,37276.502533453226,0.0,0.0,108474.6223723489,P75
70.0,2022-08-01,Steel Reinforcement Bars,2022-09-01,1,174.43,1072.6,126.02535359576191,0.0,174.43,135174.79426681422,0.0,P75
70.0,2022-08-01,Steel Reinforcement Bars,2022-10-01,2,108.27,1040.5,112.58116276890176,0.0,108.27,117140.69986104229,0.0,P75
70.0,2022-08-01,Steel Reinforcement Bars,2022-11-01,3,51.21,1004.5,77.49497549993076,0.0,51.21,77843.70288968045,0.0,P75
70.0,2022-08-01,Steel Reinforcement Bars,2022-12-01,4,70.5,952.3,86.0422497201214,55.52535359576191,0.0,81938.0344084716,1321.9198557311017,P75
70.0,2022-08-01,Steel Reinforcement Bars,2023-01-01,5,79.16,922.6,118.70399674725697,214.97186996042555,0.0,109516.30739901928,4958.326180637216,P75
70.0,2022-08-01,Steel Reinforcement Bars,2023-02-01,6,100.49,942.1,77.81578242920325,430.58336182502,0.0,73310.24862655239,10141.314629383785,P75
70.0,2022-08-01,Steel Reinforcement Bars,2023-03-01,7,57.1,946.6,97.1940320950478,775.6271034097358,0.0,92003.87078117226,18355.2154021914,P75
70.0,2022-08-01,Steel Reinforcement Bars,2023-04-01,8,67.2,940.1,98.03000829081684,1229.2748417417085,0.0,92158.01079419692,28891.031968034506,P75
70.0,2022-08-01,Steel Reinforcement Bars,2023-05-01,9,152.2,922.8,100.45291771965985,1675.7383625028845,0.0,92697.95247170211,38659.284022941545,P75
70.0,2022-08-01,Steel Reinforcement Bars,2023-06-01,10,135.08,885.5,0.0,2236.5159153591085,0.0,0.0,49510.87107626227,P75
70.0,2022-08-01,Steel Reinforcement Bars,2023-07-01,11,141.5,859.2,0.0,2888.903476506149,0.0,0.0,62053.646675352094,P75
70.0,2022-08-01,Steel Reinforcement Bars,2023-08-01,12,173.95,832.6,0.0,3609.2939553728497,0.0,0.0,75127.45368108587,P75
70.0,2022-09-01,Cement,2022-10-01,1,368.78,118.6,418.83056676950457,0.0,368.78,49673.30521886324,0.0,P75
70.0,2022-09-01,Cement,2022-11-01,2,296.3,118.4,370.4927223049796,0.0,296.3,43866.33832090959,0.0,P75
70.0,2022-09-01,Cement,2022-12-01,3,375.31,118.3,381.6038748321843,0.0,375.31,45143.73839264741,0.0,P75
70.0,2022-09-01,Cement,2023-01-01,4,440.73,118.5,418.9863492235672,0.0,21.899433230495447,49649.88238299271,0.0,P75
70.0,2022-09-01,Cement,2023-02-01,5,282.49,118.4,348.8388569857223,506.8332890744841,0.0,41302.52066710952,1500.2265356604732,P75
70.0,2022-09-01,Cement,2023-03-01,6,427.87,118.2,398.6505985202399,1249.8904529811525,0.0,47120.50074509236,3693.4262885593057,P75
70.0,2022-09-01,Cement,2023-04-01,7,315.7,118.0,416.6148552678417,2524.103966111388,0.0,49160.55292160532,7446.106700028596,P75
70.0,2022-09-01,Cement,2023-05-01,8,398.82,117.2,419.13121827790746,4064.036336227346,0.0,49122.178782170755,11907.626465146124,P75
70.0,2022-09-01,Cement,2023-06-01,9,335.0,116.7,246.9013510640698,6066.439304863544,0.0,28813.387669176944,17698.836671939393,P75
70.0,2022-09-01,Cement,2023-07-01,10,425.98,115.2,0.0,8394.477128767583,0.0,0.0,24176.09413085064,P75
70.0,2022-09-01,Cement,2023-08-01,11,378.3,114.4,0.0,11189.326170949531,0.0,0.0,32001.472848915662,P75
70.0,2022-09-01,Cement,2023-09-01,12,446.33,113.5,0.0,14163.046564195547,0.0,0.0,40187.64462590487,P75
70.0,2022-09-01,Granite,2022-10-01,1,1554.5,20.4,1875.238580493188,0.0,1554.5,38254.867042061036,0.0,P75
70.0,2022-09-01,Granite,2022-11-01,2,1531.9,20.5,1796.0776081391707,0.0,1531.9,36819.590966853,0.0,P75
70.0,2022-09-01,Granite,2022-12-01,3,1692.1,19.3,1785.1329214185553,0.0,1692.1,34453.06538337812,0.0,P75
70.0,2022-09-01,Granite,2023-01-01,4,1309.6,19.0,1750.5857760260883,565.6385804931881,0.0,33261.12974449568,268.6783257342644,P75
70.0,2022-09-01,Granite,2023-02-01,5,1455.1,18.5,1667.3814795855958,2781.8547691255467,0.0,30846.557372333522,1286.6078307205653,P75
70.0,2022-09-01,Granite,2023-03-01,6,1561.4,18.3,1583.2141298011993,6676.9038791764615,0.0,28972.818575361947,3054.683524723231,P75
70.0,2022-09-01,Granite,2023-04-01,7,1395.2,18.6,1704.740189624981,12488.738765253463,0.0,31708.16752702465,5807.263525842862,P75
70.0,2022-09-01,Granite,2023-05-01,8,1844.9,18.3,1674.8117294438507,19518.255130916063,0.0,30649.054648822468,8929.6017223941,P75
70.0,2022-09-01,Granite,2023-06-01,9,1659.3,18.5,592.0464057007991,28316.58562637986,0.0,10952.858505464785,13096.420852200687,P75
70.0,2022-09-01,Granite,2023-07-01,10,1674.3,18.5,40.84937472738761,38804.656311468636,0.0,755.7134324566708,17947.153544054247,P75
70.0,2022-09-01,Granite,2023-08-01,11,1755.2,18.5,145.85496464107064,50886.63872600127,0.0,2698.3168458598066,23535.07041077559,P75
70.0,2022-09-01,Granite,2023-09-01,12,1729.4,18.6,0.0,63586.4675462347,0.0,0.0,29567.70740899914,P75
70.0,2022-09-01,Ready Mixed Concrete,2022-10-01,1,930.7,118.5,1191.1105155959683,0.0,930.7,141146.59609812225,0.0,P75
70.0,2022-09-01,Ready Mixed Concrete,2022-11-01,2,959.9,118.2,1170.8834860248273,0.0,959.9,138398.4280481346,0.0,P75
70.0,2022-09-01,Ready Mixed Concrete,2022-12-01,3,992.6,118.0,1148.7950314279244,0.0,992.6,135557.8137084951,0.0,P75
70.0,2022-09-01,Ready Mixed Concrete,2023-01-01,4,808.1,117.6,1071.9016375149145,383.0105155959683,0.0,126055.63257175393,1126.0509158521468,P75
70.0,2022-09-01,Ready Mixed Concrete,2023-02-01,5,897.3,118.1,1027.0095969492902,1847.7045172167639,0.0,121289.83339971116,5455.347587082496,P75
70.0,2022-09-01,Ready Mixed Concrete,2023-03-01,6,1070.7,116.8,1108.8063700579985,4287.793550265484,0.0,129508.58402277422,12520.357166775211,P75
70.0,2022-09-01,Ready Mixed Concrete,2023-04-01,7,918.4,117.2,1075.7716275853784,7952.084220829118,0.0,126080.43475300635,23299.606767029316,P75
70.0,2022-09-01,Ready Mixed Concrete,2023-05-01,8,1041.6,117.6,1044.343306429579,12520.184488342042,0.0,122814.77283611847,36809.3423957256,P75
70.0,2022-09-01,Ready Mixed Concrete,2023-06-01,9,1020.3,117.3,225.855233566837,18218.391125912964,0.0,26492.818897389978,53425.43197673977,P75
70.0,2022-09-01,Ready Mixed Concrete,2023-07-01,10,1046.0,116.3,86.92544611573521,24966.669391069263,0.0,10109.429383260005,72590.59125453388,P75
70.0,2022-09-01,Ready Mixed Concrete,2023-08-01,11,1113.5,116.4,0.0,32691.79096265514,0.0,0.0,95133.11170132646,P75
70.0,2022-09-01,Ready Mixed Concrete,2023-09-01,12,1081.8,116.6,0.0,40674.46776780786,0.0,0.0,118566.07354315992,P75
70.0,2022-09-01,Steel Reinforcement Bars,2022-10-01,1,108.27,1040.5,148.0485283664485,0.0,108.27,154044.49376528966,0.0,P75
70.0,2022-09-01,Steel Reinforcement Bars,2022-11-01,2,51.21,1004.5,125.08271631933435,0.0,51.21,125645.58854277135,0.0,P75
70.0,2022-09-01,Steel Reinforcement Bars,2022-12-01,3,70.5,952.3,107.55226726746237,0.0,70.5,102422.02411880442,0.0,P75
70.0,2022-09-01,Steel Reinforcement Bars,2023-01-01,4,79.16,922.6,101.04335431796632,68.8885283664485,0.0,93222.59869375573,1588.9139067721346,P75
70.0,2022-09-01,Steel Reinforcement Bars,2023-02-01,5,100.49,942.1,101.0833857958252,241.52977305223135,0.0,95230.65775824692,5688.629979812679,P75
70.0,2022-09-01,Steel Reinforcement Bars,2023-03-01,6,57.1,946.6,90.30987110678457,565.1132850054765,0.0,85487.32398968228,13373.405889654603,P75
70.0,2022-09-01,Steel Reinforcement Bars,2023-04-01,7,67.2,940.1,124.01026071338038,979.6401512766881,0.0,116582.04609664889,23023.992655380363,P75
70.0,2022-09-01,Steel Reinforcement Bars,2023-05-01,8,152.2,922.8,117.8868471294848,1410.2504033437247,0.0,108785.98253108858,32534.47680513973,P75
70.0,2022-09-01,Steel Reinforcement Bars,2023-06-01,9,135.08,885.5,78.91915048446171,1948.290526517546,0.0,69882.90775399085,43130.28153078218,P75
70.0,2022-09-01,Steel Reinforcement Bars,2023-07-01,10,141.5,859.2,7.72024300719994,2603.9209104047477,0.0,6633.2327917861885,55932.22115549399,P75
70.0,2022-09-01,Steel Reinforcement Bars,2023-08-01,11,173.95,832.6,0.0,3344.988141421434,0.0,0.0,69625.92816368716,P75
70.0,2022-09-01,Steel Reinforcement Bars,2023-09-01,12,140.71,830.1,0.0,4198.214522922583,0.0,0.0,87123.4468869509,P75
70.0,2022-10-01,Cement,2022-11-01,1,296.3,118.4,401.7126810636882,0.0,296.3,47562.781437940685,0.0,P75
70.0,2022-10-01,Cement,2022-12-01,2,375.31,118.3,376.1090314613388,0.0,375.31,44493.69842187638,0.0,P75
70.0,2022-10-01,Cement,2023-01-01,3,440.73,118.5,395.2676827566455,0.0,440.73,46839.22040666249,0.0,P75
70.0,2022-10-01,Cement,2023-02-01,4,282.49,118.4,363.68303121727087,119.22268106368819,0.0,43060.070896124875,352.8991359485171,P75
70.0,2022-10-01,Cement,2023-03-01,5,427.87,118.2,414.17793559309314,469.17439358871513,0.0,48955.83198710361,1386.4103330546532,P75
70.0,2022-10-01,Cement,2023-04-01,6,315.7,118.0,331.7626291062995,1326.5637888703875,0.0,39147.990234543344,3913.3631771676432,P75
70.0,2022-10-01,Cement,2023-05-01,7,398.82,117.2,417.2276854016772,2464.5162153693304,0.0,48899.08472907657,7221.032511032138,P75
70.0,2022-10-01,Cement,2023-06-01,8,335.0,116.7,412.69086456610484,4080.466577461367,0.0,48161.02389486443,11904.761239743539,P75
70.0,2022-10-01,Cement,2023-07-01,9,425.98,115.2,96.72671683473646,5937.199568659702,0.0,11142.917779361642,17099.134757739943,P75
70.0,2022-10-01,Cement,2023-08-01,10,378.3,114.4,94.50483012024284,8258.840245259715,0.0,10811.352565755782,23620.283101442787,P75
70.0,2022-10-01,Cement,2023-09-01,11,446.33,113.5,0.0,10925.141786425833,0.0,0.0,31000.089818983306,P75
70.0,2022-10-01,Cement,2023-10-01,12,335.47,113.2,0.0,13799.030044426689,0.0,0.0,39051.25502572753,P75
70.0,2022-10-01,Granite,2022-11-01,1,1531.9,20.5,1798.0858167818828,0.0,1531.9,36860.759244028595,0.0,P75
70.0,2022-10-01,Granite,2022-12-01,2,1692.1,19.3,1840.9047128899997,0.0,1692.1,35529.460958776996,0.0,P75
70.0,2022-10-01,Granite,2023-01-01,3,1309.6,19.0,1786.280789632075,0.0,1309.6,33939.33500300943,0.0,P75
70.0,2022-10-01,Granite,2023-02-01,4,1455.1,18.5,1840.4685717633763,342.98581678188293,0.0,34048.66857762246,158.63094026162085,P75
70.0,2022-10-01,Granite,2023-03-01,5,1561.4,18.3,1667.497746319115,2420.5763464537654,0.0,30515.208757639808,1107.4136785025978,P75
70.0,2022-10-01,Granite,2023-04-01,6,1395.2,18.6,1614.693520000979,6450.647665757723,0.0,30033.299472018214,2999.5511645773418,P75
70.0,2022-10-01,Granite,2023-05-01,7,1844.9,18.3,1750.2995741105885,11871.487556825059,0.0,32030.482206223773,5431.205557247465,P75
70.0,2022-10-01,Granite,2023-06-01,8,1659.3,18.5,1750.506516545331,19145.42519421151,0.0,32384.370556088623,8854.759152322824,P75
70.0,2022-10-01,Granite,2023-07-01,9,1674.3,18.5,154.17579446365426,28019.05635159894,0.0,2852.2521975776035,12958.81356261451,P75
70.0,2022-10-01,Granite,2023-08-01,10,1755.2,18.5,248.51226152275103,38562.087083096965,0.0,4597.476838170895,17834.965275932347,P75
70.0,2022-10-01,Granite,2023-09-01,11,1729.4,18.6,0.0,50881.42433114031,0.0,0.0,23659.862313980248,P75
70.0,2022-10-01,Granite,2023-10-01,12,1742.2,19.5,0.0,63342.13737364732,0.0,0.0,30879.29196965307,P75
70.0,2022-10-01,Ready Mixed Concrete,2022-11-01,1,959.9,118.2,1117.8545515049843,0.0,959.9,132130.40798788916,0.0,P75
70.0,2022-10-01,Ready Mixed Concrete,2022-12-01,2,992.6,118.0,1072.9650671565212,0.0,992.6,126609.8779244695,0.0,P75
70.0,2022-10-01,Ready Mixed Concrete,2023-01-01,3,808.1,117.6,1123.646526237222,0.0,808.1,132140.8314854973,0.0,P75
70.0,2022-10-01,Ready Mixed Concrete,2023-02-01,4,897.3,118.1,1054.3545460351465,220.55455150498437,0.0,124519.2718867508,651.1873133184664,P75
70.0,2022-10-01,Ready Mixed Concrete,2023-03-01,5,1070.7,116.8,1023.1389660177263,1340.6741701664898,0.0,119502.63123087042,3914.76857688615,P75
70.0,2022-10-01,Ready Mixed Concrete,2023-04-01,6,918.4,117.2,1033.9049948262602,3736.7403150652167,0.0,121173.6653936377,10948.649123141086,P75
70.0,2022-10-01,Ready Mixed Concrete,2023-05-01,7,1041.6,117.6,1102.7291740254211,7063.96100599909,0.0,129680.95086538952,20768.045357637326,P75
70.0,2022-10-01,Ready Mixed Concrete,2023-06-01,8,1020.3,117.3,1057.2609949331204,11435.62066295069,0.0,124016.71470565502,33534.9575941029,P75
70.0,2022-10-01,Ready Mixed Concrete,2023-07-01,9,1046.0,116.3,430.956018811642,16815.48531472855,0.0,50120.18498779397,48891.023552573264,P75
70.0,2022-10-01,Ready Mixed Concrete,2023-08-01,10,1113.5,116.4,19.07106189343449,23230.57914053183,0.0,2219.8716043957747,67600.98529894763,P75
70.0,2022-10-01,Ready Mixed Concrete,2023-09-01,11,1081.8,116.6,0.0,30734.63396126823,0.0,0.0,89591.45799709689,P75
70.0,2022-10-01,Ready Mixed Concrete,2023-10-01,12,1101.2,116.4,0.0,38650.244800816276,0.0,0.0,112472.21237037536,P75
70.0,2022-10-01,Steel Reinforcement Bars,2022-11-01,1,51.21,1004.5,154.04423033373527,0.0,51.21,154737.42937023708,0.0,P75
70.0,2022-10-01,Steel Reinforcement Bars,2022-12-01,2,70.5,952.3,150.3120775120128,0.0,70.5,143142.19141468976,0.0,P75
70.0,2022-10-01,Steel Reinforcement Bars,2023-01-01,3,79.16,922.6,106.51099036012448,0.0,79.16,98267.03970625084,0.0,P75
70.0,2022-10-01,Steel Reinforcement Bars,2023-02-01,4,100.49,942.1,145.49623348200203,53.554230333735276,0.0,137072.00156339412,1261.3360099353001,P75
70.0,2022-10-01,Steel Reinforcement Bars,2023-03-01,5,57.1,946.6,122.75158303016904,300.81053817948333,0.0,116196.64849635802,7118.681386017473,P75
70.0,2022-10-01,Steel Reinforcement Bars,2023-04-01,6,67.2,940.1,123.29909467634732,644.4778363853559,0.0,115913.47890523412,15146.840349646827,P75
70.0,2022-10-01,Steel Reinforcement Bars,2023-05-01,7,152.2,922.8,81.66515698653201,1048.6413680732305,0.0,75360.60686717174,24192.15636144943,P75
70.0,2022-10-01,Steel Reinforcement Bars,2023-06-01,8,135.08,885.5,116.24509442623437,1592.6764827912743,0.0,102935.03111443055,35257.87563779184,P75
70.0,2022-10-01,Steel Reinforcement Bars,2023-07-01,9,141.5,859.2,103.47697665175156,2253.5906921856654,0.0,88907.41833918494,48407.1280681481,P75
70.0,2022-10-01,Steel Reinforcement Bars,2023-08-01,10,173.95,832.6,50.87584108183256,2963.7200585665887,0.0,42359.225284733795,61689.833019063546,P75
70.0,2022-10-01,Steel Reinforcement Bars,2023-09-01,11,140.71,830.1,0.0,3823.334519373746,0.0,0.0,79343.74961330366,P75
70.0,2022-10-01,Steel Reinforcement Bars,2023-10-01,12,162.59,827.4,0.0,4764.545956832655,0.0,0.0,98554.63311708347,P75
70.0,2022-11-01,Cement,2022-12-01,1,375.31,118.3,387.9763964708475,0.0,375.31,45897.60770250126,0.0,P75
70.0,2022-11-01,Cement,2023-01-01,2,440.73,118.5,363.52140663398103,0.0,440.73,43077.286686126754,0.0,P75
70.0,2022-11-01,Cement,2023-02-01,3,282.49,118.4,362.41972131967543,0.0,282.49,42910.49500424958,0.0,P75
70.0,2022-11-01,Cement,2023-03-01,4,427.87,118.2,366.30505717192074,0.0,39.89360352915253,43297.25775772103,0.0,P75
70.0,2022-11-01,Cement,2023-04-01,5,315.7,118.0,355.522772497313,435.7978031048286,0.0,41951.687154682935,1285.6035191592443,P75
70.0,2022-11-01,Cement,2023-05-01,6,398.82,117.2,401.8598976272394,1150.8953275293325,0.0,47097.98000191246,3372.1233096609444,P75
70.0,2022-11-01,Cement,2023-06-01,7,335.0,116.7,384.4224364292426,2296.1179091257573,0.0,44862.09833129262,6698.923999874398,P75
70.0,2022-11-01,Cement,2023-07-01,8,425.98,115.2,389.11086787193017,3705.883263219495,0.0,44825.571978846354,10672.943798072147,P75
70.0,2022-11-01,Cement,2023-08-01,9,378.3,114.4,152.7856918753577,5565.188514940472,0.0,17478.683150540925,15916.43915272975,P75
70.0,2022-11-01,Cement,2023-09-01,10,446.33,113.5,43.277675408302116,7740.886203090691,0.0,4912.01615884229,21964.76460126984,P75
70.0,2022-11-01,Cement,2023-10-01,11,335.47,113.2,0.0,10416.554759112842,0.0,0.0,29478.84996828934,P75
70.0,2022-11-01,Cement,2023-11-01,12,381.97,112.0,0.0,13198.509007010349,0.0,0.0,36955.82521962898,P75
70.0,2022-11-01,Granite,2022-12-01,1,1692.1,19.3,1676.422098405731,0.0,1692.1,32354.94649923061,0.0,P75
70.0,2022-11-01,Granite,2023-01-01,2,1309.6,19.0,1637.6841806433163,0.0,1309.6,31115.99943222301,0.0,P75
70.0,2022-11-01,Granite,2023-02-01,3,1455.1,18.5,1629.2190498582008,0.0,1455.1,30140.552422376717,0.0,P75
70.0,2022-11-01,Granite,2023-03-01,4,1561.4,18.3,1627.7909425565044,115.02209840573096,0.0,29788.574248784033,52.62261002062191,P75
70.0,2022-11-01,Granite,2023-04-01,5,1395.2,18.6,1650.438923551106,2033.9283774547782,0.0,30698.163978050572,945.776695516472,P75
70.0,2022-11-01,Granite,2023-05-01,6,1844.9,18.3,1688.624584081243,5132.353706362026,0.0,30901.82988868675,2348.051820660627,P75
70.0,2022-11-01,Granite,2023-06-01,7,1659.3,18.5,1600.5021493610027,10044.169977825779,0.0,29609.28976317855,4645.428614744423,P75
70.0,2022-11-01,Granite,2023-07-01,8,1674.3,18.5,1656.294452646187,16591.425172840638,0.0,30641.44737395446,7673.534142438795,P75
70.0,2022-11-01,Granite,2023-08-01,9,1755.2,18.5,113.73107511486296,24746.404951936736,0.0,2104.024889624965,11445.212290270742,P75
70.0,2022-11-01,Granite,2023-09-01,10,1729.4,18.6,444.24447216908425,34527.686880393834,0.0,8262.947182344968,16055.374399383136,P75
70.0,2022-11-01,Granite,2023-10-01,11,1742.2,19.5,190.88213829684742,45952.46326149713,0.0,3722.2016967885247,22401.82583997985,P75
70.0,2022-11-01,Granite,2023-11-01,12,1621.1,20.3,0.0,57612.07071771528,0.0,0.0,29238.12588924051,P75
70.0,2022-11-01,Ready Mixed Concrete,2022-12-01,1,992.6,118.0,1055.2955334910632,0.0,992.6,124524.87295194546,0.0,P75
70.0,2022-11-01,Ready Mixed Concrete,2023-01-01,2,808.1,117.6,1038.47514600579,0.0,808.1,122124.6771702809,0.0,P75
70.0,2022-11-01,Ready Mixed Concrete,2023-02-01,3,897.3,118.1,1035.3244501636436,0.0,897.3,122271.81756432631,0.0,P75
70.0,2022-11-01,Ready Mixed Concrete,2023-03-01,4,1070.7,116.8,1047.6658738780052,0.0,15.404466508936821,122367.374068951,0.0,P75
70.0,2022-11-01,Ready Mixed Concrete,2023-04-01,5,918.4,117.2,1036.7978997065231,1175.3706794968534,0.0,121512.71384560452,3443.836090925781,P75
70.0,2022-11-01,Ready Mixed Concrete,2023-05-01,6,1041.6,117.6,1097.4477298417978,3262.865809157351,0.0,129059.85302939541,9592.825478922612,P75
70.0,2022-11-01,Ready Mixed Concrete,2023-06-01,7,1020.3,117.3,1161.148942399249,6419.326812695853,0.0,136202.7709434319,18824.675878230588,P75
70.0,2022-11-01,Ready Mixed Concrete,2023-07-01,8,1046.0,116.3,1067.3027049665022,10586.885715940878,0.0,124127.3045876042,30781.370219098106,P75
70.0,2022-11-01,Ready Mixed Concrete,2023-08-01,9,1113.5,116.4,179.4327173004334,15784.392349027701,0.0,20885.96829377045,45932.58173567061,P75
70.0,2022-11-01,Ready Mixed Concrete,2023-09-01,10,1081.8,116.6,25.553671966547313,22174.747924513773,0.0,2979.5581512994167,64639.39019995765,P75
70.0,2022-11-01,Ready Mixed Concrete,2023-10-01,11,1101.2,116.4,0.0,29613.006204966347,0.0,0.0,86173.84805645207,P75
70.0,2022-11-01,Ready Mixed Concrete,2023-11-01,12,1070.0,115.4,0.0,37261.89720271935,0.0,0.0,107500.57342984535,P75
70.0,2022-11-01,Steel Reinforcement Bars,2022-12-01,1,70.5,952.3,172.01139539262272,0.0,70.5,163806.4518323946,0.0,P75
70.0,2022-11-01,Steel Reinforcement Bars,2023-01-01,2,79.16,922.6,93.60452430005148,0.0,79.16,86359.5341192275,0.0,P75
70.0,2022-11-01,Steel Reinforcement Bars,2023-02-01,3,100.49,942.1,96.04263516397339,0.0,100.49,90481.76658797933,0.0,P75
70.0,2022-11-01,Steel Reinforcement Bars,2023-03-01,4,57.1,946.6,122.14103959345066,114.91139539262272,0.0,115618.7080791604,2719.378171966417,P75
70.0,2022-11-01,Steel Reinforcement Bars,2023-04-01,5,67.2,940.1,108.39097529712555,313.3273150852969,0.0,101898.35587682773,7363.975222792191,P75
70.0,2022-11-01,Steel Reinforcement Bars,2023-05-01,6,152.2,922.8,118.28443004001076,522.7858699419444,0.0,109152.87204092192,12060.670019560657,P75
70.0,2022-11-01,Steel Reinforcement Bars,2023-06-01,7,135.08,885.5,82.29920986684178,871.5054643920427,0.0,72875.95033708839,19292.952217978847,P75
70.0,2022-11-01,Steel Reinforcement Bars,2023-07-01,8,141.5,859.2,74.1157420433712,1322.1960341392664,0.0,63680.24556366454,28400.770813311447,P75
70.0,2022-11-01,Steel Reinforcement Bars,2023-08-01,9,173.95,832.6,117.6763736362866,1858.721033926501,0.0,97977.34868957223,38689.27832118012,P75
70.0,2022-11-01,Steel Reinforcement Bars,2023-09-01,10,140.71,830.1,81.25014744475524,2510.785243580577,0.0,67445.74739389133,52105.07076740593,P75
70.0,2022-11-01,Steel Reinforcement Bars,2023-10-01,11,162.59,827.4,0.0,3215.0851952780245,0.0,0.0,66504.03726432595,P75
70.0,2022-11-01,Steel Reinforcement Bars,2023-11-01,12,187.13,826.7,0.0,4012.521520611758,0.0,0.0,82928.78852724352,P75
70.0,2022-12-01,Cement,2023-01-01,1,440.73,118.5,377.15027576612,0.0,440.73,44692.30767828522,0.0,P75
70.0,2022-12-01,Cement,2023-02-01,2,282.49,118.4,351.86724483418664,0.0,282.49,41661.0817883677,0.0,P75
70.0,2022-12-01,Cement,2023-03-01,3,427.87,118.2,318.41495451072154,0.0,427.87,37636.647623167286,0.0,P75
70.0,2022-12-01,Cement,2023-04-01,4,315.7,118.0,345.6318511565435,61.45027576612,0.0,40784.558436472136,181.278313510054,P75
70.0,2022-12-01,Cement,2023-05-01,5,398.82,117.2,373.04640499870993,391.6477963664267,0.0,43721.038665848806,1147.5280433536302,P75
70.0,2022-12-01,Cement,2023-06-01,6,335.0,116.7,347.62944533963,1104.080271477455,0.0,40568.35627113483,3221.1541920354753,P75
70.0,2022-12-01,Cement,2023-07-01,7,425.98,115.2,296.81833967079126,2071.1645977450266,0.0,34193.472730075155,5964.954041505677,P75
70.0,2022-12-01,Cement,2023-08-01,8,378.3,114.4,340.5412663278924,3458.975329011308,0.0,38957.92086791089,9892.669440972342,P75
70.0,2022-12-01,Cement,2023-09-01,9,446.33,113.5,205.32635171203174,5126.38550561722,0.0,23304.5409193156,14546.118872188863,P75
70.0,2022-12-01,Cement,2023-10-01,10,335.47,113.2,0.0,7201.474021893922,0.0,0.0,20380.171481959802,P75
70.0,2022-12-01,Cement,2023-11-01,11,381.97,112.0,0.0,9570.603804498518,0.0,0.0,26797.690652595855,P75
70.0,2022-12-01,Cement,2023-12-01,12,467.38,111.7,0.0,12059.649938815146,0.0,0.0,33676.5724541413,P75
70.0,2022-12-01,Granite,2023-01-01,1,1309.6,19.0,1749.7269495514618,0.0,1309.6,33244.81204147777,0.0,P75
70.0,2022-12-01,Granite,2023-02-01,2,1455.1,18.5,1736.8997107139674,0.0,1455.1,32132.644648208396,0.0,P75
70.0,2022-12-01,Granite,2023-03-01,3,1561.4,18.3,1694.3644743055145,0.0,1561.4,31006.869879790916,0.0,P75
70.0,2022-12-01,Granite,2023-04-01,4,1395.2,18.6,1635.9434787704515,354.5269495514617,0.0,30428.5487051304,164.85503154142972,P75
70.0,2022-12-01,Granite,2023-05-01,5,1844.9,18.3,1472.8380714473012,1996.2536098168907,0.0,26952.936707485613,913.2860264912275,P75
70.0,2022-12-01,Granite,2023-06-01,6,1659.3,18.5,1573.928426089227,5517.944744387833,0.0,29117.6758826507,2552.049444279373,P75
70.0,2022-12-01,Granite,2023-07-01,7,1674.3,18.5,1560.0741783377848,10660.579357729228,0.0,28861.37229924902,4930.517952949768,P75
70.0,2022-12-01,Granite,2023-08-01,8,1755.2,18.5,1535.617425799506,17195.152042517922,0.0,28408.922377290863,7952.757819664539,P75
70.0,2022-12-01,Granite,2023-09-01,9,1729.4,18.6,489.6086316606122,25329.453153395843,0.0,9106.720548887388,11778.19571632907,P75
70.0,2022-12-01,Granite,2023-10-01,10,1742.2,19.5,48.91843176588486,35011.028442611554,0.0,953.9094194347548,17067.876365773132,P75
70.0,2022-12-01,Granite,2023-11-01,11,1621.1,20.3,0.0,46349.32115762677,0.0,0.0,23522.28048749559,P75
70.0,2022-12-01,Granite,2023-12-01,12,1531.7,21.2,0.0,58266.6225043026,0.0,0.0,30881.309927280377,P75
70.0,2022-12-01,Ready Mixed Concrete,2023-01-01,1,808.1,117.6,1081.4874660403198,0.0,808.1,127182.9260063416,0.0,P75
70.0,2022-12-01,Ready Mixed Concrete,2023-02-01,2,897.3,118.1,1080.3442359034193,0.0,897.3,127588.65426019381,0.0,P75
70.0,2022-12-01,Ready Mixed Concrete,2023-03-01,3,1070.7,116.8,1094.1899892150282,0.0,1070.7,127801.39074031528,0.0,P75
70.0,2022-12-01,Ready Mixed Concrete,2023-04-01,4,918.4,117.2,1028.872708539977,163.08746604031978,0.0,120583.88144088532,477.846275498137,P75
70.0,2022-12-01,Ready Mixed Concrete,2023-05-01,5,1041.6,117.6,1030.5825591439184,1283.3191679840588,0.0,121196.5089553248,3772.958353873133,P75
70.0,2022-12-01,Ready Mixed Concrete,2023-06-01,6,1020.3,117.3,1124.8593002165812,3519.040859142826,0.0,131945.995915405,10319.587319436338,P75
70.0,2022-12-01,Ready Mixed Concrete,2023-07-01,7,1046.0,116.3,1087.701433360915,6757.93525884157,0.0,126499.67669987441,19648.696765081866,P75
70.0,2022-12-01,Ready Mixed Concrete,2023-08-01,8,1113.5,116.4,1061.6371911423228,10959.912217684232,0.0,123574.56904896637,31893.344553461116,P75
70.0,2022-12-01,Ready Mixed Concrete,2023-09-01,9,1081.8,116.6,293.2871921823737,16318.448476743477,0.0,34197.28660846477,47568.277309707235,P75
70.0,2022-12-01,Ready Mixed Concrete,2023-10-01,10,1101.2,116.4,0.0,22745.286169163635,0.0,0.0,66188.78275226618,P75
70.0,2022-12-01,Ready Mixed Concrete,2023-11-01,11,1070.0,115.4,0.0,30264.961052726117,0.0,0.0,87314.41263711486,P75
70.0,2022-12-01,Ready Mixed Concrete,2023-12-01,12,1101.6,115.4,0.0,38046.32312847098,0.0,0.0,109763.64222563877,P75
70.0,2022-12-01,Steel Reinforcement Bars,2023-01-01,1,79.16,922.6,141.16023117038867,0.0,79.16,130234.42927780059,0.0,P75
70.0,2022-12-01,Steel Reinforcement Bars,2023-02-01,2,100.49,942.1,128.18227485506864,0.0,100.49,120760.52114096018,0.0,P75
70.0,2022-12-01,Steel Reinforcement Bars,2023-03-01,3,57.1,946.6,100.1096406092345,0.0,57.1,94763.78580070139,0.0,P75
70.0,2022-12-01,Steel Reinforcement Bars,2023-04-01,4,67.2,940.1,117.95459215244014,73.96023117038867,0.0,110889.11208250897,1738.2503330820598,P75
70.0,2022-12-01,Steel Reinforcement Bars,2023-05-01,5,152.2,922.8,111.91178523177182,191.10273719584598,0.0,103272.19541187903,4408.740147108167,P75
70.0,2022-12-01,Steel Reinforcement Bars,2023-06-01,6,135.08,885.5,107.93527871871788,425.4748838305377,0.0,95576.68930542469,9418.95024079853,P75
70.0,2022-12-01,Steel Reinforcement Bars,2023-07-01,7,141.5,859.2,111.7320075660585,771.3816226176696,0.0,96000.14090075747,16569.277253827546,P75
70.0,2022-12-01,Steel Reinforcement Bars,2023-08-01,8,173.95,832.6,150.1754905722235,1196.7501466365732,0.0,125036.1134504333,24910.354302240274,P75
70.0,2022-12-01,Steel Reinforcement Bars,2023-09-01,9,140.71,830.1,97.29829281313094,1763.2939493741947,0.0,80767.31286418,36592.75768438798,P75
70.0,2022-12-01,Steel Reinforcement Bars,2023-10-01,10,162.59,827.4,25.76732793724699,2419.6897596778745,0.0,21319.887135278157,50051.28267893684,P75
70.0,2022-12-01,Steel Reinforcement Bars,2023-11-01,11,187.13,826.7,0.0,3201.721060553778,0.0,0.0,66171.57001899522,P75
70.0,2022-12-01,Steel Reinforcement Bars,2023-12-01,12,122.5,819.7,0.0,4145.680654242813,0.0,0.0,84955.36080707086,P75
70.0,2023-01-01,Cement,2023-02-01,1,282.49,118.4,400.27994693211457,0.0,282.49,47393.14571676237,0.0,P75
70.0,2023-01-01,Cement,2023-03-01,2,427.87,118.2,384.8829386577617,0.0,427.87,45493.16334934744,0.0,P75
70.0,2023-01-01,Cement,2023-04-01,3,315.7,118.0,359.4783394729675,0.0,315.7,42418.444057810164,0.0,P75
70.0,2023-01-01,Cement,2023-05-01,4,398.82,117.2,350.58784950820547,1.4599469321145762,0.0,41088.89596236168,4.277644511095708,P75
70.0,2023-01-01,Cement,2023-06-01,5,335.0,116.7,410.77219005612505,451.62283252199086,0.0,47937.114579549794,1317.6096138829084,P75
70.0,2023-01-01,Cement,2023-07-01,6,425.98,115.2,382.4933687905392,1170.2840575848345,0.0,44063.23608467012,3370.4180858443237,P75
70.0,2023-01-01,Cement,2023-08-01,7,378.3,114.4,412.51891680972943,2287.2131321558836,0.0,47192.16408303305,6541.429557965828,P75
70.0,2023-01-01,Cement,2023-09-01,8,446.33,113.5,319.96793801022085,3746.884396783058,0.0,36316.36096416006,10631.78447587193,P75
70.0,2023-01-01,Cement,2023-10-01,9,335.47,113.2,250.50819917691769,5699.909030200771,0.0,28357.528146827084,16130.742555468181,P75
70.0,2023-01-01,Cement,2023-11-01,10,381.97,112.0,0.0,8018.952580428214,0.0,0.0,22453.067225199,P75
70.0,2023-01-01,Cement,2023-12-01,11,467.38,111.7,0.0,10572.554068665879,0.0,0.0,29523.85723674947,P75
70.0,2023-01-01,Cement,2024-01-01,12,434.45,110.6,0.0,13409.59375608046,0.0,0.0,37077.526735562475,P75
70.0,2023-01-01,Granite,2023-02-01,1,1455.1,18.5,1822.8456199425227,0.0,1455.1,33722.64396893667,0.0,P75
70.0,2023-01-01,Granite,2023-03-01,2,1561.4,18.3,1834.2183771101425,0.0,1561.4,33566.19630111561,0.0,P75
70.0,2023-01-01,Granite,2023-04-01,3,1395.2,18.6,1712.9932456093707,0.0,1395.2,31861.674368334297,0.0,P75
70.0,2023-01-01,Granite,2023-05-01,4,1844.9,18.3,1824.215295173721,0.0,22.054380057477374,33383.1399016791,0.0,P75
70.0,2023-01-01,Granite,2023-06-01,5,1659.3,18.5,1646.8734872651262,1997.7639970526654,0.0,30467.159514404833,923.9658486368578,P75
70.0,2023-01-01,Granite,2023-07-01,6,1674.3,18.5,1548.3978505160676,5693.521239714702,0.0,28645.36023454725,2633.2535733680497,P75
70.0,2023-01-01,Granite,2023-08-01,7,1755.2,18.5,1662.5747533920774,11132.593777550457,0.0,30757.63293775343,5148.824622117087,P75
70.0,2023-01-01,Granite,2023-09-01,8,1729.4,18.6,1685.925705880234,18244.33980265134,0.0,31358.218129372355,8483.618008232874,P75
70.0,2023-01-01,Granite,2023-10-01,9,1742.2,19.5,243.89859220610174,26891.683678268288,0.0,4756.022548018984,13109.695793155792,P75
70.0,2023-01-01,Granite,2023-11-01,10,1621.1,20.3,97.86455904297759,37322.702307277315,0.0,1986.6505485724451,18941.27142094324,P75
70.0,2023-01-01,Granite,2023-12-01,11,1531.7,21.2,0.0,49529.04664216658,0.0,0.0,26250.394720348286,P75
70.0,2023-01-01,Granite,2024-01-01,12,1664.5,22.3,0.0,61846.48956926194,0.0,0.0,34479.41793486353,P75
70.0,2023-01-01,Ready Mixed Concrete,2023-02-01,1,897.3,118.1,1077.4260048435838,0.0,897.3,127244.01117202724,0.0,P75
70.0,2023-01-01,Ready Mixed Concrete,2023-03-01,2,1070.7,116.8,1060.4649796793751,0.0,1070.7,123862.30962655101,0.0,P75
70.0,2023-01-01,Ready Mixed Concrete,2023-04-01,3,918.4,117.2,1089.0028427338418,0.0,918.4,127631.13316840626,0.0,P75
70.0,2023-01-01,Ready Mixed Concrete,2023-05-01,4,1041.6,117.6,1075.296126631965,35.82600484358386,0.0,126454.82449191909,105.32845424013655,P75
70.0,2023-01-01,Ready Mixed Concrete,2023-06-01,5,1020.3,117.3,1038.922116302622,1153.4169893665432,0.0,121865.56424229757,3382.395321317388,P75
70.0,2023-01-01,Ready Mixed Concrete,2023-07-01,6,1046.0,116.3,1040.783822949197,3334.310816623344,0.0,121043.15860899161,9694.508699332373,P75
70.0,2023-01-01,Ready Mixed Concrete,2023-08-01,7,1113.5,116.4,1004.4301159786033,6523.000770512111,0.0,116915.66549990943,18981.932242190243,P75
70.0,2023-01-01,Ready Mixed Concrete,2023-09-01,8,1081.8,116.6,985.6573767972161,10782.3128407035,0.0,114927.6501345554,31430.441930650704,P75
70.0,2023-01-01,Ready Mixed Concrete,2023-10-01,9,1101.2,116.4,327.2227416879821,16063.008733844086,0.0,38088.727132481115,46743.355415486294,P75
70.0,2023-01-01,Ready Mixed Concrete,2023-11-01,10,1070.0,115.4,96.35907813068661,22379.334742963278,0.0,11119.837616281236,64564.38073344906,P75
70.0,2023-01-01,Ready Mixed Concrete,2023-12-01,11,1101.6,115.4,0.0,29649.718128879686,0.0,0.0,85539.4368018179,P75
70.0,2023-01-01,Ready Mixed Concrete,2024-01-01,12,1071.7,118.1,0.0,37277.22425648408,0.0,0.0,110061.00461726924,P75
70.0,2023-01-01,Steel Reinforcement Bars,2023-02-01,1,100.49,942.1,143.19315125822467,0.0,100.49,134902.26780037346,0.0,P75
70.0,2023-01-01,Steel Reinforcement Bars,2023-03-01,2,57.1,946.6,126.67529991564902,0.0,57.1,119910.83890015337,0.0,P75
70.0,2023-01-01,Steel Reinforcement Bars,2023-04-01,3,67.2,940.1,94.39055959770677,0.0,67.2,88736.56507780413,0.0,P75
70.0,2023-01-01,Steel Reinforcement Bars,2023-05-01,4,152.2,922.8,113.1121349568242,0.0,9.006848741775315,104379.87813815738,0.0,P75
70.0,2023-01-01,Steel Reinforcement Bars,2023-06-01,5,135.08,885.5,92.90971631788435,134.7884511738737,0.0,82271.55379948659,2983.8793378616297,P75
70.0,2023-01-01,Steel Reinforcement Bars,2023-07-01,6,141.5,859.2,127.7422188689771,357.5474619454542,0.0,109756.11445222513,7680.119482588358,P75
70.0,2023-01-01,Steel Reinforcement Bars,2023-08-01,7,173.95,832.6,138.68850152013562,660.968607673859,0.0,115472.04636566492,13758.061568731375,P75
70.0,2023-01-01,Steel Reinforcement Bars,2023-09-01,8,140.71,830.1,84.52666187549525,1090.539469720148,0.0,70165.58202284861,22631.420345367373,P75
70.0,2023-01-01,Steel Reinforcement Bars,2023-10-01,9,162.59,827.4,77.53752677498855,1625.972550635414,0.0,64154.54965362552,33633.24220989354,P75
70.0,2023-01-01,Steel Reinforcement Bars,2023-11-01,10,187.13,826.7,81.32205803972634,2275.5541330708156,0.0,67228.94538144176,47030.01504524109,P75
70.0,2023-01-01,Steel Reinforcement Bars,2023-12-01,11,122.5,819.7,0.0,3074.292377381713,0.0,0.0,62999.93654349476,P75
70.0,2023-01-01,Steel Reinforcement Bars,2024-01-01,12,179.85,833.7,0.0,3893.218148467599,0.0,0.0,81144.39925943593,P75
70.0,2023-02-01,Cement,2023-03-01,1,427.87,118.2,442.8035756765871,0.0,427.87,52339.3826449726,0.0,P75
70.0,2023-02-01,Cement,2023-04-01,2,315.7,118.0,447.4545484863132,0.0,315.7,52799.63672138495,0.0,P75
70.0,2023-02-01,Cement,2023-05-01,3,398.82,117.2,406.0426043652846,0.0,398.82,47588.19323161136,0.0,P75
70.0,2023-02-01,Cement,2023-06-01,4,335.0,116.7,410.12716971515323,107.80357567658712,0.0,47861.84070575838,314.51693203644294,P75
70.0,2023-02-01,Cement,2023-07-01,5,425.98,115.2,459.4144802199537,572.0816998394873,0.0,52924.54812133867,1647.5952955377236,P75
70.0,2023-02-01,Cement,2023-08-01,6,378.3,114.4,415.4261357126742,1490.0824283676723,0.0,47524.749925529926,4261.635745131543,P75
70.0,2023-02-01,Cement,2023-09-01,7,446.33,113.5,333.08475839594723,2750.1803266110105,0.0,37805.12007794001,7803.636676758743,P75
70.0,2023-02-01,Cement,2023-10-01,8,335.47,113.2,475.1097693352392,4580.552705074302,0.0,53782.42588874908,12962.964155360276,P75
70.0,2023-02-01,Cement,2023-11-01,9,381.97,112.0,187.5602171652866,6779.8512192502685,0.0,21006.7443225121,18983.583413900753,P75
70.0,2023-02-01,Cement,2023-12-01,10,467.38,111.7,0.0,9226.824491822183,0.0,0.0,25765.90739341345,P75
70.0,2023-02-01,Cement,2024-01-01,11,434.45,110.6,0.0,12181.837533729335,0.0,0.0,33682.78078076161,P75
70.0,2023-02-01,Cement,2024-02-01,12,367.77,110.6,0.0,15391.090792801773,0.0,0.0,42556.3660420969,P75
70.0,2023-02-01,Granite,2023-03-01,1,1561.4,18.3,1681.6310511457505,0.0,1561.4,30773.848235967234,0.0,P75
70.0,2023-02-01,Granite,2023-04-01,2,1395.2,18.6,1688.6859099285027,0.0,1395.2,31409.557924670153,0.0,P75
70.0,2023-02-01,Granite,2023-05-01,3,1844.9,18.3,1627.5632248386423,0.0,1844.9,29784.407014547156,0.0,P75
70.0,2023-02-01,Granite,2023-06-01,4,1659.3,18.5,1600.0772463484027,22.331051145750507,0.0,29601.42905744545,10.32811115490961,P75
70.0,2023-02-01,Granite,2023-07-01,5,1674.3,18.5,1540.7557748220659,1718.3480122200037,0.0,28503.981834208218,794.7359556517517,P75
70.0,2023-02-01,Granite,2023-08-01,6,1755.2,18.5,1650.3089870021006,4961.0281981329,0.0,30530.71625953886,2294.4755416364665,P75
70.0,2023-02-01,Granite,2023-09-01,7,1729.4,18.6,1599.9948278700826,9829.5856303942,0.0,29759.90379838354,4570.757318133304,P75
70.0,2023-02-01,Granite,2023-10-01,8,1742.2,19.5,1640.4038734531257,16226.098837477566,0.0,31987.87553233595,7910.223183270315,P75
70.0,2023-02-01,Granite,2023-11-01,9,1621.1,20.3,152.94714995748473,24394.021031563032,0.0,3104.82714413694,12379.96567351824,P75
70.0,2023-02-01,Granite,2023-12-01,10,1531.7,21.2,0.0,34251.338053518586,0.0,0.0,18153.20916836485,P75
70.0,2023-02-01,Granite,2024-01-01,11,1664.5,22.3,0.0,45616.258948927265,0.0,0.0,25431.06436402695,P75
70.0,2023-02-01,Granite,2024-02-01,12,1201.2,22.2,0.0,57597.426994293426,0.0,0.0,31966.571981832854,P75
70.0,2023-02-01,Ready Mixed Concrete,2023-03-01,1,1070.7,116.8,1012.0865224126744,0.0,1070.7,118211.70581780036,0.0,P75
70.0,2023-02-01,Ready Mixed Concrete,2023-04-01,2,918.4,117.2,1001.6271433576363,0.0,918.4,117390.70120151498,0.0,P75
70.0,2023-02-01,Ready Mixed Concrete,2023-05-01,3,1041.6,117.6,1014.6130126792128,0.0,1041.6,119318.49029107542,0.0,P75
70.0,2023-02-01,Ready Mixed Concrete,2023-06-01,4,1020.3,117.3,1053.571502458056,0.0,8.213477587325542,123583.93723832998,0.0,P75
70.0,2023-02-01,Ready Mixed Concrete,2023-07-01,5,1046.0,116.3,950.0942235286283,967.7136657703109,0.0,110495.95819637946,2813.627483227179,P75
70.0,2023-02-01,Ready Mixed Concrete,2023-08-01,6,1113.5,116.4,1071.9556997599157,2882.5403442198344,0.0,124775.6434520542,8388.192401679718,P75
70.0,2023-02-01,Ready Mixed Concrete,2023-09-01,7,1081.8,116.6,1056.9581175965943,5882.638525127414,0.0,123241.3165117629,17147.89130074641,P75
70.0,2023-02-01,Ready Mixed Concrete,2023-10-01,8,1101.2,116.4,899.1097815271335,9813.430929563621,0.0,104656.37856975834,28557.084005030138,P75
70.0,2023-02-01,Ready Mixed Concrete,2023-11-01,9,1070.0,115.4,25.772947800650172,14847.379033759746,0.0,2974.19817619503,42834.68851239687,P75
70.0,2023-02-01,Ready Mixed Concrete,2023-12-01,10,1101.6,115.4,167.5321863971178,20906.685255552464,0.0,19333.214310227395,60315.78696226886,P75
70.0,2023-02-01,Ready Mixed Concrete,2024-01-01,11,1071.7,118.1,17.9103712322368,27895.001258872315,0.0,2115.2148425271657,82359.99121682052,P75
70.0,2023-02-01,Ready Mixed Concrete,2024-02-01,12,874.95,118.0,0.0,35105.84020999282,0.0,0.0,103562.22861947883,P75
70.0,2023-02-01,Steel Reinforcement Bars,2023-03-01,1,57.1,946.6,127.33355169119262,0.0,57.1,120533.94003088294,0.0,P75
70.0,2023-02-01,Steel Reinforcement Bars,2023-04-01,2,67.2,940.1,118.13762288521502,0.0,67.2,111061.17927439064,0.0,P75
70.0,2023-02-01,Steel Reinforcement Bars,2023-05-01,3,152.2,922.8,122.63590890108657,0.0,152.2,113168.41673392268,0.0,P75
70.0,2023-02-01,Steel Reinforcement Bars,2023-06-01,4,135.08,885.5,93.74883409295533,0.0,7.746448308807388,83014.59258931194,0.0,P75
70.0,2023-02-01,Steel Reinforcement Bars,2023-07-01,5,141.5,859.2,107.08208837960794,103.97117457640763,0.0,92004.93033575914,2233.3008299012363,P75
70.0,2023-02-01,Steel Reinforcement Bars,2023-08-01,6,173.95,832.6,103.03302535316146,298.12825805390185,0.0,85785.29690904224,6205.539691391968,P75
70.0,2023-02-01,Steel Reinforcement Bars,2023-09-01,7,140.71,830.1,63.49665456005164,619.2741756243513,0.0,52708.57295029887,12851.487329644351,P75
70.0,2023-02-01,Steel Reinforcement Bars,2023-10-01,8,162.59,827.4,101.5550272684633,1025.6221815744088,0.0,84026.62956192654,21214.994825866648,P75
70.0,2023-02-01,Steel Reinforcement Bars,2023-11-01,9,187.13,826.7,118.74555899623395,1510.463212877628,0.0,98166.95362218661,31217.498452148382,P75
70.0,2023-02-01,Steel Reinforcement Bars,2023-12-01,10,122.5,819.7,0.0,2123.4308987408986,0.0,0.0,43514.40769244787,P75
70.0,2023-02-01,Steel Reinforcement Bars,2024-01-01,11,179.85,833.7,0.0,2780.6036118726324,0.0,0.0,57954.73078045534,P75
70.0,2023-02-01,Steel Reinforcement Bars,2024-02-01,12,60.8,829.6,0.0,3675.5718840006,0.0,0.0,76231.36087417246,P75
70.0,2023-03-01,Cement,2023-04-01,1,315.7,118.0,445.8880248446675,0.0,315.7,52614.786931670766,0.0,P75
70.0,2023-03-01,Cement,2023-05-01,2,398.82,117.2,419.6171346993985,0.0,398.82,49179.12818676951,0.0,P75
70.0,2023-03-01,Cement,2023-06-01,3,335.0,116.7,406.1521731907409,0.0,335.0,47397.95861135946,0.0,P75
70.0,2023-03-01,Cement,2023-07-01,4,425.98,115.2,402.5667613064795,19.908024844667466,0.0,46375.690902506445,57.33511155264231,P75
70.0,2023-03-01,Cement,2023-08-01,5,378.3,114.4,354.6259073475232,507.1131843887334,0.0,40569.20380055666,1450.3437073517775,P75
70.0,2023-03-01,Cement,2023-09-01,6,446.33,113.5,369.2786005284834,1332.4405171235403,0.0,41913.12115998287,3780.799967338046,P75
70.0,2023-03-01,Cement,2023-10-01,7,335.47,113.2,352.2344835113045,2671.1946111648267,0.0,39872.94353347967,7559.48074959646,P75
70.0,2023-03-01,Cement,2023-11-01,8,381.97,112.0,334.3485013458089,4318.074612553636,0.0,37447.0321507306,12090.608915150182,P75
70.0,2023-03-01,Cement,2023-12-01,9,467.38,111.7,108.87913594378506,6248.823214470929,0.0,12161.799484920792,17449.838826410072,P75
70.0,2023-03-01,Cement,2024-01-01,10,434.45,110.6,47.72319901773977,8564.736299899527,0.0,5278.185811362018,23681.49586922219,P75
70.0,2023-03-01,Cement,2024-02-01,11,367.77,110.6,0.0,11281.677886673933,0.0,0.0,31193.839356653425,P75
70.0,2023-03-01,Cement,2024-03-01,12,318.63,110.8,0.0,14156.638609392126,0.0,0.0,39213.88894801619,P75
70.0,2023-03-01,Granite,2023-04-01,1,1395.2,18.6,1511.7663256798962,0.0,1395.2,28118.853657646072,0.0,P75
70.0,2023-03-01,Granite,2023-05-01,2,1844.9,18.3,1532.6598970366276,0.0,1844.9,28047.676115770286,0.0,P75
70.0,2023-03-01,Granite,2023-06-01,3,1659.3,18.5,1537.5495762267715,0.0,1659.3,28444.667160195273,0.0,P75
70.0,2023-03-01,Granite,2023-07-01,4,1674.3,18.5,1510.7527144817818,0.0,162.53367432010373,27948.925217912965,0.0,P75
70.0,2023-03-01,Granite,2023-08-01,5,1755.2,18.5,1496.3602030848654,1289.2262227165236,0.0,27682.663757070008,596.2671280063922,P75
70.0,2023-03-01,Granite,2023-09-01,6,1729.4,18.6,1502.3292729400357,4141.802021659818,0.0,27943.324476684666,1925.9379400718155,P75
70.0,2023-03-01,Granite,2023-10-01,7,1742.2,19.5,1460.2350645839435,8492.330535084893,0.0,28474.5837593869,4140.011135853886,P75
70.0,2023-03-01,Granite,2023-11-01,8,1621.1,20.3,666.1908491425852,14460.319251594834,0.0,13523.67423759448,7338.612020184379,P75
70.0,2023-03-01,Granite,2023-12-01,9,1531.7,21.2,0.0,22020.03724104481,0.0,0.0,11670.61973775375,P75
70.0,2023-03-01,Granite,2024-01-01,10,1664.5,22.3,0.0,30907.190295078733,0.0,0.0,17230.758589506393,P75
70.0,2023-03-01,Granite,2024-02-01,11,1201.2,22.2,0.0,40923.834198255245,0.0,0.0,22712.72798003166,P75
70.0,2023-03-01,Granite,2024-03-01,12,1688.6,22.4,0.0,50453.078101431754,0.0,0.0,28253.72373680178,P75
70.0,2023-03-01,Ready Mixed Concrete,2023-04-01,1,918.4,117.2,511.13268119944365,0.0,918.4,59904.7502365748,0.0,P75
70.0,2023-03-01,Ready Mixed Concrete,2023-05-01,2,1041.6,117.6,928.9188497854692,0.0,1041.6,109240.85673477118,0.0,P75
70.0,2023-03-01,Ready Mixed Concrete,2023-06-01,3,1020.3,117.3,941.1190895701003,0.0,1020.3,110393.26920657276,0.0,P75
70.0,2023-03-01,Ready Mixed Concrete,2023-07-01,4,1046.0,116.3,938.3805412449796,0.0,534.8673188005564,109133.65694679112,0.0,P75
70.0,2023-03-01,Ready Mixed Concrete,2023-08-01,5,1113.5,116.4,940.4040259078704,326.5515309849129,0.0,109463.02861567611,950.2649551660967,P75
70.0,2023-03-01,Ready Mixed Concrete,2023-09-01,6,1081.8,116.6,957.4433801982726,1625.922151539926,0.0,111637.89813111858,4739.563071738885,P75
70.0,2023-03-01,Ready Mixed Concrete,2023-10-01,7,1101.2,116.4,960.4854758427355,3844.273313339919,0.0,111800.50938809442,11186.835341819164,P75
70.0,2023-03-01,Ready Mixed Concrete,2023-11-01,8,1070.0,115.4,967.0093826681812,7034.228501047782,0.0,111592.88275990811,20293.749225522854,P75
70.0,2023-03-01,Ready Mixed Concrete,2023-12-01,9,1101.6,115.4,0.0,11150.027068953916,0.0,0.0,32167.82809393205,P75
70.0,2023-03-01,Ready Mixed Concrete,2024-01-01,10,1071.7,118.1,0.0,16256.211112702786,0.0,0.0,47996.46331025498,P75
70.0,2023-03-01,Ready Mixed Concrete,2024-02-01,11,874.95,118.0,0.0,22526.154539119838,0.0,0.0,66452.15589040352,P75
70.0,2023-03-01,Ready Mixed Concrete,2024-03-01,12,1112.0,118.0,0.0,28559.04796553689,0.0,0.0,84249.19149833384,P75
70.0,2023-03-01,Steel Reinforcement Bars,2023-04-01,1,67.2,940.1,45.08361354963952,0.0,67.2,42383.105098016116,0.0,P75
70.0,2023-03-01,Steel Reinforcement Bars,2023-05-01,2,152.2,922.8,72.3166249403517,0.0,152.2,66733.78149495655,0.0,P75
70.0,2023-03-01,Steel Reinforcement Bars,2023-06-01,3,135.08,885.5,74.27940494347276,0.0,135.08,65774.41307744512,0.0,P75
70.0,2023-03-01,Steel Reinforcement Bars,2023-07-01,4,141.5,859.2,83.2444669454577,0.0,96.41638645036048,71523.64599953726,0.0,P75
70.0,2023-03-01,Steel Reinforcement Bars,2023-08-01,5,173.95,832.6,87.03291009201398,0.0,56.549761510008764,72463.60094261084,0.0,P75
70.0,2023-03-01,Steel Reinforcement Bars,2023-09-01,6,140.71,830.1,92.20478251451242,50.96964343346397,0.0,76539.18996529675,1057.7475253529612,P75
70.0,2023-03-01,Steel Reinforcement Bars,2023-10-01,7,162.59,827.4,93.12713477291551,163.30375381238562,0.0,77053.39131111029,3377.938147609197,P75
70.0,2023-03-01,Steel Reinforcement Bars,2023-11-01,8,187.13,826.7,91.44625725048788,338.13077428332133,0.0,75598.62086897832,6988.317777500545,P75
70.0,2023-03-01,Steel Reinforcement Bars,2023-12-01,9,122.5,819.7,60.21026408563348,669.7925772687695,0.0,49354.35347099377,13725.724389680261,P75
70.0,2023-03-01,Steel Reinforcement Bars,2024-01-01,10,179.85,833.7,0.0,1037.2315150271334,0.0,0.0,21618.497851953027,P75
70.0,2023-03-01,Steel Reinforcement Bars,2024-02-01,11,60.8,829.6,0.0,1615.1667100359848,0.0,0.0,33498.55756614633,P75
70.0,2023-03-01,Steel Reinforcement Bars,2024-03-01,12,91.23,821.7,0.0,2222.8821691304697,0.0,0.0,45663.556959362686,P75
70.0,2023-04-01,Cement,2023-05-01,1,398.82,117.2,52.875318767430024,0.0,398.82,6196.987359542799,0.0,P75
70.0,2023-04-01,Cement,2023-06-01,2,335.0,116.7,320.6808139275163,0.0,335.0,37423.45098534115,0.0,P75
70.0,2023-04-01,Cement,2023-07-01,3,425.98,115.2,337.5380447462072,0.0,425.98,38884.38275476307,0.0,P75
70.0,2023-04-01,Cement,2023-08-01,4,378.3,114.4,341.93425469494696,0.0,325.42468123257,39117.27873710194,0.0,P75
70.0,2023-04-01,Cement,2023-09-01,5,446.33,113.5,347.8753634391409,0.0,72.77386730505367,39483.853750342496,0.0,P75
70.0,2023-04-01,Cement,2023-10-01,6,335.47,113.2,359.9377368825536,375.6241774411535,0.0,40744.95181510507,1063.0164221584644,P75
70.0,2023-04-01,Cement,2023-11-01,7,381.97,112.0,367.5555747686416,1046.682609577254,0.0,41166.224374087855,2930.711306816311,P75
70.0,2023-04-01,Cement,2023-12-01,8,467.38,111.7,386.30683985450486,1980.2064051524953,0.0,43150.47401174819,5529.7263863883445,P75
70.0,2023-04-01,Cement,2024-01-01,9,434.45,110.6,209.4169301106126,3306.5979376102905,0.0,23161.512470233753,9142.743297492454,P75
70.0,2023-04-01,Cement,2024-02-01,10,367.77,110.6,0.0,5067.225044836727,0.0,0.0,14010.87724897355,P75
70.0,2023-04-01,Cement,2024-03-01,11,318.63,110.8,0.0,7263.298991917668,0.0,0.0,20119.33820761194,P75
70.0,2023-04-01,Cement,2024-04-01,12,395.86,110.2,0.0,9591.559869109222,0.0,0.0,26424.74743939591,P75
70.0,2023-04-01,Granite,2023-05-01,1,1844.9,18.3,1481.9050577606804,0.0,1844.9,27118.862557020453,0.0,P75
70.0,2023-04-01,Granite,2023-06-01,2,1659.3,18.5,1510.6137273468885,0.0,1659.3,27946.35395591744,0.0,P75
70.0,2023-04-01,Granite,2023-07-01,3,1674.3,18.5,1523.5316146475693,0.0,1674.3,28185.334870980034,0.0,P75
70.0,2023-04-01,Granite,2023-08-01,4,1755.2,18.5,1495.372034541669,0.0,273.29494223931965,27664.382639020878,0.0,P75
70.0,2023-04-01,Granite,2023-09-01,5,1729.4,18.6,1484.1905288550706,1263.1187851075688,0.0,27605.943836704315,587.3502350750196,P75
70.0,2023-04-01,Granite,2023-10-01,6,1742.2,19.5,1443.4197714358086,4036.969184862707,0.0,28146.685542998268,1968.0224776205698,P75
70.0,2023-04-01,Granite,2023-11-01,7,1621.1,20.3,1459.20100877627,8427.291619159516,0.0,29621.780478158285,4276.850496723455,P75
70.0,2023-04-01,Granite,2023-12-01,8,1531.7,21.2,833.5492746613854,14391.204582311395,0.0,17671.24462282137,7627.338428625039,P75
70.0,2023-04-01,Granite,2024-01-01,9,1664.5,22.3,0.0,21665.73731689908,0.0,0.0,12078.648554171237,P75
70.0,2023-04-01,Granite,2024-02-01,10,1201.2,22.2,0.0,30862.771060263036,0.0,0.0,17128.837938445988,P75
70.0,2023-04-01,Granite,2024-03-01,11,1688.6,22.4,0.0,40405.95407828838,0.0,0.0,22627.33428384149,P75
70.0,2023-04-01,Granite,2024-04-01,12,1470.5,22.3,0.0,50167.23709631372,0.0,0.0,27968.2346811949,P75
70.0,2023-04-01,Ready Mixed Concrete,2023-05-01,1,1041.6,117.6,483.12042960601934,0.0,1041.6,56814.96252166787,0.0,P75
70.0,2023-04-01,Ready Mixed Concrete,2023-06-01,2,1020.3,117.3,891.1070787812457,0.0,1020.3,104526.86034104013,0.0,P75
70.0,2023-04-01,Ready Mixed Concrete,2023-07-01,3,1046.0,116.3,905.358479576664,0.0,1046.0,105293.19117476602,0.0,P75
70.0,2023-04-01,Ready Mixed Concrete,2023-08-01,4,1113.5,116.4,899.5089703728011,0.0,630.3795703939807,104702.84415139405,0.0,P75
70.0,2023-04-01,Ready Mixed Concrete,2023-09-01,5,1081.8,116.6,903.2693764149872,292.4275083872651,0.0,105321.2092899875,852.4261869488778,P75
70.0,2023-04-01,Ready Mixed Concrete,2023-10-01,6,1101.2,116.4,918.56030278976,1470.8134963511945,0.0,106920.41924472808,4280.067274381976,P75
70.0,2023-04-01,Ready Mixed Concrete,2023-11-01,7,1070.0,115.4,911.9233794860696,3579.908454687925,0.0,105235.95799269243,10328.035891774663,P75
70.0,2023-04-01,Ready Mixed Concrete,2023-12-01,8,1101.6,115.4,909.5360667694162,6560.672789439643,0.0,104960.46210519063,18927.54099753337,P75
70.0,2023-04-01,Ready Mixed Concrete,2024-01-01,9,1071.7,118.1,0.0,10489.897426981119,0.0,0.0,30971.422153161755,P75
70.0,2023-04-01,Ready Mixed Concrete,2024-02-01,10,874.95,118.0,0.0,15527.795444008665,0.0,0.0,45806.996559825566,P75
70.0,2023-04-01,Ready Mixed Concrete,2024-03-01,11,1112.0,118.0,0.0,21238.179527805627,0.0,0.0,62652.6296070266,P75
70.0,2023-04-01,Ready Mixed Concrete,2024-04-01,12,1114.9,119.2,0.0,26945.663611602587,0.0,0.0,80298.07756257572,P75
70.0,2023-04-01,Steel Reinforcement Bars,2023-05-01,1,152.2,922.8,62.5624462097969,0.0,152.2,57732.62536240058,0.0,P75
70.0,2023-04-01,Steel Reinforcement Bars,2023-06-01,2,135.08,885.5,69.4621229710079,0.0,135.08,61508.70989082749,0.0,P75
70.0,2023-04-01,Steel Reinforcement Bars,2023-07-01,3,141.5,859.2,69.58339249768703,0.0,141.5,59786.0508340127,0.0,P75
70.0,2023-04-01,Steel Reinforcement Bars,2023-08-01,4,173.95,832.6,72.15225094997801,0.0,111.38755379020309,60073.96414095169,0.0,P75
70.0,2023-04-01,Steel Reinforcement Bars,2023-09-01,5,140.71,830.1,73.96690141935855,0.0,8.685430819195204,61399.924868209535,0.0,P75
70.0,2023-04-01,Steel Reinforcement Bars,2023-10-01,6,162.59,827.4,76.42107731756802,39.017961678491844,0.0,63230.799372555775,807.0865373196038,P75
70.0,2023-04-01,Steel Reinforcement Bars,2023-11-01,7,187.13,826.7,74.76215965046389,125.64817430696166,0.0,61805.877383038496,2596.833642489131,P75
70.0,2023-04-01,Steel Reinforcement Bars,2023-12-01,8,122.5,819.7,80.51455527347105,350.8752883547901,0.0,65997.78095766422,7190.311846610537,P75
70.0,2023-04-01,Steel Reinforcement Bars,2024-01-01,9,179.85,833.7,35.38329416465466,595.1734797201865,0.0,29499.05234507259,12404.903251067988,P75
70.0,2023-04-01,Steel Reinforcement Bars,2024-02-01,10,60.8,829.6,0.0,1033.2838307360469,0.0,0.0,21430.306649465612,P75
70.0,2023-04-01,Steel Reinforcement Bars,2024-03-01,11,91.23,821.7,0.0,1521.4787370253782,0.0,0.0,31254.97695534384,P75
70.0,2023-04-01,Steel Reinforcement Bars,2024-04-01,12,111.96,819.4,0.0,2024.3269374793645,0.0,0.0,41468.33731426478,P75
70.0,2023-05-01,Cement,2023-06-01,1,335.0,116.7,0.0,0.0,335.0,0.0,0.0,P75
70.0,2023-05-01,Cement,2023-07-01,2,425.98,115.2,329.54593304225375,0.0,425.98,37963.69148646764,0.0,P75
70.0,2023-05-01,Cement,2023-08-01,3,378.3,114.4,341.1468264621396,0.0,378.3,39027.19694726877,0.0,P75
70.0,2023-05-01,Cement,2023-09-01,4,446.33,113.5,339.66619840445003,0.0,446.33,38552.11351890508,0.0,P75
70.0,2023-05-01,Cement,2023-10-01,5,335.47,113.2,339.0765480038065,0.0,5.924066957746277,38383.4652340309,0.0,P75
70.0,2023-05-01,Cement,2023-11-01,6,381.97,112.0,345.03062682610744,288.72275950439325,0.0,38643.43020452403,808.4237266123012,P75
70.0,2023-05-01,Cement,2023-12-01,7,467.38,111.7,335.23023216562126,831.7017174132367,0.0,37445.21693289989,2322.527045876464,P75
70.0,2023-05-01,Cement,2024-01-01,8,434.45,110.6,338.34758462983825,1746.6872233258866,0.0,37421.242860060105,4829.590172496077,P75
70.0,2023-05-01,Cement,2024-02-01,9,367.77,110.6,229.81898527189773,3073.383356064644,0.0,25417.97977107189,8497.90497951874,P75
70.0,2023-05-01,Cement,2024-03-01,10,318.63,110.8,0.0,4784.449720969023,0.0,0.0,13252.925727084192,P75
70.0,2023-05-01,Cement,2024-04-01,11,395.86,110.2,0.0,6756.63367050324,0.0,0.0,18614.52576223643,P75
70.0,2023-05-01,Cement,2024-05-01,12,330.62,110.2,0.0,9023.876605309355,0.0,0.0,24860.780047627275,P75
70.0,2023-05-01,Granite,2023-06-01,1,1659.3,18.5,1523.1115584910335,0.0,1659.3,28177.56383208412,0.0,P75
70.0,2023-05-01,Granite,2023-07-01,2,1674.3,18.5,1475.2299105592656,0.0,1674.3,27291.753345346413,0.0,P75
70.0,2023-05-01,Granite,2023-08-01,3,1755.2,18.5,1483.7981604164934,0.0,1755.2,27450.265967705127,0.0,P75
70.0,2023-05-01,Granite,2023-09-01,4,1729.4,18.6,1449.39651222523,0.0,206.28844150896657,26958.77512738928,0.0,P75
70.0,2023-05-01,Granite,2023-10-01,5,1742.2,19.5,1408.316153414011,1256.141469050299,0.0,27462.164991573216,612.3689661620208,P75
70.0,2023-05-01,Granite,2023-11-01,6,1621.1,20.3,1216.7332977871606,4117.1810985170905,0.0,24699.68594507936,2089.4694074974236,P75
70.0,2023-05-01,Granite,2023-12-01,7,1531.7,21.2,662.5243720447656,8517.017240209112,0.0,14045.51668734903,4514.01913731083,P75
70.0,2023-05-01,Granite,2024-01-01,8,1664.5,22.3,1285.4751373639965,14192.369535315145,0.0,28666.095563217124,7912.2460159381935,P75
70.0,2023-05-01,Granite,2024-02-01,9,1201.2,22.2,0.0,21547.75512820834,0.0,0.0,11959.00409615563,P75
70.0,2023-05-01,Granite,2024-03-01,10,1688.6,22.4,0.0,29078.2650931463,0.0,0.0,16283.828452161926,P75
70.0,2023-05-01,Granite,2024-04-01,11,1470.5,22.3,0.0,38112.350195448256,0.0,0.0,21247.635233962403,P75
70.0,2023-05-01,Granite,2024-05-01,12,1911.9,22.1,0.0,46705.03529775021,0.0,0.0,25804.532002006996,P75
70.0,2023-05-01,Ready Mixed Concrete,2023-06-01,1,1020.3,117.3,479.70913463888553,0.0,1020.3,56269.88149314127,0.0,P75
70.0,2023-05-01,Ready Mixed Concrete,2023-07-01,2,1046.0,116.3,903.682266181333,0.0,1046.0,105098.24755688902,0.0,P75
70.0,2023-05-01,Ready Mixed Concrete,2023-08-01,3,1113.5,116.4,941.8786364389264,0.0,1113.5,109634.67328149104,0.0,P75
70.0,2023-05-01,Ready Mixed Concrete,2023-09-01,4,1081.8,116.6,935.9214111847508,0.0,602.0908653611144,109128.43654414194,0.0,P75
70.0,2023-05-01,Ready Mixed Concrete,2023-10-01,5,1101.2,116.4,930.1212082401404,282.19140082021863,0.0,108266.10863915234,821.1769763868363,P75
70.0,2023-05-01,Ready Mixed Concrete,2023-11-01,6,1070.0,115.4,923.2242249666725,1537.4614380793637,0.0,106540.07556115401,4435.576248858964,P75
70.0,2023-05-01,Ready Mixed Concrete,2023-12-01,7,1101.6,115.4,908.7885944091028,3697.0528865232595,0.0,104874.20379481047,10665.997577619604,P75
70.0,2023-05-01,Ready Mixed Concrete,2024-01-01,8,1071.7,118.1,904.2848976062368,6816.665543207296,0.0,106796.04640729656,20126.20501631954,P75
70.0,2023-05-01,Ready Mixed Concrete,2024-02-01,9,874.95,118.0,0.0,11056.252424858005,0.0,0.0,32615.944653331117,P75
70.0,2023-05-01,Ready Mixed Concrete,2024-03-01,10,1112.0,118.0,0.0,15967.577900917815,0.0,0.0,47104.354807707554,P75
70.0,2023-05-01,Ready Mixed Concrete,2024-04-01,11,1114.9,119.2,0.0,21780.28827458386,0.0,0.0,64905.259058259915,P75
70.0,2023-05-01,Ready Mixed Concrete,2024-05-01,12,1151.8,120.4,0.0,27556.09864824991,0.0,0.0,82943.85693123224,P75
70.0,2023-05-01,Steel Reinforcement Bars,2023-06-01,1,135.08,885.5,59.80117884323143,0.0,135.08,52953.94386568143,0.0,P75
70.0,2023-05-01,Steel Reinforcement Bars,2023-07-01,2,141.5,859.2,67.73987531558394,0.0,141.5,58202.10087114973,0.0,P75
70.0,2023-05-01,Steel Reinforcement Bars,2023-08-01,3,173.95,832.6,74.14772548326144,0.0,173.95,61735.39623736348,0.0,P75
70.0,2023-05-01,Steel Reinforcement Bars,2023-09-01,4,140.71,830.1,77.26483858058145,0.0,80.90882115676857,64137.54250574067,0.0,P75
70.0,2023-05-01,Steel Reinforcement Bars,2023-10-01,5,162.59,827.4,71.43197395463001,0.0,35.04894584118463,59102.81525006087,0.0,P75
70.0,2023-05-01,Steel Reinforcement Bars,2023-11-01,6,187.13,826.7,87.4787255155733,14.558779642076814,0.0,72318.66238372446,300.8935782526226,P75
70.0,2023-05-01,Steel Reinforcement Bars,2023-12-01,7,122.5,819.7,76.91480863378817,171.01239786473514,0.0,63047.068637116165,3504.4715632430853,P75
70.0,2023-05-01,Steel Reinforcement Bars,2024-01-01,8,179.85,833.7,79.51431889727834,341.54799004202334,0.0,66291.08766466095,7118.713982450872,P75
70.0,2023-05-01,Steel Reinforcement Bars,2024-02-01,9,60.8,829.6,0.0,718.612307734885,0.0,0.0,14904.019262421516,P75
70.0,2023-05-01,Steel Reinforcement Bars,2024-03-01,10,91.23,821.7,0.0,1142.1614340615347,0.0,0.0,23462.85125920908,P75
70.0,2023-05-01,Steel Reinforcement Bars,2024-04-01,11,111.96,819.4,0.0,1624.494879285463,0.0,0.0,33277.77760216271,P75
70.0,2023-05-01,Steel Reinforcement Bars,2024-05-01,12,160.55,812.5,0.0,2058.238324509391,0.0,0.0,41807.965966597,P75
82.39999999999999,2022-07-01,Cement,2022-08-01,1,402.46,119.0,446.7800845133719,0.0,402.46,53166.830057091254,0.0,P90
82.39999999999999,2022-07-01,Cement,2022-09-01,2,346.61,118.6,447.13959180765437,0.0,346.61,53030.75558838781,0.0,P90
82.39999999999999,2022-07-01,Cement,2022-10-01,3,368.78,118.6,382.4169640685048,0.0,368.78,45354.651938524665,0.0,P90
82.39999999999999,2022-07-01,Cement,2022-11-01,4,296.3,118.4,446.4029986811801,150.48008451337188,0.0,52854.11504385173,445.42105015958083,P90
82.39999999999999,2022-07-01,Cement,2022-12-01,5,375.31,118.3,397.8155198851235,669.0897608343982,0.0,47061.576002410104,1978.8329676677329,P90
82.39999999999999,2022-07-01,Cement,2023-01-01,6,440.73,118.5,420.4213728139753,1504.6964012239293,0.0,49819.932678456076,4457.663088625891,P90
82.39999999999999,2022-07-01,Cement,2023-02-01,7,282.49,118.4,288.59032668326665,2944.9460402946406,0.0,34169.094679298774,8717.040279272138,P90
82.39999999999999,2022-07-01,Cement,2023-03-01,8,427.87,118.2,392.4574840895414,4637.631199250475,0.0,46388.4746193838,13704.200193785155,P90
82.39999999999999,2022-07-01,Cement,2023-04-01,9,315.7,118.0,262.1918726358863,6862.907731020286,0.0,30938.640971034583,20245.577806509842,P90
82.39999999999999,2022-07-01,Cement,2023-05-01,10,398.82,117.2,22.09367936071169,9293.654589473363,0.0,2589.37922107541,27230.407947156953,P90
82.39999999999999,2022-07-01,Cement,2023-06-01,11,335.0,116.7,0.0,12180.67893201598,0.0,0.0,35537.13078415663,P90
82.39999999999999,2022-07-01,Cement,2023-07-01,12,425.98,115.2,0.0,15238.915147194486,0.0,0.0,43888.07562392012,P90
82.39999999999999,2022-07-01,Granite,2022-08-01,1,1491.5,20.5,1859.7143063502954,0.0,1491.5,38124.14328018106,0.0,P90
82.39999999999999,2022-07-01,Granite,2022-09-01,2,1550.1,20.8,1707.2549326108751,0.0,1550.1,35510.9025983062,0.0,P90
82.39999999999999,2022-07-01,Granite,2022-10-01,3,1554.5,20.4,1765.3608711141392,0.0,1554.5,36013.361770728436,0.0,P90
82.39999999999999,2022-07-01,Granite,2022-11-01,4,1531.9,20.5,1696.5037439666648,327.8143063502953,0.0,34778.32675131663,168.00483200452635,P90
82.39999999999999,2022-07-01,Granite,2022-12-01,5,1692.1,19.3,1797.0569149378796,2202.683545311466,0.0,34683.19845830108,1062.7948106127824,P90
82.39999999999999,2022-07-01,Granite,2023-01-01,6,1309.6,19.0,1767.9300868700723,6225.413655386776,0.0,33590.671650531374,2957.0714863087187,P90
82.39999999999999,2022-07-01,Granite,2023-02-01,7,1455.1,18.5,1773.7714894008184,11799.14750942875,0.0,32814.77255391514,5457.105723110797,P90
82.39999999999999,2022-07-01,Granite,2023-03-01,8,1561.4,18.3,1925.596493563129,19063.6382784086,0.0,35238.41583220526,8721.614512371936,P90
82.39999999999999,2022-07-01,Granite,2023-04-01,9,1395.2,18.6,469.9240609002002,28262.259134258526,0.0,8740.587532743724,13141.950497430216,P90
82.39999999999999,2022-07-01,Granite,2023-05-01,10,1844.9,18.3,34.284073976064974,38784.95147950927,0.0,627.3985537619891,17744.115301875492,P90
82.39999999999999,2022-07-01,Granite,2023-06-01,11,1659.3,18.5,0.0,51418.84031832314,0.0,0.0,23781.213647224453,P90
82.39999999999999,2022-07-01,Granite,2023-07-01,12,1674.3,18.5,0.0,64507.653218037216,0.0,0.0,29834.789613342215,P90
82.39999999999999,2022-07-01,Ready Mixed Concrete,2022-08-01,1,982.6,118.3,1102.6068161515782,0.0,982.6,130438.3863507317,0.0,P90
82.39999999999999,2022-07-01,Ready Mixed Concrete,2022-09-01,2,993.4,118.6,1083.2480519180183,0.0,993.4,128473.21895747696,0.0,P90
82.39999999999999,2022-07-01,Ready Mixed Concrete,2022-10-01,3,930.7,118.5,1085.678727617856,0.0,930.7,128652.92922271595,0.0,P90
82.39999999999999,2022-07-01,Ready Mixed Concrete,2022-11-01,4,959.9,118.2,1058.8990005563137,142.7068161515782,0.0,125161.86186575628,421.69864172791364,P90
82.39999999999999,2022-07-01,Ready Mixed Concrete,2022-12-01,5,992.6,118.0,1112.8558431934991,1335.961684221175,0.0,131316.9894968329,3941.086968452466,P90
82.39999999999999,2022-07-01,Ready Mixed Concrete,2023-01-01,6,808.1,117.6,1094.9850912127322,3799.395279908628,0.0,128770.2467266173,11170.222122931365,P90
82.39999999999999,2022-07-01,Ready Mixed Concrete,2023-02-01,7,897.3,118.1,1029.135975479786,7232.527876152394,0.0,121540.95870416274,21354.038554339946,P90
82.39999999999999,2022-07-01,Ready Mixed Concrete,2023-03-01,8,1070.7,116.8,1042.0544326174586,11605.11631558966,0.0,121711.95772971916,33886.93964152181,P90
82.39999999999999,2022-07-01,Ready Mixed Concrete,2023-04-01,9,918.4,117.2,328.8065195287809,17224.989846239656,0.0,38536.12408877312,50469.2202494822,P90
82.39999999999999,2022-07-01,Ready Mixed Concrete,2023-05-01,10,1041.6,117.6,27.68739806106987,23750.799352369442,0.0,3256.0380119818165,69827.35009596616,P90
82.39999999999999,2022-07-01,Ready Mixed Concrete,2023-06-01,11,1020.3,117.3,0.0,31339.963291116685,0.0,0.0,91904.44235119969,P90
82.39999999999999,2022-07-01,Ready Mixed Concrete,2023-07-01,12,1046.0,116.3,0.0,39232.233749392704,0.0,0.0,114067.71962635929,P90
82.39999999999999,2022-07-01,Steel Reinforcement Bars,2022-08-01,1,102.45,1106.3,134.15781121815422,0.0,102.45,148418.786550644,0.0,P90
82.39999999999999,2022-07-01,Steel Reinforcement Bars,2022-09-01,2,174.43,1072.6,119.09297675465174,0.0,174.43,127739.12686703945,0.0,P90
82.39999999999999,2022-07-01,Steel Reinforcement Bars,2022-10-01,3,108.27,1040.5,81.92883790154316,0.0,108.27,85246.95583655566,0.0,P90
82.39999999999999,2022-07-01,Steel Reinforcement Bars,2022-11-01,4,51.21,1004.5,116.61474902022265,82.94781121815421,0.0,117139.51539081364,2083.026909215898,P90
82.39999999999999,2022-07-01,Steel Reinforcement Bars,2022-12-01,5,70.5,952.3,89.2427010991531,265.6985991909602,0.0,84985.82425672348,6325.619400238785,P90
82.39999999999999,2022-07-01,Steel Reinforcement Bars,2023-01-01,6,79.16,922.6,127.30903187560672,521.7182250653094,0.0,117455.31280843477,12033.430861131363,P90
82.39999999999999,2022-07-01,Steel Reinforcement Bars,2023-02-01,7,100.49,942.1,110.21030810634012,873.0225999598812,0.0,103829.13126698304,20561.864785555103,P90
82.39999999999999,2022-07-01,Steel Reinforcement Bars,2023-03-01,8,57.1,946.6,108.0434476362467,1356.9596759536062,0.0,102273.92753247112,32112.450731442095,P90
82.39999999999999,2022-07-01,Steel Reinforcement Bars,2023-04-01,9,67.2,940.1,32.443766221136656,1958.1057838229378,0.0,30500.384624490573,46020.381184298596,P90
82.39999999999999,2022-07-01,Steel Reinforcement Bars,2023-05-01,10,152.2,922.8,0.0,2584.4621997986096,0.0,0.0,59623.54294935393,P90
82.39999999999999,2022-07-01,Steel Reinforcement Bars,2023-06-01,11,135.08,885.5,20.79433599829764,3335.982063410528,0.0,18413.384526492562,73850.30292875058,P90
82.39999999999999,2022-07-01,Steel Reinforcement Bars,2023-07-01,12,141.5,859.2,0.0,4113.525693243583,0.0,0.0,88358.53189087218,P90
82.39999999999999,2022-08-01,Cement,2022-09-01,1,346.61,118.6,396.7376583342018,0.0,346.61,47053.086278436334,0.0,P90
82.39999999999999,2022-08-01,Cement,2022-10-01,2,368.78,118.6,364.1840633552292,0.0,368.78,43192.22991393018,0.0,P90
82.39999999999999,2022-08-01,Cement,2022-11-01,3,296.3,118.4,359.39795258277314,0.0,296.3,42552.71758580034,0.0,P90
82.39999999999999,2022-08-01,Cement,2022-12-01,4,375.31,118.3,382.50591183516343,21.427658334201794,0.0,45250.449370099836,63.37229952340181,P90
82.39999999999999,2022-08-01,Cement,2023-01-01,5,440.73,118.5,336.7200186988141,341.61938002363286,0.0,39901.32221580947,1012.0474133200124,P90
82.39999999999999,2022-08-01,Cement,2023-02-01,6,282.49,118.4,341.52690985465307,1179.449054295837,0.0,40436.786126790925,3491.169200715678,P90
82.39999999999999,2022-08-01,Cement,2023-03-01,7,427.87,118.2,396.0238880770861,2254.4046404032047,0.0,46810.02357071158,6661.76571239147,P90
82.39999999999999,2022-08-01,Cement,2023-04-01,8,315.7,118.0,422.9519576500773,3778.250245209387,0.0,49908.33100270912,11145.838223367691,P90
82.39999999999999,2022-08-01,Cement,2023-05-01,9,398.82,117.2,57.190067477775926,5560.502759870222,0.0,6702.675908395338,16292.273086419751,P90
82.39999999999999,2022-08-01,Cement,2023-06-01,10,335.0,116.7,33.413594938031395,7802.599162608143,0.0,3899.366529268264,22764.08305690926,P90
82.39999999999999,2022-08-01,Cement,2023-07-01,11,425.98,115.2,0.0,10376.667522996142,0.0,0.0,29884.80246622889,P90
82.39999999999999,2022-08-01,Cement,2023-08-01,12,378.3,114.4,0.0,13055.605950861916,0.0,0.0,37339.03301946509,P90
82.39999999999999,2022-08-01,Granite,2022-09-01,1,1550.1,20.8,1789.3088327898733,0.0,1550.1,37217.62372202937,0.0,P90
82.39999999999999,2022-08-01,Granite,2022-10-01,2,1554.5,20.4,1783.0915336614883,0.0,1554.5,36375.06728669436,0.0,P90
82.39999999999999,2022-08-01,Granite,2022-11-01,3,1531.9,20.5,1600.3166193391653,0.0,1531.9,32806.490696452885,0.0,P90
82.39999999999999,2022-08-01,Granite,2022-12-01,4,1692.1,19.3,1704.3039758450752,97.20883278987344,0.0,32893.06673380995,46.90326182111394,P90
82.39999999999999,2022-08-01,Granite,2023-01-01,5,1309.6,19.0,1713.7027575804493,2360.009199241235,0.0,32560.352394028538,1121.0043696395867,P90
82.39999999999999,2022-08-01,Granite,2023-02-01,6,1455.1,18.5,1768.5352447054188,6077.6261850317605,0.0,32717.902027050248,2810.9021105771894,P90
82.39999999999999,2022-08-01,Granite,2023-03-01,7,1561.4,18.3,1729.8078747069692,11393.247146667361,0.0,31655.484107137538,5212.410569600318,P90
82.39999999999999,2022-08-01,Granite,2023-04-01,8,1395.2,18.6,1641.4464351340378,18588.770865883413,0.0,30530.903693493106,8643.778452635788,P90
82.39999999999999,2022-08-01,Granite,2023-05-01,9,1844.9,18.3,132.3426102894548,27103.12982980488,0.0,2421.869768297023,12399.681897135733,P90
82.39999999999999,2022-08-01,Granite,2023-06-01,10,1659.3,18.5,176.6252012249986,37532.89666843331,0.0,3267.566222662474,17358.96470915041,P90
82.39999999999999,2022-08-01,Granite,2023-07-01,11,1674.3,18.5,78.99207023240297,49589.109942195784,0.0,1461.3532992994549,22934.96334826555,P90
82.39999999999999,2022-08-01,Granite,2023-08-01,12,1755.2,18.5,0.0,61696.76582624772,0.0,0.0,28534.754194639572,P90
82.39999999999999,2022-08-01,Ready Mixed Concrete,2022-09-01,1,993.4,118.6,1050.7546203461195,0.0,993.4,124619.49797304977,0.0,P90
82.39999999999999,2022-08-01,Ready Mixed Concrete,2022-10-01,2,930.7,118.5,1058.8237815699629,0.0,930.7,125470.6181160406,0.0,P90
82.39999999999999,2022-08-01,Ready Mixed Concrete,2022-11-01,3,959.9,118.2,1058.358492881044,0.0,959.9,125097.9738585394,0.0,P90
82.39999999999999,2022-08-01,Ready Mixed Concrete,2022-12-01,4,992.6,118.0,951.4835622045462,58.154620346119486,0.0,112275.06034013645,171.5561300210525,P90
82.39999999999999,2022-08-01,Ready Mixed Concrete,2023-01-01,5,808.1,117.6,1067.742667501696,1359.6330222622018,0.0,125566.53769819943,3997.3210854508734,P90
82.39999999999999,2022-08-01,Ready Mixed Concrete,2023-02-01,6,897.3,118.1,1019.2510969299939,3630.269917059328,0.0,120373.55454743227,10718.371930117666,P90
82.39999999999999,2022-08-01,Ready Mixed Concrete,2023-03-01,7,1070.7,116.8,1148.6115997327079,6678.990374061,0.0,134157.83484878027,19502.65189225812,P90
82.39999999999999,2022-08-01,Ready Mixed Concrete,2023-04-01,8,918.4,117.2,1139.3286749786462,10947.753498564367,0.0,133529.32070749733,32076.917750793596,P90
82.39999999999999,2022-08-01,Ready Mixed Concrete,2023-05-01,9,1041.6,117.6,0.0,16112.567719997727,0.0,0.0,47370.949096793316,P90
82.39999999999999,2022-08-01,Ready Mixed Concrete,2023-06-01,10,1020.3,117.3,124.38926351808664,22447.2935411638,0.0,14590.860610671562,65826.68830946284,P90
82.39999999999999,2022-08-01,Ready Mixed Concrete,2023-07-01,11,1046.0,116.3,141.23275221994413,29895.648037308514,0.0,16425.369083179503,86921.5966684745,P90
82.39999999999999,2022-08-01,Ready Mixed Concrete,2023-08-01,12,1113.5,116.4,0.0,37276.502533453226,0.0,0.0,108474.6223723489,P90
82.39999999999999,2022-08-01,Steel Reinforcement Bars,2022-09-01,1,174.43,1072.6,126.02535359576191,0.0,174.43,135174.79426681422,0.0,P90
82.39999999999999,2022-08-01,Steel Reinforcement Bars,2022-10-01,2,108.27,1040.5,112.58116276890176,0.0,108.27,117140.69986104229,0.0,P90
82.39999999999999,2022-08-01,Steel Reinforcement Bars,2022-11-01,3,51.21,1004.5,77.49497549993076,0.0,51.21,77843.70288968045,0.0,P90
82.39999999999999,2022-08-01,Steel Reinforcement Bars,2022-12-01,4,70.5,952.3,86.0422497201214,55.52535359576191,0.0,81938.0344084716,1321.9198557311017,P90
82.39999999999999,2022-08-01,Steel Reinforcement Bars,2023-01-01,5,79.16,922.6,118.70399674725697,214.97186996042555,0.0,109516.30739901928,4958.326180637216,P90
82.39999999999999,2022-08-01,Steel Reinforcement Bars,2023-02-01,6,100.49,942.1,77.81578242920325,430.58336182502,0.0,73310.24862655239,10141.314629383785,P90
82.39999999999999,2022-08-01,Steel Reinforcement Bars,2023-03-01,7,57.1,946.6,97.1940320950478,775.6271034097358,0.0,92003.87078117226,18355.2154021914,P90
82.39999999999999,2022-08-01,Steel Reinforcement Bars,2023-04-01,8,67.2,940.1,98.03000829081684,1229.2748417417085,0.0,92158.01079419692,28891.031968034506,P90
82.39999999999999,2022-08-01,Steel Reinforcement Bars,2023-05-01,9,152.2,922.8,100.45291771965985,1675.7383625028845,0.0,92697.95247170211,38659.284022941545,P90
82.39999999999999,2022-08-01,Steel Reinforcement Bars,2023-06-01,10,135.08,885.5,0.0,2236.5159153591085,0.0,0.0,49510.87107626227,P90
82.39999999999999,2022-08-01,Steel Reinforcement Bars,2023-07-01,11,141.5,859.2,0.0,2888.903476506149,0.0,0.0,62053.646675352094,P90
82.39999999999999,2022-08-01,Steel Reinforcement Bars,2023-08-01,12,173.95,832.6,0.0,3609.2939553728497,0.0,0.0,75127.45368108587,P90
82.39999999999999,2022-09-01,Cement,2022-10-01,1,368.78,118.6,418.83056676950457,0.0,368.78,49673.30521886324,0.0,P90
82.39999999999999,2022-09-01,Cement,2022-11-01,2,296.3,118.4,370.4927223049796,0.0,296.3,43866.33832090959,0.0,P90
82.39999999999999,2022-09-01,Cement,2022-12-01,3,375.31,118.3,381.6038748321843,0.0,375.31,45143.73839264741,0.0,P90
82.39999999999999,2022-09-01,Cement,2023-01-01,4,440.73,118.5,418.9863492235672,0.0,21.899433230495447,49649.88238299271,0.0,P90
82.39999999999999,2022-09-01,Cement,2023-02-01,5,282.49,118.4,348.8388569857223,506.8332890744841,0.0,41302.52066710952,1500.2265356604732,P90
82.39999999999999,2022-09-01,Cement,2023-03-01,6,427.87,118.2,398.6505985202399,1249.8904529811525,0.0,47120.50074509236,3693.4262885593057,P90
82.39999999999999,2022-09-01,Cement,2023-04-01,7,315.7,118.0,416.6148552678417,2524.103966111388,0.0,49160.55292160532,7446.106700028596,P90
82.39999999999999,2022-09-01,Cement,2023-05-01,8,398.82,117.2,419.13121827790746,4064.036336227346,0.0,49122.178782170755,11907.626465146124,P90
82.39999999999999,2022-09-01,Cement,2023-06-01,9,335.0,116.7,246.9013510640698,6066.439304863544,0.0,28813.387669176944,17698.836671939393,P90
82.39999999999999,2022-09-01,Cement,2023-07-01,10,425.98,115.2,0.0,8394.477128767583,0.0,0.0,24176.09413085064,P90
82.39999999999999,2022-09-01,Cement,2023-08-01,11,378.3,114.4,0.0,11189.326170949531,0.0,0.0,32001.472848915662,P90
82.39999999999999,2022-09-01,Cement,2023-09-01,12,446.33,113.5,0.0,14163.046564195547,0.0,0.0,40187.64462590487,P90
82.39999999999999,2022-09-01,Granite,2022-10-01,1,1554.5,20.4,1875.238580493188,0.0,1554.5,38254.867042061036,0.0,P90
82.39999999999999,2022-09-01,Granite,2022-11-01,2,1531.9,20.5,1796.0776081391707,0.0,1531.9,36819.590966853,0.0,P90
82.39999999999999,2022-09-01,Granite,2022-12-01,3,1692.1,19.3,1785.1329214185553,0.0,1692.1,34453.06538337812,0.0,P90
82.39999999999999,2022-09-01,Granite,2023-01-01,4,1309.6,19.0,1750.5857760260883,565.6385804931881,0.0,33261.12974449568,268.6783257342644,P90
82.39999999999999,2022-09-01,Granite,2023-02-01,5,1455.1,18.5,1667.3814795855958,2781.8547691255467,0.0,30846.557372333522,1286.6078307205653,P90
82.39999999999999,2022-09-01,Granite,2023-03-01,6,1561.4,18.3,1583.2141298011993,6676.9038791764615,0.0,28972.818575361947,3054.683524723231,P90
82.39999999999999,2022-09-01,Granite,2023-04-01,7,1395.2,18.6,1704.740189624981,12488.738765253463,0.0,31708.16752702465,5807.263525842862,P90
82.39999999999999,2022-09-01,Granite,2023-05-01,8,1844.9,18.3,1674.8117294438507,19518.255130916063,0.0,30649.054648822468,8929.6017223941,P90
82.39999999999999,2022-09-01,Granite,2023-06-01,9,1659.3,18.5,592.0464057007991,28316.58562637986,0.0,10952.858505464785,13096.420852200687,P90
82.39999999999999,2022-09-01,Granite,2023-07-01,10,1674.3,18.5,40.84937472738761,38804.656311468636,0.0,755.7134324566708,17947.153544054247,P90
82.39999999999999,2022-09-01,Granite,2023-08-01,11,1755.2,18.5,145.85496464107064,50886.63872600127,0.0,2698.3168458598066,23535.07041077559,P90
82.39999999999999,2022-09-01,Granite,2023-09-01,12,1729.4,18.6,0.0,63586.4675462347,0.0,0.0,29567.70740899914,P90
82.39999999999999,2022-09-01,Ready Mixed Concrete,2022-10-01,1,930.7,118.5,1191.1105155959683,0.0,930.7,141146.59609812225,0.0,P90
82.39999999999999,2022-09-01,Ready Mixed Concrete,2022-11-01,2,959.9,118.2,1170.8834860248273,0.0,959.9,138398.4280481346,0.0,P90
82.39999999999999,2022-09-01,Ready Mixed Concrete,2022-12-01,3,992.6,118.0,1148.7950314279244,0.0,992.6,135557.8137084951,0.0,P90
82.39999999999999,2022-09-01,Ready Mixed Concrete,2023-01-01,4,808.1,117.6,1071.9016375149145,383.0105155959683,0.0,126055.63257175393,1126.0509158521468,P90
82.39999999999999,2022-09-01,Ready Mixed Concrete,2023-02-01,5,897.3,118.1,1027.0095969492902,1847.7045172167639,0.0,121289.83339971116,5455.347587082496,P90
82.39999999999999,2022-09-01,Ready Mixed Concrete,2023-03-01,6,1070.7,116.8,1108.8063700579985,4287.793550265484,0.0,129508.58402277422,12520.357166775211,P90
82.39999999999999,2022-09-01,Ready Mixed Concrete,2023-04-01,7,918.4,117.2,1075.7716275853784,7952.084220829118,0.0,126080.43475300635,23299.606767029316,P90
82.39999999999999,2022-09-01,Ready Mixed Concrete,2023-05-01,8,1041.6,117.6,1044.343306429579,12520.184488342042,0.0,122814.77283611847,36809.3423957256,P90
82.39999999999999,2022-09-01,Ready Mixed Concrete,2023-06-01,9,1020.3,117.3,225.855233566837,18218.391125912964,0.0,26492.818897389978,53425.43197673977,P90
82.39999999999999,2022-09-01,Ready Mixed Concrete,2023-07-01,10,1046.0,116.3,86.92544611573521,24966.669391069263,0.0,10109.429383260005,72590.59125453388,P90
82.39999999999999,2022-09-01,Ready Mixed Concrete,2023-08-01,11,1113.5,116.4,0.0,32691.79096265514,0.0,0.0,95133.11170132646,P90
82.39999999999999,2022-09-01,Ready Mixed Concrete,2023-09-01,12,1081.8,116.6,0.0,40674.46776780786,0.0,0.0,118566.07354315992,P90
82.39999999999999,2022-09-01,Steel Reinforcement Bars,2022-10-01,1,108.27,1040.5,148.0485283664485,0.0,108.27,154044.49376528966,0.0,P90
82.39999999999999,2022-09-01,Steel Reinforcement Bars,2022-11-01,2,51.21,1004.5,125.08271631933435,0.0,51.21,125645.58854277135,0.0,P90
82.39999999999999,2022-09-01,Steel Reinforcement Bars,2022-12-01,3,70.5,952.3,107.55226726746237,0.0,70.5,102422.02411880442,0.0,P90
82.39999999999999,2022-09-01,Steel Reinforcement Bars,2023-01-01,4,79.16,922.6,101.04335431796632,68.8885283664485,0.0,93222.59869375573,1588.9139067721346,P90
82.39999999999999,2022-09-01,Steel Reinforcement Bars,2023-02-01,5,100.49,942.1,101.0833857958252,241.52977305223135,0.0,95230.65775824692,5688.629979812679,P90
82.39999999999999,2022-09-01,Steel Reinforcement Bars,2023-03-01,6,57.1,946.6,90.30987110678457,565.1132850054765,0.0,85487.32398968228,13373.405889654603,P90
82.39999999999999,2022-09-01,Steel Reinforcement Bars,2023-04-01,7,67.2,940.1,124.01026071338038,979.6401512766881,0.0,116582.04609664889,23023.992655380363,P90
82.39999999999999,2022-09-01,Steel Reinforcement Bars,2023-05-01,8,152.2,922.8,117.8868471294848,1410.2504033437247,0.0,108785.98253108858,32534.47680513973,P90
82.39999999999999,2022-09-01,Steel Reinforcement Bars,2023-06-01,9,135.08,885.5,78.91915048446171,1948.290526517546,0.0,69882.90775399085,43130.28153078218,P90
82.39999999999999,2022-09-01,Steel Reinforcement Bars,2023-07-01,10,141.5,859.2,7.72024300719994,2603.9209104047477,0.0,6633.2327917861885,55932.22115549399,P90
82.39999999999999,2022-09-01,Steel Reinforcement Bars,2023-08-01,11,173.95,832.6,0.0,3344.988141421434,0.0,0.0,69625.92816368716,P90
82.39999999999999,2022-09-01,Steel Reinforcement Bars,2023-09-01,12,140.71,830.1,0.0,4198.214522922583,0.0,0.0,87123.4468869509,P90
82.39999999999999,2022-10-01,Cement,2022-11-01,1,296.3,118.4,401.7126810636882,0.0,296.3,47562.781437940685,0.0,P90
82.39999999999999,2022-10-01,Cement,2022-12-01,2,375.31,118.3,376.1090314613388,0.0,375.31,44493.69842187638,0.0,P90
82.39999999999999,2022-10-01,Cement,2023-01-01,3,440.73,118.5,395.2676827566455,0.0,440.73,46839.22040666249,0.0,P90
82.39999999999999,2022-10-01,Cement,2023-02-01,4,282.49,118.4,363.68303121727087,119.22268106368819,0.0,43060.070896124875,352.8991359485171,P90
82.39999999999999,2022-10-01,Cement,2023-03-01,5,427.87,118.2,414.17793559309314,469.17439358871513,0.0,48955.83198710361,1386.4103330546532,P90
82.39999999999999,2022-10-01,Cement,2023-04-01,6,315.7,118.0,331.7626291062995,1326.5637888703875,0.0,39147.990234543344,3913.3631771676432,P90
82.39999999999999,2022-10-01,Cement,2023-05-01,7,398.82,117.2,417.2276854016772,2464.5162153693304,0.0,48899.08472907657,7221.032511032138,P90
82.39999999999999,2022-10-01,Cement,2023-06-01,8,335.0,116.7,412.69086456610484,4080.466577461367,0.0,48161.02389486443,11904.761239743539,P90
82.39999999999999,2022-10-01,Cement,2023-07-01,9,425.98,115.2,96.72671683473646,5937.199568659702,0.0,11142.917779361642,17099.134757739943,P90
82.39999999999999,2022-10-01,Cement,2023-08-01,10,378.3,114.4,94.50483012024284,8258.840245259715,0.0,10811.352565755782,23620.283101442787,P90
82.39999999999999,2022-10-01,Cement,2023-09-01,11,446.33,113.5,0.0,10925.141786425833,0.0,0.0,31000.089818983306,P90
82.39999999999999,2022-10-01,Cement,2023-10-01,12,335.47,113.2,0.0,13799.030044426689,0.0,0.0,39051.25502572753,P90
82.39999999999999,2022-10-01,Granite,2022-11-01,1,1531.9,20.5,1798.0858167818828,0.0,1531.9,36860.759244028595,0.0,P90
82.39999999999999,2022-10-01,Granite,2022-12-01,2,1692.1,19.3,1840.9047128899997,0.0,1692.1,35529.460958776996,0.0,P90
82.39999999999999,2022-10-01,Granite,2023-01-01,3,1309.6,19.0,1786.280789632075,0.0,1309.6,33939.33500300943,0.0,P90
82.39999999999999,2022-10-01,Granite,2023-02-01,4,1455.1,18.5,1840.4685717633763,342.98581678188293,0.0,34048.66857762246,158.63094026162085,P90
82.39999999999999,2022-10-01,Granite,2023-03-01,5,1561.4,18.3,1667.497746319115,2420.5763464537654,0.0,30515.208757639808,1107.4136785025978,P90
82.39999999999999,2022-10-01,Granite,2023-04-01,6,1395.2,18.6,1614.693520000979,6450.647665757723,0.0,30033.299472018214,2999.5511645773418,P90
82.39999999999999,2022-10-01,Granite,2023-05-01,7,1844.9,18.3,1750.2995741105885,11871.487556825059,0.0,32030.482206223773,5431.205557247465,P90
82.39999999999999,2022-10-01,Granite,2023-06-01,8,1659.3,18.5,1750.506516545331,19145.42519421151,0.0,32384.370556088623,8854.759152322824,P90
82.39999999999999,2022-10-01,Granite,2023-07-01,9,1674.3,18.5,154.17579446365426,28019.05635159894,0.0,2852.2521975776035,12958.81356261451,P90
82.39999999999999,2022-10-01,Granite,2023-08-01,10,1755.2,18.5,248.51226152275103,38562.087083096965,0.0,4597.476838170895,17834.965275932347,P90
82.39999999999999,2022-10-01,Granite,2023-09-01,11,1729.4,18.6,0.0,50881.42433114031,0.0,0.0,23659.862313980248,P90
82.39999999999999,2022-10-01,Granite,2023-10-01,12,1742.2,19.5,0.0,63342.13737364732,0.0,0.0,30879.29196965307,P90
82.39999999999999,2022-10-01,Ready Mixed Concrete,2022-11-01,1,959.9,118.2,1117.8545515049843,0.0,959.9,132130.40798788916,0.0,P90
82.39999999999999,2022-10-01,Ready Mixed Concrete,2022-12-01,2,992.6,118.0,1072.9650671565212,0.0,992.6,126609.8779244695,0.0,P90
82.39999999999999,2022-10-01,Ready Mixed Concrete,2023-01-01,3,808.1,117.6,1123.646526237222,0.0,808.1,132140.8314854973,0.0,P90
82.39999999999999,2022-10-01,Ready Mixed Concrete,2023-02-01,4,897.3,118.1,1054.3545460351465,220.55455150498437,0.0,124519.2718867508,651.1873133184664,P90
82.39999999999999,2022-10-01,Ready Mixed Concrete,2023-03-01,5,1070.7,116.8,1023.1389660177263,1340.6741701664898,0.0,119502.63123087042,3914.76857688615,P90
82.39999999999999,2022-10-01,Ready Mixed Concrete,2023-04-01,6,918.4,117.2,1033.9049948262602,3736.7403150652167,0.0,121173.6653936377,10948.649123141086,P90
82.39999999999999,2022-10-01,Ready Mixed Concrete,2023-05-01,7,1041.6,117.6,1102.7291740254211,7063.96100599909,0.0,129680.95086538952,20768.045357637326,P90
82.39999999999999,2022-10-01,Ready Mixed Concrete,2023-06-01,8,1020.3,117.3,1057.2609949331204,11435.62066295069,0.0,124016.71470565502,33534.9575941029,P90
82.39999999999999,2022-10-01,Ready Mixed Concrete,2023-07-01,9,1046.0,116.3,430.956018811642,16815.48531472855,0.0,50120.18498779397,48891.023552573264,P90
82.39999999999999,2022-10-01,Ready Mixed Concrete,2023-08-01,10,1113.5,116.4,19.07106189343449,23230.57914053183,0.0,2219.8716043957747,67600.98529894763,P90
82.39999999999999,2022-10-01,Ready Mixed Concrete,2023-09-01,11,1081.8,116.6,0.0,30734.63396126823,0.0,0.0,89591.45799709689,P90
82.39999999999999,2022-10-01,Ready Mixed Concrete,2023-10-01,12,1101.2,116.4,0.0,38650.244800816276,0.0,0.0,112472.21237037536,P90
82.39999999999999,2022-10-01,Steel Reinforcement Bars,2022-11-01,1,51.21,1004.5,154.04423033373527,0.0,51.21,154737.42937023708,0.0,P90
82.39999999999999,2022-10-01,Steel Reinforcement Bars,2022-12-01,2,70.5,952.3,150.3120775120128,0.0,70.5,143142.19141468976,0.0,P90
82.39999999999999,2022-10-01,Steel Reinforcement Bars,2023-01-01,3,79.16,922.6,106.51099036012448,0.0,79.16,98267.03970625084,0.0,P90
82.39999999999999,2022-10-01,Steel Reinforcement Bars,2023-02-01,4,100.49,942.1,145.49623348200203,53.554230333735276,0.0,137072.00156339412,1261.3360099353001,P90
82.39999999999999,2022-10-01,Steel Reinforcement Bars,2023-03-01,5,57.1,946.6,122.75158303016904,300.81053817948333,0.0,116196.64849635802,7118.681386017473,P90
82.39999999999999,2022-10-01,Steel Reinforcement Bars,2023-04-01,6,67.2,940.1,123.29909467634732,644.4778363853559,0.0,115913.47890523412,15146.840349646827,P90
82.39999999999999,2022-10-01,Steel Reinforcement Bars,2023-05-01,7,152.2,922.8,81.66515698653201,1048.6413680732305,0.0,75360.60686717174,24192.15636144943,P90
82.39999999999999,2022-10-01,Steel Reinforcement Bars,2023-06-01,8,135.08,885.5,116.24509442623437,1592.6764827912743,0.0,102935.03111443055,35257.87563779184,P90
82.39999999999999,2022-10-01,Steel Reinforcement Bars,2023-07-01,9,141.5,859.2,103.47697665175156,2253.5906921856654,0.0,88907.41833918494,48407.1280681481,P90
82.39999999999999,2022-10-01,Steel Reinforcement Bars,2023-08-01,10,173.95,832.6,50.87584108183256,2963.7200585665887,0.0,42359.225284733795,61689.833019063546,P90
82.39999999999999,2022-10-01,Steel Reinforcement Bars,2023-09-01,11,140.71,830.1,0.0,3823.334519373746,0.0,0.0,79343.74961330366,P90
82.39999999999999,2022-10-01,Steel Reinforcement Bars,2023-10-01,12,162.59,827.4,0.0,4764.545956832655,0.0,0.0,98554.63311708347,P90
82.39999999999999,2022-11-01,Cement,2022-12-01,1,375.31,118.3,387.9763964708475,0.0,375.31,45897.60770250126,0.0,P90
82.39999999999999,2022-11-01,Cement,2023-01-01,2,440.73,118.5,363.52140663398103,0.0,440.73,43077.286686126754,0.0,P90
82.39999999999999,2022-11-01,Cement,2023-02-01,3,282.49,118.4,362.41972131967543,0.0,282.49,42910.49500424958,0.0,P90
82.39999999999999,2022-11-01,Cement,2023-03-01,4,427.87,118.2,366.30505717192074,0.0,39.89360352915253,43297.25775772103,0.0,P90
82.39999999999999,2022-11-01,Cement,2023-04-01,5,315.7,118.0,355.522772497313,435.7978031048286,0.0,41951.687154682935,1285.6035191592443,P90
82.39999999999999,2022-11-01,Cement,2023-05-01,6,398.82,117.2,401.8598976272394,1150.8953275293325,0.0,47097.98000191246,3372.1233096609444,P90
82.39999999999999,2022-11-01,Cement,2023-06-01,7,335.0,116.7,384.4224364292426,2296.1179091257573,0.0,44862.09833129262,6698.923999874398,P90
82.39999999999999,2022-11-01,Cement,2023-07-01,8,425.98,115.2,389.11086787193017,3705.883263219495,0.0,44825.571978846354,10672.943798072147,P90
82.39999999999999,2022-11-01,Cement,2023-08-01,9,378.3,114.4,152.7856918753577,5565.188514940472,0.0,17478.683150540925,15916.43915272975,P90
82.39999999999999,2022-11-01,Cement,2023-09-01,10,446.33,113.5,43.277675408302116,7740.886203090691,0.0,4912.01615884229,21964.76460126984,P90
82.39999999999999,2022-11-01,Cement,2023-10-01,11,335.47,113.2,0.0,10416.554759112842,0.0,0.0,29478.84996828934,P90
82.39999999999999,2022-11-01,Cement,2023-11-01,12,381.97,112.0,0.0,13198.509007010349,0.0,0.0,36955.82521962898,P90
82.39999999999999,2022-11-01,Granite,2022-12-01,1,1692.1,19.3,1676.422098405731,0.0,1692.1,32354.94649923061,0.0,P90
82.39999999999999,2022-11-01,Granite,2023-01-01,2,1309.6,19.0,1637.6841806433163,0.0,1309.6,31115.99943222301,0.0,P90
82.39999999999999,2022-11-01,Granite,2023-02-01,3,1455.1,18.5,1629.2190498582008,0.0,1455.1,30140.552422376717,0.0,P90
82.39999999999999,2022-11-01,Granite,2023-03-01,4,1561.4,18.3,1627.7909425565044,115.02209840573096,0.0,29788.574248784033,52.62261002062191,P90
82.39999999999999,2022-11-01,Granite,2023-04-01,5,1395.2,18.6,1650.438923551106,2033.9283774547782,0.0,30698.163978050572,945.776695516472,P90
82.39999999999999,2022-11-01,Granite,2023-05-01,6,1844.9,18.3,1688.624584081243,5132.353706362026,0.0,30901.82988868675,2348.051820660627,P90
82.39999999999999,2022-11-01,Granite,2023-06-01,7,1659.3,18.5,1600.5021493610027,10044.169977825779,0.0,29609.28976317855,4645.428614744423,P90
82.39999999999999,2022-11-01,Granite,2023-07-01,8,1674.3,18.5,1656.294452646187,16591.425172840638,0.0,30641.44737395446,7673.534142438795,P90
82.39999999999999,2022-11-01,Granite,2023-08-01,9,1755.2,18.5,113.73107511486296,24746.404951936736,0.0,2104.024889624965,11445.212290270742,P90
82.39999999999999,2022-11-01,Granite,2023-09-01,10,1729.4,18.6,444.24447216908425,34527.686880393834,0.0,8262.947182344968,16055.374399383136,P90
82.39999999999999,2022-11-01,Granite,2023-10-01,11,1742.2,19.5,190.88213829684742,45952.46326149713,0.0,3722.2016967885247,22401.82583997985,P90
82.39999999999999,2022-11-01,Granite,2023-11-01,12,1621.1,20.3,0.0,57612.07071771528,0.0,0.0,29238.12588924051,P90
82.39999999999999,2022-11-01,Ready Mixed Concrete,2022-12-01,1,992.6,118.0,1055.2955334910632,0.0,992.6,124524.87295194546,0.0,P90
82.39999999999999,2022-11-01,Ready Mixed Concrete,2023-01-01,2,808.1,117.6,1038.47514600579,0.0,808.1,122124.6771702809,0.0,P90
82.39999999999999,2022-11-01,Ready Mixed Concrete,2023-02-01,3,897.3,118.1,1035.3244501636436,0.0,897.3,122271.81756432631,0.0,P90
82.39999999999999,2022-11-01,Ready Mixed Concrete,2023-03-01,4,1070.7,116.8,1047.6658738780052,0.0,15.404466508936821,122367.374068951,0.0,P90
82.39999999999999,2022-11-01,Ready Mixed Concrete,2023-04-01,5,918.4,117.2,1036.7978997065231,1175.3706794968534,0.0,121512.71384560452,3443.836090925781,P90
82.39999999999999,2022-11-01,Ready Mixed Concrete,2023-05-01,6,1041.6,117.6,1097.4477298417978,3262.865809157351,0.0,129059.85302939541,9592.825478922612,P90
82.39999999999999,2022-11-01,Ready Mixed Concrete,2023-06-01,7,1020.3,117.3,1161.148942399249,6419.326812695853,0.0,136202.7709434319,18824.675878230588,P90
82.39999999999999,2022-11-01,Ready Mixed Concrete,2023-07-01,8,1046.0,116.3,1067.3027049665022,10586.885715940878,0.0,124127.3045876042,30781.370219098106,P90
82.39999999999999,2022-11-01,Ready Mixed Concrete,2023-08-01,9,1113.5,116.4,179.4327173004334,15784.392349027701,0.0,20885.96829377045,45932.58173567061,P90
82.39999999999999,2022-11-01,Ready Mixed Concrete,2023-09-01,10,1081.8,116.6,25.553671966547313,22174.747924513773,0.0,2979.5581512994167,64639.39019995765,P90
82.39999999999999,2022-11-01,Ready Mixed Concrete,2023-10-01,11,1101.2,116.4,0.0,29613.006204966347,0.0,0.0,86173.84805645207,P90
82.39999999999999,2022-11-01,Ready Mixed Concrete,2023-11-01,12,1070.0,115.4,0.0,37261.89720271935,0.0,0.0,107500.57342984535,P90
82.39999999999999,2022-11-01,Steel Reinforcement Bars,2022-12-01,1,70.5,952.3,172.01139539262272,0.0,70.5,163806.4518323946,0.0,P90
82.39999999999999,2022-11-01,Steel Reinforcement Bars,2023-01-01,2,79.16,922.6,93.60452430005148,0.0,79.16,86359.5341192275,0.0,P90
82.39999999999999,2022-11-01,Steel Reinforcement Bars,2023-02-01,3,100.49,942.1,96.04263516397339,0.0,100.49,90481.76658797933,0.0,P90
82.39999999999999,2022-11-01,Steel Reinforcement Bars,2023-03-01,4,57.1,946.6,122.14103959345066,114.91139539262272,0.0,115618.7080791604,2719.378171966417,P90
82.39999999999999,2022-11-01,Steel Reinforcement Bars,2023-04-01,5,67.2,940.1,108.39097529712555,313.3273150852969,0.0,101898.35587682773,7363.975222792191,P90
82.39999999999999,2022-11-01,Steel Reinforcement Bars,2023-05-01,6,152.2,922.8,118.28443004001076,522.7858699419444,0.0,109152.87204092192,12060.670019560657,P90
82.39999999999999,2022-11-01,Steel Reinforcement Bars,2023-06-01,7,135.08,885.5,82.29920986684178,871.5054643920427,0.0,72875.95033708839,19292.952217978847,P90
82.39999999999999,2022-11-01,Steel Reinforcement Bars,2023-07-01,8,141.5,859.2,74.1157420433712,1322.1960341392664,0.0,63680.24556366454,28400.770813311447,P90
82.39999999999999,2022-11-01,Steel Reinforcement Bars,2023-08-01,9,173.95,832.6,117.6763736362866,1858.721033926501,0.0,97977.34868957223,38689.27832118012,P90
82.39999999999999,2022-11-01,Steel Reinforcement Bars,2023-09-01,10,140.71,830.1,81.25014744475524,2510.785243580577,0.0,67445.74739389133,52105.07076740593,P90
82.39999999999999,2022-11-01,Steel Reinforcement Bars,2023-10-01,11,162.59,827.4,0.0,3215.0851952780245,0.0,0.0,66504.03726432595,P90
82.39999999999999,2022-11-01,Steel Reinforcement Bars,2023-11-01,12,187.13,826.7,0.0,4012.521520611758,0.0,0.0,82928.78852724352,P90
82.39999999999999,2022-12-01,Cement,2023-01-01,1,440.73,118.5,377.15027576612,0.0,440.73,44692.30767828522,0.0,P90
82.39999999999999,2022-12-01,Cement,2023-02-01,2,282.49,118.4,351.86724483418664,0.0,282.49,41661.0817883677,0.0,P90
82.39999999999999,2022-12-01,Cement,2023-03-01,3,427.87,118.2,318.41495451072154,0.0,427.87,37636.647623167286,0.0,P90
82.39999999999999,2022-12-01,Cement,2023-04-01,4,315.7,118.0,345.6318511565435,61.45027576612,0.0,40784.558436472136,181.278313510054,P90
82.39999999999999,2022-12-01,Cement,2023-05-01,5,398.82,117.2,373.04640499870993,391.6477963664267,0.0,43721.038665848806,1147.5280433536302,P90
82.39999999999999,2022-12-01,Cement,2023-06-01,6,335.0,116.7,347.62944533963,1104.080271477455,0.0,40568.35627113483,3221.1541920354753,P90
82.39999999999999,2022-12-01,Cement,2023-07-01,7,425.98,115.2,296.81833967079126,2071.1645977450266,0.0,34193.472730075155,5964.954041505677,P90
82.39999999999999,2022-12-01,Cement,2023-08-01,8,378.3,114.4,340.5412663278924,3458.975329011308,0.0,38957.92086791089,9892.669440972342,P90
82.39999999999999,2022-12-01,Cement,2023-09-01,9,446.33,113.5,205.32635171203174,5126.38550561722,0.0,23304.5409193156,14546.118872188863,P90
82.39999999999999,2022-12-01,Cement,2023-10-01,10,335.47,113.2,0.0,7201.474021893922,0.0,0.0,20380.171481959802,P90
82.39999999999999,2022-12-01,Cement,2023-11-01,11,381.97,112.0,0.0,9570.603804498518,0.0,0.0,26797.690652595855,P90
82.39999999999999,2022-12-01,Cement,2023-12-01,12,467.38,111.7,0.0,12059.649938815146,0.0,0.0,33676.5724541413,P90
82.39999999999999,2022-12-01,Granite,2023-01-01,1,1309.6,19.0,1749.7269495514618,0.0,1309.6,33244.81204147777,0.0,P90
82.39999999999999,2022-12-01,Granite,2023-02-01,2,1455.1,18.5,1736.8997107139674,0.0,1455.1,32132.644648208396,0.0,P90
82.39999999999999,2022-12-01,Granite,2023-03-01,3,1561.4,18.3,1694.3644743055145,0.0,1561.4,31006.869879790916,0.0,P90
82.39999999999999,2022-12-01,Granite,2023-04-01,4,1395.2,18.6,1635.9434787704515,354.5269495514617,0.0,30428.5487051304,164.85503154142972,P90
82.39999999999999,2022-12-01,Granite,2023-05-01,5,1844.9,18.3,1472.8380714473012,1996.2536098168907,0.0,26952.936707485613,913.2860264912275,P90
82.39999999999999,2022-12-01,Granite,2023-06-01,6,1659.3,18.5,1573.928426089227,5517.944744387833,0.0,29117.6758826507,2552.049444279373,P90
82.39999999999999,2022-12-01,Granite,2023-07-01,7,1674.3,18.5,1560.0741783377848,10660.579357729228,0.0,28861.37229924902,4930.517952949768,P90
82.39999999999999,2022-12-01,Granite,2023-08-01,8,1755.2,18.5,1535.617425799506,17195.152042517922,0.0,28408.922377290863,7952.757819664539,P90
82.39999999999999,2022-12-01,Granite,2023-09-01,9,1729.4,18.6,489.6086316606122,25329.453153395843,0.0,9106.720548887388,11778.19571632907,P90
82.39999999999999,2022-12-01,Granite,2023-10-01,10,1742.2,19.5,48.91843176588486,35011.028442611554,0.0,953.9094194347548,17067.876365773132,P90
82.39999999999999,2022-12-01,Granite,2023-11-01,11,1621.1,20.3,0.0,46349.32115762677,0.0,0.0,23522.28048749559,P90
82.39999999999999,2022-12-01,Granite,2023-12-01,12,1531.7,21.2,0.0,58266.6225043026,0.0,0.0,30881.309927280377,P90
82.39999999999999,2022-12-01,Ready Mixed Concrete,2023-01-01,1,808.1,117.6,1081.4874660403198,0.0,808.1,127182.9260063416,0.0,P90
82.39999999999999,2022-12-01,Ready Mixed Concrete,2023-02-01,2,897.3,118.1,1080.3442359034193,0.0,897.3,127588.65426019381,0.0,P90
82.39999999999999,2022-12-01,Ready Mixed Concrete,2023-03-01,3,1070.7,116.8,1094.1899892150282,0.0,1070.7,127801.39074031528,0.0,P90
82.39999999999999,2022-12-01,Ready Mixed Concrete,2023-04-01,4,918.4,117.2,1028.872708539977,163.08746604031978,0.0,120583.88144088532,477.846275498137,P90
82.39999999999999,2022-12-01,Ready Mixed Concrete,2023-05-01,5,1041.6,117.6,1030.5825591439184,1283.3191679840588,0.0,121196.5089553248,3772.958353873133,P90
82.39999999999999,2022-12-01,Ready Mixed Concrete,2023-06-01,6,1020.3,117.3,1124.8593002165812,3519.040859142826,0.0,131945.995915405,10319.587319436338,P90
82.39999999999999,2022-12-01,Ready Mixed Concrete,2023-07-01,7,1046.0,116.3,1087.701433360915,6757.93525884157,0.0,126499.67669987441,19648.696765081866,P90
82.39999999999999,2022-12-01,Ready Mixed Concrete,2023-08-01,8,1113.5,116.4,1061.6371911423228,10959.912217684232,0.0,123574.56904896637,31893.344553461116,P90
82.39999999999999,2022-12-01,Ready Mixed Concrete,2023-09-01,9,1081.8,116.6,293.2871921823737,16318.448476743477,0.0,34197.28660846477,47568.277309707235,P90
82.39999999999999,2022-12-01,Ready Mixed Concrete,2023-10-01,10,1101.2,116.4,0.0,22745.286169163635,0.0,0.0,66188.78275226618,P90
82.39999999999999,2022-12-01,Ready Mixed Concrete,2023-11-01,11,1070.0,115.4,0.0,30264.961052726117,0.0,0.0,87314.41263711486,P90
82.39999999999999,2022-12-01,Ready Mixed Concrete,2023-12-01,12,1101.6,115.4,0.0,38046.32312847098,0.0,0.0,109763.64222563877,P90
82.39999999999999,2022-12-01,Steel Reinforcement Bars,2023-01-01,1,79.16,922.6,141.16023117038867,0.0,79.16,130234.42927780059,0.0,P90
82.39999999999999,2022-12-01,Steel Reinforcement Bars,2023-02-01,2,100.49,942.1,128.18227485506864,0.0,100.49,120760.52114096018,0.0,P90
82.39999999999999,2022-12-01,Steel Reinforcement Bars,2023-03-01,3,57.1,946.6,100.1096406092345,0.0,57.1,94763.78580070139,0.0,P90
82.39999999999999,2022-12-01,Steel Reinforcement Bars,2023-04-01,4,67.2,940.1,117.95459215244014,73.96023117038867,0.0,110889.11208250897,1738.2503330820598,P90
82.39999999999999,2022-12-01,Steel Reinforcement Bars,2023-05-01,5,152.2,922.8,111.91178523177182,191.10273719584598,0.0,103272.19541187903,4408.740147108167,P90
82.39999999999999,2022-12-01,Steel Reinforcement Bars,2023-06-01,6,135.08,885.5,107.93527871871788,425.4748838305377,0.0,95576.68930542469,9418.95024079853,P90
82.39999999999999,2022-12-01,Steel Reinforcement Bars,2023-07-01,7,141.5,859.2,111.7320075660585,771.3816226176696,0.0,96000.14090075747,16569.277253827546,P90
82.39999999999999,2022-12-01,Steel Reinforcement Bars,2023-08-01,8,173.95,832.6,150.1754905722235,1196.7501466365732,0.0,125036.1134504333,24910.354302240274,P90
82.39999999999999,2022-12-01,Steel Reinforcement Bars,2023-09-01,9,140.71,830.1,97.29829281313094,1763.2939493741947,0.0,80767.31286418,36592.75768438798,P90
82.39999999999999,2022-12-01,Steel Reinforcement Bars,2023-10-01,10,162.59,827.4,25.76732793724699,2419.6897596778745,0.0,21319.887135278157,50051.28267893684,P90
82.39999999999999,2022-12-01,Steel Reinforcement Bars,2023-11-01,11,187.13,826.7,0.0,3201.721060553778,0.0,0.0,66171.57001899522,P90
82.39999999999999,2022-12-01,Steel Reinforcement Bars,2023-12-01,12,122.5,819.7,0.0,4145.680654242813,0.0,0.0,84955.36080707086,P90
82.39999999999999,2023-01-01,Cement,2023-02-01,1,282.49,118.4,400.27994693211457,0.0,282.49,47393.14571676237,0.0,P90
82.39999999999999,2023-01-01,Cement,2023-03-01,2,427.87,118.2,384.8829386577617,0.0,427.87,45493.16334934744,0.0,P90
82.39999999999999,2023-01-01,Cement,2023-04-01,3,315.7,118.0,359.4783394729675,0.0,315.7,42418.444057810164,0.0,P90
82.39999999999999,2023-01-01,Cement,2023-05-01,4,398.82,117.2,350.58784950820547,1.4599469321145762,0.0,41088.89596236168,4.277644511095708,P90
82.39999999999999,2023-01-01,Cement,2023-06-01,5,335.0,116.7,410.77219005612505,451.62283252199086,0.0,47937.114579549794,1317.6096138829084,P90
82.39999999999999,2023-01-01,Cement,2023-07-01,6,425.98,115.2,382.4933687905392,1170.2840575848345,0.0,44063.23608467012,3370.4180858443237,P90
82.39999999999999,2023-01-01,Cement,2023-08-01,7,378.3,114.4,412.51891680972943,2287.2131321558836,0.0,47192.16408303305,6541.429557965828,P90
82.39999999999999,2023-01-01,Cement,2023-09-01,8,446.33,113.5,319.96793801022085,3746.884396783058,0.0,36316.36096416006,10631.78447587193,P90
82.39999999999999,2023-01-01,Cement,2023-10-01,9,335.47,113.2,250.50819917691769,5699.909030200771,0.0,28357.528146827084,16130.742555468181,P90
82.39999999999999,2023-01-01,Cement,2023-11-01,10,381.97,112.0,0.0,8018.952580428214,0.0,0.0,22453.067225199,P90
82.39999999999999,2023-01-01,Cement,2023-12-01,11,467.38,111.7,0.0,10572.554068665879,0.0,0.0,29523.85723674947,P90
82.39999999999999,2023-01-01,Cement,2024-01-01,12,434.45,110.6,0.0,13409.59375608046,0.0,0.0,37077.526735562475,P90
82.39999999999999,2023-01-01,Granite,2023-02-01,1,1455.1,18.5,1822.8456199425227,0.0,1455.1,33722.64396893667,0.0,P90
82.39999999999999,2023-01-01,Granite,2023-03-01,2,1561.4,18.3,1834.2183771101425,0.0,1561.4,33566.19630111561,0.0,P90
82.39999999999999,2023-01-01,Granite,2023-04-01,3,1395.2,18.6,1712.9932456093707,0.0,1395.2,31861.674368334297,0.0,P90
82.39999999999999,2023-01-01,Granite,2023-05-01,4,1844.9,18.3,1824.215295173721,0.0,22.054380057477374,33383.1399016791,0.0,P90
82.39999999999999,2023-01-01,Granite,2023-06-01,5,1659.3,18.5,1646.8734872651262,1997.7639970526654,0.0,30467.159514404833,923.9658486368578,P90
82.39999999999999,2023-01-01,Granite,2023-07-01,6,1674.3,18.5,1548.3978505160676,5693.521239714702,0.0,28645.36023454725,2633.2535733680497,P90
82.39999999999999,2023-01-01,Granite,2023-08-01,7,1755.2,18.5,1662.5747533920774,11132.593777550457,0.0,30757.63293775343,5148.824622117087,P90
82.39999999999999,2023-01-01,Granite,2023-09-01,8,1729.4,18.6,1685.925705880234,18244.33980265134,0.0,31358.218129372355,8483.618008232874,P90
82.39999999999999,2023-01-01,Granite,2023-10-01,9,1742.2,19.5,243.89859220610174,26891.683678268288,0.0,4756.022548018984,13109.695793155792,P90
82.39999999999999,2023-01-01,Granite,2023-11-01,10,1621.1,20.3,97.86455904297759,37322.702307277315,0.0,1986.6505485724451,18941.27142094324,P90
82.39999999999999,2023-01-01,Granite,2023-12-01,11,1531.7,21.2,0.0,49529.04664216658,0.0,0.0,26250.394720348286,P90
82.39999999999999,2023-01-01,Granite,2024-01-01,12,1664.5,22.3,0.0,61846.48956926194,0.0,0.0,34479.41793486353,P90
82.39999999999999,2023-01-01,Ready Mixed Concrete,2023-02-01,1,897.3,118.1,1077.4260048435838,0.0,897.3,127244.01117202724,0.0,P90
82.39999999999999,2023-01-01,Ready Mixed Concrete,2023-03-01,2,1070.7,116.8,1060.4649796793751,0.0,1070.7,123862.30962655101,0.0,P90
82.39999999999999,2023-01-01,Ready Mixed Concrete,2023-04-01,3,918.4,117.2,1089.0028427338418,0.0,918.4,127631.13316840626,0.0,P90
82.39999999999999,2023-01-01,Ready Mixed Concrete,2023-05-01,4,1041.6,117.6,1075.296126631965,35.82600484358386,0.0,126454.82449191909,105.32845424013655,P90
82.39999999999999,2023-01-01,Ready Mixed Concrete,2023-06-01,5,1020.3,117.3,1038.922116302622,1153.4169893665432,0.0,121865.56424229757,3382.395321317388,P90
82.39999999999999,2023-01-01,Ready Mixed Concrete,2023-07-01,6,1046.0,116.3,1040.783822949197,3334.310816623344,0.0,121043.15860899161,9694.508699332373,P90
82.39999999999999,2023-01-01,Ready Mixed Concrete,2023-08-01,7,1113.5,116.4,1004.4301159786033,6523.000770512111,0.0,116915.66549990943,18981.932242190243,P90
82.39999999999999,2023-01-01,Ready Mixed Concrete,2023-09-01,8,1081.8,116.6,985.6573767972161,10782.3128407035,0.0,114927.6501345554,31430.441930650704,P90
82.39999999999999,2023-01-01,Ready Mixed Concrete,2023-10-01,9,1101.2,116.4,327.2227416879821,16063.008733844086,0.0,38088.727132481115,46743.355415486294,P90
82.39999999999999,2023-01-01,Ready Mixed Concrete,2023-11-01,10,1070.0,115.4,96.35907813068661,22379.334742963278,0.0,11119.837616281236,64564.38073344906,P90
82.39999999999999,2023-01-01,Ready Mixed Concrete,2023-12-01,11,1101.6,115.4,0.0,29649.718128879686,0.0,0.0,85539.4368018179,P90
82.39999999999999,2023-01-01,Ready Mixed Concrete,2024-01-01,12,1071.7,118.1,0.0,37277.22425648408,0.0,0.0,110061.00461726924,P90
82.39999999999999,2023-01-01,Steel Reinforcement Bars,2023-02-01,1,100.49,942.1,143.19315125822467,0.0,100.49,134902.26780037346,0.0,P90
82.39999999999999,2023-01-01,Steel Reinforcement Bars,2023-03-01,2,57.1,946.6,126.67529991564902,0.0,57.1,119910.83890015337,0.0,P90
82.39999999999999,2023-01-01,Steel Reinforcement Bars,2023-04-01,3,67.2,940.1,94.39055959770677,0.0,67.2,88736.56507780413,0.0,P90
82.39999999999999,2023-01-01,Steel Reinforcement Bars,2023-05-01,4,152.2,922.8,113.1121349568242,0.0,9.006848741775315,104379.87813815738,0.0,P90
82.39999999999999,2023-01-01,Steel Reinforcement Bars,2023-06-01,5,135.08,885.5,92.90971631788435,134.7884511738737,0.0,82271.55379948659,2983.8793378616297,P90
82.39999999999999,2023-01-01,Steel Reinforcement Bars,2023-07-01,6,141.5,859.2,127.7422188689771,357.5474619454542,0.0,109756.11445222513,7680.119482588358,P90
82.39999999999999,2023-01-01,Steel Reinforcement Bars,2023-08-01,7,173.95,832.6,138.68850152013562,660.968607673859,0.0,115472.04636566492,13758.061568731375,P90
82.39999999999999,2023-01-01,Steel Reinforcement Bars,2023-09-01,8,140.71,830.1,84.52666187549525,1090.539469720148,0.0,70165.58202284861,22631.420345367373,P90
82.39999999999999,2023-01-01,Steel Reinforcement Bars,2023-10-01,9,162.59,827.4,77.53752677498855,1625.972550635414,0.0,64154.54965362552,33633.24220989354,P90
82.39999999999999,2023-01-01,Steel Reinforcement Bars,2023-11-01,10,187.13,826.7,81.32205803972634,2275.5541330708156,0.0,67228.94538144176,47030.01504524109,P90
82.39999999999999,2023-01-01,Steel Reinforcement Bars,2023-12-01,11,122.5,819.7,0.0,3074.292377381713,0.0,0.0,62999.93654349476,P90
82.39999999999999,2023-01-01,Steel Reinforcement Bars,2024-01-01,12,179.85,833.7,0.0,3893.218148467599,0.0,0.0,81144.39925943593,P90
82.39999999999999,2023-02-01,Cement,2023-03-01,1,427.87,118.2,442.8035756765871,0.0,427.87,52339.3826449726,0.0,P90
82.39999999999999,2023-02-01,Cement,2023-04-01,2,315.7,118.0,447.4545484863132,0.0,315.7,52799.63672138495,0.0,P90
82.39999999999999,2023-02-01,Cement,2023-05-01,3,398.82,117.2,406.0426043652846,0.0,398.82,47588.19323161136,0.0,P90
82.39999999999999,2023-02-01,Cement,2023-06-01,4,335.0,116.7,410.12716971515323,107.80357567658712,0.0,47861.84070575838,314.51693203644294,P90
82.39999999999999,2023-02-01,Cement,2023-07-01,5,425.98,115.2,459.4144802199537,572.0816998394873,0.0,52924.54812133867,1647.5952955377236,P90
82.39999999999999,2023-02-01,Cement,2023-08-01,6,378.3,114.4,415.4261357126742,1490.0824283676723,0.0,47524.749925529926,4261.635745131543,P90
82.39999999999999,2023-02-01,Cement,2023-09-01,7,446.33,113.5,333.08475839594723,2750.1803266110105,0.0,37805.12007794001,7803.636676758743,P90
82.39999999999999,2023-02-01,Cement,2023-10-01,8,335.47,113.2,475.1097693352392,4580.552705074302,0.0,53782.42588874908,12962.964155360276,P90
82.39999999999999,2023-02-01,Cement,2023-11-01,9,381.97,112.0,187.5602171652866,6779.8512192502685,0.0,21006.7443225121,18983.583413900753,P90
82.39999999999999,2023-02-01,Cement,2023-12-01,10,467.38,111.7,0.0,9226.824491822183,0.0,0.0,25765.90739341345,P90
82.39999999999999,2023-02-01,Cement,2024-01-01,11,434.45,110.6,0.0,12181.837533729335,0.0,0.0,33682.78078076161,P90
82.39999999999999,2023-02-01,Cement,2024-02-01,12,367.77,110.6,0.0,15391.090792801773,0.0,0.0,42556.3660420969,P90
82.39999999999999,2023-02-01,Granite,2023-03-01,1,1561.4,18.3,1681.6310511457505,0.0,1561.4,30773.848235967234,0.0,P90
82.39999999999999,2023-02-01,Granite,2023-04-01,2,1395.2,18.6,1688.6859099285027,0.0,1395.2,31409.557924670153,0.0,P90
82.39999999999999,2023-02-01,Granite,2023-05-01,3,1844.9,18.3,1627.5632248386423,0.0,1844.9,29784.407014547156,0.0,P90
82.39999999999999,2023-02-01,Granite,2023-06-01,4,1659.3,18.5,1600.0772463484027,22.331051145750507,0.0,29601.42905744545,10.32811115490961,P90
82.39999999999999,2023-02-01,Granite,2023-07-01,5,1674.3,18.5,1540.7557748220659,1718.3480122200037,0.0,28503.981834208218,794.7359556517517,P90
82.39999999999999,2023-02-01,Granite,2023-08-01,6,1755.2,18.5,1650.3089870021006,4961.0281981329,0.0,30530.71625953886,2294.4755416364665,P90
82.39999999999999,2023-02-01,Granite,2023-09-01,7,1729.4,18.6,1599.9948278700826,9829.5856303942,0.0,29759.90379838354,4570.757318133304,P90
82.39999999999999,2023-02-01,Granite,2023-10-01,8,1742.2,19.5,1640.4038734531257,16226.098837477566,0.0,31987.87553233595,7910.223183270315,P90
82.39999999999999,2023-02-01,Granite,2023-11-01,9,1621.1,20.3,152.94714995748473,24394.021031563032,0.0,3104.82714413694,12379.96567351824,P90
82.39999999999999,2023-02-01,Granite,2023-12-01,10,1531.7,21.2,0.0,34251.338053518586,0.0,0.0,18153.20916836485,P90
82.39999999999999,2023-02-01,Granite,2024-01-01,11,1664.5,22.3,0.0,45616.258948927265,0.0,0.0,25431.06436402695,P90
82.39999999999999,2023-02-01,Granite,2024-02-01,12,1201.2,22.2,0.0,57597.426994293426,0.0,0.0,31966.571981832854,P90
82.39999999999999,2023-02-01,Ready Mixed Concrete,2023-03-01,1,1070.7,116.8,1012.0865224126744,0.0,1070.7,118211.70581780036,0.0,P90
82.39999999999999,2023-02-01,Ready Mixed Concrete,2023-04-01,2,918.4,117.2,1001.6271433576363,0.0,918.4,117390.70120151498,0.0,P90
82.39999999999999,2023-02-01,Ready Mixed Concrete,2023-05-01,3,1041.6,117.6,1014.6130126792128,0.0,1041.6,119318.49029107542,0.0,P90
82.39999999999999,2023-02-01,Ready Mixed Concrete,2023-06-01,4,1020.3,117.3,1053.571502458056,0.0,8.213477587325542,123583.93723832998,0.0,P90
82.39999999999999,2023-02-01,Ready Mixed Concrete,2023-07-01,5,1046.0,116.3,950.0942235286283,967.7136657703109,0.0,110495.95819637946,2813.627483227179,P90
82.39999999999999,2023-02-01,Ready Mixed Concrete,2023-08-01,6,1113.5,116.4,1071.9556997599157,2882.5403442198344,0.0,124775.6434520542,8388.192401679718,P90
82.39999999999999,2023-02-01,Ready Mixed Concrete,2023-09-01,7,1081.8,116.6,1056.9581175965943,5882.638525127414,0.0,123241.3165117629,17147.89130074641,P90
82.39999999999999,2023-02-01,Ready Mixed Concrete,2023-10-01,8,1101.2,116.4,899.1097815271335,9813.430929563621,0.0,104656.37856975834,28557.084005030138,P90
82.39999999999999,2023-02-01,Ready Mixed Concrete,2023-11-01,9,1070.0,115.4,25.772947800650172,14847.379033759746,0.0,2974.19817619503,42834.68851239687,P90
82.39999999999999,2023-02-01,Ready Mixed Concrete,2023-12-01,10,1101.6,115.4,167.5321863971178,20906.685255552464,0.0,19333.214310227395,60315.78696226886,P90
82.39999999999999,2023-02-01,Ready Mixed Concrete,2024-01-01,11,1071.7,118.1,17.9103712322368,27895.001258872315,0.0,2115.2148425271657,82359.99121682052,P90
82.39999999999999,2023-02-01,Ready Mixed Concrete,2024-02-01,12,874.95,118.0,0.0,35105.84020999282,0.0,0.0,103562.22861947883,P90
82.39999999999999,2023-02-01,Steel Reinforcement Bars,2023-03-01,1,57.1,946.6,127.33355169119262,0.0,57.1,120533.94003088294,0.0,P90
82.39999999999999,2023-02-01,Steel Reinforcement Bars,2023-04-01,2,67.2,940.1,118.13762288521502,0.0,67.2,111061.17927439064,0.0,P90
82.39999999999999,2023-02-01,Steel Reinforcement Bars,2023-05-01,3,152.2,922.8,122.63590890108657,0.0,152.2,113168.41673392268,0.0,P90
82.39999999999999,2023-02-01,Steel Reinforcement Bars,2023-06-01,4,135.08,885.5,93.74883409295533,0.0,7.746448308807388,83014.59258931194,0.0,P90
82.39999999999999,2023-02-01,Steel Reinforcement Bars,2023-07-01,5,141.5,859.2,107.08208837960794,103.97117457640763,0.0,92004.93033575914,2233.3008299012363,P90
82.39999999999999,2023-02-01,Steel Reinforcement Bars,2023-08-01,6,173.95,832.6,103.03302535316146,298.12825805390185,0.0,85785.29690904224,6205.539691391968,P90
82.39999999999999,2023-02-01,Steel Reinforcement Bars,2023-09-01,7,140.71,830.1,63.49665456005164,619.2741756243513,0.0,52708.57295029887,12851.487329644351,P90
82.39999999999999,2023-02-01,Steel Reinforcement Bars,2023-10-01,8,162.59,827.4,101.5550272684633,1025.6221815744088,0.0,84026.62956192654,21214.994825866648,P90
82.39999999999999,2023-02-01,Steel Reinforcement Bars,2023-11-01,9,187.13,826.7,118.74555899623395,1510.463212877628,0.0,98166.95362218661,31217.498452148382,P90
82.39999999999999,2023-02-01,Steel Reinforcement Bars,2023-12-01,10,122.5,819.7,0.0,2123.4308987408986,0.0,0.0,43514.40769244787,P90
82.39999999999999,2023-02-01,Steel Reinforcement Bars,2024-01-01,11,179.85,833.7,0.0,2780.6036118726324,0.0,0.0,57954.73078045534,P90
82.39999999999999,2023-02-01,Steel Reinforcement Bars,2024-02-01,12,60.8,829.6,0.0,3675.5718840006,0.0,0.0,76231.36087417246,P90
82.39999999999999,2023-03-01,Cement,2023-04-01,1,315.7,118.0,445.8880248446675,0.0,315.7,52614.786931670766,0.0,P90
82.39999999999999,2023-03-01,Cement,2023-05-01,2,398.82,117.2,419.6171346993985,0.0,398.82,49179.12818676951,0.0,P90
82.39999999999999,2023-03-01,Cement,2023-06-01,3,335.0,116.7,406.1521731907409,0.0,335.0,47397.95861135946,0.0,P90
82.39999999999999,2023-03-01,Cement,2023-07-01,4,425.98,115.2,402.5667613064795,19.908024844667466,0.0,46375.690902506445,57.33511155264231,P90
82.39999999999999,2023-03-01,Cement,2023-08-01,5,378.3,114.4,354.6259073475232,507.1131843887334,0.0,40569.20380055666,1450.3437073517775,P90
82.39999999999999,2023-03-01,Cement,2023-09-01,6,446.33,113.5,369.2786005284834,1332.4405171235403,0.0,41913.12115998287,3780.799967338046,P90
82.39999999999999,2023-03-01,Cement,2023-10-01,7,335.47,113.2,352.2344835113045,2671.1946111648267,0.0,39872.94353347967,7559.48074959646,P90
82.39999999999999,2023-03-01,Cement,2023-11-01,8,381.97,112.0,334.3485013458089,4318.074612553636,0.0,37447.0321507306,12090.608915150182,P90
82.39999999999999,2023-03-01,Cement,2023-12-01,9,467.38,111.7,108.87913594378506,6248.823214470929,0.0,12161.799484920792,17449.838826410072,P90
82.39999999999999,2023-03-01,Cement,2024-01-01,10,434.45,110.6,47.72319901773977,8564.736299899527,0.0,5278.185811362018,23681.49586922219,P90
82.39999999999999,2023-03-01,Cement,2024-02-01,11,367.77,110.6,0.0,11281.677886673933,0.0,0.0,31193.839356653425,P90
82.39999999999999,2023-03-01,Cement,2024-03-01,12,318.63,110.8,0.0,14156.638609392126,0.0,0.0,39213.88894801619,P90
82.39999999999999,2023-03-01,Granite,2023-04-01,1,1395.2,18.6,1511.7663256798962,0.0,1395.2,28118.853657646072,0.0,P90
82.39999999999999,2023-03-01,Granite,2023-05-01,2,1844.9,18.3,1532.6598970366276,0.0,1844.9,28047.676115770286,0.0,P90
82.39999999999999,2023-03-01,Granite,2023-06-01,3,1659.3,18.5,1537.5495762267715,0.0,1659.3,28444.667160195273,0.0,P90
82.39999999999999,2023-03-01,Granite,2023-07-01,4,1674.3,18.5,1510.7527144817818,0.0,162.53367432010373,27948.925217912965,0.0,P90
82.39999999999999,2023-03-01,Granite,2023-08-01,5,1755.2,18.5,1496.3602030848654,1289.2262227165236,0.0,27682.663757070008,596.2671280063922,P90
82.39999999999999,2023-03-01,Granite,2023-09-01,6,1729.4,18.6,1502.3292729400357,4141.802021659818,0.0,27943.324476684666,1925.9379400718155,P90
82.39999999999999,2023-03-01,Granite,2023-10-01,7,1742.2,19.5,1460.2350645839435,8492.330535084893,0.0,28474.5837593869,4140.011135853886,P90
82.39999999999999,2023-03-01,Granite,2023-11-01,8,1621.1,20.3,666.1908491425852,14460.319251594834,0.0,13523.67423759448,7338.612020184379,P90
82.39999999999999,2023-03-01,Granite,2023-12-01,9,1531.7,21.2,0.0,22020.03724104481,0.0,0.0,11670.61973775375,P90
82.39999999999999,2023-03-01,Granite,2024-01-01,10,1664.5,22.3,0.0,30907.190295078733,0.0,0.0,17230.758589506393,P90
82.39999999999999,2023-03-01,Granite,2024-02-01,11,1201.2,22.2,0.0,40923.834198255245,0.0,0.0,22712.72798003166,P90
82.39999999999999,2023-03-01,Granite,2024-03-01,12,1688.6,22.4,0.0,50453.078101431754,0.0,0.0,28253.72373680178,P90
82.39999999999999,2023-03-01,Ready Mixed Concrete,2023-04-01,1,918.4,117.2,511.13268119944365,0.0,918.4,59904.7502365748,0.0,P90
82.39999999999999,2023-03-01,Ready Mixed Concrete,2023-05-01,2,1041.6,117.6,928.9188497854692,0.0,1041.6,109240.85673477118,0.0,P90
82.39999999999999,2023-03-01,Ready Mixed Concrete,2023-06-01,3,1020.3,117.3,941.1190895701003,0.0,1020.3,110393.26920657276,0.0,P90
82.39999999999999,2023-03-01,Ready Mixed Concrete,2023-07-01,4,1046.0,116.3,938.3805412449796,0.0,534.8673188005564,109133.65694679112,0.0,P90
82.39999999999999,2023-03-01,Ready Mixed Concrete,2023-08-01,5,1113.5,116.4,940.4040259078704,326.5515309849129,0.0,109463.02861567611,950.2649551660967,P90
82.39999999999999,2023-03-01,Ready Mixed Concrete,2023-09-01,6,1081.8,116.6,957.4433801982726,1625.922151539926,0.0,111637.89813111858,4739.563071738885,P90
82.39999999999999,2023-03-01,Ready Mixed Concrete,2023-10-01,7,1101.2,116.4,960.4854758427355,3844.273313339919,0.0,111800.50938809442,11186.835341819164,P90
82.39999999999999,2023-03-01,Ready Mixed Concrete,2023-11-01,8,1070.0,115.4,967.0093826681812,7034.228501047782,0.0,111592.88275990811,20293.749225522854,P90
82.39999999999999,2023-03-01,Ready Mixed Concrete,2023-12-01,9,1101.6,115.4,0.0,11150.027068953916,0.0,0.0,32167.82809393205,P90
82.39999999999999,2023-03-01,Ready Mixed Concrete,2024-01-01,10,1071.7,118.1,0.0,16256.211112702786,0.0,0.0,47996.46331025498,P90
82.39999999999999,2023-03-01,Ready Mixed Concrete,2024-02-01,11,874.95,118.0,0.0,22526.154539119838,0.0,0.0,66452.15589040352,P90
82.39999999999999,2023-03-01,Ready Mixed Concrete,2024-03-01,12,1112.0,118.0,0.0,28559.04796553689,0.0,0.0,84249.19149833384,P90
82.39999999999999,2023-03-01,Steel Reinforcement Bars,2023-04-01,1,67.2,940.1,45.08361354963952,0.0,67.2,42383.105098016116,0.0,P90
82.39999999999999,2023-03-01,Steel Reinforcement Bars,2023-05-01,2,152.2,922.8,72.3166249403517,0.0,152.2,66733.78149495655,0.0,P90
82.39999999999999,2023-03-01,Steel Reinforcement Bars,2023-06-01,3,135.08,885.5,74.27940494347276,0.0,135.08,65774.41307744512,0.0,P90
82.39999999999999,2023-03-01,Steel Reinforcement Bars,2023-07-01,4,141.5,859.2,83.2444669454577,0.0,96.41638645036048,71523.64599953726,0.0,P90
82.39999999999999,2023-03-01,Steel Reinforcement Bars,2023-08-01,5,173.95,832.6,87.03291009201398,0.0,56.549761510008764,72463.60094261084,0.0,P90
82.39999999999999,2023-03-01,Steel Reinforcement Bars,2023-09-01,6,140.71,830.1,92.20478251451242,50.96964343346397,0.0,76539.18996529675,1057.7475253529612,P90
82.39999999999999,2023-03-01,Steel Reinforcement Bars,2023-10-01,7,162.59,827.4,93.12713477291551,163.30375381238562,0.0,77053.39131111029,3377.938147609197,P90
82.39999999999999,2023-03-01,Steel Reinforcement Bars,2023-11-01,8,187.13,826.7,91.44625725048788,338.13077428332133,0.0,75598.62086897832,6988.317777500545,P90
82.39999999999999,2023-03-01,Steel Reinforcement Bars,2023-12-01,9,122.5,819.7,60.21026408563348,669.7925772687695,0.0,49354.35347099377,13725.724389680261,P90
82.39999999999999,2023-03-01,Steel Reinforcement Bars,2024-01-01,10,179.85,833.7,0.0,1037.2315150271334,0.0,0.0,21618.497851953027,P90
82.39999999999999,2023-03-01,Steel Reinforcement Bars,2024-02-01,11,60.8,829.6,0.0,1615.1667100359848,0.0,0.0,33498.55756614633,P90
82.39999999999999,2023-03-01,Steel Reinforcement Bars,2024-03-01,12,91.23,821.7,0.0,2222.8821691304697,0.0,0.0,45663.556959362686,P90
82.39999999999999,2023-04-01,Cement,2023-05-01,1,398.82,117.2,52.875318767430024,0.0,398.82,6196.987359542799,0.0,P90
82.39999999999999,2023-04-01,Cement,2023-06-01,2,335.0,116.7,320.6808139275163,0.0,335.0,37423.45098534115,0.0,P90
82.39999999999999,2023-04-01,Cement,2023-07-01,3,425.98,115.2,337.5380447462072,0.0,425.98,38884.38275476307,0.0,P90
82.39999999999999,2023-04-01,Cement,2023-08-01,4,378.3,114.4,341.93425469494696,0.0,325.42468123257,39117.27873710194,0.0,P90
82.39999999999999,2023-04-01,Cement,2023-09-01,5,446.33,113.5,347.8753634391409,0.0,72.77386730505367,39483.853750342496,0.0,P90
82.39999999999999,2023-04-01,Cement,2023-10-01,6,335.47,113.2,359.9377368825536,375.6241774411535,0.0,40744.95181510507,1063.0164221584644,P90
82.39999999999999,2023-04-01,Cement,2023-11-01,7,381.97,112.0,367.5555747686416,1046.682609577254,0.0,41166.224374087855,2930.711306816311,P90
82.39999999999999,2023-04-01,Cement,2023-12-01,8,467.38,111.7,386.30683985450486,1980.2064051524953,0.0,43150.47401174819,5529.7263863883445,P90
82.39999999999999,2023-04-01,Cement,2024-01-01,9,434.45,110.6,209.4169301106126,3306.5979376102905,0.0,23161.512470233753,9142.743297492454,P90
82.39999999999999,2023-04-01,Cement,2024-02-01,10,367.77,110.6,0.0,5067.225044836727,0.0,0.0,14010.87724897355,P90
82.39999999999999,2023-04-01,Cement,2024-03-01,11,318.63,110.8,0.0,7263.298991917668,0.0,0.0,20119.33820761194,P90
82.39999999999999,2023-04-01,Cement,2024-04-01,12,395.86,110.2,0.0,9591.559869109222,0.0,0.0,26424.74743939591,P90
82.39999999999999,2023-04-01,Granite,2023-05-01,1,1844.9,18.3,1481.9050577606804,0.0,1844.9,27118.862557020453,0.0,P90
82.39999999999999,2023-04-01,Granite,2023-06-01,2,1659.3,18.5,1510.6137273468885,0.0,1659.3,27946.35395591744,0.0,P90
82.39999999999999,2023-04-01,Granite,2023-07-01,3,1674.3,18.5,1523.5316146475693,0.0,1674.3,28185.334870980034,0.0,P90
82.39999999999999,2023-04-01,Granite,2023-08-01,4,1755.2,18.5,1495.372034541669,0.0,273.29494223931965,27664.382639020878,0.0,P90
82.39999999999999,2023-04-01,Granite,2023-09-01,5,1729.4,18.6,1484.1905288550706,1263.1187851075688,0.0,27605.943836704315,587.3502350750196,P90
82.39999999999999,2023-04-01,Granite,2023-10-01,6,1742.2,19.5,1443.4197714358086,4036.969184862707,0.0,28146.685542998268,1968.0224776205698,P90
82.39999999999999,2023-04-01,Granite,2023-11-01,7,1621.1,20.3,1459.20100877627,8427.291619159516,0.0,29621.780478158285,4276.850496723455,P90
82.39999999999999,2023-04-01,Granite,2023-12-01,8,1531.7,21.2,833.5492746613854,14391.204582311395,0.0,17671.24462282137,7627.338428625039,P90
82.39999999999999,2023-04-01,Granite,2024-01-01,9,1664.5,22.3,0.0,21665.73731689908,0.0,0.0,12078.648554171237,P90
82.39999999999999,2023-04-01,Granite,2024-02-01,10,1201.2,22.2,0.0,30862.771060263036,0.0,0.0,17128.837938445988,P90
82.39999999999999,2023-04-01,Granite,2024-03-01,11,1688.6,22.4,0.0,40405.95407828838,0.0,0.0,22627.33428384149,P90
82.39999999999999,2023-04-01,Granite,2024-04-01,12,1470.5,22.3,0.0,50167.23709631372,0.0,0.0,27968.2346811949,P90
82.39999999999999,2023-04-01,Ready Mixed Concrete,2023-05-01,1,1041.6,117.6,483.12042960601934,0.0,1041.6,56814.96252166787,0.0,P90
82.39999999999999,2023-04-01,Ready Mixed Concrete,2023-06-01,2,1020.3,117.3,891.1070787812457,0.0,1020.3,104526.86034104013,0.0,P90
82.39999999999999,2023-04-01,Ready Mixed Concrete,2023-07-01,3,1046.0,116.3,905.358479576664,0.0,1046.0,105293.19117476602,0.0,P90
82.39999999999999,2023-04-01,Ready Mixed Concrete,2023-08-01,4,1113.5,116.4,899.5089703728011,0.0,630.3795703939807,104702.84415139405,0.0,P90
82.39999999999999,2023-04-01,Ready Mixed Concrete,2023-09-01,5,1081.8,116.6,903.2693764149872,292.4275083872651,0.0,105321.2092899875,852.4261869488778,P90
82.39999999999999,2023-04-01,Ready Mixed Concrete,2023-10-01,6,1101.2,116.4,918.56030278976,1470.8134963511945,0.0,106920.41924472808,4280.067274381976,P90
82.39999999999999,2023-04-01,Ready Mixed Concrete,2023-11-01,7,1070.0,115.4,911.9233794860696,3579.908454687925,0.0,105235.95799269243,10328.035891774663,P90
82.39999999999999,2023-04-01,Ready Mixed Concrete,2023-12-01,8,1101.6,115.4,909.5360667694162,6560.672789439643,0.0,104960.46210519063,18927.54099753337,P90
82.39999999999999,2023-04-01,Ready Mixed Concrete,2024-01-01,9,1071.7,118.1,0.0,10489.897426981119,0.0,0.0,30971.422153161755,P90
82.39999999999999,2023-04-01,Ready Mixed Concrete,2024-02-01,10,874.95,118.0,0.0,15527.795444008665,0.0,0.0,45806.996559825566,P90
82.39999999999999,2023-04-01,Ready Mixed Concrete,2024-03-01,11,1112.0,118.0,0.0,21238.179527805627,0.0,0.0,62652.6296070266,P90
82.39999999999999,2023-04-01,Ready Mixed Concrete,2024-04-01,12,1114.9,119.2,0.0,26945.663611602587,0.0,0.0,80298.07756257572,P90
82.39999999999999,2023-04-01,Steel Reinforcement Bars,2023-05-01,1,152.2,922.8,62.5624462097969,0.0,152.2,57732.62536240058,0.0,P90
82.39999999999999,2023-04-01,Steel Reinforcement Bars,2023-06-01,2,135.08,885.5,69.4621229710079,0.0,135.08,61508.70989082749,0.0,P90
82.39999999999999,2023-04-01,Steel Reinforcement Bars,2023-07-01,3,141.5,859.2,69.58339249768703,0.0,141.5,59786.0508340127,0.0,P90
82.39999999999999,2023-04-01,Steel Reinforcement Bars,2023-08-01,4,173.95,832.6,72.15225094997801,0.0,111.38755379020309,60073.96414095169,0.0,P90
82.39999999999999,2023-04-01,Steel Reinforcement Bars,2023-09-01,5,140.71,830.1,73.96690141935855,0.0,8.685430819195204,61399.924868209535,0.0,P90
82.39999999999999,2023-04-01,Steel Reinforcement Bars,2023-10-01,6,162.59,827.4,76.42107731756802,39.017961678491844,0.0,63230.799372555775,807.0865373196038,P90
82.39999999999999,2023-04-01,Steel Reinforcement Bars,2023-11-01,7,187.13,826.7,74.76215965046389,125.64817430696166,0.0,61805.877383038496,2596.833642489131,P90
82.39999999999999,2023-04-01,Steel Reinforcement Bars,2023-12-01,8,122.5,819.7,80.51455527347105,350.8752883547901,0.0,65997.78095766422,7190.311846610537,P90
82.39999999999999,2023-04-01,Steel Reinforcement Bars,2024-01-01,9,179.85,833.7,35.38329416465466,595.1734797201865,0.0,29499.05234507259,12404.903251067988,P90
82.39999999999999,2023-04-01,Steel Reinforcement Bars,2024-02-01,10,60.8,829.6,0.0,1033.2838307360469,0.0,0.0,21430.306649465612,P90
82.39999999999999,2023-04-01,Steel Reinforcement Bars,2024-03-01,11,91.23,821.7,0.0,1521.4787370253782,0.0,0.0,31254.97695534384,P90
82.39999999999999,2023-04-01,Steel Reinforcement Bars,2024-04-01,12,111.96,819.4,0.0,2024.3269374793645,0.0,0.0,41468.33731426478,P90
82.39999999999999,2023-05-01,Cement,2023-06-01,1,335.0,116.7,0.0,0.0,335.0,0.0,0.0,P90
82.39999999999999,2023-05-01,Cement,2023-07-01,2,425.98,115.2,329.54593304225375,0.0,425.98,37963.69148646764,0.0,P90
82.39999999999999,2023-05-01,Cement,2023-08-01,3,378.3,114.4,341.1468264621396,0.0,378.3,39027.19694726877,0.0,P90
82.39999999999999,2023-05-01,Cement,2023-09-01,4,446.33,113.5,339.66619840445003,0.0,446.33,38552.11351890508,0.0,P90
82.39999999999999,2023-05-01,Cement,2023-10-01,5,335.47,113.2,339.0765480038065,0.0,5.924066957746277,38383.4652340309,0.0,P90
82.39999999999999,2023-05-01,Cement,2023-11-01,6,381.97,112.0,345.03062682610744,288.72275950439325,0.0,38643.43020452403,808.4237266123012,P90
82.39999999999999,2023-05-01,Cement,2023-12-01,7,467.38,111.7,335.23023216562126,831.7017174132367,0.0,37445.21693289989,2322.527045876464,P90
82.39999999999999,2023-05-01,Cement,2024-01-01,8,434.45,110.6,338.34758462983825,1746.6872233258866,0.0,37421.242860060105,4829.590172496077,P90
82.39999999999999,2023-05-01,Cement,2024-02-01,9,367.77,110.6,229.81898527189773,3073.383356064644,0.0,25417.97977107189,8497.90497951874,P90
82.39999999999999,2023-05-01,Cement,2024-03-01,10,318.63,110.8,0.0,4784.449720969023,0.0,0.0,13252.925727084192,P90
82.39999999999999,2023-05-01,Cement,2024-04-01,11,395.86,110.2,0.0,6756.63367050324,0.0,0.0,18614.52576223643,P90
82.39999999999999,2023-05-01,Cement,2024-05-01,12,330.62,110.2,0.0,9023.876605309355,0.0,0.0,24860.780047627275,P90
82.39999999999999,2023-05-01,Granite,2023-06-01,1,1659.3,18.5,1523.1115584910335,0.0,1659.3,28177.56383208412,0.0,P90
82.39999999999999,2023-05-01,Granite,2023-07-01,2,1674.3,18.5,1475.2299105592656,0.0,1674.3,27291.753345346413,0.0,P90
82.39999999999999,2023-05-01,Granite,2023-08-01,3,1755.2,18.5,1483.7981604164934,0.0,1755.2,27450.265967705127,0.0,P90
82.39999999999999,2023-05-01,Granite,2023-09-01,4,1729.4,18.6,1449.39651222523,0.0,206.28844150896657,26958.77512738928,0.0,P90
82.39999999999999,2023-05-01,Granite,2023-10-01,5,1742.2,19.5,1408.316153414011,1256.141469050299,0.0,27462.164991573216,612.3689661620208,P90
82.39999999999999,2023-05-01,Granite,2023-11-01,6,1621.1,20.3,1216.7332977871606,4117.1810985170905,0.0,24699.68594507936,2089.4694074974236,P90
82.39999999999999,2023-05-01,Granite,2023-12-01,7,1531.7,21.2,662.5243720447656,8517.017240209112,0.0,14045.51668734903,4514.01913731083,P90
82.39999999999999,2023-05-01,Granite,2024-01-01,8,1664.5,22.3,1285.4751373639965,14192.369535315145,0.0,28666.095563217124,7912.2460159381935,P90
82.39999999999999,2023-05-01,Granite,2024-02-01,9,1201.2,22.2,0.0,21547.75512820834,0.0,0.0,11959.00409615563,P90
82.39999999999999,2023-05-01,Granite,2024-03-01,10,1688.6,22.4,0.0,29078.2650931463,0.0,0.0,16283.828452161926,P90
82.39999999999999,2023-05-01,Granite,2024-04-01,11,1470.5,22.3,0.0,38112.350195448256,0.0,0.0,21247.635233962403,P90
82.39999999999999,2023-05-01,Granite,2024-05-01,12,1911.9,22.1,0.0,46705.03529775021,0.0,0.0,25804.532002006996,P90
82.39999999999999,2023-05-01,Ready Mixed Concrete,2023-06-01,1,1020.3,117.3,479.70913463888553,0.0,1020.3,56269.88149314127,0.0,P90
82.39999999999999,2023-05-01,Ready Mixed Concrete,2023-07-01,2,1046.0,116.3,903.682266181333,0.0,1046.0,105098.24755688902,0.0,P90
82.39999999999999,2023-05-01,Ready Mixed Concrete,2023-08-01,3,1113.5,116.4,941.8786364389264,0.0,1113.5,109634.67328149104,0.0,P90
82.39999999999999,2023-05-01,Ready Mixed Concrete,2023-09-01,4,1081.8,116.6,935.9214111847508,0.0,602.0908653611144,109128.43654414194,0.0,P90
82.39999999999999,2023-05-01,Ready Mixed Concrete,2023-10-01,5,1101.2,116.4,930.1212082401404,282.19140082021863,0.0,108266.10863915234,821.1769763868363,P90
82.39999999999999,2023-05-01,Ready Mixed Concrete,2023-11-01,6,1070.0,115.4,923.2242249666725,1537.4614380793637,0.0,106540.07556115401,4435.576248858964,P90
82.39999999999999,2023-05-01,Ready Mixed Concrete,2023-12-01,7,1101.6,115.4,908.7885944091028,3697.0528865232595,0.0,104874.20379481047,10665.997577619604,P90
82.39999999999999,2023-05-01,Ready Mixed Concrete,2024-01-01,8,1071.7,118.1,904.2848976062368,6816.665543207296,0.0,106796.04640729656,20126.20501631954,P90
82.39999999999999,2023-05-01,Ready Mixed Concrete,2024-02-01,9,874.95,118.0,0.0,11056.252424858005,0.0,0.0,32615.944653331117,P90
82.39999999999999,2023-05-01,Ready Mixed Concrete,2024-03-01,10,1112.0,118.0,0.0,15967.577900917815,0.0,0.0,47104.354807707554,P90
82.39999999999999,2023-05-01,Ready Mixed Concrete,2024-04-01,11,1114.9,119.2,0.0,21780.28827458386,0.0,0.0,64905.259058259915,P90
82.39999999999999,2023-05-01,Ready Mixed Concrete,2024-05-01,12,1151.8,120.4,0.0,27556.09864824991,0.0,0.0,82943.85693123224,P90
82.39999999999999,2023-05-01,Steel Reinforcement Bars,2023-06-01,1,135.08,885.5,59.80117884323143,0.0,135.08,52953.94386568143,0.0,P90
82.39999999999999,2023-05-01,Steel Reinforcement Bars,2023-07-01,2,141.5,859.2,67.73987531558394,0.0,141.5,58202.10087114973,0.0,P90
82.39999999999999,2023-05-01,Steel Reinforcement Bars,2023-08-01,3,173.95,832.6,74.14772548326144,0.0,173.95,61735.39623736348,0.0,P90
82.39999999999999,2023-05-01,Steel Reinforcement Bars,2023-09-01,4,140.71,830.1,77.26483858058145,0.0,80.90882115676857,64137.54250574067,0.0,P90
82.39999999999999,2023-05-01,Steel Reinforcement Bars,2023-10-01,5,162.59,827.4,71.43197395463001,0.0,35.04894584118463,59102.81525006087,0.0,P90
82.39999999999999,2023-05-01,Steel Reinforcement Bars,2023-11-01,6,187.13,826.7,87.4787255155733,14.558779642076814,0.0,72318.66238372446,300.8935782526226,P90
82.39999999999999,2023-05-01,Steel Reinforcement Bars,2023-12-01,7,122.5,819.7,76.91480863378817,171.01239786473514,0.0,63047.068637116165,3504.4715632430853,P90
82.39999999999999,2023-05-01,Steel Reinforcement Bars,2024-01-01,8,179.85,833.7,79.51431889727834,341.54799004202334,0.0,66291.08766466095,7118.713982450872,P90
82.39999999999999,2023-05-01,Steel Reinforcement Bars,2024-02-01,9,60.8,829.6,0.0,718.612307734885,0.0,0.0,14904.019262421516,P90
82.39999999999999,2023-05-01,Steel Reinforcement Bars,2024-03-01,10,91.23,821.7,0.0,1142.1614340615347,0.0,0.0,23462.85125920908,P90
82.39999999999999,2023-05-01,Steel Reinforcement Bars,2024-04-01,11,111.96,819.4,0.0,1624.494879285463,0.0,0.0,33277.77760216271,P90
82.39999999999999,2023-05-01,Steel Reinforcement Bars,2024-05-01,12,160.55,812.5,0.0,2058.238324509391,0.0,0.0,41807.965966597,P90
98.79999999999993,2022-07-01,Cement,2022-08-01,1,402.46,119.0,446.7800845133719,0.0,402.46,53166.830057091254,0.0,P95
98.79999999999993,2022-07-01,Cement,2022-09-01,2,346.61,118.6,447.13959180765437,0.0,346.61,53030.75558838781,0.0,P95
98.79999999999993,2022-07-01,Cement,2022-10-01,3,368.78,118.6,382.4169640685048,0.0,368.78,45354.651938524665,0.0,P95
98.79999999999993,2022-07-01,Cement,2022-11-01,4,296.3,118.4,446.4029986811801,0.0,296.3,52854.11504385173,0.0,P95
98.79999999999993,2022-07-01,Cement,2022-12-01,5,375.31,118.3,397.8155198851235,71.47008451337189,0.0,47061.576002410104,211.37277494829735,P95
98.79999999999993,2022-07-01,Cement,2023-01-01,6,440.73,118.5,420.4213728139753,524.6597608343982,0.0,49819.932678456076,1554.3045414719047,P95
98.79999999999993,2022-07-01,Cement,2023-02-01,7,282.49,118.4,288.59032668326665,1518.5064012239293,0.0,34169.094679298774,4494.778947622832,P95
98.79999999999993,2022-07-01,Cement,2023-03-01,8,427.87,118.2,392.4574840895414,2813.376040294641,0.0,46388.4746193838,8313.526199070664,P95
98.79999999999993,2022-07-01,Cement,2023-04-01,9,315.7,118.0,262.1918726358863,4618.231199250476,0.0,30938.640971034583,13623.782037788904,P95
98.79999999999993,2022-07-01,Cement,2023-05-01,10,398.82,117.2,22.09367936071169,6760.387731020286,0.0,2589.37922107541,19807.93605188944,P95
98.79999999999993,2022-07-01,Cement,2023-06-01,11,335.0,116.7,0.0,9254.954589473364,0.0,0.0,27001.330014788542,P95
98.79999999999993,2022-07-01,Cement,2023-07-01,12,425.98,115.2,0.0,12050.998932015982,0.0,0.0,34706.87692420603,P95
98.79999999999993,2022-07-01,Granite,2022-08-01,1,1491.5,20.5,1859.7143063502954,0.0,1491.5,38124.14328018106,0.0,P95
98.79999999999993,2022-07-01,Granite,2022-09-01,2,1550.1,20.8,1707.2549326108751,0.0,1550.1,35510.9025983062,0.0,P95
98.79999999999993,2022-07-01,Granite,2022-10-01,3,1554.5,20.4,1765.3608711141392,0.0,1554.5,36013.361770728436,0.0,P95
98.79999999999993,2022-07-01,Granite,2022-11-01,4,1531.9,20.5,1696.5037439666648,0.0,1531.9,34778.32675131663,0.0,P95
98.79999999999993,2022-07-01,Granite,2022-12-01,5,1692.1,19.3,1797.0569149378796,167.61430635029546,0.0,34683.19845830108,80.87390281401757,P95
98.79999999999993,2022-07-01,Granite,2023-01-01,6,1309.6,19.0,1767.9300868700723,2424.983545311466,0.0,33590.671650531374,1151.8671840229465,P95
98.79999999999993,2022-07-01,Granite,2023-02-01,7,1455.1,18.5,1773.7714894008184,6302.213655386775,0.0,32814.77255391514,2914.7738156163837,P95
98.79999999999993,2022-07-01,Granite,2023-03-01,8,1561.4,18.3,1925.596493563129,11769.64750942875,0.0,35238.41583220526,5384.613735563654,P95
98.79999999999993,2022-07-01,Granite,2023-04-01,9,1395.2,18.6,469.9240609002002,19200.338278408602,0.0,8740.587532743724,8928.157299460001,P95
98.79999999999993,2022-07-01,Granite,2023-05-01,10,1844.9,18.3,34.284073976064974,27949.25913425853,0.0,627.3985537619891,12786.786053923277,P95
98.79999999999993,2022-07-01,Granite,2023-06-01,11,1659.3,18.5,0.0,38657.551479509275,0.0,0.0,17879.11755927304,P95
98.79999999999993,2022-07-01,Granite,2023-07-01,12,1674.3,18.5,0.0,51276.44031832315,0.0,0.0,23715.353647224456,P95
98.79999999999993,2022-07-01,Ready Mixed Concrete,2022-08-01,1,982.6,118.3,1102.6068161515782,0.0,982.6,130438.3863507317,0.0,P95
98.79999999999993,2022-07-01,Ready Mixed Concrete,2022-09-01,2,993.4,118.6,1083.2480519180183,0.0,993.4,128473.21895747696,0.0,P95
98.79999999999993,2022-07-01,Ready Mixed Concrete,2022-10-01,3,930.7,118.5,1085.678727617856,0.0,930.7,128652.92922271595,0.0,P95
98.79999999999993,2022-07-01,Ready Mixed Concrete,2022-11-01,4,959.9,118.2,1058.8990005563137,0.0,959.9,125161.86186575628,0.0,P95
98.79999999999993,2022-07-01,Ready Mixed Concrete,2022-12-01,5,992.6,118.0,1112.8558431934991,110.00681615157816,0.0,131316.9894968329,324.5201076471556,P95
98.79999999999993,2022-07-01,Ready Mixed Concrete,2023-01-01,6,808.1,117.6,1094.9850912127322,1487.761684221175,0.0,128770.2467266173,4374.0193516102545,P95
98.79999999999993,2022-07-01,Ready Mixed Concrete,2023-02-01,7,897.3,118.1,1029.135975479786,3861.9952799086277,0.0,121540.95870416274,11402.541063930224,P95
98.79999999999993,2022-07-01,Ready Mixed Concrete,2023-03-01,8,1070.7,116.8,1042.0544326174586,7121.727876152395,0.0,121711.95772971916,20795.44539836499,P95
98.79999999999993,2022-07-01,Ready Mixed Concrete,2023-04-01,9,918.4,117.2,328.8065195287809,11646.616315589661,0.0,38536.12408877312,34124.58580467771,P95
98.79999999999993,2022-07-01,Ready Mixed Concrete,2023-05-01,10,1041.6,117.6,27.68739806106987,17143.289846239662,0.0,3256.0380119818165,50401.272147944605,P95
98.79999999999993,2022-07-01,Ready Mixed Concrete,2023-06-01,11,1020.3,117.3,0.0,23690.399352369448,0.0,0.0,69472.09610082342,P95
98.79999999999993,2022-07-01,Ready Mixed Concrete,2023-07-01,12,1046.0,116.3,0.0,31253.86329111669,0.0,0.0,90870.60751892178,P95
98.79999999999993,2022-07-01,Steel Reinforcement Bars,2022-08-01,1,102.45,1106.3,134.15781121815422,0.0,102.45,148418.786550644,0.0,P95
98.79999999999993,2022-07-01,Steel Reinforcement Bars,2022-09-01,2,174.43,1072.6,119.09297675465174,0.0,174.43,127739.12686703945,0.0,P95
98.79999999999993,2022-07-01,Steel Reinforcement Bars,2022-10-01,3,108.27,1040.5,81.92883790154316,0.0,108.27,85246.95583655566,0.0,P95
98.79999999999993,2022-07-01,Steel Reinforcement Bars,2022-11-01,4,51.21,1004.5,116.61474902022265,0.0,51.21,117139.51539081364,0.0,P95
98.79999999999993,2022-07-01,Steel Reinforcement Bars,2022-12-01,5,70.5,952.3,89.2427010991531,63.65781121815422,0.0,84985.82425672348,1515.5333405762067,P95
98.79999999999993,2022-07-01,Steel Reinforcement Bars,2023-01-01,6,79.16,922.6,127.30903187560672,237.74859919096022,0.0,117455.31280843477,5483.671440339498,P95
98.79999999999993,2022-07-01,Steel Reinforcement Bars,2023-02-01,7,100.49,942.1,110.21030810634012,472.4382250653093,0.0,103829.13126698304,11127.101295850698,P95
98.79999999999993,2022-07-01,Steel Reinforcement Bars,2023-03-01,8,57.1,946.6,108.0434476362467,867.1325999598811,0.0,102273.92753247112,20520.69297805059,P95
98.79999999999993,2022-07-01,Steel Reinforcement Bars,2023-04-01,9,67.2,940.1,32.443766221136656,1340.969675953606,0.0,30500.384624490573,31516.139809099626,P95
98.79999999999993,2022-07-01,Steel Reinforcement Bars,2023-05-01,10,152.2,922.8,0.0,1857.1157838229376,0.0,0.0,42843.66113279517,P95
98.79999999999993,2022-07-01,Steel Reinforcement Bars,2023-06-01,11,135.08,885.5,20.79433599829764,2500.5921997986093,0.0,18413.384526492562,55356.85982304172,P95
98.79999999999993,2022-07-01,Steel Reinforcement Bars,2023-07-01,12,141.5,859.2,0.0,3245.6920634105277,0.0,0.0,69717.46552205815,P95
98.79999999999993,2022-08-01,Cement,2022-09-01,1,346.61,118.6,396.7376583342018,0.0,346.61,47053.086278436334,0.0,P95
98.79999999999993,2022-08-01,Cement,2022-10-01,2,368.78,118.6,364.1840633552292,0.0,368.78,43192.22991393018,0.0,P95
98.79999999999993,2022-08-01,Cement,2022-11-01,3,296.3,118.4,359.39795258277314,0.0,296.3,42552.71758580034,0.0,P95
98.79999999999993,2022-08-01,Cement,2022-12-01,4,375.31,118.3,382.50591183516343,0.0,375.31,45250.449370099836,0.0,P95
98.79999999999993,2022-08-01,Cement,2023-01-01,5,440.73,118.5,336.7200186988141,0.0,43.99234166579822,39901.32221580947,0.0,P95
98.79999999999993,2022-08-01,Cement,2023-02-01,6,282.49,118.4,341.52690985465307,478.431721689431,0.0,40436.786126790925,1416.157896200716,P95
98.79999999999993,2022-08-01,Cement,2023-03-01,7,427.87,118.2,396.0238880770861,1170.881395961635,0.0,46810.02357071158,3459.9545250666315,P95
98.79999999999993,2022-08-01,Cement,2023-04-01,8,315.7,118.0,422.9519576500773,2358.006982069003,0.0,49908.33100270912,6956.120597103559,P95
98.79999999999993,2022-08-01,Cement,2023-05-01,9,398.82,117.2,57.190067477775926,3798.7325868751846,0.0,6702.675908395338,11130.286479544291,P95
98.79999999999993,2022-08-01,Cement,2023-06-01,10,335.0,116.7,33.413594938031395,5644.80510153602,0.0,3899.366529268264,16468.71888373134,P95
98.79999999999993,2022-08-01,Cement,2023-07-01,11,425.98,115.2,0.0,7795.9215042739415,0.0,0.0,22452.253932308955,P95
98.79999999999993,2022-08-01,Cement,2023-08-01,12,378.3,114.4,0.0,10417.66986466194,0.0,0.0,29794.535812933154,P95
98.79999999999993,2022-08-01,Granite,2022-09-01,1,1550.1,20.8,1789.3088327898733,0.0,1550.1,37217.62372202937,0.0,P95
98.79999999999993,2022-08-01,Granite,2022-10-01,2,1554.5,20.4,1783.0915336614883,0.0,1554.5,36375.06728669436,0.0,P95
98.79999999999993,2022-08-01,Granite,2022-11-01,3,1531.9,20.5,1600.3166193391653,0.0,1531.9,32806.490696452885,0.0,P95
98.79999999999993,2022-08-01,Granite,2022-12-01,4,1692.1,19.3,1704.3039758450752,0.0,1692.1,32893.06673380995,0.0,P95
98.79999999999993,2022-08-01,Granite,2023-01-01,5,1309.6,19.0,1713.7027575804493,479.70883278987344,0.0,32560.352394028538,227.8616955751899,P95
98.79999999999993,2022-08-01,Granite,2023-02-01,6,1455.1,18.5,1768.5352447054188,2597.009199241235,0.0,32717.902027050248,1201.1167546490713,P95
98.79999999999993,2022-08-01,Granite,2023-03-01,7,1561.4,18.3,1729.8078747069692,6208.326185031761,0.0,31655.484107137538,2840.309229652031,P95
98.79999999999993,2022-08-01,Granite,2023-04-01,8,1395.2,18.6,1641.4464351340378,11690.147146667361,0.0,30530.903693493106,5435.918423200324,P95
98.79999999999993,2022-08-01,Granite,2023-05-01,9,1844.9,18.3,132.3426102894548,18435.97086588341,0.0,2421.869768297023,8434.456671141661,P95
98.79999999999993,2022-08-01,Granite,2023-06-01,10,1659.3,18.5,176.6252012249986,27135.929829804878,0.0,3267.566222662474,12550.367546284757,P95
98.79999999999993,2022-08-01,Granite,2023-07-01,11,1674.3,18.5,78.99207023240297,37550.69666843332,0.0,1461.3532992994549,17367.19720915041,P95
98.79999999999993,2022-08-01,Granite,2023-08-01,12,1755.2,18.5,0.0,49526.00994219579,0.0,0.0,22905.779598265555,P95
98.79999999999993,2022-08-01,Ready Mixed Concrete,2022-09-01,1,993.4,118.6,1050.7546203461195,0.0,993.4,124619.49797304977,0.0,P95
98.79999999999993,2022-08-01,Ready Mixed Concrete,2022-10-01,2,930.7,118.5,1058.8237815699629,0.0,930.7,125470.6181160406,0.0,P95
98.79999999999993,2022-08-01,Ready Mixed Concrete,2022-11-01,3,959.9,118.2,1058.358492881044,0.0,959.9,125097.9738585394,0.0,P95
98.79999999999993,2022-08-01,Ready Mixed Concrete,2022-12-01,4,992.6,118.0,951.4835622045462,0.0,992.6,112275.06034013645,0.0,P95
98.79999999999993,2022-08-01,Ready Mixed Concrete,2023-01-01,5,808.1,117.6,1067.742667501696,242.6546203461195,0.0,125566.53769819943,713.4045838175913,P95
98.79999999999993,2022-08-01,Ready Mixed Concrete,2023-02-01,6,897.3,118.1,1019.2510969299939,1454.9330222622018,0.0,120373.55454743227,4295.689748229151,P95
98.79999999999993,2022-08-01,Ready Mixed Concrete,2023-03-01,7,1070.7,116.8,1148.6115997327079,3552.1699170593283,0.0,134157.83484878027,10372.336157813239,P95
98.79999999999993,2022-08-01,Ready Mixed Concrete,2023-04-01,8,918.4,117.2,1139.3286749786462,6753.1903740610005,0.0,133529.32070749733,19786.847795998732,P95
98.79999999999993,2022-08-01,Ready Mixed Concrete,2023-05-01,9,1041.6,117.6,0.0,10898.753498564367,0.0,0.0,32042.335285779238,P95
98.79999999999993,2022-08-01,Ready Mixed Concrete,2023-06-01,10,1020.3,117.3,124.38926351808664,16084.867719997728,0.0,14590.860610671562,47168.87458889334,P95
98.79999999999993,2022-08-01,Ready Mixed Concrete,2023-07-01,11,1046.0,116.3,141.23275221994413,22393.893541163798,0.0,16425.369083179503,65110.24547093375,P95
98.79999999999993,2022-08-01,Ready Mixed Concrete,2023-08-01,12,1113.5,116.4,0.0,29774.748037308513,0.0,0.0,86644.51678856778,P95
98.79999999999993,2022-08-01,Steel Reinforcement Bars,2022-09-01,1,174.43,1072.6,126.02535359576191,0.0,174.43,135174.79426681422,0.0,P95
98.79999999999993,2022-08-01,Steel Reinforcement Bars,2022-10-01,2,108.27,1040.5,112.58116276890176,0.0,108.27,117140.69986104229,0.0,P95
98.79999999999993,2022-08-01,Steel Reinforcement Bars,2022-11-01,3,51.21,1004.5,77.49497549993076,0.0,51.21,77843.70288968045,0.0,P95
98.79999999999993,2022-08-01,Steel Reinforcement Bars,2022-12-01,4,70.5,952.3,86.0422497201214,0.0,70.5,81938.0344084716,0.0,P95
98.79999999999993,2022-08-01,Steel Reinforcement Bars,2023-01-01,5,79.16,922.6,118.70399674725697,46.86535359576192,0.0,109516.30739901928,1080.9493806862488,P95
98.79999999999993,2022-08-01,Steel Reinforcement Bars,2023-02-01,6,100.49,942.1,77.81578242920325,184.98186996042557,0.0,73310.24862655239,4356.785492242923,P95
98.79999999999993,2022-08-01,Steel Reinforcement Bars,2023-03-01,7,57.1,946.6,97.1940320950478,443.98336182502,0.0,92003.87078117226,10506.8662575891,P95
98.79999999999993,2022-08-01,Steel Reinforcement Bars,2023-04-01,8,67.2,940.1,98.03000829081684,778.9271034097358,0.0,92158.01079419692,18306.734247887314,P95
98.79999999999993,2022-08-01,Steel Reinforcement Bars,2023-05-01,9,152.2,922.8,100.45291771965985,1147.5748417417085,0.0,92697.95247170211,26474.551598981216,P95
98.79999999999993,2022-08-01,Steel Reinforcement Bars,2023-06-01,10,135.08,885.5,0.0,1611.1583625028848,0.0,0.0,35667.01824990762,P95
98.79999999999993,2022-08-01,Steel Reinforcement Bars,2023-07-01,11,141.5,859.2,0.0,2165.5159153591085,0.0,0.0,46515.28186191366,P95
98.79999999999993,2022-08-01,Steel Reinforcement Bars,2023-08-01,12,173.95,832.6,0.0,2785.4534765061494,0.0,0.0,57979.2141134755,P95
98.79999999999993,2022-09-01,Cement,2022-10-01,1,368.78,118.6,418.83056676950457,0.0,368.78,49673.30521886324,0.0,P95
98.79999999999993,2022-09-01,Cement,2022-11-01,2,296.3,118.4,370.4927223049796,0.0,296.3,43866.33832090959,0.0,P95
98.79999999999993,2022-09-01,Cement,2022-12-01,3,375.31,118.3,381.6038748321843,0.0,375.31,45143.73839264741,0.0,P95
98.79999999999993,2022-09-01,Cement,2023-01-01,4,440.73,118.5,418.9863492235672,0.0,440.73,49649.88238299271,0.0,P95
98.79999999999993,2022-09-01,Cement,2023-02-01,5,282.49,118.4,348.8388569857223,136.34056676950456,0.0,41302.52066710952,403.56807763773355,P95
98.79999999999993,2022-09-01,Cement,2023-03-01,6,427.87,118.2,398.6505985202399,497.7938558439887,0.0,47120.50074509236,1470.9808440189865,P95
98.79999999999993,2022-09-01,Cement,2023-04-01,7,315.7,118.0,416.6148552678417,1353.0210197506572,0.0,49160.55292160532,3991.412008264439,P95
98.79999999999993,2022-09-01,Cement,2023-05-01,8,398.82,117.2,419.13121827790746,2544.114532880893,0.0,49122.178782170755,7454.255581341017,P95
98.79999999999993,2022-09-01,Cement,2023-06-01,9,335.0,116.7,246.9013510640698,4147.866902996851,0.0,28813.387669176944,12101.401689493316,P95
98.79999999999993,2022-09-01,Cement,2023-07-01,10,425.98,115.2,0.0,6059.289871633049,0.0,0.0,17450.754830303184,P95
98.79999999999993,2022-09-01,Cement,2023-08-01,11,378.3,114.4,0.0,8435.00769553709,0.0,0.0,24124.122009236078,P95
98.79999999999993,2022-09-01,Cement,2023-09-01,12,446.33,113.5,0.0,11161.826737719037,0.0,0.0,31671.683368277772,P95
98.79999999999993,2022-09-01,Granite,2022-10-01,1,1554.5,20.4,1875.238580493188,0.0,1554.5,38254.867042061036,0.0,P95
98.79999999999993,2022-09-01,Granite,2022-11-01,2,1531.9,20.5,1796.0776081391707,0.0,1531.9,36819.590966853,0.0,P95
98.79999999999993,2022-09-01,Granite,2022-12-01,3,1692.1,19.3,1785.1329214185553,0.0,1692.1,34453.06538337812,0.0,P95
98.79999999999993,2022-09-01,Granite,2023-01-01,4,1309.6,19.0,1750.5857760260883,0.0,1309.6,33261.12974449568,0.0,P95
98.79999999999993,2022-09-01,Granite,2023-02-01,5,1455.1,18.5,1667.3814795855958,420.1385804931881,0.0,30846.557372333522,194.3140934780995,P95
98.79999999999993,2022-09-01,Granite,2023-03-01,6,1561.4,18.3,1583.2141298011993,2530.0547691255465,0.0,28972.818575361947,1157.5000568749376,P95
98.79999999999993,2022-09-01,Granite,2023-04-01,7,1395.2,18.6,1704.740189624981,6591.30387917646,0.0,31708.16752702465,3064.9563038170545,P95
98.79999999999993,2022-09-01,Granite,2023-05-01,8,1844.9,18.3,1674.8117294438507,11953.438765253462,0.0,30649.054648822468,5468.698235103459,P95
98.79999999999993,2022-09-01,Granite,2023-06-01,9,1659.3,18.5,592.0464057007991,19168.555130916062,0.0,10952.858505464785,8865.456748048678,P95
98.79999999999993,2022-09-01,Granite,2023-07-01,10,1674.3,18.5,40.84937472738761,27951.885626379863,0.0,755.7134324566708,12927.747102200687,P95
98.79999999999993,2022-09-01,Granite,2023-08-01,11,1755.2,18.5,145.85496464107064,38359.056311468645,0.0,2698.3168458598066,17741.06354405425,P95
98.79999999999993,2022-09-01,Granite,2023-09-01,12,1729.4,18.6,0.0,50466.838726001275,0.0,0.0,23467.080007590597,P95
98.79999999999993,2022-09-01,Ready Mixed Concrete,2022-10-01,1,930.7,118.5,1191.1105155959683,0.0,930.7,141146.59609812225,0.0,P95
98.79999999999993,2022-09-01,Ready Mixed Concrete,2022-11-01,2,959.9,118.2,1170.8834860248273,0.0,959.9,138398.4280481346,0.0,P95
98.79999999999993,2022-09-01,Ready Mixed Concrete,2022-12-01,3,992.6,118.0,1148.7950314279244,0.0,992.6,135557.8137084951,0.0,P95
98.79999999999993,2022-09-01,Ready Mixed Concrete,2023-01-01,4,808.1,117.6,1071.9016375149145,0.0,808.1,126055.63257175393,0.0,P95
98.79999999999993,2022-09-01,Ready Mixed Concrete,2023-02-01,5,897.3,118.1,1027.0095969492902,293.81051559596835,0.0,121289.83339971116,867.4755472970966,P95
98.79999999999993,2022-09-01,Ready Mixed Concrete,2023-03-01,6,1070.7,116.8,1108.8063700579985,1585.104517216764,0.0,129508.58402277422,4628.505190272951,P95
98.79999999999993,2022-09-01,Ready Mixed Concrete,2023-04-01,7,918.4,117.2,1075.7716275853784,4177.493550265484,0.0,126080.43475300635,12240.05610227787,P95
98.79999999999993,2022-09-01,Ready Mixed Concrete,2023-05-01,8,1041.6,117.6,1044.343306429579,7718.584220829118,0.0,122814.77283611847,22692.637609237605,P95
98.79999999999993,2022-09-01,Ready Mixed Concrete,2023-06-01,9,1020.3,117.3,225.855233566837,12307.984488342043,0.0,26492.818897389978,36093.16451206304,P95
98.79999999999993,2022-09-01,Ready Mixed Concrete,2023-07-01,10,1046.0,116.3,86.92544611573521,17980.491125912966,0.0,10109.429383260005,52278.27794859195,P95
98.79999999999993,2022-09-01,Ready Mixed Concrete,2023-08-01,11,1113.5,116.4,0.0,24661.26939106927,0.0,0.0,71764.29392801158,P95
98.79999999999993,2022-09-01,Ready Mixed Concrete,2023-09-01,12,1081.8,116.6,0.0,32418.090962655147,0.0,0.0,94498.73515613975,P95
98.79999999999993,2022-09-01,Steel Reinforcement Bars,2022-10-01,1,108.27,1040.5,148.0485283664485,0.0,108.27,154044.49376528966,0.0,P95
98.79999999999993,2022-09-01,Steel Reinforcement Bars,2022-11-01,2,51.21,1004.5,125.08271631933435,0.0,51.21,125645.58854277135,0.0,P95
98.79999999999993,2022-09-01,Steel Reinforcement Bars,2022-12-01,3,70.5,952.3,107.55226726746237,0.0,70.5,102422.02411880442,0.0,P95
98.79999999999993,2022-09-01,Steel Reinforcement Bars,2023-01-01,4,79.16,922.6,101.04335431796632,0.0,79.16,93222.59869375573,0.0,P95
98.79999999999993,2022-09-01,Steel Reinforcement Bars,2023-02-01,5,100.49,942.1,101.0833857958252,47.5585283664485,0.0,95230.65775824692,1120.1222393507783,P95
98.79999999999993,2022-09-01,Steel Reinforcement Bars,2023-03-01,6,57.1,946.6,90.30987110678457,263.58977305223135,0.0,85487.32398968228,6237.851979281056,P95
98.79999999999993,2022-09-01,Steel Reinforcement Bars,2023-04-01,7,67.2,940.1,124.01026071338038,577.0732850054765,0.0,116582.04609664889,13562.664880841212,P95
98.79999999999993,2022-09-01,Steel Reinforcement Bars,2023-05-01,8,152.2,922.8,117.8868471294848,906.6001512766879,0.0,108785.98253108858,20915.26548995319,P95
98.79999999999993,2022-09-01,Steel Reinforcement Bars,2023-06-01,9,135.08,885.5,78.91915048446171,1354.3304033437248,0.0,69882.90775399085,29981.48930402171,P95
98.79999999999993,2022-09-01,Steel Reinforcement Bars,2023-07-01,10,141.5,859.2,7.72024300719994,1885.9505265175462,0.0,6633.2327917861885,40510.2173095969,P95
98.79999999999993,2022-09-01,Steel Reinforcement Bars,2023-08-01,11,173.95,832.6,0.0,2509.130910404748,0.0,0.0,52227.55990007483,P95
98.79999999999993,2022-09-01,Steel Reinforcement Bars,2023-09-01,12,140.71,830.1,0.0,3283.438141421435,0.0,0.0,68139.55002984834,P95
98.79999999999993,2022-10-01,Cement,2022-11-01,1,296.3,118.4,401.7126810636882,0.0,296.3,47562.781437940685,0.0,P95
98.79999999999993,2022-10-01,Cement,2022-12-01,2,375.31,118.3,376.1090314613388,0.0,375.31,44493.69842187638,0.0,P95
98.79999999999993,2022-10-01,Cement,2023-01-01,3,440.73,118.5,395.2676827566455,0.0,440.73,46839.22040666249,0.0,P95
98.79999999999993,2022-10-01,Cement,2023-02-01,4,282.49,118.4,363.68303121727087,0.0,282.49,43060.070896124875,0.0,P95
98.79999999999993,2022-10-01,Cement,2023-03-01,5,427.87,118.2,414.17793559309314,0.0,26.15731893631181,48955.83198710361,0.0,P95
98.79999999999993,2022-10-01,Cement,2023-04-01,6,315.7,118.0,331.7626291062995,462.121712525027,0.0,39147.990234543344,1363.25905194883,P95
98.79999999999993,2022-10-01,Cement,2023-05-01,7,398.82,117.2,417.2276854016772,1236.3911078066997,0.0,48899.08472907657,3622.6259458736304,P95
98.79999999999993,2022-10-01,Cement,2023-06-01,8,335.0,116.7,412.69086456610484,2438.163534305643,0.0,48161.02389486443,7113.342111336715,P95
98.79999999999993,2022-10-01,Cement,2023-07-01,9,425.98,115.2,96.72671683473646,3963.133896397679,0.0,11142.917779361642,11413.825621625318,P95
98.79999999999993,2022-10-01,Cement,2023-08-01,10,378.3,114.4,94.50483012024284,5867.546887596015,0.0,10811.352565755782,16781.184098524605,P95
98.79999999999993,2022-10-01,Cement,2023-09-01,11,446.33,113.5,0.0,8121.157564196028,0.0,0.0,23043.784588406234,P95
98.79999999999993,2022-10-01,Cement,2023-10-01,12,335.47,113.2,0.0,10898.319105362147,0.0,0.0,30842.243068174877,P95
98.79999999999993,2022-10-01,Granite,2022-11-01,1,1531.9,20.5,1798.0858167818828,0.0,1531.9,36860.759244028595,0.0,P95
98.79999999999993,2022-10-01,Granite,2022-12-01,2,1692.1,19.3,1840.9047128899997,0.0,1692.1,35529.460958776996,0.0,P95
98.79999999999993,2022-10-01,Granite,2023-01-01,3,1309.6,19.0,1786.280789632075,0.0,1309.6,33939.33500300943,0.0,P95
98.79999999999993,2022-10-01,Granite,2023-02-01,4,1455.1,18.5,1840.4685717633763,0.0,1455.1,34048.66857762246,0.0,P95
98.79999999999993,2022-10-01,Granite,2023-03-01,5,1561.4,18.3,1667.497746319115,236.68581678188275,0.0,30515.208757639808,108.28376117771136,P95
98.79999999999993,2022-10-01,Granite,2023-04-01,6,1395.2,18.6,1614.693520000979,2480.4763464537655,0.0,30033.299472018214,1153.4215011010012,P95
98.79999999999993,2022-10-01,Granite,2023-05-01,7,1844.9,18.3,1750.2995741105885,6060.847665757723,0.0,32030.482206223773,2772.837807084158,P95
98.79999999999993,2022-10-01,Granite,2023-06-01,8,1659.3,18.5,1750.506516545331,11667.287556825058,0.0,32384.370556088623,5396.12049503159,P95
98.79999999999993,2022-10-01,Granite,2023-07-01,9,1674.3,18.5,154.17579446365426,18926.225194211507,0.0,2852.2521975776035,8753.379152322823,P95
98.79999999999993,2022-10-01,Granite,2023-08-01,10,1755.2,18.5,248.51226152275103,27718.956351598936,0.0,4597.476838170895,12820.01731261451,P95
98.79999999999993,2022-10-01,Granite,2023-09-01,11,1729.4,18.6,0.0,38287.787083096955,0.0,0.0,17803.820993640085,P95
98.79999999999993,2022-10-01,Granite,2023-10-01,12,1742.2,19.5,0.0,50594.324331140306,0.0,0.0,24664.7331114309,P95
98.79999999999993,2022-10-01,Ready Mixed Concrete,2022-11-01,1,959.9,118.2,1117.8545515049843,0.0,959.9,132130.40798788916,0.0,P95
98.79999999999993,2022-10-01,Ready Mixed Concrete,2022-12-01,2,992.6,118.0,1072.9650671565212,0.0,992.6,126609.8779244695,0.0,P95
98.79999999999993,2022-10-01,Ready Mixed Concrete,2023-01-01,3,808.1,117.6,1123.646526237222,0.0,808.1,132140.8314854973,0.0,P95
98.79999999999993,2022-10-01,Ready Mixed Concrete,2023-02-01,4,897.3,118.1,1054.3545460351465,0.0,897.3,124519.2718867508,0.0,P95
98.79999999999993,2022-10-01,Ready Mixed Concrete,2023-03-01,5,1070.7,116.8,1023.1389660177263,47.15455150498428,0.0,119502.63123087042,137.6912903945541,P95
98.79999999999993,2022-10-01,Ready Mixed Concrete,2023-04-01,6,918.4,117.2,1033.9049948262602,1319.5741701664897,0.0,121173.6653936377,3866.352318587815,P95
98.79999999999993,2022-10-01,Ready Mixed Concrete,2023-05-01,7,1041.6,117.6,1102.7291740254211,3592.4403150652165,0.0,129680.95086538952,10561.774526291736,P95
98.79999999999993,2022-10-01,Ready Mixed Concrete,2023-06-01,8,1020.3,117.3,1057.2609949331204,6940.961005999089,0.0,124016.71470565502,20354.36815009233,P95
98.79999999999993,2022-10-01,Ready Mixed Concrete,2023-07-01,9,1046.0,116.3,430.956018811642,11286.920662950688,0.0,50120.18498779397,32816.72182752913,P95
98.79999999999993,2022-10-01,Ready Mixed Concrete,2023-08-01,10,1113.5,116.4,19.07106189343449,16599.28531472855,0.0,2219.8716043957747,48303.920265860084,P95
98.79999999999993,2022-10-01,Ready Mixed Concrete,2023-09-01,11,1081.8,116.6,0.0,23046.07914053183,0.0,0.0,67179.32069465029,P95
98.79999999999993,2022-10-01,Ready Mixed Concrete,2023-10-01,12,1101.2,116.4,0.0,30530.73396126823,0.0,0.0,88844.43582729055,P95
98.79999999999993,2022-10-01,Steel Reinforcement Bars,2022-11-01,1,51.21,1004.5,154.04423033373527,0.0,51.21,154737.42937023708,0.0,P95
98.79999999999993,2022-10-01,Steel Reinforcement Bars,2022-12-01,2,70.5,952.3,150.3120775120128,0.0,70.5,143142.19141468976,0.0,P95
98.79999999999993,2022-10-01,Steel Reinforcement Bars,2023-01-01,3,79.16,922.6,106.51099036012448,0.0,79.16,98267.03970625084,0.0,P95
98.79999999999993,2022-10-01,Steel Reinforcement Bars,2023-02-01,4,100.49,942.1,145.49623348200203,0.0,100.49,137072.00156339412,0.0,P95
98.79999999999993,2022-10-01,Steel Reinforcement Bars,2023-03-01,5,57.1,946.6,122.75158303016904,96.94423033373528,0.0,116196.64849635802,2294.1852108478456,P95
98.79999999999993,2022-10-01,Steel Reinforcement Bars,2023-04-01,6,67.2,940.1,123.29909467634732,334.10053817948335,0.0,115913.47890523412,7852.197898563308,P95
98.79999999999993,2022-10-01,Steel Reinforcement Bars,2023-05-01,7,152.2,922.8,81.66515698653201,592.7678363853558,0.0,75360.60686717174,13675.15398541016,P95
98.79999999999993,2022-10-01,Steel Reinforcement Bars,2023-06-01,8,135.08,885.5,116.24509442623437,1014.0513680732305,0.0,102935.03111443055,22448.562160721143,P95
98.79999999999993,2022-10-01,Steel Reinforcement Bars,2023-07-01,9,141.5,859.2,103.47697665175156,1551.6664827912741,0.0,88907.41833918494,33329.79605035658,P95
98.79999999999993,2022-10-01,Steel Reinforcement Bars,2023-08-01,10,173.95,832.6,50.87584108183256,2180.1306921856653,0.0,42359.225284733795,45379.420357844625,P95
98.79999999999993,2022-10-01,Steel Reinforcement Bars,2023-09-01,11,140.71,830.1,0.0,2923.5000585665885,0.0,0.0,60669.93496540313,P95
98.79999999999993,2022-10-01,Steel Reinforcement Bars,2023-10-01,12,162.59,827.4,0.0,3761.2345193737456,0.0,0.0,77801.13603324593,P95
98.79999999999993,2022-11-01,Cement,2022-12-01,1,375.31,118.3,387.9763964708475,0.0,375.31,45897.60770250126,0.0,P95
98.79999999999993,2022-11-01,Cement,2023-01-01,2,440.73,118.5,363.52140663398103,0.0,440.73,43077.286686126754,0.0,P95
98.79999999999993,2022-11-01,Cement,2023-02-01,3,282.49,118.4,362.41972131967543,0.0,282.49,42910.49500424958,0.0,P95
98.79999999999993,2022-11-01,Cement,2023-03-01,4,427.87,118.2,366.30505717192074,0.0,427.87,43297.25775772103,0.0,P95
98.79999999999993,2022-11-01,Cement,2023-04-01,5,315.7,118.0,355.522772497313,72.27639647084749,0.0,41951.687154682935,213.2153695890001,P95
98.79999999999993,2022-11-01,Cement,2023-05-01,6,398.82,117.2,401.8598976272394,424.954199575676,0.0,47097.98000191246,1245.1158047567308,P95
98.79999999999993,2022-11-01,Cement,2023-06-01,7,335.0,116.7,384.4224364292426,1203.87172400018,0.0,44862.09833129262,3512.2957547705255,P95
98.79999999999993,2022-11-01,Cement,2023-07-01,8,425.98,115.2,389.11086787193017,2258.1143055966045,0.0,44825.571978846354,6503.369200118222,P95
98.79999999999993,2022-11-01,Cement,2023-08-01,9,378.3,114.4,152.7856918753577,3715.559659690342,0.0,17478.683150540925,10626.50062671438,P95
98.79999999999993,2022-11-01,Cement,2023-09-01,10,446.33,113.5,43.277675408302116,5506.834911411319,0.0,4912.01615884229,15625.64406112962,P95
98.79999999999993,2022-11-01,Cement,2023-10-01,11,335.47,113.2,0.0,7793.392599561538,0.0,0.0,22055.301056759152,P95
98.79999999999993,2022-11-01,Cement,2023-11-01,12,381.97,112.0,0.0,10422.56115558369,0.0,0.0,29183.171235634334,P95
98.79999999999993,2022-11-01,Granite,2022-12-01,1,1692.1,19.3,1676.422098405731,0.0,1692.1,32354.94649923061,0.0,P95
98.79999999999993,2022-11-01,Granite,2023-01-01,2,1309.6,19.0,1637.6841806433163,0.0,1309.6,31115.99943222301,0.0,P95
98.79999999999993,2022-11-01,Granite,2023-02-01,3,1455.1,18.5,1629.2190498582008,0.0,1455.1,30140.552422376717,0.0,P95
98.79999999999993,2022-11-01,Granite,2023-03-01,4,1561.4,18.3,1627.7909425565044,0.0,1561.4,29788.574248784033,0.0,P95
98.79999999999993,2022-11-01,Granite,2023-04-01,5,1395.2,18.6,1650.438923551106,281.222098405731,0.0,30698.163978050572,130.76827575866494,P95
98.79999999999993,2022-11-01,Granite,2023-05-01,6,1844.9,18.3,1688.624584081243,1750.428377454778,0.0,30901.82988868675,800.8209826855609,P95
98.79999999999993,2022-11-01,Granite,2023-06-01,7,1659.3,18.5,1600.5021493610027,5034.4537063620255,0.0,29609.28976317855,2328.434839192437,P95
98.79999999999993,2022-11-01,Granite,2023-07-01,8,1674.3,18.5,1656.294452646187,9931.269977825777,0.0,30641.44737395446,4593.212364744422,P95
98.79999999999993,2022-11-01,Granite,2023-08-01,9,1755.2,18.5,113.73107511486296,16397.625172840635,0.0,2104.024889624965,7583.901642438794,P95
98.79999999999993,2022-11-01,Granite,2023-09-01,10,1729.4,18.6,444.24447216908425,24578.404951936733,0.0,8262.947182344968,11428.958302650582,P95
98.79999999999993,2022-11-01,Granite,2023-10-01,11,1742.2,19.5,190.88213829684742,34346.88688039384,0.0,3722.2016967885247,16744.107354191998,P95
98.79999999999993,2022-11-01,Granite,2023-11-01,12,1621.1,20.3,0.0,45892.76326149713,0.0,0.0,23290.577355209796,P95
98.79999999999993,2022-11-01,Ready Mixed Concrete,2022-12-01,1,992.6,118.0,1055.2955334910632,0.0,992.6,124524.87295194546,0.0,P95
98.79999999999993,2022-11-01,Ready Mixed Concrete,2023-01-01,2,808.1,117.6,1038.47514600579,0.0,808.1,122124.6771702809,0.0,P95
98.79999999999993,2022-11-01,Ready Mixed Concrete,2023-02-01,3,897.3,118.1,1035.3244501636436,0.0,897.3,122271.81756432631,0.0,P95
98.79999999999993,2022-11-01,Ready Mixed Concrete,2023-03-01,4,1070.7,116.8,1047.6658738780052,0.0,1070.7,122367.374068951,0.0,P95
98.79999999999993,2022-11-01,Ready Mixed Concrete,2023-04-01,5,918.4,117.2,1036.7978997065231,136.89553349106325,0.0,121512.71384560452,401.10391312881535,P95
98.79999999999993,2022-11-01,Ready Mixed Concrete,2023-05-01,6,1041.6,117.6,1097.4477298417978,1189.066212987917,0.0,129059.85302939541,3495.8546661844757,P95
98.79999999999993,2022-11-01,Ready Mixed Concrete,2023-06-01,7,1020.3,117.3,1161.148942399249,3297.8613426484144,0.0,136202.7709434319,9670.978387316476,P95
98.79999999999993,2022-11-01,Ready Mixed Concrete,2023-07-01,8,1046.0,116.3,1067.3027049665022,6428.622346186917,0.0,124127.3045876042,18691.21947153846,P95
98.79999999999993,2022-11-01,Ready Mixed Concrete,2023-08-01,9,1113.5,116.4,179.4327173004334,10528.681249431942,0.0,20885.96829377045,30638.462435846952,P95
98.79999999999993,2022-11-01,Ready Mixed Concrete,2023-09-01,10,1081.8,116.6,25.553671966547313,15757.887882518768,0.0,2979.5581512994167,45934.24317754221,P95
98.79999999999993,2022-11-01,Ready Mixed Concrete,2023-10-01,11,1101.2,116.4,0.0,22128.843458004838,0.0,0.0,64394.93446279408,P95
98.79999999999993,2022-11-01,Ready Mixed Concrete,2023-11-01,12,1070.0,115.4,0.0,29598.301738457412,0.0,0.0,85391.10051544964,P95
98.79999999999993,2022-11-01,Steel Reinforcement Bars,2022-12-01,1,70.5,952.3,172.01139539262272,0.0,70.5,163806.4518323946,0.0,P95
98.79999999999993,2022-11-01,Steel Reinforcement Bars,2023-01-01,2,79.16,922.6,93.60452430005148,0.0,79.16,86359.5341192275,0.0,P95
98.79999999999993,2022-11-01,Steel Reinforcement Bars,2023-02-01,3,100.49,942.1,96.04263516397339,0.0,100.49,90481.76658797933,0.0,P95
98.79999999999993,2022-11-01,Steel Reinforcement Bars,2023-03-01,4,57.1,946.6,122.14103959345066,0.0,57.1,115618.7080791604,0.0,P95
98.79999999999993,2022-11-01,Steel Reinforcement Bars,2023-04-01,5,67.2,940.1,108.39097529712555,104.81139539262271,0.0,101898.35587682773,2463.3298202151154,P95
98.79999999999993,2022-11-01,Steel Reinforcement Bars,2023-05-01,6,152.2,922.8,118.28443004001076,218.22731508529694,0.0,109152.87204092192,5034.504159017801,P95
98.79999999999993,2022-11-01,Steel Reinforcement Bars,2023-06-01,7,135.08,885.5,82.29920986684178,444.8058699419445,0.0,72875.95033708839,9846.889945839797,P95
98.79999999999993,2022-11-01,Steel Reinforcement Bars,2023-07-01,8,141.5,859.2,74.1157420433712,787.1054643920427,0.0,63680.24556366454,16907.02537514108,P95
98.79999999999993,2022-11-01,Steel Reinforcement Bars,2023-08-01,9,173.95,832.6,117.6763736362866,1205.3460341392663,0.0,97977.34868957223,25089.27770060883,P95
98.79999999999993,2022-11-01,Steel Reinforcement Bars,2023-09-01,10,140.71,830.1,81.25014744475524,1775.1110339265008,0.0,67445.74739389133,36837.99173155971,P95
98.79999999999993,2022-11-01,Steel Reinforcement Bars,2023-10-01,11,162.59,827.4,0.0,2405.295243580577,0.0,0.0,49753.532113464236,P95
98.79999999999993,2022-11-01,Steel Reinforcement Bars,2023-11-01,12,187.13,826.7,0.0,3085.0551952780243,0.0,0.0,63760.378248408575,P95
98.79999999999993,2022-12-01,Cement,2023-01-01,1,440.73,118.5,377.15027576612,0.0,440.73,44692.30767828522,0.0,P95
98.79999999999993,2022-12-01,Cement,2023-02-01,2,282.49,118.4,351.86724483418664,0.0,282.49,41661.0817883677,0.0,P95
98.79999999999993,2022-12-01,Cement,2023-03-01,3,427.87,118.2,318.41495451072154,0.0,427.87,37636.647623167286,0.0,P95
98.79999999999993,2022-12-01,Cement,2023-04-01,4,315.7,118.0,345.6318511565435,0.0,315.7,40784.558436472136,0.0,P95
98.79999999999993,2022-12-01,Cement,2023-05-01,5,398.82,117.2,373.04640499870993,0.0,21.669724233880004,43721.038665848806,0.0,P95
98.79999999999993,2022-12-01,Cement,2023-06-01,6,335.0,116.7,347.62944533963,394.0175206003066,0.0,40568.35627113483,1149.5461163513949,P95
98.79999999999993,2022-12-01,Cement,2023-07-01,7,425.98,115.2,296.81833967079126,1015.4699957113348,0.0,34193.472730075155,2924.5535876486447,P95
98.79999999999993,2022-12-01,Cement,2023-08-01,8,378.3,114.4,340.5412663278924,2030.2343219789066,0.0,38957.92086791089,5806.470160859673,P95
98.79999999999993,2022-12-01,Cement,2023-09-01,9,446.33,113.5,205.32635171203174,3350.015053245188,0.0,23304.5409193156,9505.667713583221,P95
98.79999999999993,2022-12-01,Cement,2023-10-01,10,335.47,113.2,0.0,5128.2852298511,0.0,0.0,14513.047200478613,P95
98.79999999999993,2022-12-01,Cement,2023-11-01,11,381.97,112.0,0.0,7156.873746127802,0.0,0.0,20039.24648915785,P95
98.79999999999993,2022-12-01,Cement,2023-12-01,12,467.38,111.7,0.0,9440.5935287324,0.0,0.0,26362.85742898523,P95
98.79999999999993,2022-12-01,Granite,2023-01-01,1,1309.6,19.0,1749.7269495514618,0.0,1309.6,33244.81204147777,0.0,P95
98.79999999999993,2022-12-01,Granite,2023-02-01,2,1455.1,18.5,1736.8997107139674,0.0,1455.1,32132.644648208396,0.0,P95
98.79999999999993,2022-12-01,Granite,2023-03-01,3,1561.4,18.3,1694.3644743055145,0.0,1561.4,31006.869879790916,0.0,P95
98.79999999999993,2022-12-01,Granite,2023-04-01,4,1395.2,18.6,1635.9434787704515,0.0,1395.2,30428.5487051304,0.0,P95
98.79999999999993,2022-12-01,Granite,2023-05-01,5,1844.9,18.3,1472.8380714473012,0.0,95.17305044853833,26952.936707485613,0.0,P95
98.79999999999993,2022-12-01,Granite,2023-06-01,6,1659.3,18.5,1573.928426089227,1827.3266602654292,0.0,29117.6758826507,845.138580372761,P95
98.79999999999993,2022-12-01,Granite,2023-07-01,7,1674.3,18.5,1560.0741783377848,5334.017794836373,0.0,28861.37229924902,2466.9832301118226,P95
98.79999999999993,2022-12-01,Granite,2023-08-01,8,1755.2,18.5,1535.617425799506,10395.752408177766,0.0,28408.922377290863,4808.035488782217,P95
98.79999999999993,2022-12-01,Granite,2023-09-01,9,1729.4,18.6,489.6086316606122,16956.12509296646,0.0,9106.720548887388,7884.598168229405,P95
98.79999999999993,2022-12-01,Granite,2023-10-01,10,1742.2,19.5,48.91843176588486,25077.626203844382,0.0,953.9094194347548,12225.342774374138,P95
98.79999999999993,2022-12-01,Granite,2023-11-01,11,1621.1,20.3,0.0,34880.30149306009,0.0,0.0,17701.753007728,P95
98.79999999999993,2022-12-01,Granite,2023-12-01,12,1531.7,21.2,0.0,46307.99420807531,0.0,0.0,24543.236930279916,P95
98.79999999999993,2022-12-01,Ready Mixed Concrete,2023-01-01,1,808.1,117.6,1081.4874660403198,0.0,808.1,127182.9260063416,0.0,P95
98.79999999999993,2022-12-01,Ready Mixed Concrete,2023-02-01,2,897.3,118.1,1080.3442359034193,0.0,897.3,127588.65426019381,0.0,P95
98.79999999999993,2022-12-01,Ready Mixed Concrete,2023-03-01,3,1070.7,116.8,1094.1899892150282,0.0,1070.7,127801.39074031528,0.0,P95
98.79999999999993,2022-12-01,Ready Mixed Concrete,2023-04-01,4,918.4,117.2,1028.872708539977,0.0,918.4,120583.88144088532,0.0,P95
98.79999999999993,2022-12-01,Ready Mixed Concrete,2023-05-01,5,1041.6,117.6,1030.5825591439184,39.88746604031985,0.0,121196.5089553248,117.26915015854036,P95
98.79999999999993,2022-12-01,Ready Mixed Concrete,2023-06-01,6,1020.3,117.3,1124.8593002165812,1181.419167984059,0.0,131945.995915405,3464.5117101132532,P95
98.79999999999993,2022-12-01,Ready Mixed Concrete,2023-07-01,7,1046.0,116.3,1087.701433360915,3391.4408591428264,0.0,126499.67669987441,9860.614297957769,P95
98.79999999999993,2022-12-01,Ready Mixed Concrete,2023-08-01,8,1113.5,116.4,1061.6371911423228,6562.835258841571,0.0,123574.56904896637,19097.850603228973,P95
98.79999999999993,2022-12-01,Ready Mixed Concrete,2023-09-01,9,1081.8,116.6,293.2871921823737,10796.512217684234,0.0,34197.28660846477,31471.833114549543,P95
98.79999999999993,2022-12-01,Ready Mixed Concrete,2023-10-01,10,1101.2,116.4,0.0,16135.648476743478,0.0,0.0,46954.73706732352,P95
98.79999999999993,2022-12-01,Ready Mixed Concrete,2023-11-01,11,1070.0,115.4,0.0,22593.686169163637,0.0,0.0,65182.7845980371,P95
98.79999999999993,2022-12-01,Ready Mixed Concrete,2023-12-01,12,1101.6,115.4,0.0,30081.76105272612,0.0,0.0,86785.88063711487,P95
98.79999999999993,2022-12-01,Steel Reinforcement Bars,2023-01-01,1,79.16,922.6,141.16023117038867,0.0,79.16,130234.42927780059,0.0,P95
98.79999999999993,2022-12-01,Steel Reinforcement Bars,2023-02-01,2,100.49,942.1,128.18227485506864,0.0,100.49,120760.52114096018,0.0,P95
98.79999999999993,2022-12-01,Steel Reinforcement Bars,2023-03-01,3,57.1,946.6,100.1096406092345,0.0,57.1,94763.78580070139,0.0,P95
98.79999999999993,2022-12-01,Steel Reinforcement Bars,2023-04-01,4,67.2,940.1,117.95459215244014,0.0,67.2,110889.11208250897,0.0,P95
98.79999999999993,2022-12-01,Steel Reinforcement Bars,2023-05-01,5,152.2,922.8,111.91178523177182,0.0,11.039768829611319,103272.19541187903,0.0,P95
98.79999999999993,2022-12-01,Steel Reinforcement Bars,2023-06-01,6,135.08,885.5,107.93527871871788,134.26250602545727,0.0,95576.68930542469,2972.2362271385605,P95
98.79999999999993,2022-12-01,Steel Reinforcement Bars,2023-07-01,7,141.5,859.2,111.7320075660585,362.214652660149,0.0,96000.14090075747,7780.370739140002,P95
98.79999999999993,2022-12-01,Steel Reinforcement Bars,2023-08-01,8,173.95,832.6,150.1754905722235,675.6713914472809,0.0,125036.1134504333,14064.100012975154,P95
98.79999999999993,2022-12-01,Steel Reinforcement Bars,2023-09-01,9,140.71,830.1,97.29829281313094,1134.2799154661845,0.0,80767.31286418,23539.143945711996,P95
98.79999999999993,2022-12-01,Steel Reinforcement Bars,2023-10-01,10,162.59,827.4,25.76732793724699,1678.9437182038062,0.0,21319.887135278157,34728.95081104573,P95
98.79999999999993,2022-12-01,Steel Reinforcement Bars,2023-11-01,11,187.13,826.7,0.0,2310.7995285074862,0.0,0.0,47758.44925542848,P95
98.79999999999993,2022-12-01,Steel Reinforcement Bars,2023-12-01,12,122.5,819.7,0.0,3157.46082938339,0.0,0.0,64704.26604613913,P95
98.79999999999993,2023-01-01,Cement,2023-02-01,1,282.49,118.4,400.27994693211457,0.0,282.49,47393.14571676237,0.0,P95
98.79999999999993,2023-01-01,Cement,2023-03-01,2,427.87,118.2,384.8829386577617,0.0,427.87,45493.16334934744,0.0,P95
98.79999999999993,2023-01-01,Cement,2023-04-01,3,315.7,118.0,359.4783394729675,0.0,315.7,42418.444057810164,0.0,P95
98.79999999999993,2023-01-01,Cement,2023-05-01,4,398.82,117.2,350.58784950820547,0.0,398.82,41088.89596236168,0.0,P95
98.79999999999993,2023-01-01,Cement,2023-06-01,5,335.0,116.7,410.77219005612505,65.27994693211457,0.0,47937.114579549794,190.45424517444428,P95
98.79999999999993,2023-01-01,Cement,2023-07-01,6,425.98,115.2,382.4933687905392,424.4628325219908,0.0,44063.23608467012,1222.4529576633336,P95
98.79999999999993,2023-01-01,Cement,2023-08-01,7,378.3,114.4,412.51891680972943,1190.8040575848345,0.0,47192.16408303305,3405.699604692627,P95
98.79999999999993,2023-01-01,Cement,2023-09-01,8,446.33,113.5,319.96793801022085,2239.7031321558834,0.0,36316.36096416006,6355.15763749232,P95
98.79999999999993,2023-01-01,Cement,2023-10-01,9,335.47,113.2,250.50819917691769,3810.2343967830575,0.0,28357.528146827084,10782.963342896053,P95
98.79999999999993,2023-01-01,Cement,2023-11-01,10,381.97,112.0,0.0,5716.759030200771,0.0,0.0,16006.925284562161,P95
98.79999999999993,2023-01-01,Cement,2023-12-01,11,467.38,111.7,0.0,7950.392580428214,0.0,0.0,22201.47128084579,P95
98.79999999999993,2023-01-01,Cement,2024-01-01,12,434.45,110.6,0.0,10536.924068665878,0.0,0.0,29134.595049861153,P95
98.79999999999993,2023-01-01,Granite,2023-02-01,1,1455.1,18.5,1822.8456199425227,0.0,1455.1,33722.64396893667,0.0,P95
98.79999999999993,2023-01-01,Granite,2023-03-01,2,1561.4,18.3,1834.2183771101425,0.0,1561.4,33566.19630111561,0.0,P95
98.79999999999993,2023-01-01,Granite,2023-04-01,3,1395.2,18.6,1712.9932456093707,0.0,1395.2,31861.674368334297,0.0,P95
98.79999999999993,2023-01-01,Granite,2023-05-01,4,1844.9,18.3,1824.215295173721,0.0,1844.9,33383.1399016791,0.0,P95
98.79999999999993,2023-01-01,Granite,2023-06-01,5,1659.3,18.5,1646.8734872651262,163.54561994252276,0.0,30467.159514404833,75.63984922341677,P95
98.79999999999993,2023-01-01,Granite,2023-07-01,6,1674.3,18.5,1548.3978505160676,2146.3096169951878,0.0,28645.36023454725,992.6681978602744,P95
98.79999999999993,2023-01-01,Granite,2023-08-01,7,1755.2,18.5,1662.5747533920774,5761.166859657224,0.0,30757.63293775343,2664.5396725914666,P95
98.79999999999993,2023-01-01,Granite,2023-09-01,8,1729.4,18.6,1685.925705880234,11226.039397492981,0.0,31358.218129372355,5220.108319834237,P95
98.79999999999993,2023-01-01,Granite,2023-10-01,9,1742.2,19.5,243.89859220610174,18324.985422593865,0.0,4756.022548018984,8933.43039351451,P95
98.79999999999993,2023-01-01,Granite,2023-11-01,10,1621.1,20.3,97.86455904297759,27093.429298210816,0.0,1986.6505485724451,13749.91536884199,P95
98.79999999999993,2023-01-01,Granite,2023-12-01,11,1531.7,21.2,0.0,37613.847927219846,0.0,0.0,19935.339401426518,P95
98.79999999999993,2023-01-01,Granite,2024-01-01,12,1664.5,22.3,0.0,49687.392262109104,0.0,0.0,27700.721186125826,P95
98.79999999999993,2023-01-01,Ready Mixed Concrete,2023-02-01,1,897.3,118.1,1077.4260048435838,0.0,897.3,127244.01117202724,0.0,P95
98.79999999999993,2023-01-01,Ready Mixed Concrete,2023-03-01,2,1070.7,116.8,1060.4649796793751,0.0,1070.7,123862.30962655101,0.0,P95
98.79999999999993,2023-01-01,Ready Mixed Concrete,2023-04-01,3,918.4,117.2,1089.0028427338418,0.0,918.4,127631.13316840626,0.0,P95
98.79999999999993,2023-01-01,Ready Mixed Concrete,2023-05-01,4,1041.6,117.6,1075.296126631965,0.0,1041.6,126454.82449191909,0.0,P95
98.79999999999993,2023-01-01,Ready Mixed Concrete,2023-06-01,5,1020.3,117.3,1038.922116302622,57.126004843583814,0.0,121865.56424229757,167.52200920380955,P95
98.79999999999993,2023-01-01,Ready Mixed Concrete,2023-07-01,6,1046.0,116.3,1040.783822949197,1149.016989366543,0.0,121043.15860899161,3340.7668965832236,P95
98.79999999999993,2023-01-01,Ready Mixed Concrete,2023-08-01,7,1113.5,116.4,1004.4301159786033,3262.4108166233436,0.0,116915.66549990943,9493.61547637393,P95
98.79999999999993,2023-01-01,Ready Mixed Concrete,2023-09-01,8,1081.8,116.6,985.6573767972161,6482.80077051211,0.0,114927.6501345554,18897.364246042802,P95
98.79999999999993,2023-01-01,Ready Mixed Concrete,2023-10-01,9,1101.2,116.4,327.2227416879821,10722.712840703498,0.0,38088.727132481115,31203.09436644718,P95
98.79999999999993,2023-01-01,Ready Mixed Concrete,2023-11-01,10,1070.0,115.4,96.35907813068661,16034.608733844085,0.0,11119.837616281236,46259.846197140185,P95
98.79999999999993,2023-01-01,Ready Mixed Concrete,2023-12-01,11,1101.6,115.4,0.0,22319.334742963278,0.0,0.0,64391.280733449064,P95
98.79999999999993,2023-01-01,Ready Mixed Concrete,2024-01-01,12,1071.7,118.1,0.0,29619.618128879683,0.0,0.0,87451.92252551726,P95
98.79999999999993,2023-01-01,Steel Reinforcement Bars,2023-02-01,1,100.49,942.1,143.19315125822467,0.0,100.49,134902.26780037346,0.0,P95
98.79999999999993,2023-01-01,Steel Reinforcement Bars,2023-03-01,2,57.1,946.6,126.67529991564902,0.0,57.1,119910.83890015337,0.0,P95
98.79999999999993,2023-01-01,Steel Reinforcement Bars,2023-04-01,3,67.2,940.1,94.39055959770677,0.0,67.2,88736.56507780413,0.0,P95
98.79999999999993,2023-01-01,Steel Reinforcement Bars,2023-05-01,4,152.2,922.8,113.1121349568242,0.0,152.2,104379.87813815738,0.0,P95
98.79999999999993,2023-01-01,Steel Reinforcement Bars,2023-06-01,5,135.08,885.5,92.90971631788435,8.113151258224661,0.0,82271.55379948659,179.60488597894846,P95
98.79999999999993,2023-01-01,Steel Reinforcement Bars,2023-07-01,6,141.5,859.2,127.7422188689771,136.48160243209838,0.0,109756.11445222513,2931.624820241474,P95
98.79999999999993,2023-01-01,Steel Reinforcement Bars,2023-08-01,7,173.95,832.6,138.68850152013562,326.7906132036789,0.0,115472.04636566492,6802.146613834577,P95
98.79999999999993,2023-01-01,Steel Reinforcement Bars,2023-09-01,8,140.71,830.1,84.52666187549525,663.4517589320835,0.0,70165.58202284861,13768.282627238064,P95
98.79999999999993,2023-01-01,Steel Reinforcement Bars,2023-10-01,9,162.59,827.4,77.53752677498855,1071.1426209783726,0.0,64154.54965362552,22156.58511493764,P95
98.79999999999993,2023-01-01,Steel Reinforcement Bars,2023-11-01,10,187.13,826.7,81.32205803972634,1582.0357018936388,0.0,67228.94538144176,32696.722868886787,P95
98.79999999999993,2023-01-01,Steel Reinforcement Bars,2023-12-01,11,122.5,819.7,0.0,2296.2472843290407,0.0,0.0,47055.847474112874,P95
98.79999999999993,2023-01-01,Steel Reinforcement Bars,2024-01-01,12,179.85,833.7,0.0,3037.635528639938,0.0,0.0,63311.91850567791,P95
98.79999999999993,2023-02-01,Cement,2023-03-01,1,427.87,118.2,442.8035756765871,0.0,427.87,52339.3826449726,0.0,P95
98.79999999999993,2023-02-01,Cement,2023-04-01,2,315.7,118.0,447.4545484863132,0.0,315.7,52799.63672138495,0.0,P95
98.79999999999993,2023-02-01,Cement,2023-05-01,3,398.82,117.2,406.0426043652846,0.0,398.82,47588.19323161136,0.0,P95
98.79999999999993,2023-02-01,Cement,2023-06-01,4,335.0,116.7,410.12716971515323,0.0,335.0,47861.84070575838,0.0,P95
98.79999999999993,2023-02-01,Cement,2023-07-01,5,425.98,115.2,459.4144802199537,16.823575676587097,0.0,52924.54812133867,48.451897948570846,P95
98.79999999999993,2023-02-01,Cement,2023-08-01,6,378.3,114.4,415.4261357126742,528.7816998394874,0.0,47524.749925529926,1512.3156615409341,P95
98.79999999999993,2023-02-01,Cement,2023-09-01,7,446.33,113.5,333.08475839594723,1378.7524283676723,0.0,37805.12007794001,3912.210015493271,P95
98.79999999999993,2023-02-01,Cement,2023-10-01,8,335.47,113.2,475.1097693352392,2749.7103266110107,0.0,53782.42588874908,7781.680224309161,P95
98.79999999999993,2023-02-01,Cement,2023-11-01,9,381.97,112.0,187.5602171652866,4533.582705074302,0.0,21006.7443225121,12694.031574208046,P95
98.79999999999993,2023-02-01,Cement,2023-12-01,10,467.38,111.7,0.0,6647.4712192502675,0.0,0.0,18563.063379756375,P95
98.79999999999993,2023-02-01,Cement,2024-01-01,11,434.45,110.6,0.0,9127.37449182218,0.0,0.0,25237.19046988833,P95
98.79999999999993,2023-02-01,Cement,2024-02-01,12,367.77,110.6,0.0,12149.067533729332,0.0,0.0,33592.171730761605,P95
98.79999999999993,2023-02-01,Granite,2023-03-01,1,1561.4,18.3,1681.6310511457505,0.0,1561.4,30773.848235967234,0.0,P95
98.79999999999993,2023-02-01,Granite,2023-04-01,2,1395.2,18.6,1688.6859099285027,0.0,1395.2,31409.557924670153,0.0,P95
98.79999999999993,2023-02-01,Granite,2023-05-01,3,1844.9,18.3,1627.5632248386423,0.0,1844.9,29784.407014547156,0.0,P95
98.79999999999993,2023-02-01,Granite,2023-06-01,4,1659.3,18.5,1600.0772463484027,0.0,1659.3,29601.42905744545,0.0,P95
98.79999999999993,2023-02-01,Granite,2023-07-01,5,1674.3,18.5,1540.7557748220659,7.331051145750507,0.0,28503.981834208218,3.39061115490961,P95
98.79999999999993,2023-02-01,Granite,2023-08-01,6,1755.2,18.5,1650.3089870021006,1622.4480122200036,0.0,30530.71625953886,750.3822056517517,P95
98.79999999999993,2023-02-01,Granite,2023-09-01,7,1729.4,18.6,1599.9948278700826,4890.9281981329,0.0,29759.90379838354,2274.281612131799,P95
98.79999999999993,2023-02-01,Granite,2023-10-01,8,1742.2,19.5,1640.4038734531257,9746.685630394199,0.0,31987.87553233595,4751.509244817173,P95
98.79999999999993,2023-02-01,Granite,2023-11-01,9,1621.1,20.3,152.94714995748473,16264.298837477565,0.0,3104.82714413694,8254.131660019866,P95
98.79999999999993,2023-02-01,Granite,2023-12-01,10,1531.7,21.2,0.0,24521.62103156303,0.0,0.0,12996.459146728406,P95
98.79999999999993,2023-02-01,Granite,2024-01-01,11,1664.5,22.3,0.0,34246.13805351858,0.0,0.0,19092.221964836608,P95
98.79999999999993,2023-02-01,Granite,2024-02-01,12,1201.2,22.2,0.0,46074.358948927256,0.0,0.0,25571.26921665463,P95
98.79999999999993,2023-02-01,Ready Mixed Concrete,2023-03-01,1,1070.7,116.8,1012.0865224126744,0.0,1070.7,118211.70581780036,0.0,P95
98.79999999999993,2023-02-01,Ready Mixed Concrete,2023-04-01,2,918.4,117.2,1001.6271433576363,0.0,918.4,117390.70120151498,0.0,P95
98.79999999999993,2023-02-01,Ready Mixed Concrete,2023-05-01,3,1041.6,117.6,1014.6130126792128,0.0,1041.6,119318.49029107542,0.0,P95
98.79999999999993,2023-02-01,Ready Mixed Concrete,2023-06-01,4,1020.3,117.3,1053.571502458056,0.0,1020.3,123583.93723832998,0.0,P95
98.79999999999993,2023-02-01,Ready Mixed Concrete,2023-07-01,5,1046.0,116.3,950.0942235286283,0.0,33.91347758732559,110495.95819637946,0.0,P95
98.79999999999993,2023-02-01,Ready Mixed Concrete,2023-08-01,6,1113.5,116.4,1071.9556997599157,900.2136657703109,0.0,124775.6434520542,2619.621767391605,P95
98.79999999999993,2023-02-01,Ready Mixed Concrete,2023-09-01,7,1081.8,116.6,1056.9581175965943,2846.7403442198347,0.0,123241.3165117629,8298.248103400818,P95
98.79999999999993,2023-02-01,Ready Mixed Concrete,2023-10-01,8,1101.2,116.4,899.1097815271335,5827.438525127414,0.0,104656.37856975834,16957.846108120775,P95
98.79999999999993,2023-02-01,Ready Mixed Concrete,2023-11-01,9,1070.0,115.4,25.772947800650172,9789.430929563623,0.0,2974.19817619503,28242.508231791056,P95
98.79999999999993,2023-02-01,Ready Mixed Concrete,2023-12-01,10,1101.6,115.4,167.5321863971178,14791.779033759745,0.0,19333.214310227395,42674.282512396865,P95
98.79999999999993,2023-02-01,Ready Mixed Concrete,2024-01-01,11,1071.7,118.1,17.9103712322368,20880.985255552463,0.0,2115.2148425271657,61651.10896701865,P95
98.79999999999993,2023-02-01,Ready Mixed Concrete,2024-02-01,12,874.95,118.0,0.0,28066.051258872314,0.0,0.0,82794.85121367333,P95
98.79999999999993,2023-02-01,Steel Reinforcement Bars,2023-03-01,1,57.1,946.6,127.33355169119262,0.0,57.1,120533.94003088294,0.0,P95
98.79999999999993,2023-02-01,Steel Reinforcement Bars,2023-04-01,2,67.2,940.1,118.13762288521502,0.0,67.2,111061.17927439064,0.0,P95
98.79999999999993,2023-02-01,Steel Reinforcement Bars,2023-05-01,3,152.2,922.8,122.63590890108657,0.0,152.2,113168.41673392268,0.0,P95
98.79999999999993,2023-02-01,Steel Reinforcement Bars,2023-06-01,4,135.08,885.5,93.74883409295533,0.0,135.08,83014.59258931194,0.0,P95
98.79999999999993,2023-02-01,Steel Reinforcement Bars,2023-07-01,5,141.5,859.2,107.08208837960794,0.0,14.166448308807375,92004.93033575914,0.0,P95
98.79999999999993,2023-02-01,Steel Reinforcement Bars,2023-08-01,6,173.95,832.6,103.03302535316146,71.52117457640765,0.0,85785.29690904224,1488.7132488079253,P95
98.79999999999993,2023-02-01,Steel Reinforcement Bars,2023-09-01,7,140.71,830.1,63.49665456005164,298.9182580539018,0.0,52708.57295029887,6203.301150263597,P95
98.79999999999993,2023-02-01,Steel Reinforcement Bars,2023-10-01,8,162.59,827.4,101.5550272684633,598.1841756243513,0.0,84026.62956192654,12373.439672789707,P95
98.79999999999993,2023-02-01,Steel Reinforcement Bars,2023-11-01,9,187.13,826.7,118.74555899623395,979.9921815744088,0.0,98166.95362218661,20253.988412689097,P95
98.79999999999993,2023-02-01,Steel Reinforcement Bars,2023-12-01,10,122.5,819.7,0.0,1529.463212877628,0.0,0.0,31342.524889894794,P95
98.79999999999993,2023-02-01,Steel Reinforcement Bars,2024-01-01,11,179.85,833.7,0.0,2085.0808987408986,0.0,0.0,43458.29863200718,P95
98.79999999999993,2023-02-01,Steel Reinforcement Bars,2024-02-01,12,60.8,829.6,0.0,2861.3036118726322,0.0,0.0,59343.4369102384,P95
98.79999999999993,2023-03-01,Cement,2023-04-01,1,315.7,118.0,445.8880248446675,0.0,315.7,52614.786931670766,0.0,P95
98.79999999999993,2023-03-01,Cement,2023-05-01,2,398.82,117.2,419.6171346993985,0.0,398.82,49179.12818676951,0.0,P95
98.79999999999993,2023-03-01,Cement,2023-06-01,3,335.0,116.7,406.1521731907409,0.0,335.0,47397.95861135946,0.0,P95
98.79999999999993,2023-03-01,Cement,2023-07-01,4,425.98,115.2,402.5667613064795,0.0,425.98,46375.690902506445,0.0,P95
98.79999999999993,2023-03-01,Cement,2023-08-01,5,378.3,114.4,354.6259073475232,67.58802484466747,0.0,40569.20380055666,193.30175105574898,P95
98.79999999999993,2023-03-01,Cement,2023-09-01,6,446.33,113.5,369.2786005284834,486.76318438873335,0.0,41913.12115998287,1381.190535703031,P95
98.79999999999993,2023-03-01,Cement,2023-10-01,7,335.47,113.2,352.2344835113045,1422.9505171235403,0.0,39872.94353347967,4026.949963459619,P95
98.79999999999993,2023-03-01,Cement,2023-11-01,8,381.97,112.0,334.3485013458089,2715.204611164827,0.0,37447.0321507306,7602.572911261516,P95
98.79999999999993,2023-03-01,Cement,2023-12-01,9,467.38,111.7,108.87913594378506,4276.6746125536365,0.0,12161.799484920792,11942.613855556032,P95
98.79999999999993,2023-03-01,Cement,2024-01-01,10,434.45,110.6,47.72319901773977,6240.35321447093,0.0,5278.185811362018,17254.57663801212,P95
98.79999999999993,2023-03-01,Cement,2024-02-01,11,367.77,110.6,0.0,8622.946299899526,0.0,0.0,23842.44651922219,P95
98.79999999999993,2023-03-01,Cement,2024-03-01,12,318.63,110.8,0.0,11389.027886673934,0.0,0.0,31547.607246086798,P95
98.79999999999993,2023-03-01,Granite,2023-04-01,1,1395.2,18.6,1511.7663256798962,0.0,1395.2,28118.853657646072,0.0,P95
98.79999999999993,2023-03-01,Granite,2023-05-01,2,1844.9,18.3,1532.6598970366276,0.0,1844.9,28047.676115770286,0.0,P95
98.79999999999993,2023-03-01,Granite,2023-06-01,3,1659.3,18.5,1537.5495762267715,0.0,1659.3,28444.667160195273,0.0,P95
98.79999999999993,2023-03-01,Granite,2023-07-01,4,1674.3,18.5,1510.7527144817818,0.0,1674.3,27948.925217912965,0.0,P95
98.79999999999993,2023-03-01,Granite,2023-08-01,5,1755.2,18.5,1496.3602030848654,0.0,243.43367432010382,27682.663757070008,0.0,P95
98.79999999999993,2023-03-01,Granite,2023-09-01,6,1729.4,18.6,1502.3292729400357,1315.0262227165235,0.0,27943.324476684666,611.4871935631835,P95
98.79999999999993,2023-03-01,Granite,2023-10-01,7,1742.2,19.5,1460.2350645839435,4154.802021659819,0.0,28474.5837593869,2025.465985559162,P95
98.79999999999993,2023-03-01,Granite,2023-11-01,8,1621.1,20.3,666.1908491425852,8626.430535084894,0.0,13523.67423759448,4377.913496555584,P95
98.79999999999993,2023-03-01,Granite,2023-12-01,9,1531.7,21.2,0.0,14683.819251594834,0.0,0.0,7782.424203345262,P95
98.79999999999993,2023-03-01,Granite,2024-01-01,10,1664.5,22.3,0.0,22110.73724104481,0.0,0.0,12326.736011882482,P95
98.79999999999993,2023-03-01,Granite,2024-02-01,11,1201.2,22.2,0.0,31461.19029507873,0.0,0.0,17460.960613768697,P95
98.79999999999993,2023-03-01,Granite,2024-03-01,12,1688.6,22.4,0.0,40990.434198255236,0.0,0.0,22954.64315102293,P95
98.79999999999993,2023-03-01,Ready Mixed Concrete,2023-04-01,1,918.4,117.2,511.13268119944365,0.0,918.4,59904.7502365748,0.0,P95
98.79999999999993,2023-03-01,Ready Mixed Concrete,2023-05-01,2,1041.6,117.6,928.9188497854692,0.0,1041.6,109240.85673477118,0.0,P95
98.79999999999993,2023-03-01,Ready Mixed Concrete,2023-06-01,3,1020.3,117.3,941.1190895701003,0.0,1020.3,110393.26920657276,0.0,P95
98.79999999999993,2023-03-01,Ready Mixed Concrete,2023-07-01,4,1046.0,116.3,938.3805412449796,0.0,1046.0,109133.65694679112,0.0,P95
98.79999999999993,2023-03-01,Ready Mixed Concrete,2023-08-01,5,1113.5,116.4,940.4040259078704,0.0,602.3673188005564,109463.02861567611,0.0,P95
98.79999999999993,2023-03-01,Ready Mixed Concrete,2023-09-01,6,1081.8,116.6,957.4433801982726,358.25153098491296,0.0,111637.89813111858,1044.3032128210214,P95
98.79999999999993,2023-03-01,Ready Mixed Concrete,2023-10-01,7,1101.2,116.4,960.4854758427355,1638.2221515399258,0.0,111800.50938809442,4767.226460981185,P95
98.79999999999993,2023-03-01,Ready Mixed Concrete,2023-11-01,8,1070.0,115.4,967.0093826681812,3887.773313339919,0.0,111592.88275990811,11216.226008985666,P95
98.79999999999993,2023-03-01,Ready Mixed Concrete,2023-12-01,9,1101.6,115.4,0.0,7046.128501047782,0.0,0.0,20328.080725522854,P95
98.79999999999993,2023-03-01,Ready Mixed Concrete,2024-01-01,10,1071.7,118.1,0.0,11191.827068953917,0.0,0.0,33043.86942108644,P95
98.79999999999993,2023-03-01,Ready Mixed Concrete,2024-02-01,11,874.95,118.0,0.0,16494.76111270279,0.0,0.0,48659.54528247323,P95
98.79999999999993,2023-03-01,Ready Mixed Concrete,2024-03-01,12,1112.0,118.0,0.0,22527.65453911984,0.0,0.0,66456.58089040354,P95
98.79999999999993,2023-03-01,Steel Reinforcement Bars,2023-04-01,1,67.2,940.1,45.08361354963952,0.0,67.2,42383.105098016116,0.0,P95
98.79999999999993,2023-03-01,Steel Reinforcement Bars,2023-05-01,2,152.2,922.8,72.3166249403517,0.0,152.2,66733.78149495655,0.0,P95
98.79999999999993,2023-03-01,Steel Reinforcement Bars,2023-06-01,3,135.08,885.5,74.27940494347276,0.0,135.08,65774.41307744512,0.0,P95
98.79999999999993,2023-03-01,Steel Reinforcement Bars,2023-07-01,4,141.5,859.2,83.2444669454577,0.0,141.5,71523.64599953726,0.0,P95
98.79999999999993,2023-03-01,Steel Reinforcement Bars,2023-08-01,5,173.95,832.6,87.03291009201398,0.0,128.86638645036047,72463.60094261084,0.0,P95
98.79999999999993,2023-03-01,Steel Reinforcement Bars,2023-09-01,6,140.71,830.1,92.20478251451242,0.0,23.309761510008784,76539.18996529675,0.0,P95
98.79999999999993,2023-03-01,Steel Reinforcement Bars,2023-10-01,7,162.59,827.4,93.12713477291551,29.089643433463976,0.0,77053.39131111029,601.7192744212024,P95
98.79999999999993,2023-03-01,Steel Reinforcement Bars,2023-11-01,8,187.13,826.7,91.44625725048788,116.88375381238563,0.0,75598.62086897832,2415.6949819174806,P95
98.79999999999993,2023-03-01,Steel Reinforcement Bars,2023-12-01,9,122.5,819.7,60.21026408563348,356.3407742833213,0.0,49354.35347099377,7302.313317000963,P95
98.79999999999993,2023-03-01,Steel Reinforcement Bars,2024-01-01,10,179.85,833.7,0.0,630.6525772687694,0.0,0.0,13144.376341724326,P95
98.79999999999993,2023-03-01,Steel Reinforcement Bars,2024-02-01,11,60.8,829.6,0.0,1117.141515027133,0.0,0.0,23169.51502166274,P95
98.79999999999993,2023-03-01,Steel Reinforcement Bars,2024-03-01,12,91.23,821.7,0.0,1664.6467100359846,0.0,0.0,34196.00504091422,P95
98.79999999999993,2023-04-01,Cement,2023-05-01,1,398.82,117.2,52.875318767430024,0.0,398.82,6196.987359542799,0.0,P95
98.79999999999993,2023-04-01,Cement,2023-06-01,2,335.0,116.7,320.6808139275163,0.0,335.0,37423.45098534115,0.0,P95
98.79999999999993,2023-04-01,Cement,2023-07-01,3,425.98,115.2,337.5380447462072,0.0,425.98,38884.38275476307,0.0,P95
98.79999999999993,2023-04-01,Cement,2023-08-01,4,378.3,114.4,341.93425469494696,0.0,378.3,39117.27873710194,0.0,P95
98.79999999999993,2023-04-01,Cement,2023-09-01,5,446.33,113.5,347.8753634391409,0.0,393.45468123256995,39483.853750342496,0.0,P95
98.79999999999993,2023-04-01,Cement,2023-10-01,6,335.47,113.2,359.9377368825536,38.086132694946286,0.0,40744.95181510507,107.78375552669799,P95
98.79999999999993,2023-04-01,Cement,2023-11-01,7,381.97,112.0,367.5555747686416,367.2103101360998,0.0,41166.224374087855,1028.1888683810796,P95
98.79999999999993,2023-04-01,Cement,2023-12-01,8,467.38,111.7,386.30683985450486,952.8587422722004,0.0,43150.47401174819,2660.8580377951203,P95
98.79999999999993,2023-04-01,Cement,2024-01-01,9,434.45,110.6,209.4169301106126,1919.3125378474417,0.0,23161.512470233753,5306.899167148176,P95
98.79999999999993,2023-04-01,Cement,2024-02-01,10,367.77,110.6,0.0,3312.384070305237,0.0,0.0,9158.741954393981,P95
98.79999999999993,2023-04-01,Cement,2024-03-01,11,318.63,110.8,0.0,5122.151177531673,0.0,0.0,14188.358761762735,P95
98.79999999999993,2023-04-01,Cement,2024-04-01,12,395.86,110.2,0.0,7240.995124612615,0.0,0.0,19948.941568307757,P95
98.79999999999993,2023-04-01,Granite,2023-05-01,1,1844.9,18.3,1481.9050577606804,0.0,1844.9,27118.862557020453,0.0,P95
98.79999999999993,2023-04-01,Granite,2023-06-01,2,1659.3,18.5,1510.6137273468885,0.0,1659.3,27946.35395591744,0.0,P95
98.79999999999993,2023-04-01,Granite,2023-07-01,3,1674.3,18.5,1523.5316146475693,0.0,1674.3,28185.334870980034,0.0,P95
98.79999999999993,2023-04-01,Granite,2023-08-01,4,1755.2,18.5,1495.372034541669,0.0,1755.2,27664.382639020878,0.0,P95
98.79999999999993,2023-04-01,Granite,2023-09-01,5,1729.4,18.6,1484.1905288550706,0.0,247.4949422393197,27605.943836704315,0.0,P95
98.79999999999993,2023-04-01,Granite,2023-10-01,6,1742.2,19.5,1443.4197714358086,1250.3187851075688,0.0,28146.685542998268,609.5304077399398,P95
98.79999999999993,2023-04-01,Granite,2023-11-01,7,1621.1,20.3,1459.20100877627,4145.269184862707,0.0,29621.780478158285,2103.7241113178243,P95
98.79999999999993,2023-04-01,Granite,2023-12-01,8,1531.7,21.2,833.5492746613854,8624.991619159515,0.0,17671.24462282137,4571.245558154543,P95
98.79999999999993,2023-04-01,Granite,2024-01-01,9,1664.5,22.3,0.0,14456.104582311393,0.0,0.0,8059.278304638601,P95
98.79999999999993,2023-04-01,Granite,2024-02-01,10,1201.2,22.2,0.0,22193.93731689908,0.0,0.0,12317.63521087899,P95
98.79999999999993,2023-04-01,Granite,2024-03-01,11,1688.6,22.4,0.0,30903.571060263035,0.0,0.0,17305.999793747298,P95
98.79999999999993,2023-04-01,Granite,2024-04-01,12,1470.5,22.3,0.0,40664.85407828838,0.0,0.0,22670.656148645772,P95
98.79999999999993,2023-04-01,Ready Mixed Concrete,2023-05-01,1,1041.6,117.6,483.12042960601934,0.0,1041.6,56814.96252166787,0.0,P95
98.79999999999993,2023-04-01,Ready Mixed Concrete,2023-06-01,2,1020.3,117.3,891.1070787812457,0.0,1020.3,104526.86034104013,0.0,P95
98.79999999999993,2023-04-01,Ready Mixed Concrete,2023-07-01,3,1046.0,116.3,905.358479576664,0.0,1046.0,105293.19117476602,0.0,P95
98.79999999999993,2023-04-01,Ready Mixed Concrete,2023-08-01,4,1113.5,116.4,899.5089703728011,0.0,1113.5,104702.84415139405,0.0,P95
98.79999999999993,2023-04-01,Ready Mixed Concrete,2023-09-01,5,1081.8,116.6,903.2693764149872,0.0,598.6795703939806,105321.2092899875,0.0,P95
98.79999999999993,2023-04-01,Ready Mixed Concrete,2023-10-01,6,1101.2,116.4,918.56030278976,273.027508387265,0.0,106920.41924472808,794.5100494069412,P95
98.79999999999993,2023-04-01,Ready Mixed Concrete,2023-11-01,7,1070.0,115.4,911.9233794860696,1482.613496351194,0.0,105235.95799269243,4277.339936973195,P95
98.79999999999993,2023-04-01,Ready Mixed Concrete,2023-12-01,8,1101.6,115.4,909.5360667694162,3560.108454687924,0.0,104960.46210519063,10270.912891774662,P95
98.79999999999993,2023-04-01,Ready Mixed Concrete,2024-01-01,9,1071.7,118.1,0.0,6570.772789439642,0.0,0.0,19400.206660820546,P95
98.79999999999993,2023-04-01,Ready Mixed Concrete,2024-02-01,10,874.95,118.0,0.0,10696.747426981117,0.0,0.0,31555.404909594297,P95
98.79999999999993,2023-04-01,Ready Mixed Concrete,2024-03-01,11,1112.0,118.0,0.0,15497.595444008664,0.0,0.0,45717.90655982556,P95
98.79999999999993,2023-04-01,Ready Mixed Concrete,2024-04-01,12,1114.9,119.2,0.0,21205.079527805625,0.0,0.0,63191.136992860775,P95
98.79999999999993,2023-04-01,Steel Reinforcement Bars,2023-05-01,1,152.2,922.8,62.5624462097969,0.0,152.2,57732.62536240058,0.0,P95
98.79999999999993,2023-04-01,Steel Reinforcement Bars,2023-06-01,2,135.08,885.5,69.4621229710079,0.0,135.08,61508.70989082749,0.0,P95
98.79999999999993,2023-04-01,Steel Reinforcement Bars,2023-07-01,3,141.5,859.2,69.58339249768703,0.0,141.5,59786.0508340127,0.0,P95
98.79999999999993,2023-04-01,Steel Reinforcement Bars,2023-08-01,4,173.95,832.6,72.15225094997801,0.0,173.95,60073.96414095169,0.0,P95
98.79999999999993,2023-04-01,Steel Reinforcement Bars,2023-09-01,5,140.71,830.1,73.96690141935855,0.0,78.1475537902031,61399.924868209535,0.0,P95
98.79999999999993,2023-04-01,Steel Reinforcement Bars,2023-10-01,6,162.59,827.4,76.42107731756802,0.0,30.5654308191952,63230.799372555775,0.0,P95
98.79999999999993,2023-04-01,Steel Reinforcement Bars,2023-11-01,7,187.13,826.7,74.76215965046389,14.477961678491852,0.0,61805.877383038496,299.2232729902304,P95
98.79999999999993,2023-04-01,Steel Reinforcement Bars,2023-12-01,8,122.5,819.7,80.51455527347105,165.7381743069617,0.0,65997.78095766422,3396.389536985413,P95
98.79999999999993,2023-04-01,Steel Reinforcement Bars,2024-01-01,9,179.85,833.7,35.38329416465466,333.6152883547901,0.0,29499.05234507259,6953.376647534713,P95
98.79999999999993,2023-04-01,Steel Reinforcement Bars,2024-02-01,10,60.8,829.6,0.0,696.9634797201866,0.0,0.0,14455.022569396671,P95
98.79999999999993,2023-04-01,Steel Reinforcement Bars,2024-03-01,11,91.23,821.7,0.0,1104.6438307360468,0.0,0.0,22692.145892895245,P95
98.79999999999993,2023-04-01,Steel Reinforcement Bars,2024-04-01,12,111.96,819.4,0.0,1572.108737025378,0.0,0.0,32204.64747796487,P95
98.79999999999993,2023-05-01,Cement,2023-06-01,1,335.0,116.7,0.0,0.0,335.0,0.0,0.0,P95
98.79999999999993,2023-05-01,Cement,2023-07-01,2,425.98,115.2,329.54593304225375,0.0,425.98,37963.69148646764,0.0,P95
98.79999999999993,2023-05-01,Cement,2023-08-01,3,378.3,114.4,341.1468264621396,0.0,378.3,39027.19694726877,0.0,P95
98.79999999999993,2023-05-01,Cement,2023-09-01,4,446.33,113.5,339.66619840445003,0.0,446.33,38552.11351890508,0.0,P95
98.79999999999993,2023-05-01,Cement,2023-10-01,5,335.47,113.2,339.0765480038065,0.0,335.47,38383.4652340309,0.0,P95
98.79999999999993,2023-05-01,Cement,2023-11-01,6,381.97,112.0,345.03062682610744,0.0,52.42406695774628,38643.43020452403,0.0,P95
98.79999999999993,2023-05-01,Cement,2023-12-01,7,467.38,111.7,335.23023216562126,203.31275950439328,0.0,37445.21693289989,567.7508809160183,P95
98.79999999999993,2023-05-01,Cement,2024-01-01,8,434.45,110.6,338.34758462983825,779.2217174132365,0.0,37421.242860060105,2154.548048647599,P95
98.79999999999993,2023-05-01,Cement,2024-02-01,9,367.77,110.6,229.81898527189773,1760.8872233258867,0.0,25417.97977107189,4868.853172496077,P95
98.79999999999993,2023-05-01,Cement,2024-03-01,10,318.63,110.8,0.0,3136.7233560646437,0.0,0.0,8688.723696299063,P95
98.79999999999993,2023-05-01,Cement,2024-04-01,11,395.86,110.2,0.0,4770.559720969023,0.0,0.0,13142.892031269661,P95
98.79999999999993,2023-05-01,Cement,2024-05-01,12,330.62,110.2,0.0,6807.98367050324,0.0,0.0,18755.995012236428,P95
98.79999999999993,2023-05-01,Granite,2023-06-01,1,1659.3,18.5,1523.1115584910335,0.0,1659.3,28177.56383208412,0.0,P95
98.79999999999993,2023-05-01,Granite,2023-07-01,2,1674.3,18.5,1475.2299105592656,0.0,1674.3,27291.753345346413,0.0,P95
98.79999999999993,2023-05-01,Granite,2023-08-01,3,1755.2,18.5,1483.7981604164934,0.0,1755.2,27450.265967705127,0.0,P95
98.79999999999993,2023-05-01,Granite,2023-09-01,4,1729.4,18.6,1449.39651222523,0.0,1729.4,26958.77512738928,0.0,P95
98.79999999999993,2023-05-01,Granite,2023-10-01,5,1742.2,19.5,1408.316153414011,0.0,219.08844150896653,27462.164991573216,0.0,P95
98.79999999999993,2023-05-01,Granite,2023-11-01,6,1621.1,20.3,1216.7332977871606,1377.2414690502992,0.0,24699.68594507936,698.9500455430269,P95
98.79999999999993,2023-05-01,Granite,2023-12-01,7,1531.7,21.2,662.5243720447656,4327.681098517091,0.0,14045.51668734903,2293.6709822140588,P95
98.79999999999993,2023-05-01,Granite,2024-01-01,8,1664.5,22.3,1285.4751373639965,8594.717240209113,0.0,28666.095563217124,4791.55486141658,P95
98.79999999999993,2023-05-01,Granite,2024-02-01,9,1201.2,22.2,0.0,14733.369535315145,0.0,0.0,8177.020092099906,P95
98.79999999999993,2023-05-01,Granite,2024-03-01,10,1688.6,22.4,0.0,21601.355128208343,0.0,0.0,12096.75887179667,P95
98.79999999999993,2023-05-01,Granite,2024-04-01,11,1470.5,22.3,0.0,29349.965093146304,0.0,0.0,16362.605539429063,P95
98.79999999999993,2023-05-01,Granite,2024-05-01,12,1911.9,22.1,0.0,37942.65019544826,0.0,0.0,20963.314232985165,P95
98.79999999999993,2023-05-01,Ready Mixed Concrete,2023-06-01,1,1020.3,117.3,479.70913463888553,0.0,1020.3,56269.88149314127,0.0,P95
98.79999999999993,2023-05-01,Ready Mixed Concrete,2023-07-01,2,1046.0,116.3,903.682266181333,0.0,1046.0,105098.24755688902,0.0,P95
98.79999999999993,2023-05-01,Ready Mixed Concrete,2023-08-01,3,1113.5,116.4,941.8786364389264,0.0,1113.5,109634.67328149104,0.0,P95
98.79999999999993,2023-05-01,Ready Mixed Concrete,2023-09-01,4,1081.8,116.6,935.9214111847508,0.0,1081.8,109128.43654414194,0.0,P95
98.79999999999993,2023-05-01,Ready Mixed Concrete,2023-10-01,5,1101.2,116.4,930.1212082401404,0.0,621.4908653611145,108266.10863915234,0.0,P95
98.79999999999993,2023-05-01,Ready Mixed Concrete,2023-11-01,6,1070.0,115.4,923.2242249666725,313.3914008202187,0.0,106540.07556115401,904.1341913663309,P95
98.79999999999993,2023-05-01,Ready Mixed Concrete,2023-12-01,7,1101.6,115.4,908.7885944091028,1537.061438079364,0.0,104874.20379481047,4434.422248858966,P95
98.79999999999993,2023-05-01,Ready Mixed Concrete,2024-01-01,8,1071.7,118.1,904.2848976062368,3726.55288652326,0.0,106796.04640729656,11002.647397459925,P95
98.79999999999993,2023-05-01,Ready Mixed Concrete,2024-02-01,9,874.95,118.0,0.0,7042.915543207297,0.0,0.0,20776.600852461528,P95
98.79999999999993,2023-05-01,Ready Mixed Concrete,2024-03-01,10,1112.0,118.0,0.0,11045.452424858006,0.0,0.0,32584.08465333112,P95
98.79999999999993,2023-05-01,Ready Mixed Concrete,2024-04-01,11,1114.9,119.2,0.0,15953.87790091782,0.0,0.0,47542.55614473511,P95
98.79999999999993,2023-05-01,Ready Mixed Concrete,2024-05-01,12,1151.8,120.4,0.0,21729.68827458387,0.0,0.0,65406.36170649745,P95
98.79999999999993,2023-05-01,Steel Reinforcement Bars,2023-06-01,1,135.08,885.5,59.80117884323143,0.0,135.08,52953.94386568143,0.0,P95
98.79999999999993,2023-05-01,Steel Reinforcement Bars,2023-07-01,2,141.5,859.2,67.73987531558394,0.0,141.5,58202.10087114973,0.0,P95
98.79999999999993,2023-05-01,Steel Reinforcement Bars,2023-08-01,3,173.95,832.6,74.14772548326144,0.0,173.95,61735.39623736348,0.0,P95
98.79999999999993,2023-05-01,Steel Reinforcement Bars,2023-09-01,4,140.71,830.1,77.26483858058145,0.0,140.71,64137.54250574067,0.0,P95
98.79999999999993,2023-05-01,Steel Reinforcement Bars,2023-10-01,5,162.59,827.4,71.43197395463001,0.0,102.78882115676856,59102.81525006087,0.0,P95
98.79999999999993,2023-05-01,Steel Reinforcement Bars,2023-11-01,6,187.13,826.7,87.4787255155733,0.0,59.588945841184625,72318.66238372446,0.0,P95
98.79999999999993,2023-05-01,Steel Reinforcement Bars,2023-12-01,7,122.5,819.7,76.91480863378817,79.18877964207681,0.0,63047.068637116165,1622.7760668152594,P95
98.79999999999993,2023-05-01,Steel Reinforcement Bars,2024-01-01,8,179.85,833.7,79.51431889727834,178.29239786473514,0.0,66291.08766466095,3716.0593024957425,P95
98.79999999999993,2023-05-01,Steel Reinforcement Bars,2024-02-01,9,60.8,829.6,0.0,467.87799004202344,0.0,0.0,9703.789513471567,P95
98.79999999999993,2023-05-01,Steel Reinforcement Bars,2024-03-01,10,91.23,821.7,0.0,814.5123077348851,0.0,0.0,16732.11908164388,P95
98.79999999999993,2023-05-01,Steel Reinforcement Bars,2024-04-01,11,111.96,819.4,0.0,1217.3314340615348,0.0,0.0,24937.03442675054,P95
98.79999999999993,2023-05-01,Steel Reinforcement Bars,2024-05-01,12,160.55,812.5,0.0,1651.074879285463,0.0,0.0,33537.45848548597,P95
