dataset,split,series,model,specification,forecast_origin,target_date,horizon,actual,q10,q25,q50,q75,q90
RO1_PRICE,validation,Cement In Bulk (Ordinary Portland Cement),ETS,ETS_AAd_N,2022-06-01,2022-07-01,1,118.5,118.58724228704641,119.24479735652912,120.03137617223277,120.80876727913407,121.53079269204876
RO1_PRICE,validation,Cement In Bulk (Ordinary Portland Cement),ETS,ETS_AAd_N,2022-07-01,2022-08-01,1,119.0,117.96741462000801,118.62594037815296,119.41368034852458,120.1922190471161,120.9153103203894
RO1_PRICE,validation,Cement In Bulk (Ordinary Portland Cement),ETS,ETS_AAd_N,2022-08-01,2022-09-01,1,118.6,118.17673236495405,118.83426790301428,119.62082335489056,120.39819137086788,121.12019533739121
RO1_PRICE,validation,Cement In Bulk (Ordinary Portland Cement),ETS,ETS_AAd_N,2022-09-01,2022-10-01,1,118.6,117.28458485668921,117.94197035308842,118.72834632251903,119.50553695251249,120.22737616645874
RO1_PRICE,validation,Cement In Bulk (Ordinary Portland Cement),ETS,ETS_AAd_N,2022-10-01,2022-11-01,1,118.4,117.18761375517914,117.84385750748957,118.62886770277458,119.40470851167748,120.12529403861652
RO1_PRICE,validation,Cement In Bulk (Ordinary Portland Cement),ETS,ETS_AAd_N,2022-11-01,2022-12-01,1,118.3,116.87688460050713,117.5320351266048,118.31573758567171,119.09028593349404,119.80967104826334
RO1_PRICE,validation,Cement In Bulk (Ordinary Portland Cement),ETS,ETS_AAd_N,2022-12-01,2023-01-01,1,118.5,116.75719278420158,117.41118889849649,118.19351043007798,118.96669398046993,119.68481149850513
RO1_PRICE,validation,Cement In Bulk (Ordinary Portland Cement),ETS,ETS_AAd_N,2023-01-01,2023-02-01,1,118.4,117.05555860581181,117.70846243122438,118.4894773478388,119.26136954530429,119.97828768040127
RO1_PRICE,validation,Cement In Bulk (Ordinary Portland Cement),ETS,ETS_AAd_N,2023-02-01,2023-03-01,1,118.2,116.90669518879804,117.55847077281415,118.33813606743848,119.10869440730214,119.82437368196298
RO1_PRICE,validation,Cement In Bulk (Ordinary Portland Cement),ETS,ETS_AAd_N,2023-03-01,2023-04-01,1,118.0,116.64338657253701,117.29405464096163,118.07239510616442,118.84164409140284,119.55610726350534
RO1_PRICE,validation,Cement In Bulk (Ordinary Portland Cement),ETS,ETS_AAd_N,2023-04-01,2023-05-01,1,117.2,116.41137974878984,117.06092723560927,117.83792724159761,118.60585142498314,119.31908414744917
RO1_PRICE,validation,Cement In Bulk (Ordinary Portland Cement),ETS,ETS_AAd_N,2023-05-01,2023-06-01,1,116.7,115.38723695032503,116.0360911149216,116.81226175680301,117.57936626354808,118.29183768663788
RO1_PRICE,validation,Cement In Bulk (Ordinary Portland Cement),ETS,ETS_AAd_N,2023-06-01,2023-07-01,1,115.2,114.87074717764021,115.51850208224296,116.29335777019242,117.05916268245022,117.7704270680039
RO1_PRICE,validation,Cement In Bulk (Ordinary Portland Cement),ETS,ETS_AAd_N,2023-07-01,2023-08-01,1,114.4,113.01767565654329,113.66550667804448,114.44045341835229,115.2063483194227,115.9176962847974
RO1_PRICE,validation,Cement In Bulk (Ordinary Portland Cement),ETS,ETS_AAd_N,2023-08-01,2023-09-01,1,113.5,112.26949779198847,112.91622227404437,113.68984535261373,114.45443205310275,115.16456498777208
RO1_PRICE,validation,Cement In Bulk (Ordinary Portland Cement),ETS,ETS_AAd_N,2023-09-01,2023-10-01,1,113.2,111.37661794826391,112.02228641388356,112.79464626721696,113.55798449769279,114.2669578782216
RO1_PRICE,validation,Cement In Bulk (Ordinary Portland Cement),ETS,ETS_AAd_N,2023-10-01,2023-11-01,1,112.0,111.28965109768912,111.9343308534063,112.7055079947506,113.4676773280174,114.17556506004512
RO1_PRICE,validation,Cement In Bulk (Ordinary Portland Cement),ETS,ETS_AAd_N,2023-11-01,2023-12-01,1,111.7,109.8928133965995,110.5369119907625,111.3073939365434,112.06887619454479,112.77612578471854
RO1_PRICE,validation,Cement In Bulk (Ordinary Portland Cement),ETS,ETS_AAd_N,2023-12-01,2024-01-01,1,110.6,109.79053211862434,110.43364349558794,111.20294451497716,111.96325964051007,112.66942522123867
RO1_PRICE,validation,Cement In Bulk (Ordinary Portland Cement),ETS,ETS_AAd_N,2024-01-01,2024-02-01,1,110.6,108.53149524184305,109.17390328131208,109.94236295615207,110.70184656454096,111.40723984866885
RO1_PRICE,validation,Cement In Bulk (Ordinary Portland Cement),ETS,ETS_AAd_N,2024-02-01,2024-03-01,1,110.8,108.8155974371032,109.45725392191896,110.22481457400549,110.98340966076185,111.68797770365285
RO1_PRICE,validation,Cement In Bulk (Ordinary Portland Cement),ETS,ETS_AAd_N,2024-03-01,2024-04-01,1,110.2,109.2556296260397,109.89645540455219,110.6630223513043,111.42063533979606,112.12429122933374
RO1_PRICE,validation,Cement In Bulk (Ordinary Portland Cement),ETS,ETS_AAd_N,2024-04-01,2024-05-01,1,110.2,108.50014320697441,109.14013163208814,109.90569692213455,110.66231995386721,111.36505639123799
RO1_PRICE,validation,Cement In Bulk (Ordinary Portland Cement),ETS,ETS_AAd_N,2024-05-01,2024-06-01,1,109.6,108.61173127786205,109.25070532616394,110.01505720101765,110.7704809909694,111.47210359640363
RO1_PRICE,validation,Cement In Bulk (Ordinary Portland Cement),ETS,ETS_AAd_N,2022-04-01,2022-07-01,3,118.5,115.55616399563968,116.98632860030676,118.65269006570777,120.53039339757245,122.11508886086995
RO1_PRICE,validation,Cement In Bulk (Ordinary Portland Cement),ETS,ETS_AAd_N,2022-05-01,2022-08-01,3,119.0,124.33315356066235,125.77514522057339,127.4816479103082,129.40016072271007,131.02136568616532
RO1_PRICE,validation,Cement In Bulk (Ordinary Portland Cement),ETS,ETS_AAd_N,2022-06-01,2022-09-01,3,118.6,119.73647872694508,121.18064216252404,122.86164972668212,124.78535483163965,126.4040368108497
RO1_PRICE,validation,Cement In Bulk (Ordinary Portland Cement),ETS,ETS_AAd_N,2022-07-01,2022-10-01,3,118.6,117.73785528165917,119.19975443491863,120.8988669118537,122.81920958264365,124.44167077355682
RO1_PRICE,validation,Cement In Bulk (Ordinary Portland Cement),ETS,ETS_AAd_N,2022-08-01,2022-11-01,3,118.4,117.44901821615956,118.91505948856455,120.6151572537504,122.53593378847987,124.1564789329135
RO1_PRICE,validation,Cement In Bulk (Ordinary Portland Cement),ETS,ETS_AAd_N,2022-09-01,2022-12-01,3,118.3,115.70572343905185,117.17949001862817,118.8931558542001,120.8243830888152,122.45488029900383
RO1_PRICE,validation,Cement In Bulk (Ordinary Portland Cement),ETS,ETS_AAd_N,2022-10-01,2023-01-01,3,118.5,115.46170259491505,116.93227784777996,118.64478718412343,120.57550273369745,122.20507674512733
RO1_PRICE,validation,Cement In Bulk (Ordinary Portland Cement),ETS,ETS_AAd_N,2022-11-01,2023-02-01,3,118.4,114.96689166011866,116.43351118699104,118.14476783692334,120.07417231900178,121.70450926044867
RO1_PRICE,validation,Cement In Bulk (Ordinary Portland Cement),ETS,ETS_AAd_N,2022-12-01,2023-03-01,3,118.2,114.81885345867921,116.28267100906993,117.99116230324725,119.91728297964248,121.54531634325112
RO1_PRICE,validation,Cement In Bulk (Ordinary Portland Cement),ETS,ETS_AAd_N,2023-01-01,2023-04-01,3,118.0,115.28211352687916,116.74436765591506,118.44915635732107,120.3717814528409,121.99578369892626
RO1_PRICE,validation,Cement In Bulk (Ordinary Portland Cement),ETS,ETS_AAd_N,2023-02-01,2023-05-01,3,117.2,115.04515321695271,116.50443473712781,118.20660121526487,120.12595710720716,121.74739521257327
RO1_PRICE,validation,Cement In Bulk (Ordinary Portland Cement),ETS,ETS_AAd_N,2023-03-01,2023-06-01,3,116.7,114.67792329370516,116.13470342405597,117.834068357423,119.75019643839794,121.3689628319716
RO1_PRICE,validation,Cement In Bulk (Ordinary Portland Cement),ETS,ETS_AAd_N,2023-04-01,2023-07-01,3,115.2,114.39480086144302,115.84905256792655,117.54556247901624,119.45843529581333,121.07457919162252
RO1_PRICE,validation,Cement In Bulk (Ordinary Portland Cement),ETS,ETS_AAd_N,2023-05-01,2023-08-01,3,114.4,112.9961962083635,114.44852723755659,116.14370605299871,118.05477278710967,119.67028656369705
RO1_PRICE,validation,Cement In Bulk (Ordinary Portland Cement),ETS,ETS_AAd_N,2023-06-01,2023-09-01,3,113.5,112.46366189130354,113.91349528570173,115.606118879187,117.51409107806012,119.12745554546446
RO1_PRICE,validation,Cement In Bulk (Ordinary Portland Cement),ETS,ETS_AAd_N,2023-07-01,2023-10-01,3,113.2,110.01495829384183,111.46354745217863,113.1577881326075,115.0720113107975,116.68665980941955
RO1_PRICE,validation,Cement In Bulk (Ordinary Portland Cement),ETS,ETS_AAd_N,2023-08-01,2023-11-01,3,112.0,109.37614461619775,110.82213932216118,112.51383002486821,114.4252882223577,116.03755227891868
RO1_PRICE,validation,Cement In Bulk (Ordinary Portland Cement),ETS,ETS_AAd_N,2023-09-01,2023-12-01,3,111.7,108.48897054536826,109.93215442436257,111.62192128262652,113.53180360155076,115.14197395961511
RO1_PRICE,validation,Cement In Bulk (Ordinary Portland Cement),ETS,ETS_AAd_N,2023-10-01,2024-01-01,3,110.6,108.76088373418465,110.20213112393463,111.88868492351008,113.7947377332867,115.40202694687164
RO1_PRICE,validation,Cement In Bulk (Ordinary Portland Cement),ETS,ETS_AAd_N,2023-11-01,2024-02-01,3,110.6,107.01500418777164,108.4549082301016,110.13887609812289,112.04369463854138,113.64870350848736
RO1_PRICE,validation,Cement In Bulk (Ordinary Portland Cement),ETS,ETS_AAd_N,2023-12-01,2024-03-01,3,110.8,107.2629947865114,108.7000578846689,110.38153144242371,112.28400551802072,113.88619254338553
RO1_PRICE,validation,Cement In Bulk (Ordinary Portland Cement),ETS,ETS_AAd_N,2024-01-01,2024-04-01,3,110.2,105.71587108857825,107.15041923121079,108.83080878496419,110.73146464402546,112.3314324869008
RO1_PRICE,validation,Cement In Bulk (Ordinary Portland Cement),ETS,ETS_AAd_N,2024-02-01,2024-05-01,3,110.2,106.49971547045483,107.93162579582668,109.61088694385764,111.50926615149056,113.10697521146795
RO1_PRICE,validation,Cement In Bulk (Ordinary Portland Cement),ETS,ETS_AAd_N,2024-03-01,2024-06-01,3,109.6,107.32053992760794,108.75161756914228,110.42820938141114,112.32441421457305,113.92075574111279
RO1_PRICE,validation,Cement In Bulk (Ordinary Portland Cement),ETS,ETS_AAd_N,2022-01-01,2022-07-01,6,118.5,111.66416127456264,114.51622933714299,117.81542291340486,121.07668490317309,124.11948786460798
RO1_PRICE,validation,Cement In Bulk (Ordinary Portland Cement),ETS,ETS_AAd_N,2022-02-01,2022-08-01,6,119.0,109.72015481773214,112.49029464937286,115.69007573645592,118.85651047115005,121.79619014204681
RO1_PRICE,validation,Cement In Bulk (Ordinary Portland Cement),ETS,ETS_AAd_N,2022-03-01,2022-09-01,6,118.6,115.10021781978917,117.91396549936688,121.17262235082207,124.39949720469082,127.38217536305896
RO1_PRICE,validation,Cement In Bulk (Ordinary Portland Cement),ETS,ETS_AAd_N,2022-04-01,2022-10-01,6,118.6,117.00676423971348,119.82997506636968,123.09214199282195,126.31512602896554,129.3037655857122
RO1_PRICE,validation,Cement In Bulk (Ordinary Portland Cement),ETS,ETS_AAd_N,2022-05-01,2022-11-01,6,118.4,128.31074251955607,131.2392455619664,134.66006034042482,137.9823807001926,141.1053266455494
RO1_PRICE,validation,Cement In Bulk (Ordinary Portland Cement),ETS,ETS_AAd_N,2022-06-01,2022-12-01,6,118.3,120.1850444852563,123.03348614794629,126.34131089825703,129.61131323824873,132.64985178378822
RO1_PRICE,validation,Cement In Bulk (Ordinary Portland Cement),ETS,ETS_AAd_N,2022-07-01,2023-01-01,6,118.5,116.66656000131003,119.49807107140623,122.78554935858779,126.03787264018176,129.06034931408936
RO1_PRICE,validation,Cement In Bulk (Ordinary Portland Cement),ETS,ETS_AAd_N,2022-08-01,2023-02-01,6,118.4,115.82599668374166,118.66163899050801,121.94765095931038,125.19330843043502,128.2238989841506
RO1_PRICE,validation,Cement In Bulk (Ordinary Portland Cement),ETS,ETS_AAd_N,2022-09-01,2023-03-01,6,118.2,113.13210631637818,116.00696186569184,119.31888597161245,122.591790207261,125.65600816130404
RO1_PRICE,validation,Cement In Bulk (Ordinary Portland Cement),ETS,ETS_AAd_N,2022-10-01,2023-04-01,6,118.0,112.72612299006383,115.60295637913029,118.91355386969374,122.18752706037387,125.25419956992522
RO1_PRICE,validation,Cement In Bulk (Ordinary Portland Cement),ETS,ETS_AAd_N,2022-11-01,2023-05-01,6,117.2,112.02772381340652,114.90885536830476,118.22197424931784,121.498229007732,124.57052782487673
RO1_PRICE,validation,Cement In Bulk (Ordinary Portland Cement),ETS,ETS_AAd_N,2022-12-01,2023-06-01,6,116.7,111.84997611575916,114.72747276580986,118.03577999691984,121.30765875100718,124.37618679499164
RO1_PRICE,validation,Cement In Bulk (Ordinary Portland Cement),ETS,ETS_AAd_N,2023-01-01,2023-07-01,6,115.2,112.49191532874826,115.36097667291455,118.6608560932055,121.92381926002717,124.98317846913525
RO1_PRICE,validation,Cement In Bulk (Ordinary Portland Cement),ETS,ETS_AAd_N,2023-02-01,2023-08-01,6,114.4,112.16311035626707,115.02805104352746,118.32310377706648,121.58123708951895,124.636315521023
RO1_PRICE,validation,Cement In Bulk (Ordinary Portland Cement),ETS,ETS_AAd_N,2023-03-01,2023-09-01,6,113.5,111.68902924392862,114.54923627685397,117.83873324888089,121.09137995538687,124.141409276026
RO1_PRICE,validation,Cement In Bulk (Ordinary Portland Cement),ETS,ETS_AAd_N,2023-04-01,2023-10-01,6,113.2,111.35376002802946,114.20945700852303,117.49357182207585,120.7409593165462,123.78614535776869
RO1_PRICE,validation,Cement In Bulk (Ordinary Portland Cement),ETS,ETS_AAd_N,2023-05-01,2023-11-01,6,112.0,109.5613711256136,112.41726574717381,115.70012258377632,118.94731572009509,121.99231167785551
RO1_PRICE,validation,Cement In Bulk (Ordinary Portland Cement),ETS,ETS_AAd_N,2023-06-01,2023-12-01,6,111.7,109.01244038581326,111.86494891092276,115.14294897512661,118.38597167537236,121.42701082936173
RO1_PRICE,validation,Cement In Bulk (Ordinary Portland Cement),ETS,ETS_AAd_N,2023-07-01,2024-01-01,6,110.6,105.92214000402777,108.78864614049436,112.0793733530246,115.33811244320813,118.38558296385602
RO1_PRICE,validation,Cement In Bulk (Ordinary Portland Cement),ETS,ETS_AAd_N,2023-08-01,2024-02-01,6,110.6,105.39735934080623,108.26019714416616,111.54623865701815,114.80044738083767,117.84391168024503
RO1_PRICE,validation,Cement In Bulk (Ordinary Portland Cement),ETS,ETS_AAd_N,2023-09-01,2024-03-01,6,110.8,104.51088629356116,107.37088637314774,110.65629112514429,113.91046788000087,116.95386209164354
RO1_PRICE,validation,Cement In Bulk (Ordinary Portland Cement),ETS,ETS_AAd_N,2023-10-01,2024-04-01,6,110.2,105.16491042593267,108.01922119544794,111.2959533550216,114.54030359442353,117.57624569947039
RO1_PRICE,validation,Cement In Bulk (Ordinary Portland Cement),ETS,ETS_AAd_N,2023-11-01,2024-05-01,6,110.2,103.04407676178747,105.89503310602746,109.17333365974335,112.42132491076381,115.45496919888146
RO1_PRICE,validation,Cement In Bulk (Ordinary Portland Cement),ETS,ETS_AAd_N,2023-12-01,2024-06-01,6,109.6,103.6612890469326,106.50736350515686,109.78033285799455,113.02304627247585,116.05375341000297
RO1_PRICE,validation,Cement In Bulk (Ordinary Portland Cement),ETS,ETS_AAd_N,2021-07-01,2022-07-01,12,118.5,96.04867218042642,100.95328207962719,106.80695935577599,112.54492260755057,118.14592024010406
RO1_PRICE,validation,Cement In Bulk (Ordinary Portland Cement),ETS,ETS_AAd_N,2021-08-01,2022-08-01,12,119.0,90.5816853478912,95.38047010725089,101.04910266136841,106.68676549461709,112.09300146906074
RO1_PRICE,validation,Cement In Bulk (Ordinary Portland Cement),ETS,ETS_AAd_N,2021-09-01,2022-09-01,12,118.6,87.46851755439928,92.24131395874105,97.85722028018154,103.4788357586842,108.80744399172846
RO1_PRICE,validation,Cement In Bulk (Ordinary Portland Cement),ETS,ETS_AAd_N,2021-10-01,2022-10-01,12,118.6,86.94551968718353,91.70880507191765,97.31069336033427,102.91465968818663,108.23354702973803
RO1_PRICE,validation,Cement In Bulk (Ordinary Portland Cement),ETS,ETS_AAd_N,2021-11-01,2022-11-01,12,118.4,88.14840149916867,92.90521750269862,98.50366299707197,104.10800332682457,109.41825448863257
RO1_PRICE,validation,Cement In Bulk (Ordinary Portland Cement),ETS,ETS_AAd_N,2021-12-01,2022-12-01,12,118.3,91.33801438490345,96.09954133592122,101.72195008398847,107.3391724666345,112.67240607605471
RO1_PRICE,validation,Cement In Bulk (Ordinary Portland Cement),ETS,ETS_AAd_N,2022-01-01,2023-01-01,12,118.5,112.12803676827441,117.34920456561753,123.6994271718539,129.83360708524683,135.86948537169
RO1_PRICE,validation,Cement In Bulk (Ordinary Portland Cement),ETS,ETS_AAd_N,2022-02-01,2023-02-01,12,118.4,108.75794002759682,113.84534993260174,119.95117897104825,125.90619389018472,131.7600954787011
RO1_PRICE,validation,Cement In Bulk (Ordinary Portland Cement),ETS,ETS_AAd_N,2022-03-01,2023-03-01,12,118.2,115.00723811838515,120.23776587081349,126.59450810280215,132.66884231186208,138.7412881895241
RO1_PRICE,validation,Cement In Bulk (Ordinary Portland Cement),ETS,ETS_AAd_N,2022-04-01,2023-04-01,12,118.0,116.5627140719197,121.80295988052292,128.17825570177303,134.2525741566567,140.35997369084848
RO1_PRICE,validation,Cement In Bulk (Ordinary Portland Cement),ETS,ETS_AAd_N,2022-05-01,2023-05-01,12,117.2,131.56184831251056,137.12782406937032,143.93773209133042,150.48333862534696,156.93405205416022
RO1_PRICE,validation,Cement In Bulk (Ordinary Portland Cement),ETS,ETS_AAd_N,2022-06-01,2023-06-01,12,116.7,118.5279807601291,123.84358142057624,130.30240994622784,136.48465156162976,142.66372679106954
RO1_PRICE,validation,Cement In Bulk (Ordinary Portland Cement),ETS,ETS_AAd_N,2022-07-01,2023-07-01,12,115.2,113.19777472173406,118.40892391217855,124.6603583282523,130.78634931051215,136.77375289770555
RO1_PRICE,validation,Cement In Bulk (Ordinary Portland Cement),ETS,ETS_AAd_N,2022-08-01,2023-08-01,12,114.4,111.7351177427082,116.93855038823158,123.1343853420156,129.25950655208925,135.2145297022051
RO1_PRICE,validation,Cement In Bulk (Ordinary Portland Cement),ETS,ETS_AAd_N,2022-09-01,2023-09-01,12,113.5,107.98068892403802,113.24717348537136,119.4632457027025,125.63627409633382,131.5509258376102
RO1_PRICE,validation,Cement In Bulk (Ordinary Portland Cement),ETS,ETS_AAd_N,2022-10-01,2023-10-01,12,113.2,107.41006028059115,112.67514799143987,118.88245949676775,125.06176921574358,130.96562230404234
RO1_PRICE,validation,Cement In Bulk (Ordinary Portland Cement),ETS,ETS_AAd_N,2022-11-01,2023-11-01,12,112.0,106.50403915645009,111.77108648522417,117.97691464671824,124.16335356774471,130.06498879844443
RO1_PRICE,validation,Cement In Bulk (Ordinary Portland Cement),ETS,ETS_AAd_N,2022-12-01,2023-12-01,12,111.7,106.30000561762644,111.55970052298326,117.75573426285615,123.93365146764664,129.82646364877846
RO1_PRICE,validation,Cement In Bulk (Ordinary Portland Cement),ETS,ETS_AAd_N,2023-01-01,2024-01-01,12,110.6,107.13316431441773,112.37897916300335,118.56074265100818,124.72140718012062,130.6007090746026
RO1_PRICE,validation,Cement In Bulk (Ordinary Portland Cement),ETS,ETS_AAd_N,2023-02-01,2024-02-01,12,110.6,106.71178305278006,111.94978306137263,118.12202780408805,124.27394306545641,130.14388486091428
RO1_PRICE,validation,Cement In Bulk (Ordinary Portland Cement),ETS,ETS_AAd_N,2023-03-01,2024-03-01,12,110.8,106.12877807937126,111.35798248788473,117.51957271050725,123.66105041359745,129.52115036588947
RO1_PRICE,validation,Cement In Bulk (Ordinary Portland Cement),ETS,ETS_AAd_N,2023-04-01,2024-04-01,12,110.2,105.74261221295718,110.96337676675464,117.11478011618246,123.2464189088985,129.09682563439216
RO1_PRICE,validation,Cement In Bulk (Ordinary Portland Cement),ETS,ETS_AAd_N,2023-05-01,2024-05-01,12,110.2,103.5374419433026,108.7575761687607,114.9078352251725,121.03964062465393,126.8874057282368
RO1_PRICE,validation,Cement In Bulk (Ordinary Portland Cement),ETS,ETS_AAd_N,2023-06-01,2024-06-01,12,109.6,102.97527697385328,108.18864973325984,114.33058212827541,120.45422488432757,126.2940201490392
RO1_PRICE,validation,Cement In Bulk (Ordinary Portland Cement),SARIMA,"(1, 1, 1)(0, 1, 1, 12)",2022-06-01,2022-07-01,1,118.5,119.10485834907034,119.78354120252038,120.53760712581203,121.29167304910368,121.97035590255372
RO1_PRICE,validation,Cement In Bulk (Ordinary Portland Cement),SARIMA,"(1, 1, 1)(0, 1, 1, 12)",2022-07-01,2022-08-01,1,119.0,117.9484913442965,118.62449838142086,119.37559127850753,120.12668417559419,120.80269121271856
RO1_PRICE,validation,Cement In Bulk (Ordinary Portland Cement),SARIMA,"(1, 1, 1)(0, 1, 1, 12)",2022-08-01,2022-09-01,1,118.6,118.10436798154299,118.78035353211247,119.53142255607672,120.28249158004097,120.95847713061045
RO1_PRICE,validation,Cement In Bulk (Ordinary Portland Cement),SARIMA,"(1, 1, 1)(0, 1, 1, 12)",2022-09-01,2022-10-01,1,118.6,117.48192630196581,118.15770804298973,118.90855061975205,119.65939319651437,120.33517493753828
RO1_PRICE,validation,Cement In Bulk (Ordinary Portland Cement),SARIMA,"(1, 1, 1)(0, 1, 1, 12)",2022-10-01,2022-11-01,1,118.4,117.17785221582851,117.85180673835129,118.6006191427008,119.3494315470503,120.02338606957308
RO1_PRICE,validation,Cement In Bulk (Ordinary Portland Cement),SARIMA,"(1, 1, 1)(0, 1, 1, 12)",2022-11-01,2022-12-01,1,118.3,116.89293356363802,117.56544203361999,118.31264776861167,119.05985350360335,119.73236197358531
RO1_PRICE,validation,Cement In Bulk (Ordinary Portland Cement),SARIMA,"(1, 1, 1)(0, 1, 1, 12)",2022-12-01,2023-01-01,1,118.5,117.52046411680956,118.19147044881073,118.93700719944891,119.6825439500871,120.35355028208826
RO1_PRICE,validation,Cement In Bulk (Ordinary Portland Cement),SARIMA,"(1, 1, 1)(0, 1, 1, 12)",2023-01-01,2023-02-01,1,118.4,116.841661637371,117.50987748221782,118.25231379903515,118.99475011585248,119.6629659606993
RO1_PRICE,validation,Cement In Bulk (Ordinary Portland Cement),SARIMA,"(1, 1, 1)(0, 1, 1, 12)",2023-02-01,2023-03-01,1,118.2,117.32173086717346,117.9883989372351,118.72911556389599,119.46983219055687,120.13650026061852
RO1_PRICE,validation,Cement In Bulk (Ordinary Portland Cement),SARIMA,"(1, 1, 1)(0, 1, 1, 12)",2023-03-01,2023-04-01,1,118.0,116.96539694226335,117.63046753902434,118.3694092568699,119.10835097471546,119.77342157147645
RO1_PRICE,validation,Cement In Bulk (Ordinary Portland Cement),SARIMA,"(1, 1, 1)(0, 1, 1, 12)",2023-04-01,2023-05-01,1,117.2,116.81651210719706,117.47984286271416,118.21685149062341,118.95386011853266,119.61719087404977
RO1_PRICE,validation,Cement In Bulk (Ordinary Portland Cement),SARIMA,"(1, 1, 1)(0, 1, 1, 12)",2023-05-01,2023-06-01,1,116.7,115.34218077767822,116.00198119537215,116.7350673616535,117.46815352793486,118.12795394562879
RO1_PRICE,validation,Cement In Bulk (Ordinary Portland Cement),SARIMA,"(1, 1, 1)(0, 1, 1, 12)",2023-06-01,2023-07-01,1,115.2,114.97111731333327,115.62956042259881,116.36113852067417,117.09271661874953,117.75115972801508
RO1_PRICE,validation,Cement In Bulk (Ordinary Portland Cement),SARIMA,"(1, 1, 1)(0, 1, 1, 12)",2023-07-01,2023-08-01,1,114.4,113.11091815597764,113.76941409916188,114.50105089955669,115.2326876999515,115.89118364313573
RO1_PRICE,validation,Cement In Bulk (Ordinary Portland Cement),SARIMA,"(1, 1, 1)(0, 1, 1, 12)",2023-08-01,2023-09-01,1,113.5,112.13661383647633,112.79389571349242,113.52418359823191,114.25447148297141,114.9117533599875
RO1_PRICE,validation,Cement In Bulk (Ordinary Portland Cement),SARIMA,"(1, 1, 1)(0, 1, 1, 12)",2023-09-01,2023-10-01,1,113.2,111.43007661634553,112.08614197756921,112.81507822494298,113.54401447231675,114.20007983354043
RO1_PRICE,validation,Cement In Bulk (Ordinary Portland Cement),SARIMA,"(1, 1, 1)(0, 1, 1, 12)",2023-10-01,2023-11-01,1,112.0,111.24918685598706,111.90419276588348,112.63195188591536,113.35971100594723,114.01471691584365
RO1_PRICE,validation,Cement In Bulk (Ordinary Portland Cement),SARIMA,"(1, 1, 1)(0, 1, 1, 12)",2023-11-01,2023-12-01,1,111.7,109.84136645341815,110.49557670799767,111.22245179720706,111.94932688641644,112.60353714099597
RO1_PRICE,validation,Cement In Bulk (Ordinary Portland Cement),SARIMA,"(1, 1, 1)(0, 1, 1, 12)",2023-12-01,2024-01-01,1,110.6,110.36274584295674,111.01599708455463,111.74180664071602,112.46761619687742,113.1208674384753
RO1_PRICE,validation,Cement In Bulk (Ordinary Portland Cement),SARIMA,"(1, 1, 1)(0, 1, 1, 12)",2024-01-01,2024-02-01,1,110.6,108.27423813820707,108.9274891881447,109.65329853135765,110.3791078745706,111.03235892450823
RO1_PRICE,validation,Cement In Bulk (Ordinary Portland Cement),SARIMA,"(1, 1, 1)(0, 1, 1, 12)",2024-02-01,2024-03-01,1,110.8,109.17910933763085,109.83181511930728,110.55701862989496,111.28222214048263,111.93492792215906
RO1_PRICE,validation,Cement In Bulk (Ordinary Portland Cement),SARIMA,"(1, 1, 1)(0, 1, 1, 12)",2024-03-01,2024-04-01,1,110.2,109.5200419442184,110.17154676175164,110.89541591398495,111.61928506621825,112.27078988375149
RO1_PRICE,validation,Cement In Bulk (Ordinary Portland Cement),SARIMA,"(1, 1, 1)(0, 1, 1, 12)",2024-04-01,2024-05-01,1,110.2,108.76483825297723,109.4156389626915,110.13872580001896,110.86181263734642,111.5126133470607
RO1_PRICE,validation,Cement In Bulk (Ordinary Portland Cement),SARIMA,"(1, 1, 1)(0, 1, 1, 12)",2024-05-01,2024-06-01,1,109.6,108.57411544903066,109.22374265686668,109.94552564840987,110.66730863995306,111.31693584778908
RO1_PRICE,validation,Cement In Bulk (Ordinary Portland Cement),SARIMA,"(1, 1, 1)(0, 1, 1, 12)",2022-04-01,2022-07-01,3,118.5,116.319615849918,117.8790321146876,119.61165680015282,121.34428148561803,122.90369775038764
RO1_PRICE,validation,Cement In Bulk (Ordinary Portland Cement),SARIMA,"(1, 1, 1)(0, 1, 1, 12)",2022-05-01,2022-08-01,3,119.0,124.90810994592687,126.50892412658811,128.28754490214234,130.06616567769657,131.66697985835782
RO1_PRICE,validation,Cement In Bulk (Ordinary Portland Cement),SARIMA,"(1, 1, 1)(0, 1, 1, 12)",2022-06-01,2022-09-01,3,118.6,119.97335116961075,121.57717656112014,123.35914301054383,125.14110945996752,126.74493485147691
RO1_PRICE,validation,Cement In Bulk (Ordinary Portland Cement),SARIMA,"(1, 1, 1)(0, 1, 1, 12)",2022-07-01,2022-10-01,3,118.6,117.44477093848496,119.04757848794004,120.82841404094496,122.60924959394988,124.21205714340496
RO1_PRICE,validation,Cement In Bulk (Ordinary Portland Cement),SARIMA,"(1, 1, 1)(0, 1, 1, 12)",2022-08-01,2022-11-01,3,118.4,117.22125575741592,118.82742757091354,120.61200106551894,122.39657456012434,124.00274637362196
RO1_PRICE,validation,Cement In Bulk (Ordinary Portland Cement),SARIMA,"(1, 1, 1)(0, 1, 1, 12)",2022-09-01,2022-12-01,3,118.3,115.71601933810663,117.32634597200241,119.11553577371463,120.90472557542684,122.51505220932262
RO1_PRICE,validation,Cement In Bulk (Ordinary Portland Cement),SARIMA,"(1, 1, 1)(0, 1, 1, 12)",2022-10-01,2023-01-01,3,118.5,115.91627811280429,117.52349702739774,119.30923392734127,121.0949708272848,122.70218974187824
RO1_PRICE,validation,Cement In Bulk (Ordinary Portland Cement),SARIMA,"(1, 1, 1)(0, 1, 1, 12)",2022-11-01,2023-02-01,3,118.4,115.49471665651691,117.09904934646154,118.8815794412772,120.66410953609285,122.26844222603748
RO1_PRICE,validation,Cement In Bulk (Ordinary Portland Cement),SARIMA,"(1, 1, 1)(0, 1, 1, 12)",2022-12-01,2023-03-01,3,118.2,115.90084286491242,117.50152295188768,119.27999473962146,121.05846652735524,122.6591466143305
RO1_PRICE,validation,Cement In Bulk (Ordinary Portland Cement),SARIMA,"(1, 1, 1)(0, 1, 1, 12)",2023-01-01,2023-04-01,3,118.0,115.48590633049083,117.07972027841383,118.85056328717143,120.62140629592902,122.21522024385202
RO1_PRICE,validation,Cement In Bulk (Ordinary Portland Cement),SARIMA,"(1, 1, 1)(0, 1, 1, 12)",2023-02-01,2023-05-01,3,117.2,116.29422975644877,117.88395867161002,119.65026291239151,121.416567153173,123.00629606833425
RO1_PRICE,validation,Cement In Bulk (Ordinary Portland Cement),SARIMA,"(1, 1, 1)(0, 1, 1, 12)",2023-03-01,2023-06-01,3,116.7,115.31364220808835,116.89944168340368,118.66138003123476,120.42331837906583,122.00911785438116
RO1_PRICE,validation,Cement In Bulk (Ordinary Portland Cement),SARIMA,"(1, 1, 1)(0, 1, 1, 12)",2023-04-01,2023-07-01,3,115.2,114.71763018138115,116.2994960704135,118.05706391830157,119.81463176618963,121.39649765522198
RO1_PRICE,validation,Cement In Bulk (Ordinary Portland Cement),SARIMA,"(1, 1, 1)(0, 1, 1, 12)",2023-05-01,2023-08-01,3,114.4,112.8195682989175,114.39273261241587,116.14063237814193,117.88853214386799,119.46169645736636
RO1_PRICE,validation,Cement In Bulk (Ordinary Portland Cement),SARIMA,"(1, 1, 1)(0, 1, 1, 12)",2023-06-01,2023-09-01,3,113.5,112.30293449810675,113.87292169903118,115.61729146202578,117.36166122502037,118.9316484259448
RO1_PRICE,validation,Cement In Bulk (Ordinary Portland Cement),SARIMA,"(1, 1, 1)(0, 1, 1, 12)",2023-07-01,2023-10-01,3,113.2,109.70052948923454,111.27257191357279,113.01922517899158,114.76587844441036,116.33792086874861
RO1_PRICE,validation,Cement In Bulk (Ordinary Portland Cement),SARIMA,"(1, 1, 1)(0, 1, 1, 12)",2023-08-01,2023-11-01,3,112.0,108.83340612876394,110.40293526584298,112.14679608664942,113.89065690745585,115.4601860445349
RO1_PRICE,validation,Cement In Bulk (Ordinary Portland Cement),SARIMA,"(1, 1, 1)(0, 1, 1, 12)",2023-09-01,2023-12-01,3,111.7,108.12690961278763,109.69358378577985,111.43427253421234,113.17496128264483,114.74163545563705
RO1_PRICE,validation,Cement In Bulk (Ordinary Portland Cement),SARIMA,"(1, 1, 1)(0, 1, 1, 12)",2023-10-01,2024-01-01,3,110.6,108.8574181544934,110.42114383318977,112.1585565903957,113.89596934760164,115.45969502629801
RO1_PRICE,validation,Cement In Bulk (Ordinary Portland Cement),SARIMA,"(1, 1, 1)(0, 1, 1, 12)",2023-11-01,2024-02-01,3,110.6,107.10796943311934,108.66940618506405,110.40427577847035,112.13914537187665,113.70058212382136
RO1_PRICE,validation,Cement In Bulk (Ordinary Portland Cement),SARIMA,"(1, 1, 1)(0, 1, 1, 12)",2023-12-01,2024-03-01,3,110.8,107.9033663602486,109.46190600182356,111.19355669527573,112.9252073887279,114.48374703030287
RO1_PRICE,validation,Cement In Bulk (Ordinary Portland Cement),SARIMA,"(1, 1, 1)(0, 1, 1, 12)",2024-01-01,2024-04-01,3,110.2,105.67798189685367,107.23609476818193,108.96727128890602,110.69844780963011,112.25656068095837
RO1_PRICE,validation,Cement In Bulk (Ordinary Portland Cement),SARIMA,"(1, 1, 1)(0, 1, 1, 12)",2024-02-01,2024-05-01,3,110.2,107.39448602054907,108.94887624618798,110.67591663728311,112.40295702837824,113.95734725401715
RO1_PRICE,validation,Cement In Bulk (Ordinary Portland Cement),SARIMA,"(1, 1, 1)(0, 1, 1, 12)",2024-03-01,2024-06-01,3,109.6,107.75567298040089,109.3074366657838,111.03155877996483,112.75568089414585,114.30744457952876
RO1_PRICE,validation,Cement In Bulk (Ordinary Portland Cement),SARIMA,"(1, 1, 1)(0, 1, 1, 12)",2022-01-01,2022-07-01,6,118.5,113.88027247245326,116.94299793389251,120.34590827873009,123.74881862356767,126.81154408500693
RO1_PRICE,validation,Cement In Bulk (Ordinary Portland Cement),SARIMA,"(1, 1, 1)(0, 1, 1, 12)",2022-02-01,2022-08-01,6,119.0,112.11907165205501,115.09029973880699,118.3915498575587,121.69279997631041,124.66402806306239
RO1_PRICE,validation,Cement In Bulk (Ordinary Portland Cement),SARIMA,"(1, 1, 1)(0, 1, 1, 12)",2022-03-01,2022-09-01,6,118.6,116.94069522730774,119.94795909017077,123.28924757241815,126.63053605466553,129.63779991752855
RO1_PRICE,validation,Cement In Bulk (Ordinary Portland Cement),SARIMA,"(1, 1, 1)(0, 1, 1, 12)",2022-04-01,2022-10-01,6,118.6,118.09922992670867,121.09368856580366,124.42074951477167,127.74781046373968,130.74226910283468
RO1_PRICE,validation,Cement In Bulk (Ordinary Portland Cement),SARIMA,"(1, 1, 1)(0, 1, 1, 12)",2022-05-01,2022-11-01,6,118.4,129.13630559160984,132.2532334310808,135.7163665530628,139.17949967504484,142.29642751451578
RO1_PRICE,validation,Cement In Bulk (Ordinary Portland Cement),SARIMA,"(1, 1, 1)(0, 1, 1, 12)",2022-06-01,2022-12-01,6,118.3,120.53961537495167,123.59328238154302,126.98612812539093,130.37897386923885,133.4326408758302
RO1_PRICE,validation,Cement In Bulk (Ordinary Portland Cement),SARIMA,"(1, 1, 1)(0, 1, 1, 12)",2022-07-01,2023-01-01,6,118.5,116.54554059678195,119.58294295349984,122.95771749050719,126.33249202751455,129.36989438423245
RO1_PRICE,validation,Cement In Bulk (Ordinary Portland Cement),SARIMA,"(1, 1, 1)(0, 1, 1, 12)",2022-08-01,2023-02-01,6,118.4,115.91456352537098,118.9588429028757,122.34125830925635,125.72367371563699,128.7679530931417
RO1_PRICE,validation,Cement In Bulk (Ordinary Portland Cement),SARIMA,"(1, 1, 1)(0, 1, 1, 12)",2022-09-01,2023-03-01,6,118.2,114.1563827478162,117.2078955333044,120.59834778110795,123.9888000289115,127.0403128143997
RO1_PRICE,validation,Cement In Bulk (Ordinary Portland Cement),SARIMA,"(1, 1, 1)(0, 1, 1, 12)",2022-10-01,2023-04-01,6,118.0,113.87986256177187,116.92539702759898,120.30920692822657,123.69301682885417,126.73855129468127
RO1_PRICE,validation,Cement In Bulk (Ordinary Portland Cement),SARIMA,"(1, 1, 1)(0, 1, 1, 12)",2022-11-01,2023-05-01,6,117.2,114.0795083323686,117.1196639800198,120.49749762314595,123.8753312662721,126.91548691392329
RO1_PRICE,validation,Cement In Bulk (Ordinary Portland Cement),SARIMA,"(1, 1, 1)(0, 1, 1, 12)",2022-12-01,2023-06-01,6,116.7,114.13280524839038,117.1658509024984,120.53578482660488,123.90571875071136,126.93876440481938
RO1_PRICE,validation,Cement In Bulk (Ordinary Portland Cement),SARIMA,"(1, 1, 1)(0, 1, 1, 12)",2023-01-01,2023-07-01,6,115.2,113.26877327456847,116.2878062240314,119.64217101593968,122.99653580784796,126.01556875731089
RO1_PRICE,validation,Cement In Bulk (Ordinary Portland Cement),SARIMA,"(1, 1, 1)(0, 1, 1, 12)",2023-02-01,2023-08-01,6,114.4,113.72806606548332,116.7391507693389,120.08468448332619,123.43021819731347,126.44130290116905
RO1_PRICE,validation,Cement In Bulk (Ordinary Portland Cement),SARIMA,"(1, 1, 1)(0, 1, 1, 12)",2023-03-01,2023-09-01,6,113.5,112.2542347107469,115.25779646706877,118.59497164017198,121.93214681327518,124.93570856959705
RO1_PRICE,validation,Cement In Bulk (Ordinary Portland Cement),SARIMA,"(1, 1, 1)(0, 1, 1, 12)",2023-04-01,2023-10-01,6,113.2,111.29152370777479,114.28785950592558,117.61700611488835,120.94615272385113,123.94248852200192
RO1_PRICE,validation,Cement In Bulk (Ordinary Portland Cement),SARIMA,"(1, 1, 1)(0, 1, 1, 12)",2023-05-01,2023-11-01,6,112.0,108.72135480028754,111.70076141636451,115.01109847496636,118.3214355335682,121.30084214964518
RO1_PRICE,validation,Cement In Bulk (Ordinary Portland Cement),SARIMA,"(1, 1, 1)(0, 1, 1, 12)",2023-06-01,2023-12-01,6,111.7,108.27285319287432,111.24630811788319,114.55003241560917,117.85375671333514,120.82721163834401
RO1_PRICE,validation,Cement In Bulk (Ordinary Portland Cement),SARIMA,"(1, 1, 1)(0, 1, 1, 12)",2023-07-01,2024-01-01,6,110.6,105.40567416583522,108.38685440586143,111.69916208943789,115.01146977301435,117.99265001304056
RO1_PRICE,validation,Cement In Bulk (Ordinary Portland Cement),SARIMA,"(1, 1, 1)(0, 1, 1, 12)",2023-08-01,2024-02-01,6,110.6,104.56912485979497,107.54611976578721,110.85377723939214,114.16143471299708,117.13842961898932
RO1_PRICE,validation,Cement In Bulk (Ordinary Portland Cement),SARIMA,"(1, 1, 1)(0, 1, 1, 12)",2023-09-01,2024-03-01,6,110.8,104.44010346097706,107.41179778437082,110.71356592588083,114.01533406739084,116.9870283907846
RO1_PRICE,validation,Cement In Bulk (Ordinary Portland Cement),SARIMA,"(1, 1, 1)(0, 1, 1, 12)",2023-10-01,2024-04-01,6,110.2,105.45667401021282,108.42114461909013,111.71488668932287,115.0086287595556,117.97309936843291
RO1_PRICE,validation,Cement In Bulk (Ordinary Portland Cement),SARIMA,"(1, 1, 1)(0, 1, 1, 12)",2023-11-01,2024-05-01,6,110.2,103.92873050774816,106.89040758309858,110.18104583476942,113.47168408644026,116.43336116179069
RO1_PRICE,validation,Cement In Bulk (Ordinary Portland Cement),SARIMA,"(1, 1, 1)(0, 1, 1, 12)",2023-12-01,2024-06-01,6,109.6,105.01430820567569,107.96842046722655,111.25065366155239,114.53288685587823,117.4869991174291
RO1_PRICE,validation,Cement In Bulk (Ordinary Portland Cement),SARIMA,"(1, 1, 1)(0, 1, 1, 12)",2021-07-01,2022-07-01,12,118.5,97.99920067607292,103.59216413517188,109.80635259342256,116.02054105167323,121.6135045107722
RO1_PRICE,validation,Cement In Bulk (Ordinary Portland Cement),SARIMA,"(1, 1, 1)(0, 1, 1, 12)",2021-08-01,2022-08-01,12,119.0,91.94882697290528,97.41218643564123,103.4823754445424,109.55256445344357,115.01592391617952
RO1_PRICE,validation,Cement In Bulk (Ordinary Portland Cement),SARIMA,"(1, 1, 1)(0, 1, 1, 12)",2021-09-01,2022-09-01,12,118.6,88.54395710974157,93.96471441782059,99.98756933993543,106.01042426205028,111.4311815701293
RO1_PRICE,validation,Cement In Bulk (Ordinary Portland Cement),SARIMA,"(1, 1, 1)(0, 1, 1, 12)",2021-10-01,2022-10-01,12,118.6,87.3486451339237,92.74804642264424,98.74717325678174,104.74630009091923,110.14570137963977
RO1_PRICE,validation,Cement In Bulk (Ordinary Portland Cement),SARIMA,"(1, 1, 1)(0, 1, 1, 12)",2021-11-01,2022-11-01,12,118.4,89.118620858934,94.51003400008938,100.50028542233382,106.49053684457826,111.88194998573364
RO1_PRICE,validation,Cement In Bulk (Ordinary Portland Cement),SARIMA,"(1, 1, 1)(0, 1, 1, 12)",2021-12-01,2022-12-01,12,118.3,93.17103039758445,98.5816464078463,104.59323361181711,110.60482081578792,116.01543682604978
RO1_PRICE,validation,Cement In Bulk (Ordinary Portland Cement),SARIMA,"(1, 1, 1)(0, 1, 1, 12)",2022-01-01,2023-01-01,12,118.5,116.31739756605614,122.35046050858091,129.0536314446158,135.7568023806507,141.78986532317546
RO1_PRICE,validation,Cement In Bulk (Ordinary Portland Cement),SARIMA,"(1, 1, 1)(0, 1, 1, 12)",2022-02-01,2023-02-01,12,118.4,112.5546457206413,118.36277064789695,124.81601911822486,131.26926758855276,137.0773925158084
RO1_PRICE,validation,Cement In Bulk (Ordinary Portland Cement),SARIMA,"(1, 1, 1)(0, 1, 1, 12)",2022-03-01,2023-03-01,12,118.2,118.63460630044644,124.57206871005046,131.1690205133084,137.76597231656632,143.70343472617037
RO1_PRICE,validation,Cement In Bulk (Ordinary Portland Cement),SARIMA,"(1, 1, 1)(0, 1, 1, 12)",2022-04-01,2023-04-01,12,118.0,119.31419578460815,125.21894998049832,131.7795605836685,138.3401711868387,144.24492538272887
RO1_PRICE,validation,Cement In Bulk (Ordinary Portland Cement),SARIMA,"(1, 1, 1)(0, 1, 1, 12)",2022-05-01,2023-05-01,12,117.2,135.38887526492448,141.71026676178678,148.73379165465533,155.75731654752389,162.0787080443862
RO1_PRICE,validation,Cement In Bulk (Ordinary Portland Cement),SARIMA,"(1, 1, 1)(0, 1, 1, 12)",2022-06-01,2023-06-01,12,116.7,122.19034853658077,128.17878408494897,134.83237074607888,141.4859574072088,147.474392955577
RO1_PRICE,validation,Cement In Bulk (Ordinary Portland Cement),SARIMA,"(1, 1, 1)(0, 1, 1, 12)",2022-07-01,2023-07-01,12,115.2,114.54561257692377,120.40900851398489,126.92366708894168,133.4383256638985,139.30172160095958
RO1_PRICE,validation,Cement In Bulk (Ordinary Portland Cement),SARIMA,"(1, 1, 1)(0, 1, 1, 12)",2022-08-01,2023-08-01,12,114.4,113.65856751553423,119.5234550250459,126.03977084528505,132.5560866655242,138.42097417503587
RO1_PRICE,validation,Cement In Bulk (Ordinary Portland Cement),SARIMA,"(1, 1, 1)(0, 1, 1, 12)",2022-09-01,2023-09-01,12,113.5,110.44899799707945,116.3060199130577,122.81359648783064,129.32117306260358,135.17819497858184
RO1_PRICE,validation,Cement In Bulk (Ordinary Portland Cement),SARIMA,"(1, 1, 1)(0, 1, 1, 12)",2022-10-01,2023-10-01,12,113.2,109.48449227445779,115.32462281279078,121.81343184066755,128.30224086854432,134.14237140687732
RO1_PRICE,validation,Cement In Bulk (Ordinary Portland Cement),SARIMA,"(1, 1, 1)(0, 1, 1, 12)",2022-11-01,2023-11-01,12,112.0,108.75908932388302,114.5869540415954,121.06213485225084,127.53731566290627,133.36518038061865
RO1_PRICE,validation,Cement In Bulk (Ordinary Portland Cement),SARIMA,"(1, 1, 1)(0, 1, 1, 12)",2022-12-01,2023-12-01,12,111.7,108.66449875962195,114.47835247292889,120.93796604047583,127.39757960802277,133.2114333213297
RO1_PRICE,validation,Cement In Bulk (Ordinary Portland Cement),SARIMA,"(1, 1, 1)(0, 1, 1, 12)",2023-01-01,2024-01-01,12,110.6,107.78008350674962,113.5641567458849,119.9906820445325,126.41720734318011,132.20128058231538
RO1_PRICE,validation,Cement In Bulk (Ordinary Portland Cement),SARIMA,"(1, 1, 1)(0, 1, 1, 12)",2023-02-01,2024-02-01,12,110.6,108.19646662566406,113.96551681274691,120.37535040987446,126.785184007002,132.55423419408487
RO1_PRICE,validation,Cement In Bulk (Ordinary Portland Cement),SARIMA,"(1, 1, 1)(0, 1, 1, 12)",2023-03-01,2024-03-01,12,110.8,106.75995133262123,112.51457079985477,118.90837081954385,125.30217083923293,131.05679030646647
RO1_PRICE,validation,Cement In Bulk (Ordinary Portland Cement),SARIMA,"(1, 1, 1)(0, 1, 1, 12)",2023-04-01,2024-04-01,12,110.2,105.85335550528511,111.59424321463243,117.97278625436947,124.3513292941065,130.09221700345384
RO1_PRICE,validation,Cement In Bulk (Ordinary Portland Cement),SARIMA,"(1, 1, 1)(0, 1, 1, 12)",2023-05-01,2024-05-01,12,110.2,103.00293845103774,108.7104015545228,115.05180743048439,121.39321330644597,127.10067640993104
RO1_PRICE,validation,Cement In Bulk (Ordinary Portland Cement),SARIMA,"(1, 1, 1)(0, 1, 1, 12)",2023-06-01,2024-06-01,12,109.6,102.89745357685385,108.59342201761439,114.92205648876406,121.25069095991373,126.94665940067426
RO1_PRICE,validation,Concreting Sand,ETS,ETS_A_N_N,2022-06-01,2022-07-01,1,23.6,20.8431160976471,22.14318758139167,23.698355711748242,25.23535855258116,26.662896250081907
RO1_PRICE,validation,Concreting Sand,ETS,ETS_A_N_N,2022-07-01,2022-08-01,1,23.2,20.648339360671503,21.946114298662096,23.498535261027413,25.032823022426545,26.457839008099267
RO1_PRICE,validation,Concreting Sand,ETS,ETS_A_N_N,2022-08-01,2022-09-01,1,22.5,20.253406632075126,21.54895361273563,23.098709453775804,24.630363224053365,26.052932811111177
RO1_PRICE,validation,Concreting Sand,ETS,ETS_A_N_N,2022-09-01,2022-10-01,1,23.0,19.5580950885345,20.85158066843568,22.39887062601877,23.92808731582591,25.348393390968887
RO1_PRICE,validation,Concreting Sand,ETS,ETS_A_N_N,2022-10-01,2022-11-01,1,22.4,20.06301314990702,21.354336367405395,22.899039669456705,24.425699917408465,25.843631620154028
RO1_PRICE,validation,Concreting Sand,ETS,ETS_A_N_N,2022-11-01,2022-12-01,1,28.1,19.46778812369699,20.75701190606614,22.299203827285293,23.823382028827993,25.239008456188397
RO1_PRICE,validation,Concreting Sand,ETS,ETS_A_N_N,2022-12-01,2023-01-01,1,28.2,25.138689849892863,26.440707409469624,27.998203469598774,29.537507048598748,30.967181625992172
RO1_PRICE,validation,Concreting Sand,ETS,ETS_A_N_N,2023-01-01,2023-02-01,1,28.2,25.24384305585994,26.543594910103323,28.09838069408896,29.635005654584155,31.06219238433592
RO1_PRICE,validation,Concreting Sand,ETS,ETS_A_N_N,2023-02-01,2023-03-01,1,29.2,25.248979737065067,26.54647311548536,28.09855727139349,29.63251216043535,31.05721898087699
RO1_PRICE,validation,Concreting Sand,ETS,ETS_A_N_N,2023-03-01,2023-04-01,1,29.1,26.253047923552113,27.54875261064094,29.098697102854796,30.630537320748026,32.053280076646466
RO1_PRICE,validation,Concreting Sand,ETS,ETS_A_N_N,2023-04-01,2023-05-01,1,29.2,26.15812288136761,27.451596237490506,28.998871572777304,30.52807381108529,31.948366463963005
RO1_PRICE,validation,Concreting Sand,ETS,ETS_A_N_N,2023-05-01,2023-06-01,1,29.2,26.263171619946597,27.554425164560662,29.099045122695443,30.625623000237233,32.043478198982754
RO1_PRICE,validation,Concreting Sand,ETS,ETS_A_N_N,2023-06-01,2023-07-01,1,29.0,26.26820475003458,27.55724534778735,29.09921814038094,30.623179772850875,32.038605055159834
RO1_PRICE,validation,Concreting Sand,ETS,ETS_A_N_N,2023-07-01,2023-08-01,1,29.4,26.073170714264233,27.360027897040315,28.899388850646933,30.420769151964034,31.833796945190674
RO1_PRICE,validation,Concreting Sand,ETS,ETS_A_N_N,2023-08-01,2023-09-01,1,29.5,26.477987319818446,27.762726751831497,29.299554415126092,30.818431016470033,32.22913342291146
RO1_PRICE,validation,Concreting Sand,ETS,ETS_A_N_N,2023-09-01,2023-10-01,1,29.3,26.58293378354844,27.865498375145577,29.399724456492002,30.9160298639136,32.32434419653094
RO1_PRICE,validation,Concreting Sand,ETS,ETS_A_N_N,2023-10-01,2023-11-01,1,29.6,26.38782426833333,27.66823863212447,29.19989257355498,30.71365588518602,32.119609169745885
RO1_PRICE,validation,Concreting Sand,ETS,ETS_A_N_N,2023-11-01,2023-12-01,1,27.9,26.692638583972304,27.970936204476818,29.50005806075611,31.0113188634978,32.414947867527424
RO1_PRICE,validation,Concreting Sand,ETS,ETS_A_N_N,2023-12-01,2024-01-01,1,28.1,24.99455827746352,26.27201186753001,27.80012407991304,29.3103870320002,30.71308925216972
RO1_PRICE,validation,Concreting Sand,ETS,ETS_A_N_N,2024-01-01,2024-02-01,1,28.3,25.19938000209445,26.474713582144517,28.00028980165731,29.508046382780584,30.908420735401773
RO1_PRICE,validation,Concreting Sand,ETS,ETS_A_N_N,2024-02-01,2024-03-01,1,28.1,25.404177558454286,26.677401767149753,28.200454719944688,29.705717507607417,31.103775674415456
RO1_PRICE,validation,Concreting Sand,ETS,ETS_A_N_N,2024-03-01,2024-04-01,1,27.9,25.20895112545611,26.480076512967443,28.000618819342016,29.503400286429116,30.899153851991667
RO1_PRICE,validation,Concreting Sand,ETS,ETS_A_N_N,2024-04-01,2024-05-01,1,27.9,25.013700890090288,26.282737919131396,27.800782094766035,29.30109461076733,30.694555063620758
RO1_PRICE,validation,Concreting Sand,ETS,ETS_A_N_N,2024-05-01,2024-06-01,1,28.0,25.018467693192047,26.2854088710439,27.80094595301772,29.298780659704583,30.689939772502154
RO1_PRICE,validation,Concreting Sand,ETS,ETS_A_N_N,2022-04-01,2022-07-01,3,23.6,19.87066273046774,22.013284241981967,24.571998741592257,27.273684036956578,29.72191473191729
RO1_PRICE,validation,Concreting Sand,ETS,ETS_A_N_N,2022-05-01,2022-08-01,3,23.2,19.378888431363098,21.517860477344374,24.072216792214704,26.769300384798893,29.213361078903205
RO1_PRICE,validation,Concreting Sand,ETS,ETS_A_N_N,2022-06-01,2022-09-01,3,22.5,18.987226211038532,21.122499051855783,23.672437783014118,26.36485695486768,28.80469081395663
RO1_PRICE,validation,Concreting Sand,ETS,ETS_A_N_N,2022-07-01,2022-10-01,3,23.0,18.795727859976502,20.927228791450705,23.472663115705917,26.160326192302904,28.595850142160273
RO1_PRICE,validation,Concreting Sand,ETS,ETS_A_N_N,2022-08-01,2022-11-01,3,22.4,18.403975605322053,20.531817278950122,23.072881724503755,25.75593075094689,28.1872735109247
RO1_PRICE,validation,Concreting Sand,ETS,ETS_A_N_N,2022-09-01,2022-12-01,3,28.1,17.711606771370338,19.8360627442039,22.37308399236234,25.051863903610904,27.47933804910663
RO1_PRICE,validation,Concreting Sand,ETS,ETS_A_N_N,2022-10-01,2023-01-01,3,28.2,18.219611668016714,20.340516117900616,22.8732961441642,25.54759785089662,27.971013907993388
RO1_PRICE,validation,Concreting Sand,ETS,ETS_A_N_N,2022-11-01,2023-02-01,3,28.2,17.62738364656575,19.74483992696933,22.27350215585294,24.943455979055365,27.36293204286925
RO1_PRICE,validation,Concreting Sand,ETS,ETS_A_N_N,2022-12-01,2023-03-01,3,29.2,23.280021883385846,25.418491012193876,27.97224674434049,30.668696196025575,33.11218224021904
RO1_PRICE,validation,Concreting Sand,ETS,ETS_A_N_N,2023-01-01,2023-04-01,3,29.1,23.388409449668355,25.523157322280746,28.072469137415712,30.7642263636704,33.20346037660542
RO1_PRICE,validation,Concreting Sand,ETS,ETS_A_N_N,2023-02-01,2023-05-01,3,29.2,23.396770170852545,25.527808661214042,28.072690739179404,30.759770712158957,33.19476626140024
RO1_PRICE,validation,Concreting Sand,ETS,ETS_A_N_N,2023-03-01,2023-06-01,3,29.2,24.403391766281963,26.531492461246497,29.072866229583344,31.75624186253731,34.18788058892037
RO1_PRICE,validation,Concreting Sand,ETS,ETS_A_N_N,2023-04-01,2023-07-01,3,29.0,24.31165201400277,26.436087910169697,28.97308518281133,31.651839778886515,34.07929098411432
RO1_PRICE,validation,Concreting Sand,ETS,ETS_A_N_N,2023-05-01,2023-08-01,3,29.4,24.41986959812674,26.540659615366383,29.073302986385677,31.747460402121934,34.17074570466842
RO1_PRICE,validation,Concreting Sand,ETS,ETS_A_N_N,2023-06-01,2023-09-01,3,29.5,24.428061774275506,26.5452171872721,29.07352012087534,31.743094572805276,34.16222685550012
RO1_PRICE,validation,Concreting Sand,ETS,ETS_A_N_N,2023-07-01,2023-10-01,3,29.3,24.23614462694105,26.349713939666813,28.87373435920457,31.538787007205368,33.953821692302554
RO1_PRICE,validation,Concreting Sand,ETS,ETS_A_N_N,2023-08-01,2023-11-01,3,29.6,24.64398438335475,26.75407544450399,29.273942142680177,31.934608975880103,34.345669294889454
RO1_PRICE,validation,Concreting Sand,ETS,ETS_A_N_N,2023-09-01,2023-12-01,3,27.9,24.752035495085522,26.858554539056264,29.37415554116884,32.03031832816458,34.4372971413866
RO1_PRICE,validation,Concreting Sand,ETS,ETS_A_N_N,2023-10-01,2024-01-01,3,28.1,24.55999549265409,26.662982943867732,29.17436652468319,31.826076237643314,34.22901973536813
RO1_PRICE,validation,Concreting Sand,ETS,ETS_A_N_N,2023-11-01,2024-02-01,3,28.3,24.86783152095065,26.96734237529448,29.474574210795943,32.12190019541646,34.52087121777643
RO1_PRICE,validation,Concreting Sand,ETS,ETS_A_N_N,2023-12-01,2024-03-01,3,28.1,23.170956092460884,25.26908068820765,27.774657056351284,30.420235072678228,32.81762210979851
RO1_PRICE,validation,Concreting Sand,ETS,ETS_A_N_N,2024-01-01,2024-04-01,3,27.9,23.37880419310127,25.473446826612168,27.97486504213196,30.616052564794437,33.00946099590394
RO1_PRICE,validation,Concreting Sand,ETS,ETS_A_N_N,2024-02-01,2024-05-01,3,27.9,23.58661293847115,25.677791082974323,28.175072012365803,30.811891073796183,33.2013408643873
RO1_PRICE,validation,Concreting Sand,ETS,ETS_A_N_N,2024-03-01,2024-06-01,3,28.0,23.39438263380755,25.482113617190556,27.975277953383817,30.607750402750856,32.99326135224496
RO1_PRICE,validation,Concreting Sand,ETS,ETS_A_N_N,2022-01-01,2022-07-01,6,23.6,16.03542808057574,19.319765136196107,22.90455834226826,26.523189648163516,29.612287872916575
RO1_PRICE,validation,Concreting Sand,ETS,ETS_A_N_N,2022-02-01,2022-08-01,6,23.2,17.442989595240718,20.723708852619968,24.304553298764013,27.919198571023877,31.00489405911049
RO1_PRICE,validation,Concreting Sand,ETS,ETS_A_N_N,2022-03-01,2022-09-01,6,22.5,16.352369192214944,19.628600822992997,23.204547107627135,26.81424798294075,29.89572261332233
RO1_PRICE,validation,Concreting Sand,ETS,ETS_A_N_N,2022-04-01,2022-10-01,6,23.0,17.85911463575406,21.13211890761265,24.704542589623465,28.310687611252284,31.389126734455424
RO1_PRICE,validation,Concreting Sand,ETS,ETS_A_N_N,2022-05-01,2022-11-01,6,22.4,17.370766548605225,20.63819600651971,24.204534882125593,27.804537660762577,30.877733367237642
RO1_PRICE,validation,Concreting Sand,ETS,ETS_A_N_N,2022-06-01,2022-12-01,6,28.1,16.98257723707938,20.24435590028314,23.80452703788136,27.39830385910377,30.466184684793546
RO1_PRICE,validation,Concreting Sand,ETS,ETS_A_N_N,2022-07-01,2023-01-01,6,28.2,16.794620051366273,20.05063685913896,23.604519038005524,27.191947536845113,30.25440902308161
RO1_PRICE,validation,Concreting Sand,ETS,ETS_A_N_N,2022-08-01,2023-02-01,6,28.2,16.406303201942706,19.656730237327753,23.204511282924692,26.78578105779284,29.842985058068844
RO1_PRICE,validation,Concreting Sand,ETS,ETS_A_N_N,2022-09-01,2023-03-01,6,29.2,15.717112950837215,18.96236809137098,22.504504109307412,26.080075571151436,29.132415122093175
RO1_PRICE,validation,Concreting Sand,ETS,ETS_A_N_N,2022-10-01,2023-04-01,6,29.1,16.228452108427188,19.46828204916556,23.004496561775728,26.5740906231618,29.621327477646677
RO1_PRICE,validation,Concreting Sand,ETS,ETS_A_N_N,2022-11-01,2023-05-01,6,29.2,15.639461317028802,18.874023937627555,22.40448926763834,25.968279877907,29.010562530366652
RO1_PRICE,validation,Concreting Sand,ETS,ETS_A_N_N,2022-12-01,2023-06-01,6,29.2,21.272372152184467,24.53903336892916,28.104533723494285,31.703690066001112,34.77616319973362
RO1_PRICE,validation,Concreting Sand,ETS,ETS_A_N_N,2023-01-01,2023-07-01,6,29.0,21.384253329340417,24.64523006688075,28.20452591743586,31.797419189478774,34.86454576032158
RO1_PRICE,validation,Concreting Sand,ETS,ETS_A_N_N,2023-02-01,2023-08-01,6,29.4,21.3960965138338,24.651406910451172,28.204518054595226,31.79116824064957,34.85296530864613
RO1_PRICE,validation,Concreting Sand,ETS,ETS_A_N_N,2023-03-01,2023-09-01,6,29.5,22.405476187020618,25.656298895620083,29.20451181121905,32.78621753265918,35.84379368518494
RO1_PRICE,validation,Concreting Sand,ETS,ETS_A_N_N,2023-04-01,2023-10-01,6,29.3,22.31717704195984,25.562401513980603,29.1045040578018,32.68004172955687,35.73235243508857
RO1_PRICE,validation,Concreting Sand,ETS,ETS_A_N_N,2023-05-01,2023-11-01,6,29.6,22.42881747084211,25.66847260770987,29.2044963251254,32.77389779033517,35.8209702322408
RO1_PRICE,validation,Concreting Sand,ETS,ETS_A_N_N,2023-06-01,2023-12-01,6,27.9,22.44042190678611,25.674524931369884,29.204488620823025,32.76777285537575,35.80962323270348
RO1_PRICE,validation,Concreting Sand,ETS,ETS_A_N_N,2023-07-01,2024-01-01,6,28.1,22.25187148247226,25.480496487983284,29.004481020844942,32.56172965948433,35.59842766094251
RO1_PRICE,validation,Concreting Sand,ETS,ETS_A_N_N,2023-08-01,2024-02-01,6,28.3,22.662976710782925,25.88628844364762,29.404473637597967,32.955868195365284,35.987568773958074
RO1_PRICE,validation,Concreting Sand,ETS,ETS_A_N_N,2023-09-01,2024-03-01,6,28.1,22.77438132396558,25.992236550666426,29.50446606896783,33.04984873340906,36.07641717019708
RO1_PRICE,validation,Concreting Sand,ETS,ETS_A_N_N,2023-10-01,2024-04-01,6,27.9,22.585656871501175,25.798117343170233,29.304458586042266,32.84389739359089,35.86539176888357
RO1_PRICE,validation,Concreting Sand,ETS,ETS_A_N_N,2023-11-01,2024-05-01,6,27.9,22.89675681821355,26.103906544916555,29.60445120779358,33.138038719428806,36.15453804927734
RO1_PRICE,validation,Concreting Sand,ETS,ETS_A_N_N,2023-12-01,2024-06-01,6,28.0,21.201182844892006,24.406214964595506,27.904448298563096,31.43570266385791,34.45021026876709
RO1_PRICE,validation,Concreting Sand,ETS,ETS_A_N_N,2021-07-01,2022-07-01,12,23.6,14.219338005340182,18.65609326937217,24.13220642307097,29.156356173542328,34.19655814892345
RO1_PRICE,validation,Concreting Sand,ETS,ETS_A_N_N,2021-08-01,2022-08-01,12,23.2,14.037508828184782,18.466104767110654,23.932147185580696,28.947057374986287,33.97799026878183
RO1_PRICE,validation,Concreting Sand,ETS,ETS_A_N_N,2021-09-01,2022-09-01,12,22.5,13.253428037222337,17.674875710699823,23.132095305254953,28.138910850279327,33.161723237197776
RO1_PRICE,validation,Concreting Sand,ETS,ETS_A_N_N,2021-10-01,2022-10-01,12,23.0,12.870972629044891,17.284542177907113,22.732038111979577,27.72993252535154,32.74379527748393
RO1_PRICE,validation,Concreting Sand,ETS,ETS_A_N_N,2021-11-01,2022-11-01,12,22.4,12.788955314319471,17.194450020288162,22.631979492216132,27.62073001157223,32.62541965482644
RO1_PRICE,validation,Concreting Sand,ETS,ETS_A_N_N,2021-12-01,2022-12-01,12,28.1,13.20630478097827,17.604008979536452,23.03192293346403,28.01185153826021,33.007691080820784
RO1_PRICE,validation,Concreting Sand,ETS,ETS_A_N_N,2022-01-01,2023-01-01,12,28.2,13.124092149315798,17.513809214319995,22.931864962303692,27.902748994509277,32.889515066950175
RO1_PRICE,validation,Concreting Sand,ETS,ETS_A_N_N,2022-02-01,2023-02-01,12,28.2,14.534860590015773,18.919742246714492,24.33182983971796,29.297238290336175,34.27851128663412
RO1_PRICE,validation,Concreting Sand,ETS,ETS_A_N_N,2022-03-01,2023-03-01,12,29.2,13.448218155252363,17.827101824917747,23.231786337576644,28.190402710817718,33.16486192896145
RO1_PRICE,validation,Concreting Sand,ETS,ETS_A_N_N,2022-04-01,2023-04-01,12,29.1,14.957824427575547,19.332394534934835,24.731754986680286,29.685486712990404,34.65504567769163
RO1_PRICE,validation,Concreting Sand,ETS,ETS_A_N_N,2022-05-01,2023-05-01,12,29.2,14.474418024508077,18.841537052550517,24.231700929089982,29.176995106772157,34.13808956476598
RO1_PRICE,validation,Concreting Sand,ETS,ETS_A_N_N,2022-06-01,2023-06-01,12,29.2,14.09123774871848,18.450804144508993,23.831646103034362,28.768387734275333,33.72090232032893
RO1_PRICE,validation,Concreting Sand,ETS,ETS_A_N_N,2022-07-01,2023-07-01,12,29.0,13.908388046330964,18.260253370433794,23.631590197966617,28.55961119101694,33.50337727632552
RO1_PRICE,validation,Concreting Sand,ETS,ETS_A_N_N,2022-08-01,2023-08-01,12,29.4,13.52502614060657,17.86942039251919,23.231535968425916,28.151096773062314,33.08637563954308
RO1_PRICE,validation,Concreting Sand,ETS,ETS_A_N_N,2022-09-01,2023-09-01,12,29.5,12.840420413884013,17.177902112455538,22.53148579466426,27.443218873614438,32.370645004721865
RO1_PRICE,validation,Concreting Sand,ETS,ETS_A_N_N,2022-10-01,2023-10-01,12,29.3,13.356568633038336,17.686799220740433,23.031433140961408,27.93495511411528,32.85414390483477
RO1_PRICE,validation,Concreting Sand,ETS,ETS_A_N_N,2022-11-01,2023-11-01,12,29.6,12.772246953891285,17.09543744652636,22.43138205329515,27.326931873429665,32.23812303999546
RO1_PRICE,validation,Concreting Sand,ETS,ETS_A_N_N,2022-12-01,2023-12-01,12,27.9,18.376704620349564,22.742796847148423,28.131693383151468,33.07582481849049,38.03575281916398
RO1_PRICE,validation,Concreting Sand,ETS,ETS_A_N_N,2023-01-01,2024-01-01,12,28.1,18.493624692198072,22.85211926536198,28.2316383152222,33.16716622222969,38.11846320618481
RO1_PRICE,validation,Concreting Sand,ETS,ETS_A_N_N,2023-02-01,2024-02-01,12,28.3,18.510490693061524,22.861411855511356,28.231583341315947,33.15853517250112,38.101228679958254
RO1_PRICE,validation,Concreting Sand,ETS,ETS_A_N_N,2023-03-01,2024-03-01,12,28.1,19.523848388952327,23.868771482281677,29.231539786424698,34.151699447277814,39.08757908332882
RO1_PRICE,validation,Concreting Sand,ETS,ETS_A_N_N,2023-04-01,2024-04-01,12,27.9,19.440511690506277,23.777952398737106,29.131485488174643,34.04317214995782,38.970551715594794
RO1_PRICE,validation,Concreting Sand,ETS,ETS_A_N_N,2023-05-01,2024-05-01,12,27.9,19.557088946903374,23.887085898556293,29.23143145095754,34.13468885632969,39.05361223396991
RO1_PRICE,validation,Concreting Sand,ETS,ETS_A_N_N,2023-06-01,2024-06-01,12,28.0,19.573614943488998,23.896191157980315,29.231377585308763,34.12623180129138,39.036725141240794
RO1_PRICE,validation,Concreting Sand,SARIMA,"(0, 1, 1)(0, 1, 1, 12)",2022-06-01,2022-07-01,1,23.6,20.950445603458622,22.29840690668805,23.796089778023372,25.293772649358694,26.641733952588122
RO1_PRICE,validation,Concreting Sand,SARIMA,"(0, 1, 1)(0, 1, 1, 12)",2022-07-01,2022-08-01,1,23.2,20.50651356850032,21.851862262895885,23.346642336138558,24.84142240938123,26.186771103776795
RO1_PRICE,validation,Concreting Sand,SARIMA,"(0, 1, 1)(0, 1, 1, 12)",2022-08-01,2022-09-01,1,22.5,20.249161840596138,21.59190364365974,23.083787271369477,24.575670899079213,25.918412702142817
RO1_PRICE,validation,Concreting Sand,SARIMA,"(0, 1, 1)(0, 1, 1, 12)",2022-09-01,2022-10-01,1,23.0,19.196024333819484,20.53634201702525,22.025532271579213,23.514722526133173,24.85504020933894
RO1_PRICE,validation,Concreting Sand,SARIMA,"(0, 1, 1)(0, 1, 1, 12)",2022-10-01,2022-11-01,1,22.4,20.330076685256234,21.66830203418691,23.155167553455517,24.64203307272412,25.9802584216548
RO1_PRICE,validation,Concreting Sand,SARIMA,"(0, 1, 1)(0, 1, 1, 12)",2022-11-01,2022-12-01,1,28.1,19.307618980285852,20.64357079381137,22.127910250183717,23.612249706556064,24.948201520081582
RO1_PRICE,validation,Concreting Sand,SARIMA,"(0, 1, 1)(0, 1, 1, 12)",2022-12-01,2023-01-01,1,28.2,26.88906309166638,28.241192923238735,29.743507332202714,31.245821741166694,32.59795157273905
RO1_PRICE,validation,Concreting Sand,SARIMA,"(0, 1, 1)(0, 1, 1, 12)",2023-01-01,2023-02-01,1,28.2,25.52900498414877,26.879651019915425,28.380316824014088,29.88098262811275,31.231628663879405
RO1_PRICE,validation,Concreting Sand,SARIMA,"(0, 1, 1)(0, 1, 1, 12)",2023-02-01,2023-03-01,1,29.2,26.563451709278684,27.91056468098139,29.407304994400736,30.90404530782008,32.251158279522784
RO1_PRICE,validation,Concreting Sand,SARIMA,"(0, 1, 1)(0, 1, 1, 12)",2023-03-01,2023-04-01,1,29.1,26.382330202975485,27.72683035291396,29.220667631659566,30.71450491040517,32.059005060343644
RO1_PRICE,validation,Concreting Sand,SARIMA,"(0, 1, 1)(0, 1, 1, 12)",2023-04-01,2023-05-01,1,29.2,26.02924081960399,27.37120163867626,28.86221753647135,30.353233434266436,31.695194253338705
RO1_PRICE,validation,Concreting Sand,SARIMA,"(0, 1, 1)(0, 1, 1, 12)",2023-05-01,2023-06-01,1,29.2,26.176425084690162,27.51591947838103,29.004194998512226,30.492470518643422,31.83196491233429
RO1_PRICE,validation,Concreting Sand,SARIMA,"(0, 1, 1)(0, 1, 1, 12)",2023-06-01,2023-07-01,1,29.0,26.365586291778587,27.702589441670913,29.188097009074937,30.67360457647896,32.01060772637129
RO1_PRICE,validation,Concreting Sand,SARIMA,"(0, 1, 1)(0, 1, 1, 12)",2023-07-01,2023-08-01,1,29.4,25.925211088485895,27.25973557569693,28.74248916890845,30.22524276211997,31.559767249331003
RO1_PRICE,validation,Concreting Sand,SARIMA,"(0, 1, 1)(0, 1, 1, 12)",2023-08-01,2023-09-01,1,29.5,26.681810040924937,28.014073854991885,29.494315676213013,30.97455749743414,32.30682131150109
RO1_PRICE,validation,Concreting Sand,SARIMA,"(0, 1, 1)(0, 1, 1, 12)",2023-09-01,2023-10-01,1,29.3,26.430202736987205,27.759996878961815,29.23749471518749,30.714992551413168,32.04478669338778
RO1_PRICE,validation,Concreting Sand,SARIMA,"(0, 1, 1)(0, 1, 1, 12)",2023-10-01,2023-11-01,1,29.6,26.356996086704086,27.684336163018468,29.15910735412781,30.63387854523715,31.96121862155153
RO1_PRICE,validation,Concreting Sand,SARIMA,"(0, 1, 1)(0, 1, 1, 12)",2023-11-01,2023-12-01,1,27.9,27.127168915949724,28.452165623681786,29.92433316216508,31.396500700648375,32.721497408380436
RO1_PRICE,validation,Concreting Sand,SARIMA,"(0, 1, 1)(0, 1, 1, 12)",2023-12-01,2024-01-01,1,28.1,24.386492851274717,25.71114826931425,27.182936610171144,28.654724951028037,29.97938036906757
RO1_PRICE,validation,Concreting Sand,SARIMA,"(0, 1, 1)(0, 1, 1, 12)",2024-01-01,2024-02-01,1,28.3,26.168080476764565,27.490657202733452,28.960135965784566,30.42961472883568,31.752191454804567
RO1_PRICE,validation,Concreting Sand,SARIMA,"(0, 1, 1)(0, 1, 1, 12)",2024-02-01,2024-03-01,1,28.1,26.572709749378767,27.892214133937323,29.358279302626254,30.824344471315186,32.14384885587374
RO1_PRICE,validation,Concreting Sand,SARIMA,"(0, 1, 1)(0, 1, 1, 12)",2024-03-01,2024-04-01,1,27.9,25.02622473445503,26.34406737514681,27.80828622575535,29.27250507636389,30.590347717055668
RO1_PRICE,validation,Concreting Sand,SARIMA,"(0, 1, 1)(0, 1, 1, 12)",2024-04-01,2024-05-01,1,27.9,24.95922800019668,26.27468792664789,27.73625940874753,29.197830890847168,30.513290817298376
RO1_PRICE,validation,Concreting Sand,SARIMA,"(0, 1, 1)(0, 1, 1, 12)",2024-05-01,2024-06-01,1,28.0,24.89276521158478,26.2058702159263,27.664825208592188,29.123780201258075,30.436885205599594
RO1_PRICE,validation,Concreting Sand,SARIMA,"(0, 1, 1)(0, 1, 1, 12)",2022-04-01,2022-07-01,3,23.6,18.86712690031596,21.70777580911625,24.86394298097419,28.02011015283213,30.86075906163242
RO1_PRICE,validation,Concreting Sand,SARIMA,"(0, 1, 1)(0, 1, 1, 12)",2022-05-01,2022-08-01,3,23.2,17.36579190425966,20.198458925715087,23.34575764123924,26.49305635676339,29.325723378218818
RO1_PRICE,validation,Concreting Sand,SARIMA,"(0, 1, 1)(0, 1, 1, 12)",2022-06-01,2022-09-01,3,22.5,17.56300155899966,20.389733379300637,23.53043765544017,26.671141931579704,29.497873751880682
RO1_PRICE,validation,Concreting Sand,SARIMA,"(0, 1, 1)(0, 1, 1, 12)",2022-07-01,2022-10-01,3,23.0,17.02200116805613,19.843084059997572,22.977511966611356,26.11193987322514,28.933022765166584
RO1_PRICE,validation,Concreting Sand,SARIMA,"(0, 1, 1)(0, 1, 1, 12)",2022-08-01,2022-11-01,3,22.4,16.702284921165276,19.51796786315117,22.646396033322144,25.774824203493118,28.590507145479013
RO1_PRICE,validation,Concreting Sand,SARIMA,"(0, 1, 1)(0, 1, 1, 12)",2022-09-01,2022-12-01,3,28.1,15.908211455466743,18.718824456777355,21.84161955477492,24.964414652772483,27.775027654083097
RO1_PRICE,validation,Concreting Sand,SARIMA,"(0, 1, 1)(0, 1, 1, 12)",2022-10-01,2023-01-01,3,28.2,17.052280019498255,19.85791010679249,22.975168825552913,26.092427544313335,28.89805763160757
RO1_PRICE,validation,Concreting Sand,SARIMA,"(0, 1, 1)(0, 1, 1, 12)",2022-11-01,2023-02-01,3,28.2,16.70053744993685,19.500427516071262,22.611308654591383,25.722189793111504,28.522079859245917
RO1_PRICE,validation,Concreting Sand,SARIMA,"(0, 1, 1)(0, 1, 1, 12)",2022-12-01,2023-03-01,3,29.2,25.65731857112069,28.483121907772073,31.622794571167994,34.762467234563914,37.5882705712153
RO1_PRICE,validation,Concreting Sand,SARIMA,"(0, 1, 1)(0, 1, 1, 12)",2023-01-01,2023-04-01,3,29.1,23.78531604456979,26.59707815249352,29.721149991364637,32.84522183023575,35.656983938159485
RO1_PRICE,validation,Concreting Sand,SARIMA,"(0, 1, 1)(0, 1, 1, 12)",2023-02-01,2023-05-01,3,29.2,23.361076948830675,26.167696689096292,29.286054984157794,32.4044132792193,35.211033019484915
RO1_PRICE,validation,Concreting Sand,SARIMA,"(0, 1, 1)(0, 1, 1, 12)",2023-03-01,2023-06-01,3,29.2,22.810191950863416,25.61132366576544,28.723584366211416,31.83584506665739,34.63697678155942
RO1_PRICE,validation,Concreting Sand,SARIMA,"(0, 1, 1)(0, 1, 1, 12)",2023-04-01,2023-07-01,3,29.0,22.596108898117123,25.392014020301772,28.498467596782472,31.604921173263172,34.40082629544782
RO1_PRICE,validation,Concreting Sand,SARIMA,"(0, 1, 1)(0, 1, 1, 12)",2023-05-01,2023-08-01,3,29.4,22.841013448595817,25.631781954887103,28.73252837818641,31.833274801485715,34.624043307777
RO1_PRICE,validation,Concreting Sand,SARIMA,"(0, 1, 1)(0, 1, 1, 12)",2023-06-01,2023-09-01,3,29.5,23.006978714062885,25.79262506117901,28.887680393760412,31.982735726341815,34.768382073457936
RO1_PRICE,validation,Concreting Sand,SARIMA,"(0, 1, 1)(0, 1, 1, 12)",2023-07-01,2023-10-01,3,29.3,22.510645887153206,25.291109243467748,28.380405896977866,31.469702550487984,34.25016590680253
RO1_PRICE,validation,Concreting Sand,SARIMA,"(0, 1, 1)(0, 1, 1, 12)",2023-08-01,2023-11-01,3,29.6,23.211477687981088,25.987083181594848,29.070982396958314,32.15488161232178,34.93048710593554
RO1_PRICE,validation,Concreting Sand,SARIMA,"(0, 1, 1)(0, 1, 1, 12)",2023-09-01,2023-12-01,3,27.9,23.42509221097977,26.195557221263407,29.27374498644246,32.35193275162151,35.12239776190515
RO1_PRICE,validation,Concreting Sand,SARIMA,"(0, 1, 1)(0, 1, 1, 12)",2023-10-01,2024-01-01,3,28.1,23.390444026459015,26.15578291260038,29.22827518169521,32.30076745079004,35.066106336931405
RO1_PRICE,validation,Concreting Sand,SARIMA,"(0, 1, 1)(0, 1, 1, 12)",2023-11-01,2024-02-01,3,28.3,24.56480099579585,27.325270018753503,30.39235151629391,33.459433013834314,36.21990203679197
RO1_PRICE,validation,Concreting Sand,SARIMA,"(0, 1, 1)(0, 1, 1, 12)",2023-12-01,2024-03-01,3,28.1,23.203958491527008,25.962021463088877,29.026429662846635,32.09083786260439,34.848900834166265
RO1_PRICE,validation,Concreting Sand,SARIMA,"(0, 1, 1)(0, 1, 1, 12)",2024-01-01,2024-04-01,3,27.9,24.475662004602174,27.226715571933667,30.283335814701154,33.33995605746864,36.09100962480014
RO1_PRICE,validation,Concreting Sand,SARIMA,"(0, 1, 1)(0, 1, 1, 12)",2024-02-01,2024-05-01,3,27.9,23.446827241676424,26.19190197202536,29.241879292835193,32.29185661364503,35.03693134399396
RO1_PRICE,validation,Concreting Sand,SARIMA,"(0, 1, 1)(0, 1, 1, 12)",2024-03-01,2024-06-01,3,28.0,21.544118421869918,24.287258502339235,27.335086286675146,30.382914071011058,33.126054151480375
RO1_PRICE,validation,Concreting Sand,SARIMA,"(0, 1, 1)(0, 1, 1, 12)",2022-01-01,2022-07-01,6,23.6,15.429413197993703,19.625074843376247,24.28675954096618,28.948444238556114,33.14410588393866
RO1_PRICE,validation,Concreting Sand,SARIMA,"(0, 1, 1)(0, 1, 1, 12)",2022-02-01,2022-08-01,6,23.2,16.369600196034185,20.55726231854278,25.210058965445747,29.862855612348714,34.05051773485731
RO1_PRICE,validation,Concreting Sand,SARIMA,"(0, 1, 1)(0, 1, 1, 12)",2022-03-01,2022-09-01,6,22.5,12.7262119860302,16.91321125021245,21.565271413390615,26.21733157656878,30.40433084075103
RO1_PRICE,validation,Concreting Sand,SARIMA,"(0, 1, 1)(0, 1, 1, 12)",2022-04-01,2022-10-01,6,23.0,15.487706239268881,19.66245293048791,24.300899595553897,28.939346260619885,33.11409295183891
RO1_PRICE,validation,Concreting Sand,SARIMA,"(0, 1, 1)(0, 1, 1, 12)",2022-05-01,2022-11-01,6,22.4,14.04993122145317,18.212126341126872,22.836627298948343,27.461128256769815,31.623323376443516
RO1_PRICE,validation,Concreting Sand,SARIMA,"(0, 1, 1)(0, 1, 1, 12)",2022-06-01,2022-12-01,6,28.1,14.281055339713294,18.434431369439896,23.049133678054673,27.66383598666945,31.817212016396052
RO1_PRICE,validation,Concreting Sand,SARIMA,"(0, 1, 1)(0, 1, 1, 12)",2022-07-01,2023-01-01,6,28.2,13.907040433460127,18.05207686722621,22.657513279265174,27.26294969130414,31.407986125070224
RO1_PRICE,validation,Concreting Sand,SARIMA,"(0, 1, 1)(0, 1, 1, 12)",2022-08-01,2023-02-01,6,28.2,14.352151979068932,18.489234690041474,23.085833938607948,27.68243318717442,31.819515898146964
RO1_PRICE,validation,Concreting Sand,SARIMA,"(0, 1, 1)(0, 1, 1, 12)",2022-09-01,2023-03-01,6,29.2,14.867944404660442,18.99693968303771,23.584553206834478,28.172166730631247,32.301162009008515
RO1_PRICE,validation,Concreting Sand,SARIMA,"(0, 1, 1)(0, 1, 1, 12)",2022-10-01,2023-04-01,6,29.1,16.23594568623467,20.35684213483736,24.935457270770787,29.514072406704212,33.63496885530691
RO1_PRICE,validation,Concreting Sand,SARIMA,"(0, 1, 1)(0, 1, 1, 12)",2022-11-01,2023-05-01,6,29.2,15.06957281292654,19.181259466941405,23.749641852446718,28.31802423795203,32.4297108919669
RO1_PRICE,validation,Concreting Sand,SARIMA,"(0, 1, 1)(0, 1, 1, 12)",2022-12-01,2023-06-01,6,29.2,22.448444933904277,26.59729151050433,31.206961267852325,35.81663102520032,39.96547760180037
RO1_PRICE,validation,Concreting Sand,SARIMA,"(0, 1, 1)(0, 1, 1, 12)",2023-01-01,2023-07-01,6,29.0,20.443393737971732,24.569972017834683,29.154900080805348,33.73982814377601,37.86640642363896
RO1_PRICE,validation,Concreting Sand,SARIMA,"(0, 1, 1)(0, 1, 1, 12)",2023-02-01,2023-08-01,6,29.4,20.023129872007615,24.142682745312747,28.719805071545565,33.29692739777838,37.416480271083515
RO1_PRICE,validation,Concreting Sand,SARIMA,"(0, 1, 1)(0, 1, 1, 12)",2023-03-01,2023-09-01,6,29.5,19.674353324240933,23.785840430927124,28.354001104862927,32.92216177879873,37.03364888548492
RO1_PRICE,validation,Concreting Sand,SARIMA,"(0, 1, 1)(0, 1, 1, 12)",2023-04-01,2023-10-01,6,29.3,19.270400069909478,23.37423064248722,27.93388435115589,32.49353805982456,36.5973686324023
RO1_PRICE,validation,Concreting Sand,SARIMA,"(0, 1, 1)(0, 1, 1, 12)",2023-05-01,2023-11-01,6,29.6,19.56370964525648,23.6600011742931,28.211278458244863,32.762555742196625,36.858847271233245
RO1_PRICE,validation,Concreting Sand,SARIMA,"(0, 1, 1)(0, 1, 1, 12)",2023-06-01,2023-12-01,6,27.9,20.028033013445274,24.11682229529281,28.65976403794625,33.202705780599686,37.291495062447225
RO1_PRICE,validation,Concreting Sand,SARIMA,"(0, 1, 1)(0, 1, 1, 12)",2023-07-01,2024-01-01,6,28.1,19.674745609343255,23.755922862732127,28.290407089126504,32.82489131552088,36.90606856890975
RO1_PRICE,validation,Concreting Sand,SARIMA,"(0, 1, 1)(0, 1, 1, 12)",2023-08-01,2024-02-01,6,28.3,21.133947024768375,25.207929176580837,29.734419122751664,34.260909068922494,38.33489122073495
RO1_PRICE,validation,Concreting Sand,SARIMA,"(0, 1, 1)(0, 1, 1, 12)",2023-09-01,2024-03-01,6,28.1,22.40764473763517,26.47350196079585,30.990964521355952,35.508427081916054,39.57428430507673
RO1_PRICE,validation,Concreting Sand,SARIMA,"(0, 1, 1)(0, 1, 1, 12)",2023-10-01,2024-04-01,6,27.9,22.579537294810905,26.637288260652053,31.14574418080711,35.65420010096217,39.711951066803316
RO1_PRICE,validation,Concreting Sand,SARIMA,"(0, 1, 1)(0, 1, 1, 12)",2023-11-01,2024-05-01,6,27.9,22.975090166119934,27.025193046028704,31.52515138745359,36.025109728878476,40.07521260878725
RO1_PRICE,validation,Concreting Sand,SARIMA,"(0, 1, 1)(0, 1, 1, 12)",2023-12-01,2024-06-01,6,28.0,20.083632361826865,24.130673340838946,28.62722968807029,33.123786035301634,37.170827014313716
RO1_PRICE,validation,Concreting Sand,SARIMA,"(0, 1, 1)(0, 1, 1, 12)",2021-07-01,2022-07-01,12,23.6,11.43575196688694,17.55682028064966,24.357771573414976,31.15872286618029,37.27979117994301
RO1_PRICE,validation,Concreting Sand,SARIMA,"(0, 1, 1)(0, 1, 1, 12)",2021-08-01,2022-08-01,12,23.2,11.648104670715284,17.755538009254398,24.54133985463235,31.327141700010305,37.43457503854942
RO1_PRICE,validation,Concreting Sand,SARIMA,"(0, 1, 1)(0, 1, 1, 12)",2021-09-01,2022-09-01,12,22.5,10.486009142442915,16.58083045630035,23.35261942661034,30.124408396920327,36.21922971077776
RO1_PRICE,validation,Concreting Sand,SARIMA,"(0, 1, 1)(0, 1, 1, 12)",2021-10-01,2022-10-01,12,23.0,10.424561046293354,16.506129611094465,23.263193815038974,30.020258018983483,36.10182658378459
RO1_PRICE,validation,Concreting Sand,SARIMA,"(0, 1, 1)(0, 1, 1, 12)",2021-11-01,2022-11-01,12,22.4,10.301522570777541,16.370311939663033,23.113177529161845,29.856043118660658,35.92483248754615
RO1_PRICE,validation,Concreting Sand,SARIMA,"(0, 1, 1)(0, 1, 1, 12)",2021-12-01,2022-12-01,12,28.1,10.895818474939029,16.95223311168021,23.681349475347776,30.41046583901534,36.466880475756525
RO1_PRICE,validation,Concreting Sand,SARIMA,"(0, 1, 1)(0, 1, 1, 12)",2022-01-01,2023-01-01,12,28.2,10.645091827273692,16.688761603021415,23.40371750083456,30.118673398647704,36.16234317439543
RO1_PRICE,validation,Concreting Sand,SARIMA,"(0, 1, 1)(0, 1, 1, 12)",2022-02-01,2023-02-01,12,28.2,12.40374293010048,18.435915746168707,25.138097687086237,31.840279628003767,37.872452444071996
RO1_PRICE,validation,Concreting Sand,SARIMA,"(0, 1, 1)(0, 1, 1, 12)",2022-03-01,2023-03-01,12,29.2,10.095128963900628,16.125706834145845,22.826116674459218,29.52652651477259,35.55710438501781
RO1_PRICE,validation,Concreting Sand,SARIMA,"(0, 1, 1)(0, 1, 1, 12)",2022-04-01,2023-04-01,12,29.1,13.250714242692537,19.262008296170116,25.940992416028703,32.61997653588729,38.63127058936487
RO1_PRICE,validation,Concreting Sand,SARIMA,"(0, 1, 1)(0, 1, 1, 12)",2022-05-01,2023-05-01,12,29.2,11.764276796262775,17.756539571103957,24.41437855870611,31.072217546308266,37.064480321149446
RO1_PRICE,validation,Concreting Sand,SARIMA,"(0, 1, 1)(0, 1, 1, 12)",2022-06-01,2023-06-01,12,29.2,11.754023181492878,17.733072487076413,24.37623035102117,31.01938821496593,36.998437520549466
RO1_PRICE,validation,Concreting Sand,SARIMA,"(0, 1, 1)(0, 1, 1, 12)",2022-07-01,2023-07-01,12,29.0,11.455666718206544,17.42223968522664,24.051535431231756,30.680831177236872,36.64740414425697
RO1_PRICE,validation,Concreting Sand,SARIMA,"(0, 1, 1)(0, 1, 1, 12)",2022-08-01,2023-08-01,12,29.4,11.087034450970929,17.041771755254757,23.657917220677977,30.274062686101196,36.22879999038503
RO1_PRICE,validation,Concreting Sand,SARIMA,"(0, 1, 1)(0, 1, 1, 12)",2022-09-01,2023-09-01,12,29.5,10.251815977753672,16.195392082707443,22.79913664535983,29.402881208012218,35.34645731296599
RO1_PRICE,validation,Concreting Sand,SARIMA,"(0, 1, 1)(0, 1, 1, 12)",2022-10-01,2023-10-01,12,29.3,11.281095099736993,17.213401268209772,23.804624113222214,30.395846958234657,36.328153126707434
RO1_PRICE,validation,Concreting Sand,SARIMA,"(0, 1, 1)(0, 1, 1, 12)",2022-11-01,2023-11-01,12,29.6,10.165888065419786,16.085274236385203,22.662142026161177,29.239009815937152,35.15839598690257
RO1_PRICE,validation,Concreting Sand,SARIMA,"(0, 1, 1)(0, 1, 1, 12)",2022-12-01,2023-12-01,12,27.9,18.00148730825313,23.97379463009269,30.609461660622593,37.245128691152495,43.21743601299205
RO1_PRICE,validation,Concreting Sand,SARIMA,"(0, 1, 1)(0, 1, 1, 12)",2023-01-01,2024-01-01,12,28.1,15.962264816327997,21.90145100511014,28.50031805218319,35.09918509925624,41.038371288038384
RO1_PRICE,validation,Concreting Sand,SARIMA,"(0, 1, 1)(0, 1, 1, 12)",2023-02-01,2024-02-01,12,28.3,16.34483231244946,22.274086301583665,28.86191795375943,35.449749605935196,41.379003595069406
RO1_PRICE,validation,Concreting Sand,SARIMA,"(0, 1, 1)(0, 1, 1, 12)",2023-03-01,2024-03-01,12,28.1,17.351254561521344,23.268660568947467,29.843328253269277,36.41799593759109,42.33540194501721
RO1_PRICE,validation,Concreting Sand,SARIMA,"(0, 1, 1)(0, 1, 1, 12)",2023-04-01,2024-04-01,12,27.9,17.29349834680949,23.199435660004532,29.76136079239602,36.323285924787506,42.22922323798255
RO1_PRICE,validation,Concreting Sand,SARIMA,"(0, 1, 1)(0, 1, 1, 12)",2023-05-01,2024-05-01,12,27.9,17.56337694813804,23.458073183307572,30.007508661898303,36.55694414048903,42.45164037565857
RO1_PRICE,validation,Concreting Sand,SARIMA,"(0, 1, 1)(0, 1, 1, 12)",2023-06-01,2024-06-01,12,28.0,17.55728138900853,23.440781598312114,29.977777479322196,36.51477336033228,42.39827356963586
RO1_PRICE,validation,Granite (20mm Aggregate),ETS,ETS_A_N_N,2022-06-01,2022-07-01,1,20.7,16.523792389245017,18.447906724569734,20.749565772455703,23.02434007252987,25.13710524146215
RO1_PRICE,validation,Granite (20mm Aggregate),ETS,ETS_A_N_N,2022-07-01,2022-08-01,1,20.5,16.33155727602296,18.252257578703436,20.549832701335518,22.820570778833844,24.929587184439573
RO1_PRICE,validation,Granite (20mm Aggregate),ETS,ETS_A_N_N,2022-08-01,2022-09-01,1,20.8,16.13928076498755,18.056585233381245,20.350098199951294,22.616821569788506,24.72210919469298
RO1_PRICE,validation,Granite (20mm Aggregate),ETS,ETS_A_N_N,2022-09-01,2022-10-01,1,20.4,16.4469272169724,18.360869719130065,20.650361043189697,22.913109745695017,25.014705778560383
RO1_PRICE,validation,Granite (20mm Aggregate),ETS,ETS_A_N_N,2022-10-01,2022-11-01,1,20.5,16.054482834493264,17.965103316028966,20.250620781216792,22.509442041887496,24.607390344817222
RO1_PRICE,validation,Granite (20mm Aggregate),ETS,ETS_A_N_N,2022-11-01,2022-12-01,1,19.3,16.162106065098012,18.06937479028587,20.350882826209187,22.605741490135916,24.700009411948756
RO1_PRICE,validation,Granite (20mm Aggregate),ETS,ETS_A_N_N,2022-12-01,2023-01-01,1,19.0,14.968665114365756,16.873049990206283,19.151108315360773,21.402557563194,23.49365888708611
RO1_PRICE,validation,Granite (20mm Aggregate),ETS,ETS_A_N_N,2023-01-01,2023-02-01,1,18.5,14.676153226802926,16.577245751917552,18.85136570984615,21.098922592927128,23.186408765780698
RO1_PRICE,validation,Granite (20mm Aggregate),ETS,ETS_A_N_N,2023-02-01,2023-03-01,1,18.3,14.183488033796811,16.081355620147285,18.35161785021164,20.595362065986254,22.679307109205407
RO1_PRICE,validation,Granite (20mm Aggregate),ETS,ETS_A_N_N,2023-03-01,2023-04-01,1,18.6,13.990934020335805,15.885527781646262,18.15187380523254,20.391747558151987,22.47209779237942
RO1_PRICE,validation,Granite (20mm Aggregate),ETS,ETS_A_N_N,2023-04-01,2023-05-01,1,18.3,14.298305852097974,16.18965839114864,18.45212720826985,20.688169042803757,22.764960267376964
RO1_PRICE,validation,Granite (20mm Aggregate),ETS,ETS_A_N_N,2023-05-01,2023-06-01,1,18.5,14.00563955924944,15.893767645731167,18.1523793165833,20.384609058612636,22.457859687415905
RO1_PRICE,validation,Granite (20mm Aggregate),ETS,ETS_A_N_N,2023-06-01,2023-07-01,1,18.5,14.21297086879135,16.097875549669148,18.352631326649963,20.581050213943733,22.650761396592323
RO1_PRICE,validation,Granite (20mm Aggregate),ETS,ETS_A_N_N,2023-07-01,2023-08-01,1,18.5,14.220292873918986,16.101978244708555,18.352883026945193,20.577495901405833,22.643672134962504
RO1_PRICE,validation,Granite (20mm Aggregate),ETS,ETS_A_N_N,2023-08-01,2023-09-01,1,18.6,14.22757748707398,16.106059986825464,18.353133438995755,20.573959735605936,22.636619070896415
RO1_PRICE,validation,Granite (20mm Aggregate),ETS,ETS_A_N_N,2023-09-01,2023-10-01,1,19.5,14.334817976421117,16.21011700466756,18.453382332830493,20.670444986588613,22.7296087251837
RO1_PRICE,validation,Granite (20mm Aggregate),ETS,ETS_A_N_N,2023-10-01,2023-11-01,1,20.3,15.241458676842974,17.11383794191429,19.353610598562682,21.567221377288675,23.623179082944507
RO1_PRICE,validation,Granite (20mm Aggregate),ETS,ETS_A_N_N,2023-11-01,2023-12-01,1,21.2,16.048184362066884,17.917606504064686,20.153841798638005,22.363956533783686,24.416667183630377
RO1_PRICE,validation,Granite (20mm Aggregate),ETS,ETS_A_N_N,2023-12-01,2024-01-01,1,22.3,16.954756244287925,18.82128888542188,21.05406770878398,23.260766346359755,25.310304192663196
RO1_PRICE,validation,Granite (20mm Aggregate),ETS,ETS_A_N_N,2024-01-01,2024-02-01,1,22.2,18.061014279523057,19.924795410188477,22.154282828851283,24.357728507293967,26.404245069792616
RO1_PRICE,validation,Granite (20mm Aggregate),ETS,ETS_A_N_N,2024-02-01,2024-03-01,1,22.4,17.96807818346184,19.828753491540915,22.054525671184006,24.254299506810334,26.297405734662625
RO1_PRICE,validation,Granite (20mm Aggregate),ETS,ETS_A_N_N,2024-03-01,2024-04-01,1,22.3,18.17508589470845,20.03268007696307,22.25476656028276,24.45089775071276,26.490620762088007
RO1_PRICE,validation,Granite (20mm Aggregate),ETS,ETS_A_N_N,2024-04-01,2024-05-01,1,22.1,18.08207962595805,19.93659883299121,22.155006977445808,24.347502794198313,26.383849342738703
RO1_PRICE,validation,Granite (20mm Aggregate),ETS,ETS_A_N_N,2024-05-01,2024-06-01,1,22.2,17.889017833710184,19.74048647657198,21.95524548308437,24.144134785998087,26.177131676148367
RO1_PRICE,validation,Granite (20mm Aggregate),ETS,ETS_A_N_N,2022-04-01,2022-07-01,3,20.7,13.151699882465437,16.323170585851422,20.1105348171141,24.10952190744779,27.73334995289241
RO1_PRICE,validation,Granite (20mm Aggregate),ETS,ETS_A_N_N,2022-05-01,2022-08-01,3,20.5,13.46441570880586,16.630244808623498,20.41087184772518,24.40274529837918,28.02012705970382
RO1_PRICE,validation,Granite (20mm Aggregate),ETS,ETS_A_N_N,2022-06-01,2022-09-01,3,20.8,13.777063166846876,16.937280996571403,20.711207067690015,24.696005126905344,28.306975264148985
RO1_PRICE,validation,Granite (20mm Aggregate),ETS,ETS_A_N_N,2022-07-01,2022-10-01,3,20.4,13.589701684602979,16.744312214056663,20.511542057946357,24.489269731371653,28.093832780585448
RO1_PRICE,validation,Granite (20mm Aggregate),ETS,ETS_A_N_N,2022-08-01,2022-11-01,3,20.5,13.40227282586072,16.551305944521893,20.311875255140357,24.282570231169792,27.880760345067067
RO1_PRICE,validation,Granite (20mm Aggregate),ETS,ETS_A_N_N,2022-09-01,2022-12-01,3,19.3,13.714718582510422,16.858229916188762,20.61220512177124,24.575937540385794,28.167818278869227
RO1_PRICE,validation,Granite (20mm Aggregate),ETS,ETS_A_N_N,2022-10-01,2023-01-01,3,19.0,13.327016481169267,16.46507163763013,20.21253108684417,24.16938367452351,27.755030003210717
RO1_PRICE,validation,Granite (20mm Aggregate),ETS,ETS_A_N_N,2022-11-01,2023-02-01,3,18.5,13.43942444152628,16.571974582002962,20.312859951687038,24.26277112640321,27.84212724049289
RO1_PRICE,validation,Granite (20mm Aggregate),ETS,ETS_A_N_N,2022-12-01,2023-03-01,3,18.3,12.250100269682823,15.377913897386666,19.11314293260181,23.05708171936195,26.6310257362169
RO1_PRICE,validation,Granite (20mm Aggregate),ETS,ETS_A_N_N,2023-01-01,2023-04-01,3,18.6,11.962288308617714,15.08469448975006,18.81346596264073,22.750586364161496,26.318351652479205
RO1_PRICE,validation,Granite (20mm Aggregate),ETS,ETS_A_N_N,2023-02-01,2023-05-01,3,18.3,11.474226809571622,14.591336263375908,18.313782394650264,22.244224019607422,25.805937090882733
RO1_PRICE,validation,Granite (20mm Aggregate),ETS,ETS_A_N_N,2023-03-01,2023-06-01,3,18.5,11.286346276652466,14.398078710976712,18.11410361590086,22.037765221902713,25.593334331648798
RO1_PRICE,validation,Granite (20mm Aggregate),ETS,ETS_A_N_N,2023-04-01,2023-07-01,3,18.5,11.598345047538679,14.704754010077783,18.414421635206264,22.331370741886648,25.880857075483
RO1_PRICE,validation,Granite (20mm Aggregate),ETS,ETS_A_N_N,2023-05-01,2023-08-01,3,18.5,11.310281754592356,14.411394788343662,18.114738025471077,22.02500936248734,25.56844439147999
RO1_PRICE,validation,Granite (20mm Aggregate),ETS,ETS_A_N_N,2023-06-01,2023-09-01,3,18.6,11.522214569463456,14.618033393990828,18.315054296617046,22.218650032210466,25.75603572143035
RO1_PRICE,validation,Granite (20mm Aggregate),ETS,ETS_A_N_N,2023-07-01,2023-10-01,3,19.5,11.534132233452395,14.624663575342455,18.315370176344324,22.212298792236968,25.743642827705983
RO1_PRICE,validation,Granite (20mm Aggregate),ETS,ETS_A_N_N,2023-08-01,2023-11-01,3,20.3,11.545989038246095,14.631259897442874,18.315684440101766,22.205979981201416,25.73131321395479
RO1_PRICE,validation,Granite (20mm Aggregate),ETS,ETS_A_N_N,2023-09-01,2023-12-01,3,21.2,11.657774025833813,14.737816264659159,18.415996798898718,22.299699441207505,25.8190582781953
RO1_PRICE,validation,Granite (20mm Aggregate),ETS,ETS_A_N_N,2023-10-01,2024-01-01,3,22.3,12.568582773179054,15.643829513381895,19.316283272363975,23.19393914997692,26.70781849053374
RO1_PRICE,validation,Granite (20mm Aggregate),ETS,ETS_A_N_N,2023-11-01,2024-02-01,3,22.2,13.379529837668814,16.44991971833371,20.116573424970785,23.988105166367973,27.496434897468333
RO1_PRICE,validation,Granite (20mm Aggregate),ETS,ETS_A_N_N,2023-12-01,2024-03-01,3,22.4,14.290226566482993,17.355870652170278,21.01685693954729,24.88240458882325,28.385311616532583
RO1_PRICE,validation,Granite (20mm Aggregate),ETS,ETS_A_N_N,2024-01-01,2024-04-01,3,22.3,15.400412463005221,18.461537392901338,22.11712691310005,25.976976245299088,29.474719535099613
RO1_PRICE,validation,Granite (20mm Aggregate),ETS,ETS_A_N_N,2024-02-01,2024-05-01,3,22.1,15.311910019092883,18.3679338613181,22.017431672403852,25.87084891499827,29.362763532144072
RO1_PRICE,validation,Granite (20mm Aggregate),ETS,ETS_A_N_N,2024-03-01,2024-06-01,3,22.2,15.52331612714187,18.57427944433108,22.217733986124664,26.06477028555991,29.550902578268477
RO1_PRICE,validation,Granite (20mm Aggregate),ETS,ETS_A_N_N,2022-01-01,2022-07-01,6,20.7,9.819311750217631,14.690236268249231,20.00676037153795,25.373468980034477,29.954839292137063
RO1_PRICE,validation,Granite (20mm Aggregate),ETS,ETS_A_N_N,2022-02-01,2022-08-01,6,20.5,9.737754949063211,14.599855365302219,19.906748124541878,25.263734475410043,29.83680523825173
RO1_PRICE,validation,Granite (20mm Aggregate),ETS,ETS_A_N_N,2022-03-01,2022-09-01,6,20.8,9.956047801684681,14.809396046762547,20.106735972908183,25.454079318195046,30.018918186459906
RO1_PRICE,validation,Granite (20mm Aggregate),ETS,ETS_A_N_N,2022-04-01,2022-10-01,6,20.4,10.174241746927642,15.018885144968023,20.30672389142612,25.644476372112475,30.201127856721257
RO1_PRICE,validation,Granite (20mm Aggregate),ETS,ETS_A_N_N,2022-05-01,2022-11-01,6,20.5,10.492254055566981,15.328279509430065,20.606711929066677,25.934969293367494,30.483515131202427
RO1_PRICE,validation,Granite (20mm Aggregate),ETS,ETS_A_N_N,2022-06-01,2022-12-01,6,19.3,10.810169518061459,15.637623364252988,20.906700032507906,26.225513333262008,30.765997106335305
RO1_PRICE,validation,Granite (20mm Aggregate),ETS,ETS_A_N_N,2022-07-01,2023-01-01,6,19.0,10.628072313299928,15.44696061600119,20.706688151816223,26.016064070443893,30.548491482448956
RO1_PRICE,validation,Granite (20mm Aggregate),ETS,ETS_A_N_N,2022-08-01,2023-02-01,6,18.5,10.445879671030264,15.256248088510683,20.506676327043195,25.806665169113046,30.33107916414382
RO1_PRICE,validation,Granite (20mm Aggregate),ETS,ETS_A_N_N,2022-09-01,2023-03-01,6,18.3,10.763509421214021,15.56544292578987,20.80666461275291,26.097359999436765,30.61384049859358
RO1_PRICE,validation,Granite (20mm Aggregate),ETS,ETS_A_N_N,2022-10-01,2023-04-01,6,18.6,10.380929719152096,15.174528531275335,20.40665305544026,25.68816540806784,30.196806674154725
RO1_PRICE,validation,Granite (20mm Aggregate),ETS,ETS_A_N_N,2022-11-01,2023-05-01,6,18.3,10.498505929876623,15.28369544491401,20.50664137670224,25.77888849705309,30.27962036034135
RO1_PRICE,validation,Granite (20mm Aggregate),ETS,ETS_A_N_N,2022-12-01,2023-06-01,6,18.5,9.313628517851738,14.091582678228527,19.30663135410436,24.570906673619696,29.064833291021504
RO1_PRICE,validation,Granite (20mm Aggregate),ETS,ETS_A_N_N,2023-01-01,2023-07-01,6,18.5,9.030893206484068,13.800587113879526,19.006619876264615,24.261794177971282,28.747951576688003
RO1_PRICE,validation,Granite (20mm Aggregate),ETS,ETS_A_N_N,2023-02-01,2023-08-01,6,18.5,8.54780441106656,13.309407196871732,18.506608649554085,23.75286827977894,28.231415537113236
RO1_PRICE,validation,Granite (20mm Aggregate),ETS,ETS_A_N_N,2023-03-01,2023-09-01,6,18.6,8.364971962110053,13.118360974444993,18.306597245164085,23.543807067980143,28.014628823145895
RO1_PRICE,validation,Granite (20mm Aggregate),ETS,ETS_A_N_N,2023-04-01,2023-10-01,6,19.5,8.681968545007923,13.427225581723151,18.60658595132132,23.8348360903236,28.298009278662875
RO1_PRICE,validation,Granite (20mm Aggregate),ETS,ETS_A_N_N,2023-05-01,2023-11-01,6,20.3,8.398877206000073,13.136044340951145,18.30657473226426,23.525911543770107,27.98147573804
RO1_PRICE,validation,Granite (20mm Aggregate),ETS,ETS_A_N_N,2023-06-01,2023-12-01,6,21.2,8.615780360438933,13.344860220379962,18.506563500461596,23.716989878587704,28.16494754939379
RO1_PRICE,validation,Granite (20mm Aggregate),ETS,ETS_A_N_N,2023-07-01,2024-01-01,6,22.3,8.632662048903383,13.35366490916608,18.506552293350907,23.708079559297374,28.148440371149846
RO1_PRICE,validation,Granite (20mm Aggregate),ETS,ETS_A_N_N,2023-08-01,2024-02-01,6,22.2,8.649457529931812,13.362424634819789,18.506541140503074,23.699214736599878,28.13201748201696
RO1_PRICE,validation,Granite (20mm Aggregate),ETS,ETS_A_N_N,2023-09-01,2024-03-01,6,22.4,8.766151280588334,13.471131302027523,18.606530053717044,23.790403605932497,28.215694063516523
RO1_PRICE,validation,Granite (20mm Aggregate),ETS,ETS_A_N_N,2023-10-01,2024-04-01,6,22.3,9.681462165182493,14.37911672694865,19.506519874769708,24.68232234985332,29.100722812869723
RO1_PRICE,validation,Granite (20mm Aggregate),ETS,ETS_A_N_N,2023-11-01,2024-05-01,6,22.1,10.496968974124243,15.187204343125794,20.306509579141,25.474137703435453,29.885560010796652
RO1_PRICE,validation,Granite (20mm Aggregate),ETS,ETS_A_N_N,2023-12-01,2024-06-01,6,22.2,11.412121177129178,16.095107012252903,21.20649951600211,26.366140217020813,30.770743942168014
RO1_PRICE,validation,Granite (20mm Aggregate),ETS,ETS_A_N_N,2021-07-01,2022-07-01,12,20.7,6.041673266174801,12.623763444725078,20.74777941148247,28.201290989240967,35.678616635081816
RO1_PRICE,validation,Granite (20mm Aggregate),ETS,ETS_A_N_N,2021-08-01,2022-08-01,12,20.5,6.168819273384601,12.738719959995283,20.847690914536557,28.28739919929326,35.7508774504286
RO1_PRICE,validation,Granite (20mm Aggregate),ETS,ETS_A_N_N,2021-09-01,2022-09-01,12,20.8,6.295814855649398,12.85359360228893,20.947602921361494,28.373584408479616,35.82329200467635
RO1_PRICE,validation,Granite (20mm Aggregate),ETS,ETS_A_N_N,2021-10-01,2022-10-01,12,20.4,5.822082509629399,12.368066185015184,20.447517309867496,27.860142143131682,35.29645041078873
RO1_PRICE,validation,Granite (20mm Aggregate),ETS,ETS_A_N_N,2021-11-01,2022-11-01,12,20.5,5.54858980695514,12.082670797673702,20.14743090528669,27.5465772240415,34.96936391315703
RO1_PRICE,validation,Granite (20mm Aggregate),ETS,ETS_A_N_N,2021-12-01,2022-12-01,12,19.3,5.575167742840223,12.097314329092711,20.147344268961717,27.532976153935074,34.942205230474464
RO1_PRICE,validation,Granite (20mm Aggregate),ETS,ETS_A_N_N,2022-01-01,2023-01-01,12,19.0,5.501576594645467,12.011864703644644,20.047258189752917,27.41946162037447,34.81521933847278
RO1_PRICE,validation,Granite (20mm Aggregate),ETS,ETS_A_N_N,2022-02-01,2023-02-01,12,18.5,5.4278417448239376,11.926335902847228,19.94717257745032,27.30602062281253,34.68838028501893
RO1_PRICE,validation,Granite (20mm Aggregate),ETS,ETS_A_N_N,2022-03-01,2023-03-01,12,18.3,5.653892787285989,12.14068913401548,20.147087658555428,27.492689186542826,34.86176000857617
RO1_PRICE,validation,Granite (20mm Aggregate),ETS,ETS_A_N_N,2022-04-01,2023-04-01,12,18.6,5.87980297283169,12.354964759848947,20.34700320327418,27.679429839522797,35.035283675864
RO1_PRICE,validation,Granite (20mm Aggregate),ETS,ETS_A_N_N,2022-05-01,2023-05-01,12,18.3,6.205454488444028,12.669097866729263,20.646919589642913,27.96630286268735,35.30907166210641
RO1_PRICE,validation,Granite (20mm Aggregate),ETS,ETS_A_N_N,2022-06-01,2023-06-01,12,18.5,6.530968083828106,12.983154984951247,20.946836427063076,28.253246467767703,35.58300058519801
RO1_PRICE,validation,Granite (20mm Aggregate),ETS,ETS_A_N_N,2022-07-01,2023-07-01,12,18.5,6.356463636482049,12.797202165591761,20.746753330769113,28.04019931734597,35.356947960324085
RO1_PRICE,validation,Granite (20mm Aggregate),ETS,ETS_A_N_N,2022-08-01,2023-08-01,12,18.5,6.181823278753705,12.611174460915628,20.54667067000559,27.8272217068001,35.131034200460746
RO1_PRICE,validation,Granite (20mm Aggregate),ETS,ETS_A_N_N,2022-09-01,2023-09-01,12,18.6,6.506929991441693,12.925007397346198,20.84658882620125,28.114373519846346,35.40537888172235
RO1_PRICE,validation,Granite (20mm Aggregate),ETS,ETS_A_N_N,2022-10-01,2023-10-01,12,19.5,6.131738413437194,12.538675993839256,20.446507972626957,27.70167800799417,34.98002840759223
RO1_PRICE,validation,Granite (20mm Aggregate),ETS,ETS_A_N_N,2022-11-01,2023-11-01,12,20.3,6.256768880027687,12.652466921278528,20.546426377349814,27.788868839420417,35.05445100095686
RO1_PRICE,validation,Granite (20mm Aggregate),ETS,ETS_A_N_N,2022-12-01,2023-12-01,12,21.2,5.078305105714786,11.464332653564037,19.346356198599494,26.577847863495336,33.832444239915176
RO1_PRICE,validation,Granite (20mm Aggregate),ETS,ETS_A_N_N,2023-01-01,2024-01-01,12,22.3,4.802891933000546,11.1778791482471,19.04627604340242,26.265265715064455,33.507320154216735
RO1_PRICE,validation,Granite (20mm Aggregate),ETS,ETS_A_N_N,2023-02-01,2024-02-01,12,22.2,4.3269753530441974,10.691148290121866,18.546197545525995,25.752941206369222,32.98271050853613
RO1_PRICE,validation,Granite (20mm Aggregate),ETS,ETS_A_N_N,2023-03-01,2024-03-01,12,22.4,4.1514238418934495,10.504618569073727,18.346117850218405,25.540429865132513,32.75772780209712
RO1_PRICE,validation,Granite (20mm Aggregate),ETS,ETS_A_N_N,2023-04-01,2024-04-01,12,22.3,4.47562885450266,10.817954699608565,18.646038945541363,25.828043116566818,33.03299388591874
RO1_PRICE,validation,Granite (20mm Aggregate),ETS,ETS_A_N_N,2023-05-01,2024-05-01,12,22.1,4.199708649665114,10.531221846974237,18.345960465460273,25.51572047188857,32.70838795637549
RO1_PRICE,validation,Granite (20mm Aggregate),ETS,ETS_A_N_N,2023-06-01,2024-06-01,12,22.2,4.423780609839799,10.744484670169452,18.545881994472936,25.70340181192834,32.88378999987669
RO1_PRICE,validation,Granite (20mm Aggregate),SARIMA,"(1, 1, 1)(0, 1, 1, 12)",2022-06-01,2022-07-01,1,20.7,16.229946452629033,18.219514840858782,20.43006976499725,22.640624689135716,24.630193077365465
RO1_PRICE,validation,Granite (20mm Aggregate),SARIMA,"(1, 1, 1)(0, 1, 1, 12)",2022-07-01,2022-08-01,1,20.5,16.25364095594306,18.239289560158273,20.44548931967603,22.65168907919379,24.637337683409005
RO1_PRICE,validation,Granite (20mm Aggregate),SARIMA,"(1, 1, 1)(0, 1, 1, 12)",2022-08-01,2022-09-01,1,20.8,16.147534836296796,18.129276028420918,20.331134369423133,22.532992710425347,24.51473390254947
RO1_PRICE,validation,Granite (20mm Aggregate),SARIMA,"(1, 1, 1)(0, 1, 1, 12)",2022-09-01,2022-10-01,1,20.4,16.521392280763916,18.49932664085115,20.696955315080267,22.894583989309382,24.872518349396618
RO1_PRICE,validation,Granite (20mm Aggregate),SARIMA,"(1, 1, 1)(0, 1, 1, 12)",2022-10-01,2022-11-01,1,20.5,16.18323107061727,18.15733168136462,20.350700781742777,22.544069882120933,24.518170492868283
RO1_PRICE,validation,Granite (20mm Aggregate),SARIMA,"(1, 1, 1)(0, 1, 1, 12)",2022-11-01,2022-12-01,1,19.3,16.1353399551532,18.10562915346042,20.294763497904935,22.48389784234945,24.45418704065667
RO1_PRICE,validation,Granite (20mm Aggregate),SARIMA,"(1, 1, 1)(0, 1, 1, 12)",2022-12-01,2023-01-01,1,19.0,15.385281469846529,17.35210510553433,19.53738895830508,21.722672811075828,23.68949644676363
RO1_PRICE,validation,Granite (20mm Aggregate),SARIMA,"(1, 1, 1)(0, 1, 1, 12)",2023-01-01,2023-02-01,1,18.5,15.201279864799664,17.16329783927725,19.34324225354725,21.52318666781725,23.485204642294832
RO1_PRICE,validation,Granite (20mm Aggregate),SARIMA,"(1, 1, 1)(0, 1, 1, 12)",2023-02-01,2023-03-01,1,18.3,16.677968410782498,18.63638695558471,20.81233214216289,22.98827732874107,24.946695873543284
RO1_PRICE,validation,Granite (20mm Aggregate),SARIMA,"(1, 1, 1)(0, 1, 1, 12)",2023-03-01,2023-04-01,1,18.6,14.493303747772467,16.45013411373333,18.62431471831527,20.798495322897207,22.755325688858072
RO1_PRICE,validation,Granite (20mm Aggregate),SARIMA,"(1, 1, 1)(0, 1, 1, 12)",2023-04-01,2023-05-01,1,18.3,14.169675366629,16.122734657614632,18.292725324114965,20.462715990615298,22.41577528160093
RO1_PRICE,validation,Granite (20mm Aggregate),SARIMA,"(1, 1, 1)(0, 1, 1, 12)",2023-05-01,2023-06-01,1,18.5,14.214663790849741,16.163977644236923,18.329806857642563,20.495636071048203,22.444949924435385
RO1_PRICE,validation,Granite (20mm Aggregate),SARIMA,"(1, 1, 1)(0, 1, 1, 12)",2023-06-01,2023-07-01,1,18.5,14.482065866891578,16.427678143538614,18.589394636447476,20.75111112935634,22.696723406003375
RO1_PRICE,validation,Granite (20mm Aggregate),SARIMA,"(1, 1, 1)(0, 1, 1, 12)",2023-07-01,2023-08-01,1,18.5,14.611624047022309,16.55355575891248,18.711182877163495,20.86880999541451,22.81074170730468
RO1_PRICE,validation,Granite (20mm Aggregate),SARIMA,"(1, 1, 1)(0, 1, 1, 12)",2023-08-01,2023-09-01,1,18.6,14.643353998108987,16.5816461000891,18.735229347490417,20.888812594891736,22.82710469687185
RO1_PRICE,validation,Granite (20mm Aggregate),SARIMA,"(1, 1, 1)(0, 1, 1, 12)",2023-09-01,2023-10-01,1,19.5,14.80438715774679,16.7390561537484,18.888613867366193,21.038171580983985,22.972840576985597
RO1_PRICE,validation,Granite (20mm Aggregate),SARIMA,"(1, 1, 1)(0, 1, 1, 12)",2023-10-01,2023-11-01,1,20.3,15.455547974036804,17.38673735603687,19.53242896587522,21.678120575713567,23.609309957713634
RO1_PRICE,validation,Granite (20mm Aggregate),SARIMA,"(1, 1, 1)(0, 1, 1, 12)",2023-11-01,2023-12-01,1,21.2,15.892496720447806,17.820303370539875,19.96223651963844,22.104169668737008,24.031976318829077
RO1_PRICE,validation,Granite (20mm Aggregate),SARIMA,"(1, 1, 1)(0, 1, 1, 12)",2023-12-01,2024-01-01,1,22.3,16.781890303665918,18.70666200625368,20.84522310833449,22.9837842104153,24.908555913003063
RO1_PRICE,validation,Granite (20mm Aggregate),SARIMA,"(1, 1, 1)(0, 1, 1, 12)",2024-01-01,2024-02-01,1,22.2,17.701983426607484,19.622930551335433,21.757242269745504,23.891553988155575,25.812501112883524
RO1_PRICE,validation,Granite (20mm Aggregate),SARIMA,"(1, 1, 1)(0, 1, 1, 12)",2024-02-01,2024-03-01,1,22.4,19.4789665583484,21.39639389540387,23.526794874169433,25.657195852934993,27.574623189990465
RO1_PRICE,validation,Granite (20mm Aggregate),SARIMA,"(1, 1, 1)(0, 1, 1, 12)",2024-03-01,2024-04-01,1,22.3,17.765559813484213,19.679882237279188,21.80683343199228,23.933784626705375,25.84810705050035
RO1_PRICE,validation,Granite (20mm Aggregate),SARIMA,"(1, 1, 1)(0, 1, 1, 12)",2024-04-01,2024-05-01,1,22.1,17.198704447332943,19.10958629245936,21.23271475448195,23.355843216504542,25.266725061630957
RO1_PRICE,validation,Granite (20mm Aggregate),SARIMA,"(1, 1, 1)(0, 1, 1, 12)",2024-05-01,2024-06-01,1,22.2,17.37939255980924,19.28703583622022,21.406566013276375,23.52609619033253,25.43373946674351
RO1_PRICE,validation,Granite (20mm Aggregate),SARIMA,"(1, 1, 1)(0, 1, 1, 12)",2022-04-01,2022-07-01,3,20.7,13.191208269819189,15.98506847225632,19.089249994434137,22.193431516611955,24.987291719049086
RO1_PRICE,validation,Granite (20mm Aggregate),SARIMA,"(1, 1, 1)(0, 1, 1, 12)",2022-05-01,2022-08-01,3,20.5,13.824083940432821,16.612448411852824,19.710523777874602,22.80859914389638,25.596963615316383
RO1_PRICE,validation,Granite (20mm Aggregate),SARIMA,"(1, 1, 1)(0, 1, 1, 12)",2022-06-01,2022-09-01,3,20.8,14.249852843700825,17.03315537345029,20.125606554773658,23.218057736097027,26.00136026584649
RO1_PRICE,validation,Granite (20mm Aggregate),SARIMA,"(1, 1, 1)(0, 1, 1, 12)",2022-07-01,2022-10-01,3,20.4,14.439483520222339,17.217361125872515,20.303784822666223,23.390208519459932,26.168086125110108
RO1_PRICE,validation,Granite (20mm Aggregate),SARIMA,"(1, 1, 1)(0, 1, 1, 12)",2022-08-01,2022-11-01,3,20.5,14.441853853298223,17.21422674385176,20.294534302524845,23.37484186119793,26.147214751751466
RO1_PRICE,validation,Granite (20mm Aggregate),SARIMA,"(1, 1, 1)(0, 1, 1, 12)",2022-09-01,2022-12-01,3,19.3,14.518871932004803,17.286004092666026,20.360488819946095,23.434973547226164,26.202105707887387
RO1_PRICE,validation,Granite (20mm Aggregate),SARIMA,"(1, 1, 1)(0, 1, 1, 12)",2022-10-01,2023-01-01,3,19.0,14.381315400683015,17.142937679464822,20.21130052795348,23.279663376442137,26.041285655223945
RO1_PRICE,validation,Granite (20mm Aggregate),SARIMA,"(1, 1, 1)(0, 1, 1, 12)",2022-11-01,2023-02-01,3,18.5,14.542466813493503,17.298329852307546,20.360293767064967,23.422257681822387,26.17812072063643
RO1_PRICE,validation,Granite (20mm Aggregate),SARIMA,"(1, 1, 1)(0, 1, 1, 12)",2022-12-01,2023-03-01,3,18.3,15.980272803841718,18.731132959819377,21.787538308530877,24.843943657242377,27.594803813220036
RO1_PRICE,validation,Granite (20mm Aggregate),SARIMA,"(1, 1, 1)(0, 1, 1, 12)",2023-01-01,2023-04-01,3,18.6,15.275219144056393,18.02117121848346,21.072123332260226,24.123075446036992,26.86902752046406
RO1_PRICE,validation,Granite (20mm Aggregate),SARIMA,"(1, 1, 1)(0, 1, 1, 12)",2023-02-01,2023-05-01,3,18.3,14.055098684538828,16.796308088792916,19.84199075168452,22.887673414576124,25.628882818830213
RO1_PRICE,validation,Granite (20mm Aggregate),SARIMA,"(1, 1, 1)(0, 1, 1, 12)",2023-03-01,2023-06-01,3,18.5,12.553065239256142,15.29386127411988,18.339084653607745,21.38430803309561,24.12510406795935
RO1_PRICE,validation,Granite (20mm Aggregate),SARIMA,"(1, 1, 1)(0, 1, 1, 12)",2023-04-01,2023-07-01,3,18.5,12.679244178617143,15.41466739213569,18.453921177036413,21.493174961937136,24.228598175455684
RO1_PRICE,validation,Granite (20mm Aggregate),SARIMA,"(1, 1, 1)(0, 1, 1, 12)",2023-05-01,2023-08-01,3,18.5,12.9129308626073,15.643007491258036,18.676320832202777,21.709634173147517,24.439710801798253
RO1_PRICE,validation,Granite (20mm Aggregate),SARIMA,"(1, 1, 1)(0, 1, 1, 12)",2023-06-01,2023-09-01,3,18.6,13.20001180885156,15.924688279961492,18.952001653821128,21.979315027680762,24.703991498790696
RO1_PRICE,validation,Granite (20mm Aggregate),SARIMA,"(1, 1, 1)(0, 1, 1, 12)",2023-07-01,2023-10-01,3,19.5,13.379950386992459,16.09943887313882,19.120988019050614,22.14253716496241,24.86202565110877
RO1_PRICE,validation,Granite (20mm Aggregate),SARIMA,"(1, 1, 1)(0, 1, 1, 12)",2023-08-01,2023-11-01,3,20.3,13.41379655877586,16.12819464724552,19.144087991770128,22.159981336294734,24.874379424764395
RO1_PRICE,validation,Granite (20mm Aggregate),SARIMA,"(1, 1, 1)(0, 1, 1, 12)",2023-09-01,2023-12-01,3,21.2,13.280140323966403,15.989454185572747,18.999698584931842,22.009942984290937,24.71925684589728
RO1_PRICE,validation,Granite (20mm Aggregate),SARIMA,"(1, 1, 1)(0, 1, 1, 12)",2023-10-01,2024-01-01,3,22.3,13.716648484057368,16.42090619770049,19.425532849590635,22.43015950148078,25.134417215123904
RO1_PRICE,validation,Granite (20mm Aggregate),SARIMA,"(1, 1, 1)(0, 1, 1, 12)",2023-11-01,2024-02-01,3,22.2,14.184127446712111,16.883353821691962,19.88239029104659,22.88142676040122,25.58065313538107
RO1_PRICE,validation,Granite (20mm Aggregate),SARIMA,"(1, 1, 1)(0, 1, 1, 12)",2023-12-01,2024-03-01,3,22.4,16.607388903579047,19.302865898334133,22.297736534049992,25.29260716976585,27.988084164520938
RO1_PRICE,validation,Granite (20mm Aggregate),SARIMA,"(1, 1, 1)(0, 1, 1, 12)",2024-01-01,2024-04-01,3,22.3,16.72014022127463,19.41296903777542,22.404897355190155,25.39682567260489,28.08965448910568
RO1_PRICE,validation,Granite (20mm Aggregate),SARIMA,"(1, 1, 1)(0, 1, 1, 12)",2024-02-01,2024-05-01,3,22.1,15.865166224700678,18.553448375539084,21.540325017310067,24.52720165908105,27.215483809919455
RO1_PRICE,validation,Granite (20mm Aggregate),SARIMA,"(1, 1, 1)(0, 1, 1, 12)",2024-03-01,2024-06-01,3,22.2,14.774728616427165,17.457382113364318,20.438004912004654,23.41862771064499,26.101281207582144
RO1_PRICE,validation,Granite (20mm Aggregate),SARIMA,"(1, 1, 1)(0, 1, 1, 12)",2022-01-01,2022-07-01,6,20.7,12.919020326765946,16.097386107855822,19.628781243437405,23.16017637901899,26.338542160108865
RO1_PRICE,validation,Granite (20mm Aggregate),SARIMA,"(1, 1, 1)(0, 1, 1, 12)",2022-02-01,2022-08-01,6,20.5,12.924819489892904,16.096203782216243,19.61984197691457,23.1434801716129,26.31486446393624
RO1_PRICE,validation,Granite (20mm Aggregate),SARIMA,"(1, 1, 1)(0, 1, 1, 12)",2022-03-01,2022-09-01,6,20.8,12.406138863384303,15.571690359540781,19.088847894230422,22.606005428920064,25.771556925076542
RO1_PRICE,validation,Granite (20mm Aggregate),SARIMA,"(1, 1, 1)(0, 1, 1, 12)",2022-04-01,2022-10-01,6,20.4,12.741639301389824,15.900130528281823,19.40944359123545,22.918756654189078,26.077247881081078
RO1_PRICE,validation,Granite (20mm Aggregate),SARIMA,"(1, 1, 1)(0, 1, 1, 12)",2022-05-01,2022-11-01,6,20.5,13.18799430105823,16.340037705500738,19.8421867695941,23.344335833687463,26.49637923812997
RO1_PRICE,validation,Granite (20mm Aggregate),SARIMA,"(1, 1, 1)(0, 1, 1, 12)",2022-06-01,2022-12-01,6,19.3,13.366809524978807,16.513294457692957,20.009267656145063,23.50524085459717,26.65172578731132
RO1_PRICE,validation,Granite (20mm Aggregate),SARIMA,"(1, 1, 1)(0, 1, 1, 12)",2022-07-01,2023-01-01,6,19.0,13.514533397475512,16.6549229229029,20.144123681326256,23.63332443974961,26.773713965177002
RO1_PRICE,validation,Granite (20mm Aggregate),SARIMA,"(1, 1, 1)(0, 1, 1, 12)",2022-08-01,2023-02-01,6,18.5,13.624932865744368,16.759050016886505,20.2412817120978,23.723513407309092,26.857630558451227
RO1_PRICE,validation,Granite (20mm Aggregate),SARIMA,"(1, 1, 1)(0, 1, 1, 12)",2022-09-01,2023-03-01,6,18.3,15.720644600789601,18.849141268044413,22.325128197603682,25.80111512716295,28.929611794417763
RO1_PRICE,validation,Granite (20mm Aggregate),SARIMA,"(1, 1, 1)(0, 1, 1, 12)",2022-10-01,2023-04-01,6,18.6,15.106855819689363,18.22907217369367,21.698081219274098,25.167090264854526,28.28930661885883
RO1_PRICE,validation,Granite (20mm Aggregate),SARIMA,"(1, 1, 1)(0, 1, 1, 12)",2022-11-01,2023-05-01,6,18.3,14.264120912756066,17.380372543048637,20.84275434753994,24.305136152031245,27.421387782323816
RO1_PRICE,validation,Granite (20mm Aggregate),SARIMA,"(1, 1, 1)(0, 1, 1, 12)",2022-12-01,2023-06-01,6,18.5,13.565727527058153,16.676021606145884,20.13178413872395,23.587546671302018,26.69784075038975
RO1_PRICE,validation,Granite (20mm Aggregate),SARIMA,"(1, 1, 1)(0, 1, 1, 12)",2023-01-01,2023-07-01,6,18.5,13.265708977491457,16.37032379047138,19.81977624608282,23.26922870169426,26.373843514674185
RO1_PRICE,validation,Granite (20mm Aggregate),SARIMA,"(1, 1, 1)(0, 1, 1, 12)",2023-02-01,2023-08-01,6,18.5,13.049679865351985,16.14892495538548,19.592411258955742,23.035897562526007,26.1351426525595
RO1_PRICE,validation,Granite (20mm Aggregate),SARIMA,"(1, 1, 1)(0, 1, 1, 12)",2023-03-01,2023-09-01,6,18.6,12.329469912403706,15.429188612494348,18.873201131222707,22.317213649951064,25.41693235004171
RO1_PRICE,validation,Granite (20mm Aggregate),SARIMA,"(1, 1, 1)(0, 1, 1, 12)",2023-04-01,2023-10-01,6,19.5,12.560796966383108,15.6543103437223,19.091428298360654,22.528546252999007,25.6220596303382
RO1_PRICE,validation,Granite (20mm Aggregate),SARIMA,"(1, 1, 1)(0, 1, 1, 12)",2023-05-01,2023-11-01,6,20.3,12.70642642756723,15.79376856546175,19.224029825038425,22.6542910846151,25.74163322250962
RO1_PRICE,validation,Granite (20mm Aggregate),SARIMA,"(1, 1, 1)(0, 1, 1, 12)",2023-06-01,2023-12-01,6,21.2,12.682125485612538,15.763137493879366,19.186365519865422,22.609593545851478,25.690605554118306
RO1_PRICE,validation,Granite (20mm Aggregate),SARIMA,"(1, 1, 1)(0, 1, 1, 12)",2023-07-01,2024-01-01,6,22.3,12.763184808675305,15.838265757125633,19.254903945054206,22.67154213298278,25.746623081433107
RO1_PRICE,validation,Granite (20mm Aggregate),SARIMA,"(1, 1, 1)(0, 1, 1, 12)",2023-08-01,2024-02-01,6,22.2,12.816806236199273,15.886136831967669,19.296385960584793,22.706635089201917,25.775965684970313
RO1_PRICE,validation,Granite (20mm Aggregate),SARIMA,"(1, 1, 1)(0, 1, 1, 12)",2023-09-01,2024-03-01,6,22.4,14.676423551725058,17.74014342396483,21.14415863139706,24.548173838829292,27.611893711069065
RO1_PRICE,validation,Granite (20mm Aggregate),SARIMA,"(1, 1, 1)(0, 1, 1, 12)",2023-10-01,2024-04-01,6,22.3,14.434557470847475,17.492446642937647,20.88998351918854,24.287520395439433,27.345409567529607
RO1_PRICE,validation,Granite (20mm Aggregate),SARIMA,"(1, 1, 1)(0, 1, 1, 12)",2023-11-01,2024-05-01,6,22.1,13.821830156769927,16.874434492997832,20.26609953292095,23.65776457284407,26.710368909071974
RO1_PRICE,validation,Granite (20mm Aggregate),SARIMA,"(1, 1, 1)(0, 1, 1, 12)",2023-12-01,2024-06-01,6,22.2,13.850977831766546,16.899620656503828,20.286884169550852,23.674147682597876,26.72279050733516
RO1_PRICE,validation,Granite (20mm Aggregate),SARIMA,"(1, 1, 1)(0, 1, 1, 12)",2021-07-01,2022-07-01,12,20.7,11.865956972226844,15.366523689366144,19.255907457034816,23.145291224703488,26.645857941842788
RO1_PRICE,validation,Granite (20mm Aggregate),SARIMA,"(1, 1, 1)(0, 1, 1, 12)",2021-08-01,2022-08-01,12,20.5,12.05855074346217,15.553474522255602,19.43658857573859,23.319702629221577,26.81462640801501
RO1_PRICE,validation,Granite (20mm Aggregate),SARIMA,"(1, 1, 1)(0, 1, 1, 12)",2021-09-01,2022-09-01,12,20.8,12.255043989161358,15.744333957185024,19.62118843788205,23.498042918579078,26.987332886602744
RO1_PRICE,validation,Granite (20mm Aggregate),SARIMA,"(1, 1, 1)(0, 1, 1, 12)",2021-10-01,2022-10-01,12,20.4,12.37883877124998,15.860029911425018,19.727886006398567,23.595742101372114,27.076933241547152
RO1_PRICE,validation,Granite (20mm Aggregate),SARIMA,"(1, 1, 1)(0, 1, 1, 12)",2021-11-01,2022-11-01,12,20.5,12.439338108217626,15.912831208963922,19.77213422324616,23.631437237528395,27.10493033827469
RO1_PRICE,validation,Granite (20mm Aggregate),SARIMA,"(1, 1, 1)(0, 1, 1, 12)",2021-12-01,2022-12-01,12,19.3,12.434880745630126,15.901519154401338,19.753206108241205,23.60489306208107,27.071531470852285
RO1_PRICE,validation,Granite (20mm Aggregate),SARIMA,"(1, 1, 1)(0, 1, 1, 12)",2022-01-01,2023-01-01,12,19.0,12.540347261541992,15.999517560127565,19.84290690135832,23.686296242589073,27.145466541174645
RO1_PRICE,validation,Granite (20mm Aggregate),SARIMA,"(1, 1, 1)(0, 1, 1, 12)",2022-02-01,2023-02-01,12,18.5,12.651669967325663,16.10369289400902,19.939140986149482,23.774589078289946,27.2266120049733
RO1_PRICE,validation,Granite (20mm Aggregate),SARIMA,"(1, 1, 1)(0, 1, 1, 12)",2022-03-01,2023-03-01,12,18.3,14.195710116437226,17.640503007522724,21.46791800520557,25.295333002888412,28.74012589397391
RO1_PRICE,validation,Granite (20mm Aggregate),SARIMA,"(1, 1, 1)(0, 1, 1, 12)",2022-04-01,2023-04-01,12,18.6,13.81315224299761,17.250650113161814,21.069959812974698,24.889269512787582,28.326767382951786
RO1_PRICE,validation,Granite (20mm Aggregate),SARIMA,"(1, 1, 1)(0, 1, 1, 12)",2022-05-01,2023-05-01,12,18.3,13.209840062153042,16.640810921626688,20.45286863869433,24.264926355761972,27.695897215235618
RO1_PRICE,validation,Granite (20mm Aggregate),SARIMA,"(1, 1, 1)(0, 1, 1, 12)",2022-06-01,2023-06-01,12,18.5,13.05603911317548,16.481326308844523,20.287069062785122,24.09281181672572,27.518099012394764
RO1_PRICE,validation,Granite (20mm Aggregate),SARIMA,"(1, 1, 1)(0, 1, 1, 12)",2022-07-01,2023-07-01,12,18.5,12.975683230283124,16.394322032426004,20.192677938478482,23.99103384453096,27.40967264667384
RO1_PRICE,validation,Granite (20mm Aggregate),SARIMA,"(1, 1, 1)(0, 1, 1, 12)",2022-08-01,2023-08-01,12,18.5,13.01852565588743,16.43010065141495,20.220608155477766,24.011115659540582,27.422690655068102
RO1_PRICE,validation,Granite (20mm Aggregate),SARIMA,"(1, 1, 1)(0, 1, 1, 12)",2022-09-01,2023-09-01,12,18.6,13.195610517510678,16.600902539823316,20.384429204493756,24.167955869164196,27.573247891476832
RO1_PRICE,validation,Granite (20mm Aggregate),SARIMA,"(1, 1, 1)(0, 1, 1, 12)",2022-10-01,2023-10-01,12,19.5,13.263844516952469,16.661559839295453,20.436668240223,24.211776641150546,27.609491963493532
RO1_PRICE,validation,Granite (20mm Aggregate),SARIMA,"(1, 1, 1)(0, 1, 1, 12)",2022-11-01,2023-11-01,12,20.3,13.374602920818472,16.765505819417125,20.53304512297539,24.300584426533657,27.69148732513231
RO1_PRICE,validation,Granite (20mm Aggregate),SARIMA,"(1, 1, 1)(0, 1, 1, 12)",2022-12-01,2023-12-01,12,21.2,13.004850767683012,16.38820891214206,20.147365446093918,23.906521980045778,27.289880124504826
RO1_PRICE,validation,Granite (20mm Aggregate),SARIMA,"(1, 1, 1)(0, 1, 1, 12)",2023-01-01,2024-01-01,12,22.3,12.958079016842005,16.33470064447718,20.08637241915932,23.838044193841462,27.214665821476636
RO1_PRICE,validation,Granite (20mm Aggregate),SARIMA,"(1, 1, 1)(0, 1, 1, 12)",2023-02-01,2024-02-01,12,22.2,12.854650919367707,16.225547944779976,19.970859270780153,23.71617059678033,27.0870676221926
RO1_PRICE,validation,Granite (20mm Aggregate),SARIMA,"(1, 1, 1)(0, 1, 1, 12)",2023-03-01,2024-03-01,12,22.4,14.11558521621461,17.487037469507648,21.232965693993503,24.978893918479358,28.350346171772394
RO1_PRICE,validation,Granite (20mm Aggregate),SARIMA,"(1, 1, 1)(0, 1, 1, 12)",2023-04-01,2024-04-01,12,22.3,13.665187746548398,17.030060462208116,20.76867834270181,24.507296223195507,27.872168938855225
RO1_PRICE,validation,Granite (20mm Aggregate),SARIMA,"(1, 1, 1)(0, 1, 1, 12)",2023-05-01,2024-05-01,12,22.1,12.821762986499106,16.179959389561752,19.911159402052593,23.642359414543435,27.00055581760608
RO1_PRICE,validation,Granite (20mm Aggregate),SARIMA,"(1, 1, 1)(0, 1, 1, 12)",2023-06-01,2024-06-01,12,22.2,12.529693096573704,15.880833172106328,19.60419309241431,23.32755301272229,26.678693088254917
RO1_PRICE,validation,Ready Mixed Concrete,ETS,ETS_A_N_N,2022-06-01,2022-07-01,1,118.6,110.80325069517988,114.31923104435282,118.525107916788,122.68185764367709,126.54256419318125
RO1_PRICE,validation,Ready Mixed Concrete,ETS,ETS_A_N_N,2022-07-01,2022-08-01,1,118.3,110.6174766653491,114.12720220120869,118.32559695712342,122.47495196306701,126.32879044269403
RO1_PRICE,validation,Ready Mixed Concrete,ETS,ETS_A_N_N,2022-08-01,2022-09-01,1,118.6,110.33160711628783,113.83511982981477,118.02608269955087,122.16809262817041,126.01510914592946
RO1_PRICE,validation,Ready Mixed Concrete,ETS,ETS_A_N_N,2022-09-01,2022-10-01,1,118.5,110.64566253143143,114.14299540949288,118.32656585251478,122.46126970236475,126.30150047933824
RO1_PRICE,validation,Ready Mixed Concrete,ETS,ETS_A_N_N,2022-10-01,2022-11-01,1,118.2,110.55967506809732,114.05084696989115,118.22704754589952,122.35446761316982,126.18793335761598
RO1_PRICE,validation,Ready Mixed Concrete,ETS,ETS_A_N_N,2022-11-01,2022-12-01,1,118.0,110.273582364284,113.75863956023397,117.92752561871484,122.04771660637653,125.87446812532787
RO1_PRICE,validation,Ready Mixed Concrete,ETS,ETS_A_N_N,2022-12-01,2023-01-01,1,117.6,110.0874361903443,113.56640218802694,117.72800184915238,121.84099154891717,125.66105465476332
RO1_PRICE,validation,Ready Mixed Concrete,ETS,ETS_A_N_N,2023-01-01,2023-02-01,1,118.1,109.70117056510199,113.17409788637775,117.3284739777111,121.43432448327903,125.24775684741472
RO1_PRICE,validation,Ready Mixed Concrete,ETS,ETS_A_N_N,2023-02-01,2023-03-01,1,116.8,110.21479806254696,113.68173369161983,117.82894241648341,121.92770927468858,125.73456248790957
RO1_PRICE,validation,Ready Mixed Concrete,ETS,ETS_A_N_N,2023-03-01,2023-04-01,1,117.2,108.92779312708223,112.3890151473409,116.52938915392303,120.62140112742485,124.42198053795651
RO1_PRICE,validation,Ready Mixed Concrete,ETS,ETS_A_N_N,2023-04-01,2023-05-01,1,117.6,109.3413153129517,112.79659193875956,116.92985396104862,121.01483702246747,124.80888811912475
RO1_PRICE,validation,Ready Mixed Concrete,ETS,ETS_A_N_N,2023-05-01,2023-06-01,1,117.3,109.75476765539544,113.20412960638245,117.33031639173427,121.4083068591951,125.1958633735307
RO1_PRICE,validation,Ready Mixed Concrete,ETS,ETS_A_N_N,2023-06-01,2023-07-01,1,116.3,109.46817789203291,112.9116436857062,117.03077738508503,121.10179715081561,124.88287941589572
RO1_PRICE,validation,Ready Mixed Concrete,ETS,ETS_A_N_N,2023-07-01,2023-08-01,1,116.4,108.4811669722013,111.91892178103723,116.03122390098136,120.09549188419174,123.87030322782859
RO1_PRICE,validation,Ready Mixed Concrete,ETS,ETS_A_N_N,2023-08-01,2023-09-01,1,116.6,108.59447175176112,112.02637675845759,116.13168124329475,120.18903332794176,123.95742132241554
RO1_PRICE,validation,Ready Mixed Concrete,ETS,ETS_A_N_N,2023-09-01,2023-10-01,1,116.4,108.80769725333032,112.2337873210847,116.33213587477829,120.3826132776982,124.14461620438743
RO1_PRICE,validation,Ready Mixed Concrete,ETS,ETS_A_N_N,2023-10-01,2023-11-01,1,115.4,108.62085565841932,112.04116029123301,116.13258820698285,120.1762258091299,123.9318760647718
RO1_PRICE,validation,Ready Mixed Concrete,ETS,ETS_A_N_N,2023-11-01,2023-12-01,1,115.4,107.63357831514135,111.04828910382162,115.13302556588505,119.17004987450805,122.91955783453447
RO1_PRICE,validation,Ready Mixed Concrete,ETS,ETS_A_N_N,2023-12-01,2024-01-01,1,118.1,107.64662015948403,111.05559675303738,115.13347387111385,119.1637189569709,122.90693050959906
RO1_PRICE,validation,Ready Mixed Concrete,ETS,ETS_A_N_N,2024-01-01,2024-02-01,1,118.0,110.35680272744631,113.76130227051154,117.83382386289256,121.85877597878232,125.59707152607899
RO1_PRICE,validation,Ready Mixed Concrete,ETS,ETS_A_N_N,2024-02-01,2024-03-01,1,118.0,110.26971504504597,113.668537367707,117.73426777025574,121.75250802145314,125.48456972219186
RO1_PRICE,validation,Ready Mixed Concrete,ETS,ETS_A_N_N,2024-03-01,2024-04-01,1,119.2,110.28256673150938,113.67573847283396,117.73470955166681,121.746269432073,125.47212653716338
RO1_PRICE,validation,Ready Mixed Concrete,ETS,ETS_A_N_N,2024-04-01,2024-05-01,1,120.4,111.49480552689512,114.88259615329707,118.93513024882704,122.94032833372711,126.66027672956369
RO1_PRICE,validation,Ready Mixed Concrete,ETS,ETS_A_N_N,2024-05-01,2024-06-01,1,120.0,112.70698283423975,116.08941938840945,120.13554884957324,124.1344171100491,127.84848649073744
RO1_PRICE,validation,Ready Mixed Concrete,ETS,ETS_A_N_N,2022-04-01,2022-07-01,3,118.6,103.73865778767124,109.53355494024015,116.4538100055175,123.76074141692658,130.3821838913995
RO1_PRICE,validation,Ready Mixed Concrete,ETS,ETS_A_N_N,2022-05-01,2022-08-01,3,118.3,104.86130453448474,110.64615407417801,117.55441029943003,124.84867242332662,131.4586341607113
RO1_PRICE,validation,Ready Mixed Concrete,ETS,ETS_A_N_N,2022-06-01,2022-09-01,3,118.6,105.78408640065203,111.55882836084969,118.45501413405387,125.73653135702034,132.33494383745975
RO1_PRICE,validation,Ready Mixed Concrete,ETS,ETS_A_N_N,2022-07-01,2022-10-01,3,118.5,105.6072412988964,111.37171018322137,118.25562786892165,125.52419151241821,132.11086563424038
RO1_PRICE,validation,Ready Mixed Concrete,ETS,ETS_A_N_N,2022-08-01,2022-11-01,3,118.2,105.33024073456299,111.08450551014656,117.95623746875883,125.211934495174,131.78694906252
RO1_PRICE,validation,Ready Mixed Concrete,ETS,ETS_A_N_N,2022-09-01,2022-12-01,3,118.0,105.65311804472141,111.39723289009326,118.25684382151383,125.49974254591697,132.06315946497912
RO1_PRICE,validation,Ready Mixed Concrete,ETS,ETS_A_N_N,2022-10-01,2023-01-01,3,117.6,105.57592555434812,111.30992144436897,118.15744833871699,125.38758781808811,131.93944248177374
RO1_PRICE,validation,Ready Mixed Concrete,ETS,ETS_A_N_N,2022-11-01,2023-02-01,3,118.1,105.29856177111884,111.02251470159385,117.85804831291408,125.07552437227324,131.61590361592025
RO1_PRICE,validation,Ready Mixed Concrete,ETS,ETS_A_N_N,2022-12-01,2023-03-01,3,116.8,105.12111096001344,110.83505954042701,117.6586459760917,124.86350729910782,131.3924552391989
RO1_PRICE,validation,Ready Mixed Concrete,ETS,ETS_A_N_N,2023-01-01,2023-04-01,3,117.2,104.7434657211208,110.44749621480811,117.2592384903267,124.4515938486064,130.96920905250118
RO1_PRICE,validation,Ready Mixed Concrete,ETS,ETS_A_N_N,2023-02-01,2023-05-01,3,117.6,105.26564653359655,110.9598361086949,117.75982637810891,124.93977307489527,131.44614371747736
RO1_PRICE,validation,Ready Mixed Concrete,ETS,ETS_A_N_N,2023-03-01,2023-06-01,3,117.3,103.98679794103055,109.67160332927722,116.46038702075137,123.62850096056695,130.12414891872996
RO1_PRICE,validation,Ready Mixed Concrete,ETS,ETS_A_N_N,2023-04-01,2023-07-01,3,116.3,104.40880735054208,110.0838478608897,116.86097035390539,124.01677151384406,130.50126179731913
RO1_PRICE,validation,Ready Mixed Concrete,ETS,ETS_A_N_N,2023-05-01,2023-08-01,3,116.4,104.83070306346184,110.49602915066804,117.26155069819997,124.40510269793316,130.87849295800655
RO1_PRICE,validation,Ready Mixed Concrete,ETS,ETS_A_N_N,2023-06-01,2023-09-01,3,116.6,104.55253023629493,110.2081723140181,116.96212923599884,124.09347042487262,130.55579541320333
RO1_PRICE,validation,Ready Mixed Concrete,ETS,ETS_A_N_N,2023-07-01,2023-10-01,3,116.4,103.57367191355871,109.2199341141213,115.962689604787,123.08220347088778,129.53381069919593
RO1_PRICE,validation,Ready Mixed Concrete,ETS,ETS_A_N_N,2023-08-01,2023-11-01,3,115.4,103.69532745595357,109.33198178203482,116.06326356742233,123.17066262320009,129.611291574154
RO1_PRICE,validation,Ready Mixed Concrete,ETS,ETS_A_N_N,2023-09-01,2023-12-01,3,115.4,103.91685395212863,109.54395766399423,116.26383412420302,123.35919057056545,129.78890667165166
RO1_PRICE,validation,Ready Mixed Concrete,ETS,ETS_A_N_N,2023-10-01,2024-01-01,3,118.1,103.73827123400271,109.35587278982874,116.06440179351969,123.14777673259844,129.56663535374275
RO1_PRICE,validation,Ready Mixed Concrete,ETS,ETS_A_N_N,2023-11-01,2024-02-01,3,118.0,102.75897926605549,108.36739333980594,115.06495067002336,122.13674088212554,128.5451015802788
RO1_PRICE,validation,Ready Mixed Concrete,ETS,ETS_A_N_N,2023-12-01,2024-03-01,3,118.0,102.78020684085759,108.3792029162352,115.06551329085904,122.12542811219392,128.52302749175797
RO1_PRICE,validation,Ready Mixed Concrete,ETS,ETS_A_N_N,2024-01-01,2024-04-01,3,119.2,105.49678052871336,111.08842337433876,117.76595253609568,124.81659548529254,131.20579281965655
RO1_PRICE,validation,Ready Mixed Concrete,ETS,ETS_A_N_N,2024-02-01,2024-05-01,3,120.4,105.41779724369731,111.00011566778744,117.66650962323067,124.70539517504572,131.08393811483148
RO1_PRICE,validation,Ready Mixed Concrete,ETS,ETS_A_N_N,2024-03-01,2024-06-01,3,120.0,105.43871529950029,111.01175305478614,117.66706405334314,124.69424737669416,131.06218591522924
RO1_PRICE,validation,Ready Mixed Concrete,ETS,ETS_A_N_N,2022-01-01,2022-07-01,6,118.6,86.75852700699787,95.62964780876742,105.31231223750159,115.08637467629062,123.43014788112086
RO1_PRICE,validation,Ready Mixed Concrete,ETS,ETS_A_N_N,2022-02-01,2022-08-01,6,118.3,87.19199941598478,96.04710543341166,105.7122900209675,115.46870762032677,123.79741804656729
RO1_PRICE,validation,Ready Mixed Concrete,ETS,ETS_A_N_N,2022-03-01,2022-09-01,6,118.6,94.18033914367693,103.04102394181345,112.71229766542551,122.47486187829699,130.80881945222504
RO1_PRICE,validation,Ready Mixed Concrete,ETS,ETS_A_N_N,2022-04-01,2022-10-01,6,118.5,98.29825953549754,107.15037038821423,116.81228580883553,126.56540338246572,134.8912966928523
RO1_PRICE,validation,Ready Mixed Concrete,ETS,ETS_A_N_N,2022-05-01,2022-11-01,6,118.2,99.43033923928824,108.26710166033494,117.9122645514069,127.64847146258167,135.95992873542963
RO1_PRICE,validation,Ready Mixed Concrete,ETS,ETS_A_N_N,2022-06-01,2022-12-01,6,118.0,100.36261036063539,109.18393274680447,118.81224312511861,128.53143844685354,136.8283735243474
RO1_PRICE,validation,Ready Mixed Concrete,ETS,ETS_A_N_N,2022-07-01,2023-01-01,6,117.6,100.19540988630808,109.00103943030432,118.61222136136942,128.31412655453244,136.59630165761544
RO1_PRICE,validation,Ready Mixed Concrete,ETS,ETS_A_N_N,2022-08-01,2023-02-01,6,118.1,99.92798920128918,108.71803125523101,118.31219972893759,127.99693086884847,136.264445086937
RO1_PRICE,validation,Ready Mixed Concrete,ETS,ETS_A_N_N,2022-09-01,2023-03-01,6,116.8,100.26039552656717,109.03493285194945,118.61217820093984,128.27982647292185,136.53275764771814
RO1_PRICE,validation,Ready Mixed Concrete,ETS,ETS_A_N_N,2022-10-01,2023-04-01,6,117.2,100.1927029713189,108.95178288440849,118.51215675351366,128.16277428989116,136.40116692492612
RO1_PRICE,validation,Ready Mixed Concrete,ETS,ETS_A_N_N,2022-11-01,2023-05-01,6,117.6,99.92476777640128,108.66850636610779,118.21213546422734,127.845850169949,136.06981345317706
RO1_PRICE,validation,Ready Mixed Concrete,ETS,ETS_A_N_N,2022-12-01,2023-06-01,6,117.3,99.75670930603215,108.48516555104439,118.0121142523274,127.62899110919201,135.83858051328843
RO1_PRICE,validation,Ready Mixed Concrete,ETS,ETS_A_N_N,2023-01-01,2023-07-01,6,116.3,99.38837542164151,108.10168109523964,117.61209322778629,127.21227742153715,135.40761688646262
RO1_PRICE,validation,Ready Mixed Concrete,ETS,ETS_A_N_N,2023-02-01,2023-08-01,6,116.4,99.91979514119049,108.61806812310336,118.11207235045953,127.6956937591421,135.87689415721428
RO1_PRICE,validation,Ready Mixed Concrete,ETS,ETS_A_N_N,2023-03-01,2023-09-01,6,116.6,98.64975666421442,107.33369464412696,116.81205248169141,126.37987980891104,134.54759735535103
RO1_PRICE,validation,Ready Mixed Concrete,ETS,ETS_A_N_N,2023-04-01,2023-10-01,6,116.4,99.08093359184674,107.74995503754835,117.21203175365903,126.76342427630247,134.9171120083324
RO1_PRICE,validation,Ready Mixed Concrete,ETS,ETS_A_N_N,2023-05-01,2023-11-01,6,115.4,99.51194945466536,108.16613143932832,117.61201115792866,127.14705379401433,135.2867842031585
RO1_PRICE,validation,Ready Mixed Concrete,ETS,ETS_A_N_N,2023-06-01,2023-12-01,6,115.4,99.24286822427369,107.88225720688929,117.31199063710969,126.83073457442896,134.956551357904
RO1_PRICE,validation,Ready Mixed Concrete,ETS,ETS_A_N_N,2023-07-01,2024-01-01,6,118.1,98.27281597107878,106.89787653504871,116.31197076108735,125.81492787038106,133.92726799422823
RO1_PRICE,validation,Ready Mixed Concrete,ETS,ETS_A_N_N,2023-08-01,2024-02-01,6,118.0,98.40349163275432,107.01387549621887,116.41195037486153,125.89873692461259,133.9972728107373
RO1_PRICE,validation,Ready Mixed Concrete,ETS,ETS_A_N_N,2023-09-01,2024-03-01,6,118.0,98.63398449080223,107.2297791228236,116.61193012493543,126.08264248719131,134.16745640501966
RO1_PRICE,validation,Ready Mixed Concrete,ETS,ETS_A_N_N,2023-10-01,2024-04-01,6,119.2,98.46432264076914,107.04560206460168,116.41190998519703,125.86662971762411,133.93779129006631
RO1_PRICE,validation,Ready Mixed Concrete,ETS,ETS_A_N_N,2023-11-01,2024-05-01,6,120.4,97.49365611691695,106.06090101905755,115.4118905185652,124.85114723404315,132.90910857298016
RO1_PRICE,validation,Ready Mixed Concrete,ETS,ETS_A_N_N,2023-12-01,2024-06-01,6,120.0,97.52372555043328,106.07658380110932,115.4118705363894,124.83527626383076,132.87970617199605
RO1_PRICE,validation,Ready Mixed Concrete,ETS,ETS_A_N_N,2021-07-01,2022-07-01,12,118.6,76.1118296428858,88.09573113000239,102.88699110736503,116.45747495944346,130.071316686933
RO1_PRICE,validation,Ready Mixed Concrete,ETS,ETS_A_N_N,2021-08-01,2022-08-01,12,118.3,77.95699011902157,89.92061301608602,104.68684392442992,118.23436444698328,131.82516947680614
RO1_PRICE,validation,Ready Mixed Concrete,ETS,ETS_A_N_N,2021-09-01,2022-09-01,12,118.6,77.50586067054122,89.44753903347356,104.18668466330614,117.70935535324011,131.27523115489973
RO1_PRICE,validation,Ready Mixed Concrete,ETS,ETS_A_N_N,2021-10-01,2022-10-01,12,118.5,76.4531892790575,88.37361548164202,103.08653040279242,116.58513529920069,130.12686841680593
RO1_PRICE,validation,Ready Mixed Concrete,ETS,ETS_A_N_N,2021-11-01,2022-11-01,12,118.2,77.69995065909843,89.59937938692153,104.2863779478283,117.76120545483704,131.27908521396918
RO1_PRICE,validation,Ready Mixed Concrete,ETS,ETS_A_N_N,2021-12-01,2022-12-01,12,118.0,77.74835263395651,89.62604722723856,104.28622019760407,117.73643612697714,131.22962567415746
RO1_PRICE,validation,Ready Mixed Concrete,ETS,ETS_A_N_N,2022-01-01,2023-01-01,12,117.6,78.89489659898517,90.75169135231353,105.38606846925248,118.81261757018014,132.2820646730851
RO1_PRICE,validation,Ready Mixed Concrete,ETS,ETS_A_N_N,2022-02-01,2023-02-01,12,118.1,79.34256499830397,91.17795501425888,105.7859131026721,119.18822363294757,132.63335472264652
RO1_PRICE,validation,Ready Mixed Concrete,ETS,ETS_A_N_N,2022-03-01,2023-03-01,12,116.8,86.32595952565353,98.1688059227497,112.78596713020302,126.19672121285421,139.65032283219045
RO1_PRICE,validation,Ready Mixed Concrete,ETS,ETS_A_N_N,2022-04-01,2023-04-01,12,117.2,90.45148012261468,102.2828669180054,116.88588398815547,130.28366130025648,143.7242446880889
RO1_PRICE,validation,Ready Mixed Concrete,ETS,ETS_A_N_N,2022-05-01,2023-05-01,12,117.6,91.5971651415276,103.40803782058929,117.98573512086688,131.36028239518077,144.77756152494808
RO1_PRICE,validation,Ready Mixed Concrete,ETS,ETS_A_N_N,2022-06-01,2023-06-01,12,117.3,92.54312277785715,104.33335890730818,118.88558532311163,132.23676391707085,145.63059970324068
RO1_PRICE,validation,Ready Mixed Concrete,ETS,ETS_A_N_N,2022-07-01,2023-07-01,12,116.3,92.38983291456269,104.1590946020128,118.6854330860063,132.01286037269827,145.38286896586004
RO1_PRICE,validation,Ready Mixed Concrete,ETS,ETS_A_N_N,2022-08-01,2023-08-01,12,116.4,92.13622945326507,103.8846575082549,118.38528185613637,131.68911728727232,145.03545864858742
RO1_PRICE,validation,Ready Mixed Concrete,ETS,ETS_A_N_N,2022-09-01,2023-09-01,12,116.6,92.48237963996637,104.21008467828841,118.68513141879575,131.96550025490353,145.28830004510885
RO1_PRICE,validation,Ready Mixed Concrete,ETS,ETS_A_N_N,2022-10-01,2023-10-01,12,116.4,92.42838900356803,104.13543426630285,118.58498145542342,131.8419553102477,145.14128537189492
RO1_PRICE,validation,Ready Mixed Concrete,ETS,ETS_A_N_N,2022-11-01,2023-11-01,12,115.4,92.17405282277166,103.86059346983701,118.28483261537684,131.51858719089253,144.79462378732669
RO1_PRICE,validation,Ready Mixed Concrete,ETS,ETS_A_N_N,2022-12-01,2023-12-01,12,115.4,92.01954108602598,103.68565594604163,118.08468434307694,131.29530890424616,144.54814158563198
RO1_PRICE,validation,Ready Mixed Concrete,ETS,ETS_A_N_N,2023-01-01,2024-01-01,12,118.1,91.66463712742869,103.31050232343145,117.68453735372469,130.8722313410076,144.10206018502024
RO1_PRICE,validation,Ready Mixed Concrete,ETS,ETS_A_N_N,2023-02-01,2024-02-01,12,118.0,92.2093822806057,103.83515536605276,118.1843914916619,131.34933331746024,144.55633730653147
RO1_PRICE,validation,Ready Mixed Concrete,ETS,ETS_A_N_N,2023-03-01,2024-03-01,12,118.0,90.95205078397031,102.55866426373693,116.88425243888611,130.02749806501365,143.21273653476916
RO1_PRICE,validation,Ready Mixed Concrete,ETS,ETS_A_N_N,2023-04-01,2024-04-01,12,119.2,91.39645017972424,102.98312680049375,117.28410769187363,130.404776962265,143.5673669445291
RO1_PRICE,validation,Ready Mixed Concrete,ETS,ETS_A_N_N,2023-05-01,2024-05-01,12,120.4,91.84062019066783,103.40746296544245,117.68396371796456,130.78217328380242,143.92223180245986
RO1_PRICE,validation,Ready Mixed Concrete,ETS,ETS_A_N_N,2023-06-01,2024-06-01,12,120.0,91.58465192574306,103.13172294980195,117.38382020523605,130.45964038276801,143.57723797872777
RO1_PRICE,validation,Ready Mixed Concrete,SARIMA,"(0, 1, 1)(0, 1, 1, 12)",2022-06-01,2022-07-01,1,118.6,110.59615837585045,114.32054596387788,118.45861096874037,122.59667597360287,126.3210635616303
RO1_PRICE,validation,Ready Mixed Concrete,SARIMA,"(0, 1, 1)(0, 1, 1, 12)",2022-07-01,2022-08-01,1,118.3,110.34272898252078,114.0598391163459,118.1898183412386,122.31979756613131,126.03690769995643
RO1_PRICE,validation,Ready Mixed Concrete,SARIMA,"(0, 1, 1)(0, 1, 1, 12)",2022-08-01,2022-09-01,1,118.6,110.32354058813189,114.03342112169314,118.1553677358159,122.27731434993866,125.98719488349991
RO1_PRICE,validation,Ready Mixed Concrete,SARIMA,"(0, 1, 1)(0, 1, 1, 12)",2022-09-01,2022-10-01,1,118.5,110.6552330192833,114.35794441393662,118.47192559424542,122.58590677455422,126.28861816920754
RO1_PRICE,validation,Ready Mixed Concrete,SARIMA,"(0, 1, 1)(0, 1, 1, 12)",2022-10-01,2022-11-01,1,118.2,110.64126811691499,114.33683361638585,118.44287518834723,122.54891676030861,126.24448225977947
RO1_PRICE,validation,Ready Mixed Concrete,SARIMA,"(0, 1, 1)(0, 1, 1, 12)",2022-11-01,2022-12-01,1,118.0,110.25235980420844,113.94081700560707,118.03896074234007,122.13710447907306,125.8255616804717
RO1_PRICE,validation,Ready Mixed Concrete,SARIMA,"(0, 1, 1)(0, 1, 1, 12)",2022-12-01,2023-01-01,1,117.6,110.34389689425488,114.02528584118049,118.11557623403104,122.20586662688159,125.8872555738072
RO1_PRICE,validation,Ready Mixed Concrete,SARIMA,"(0, 1, 1)(0, 1, 1, 12)",2023-01-01,2023-02-01,1,118.1,111.17103810717867,114.84528054746669,118.92763065259876,123.00998075773084,126.68422319801886
RO1_PRICE,validation,Ready Mixed Concrete,SARIMA,"(0, 1, 1)(0, 1, 1, 12)",2023-02-01,2023-03-01,1,116.8,113.81235016397004,117.47685968769514,121.54839581590556,125.61993194411599,129.28444146784108
RO1_PRICE,validation,Ready Mixed Concrete,SARIMA,"(0, 1, 1)(0, 1, 1, 12)",2023-03-01,2023-04-01,1,117.2,107.83950147430075,111.5012232137834,115.56966191130432,119.63810060882524,123.2998223483079
RO1_PRICE,validation,Ready Mixed Concrete,SARIMA,"(0, 1, 1)(0, 1, 1, 12)",2023-04-01,2023-05-01,1,117.6,109.14852758107553,112.80383041739539,116.86513724748315,120.9264440775709,124.58174691389077
RO1_PRICE,validation,Ready Mixed Concrete,SARIMA,"(0, 1, 1)(0, 1, 1, 12)",2023-05-01,2023-06-01,1,117.3,109.3912614988378,113.03978994031876,117.09356992591209,121.14734991150543,124.79587835298638
RO1_PRICE,validation,Ready Mixed Concrete,SARIMA,"(0, 1, 1)(0, 1, 1, 12)",2023-06-01,2023-07-01,1,116.3,109.0200413423958,112.6617404789965,116.70793261105298,120.75412474310946,124.39582387971016
RO1_PRICE,validation,Ready Mixed Concrete,SARIMA,"(0, 1, 1)(0, 1, 1, 12)",2023-07-01,2023-08-01,1,116.4,108.09790228472163,111.73283313403451,115.77150520752923,119.81017728102395,123.44510813033683
RO1_PRICE,validation,Ready Mixed Concrete,SARIMA,"(0, 1, 1)(0, 1, 1, 12)",2023-08-01,2023-09-01,1,116.6,108.73261616940114,112.36085862167955,116.39209940048416,120.42334017928876,124.05158263156717
RO1_PRICE,validation,Ready Mixed Concrete,SARIMA,"(0, 1, 1)(0, 1, 1, 12)",2023-09-01,2023-10-01,1,116.4,108.77838112591044,112.39990146208426,116.42367348186373,120.4474455016432,124.06896583781702
RO1_PRICE,validation,Ready Mixed Concrete,SARIMA,"(0, 1, 1)(0, 1, 1, 12)",2023-10-01,2023-11-01,1,115.4,108.690135463503,112.30496993712305,116.32131347820444,120.33765701928584,123.95249149290589
RO1_PRICE,validation,Ready Mixed Concrete,SARIMA,"(0, 1, 1)(0, 1, 1, 12)",2023-11-01,2023-12-01,1,115.4,107.4642016966764,111.07254630799535,115.08167914088921,119.09081197378306,122.69915658510202
RO1_PRICE,validation,Ready Mixed Concrete,SARIMA,"(0, 1, 1)(0, 1, 1, 12)",2023-12-01,2024-01-01,1,118.1,107.97095946744612,111.57270647779467,115.57450889701744,119.57631131624021,123.17805832658875
RO1_PRICE,validation,Ready Mixed Concrete,SARIMA,"(0, 1, 1)(0, 1, 1, 12)",2024-01-01,2024-02-01,1,118.0,112.48628995798916,116.08250434419813,120.07815961632737,124.07381488845661,127.67002927466558
RO1_PRICE,validation,Ready Mixed Concrete,SARIMA,"(0, 1, 1)(0, 1, 1, 12)",2024-02-01,2024-03-01,1,118.0,113.39540932572385,116.98329698304775,120.96970065485617,124.95610432666459,128.5439919839885
RO1_PRICE,validation,Ready Mixed Concrete,SARIMA,"(0, 1, 1)(0, 1, 1, 12)",2024-03-01,2024-04-01,1,119.2,109.63204394219491,113.21493794672048,117.19579330772534,121.1766486687302,124.75954267325577
RO1_PRICE,validation,Ready Mixed Concrete,SARIMA,"(0, 1, 1)(0, 1, 1, 12)",2024-04-01,2024-05-01,1,120.4,111.44276419958166,115.01992375560681,118.99440772800054,122.96889170039427,126.54605125641942
RO1_PRICE,validation,Ready Mixed Concrete,SARIMA,"(0, 1, 1)(0, 1, 1, 12)",2024-05-01,2024-06-01,1,120.0,112.52160108284389,116.09268841360789,120.06042570288635,124.02816299216481,127.59925032292881
RO1_PRICE,validation,Ready Mixed Concrete,SARIMA,"(0, 1, 1)(0, 1, 1, 12)",2022-04-01,2022-07-01,3,118.6,99.63279799538412,107.1152735046533,115.42884703126003,123.74242055786677,131.22489606713594
RO1_PRICE,validation,Ready Mixed Concrete,SARIMA,"(0, 1, 1)(0, 1, 1, 12)",2022-05-01,2022-08-01,3,118.3,100.53309762604424,108.00251578256128,116.30158164228246,124.60064750200364,132.0700656585207
RO1_PRICE,validation,Ready Mixed Concrete,SARIMA,"(0, 1, 1)(0, 1, 1, 12)",2022-06-01,2022-09-01,3,118.6,102.10712226492612,109.56292948580854,117.846872607871,126.13081572993347,133.5866229508159
RO1_PRICE,validation,Ready Mixed Concrete,SARIMA,"(0, 1, 1)(0, 1, 1, 12)",2022-07-01,2022-10-01,3,118.5,102.0823940554656,109.52371269854103,117.79155795877354,126.05940321900604,133.5007218620815
RO1_PRICE,validation,Ready Mixed Concrete,SARIMA,"(0, 1, 1)(0, 1, 1, 12)",2022-08-01,2022-11-01,3,118.2,102.18470601055627,109.6114937690066,117.8631941614627,126.1148945539188,133.54168231236912
RO1_PRICE,validation,Ready Mixed Concrete,SARIMA,"(0, 1, 1)(0, 1, 1, 12)",2022-09-01,2022-12-01,3,118.0,102.6540712033792,110.066558746155,118.30237056078556,126.53818237541613,133.95066991819192
RO1_PRICE,validation,Ready Mixed Concrete,SARIMA,"(0, 1, 1)(0, 1, 1, 12)",2022-10-01,2023-01-01,3,117.6,102.84309661471225,110.24127651896667,118.46119150844997,126.68110649793327,134.07928640218768
RO1_PRICE,validation,Ready Mixed Concrete,SARIMA,"(0, 1, 1)(0, 1, 1, 12)",2022-11-01,2023-02-01,3,118.1,104.01981055749087,111.40366162120038,119.60765622854899,127.8116508358976,135.1955018996071
RO1_PRICE,validation,Ready Mixed Concrete,SARIMA,"(0, 1, 1)(0, 1, 1, 12)",2022-12-01,2023-03-01,3,116.8,107.6423240408717,115.00965343904132,123.19529127648433,131.38092911392732,138.74825851209695
RO1_PRICE,validation,Ready Mixed Concrete,SARIMA,"(0, 1, 1)(0, 1, 1, 12)",2023-01-01,2023-04-01,3,117.2,106.89056346221358,114.24147795369362,122.40887763806452,130.57627732243543,137.92719181391547
RO1_PRICE,validation,Ready Mixed Concrete,SARIMA,"(0, 1, 1)(0, 1, 1, 12)",2023-02-01,2023-05-01,3,117.6,105.20489483480263,112.54089769111076,120.69172946620485,128.84256124129894,136.17856409760705
RO1_PRICE,validation,Ready Mixed Concrete,SARIMA,"(0, 1, 1)(0, 1, 1, 12)",2023-03-01,2023-06-01,3,117.3,98.71615688718144,106.04821474194728,114.19466333391652,122.34111192588577,129.67316978065162
RO1_PRICE,validation,Ready Mixed Concrete,SARIMA,"(0, 1, 1)(0, 1, 1, 12)",2023-04-01,2023-07-01,3,116.3,100.10924728750555,107.42526349487633,115.55388865194872,123.68251380902112,130.9985300163919
RO1_PRICE,validation,Ready Mixed Concrete,SARIMA,"(0, 1, 1)(0, 1, 1, 12)",2023-05-01,2023-08-01,3,116.4,100.60079999986048,107.90408793353077,116.01857105443548,124.13305417534019,131.43634210901047
RO1_PRICE,validation,Ready Mixed Concrete,SARIMA,"(0, 1, 1)(0, 1, 1, 12)",2023-06-01,2023-09-01,3,116.6,100.73276938406207,108.02238789331831,116.12168329128403,124.22097868924975,131.510597198506
RO1_PRICE,validation,Ready Mixed Concrete,SARIMA,"(0, 1, 1)(0, 1, 1, 12)",2023-07-01,2023-10-01,3,116.4,100.03795066706869,107.31397785099126,115.39817229976639,123.48236674854151,130.7583939324641
RO1_PRICE,validation,Ready Mixed Concrete,SARIMA,"(0, 1, 1)(0, 1, 1, 12)",2023-08-01,2023-11-01,3,115.4,100.76375885516877,108.02626331974236,116.09543304555669,124.16460277137102,131.4271072359446
RO1_PRICE,validation,Ready Mixed Concrete,SARIMA,"(0, 1, 1)(0, 1, 1, 12)",2023-09-01,2023-12-01,3,115.4,100.93698707305445,108.18608046227166,116.2403495097065,124.29461855714135,131.54371194635854
RO1_PRICE,validation,Ready Mixed Concrete,SARIMA,"(0, 1, 1)(0, 1, 1, 12)",2023-10-01,2024-01-01,3,118.1,101.03861369643755,108.27439077103719,116.31386442615309,124.35333808126899,131.58911515586863
RO1_PRICE,validation,Ready Mixed Concrete,SARIMA,"(0, 1, 1)(0, 1, 1, 12)",2023-11-01,2024-02-01,3,118.0,101.34344372153924,108.56614973893784,116.59110050053047,124.61605126212311,131.8387572795217
RO1_PRICE,validation,Ready Mixed Concrete,SARIMA,"(0, 1, 1)(0, 1, 1, 12)",2023-12-01,2024-03-01,3,118.0,105.20439813360292,112.41163140847473,120.41939082978232,128.4271502510899,135.6343835259617
RO1_PRICE,validation,Ready Mixed Concrete,SARIMA,"(0, 1, 1)(0, 1, 1, 12)",2024-01-01,2024-04-01,3,119.2,108.19537505579741,115.39019247411973,123.3841569773962,131.3781214806727,138.57293889899498
RO1_PRICE,validation,Ready Mixed Concrete,SARIMA,"(0, 1, 1)(0, 1, 1, 12)",2024-02-01,2024-05-01,3,120.4,105.02147782554266,112.20163026872372,120.17930091992523,128.15697157112672,135.3371240143078
RO1_PRICE,validation,Ready Mixed Concrete,SARIMA,"(0, 1, 1)(0, 1, 1, 12)",2024-03-01,2024-06-01,3,120.0,100.73591448815353,107.90946222295851,115.87979456364522,123.85012690433193,131.0236746391369
RO1_PRICE,validation,Ready Mixed Concrete,SARIMA,"(0, 1, 1)(0, 1, 1, 12)",2022-01-01,2022-07-01,6,118.6,84.88235390864905,95.83521988288499,108.00464917016816,120.17407845745134,131.1269444316873
RO1_PRICE,validation,Ready Mixed Concrete,SARIMA,"(0, 1, 1)(0, 1, 1, 12)",2022-02-01,2022-08-01,6,118.3,82.85452447344903,93.78450500449667,105.92850690288974,118.07250880128281,129.00248933233044
RO1_PRICE,validation,Ready Mixed Concrete,SARIMA,"(0, 1, 1)(0, 1, 1, 12)",2022-03-01,2022-09-01,6,118.6,87.38884603567092,98.3008461668897,110.42487053567645,122.5488949044632,133.46089503568197
RO1_PRICE,validation,Ready Mixed Concrete,SARIMA,"(0, 1, 1)(0, 1, 1, 12)",2022-04-01,2022-10-01,6,118.5,91.55892901565664,102.46783107314889,114.58841325710196,126.70899544105504,137.61789749854728
RO1_PRICE,validation,Ready Mixed Concrete,SARIMA,"(0, 1, 1)(0, 1, 1, 12)",2022-05-01,2022-11-01,6,118.2,92.84985908831199,103.74005017641143,115.8398431149325,127.93963605345358,138.82982714155304
RO1_PRICE,validation,Ready Mixed Concrete,SARIMA,"(0, 1, 1)(0, 1, 1, 12)",2022-06-01,2022-12-01,6,118.0,94.50037374197626,105.37079502353708,117.44862227168443,129.52644951983177,140.3968708013926
RO1_PRICE,validation,Ready Mixed Concrete,SARIMA,"(0, 1, 1)(0, 1, 1, 12)",2022-07-01,2023-01-01,6,117.6,94.84269930075172,105.69201706706271,117.74639677762947,129.80077648819622,140.65009425450722
RO1_PRICE,validation,Ready Mixed Concrete,SARIMA,"(0, 1, 1)(0, 1, 1, 12)",2022-08-01,2023-02-01,6,118.1,96.4669930376459,107.29505356325524,119.32581493610381,131.35657630895238,142.18463683456173
RO1_PRICE,validation,Ready Mixed Concrete,SARIMA,"(0, 1, 1)(0, 1, 1, 12)",2022-09-01,2023-03-01,6,116.8,100.6951401821043,111.5007085618292,123.50647952764608,135.51225049346297,146.31781887318786
RO1_PRICE,validation,Ready Mixed Concrete,SARIMA,"(0, 1, 1)(0, 1, 1, 12)",2022-10-01,2023-04-01,6,117.2,100.62292263640592,111.40598025032958,123.38674012103536,135.36749999174114,146.1505576056648
RO1_PRICE,validation,Ready Mixed Concrete,SARIMA,"(0, 1, 1)(0, 1, 1, 12)",2022-11-01,2023-05-01,6,117.6,99.66991625394022,110.4305540503305,122.38640387605369,134.34225370177688,145.10289149816717
RO1_PRICE,validation,Ready Mixed Concrete,SARIMA,"(0, 1, 1)(0, 1, 1, 12)",2022-12-01,2023-06-01,6,117.3,98.99654256689432,109.73496202911893,121.66612567250901,133.59728931589908,144.3357087781237
RO1_PRICE,validation,Ready Mixed Concrete,SARIMA,"(0, 1, 1)(0, 1, 1, 12)",2023-01-01,2023-07-01,6,116.3,97.77217471649155,108.48850678764951,120.39512973599605,132.3017526843426,143.01808475550055
RO1_PRICE,validation,Ready Mixed Concrete,SARIMA,"(0, 1, 1)(0, 1, 1, 12)",2023-02-01,2023-08-01,6,116.4,96.36469385381189,107.06045935336543,118.94423134750417,130.8280033416429,141.52376884119647
RO1_PRICE,validation,Ready Mixed Concrete,SARIMA,"(0, 1, 1)(0, 1, 1, 12)",2023-03-01,2023-09-01,6,116.6,90.40138311292591,101.09181676849839,112.9696646968765,124.84751262525462,135.5379462808271
RO1_PRICE,validation,Ready Mixed Concrete,SARIMA,"(0, 1, 1)(0, 1, 1, 12)",2023-04-01,2023-10-01,6,116.4,92.22712899593373,102.893354877458,114.74430621135801,126.59525754525802,137.2614834267823
RO1_PRICE,validation,Ready Mixed Concrete,SARIMA,"(0, 1, 1)(0, 1, 1, 12)",2023-05-01,2023-11-01,6,115.4,93.09345240505687,103.7413346757448,115.57190492623967,127.40247517673454,138.05035744742247
RO1_PRICE,validation,Ready Mixed Concrete,SARIMA,"(0, 1, 1)(0, 1, 1, 12)",2023-06-01,2023-12-01,6,115.4,93.27864580607371,103.90659885678974,115.71502629701291,127.52345373723608,138.1514067879521
RO1_PRICE,validation,Ready Mixed Concrete,SARIMA,"(0, 1, 1)(0, 1, 1, 12)",2023-07-01,2024-01-01,6,118.1,92.92286564010692,103.53099202131416,115.31739059227544,127.10378916323673,137.71191554444397
RO1_PRICE,validation,Ready Mixed Concrete,SARIMA,"(0, 1, 1)(0, 1, 1, 12)",2023-08-01,2024-02-01,6,118.0,95.1421452027939,105.73047056850706,117.49486877367929,129.2592669788515,139.84759234456467
RO1_PRICE,validation,Ready Mixed Concrete,SARIMA,"(0, 1, 1)(0, 1, 1, 12)",2023-09-01,2024-03-01,6,118.0,98.87945163030685,109.44674328365726,121.18777150732421,132.9287997309912,143.49609138434158
RO1_PRICE,validation,Ready Mixed Concrete,SARIMA,"(0, 1, 1)(0, 1, 1, 12)",2023-10-01,2024-04-01,6,119.2,98.76251048307296,109.30891745384726,121.02674127892162,132.744565103996,143.29097207477028
RO1_PRICE,validation,Ready Mixed Concrete,SARIMA,"(0, 1, 1)(0, 1, 1, 12)",2023-11-01,2024-05-01,6,120.4,97.01760378446355,107.54357747810374,119.2386984488041,130.93381941950446,141.45979311314466
RO1_PRICE,validation,Ready Mixed Concrete,SARIMA,"(0, 1, 1)(0, 1, 1, 12)",2023-12-01,2024-06-01,6,120.0,96.79443152273225,107.29949905598083,118.97139176467628,130.64328447337175,141.1483520066203
RO1_PRICE,validation,Ready Mixed Concrete,SARIMA,"(0, 1, 1)(0, 1, 1, 12)",2021-07-01,2022-07-01,12,118.6,71.32131059816412,87.22837031846909,104.9022685374552,122.57616675644131,138.48322647674627
RO1_PRICE,validation,Ready Mixed Concrete,SARIMA,"(0, 1, 1)(0, 1, 1, 12)",2021-08-01,2022-08-01,12,118.3,72.97801237906634,88.85773699172364,106.50126392155481,124.14479085138598,140.02451546404328
RO1_PRICE,validation,Ready Mixed Concrete,SARIMA,"(0, 1, 1)(0, 1, 1, 12)",2021-09-01,2022-09-01,12,118.6,71.99723767359191,87.84288985022309,105.44855982993359,123.05422980964408,138.89988198627526
RO1_PRICE,validation,Ready Mixed Concrete,SARIMA,"(0, 1, 1)(0, 1, 1, 12)",2021-10-01,2022-10-01,12,118.5,70.91904278253708,86.73260908329213,104.30262932543498,121.87264956757782,137.68621586833288
RO1_PRICE,validation,Ready Mixed Concrete,SARIMA,"(0, 1, 1)(0, 1, 1, 12)",2021-11-01,2022-11-01,12,118.2,72.74891505468952,88.5302127315835,106.06438018987976,123.59854764817601,139.37984532507
RO1_PRICE,validation,Ready Mixed Concrete,SARIMA,"(0, 1, 1)(0, 1, 1, 12)",2021-12-01,2022-12-01,12,118.0,72.43794961309253,88.18588463958213,105.6829837711146,123.18008290264709,138.92801792913667
RO1_PRICE,validation,Ready Mixed Concrete,SARIMA,"(0, 1, 1)(0, 1, 1, 12)",2022-01-01,2023-01-01,12,117.6,73.94282454860574,89.6581678824694,107.11905527730234,124.57994267213527,140.29528600599895
RO1_PRICE,validation,Ready Mixed Concrete,SARIMA,"(0, 1, 1)(0, 1, 1, 12)",2022-02-01,2023-02-01,12,118.1,73.823222823814,89.50605537870108,106.93082093777335,124.35558649684562,140.0384190517327
RO1_PRICE,validation,Ready Mixed Concrete,SARIMA,"(0, 1, 1)(0, 1, 1, 12)",2022-03-01,2023-03-01,12,116.8,82.18007950740164,97.83597370856725,115.23080880090137,132.6256438932355,148.2815380944011
RO1_PRICE,validation,Ready Mixed Concrete,SARIMA,"(0, 1, 1)(0, 1, 1, 12)",2022-04-01,2023-04-01,12,117.2,86.42788592065949,102.07917414664092,119.46889166614663,136.85860918565234,152.50989741163377
RO1_PRICE,validation,Ready Mixed Concrete,SARIMA,"(0, 1, 1)(0, 1, 1, 12)",2022-05-01,2023-05-01,12,117.6,87.09884583080463,102.72236091320428,120.0812204538304,137.4400799944565,153.06359507685616
RO1_PRICE,validation,Ready Mixed Concrete,SARIMA,"(0, 1, 1)(0, 1, 1, 12)",2022-06-01,2023-06-01,12,117.3,88.20342907784668,103.79746440626218,121.12356979994995,138.44967519363772,154.04371052205323
RO1_PRICE,validation,Ready Mixed Concrete,SARIMA,"(0, 1, 1)(0, 1, 1, 12)",2022-07-01,2023-07-01,12,116.3,87.80438243614068,103.36699962316409,120.6581971807742,137.94939473838429,153.5120119254077
RO1_PRICE,validation,Ready Mixed Concrete,SARIMA,"(0, 1, 1)(0, 1, 1, 12)",2022-08-01,2023-08-01,12,116.4,87.56991238663178,103.10095195275666,120.3570644809791,137.61317700920154,153.14421657532642
RO1_PRICE,validation,Ready Mixed Concrete,SARIMA,"(0, 1, 1)(0, 1, 1, 12)",2022-09-01,2023-09-01,12,116.6,88.03067348752603,103.5306813165019,120.7523153318141,137.9739493471263,153.47395717610218
RO1_PRICE,validation,Ready Mixed Concrete,SARIMA,"(0, 1, 1)(0, 1, 1, 12)",2022-10-01,2023-10-01,12,116.4,87.90736293107824,103.37629889661224,120.56340981578967,137.7505207349671,153.2194567005011
RO1_PRICE,validation,Ready Mixed Concrete,SARIMA,"(0, 1, 1)(0, 1, 1, 12)",2022-11-01,2023-11-01,12,115.4,87.60152684714451,103.0395145274378,120.19223965483386,137.3449647822299,152.7829524625232
RO1_PRICE,validation,Ready Mixed Concrete,SARIMA,"(0, 1, 1)(0, 1, 1, 12)",2022-12-01,2023-12-01,12,115.4,87.50847428347865,102.91580605888882,120.0344702503079,137.153134441727,152.56046621713716
RO1_PRICE,validation,Ready Mixed Concrete,SARIMA,"(0, 1, 1)(0, 1, 1, 12)",2023-01-01,2024-01-01,12,118.1,87.04312575227367,102.41997298938966,119.5047666455535,136.58956030171734,151.96640753883332
RO1_PRICE,validation,Ready Mixed Concrete,SARIMA,"(0, 1, 1)(0, 1, 1, 12)",2023-02-01,2024-02-01,12,118.0,87.49490676986841,102.84266265406436,119.89513370507036,136.94760475607637,152.29536064027232
RO1_PRICE,validation,Ready Mixed Concrete,SARIMA,"(0, 1, 1)(0, 1, 1, 12)",2023-03-01,2024-03-01,12,118.0,85.12695662423569,100.46666865626302,117.51020240351734,134.55373615077167,149.89344818279898
RO1_PRICE,validation,Ready Mixed Concrete,SARIMA,"(0, 1, 1)(0, 1, 1, 12)",2023-04-01,2024-04-01,12,119.2,87.0700624450687,102.37336591995339,119.37644711692164,136.3795283138899,151.6828317887746
RO1_PRICE,validation,Ready Mixed Concrete,SARIMA,"(0, 1, 1)(0, 1, 1, 12)",2023-05-01,2024-05-01,12,120.4,87.36998174437463,102.64607806026109,119.61893012831317,136.59178219636524,151.8678785122517
RO1_PRICE,validation,Ready Mixed Concrete,SARIMA,"(0, 1, 1)(0, 1, 1, 12)",2023-06-01,2024-06-01,12,120.0,87.02807163510056,102.27452587059697,119.21444343528862,136.15436099998027,151.40081523547667
RO1_PRICE,validation,Steel Reinforcement Bars (16-32mm High Tensile),ETS,ETS_AAd_N,2022-06-01,2022-07-01,1,1187.79,1199.9084035839799,1219.0415490637004,1241.9289506070631,1264.5490136759784,1285.558078781689
RO1_PRICE,validation,Steel Reinforcement Bars (16-32mm High Tensile),ETS,ETS_AAd_N,2022-07-01,2022-08-01,1,1106.3,1104.7922117631879,1123.990613884998,1146.9560765591068,1169.6532889582925,1190.7340088289602
RO1_PRICE,validation,Steel Reinforcement Bars (16-32mm High Tensile),ETS,ETS_AAd_N,2022-08-01,2022-09-01,1,1072.6,1002.1005329240987,1021.3206919229083,1044.3121805518576,1067.035114907239,1088.1397248197118
RO1_PRICE,validation,Steel Reinforcement Bars (16-32mm High Tensile),ETS,ETS_AAd_N,2022-09-01,2022-10-01,1,1040.5,998.8086821411197,1018.0171563799688,1040.9946674957368,1063.7037876036106,1084.7955671174952
RO1_PRICE,validation,Steel Reinforcement Bars (16-32mm High Tensile),ETS,ETS_AAd_N,2022-10-01,2022-11-01,1,1004.5,971.446275697451,990.6206673258738,1013.5574082300053,1036.2262343465845,1057.2805896020177
RO1_PRICE,validation,Steel Reinforcement Bars (16-32mm High Tensile),ETS,ETS_AAd_N,2022-11-01,2022-12-01,1,952.3,933.4122790780626,952.5561837025812,975.4564555221627,998.0892385348087,1019.1101176715044
RO1_PRICE,validation,Steel Reinforcement Bars (16-32mm High Tensile),ETS,ETS_AAd_N,2022-12-01,2023-01-01,1,922.6,869.9306236544262,889.0599291089277,911.9427371473062,934.5582603661096,955.5631089492455
RO1_PRICE,validation,Steel Reinforcement Bars (16-32mm High Tensile),ETS,ETS_AAd_N,2023-01-01,2023-02-01,1,942.1,854.3192584437577,873.4175024006274,896.2631541350627,918.8419550576712,939.812696701793
RO1_PRICE,validation,Steel Reinforcement Bars (16-32mm High Tensile),ETS,ETS_AAd_N,2023-02-01,2023-03-01,1,946.6,908.9899124934077,928.1165735942966,950.9962184108713,973.6086153561846,994.6105603186237
RO1_PRICE,validation,Steel Reinforcement Bars (16-32mm High Tensile),ETS,ETS_AAd_N,2023-03-01,2023-04-01,1,940.1,907.4646860848069,926.5589604080815,949.3998635977375,971.9739714413968,992.9403542470444
RO1_PRICE,validation,Steel Reinforcement Bars (16-32mm High Tensile),ETS,ETS_AAd_N,2023-04-01,2023-05-01,1,922.8,892.8190960246168,911.8837272283189,934.6891708025464,957.2282332201936,978.1620665305327
RO1_PRICE,validation,Steel Reinforcement Bars (16-32mm High Tensile),ETS,ETS_AAd_N,2023-05-01,2023-06-01,1,885.5,867.2394272437989,886.2765287842145,909.0490408961971,931.5555565106819,952.4591609969659
RO1_PRICE,validation,Steel Reinforcement Bars (16-32mm High Tensile),ETS,ETS_AAd_N,2023-06-01,2023-07-01,1,859.2,815.3043476306809,834.3280304615494,857.0844908796836,879.5751422936594,900.4640124257406
RO1_PRICE,validation,Steel Reinforcement Bars (16-32mm High Tensile),ETS,ETS_AAd_N,2023-07-01,2023-08-01,1,832.6,794.8942055720563,813.8850728757354,836.6022787892491,859.0541342145857,879.906971403316
RO1_PRICE,validation,Steel Reinforcement Bars (16-32mm High Tensile),ETS,ETS_AAd_N,2023-08-01,2023-09-01,1,830.1,768.8380775906777,787.7972223109575,810.4764811182297,832.8908326821149,853.7088370295509
RO1_PRICE,validation,Steel Reinforcement Bars (16-32mm High Tensile),ETS,ETS_AAd_N,2023-09-01,2023-10-01,1,827.4,782.9103062056336,801.8471667882279,824.4997689222523,846.8877751787013,867.6813105280859
RO1_PRICE,validation,Steel Reinforcement Bars (16-32mm High Tensile),ETS,ETS_AAd_N,2023-10-01,2023-11-01,1,826.7,782.0778625166141,800.982442337737,823.5964296631976,845.9462721550333,866.7043617581794
RO1_PRICE,validation,Steel Reinforcement Bars (16-32mm High Tensile),ETS,ETS_AAd_N,2023-11-01,2023-12-01,1,819.7,783.0266618367708,801.8991452923135,824.4747383867839,846.7866351151029,867.5094814470971
RO1_PRICE,validation,Steel Reinforcement Bars (16-32mm High Tensile),ETS,ETS_AAd_N,2023-12-01,2024-01-01,1,833.7,771.9763999701136,790.818074332569,813.3568130538041,835.6322858899059,856.321302434571
RO1_PRICE,validation,Steel Reinforcement Bars (16-32mm High Tensile),ETS,ETS_AAd_N,2024-01-01,2024-02-01,1,829.6,799.8815815956139,818.7023646509008,841.2161128269879,863.4668870223855,884.1329639603397
RO1_PRICE,validation,Steel Reinforcement Bars (16-32mm High Tensile),ETS,ETS_AAd_N,2024-02-01,2024-03-01,1,821.7,785.1197578349123,803.9140851331729,826.3961864723697,848.6156834847707,869.2527107966517
RO1_PRICE,validation,Steel Reinforcement Bars (16-32mm High Tensile),ETS,ETS_AAd_N,2024-03-01,2024-04-01,1,819.4,773.4303285321856,792.1942605519536,814.6400025301336,836.8235648804987,857.4272167923215
RO1_PRICE,validation,Steel Reinforcement Bars (16-32mm High Tensile),ETS,ETS_AAd_N,2024-04-01,2024-05-01,1,812.5,774.5652211238173,793.2980809790711,815.7066538933975,837.8534813367006,858.4230145967866
RO1_PRICE,validation,Steel Reinforcement Bars (16-32mm High Tensile),ETS,ETS_AAd_N,2024-05-01,2024-06-01,1,805.7,764.9953072918842,783.6975865989554,806.0695785294382,828.1802522765648,848.7162067020354
RO1_PRICE,validation,Steel Reinforcement Bars (16-32mm High Tensile),ETS,ETS_AAd_N,2022-04-01,2022-07-01,3,1187.79,1215.4105196967782,1269.9799745690325,1332.4267688369566,1402.5507832399853,1464.2805517986715
RO1_PRICE,validation,Steel Reinforcement Bars (16-32mm High Tensile),ETS,ETS_AAd_N,2022-05-01,2022-08-01,3,1106.3,1089.3564447781946,1144.178427651348,1207.0920220329442,1277.7338677052194,1339.9709632853728
RO1_PRICE,validation,Steel Reinforcement Bars (16-32mm High Tensile),ETS,ETS_AAd_N,2022-06-01,2022-09-01,3,1072.6,1116.4236129136111,1171.1724321506501,1233.7657471808834,1304.2430684290562,1366.1403872528247
RO1_PRICE,validation,Steel Reinforcement Bars (16-32mm High Tensile),ETS,ETS_AAd_N,2022-07-01,2022-10-01,3,1040.5,967.4828303460429,1022.373427256811,1085.1355945447922,1155.7865462143827,1217.8679745584698
RO1_PRICE,validation,Steel Reinforcement Bars (16-32mm High Tensile),ETS,ETS_AAd_N,2022-08-01,2022-11-01,3,1004.5,833.4991705714642,888.4040119628021,951.9417074916009,1023.0823725204757,1085.802791352793
RO1_PRICE,validation,Steel Reinforcement Bars (16-32mm High Tensile),ETS,ETS_AAd_N,2022-09-01,2022-12-01,3,952.3,874.4114094317047,929.3652406059962,992.4239590234499,1063.2339595138508,1125.6123884539181
RO1_PRICE,validation,Steel Reinforcement Bars (16-32mm High Tensile),ETS,ETS_AAd_N,2022-10-01,2023-01-01,3,922.6,853.9167675717775,908.7753507077794,971.7079910863354,1042.3909189574492,1104.6384145145255
RO1_PRICE,validation,Steel Reinforcement Bars (16-32mm High Tensile),ETS,ETS_AAd_N,2022-11-01,2023-02-01,3,942.1,812.9842115303609,867.7558260299088,930.5867012131487,1001.1570725271057,1063.3031645737037
RO1_PRICE,validation,Steel Reinforcement Bars (16-32mm High Tensile),ETS,ETS_AAd_N,2022-12-01,2023-03-01,3,946.6,733.188941553547,787.9027023349723,850.7740945613859,921.299565122806,983.5244783663499
RO1_PRICE,validation,Steel Reinforcement Bars (16-32mm High Tensile),ETS,ETS_AAd_N,2023-01-01,2023-04-01,3,940.1,737.9690523217361,792.608888913918,855.297501407922,925.7003193182194,987.709027738802
RO1_PRICE,validation,Steel Reinforcement Bars (16-32mm High Tensile),ETS,ETS_AAd_N,2023-02-01,2023-05-01,3,922.8,843.173291822818,897.8772885980649,960.751754375033,1031.2690686548283,1093.501764500028
RO1_PRICE,validation,Steel Reinforcement Bars (16-32mm High Tensile),ETS,ETS_AAd_N,2023-03-01,2023-06-01,3,885.5,833.0857730480757,887.7139592741646,950.3914952569112,1020.7798766749474,1082.7784845347378
RO1_PRICE,validation,Steel Reinforcement Bars (16-32mm High Tensile),ETS,ETS_AAd_N,2023-04-01,2023-07-01,3,859.2,806.7367695666112,861.2798737963503,923.8619294072076,994.1412195110315,1056.0461803293513
RO1_PRICE,validation,Steel Reinforcement Bars (16-32mm High Tensile),ETS,ETS_AAd_N,2023-05-01,2023-08-01,3,832.6,769.2147524028824,823.6698630844991,886.2110970869235,956.3938984253884,1018.2801844009807
RO1_PRICE,validation,Steel Reinforcement Bars (16-32mm High Tensile),ETS,ETS_AAd_N,2023-06-01,2023-09-01,3,830.1,696.1031134268798,750.4965077896917,813.1183953912338,883.3233299684016,945.2495780925003
RO1_PRICE,validation,Steel Reinforcement Bars (16-32mm High Tensile),ETS,ETS_AAd_N,2023-07-01,2023-10-01,3,827.4,684.2108440232809,738.5114723349868,801.0196627358246,871.0990513064983,932.9173912670306
RO1_PRICE,validation,Steel Reinforcement Bars (16-32mm High Tensile),ETS,ETS_AAd_N,2023-08-01,2023-11-01,3,826.7,658.9638711257842,713.1729355383673,775.5813061423621,845.5472306593841,907.2631880307498
RO1_PRICE,validation,Steel Reinforcement Bars (16-32mm High Tensile),ETS,ETS_AAd_N,2023-09-01,2023-12-01,3,819.7,696.9538421851546,751.1058009788985,813.4054782447524,883.2614966812769,944.8981495320769
RO1_PRICE,validation,Steel Reinforcement Bars (16-32mm High Tensile),ETS,ETS_AAd_N,2023-10-01,2024-01-01,3,833.7,698.8336957230922,752.8917840353204,815.0936030970798,884.8370720386964,946.3702525379919
RO1_PRICE,validation,Steel Reinforcement Bars (16-32mm High Tensile),ETS,ETS_AAd_N,2023-11-01,2024-02-01,3,829.6,702.1855585628066,756.1515138477738,818.2496117640109,887.8761460129504,949.3052158913665
RO1_PRICE,validation,Steel Reinforcement Bars (16-32mm High Tensile),ETS,ETS_AAd_N,2023-12-01,2024-03-01,3,821.7,685.3361327430135,739.2147838863104,801.2072594158816,870.7168031947541,932.0447777007903
RO1_PRICE,validation,Steel Reinforcement Bars (16-32mm High Tensile),ETS,ETS_AAd_N,2024-01-01,2024-04-01,3,819.4,733.3195654741496,787.145577994618,849.0313546417427,918.4341042260234,979.6840885575991
RO1_PRICE,validation,Steel Reinforcement Bars (16-32mm High Tensile),ETS,ETS_AAd_N,2024-02-01,2024-05-01,3,812.5,703.3027270416103,757.0679022244472,818.7874371883363,888.0727861001023,949.1354159653843
RO1_PRICE,validation,Steel Reinforcement Bars (16-32mm High Tensile),ETS,ETS_AAd_N,2024-03-01,2024-06-01,3,805.7,686.164624093353,739.8386527633874,801.4807946024766,870.6563520913021,931.6522314126344
RO1_PRICE,validation,Steel Reinforcement Bars (16-32mm High Tensile),ETS,ETS_AAd_N,2022-01-01,2022-07-01,6,1187.79,865.6855421543929,975.8211910941028,1105.4690697054675,1230.9411476858606,1350.1467026238536
RO1_PRICE,validation,Steel Reinforcement Bars (16-32mm High Tensile),ETS,ETS_AAd_N,2022-02-01,2022-08-01,6,1106.3,1005.0351091616606,1115.352886402737,1245.2097831945189,1370.9211960072894,1490.3330749606191
RO1_PRICE,validation,Steel Reinforcement Bars (16-32mm High Tensile),ETS,ETS_AAd_N,2022-03-01,2022-09-01,6,1072.6,1248.8730744978482,1361.8101408888251,1492.7132687174012,1621.3118421226413,1742.2254555310462
RO1_PRICE,validation,Steel Reinforcement Bars (16-32mm High Tensile),ETS,ETS_AAd_N,2022-04-01,2022-10-01,6,1040.5,1131.4820319981895,1242.5473383197218,1373.2854739556115,1499.8409675107712,1620.0597579760768
RO1_PRICE,validation,Steel Reinforcement Bars (16-32mm High Tensile),ETS,ETS_AAd_N,2022-05-01,2022-11-01,6,1004.5,952.4207219726386,1064.827372562696,1196.156539126009,1324.333090614753,1445.2695131700134
RO1_PRICE,validation,Steel Reinforcement Bars (16-32mm High Tensile),ETS,ETS_AAd_N,2022-06-01,2022-12-01,6,952.3,994.126764049653,1105.8125661941326,1236.9247325080566,1364.3344491333178,1484.9148263377372
RO1_PRICE,validation,Steel Reinforcement Bars (16-32mm High Tensile),ETS,ETS_AAd_N,2022-07-01,2023-01-01,6,922.6,798.430243285274,910.288136896203,1041.8128805592448,1169.378278506257,1290.3287555402007
RO1_PRICE,validation,Steel Reinforcement Bars (16-32mm High Tensile),ETS,ETS_AAd_N,2022-08-01,2023-02-01,6,942.1,636.4335921219572,750.112811719756,881.8767757562957,1011.3167603151094,1133.025339662153
RO1_PRICE,validation,Steel Reinforcement Bars (16-32mm High Tensile),ETS,ETS_AAd_N,2022-09-01,2023-03-01,6,946.6,716.1839441808254,828.8473206158185,960.4902557068506,1088.9630708813559,1210.1829563285396
RO1_PRICE,validation,Steel Reinforcement Bars (16-32mm High Tensile),ETS,ETS_AAd_N,2022-10-01,2023-04-01,6,940.1,701.7508590632557,814.181831047732,945.5917426543308,1073.8093543273376,1194.799407296183
RO1_PRICE,validation,Steel Reinforcement Bars (16-32mm High Tensile),ETS,ETS_AAd_N,2022-11-01,2023-05-01,6,922.8,658.3851299834731,770.633437325432,901.8344760046048,1029.8449529733152,1150.640863565985
RO1_PRICE,validation,Steel Reinforcement Bars (16-32mm High Tensile),ETS,ETS_AAd_N,2022-12-01,2023-06-01,6,885.5,564.3833196927761,676.7485705994014,807.8460805663599,935.928746621778,1056.7244351693387
RO1_PRICE,validation,Steel Reinforcement Bars (16-32mm High Tensile),ETS,ETS_AAd_N,2023-01-01,2023-07-01,6,859.2,587.019851750435,699.0178326426366,829.9056415224609,957.6253851163376,1078.1410766589809
RO1_PRICE,validation,Steel Reinforcement Bars (16-32mm High Tensile),ETS,ETS_AAd_N,2023-02-01,2023-08-01,6,832.6,735.8937113696168,848.2703750407028,979.3493003996866,1107.4368516848615,1228.2280675623485
RO1_PRICE,validation,Steel Reinforcement Bars (16-32mm High Tensile),ETS,ETS_AAd_N,2023-03-01,2023-09-01,6,830.1,718.5574835015695,830.5366595894438,961.3971862458538,1089.0941340921488,1209.5868061199062
RO1_PRICE,validation,Steel Reinforcement Bars (16-32mm High Tensile),ETS,ETS_AAd_N,2023-04-01,2023-10-01,6,827.4,682.1309571606832,793.9404677678901,924.5977668671475,1052.0999727997012,1172.407480176123
RO1_PRICE,validation,Steel Reinforcement Bars (16-32mm High Tensile),ETS,ETS_AAd_N,2023-05-01,2023-11-01,6,826.7,634.2685375610288,746.0300778099534,876.4967586636262,1003.9099928887078,1124.0952635843637
RO1_PRICE,validation,Steel Reinforcement Bars (16-32mm High Tensile),ETS,ETS_AAd_N,2023-06-01,2023-12-01,6,819.7,542.6895481267037,654.6580083905121,785.0278259217312,912.5972740695329,1032.8209550620284
RO1_PRICE,validation,Steel Reinforcement Bars (16-32mm High Tensile),ETS,ETS_AAd_N,2023-07-01,2024-01-01,6,833.7,538.2792015292762,650.0415189302552,780.1866737565929,907.5240559361586,1027.5355677637285
RO1_PRICE,validation,Steel Reinforcement Bars (16-32mm High Tensile),ETS,ETS_AAd_N,2023-08-01,2024-02-01,6,829.6,513.8127682765352,625.3989201157626,755.3264983094577,882.4608980298472,1002.2758151657061
RO1_PRICE,validation,Steel Reinforcement Bars (16-32mm High Tensile),ETS,ETS_AAd_N,2023-09-01,2024-03-01,6,821.7,572.6483027509047,684.02235621727,813.7986091116954,940.7083964919375,1060.3530816708428
RO1_PRICE,validation,Steel Reinforcement Bars (16-32mm High Tensile),ETS,ETS_AAd_N,2023-10-01,2024-04-01,6,819.4,576.9572643894955,688.1605682099938,817.7152699947891,944.4267645310913,1063.8741376664152
RO1_PRICE,validation,Steel Reinforcement Bars (16-32mm High Tensile),ETS,ETS_AAd_N,2023-11-01,2024-05-01,6,812.5,582.4762516972372,693.49507246336,822.8297410206201,949.3300941886836,1068.5762584164797
RO1_PRICE,validation,Steel Reinforcement Bars (16-32mm High Tensile),ETS,ETS_AAd_N,2023-12-01,2024-06-01,6,805.7,560.6811103730433,671.5089646542663,800.6326628936281,926.9171610901665,1045.9654305103554
RO1_PRICE,validation,Steel Reinforcement Bars (16-32mm High Tensile),ETS,ETS_AAd_N,2021-07-01,2022-07-01,12,1187.79,669.7835065123842,872.9655047294658,1118.0301356418454,1361.001961202295,1584.9429711784373
RO1_PRICE,validation,Steel Reinforcement Bars (16-32mm High Tensile),ETS,ETS_AAd_N,2021-08-01,2022-08-01,12,1106.3,684.2113606196839,886.9184662647134,1131.4114330748998,1373.9019341892524,1597.3035649817143
RO1_PRICE,validation,Steel Reinforcement Bars (16-32mm High Tensile),ETS,ETS_AAd_N,2021-09-01,2022-09-01,12,1072.6,634.1900007208678,836.5737853123494,1080.6767699506513,1322.779566700156,1545.8250395381324
RO1_PRICE,validation,Steel Reinforcement Bars (16-32mm High Tensile),ETS,ETS_AAd_N,2021-10-01,2022-10-01,12,1040.5,681.172185537387,883.058983528899,1126.564422469319,1368.207016623288,1590.6895594251878
RO1_PRICE,validation,Steel Reinforcement Bars (16-32mm High Tensile),ETS,ETS_AAd_N,2021-11-01,2022-11-01,12,1004.5,665.7190408578987,867.1913470713698,1110.1973761551176,1351.3787889270443,1573.4029589717386
RO1_PRICE,validation,Steel Reinforcement Bars (16-32mm High Tensile),ETS,ETS_AAd_N,2021-12-01,2022-12-01,12,952.3,629.5234737878482,830.6818447396714,1073.3088760513506,1314.091722644779,1535.7709731126529
RO1_PRICE,validation,Steel Reinforcement Bars (16-32mm High Tensile),ETS,ETS_AAd_N,2022-01-01,2023-01-01,12,922.6,655.5521777413305,856.2859245911804,1098.4015753265617,1338.7276541114372,1559.9366100754366
RO1_PRICE,validation,Steel Reinforcement Bars (16-32mm High Tensile),ETS,ETS_AAd_N,2022-02-01,2023-02-01,12,942.1,820.6206356441414,1021.7872425081916,1264.422255481482,1505.0778028857262,1726.7802099978696
RO1_PRICE,validation,Steel Reinforcement Bars (16-32mm High Tensile),ETS,ETS_AAd_N,2022-03-01,2023-03-01,12,946.6,1100.0147012752834,1305.029813415691,1553.1591691908088,1797.2911877984438,2024.1683605893177
RO1_PRICE,validation,Steel Reinforcement Bars (16-32mm High Tensile),ETS,ETS_AAd_N,2022-04-01,2023-04-01,12,940.1,946.6937373126578,1149.1988946401152,1393.449051865527,1635.7573567254672,1858.925468572324
RO1_PRICE,validation,Steel Reinforcement Bars (16-32mm High Tensile),ETS,ETS_AAd_N,2022-05-01,2023-05-01,12,922.8,725.2141868129582,929.7009275564301,1177.2122357176986,1421.1845603745637,1647.0986081145747
RO1_PRICE,validation,Steel Reinforcement Bars (16-32mm High Tensile),ETS,ETS_AAd_N,2022-06-01,2023-06-01,12,885.5,778.9180256096892,982.5147423725903,1228.4424157813914,1471.6792473739506,1696.1960758482057
RO1_PRICE,validation,Steel Reinforcement Bars (16-32mm High Tensile),ETS,ETS_AAd_N,2022-07-01,2023-07-01,12,859.2,546.8202731285027,750.8624305236665,997.1059542412859,1240.9707793690784,1465.8470781697229
RO1_PRICE,validation,Steel Reinforcement Bars (16-32mm High Tensile),ETS,ETS_AAd_N,2022-08-01,2023-08-01,12,832.6,361.4855995260095,567.8401218759684,817.596639274153,1063.3327830780356,1291.6902196332067
RO1_PRICE,validation,Steel Reinforcement Bars (16-32mm High Tensile),ETS,ETS_AAd_N,2022-09-01,2023-09-01,12,830.1,472.2147712789215,677.1780330260156,925.2597883537603,1169.8033111342033,1396.235365384326
RO1_PRICE,validation,Steel Reinforcement Bars (16-32mm High Tensile),ETS,ETS_AAd_N,2022-10-01,2023-10-01,12,827.4,462.7168553758226,667.2837725281461,914.8575691232159,1158.9462093865682,1384.916862577748
RO1_PRICE,validation,Steel Reinforcement Bars (16-32mm High Tensile),ETS,ETS_AAd_N,2022-11-01,2023-11-01,12,826.7,417.66352854293507,621.9012661242303,869.073187801031,1112.7713139729306,1338.375519504944
RO1_PRICE,validation,Steel Reinforcement Bars (16-32mm High Tensile),ETS,ETS_AAd_N,2022-12-01,2023-12-01,12,819.7,312.588737449862,516.8743117204981,764.2261139827974,1007.9231264938737,1233.7269138263468
RO1_PRICE,validation,Steel Reinforcement Bars (16-32mm High Tensile),ETS,ETS_AAd_N,2023-01-01,2024-01-01,12,833.7,349.3979130247473,553.1660072902007,799.7851288908547,1042.9127832356917,1268.0108195846988
RO1_PRICE,validation,Steel Reinforcement Bars (16-32mm High Tensile),ETS,ETS_AAd_N,2023-02-01,2024-02-01,12,829.6,531.7236670781473,736.0080863824452,983.3731164890006,1227.0626034912543,1452.8846165154794
RO1_PRICE,validation,Steel Reinforcement Bars (16-32mm High Tensile),ETS,ETS_AAd_N,2023-03-01,2024-03-01,12,821.7,509.15193051762105,712.8821683266841,959.4594759377125,1202.53936726435,1427.5988257644055
RO1_PRICE,validation,Steel Reinforcement Bars (16-32mm High Tensile),ETS,ETS_AAd_N,2023-04-01,2024-04-01,12,819.4,465.1079036381237,668.5260575479816,914.7293840696,1157.4344914899605,1382.1522194167796
RO1_PRICE,validation,Steel Reinforcement Bars (16-32mm High Tensile),ETS,ETS_AAd_N,2023-05-01,2024-05-01,12,812.5,409.3210040223429,612.5594882515607,858.6097476740118,1101.0718318297609,1325.6732846387258
RO1_PRICE,validation,Steel Reinforcement Bars (16-32mm High Tensile),ETS,ETS_AAd_N,2023-06-01,2024-06-01,12,805.7,303.2949536485835,506.67735157788906,753.0569661060804,995.6329470466521,1220.5928706119732
RO1_PRICE,validation,Steel Reinforcement Bars (16-32mm High Tensile),SARIMA,"(1, 1, 1)(0, 1, 1, 12)",2022-06-01,2022-07-01,1,1187.79,1210.2742706561805,1230.1725373458441,1252.2809562737273,1274.3893752016104,1294.287641891274
RO1_PRICE,validation,Steel Reinforcement Bars (16-32mm High Tensile),SARIMA,"(1, 1, 1)(0, 1, 1, 12)",2022-07-01,2022-08-01,1,1106.3,1115.0016262926738,1135.0106533668318,1157.2421351232115,1179.4736168795912,1199.4826439537492
RO1_PRICE,validation,Steel Reinforcement Bars (16-32mm High Tensile),SARIMA,"(1, 1, 1)(0, 1, 1, 12)",2022-08-01,2022-09-01,1,1072.6,995.4626506625777,1015.5240442151029,1037.8137089308118,1060.1033736465206,1080.1647671990459
RO1_PRICE,validation,Steel Reinforcement Bars (16-32mm High Tensile),SARIMA,"(1, 1, 1)(0, 1, 1, 12)",2022-09-01,2022-10-01,1,1040.5,1007.9104751457659,1027.9755173640046,1050.2692360122182,1072.5629546604318,1092.6279968786707
RO1_PRICE,validation,Steel Reinforcement Bars (16-32mm High Tensile),SARIMA,"(1, 1, 1)(0, 1, 1, 12)",2022-10-01,2022-11-01,1,1004.5,974.5248112544665,994.5544064348334,1016.8087408504781,1039.063075266123,1059.0926704464898
RO1_PRICE,validation,Steel Reinforcement Bars (16-32mm High Tensile),SARIMA,"(1, 1, 1)(0, 1, 1, 12)",2022-11-01,2022-12-01,1,952.3,953.4547858547564,973.4511356559559,995.668532041695,1017.8859284274341,1037.8822782286336
RO1_PRICE,validation,Steel Reinforcement Bars (16-32mm High Tensile),SARIMA,"(1, 1, 1)(0, 1, 1, 12)",2022-12-01,2023-01-01,1,922.6,890.9644077818338,910.9887358376047,933.2372180954244,955.485700353244,975.510028409015
RO1_PRICE,validation,Steel Reinforcement Bars (16-32mm High Tensile),SARIMA,"(1, 1, 1)(0, 1, 1, 12)",2023-01-01,2023-02-01,1,942.1,859.886146660632,879.8760888181072,902.086365846467,924.2966428748267,944.2865850323019
RO1_PRICE,validation,Steel Reinforcement Bars (16-32mm High Tensile),SARIMA,"(1, 1, 1)(0, 1, 1, 12)",2023-02-01,2023-03-01,1,946.6,917.1578304503471,937.1473911001253,959.3572442457358,981.5670973913464,1001.5566580411246
RO1_PRICE,validation,Steel Reinforcement Bars (16-32mm High Tensile),SARIMA,"(1, 1, 1)(0, 1, 1, 12)",2023-03-01,2023-04-01,1,940.1,913.2414188798202,933.1994531057438,955.3742781055995,977.5491031054552,997.5071373313788
RO1_PRICE,validation,Steel Reinforcement Bars (16-32mm High Tensile),SARIMA,"(1, 1, 1)(0, 1, 1, 12)",2023-04-01,2023-05-01,1,922.8,888.4832138496348,908.4119150212302,930.5541488681158,952.6963827150014,972.6250838865968
RO1_PRICE,validation,Steel Reinforcement Bars (16-32mm High Tensile),SARIMA,"(1, 1, 1)(0, 1, 1, 12)",2023-05-01,2023-06-01,1,885.5,862.1730555906062,882.0661330463361,904.1687863585746,926.2714396708132,946.164517126543
RO1_PRICE,validation,Steel Reinforcement Bars (16-32mm High Tensile),SARIMA,"(1, 1, 1)(0, 1, 1, 12)",2023-06-01,2023-07-01,1,859.2,823.385121233859,843.2528348681178,865.3273071332613,887.4017793984049,907.2694930326637
RO1_PRICE,validation,Steel Reinforcement Bars (16-32mm High Tensile),SARIMA,"(1, 1, 1)(0, 1, 1, 12)",2023-07-01,2023-08-01,1,832.6,806.0819553972236,825.9140515706721,847.9489502509891,869.9838489313062,889.8159451047546
RO1_PRICE,validation,Steel Reinforcement Bars (16-32mm High Tensile),SARIMA,"(1, 1, 1)(0, 1, 1, 12)",2023-08-01,2023-09-01,1,830.1,759.0333572209369,778.8365340683521,800.8393012778718,822.8420684873914,842.6452453348066
RO1_PRICE,validation,Steel Reinforcement Bars (16-32mm High Tensile),SARIMA,"(1, 1, 1)(0, 1, 1, 12)",2023-09-01,2023-10-01,1,827.4,784.148620293844,803.9447224052302,825.9396290693883,847.9345357335463,867.7306378449325
RO1_PRICE,validation,Steel Reinforcement Bars (16-32mm High Tensile),SARIMA,"(1, 1, 1)(0, 1, 1, 12)",2023-10-01,2023-11-01,1,826.7,779.7730531266589,799.532608564386,821.4869092207808,843.4412098771757,863.2007653149028
RO1_PRICE,validation,Steel Reinforcement Bars (16-32mm High Tensile),SARIMA,"(1, 1, 1)(0, 1, 1, 12)",2023-11-01,2023-12-01,1,819.7,796.6177483041637,816.3418980555022,838.256860423828,860.1718227921539,879.8959725434923
RO1_PRICE,validation,Steel Reinforcement Bars (16-32mm High Tensile),SARIMA,"(1, 1, 1)(0, 1, 1, 12)",2023-12-01,2024-01-01,1,833.7,787.1877411929927,806.8875659439,828.7755014707255,850.6634369975511,870.3632617484584
RO1_PRICE,validation,Steel Reinforcement Bars (16-32mm High Tensile),SARIMA,"(1, 1, 1)(0, 1, 1, 12)",2024-01-01,2024-02-01,1,829.6,800.7386802353856,820.4033203655719,842.2521632243348,864.1010060830978,883.7656462132841
RO1_PRICE,validation,Steel Reinforcement Bars (16-32mm High Tensile),SARIMA,"(1, 1, 1)(0, 1, 1, 12)",2024-02-01,2024-03-01,1,821.7,787.9819500361933,807.6003945012151,829.3979106221251,851.1954267430351,870.8138712080569
RO1_PRICE,validation,Steel Reinforcement Bars (16-32mm High Tensile),SARIMA,"(1, 1, 1)(0, 1, 1, 12)",2024-03-01,2024-04-01,1,819.4,781.2588837706248,800.8439606737254,822.60440301082,844.3648453479145,863.9499222510151
RO1_PRICE,validation,Steel Reinforcement Bars (16-32mm High Tensile),SARIMA,"(1, 1, 1)(0, 1, 1, 12)",2024-04-01,2024-05-01,1,812.5,771.3971012764385,790.945715075502,812.6656442567506,834.3855734379993,853.9341872370627
RO1_PRICE,validation,Steel Reinforcement Bars (16-32mm High Tensile),SARIMA,"(1, 1, 1)(0, 1, 1, 12)",2024-05-01,2024-06-01,1,805.7,758.5673416765455,778.0821882420421,799.7645995752601,821.4470109084782,840.9618574739748
RO1_PRICE,validation,Steel Reinforcement Bars (16-32mm High Tensile),SARIMA,"(1, 1, 1)(0, 1, 1, 12)",2022-04-01,2022-07-01,3,1187.79,1169.6344583933912,1225.7654382776866,1288.1310320989421,1350.4966259201976,1406.627605804493
RO1_PRICE,validation,Steel Reinforcement Bars (16-32mm High Tensile),SARIMA,"(1, 1, 1)(0, 1, 1, 12)",2022-05-01,2022-08-01,3,1106.3,1094.2615471843105,1150.4929632999063,1212.9701490659154,1275.4473348319245,1331.6787509475203
RO1_PRICE,validation,Steel Reinforcement Bars (16-32mm High Tensile),SARIMA,"(1, 1, 1)(0, 1, 1, 12)",2022-06-01,2022-09-01,3,1072.6,1135.843509240913,1191.923997038968,1254.2334904866304,1316.5429839342928,1372.623471732348
RO1_PRICE,validation,Steel Reinforcement Bars (16-32mm High Tensile),SARIMA,"(1, 1, 1)(0, 1, 1, 12)",2022-07-01,2022-10-01,3,1040.5,978.5916237641387,1034.8506046126345,1097.3584167981248,1159.8662289836152,1216.125209832111
RO1_PRICE,validation,Steel Reinforcement Bars (16-32mm High Tensile),SARIMA,"(1, 1, 1)(0, 1, 1, 12)",2022-08-01,2022-11-01,3,1004.5,840.8217386671729,897.6307536851074,960.7496937659193,1023.8686338467313,1080.6776488646658
RO1_PRICE,validation,Steel Reinforcement Bars (16-32mm High Tensile),SARIMA,"(1, 1, 1)(0, 1, 1, 12)",2022-09-01,2022-12-01,3,952.3,916.7825822245376,973.3078606469005,1036.111548770449,1098.9152368939974,1155.4405153163602
RO1_PRICE,validation,Steel Reinforcement Bars (16-32mm High Tensile),SARIMA,"(1, 1, 1)(0, 1, 1, 12)",2022-10-01,2023-01-01,3,922.6,911.2702333984573,967.6852445813346,1030.3664177962937,1093.047591011253,1149.46260219413
RO1_PRICE,validation,Steel Reinforcement Bars (16-32mm High Tensile),SARIMA,"(1, 1, 1)(0, 1, 1, 12)",2022-11-01,2023-02-01,3,942.1,890.0564850609312,946.4022293136712,1009.0064419403939,1071.6106545671166,1127.9563988198565
RO1_PRICE,validation,Steel Reinforcement Bars (16-32mm High Tensile),SARIMA,"(1, 1, 1)(0, 1, 1, 12)",2022-12-01,2023-03-01,3,946.6,795.5387736080104,852.0547718591864,914.8481490387958,977.6415262184051,1034.1575244695812
RO1_PRICE,validation,Steel Reinforcement Bars (16-32mm High Tensile),SARIMA,"(1, 1, 1)(0, 1, 1, 12)",2023-01-01,2023-04-01,3,940.1,774.6966903147452,831.1642846078613,893.9038814758865,956.6434783439116,1013.1110726370277
RO1_PRICE,validation,Steel Reinforcement Bars (16-32mm High Tensile),SARIMA,"(1, 1, 1)(0, 1, 1, 12)",2023-02-01,2023-05-01,3,922.8,862.9618750099858,919.3195122323485,981.9369388117645,1044.5543653911805,1100.9120026135433
RO1_PRICE,validation,Steel Reinforcement Bars (16-32mm High Tensile),SARIMA,"(1, 1, 1)(0, 1, 1, 12)",2023-03-01,2023-06-01,3,885.5,829.6136066212653,885.8414943769845,948.3147598790081,1010.7880253810316,1067.015913136751
RO1_PRICE,validation,Steel Reinforcement Bars (16-32mm High Tensile),SARIMA,"(1, 1, 1)(0, 1, 1, 12)",2023-04-01,2023-07-01,3,859.2,793.6003879921423,849.7641606249175,912.1661895705231,974.5682185161287,1030.731991148904
RO1_PRICE,validation,Steel Reinforcement Bars (16-32mm High Tensile),SARIMA,"(1, 1, 1)(0, 1, 1, 12)",2023-05-01,2023-08-01,3,832.6,778.066519131174,834.1453416770581,896.4529849086596,958.760628140261,1014.8394506861451
RO1_PRICE,validation,Steel Reinforcement Bars (16-32mm High Tensile),SARIMA,"(1, 1, 1)(0, 1, 1, 12)",2023-06-01,2023-09-01,3,830.1,720.597976206504,776.6335822906171,838.8932088956292,901.1528355006412,957.1884415847544
RO1_PRICE,validation,Steel Reinforcement Bars (16-32mm High Tensile),SARIMA,"(1, 1, 1)(0, 1, 1, 12)",2023-07-01,2023-10-01,3,827.4,690.9306747190006,746.884976970487,809.0542691147045,871.2235612589221,927.1778635104084
RO1_PRICE,validation,Steel Reinforcement Bars (16-32mm High Tensile),SARIMA,"(1, 1, 1)(0, 1, 1, 12)",2023-08-01,2023-11-01,3,826.7,640.9543529810725,696.8548855388185,758.9644356495526,821.0739857602866,876.9745183180327
RO1_PRICE,validation,Steel Reinforcement Bars (16-32mm High Tensile),SARIMA,"(1, 1, 1)(0, 1, 1, 12)",2023-09-01,2023-12-01,3,819.7,708.8352376888324,764.6355021224811,826.6336470677688,888.6317920130566,944.4320564467052
RO1_PRICE,validation,Steel Reinforcement Bars (16-32mm High Tensile),SARIMA,"(1, 1, 1)(0, 1, 1, 12)",2023-10-01,2024-01-01,3,833.7,731.2087232293062,786.9095900487564,848.7972970282955,910.6850040078346,966.3858708272847
RO1_PRICE,validation,Steel Reinforcement Bars (16-32mm High Tensile),SARIMA,"(1, 1, 1)(0, 1, 1, 12)",2023-11-01,2024-02-01,3,829.6,754.7717154406546,810.3753059837841,872.1549319579681,933.9345579321521,989.5381484752816
RO1_PRICE,validation,Steel Reinforcement Bars (16-32mm High Tensile),SARIMA,"(1, 1, 1)(0, 1, 1, 12)",2023-12-01,2024-03-01,3,821.7,723.0519781739899,778.5631788962339,840.2401530718133,901.9171272473927,957.4283279696367
RO1_PRICE,validation,Steel Reinforcement Bars (16-32mm High Tensile),SARIMA,"(1, 1, 1)(0, 1, 1, 12)",2024-01-01,2024-04-01,3,819.4,744.3507462657765,799.7375768772117,861.276366830278,922.8151567833443,978.2019873947795
RO1_PRICE,validation,Steel Reinforcement Bars (16-32mm High Tensile),SARIMA,"(1, 1, 1)(0, 1, 1, 12)",2024-02-01,2024-05-01,3,812.5,717.0601372835667,772.3366988030187,833.7529717892367,895.1692447754546,950.4458062949066
RO1_PRICE,validation,Steel Reinforcement Bars (16-32mm High Tensile),SARIMA,"(1, 1, 1)(0, 1, 1, 12)",2024-03-01,2024-06-01,3,805.7,690.0900495917193,745.285082805617,806.6107719253208,867.9364610450247,923.1314942589223
RO1_PRICE,validation,Steel Reinforcement Bars (16-32mm High Tensile),SARIMA,"(1, 1, 1)(0, 1, 1, 12)",2022-01-01,2022-07-01,6,1187.79,887.6252124843752,988.4983904756881,1100.5758147257777,1212.6532389758672,1313.5264169671802
RO1_PRICE,validation,Steel Reinforcement Bars (16-32mm High Tensile),SARIMA,"(1, 1, 1)(0, 1, 1, 12)",2022-02-01,2022-08-01,6,1106.3,1010.9034329841304,1111.6245001504471,1223.5329182305559,1335.4413363106646,1436.1624034769814
RO1_PRICE,validation,Steel Reinforcement Bars (16-32mm High Tensile),SARIMA,"(1, 1, 1)(0, 1, 1, 12)",2022-03-01,2022-09-01,6,1072.6,1179.404892164516,1281.4903189520442,1394.9146396253018,1508.3389602985594,1610.4243870860876
RO1_PRICE,validation,Steel Reinforcement Bars (16-32mm High Tensile),SARIMA,"(1, 1, 1)(0, 1, 1, 12)",2022-04-01,2022-10-01,6,1040.5,1066.0571548298365,1167.0278031046596,1279.2135239161773,1391.399244727695,1492.3698930025182
RO1_PRICE,validation,Steel Reinforcement Bars (16-32mm High Tensile),SARIMA,"(1, 1, 1)(0, 1, 1, 12)",2022-05-01,2022-11-01,6,1004.5,960.3705826322976,1061.0928650212968,1173.0026333020323,1284.9124015827679,1385.6346839717671
RO1_PRICE,validation,Steel Reinforcement Bars (16-32mm High Tensile),SARIMA,"(1, 1, 1)(0, 1, 1, 12)",2022-06-01,2022-12-01,6,952.3,1031.019414184875,1131.4334839429748,1243.000805614211,1354.5681272854472,1454.982197043547
RO1_PRICE,validation,Steel Reinforcement Bars (16-32mm High Tensile),SARIMA,"(1, 1, 1)(0, 1, 1, 12)",2022-07-01,2023-01-01,6,922.6,883.272685812273,984.1923517598146,1096.3214275043501,1208.4505032488858,1309.3701691964272
RO1_PRICE,validation,Steel Reinforcement Bars (16-32mm High Tensile),SARIMA,"(1, 1, 1)(0, 1, 1, 12)",2022-08-01,2023-02-01,6,942.1,755.8568639788857,857.9818694002694,971.4501648091921,1084.918460218115,1187.0434656394984
RO1_PRICE,validation,Steel Reinforcement Bars (16-32mm High Tensile),SARIMA,"(1, 1, 1)(0, 1, 1, 12)",2022-09-01,2023-03-01,6,946.6,856.0327090250502,957.1251167898781,1069.4461212346614,1181.7671256794447,1282.8595334442725
RO1_PRICE,validation,Steel Reinforcement Bars (16-32mm High Tensile),SARIMA,"(1, 1, 1)(0, 1, 1, 12)",2022-10-01,2023-04-01,6,940.1,842.6934631476806,943.6937703101489,1055.9124442991074,1168.1311182880659,1269.1314254505342
RO1_PRICE,validation,Steel Reinforcement Bars (16-32mm High Tensile),SARIMA,"(1, 1, 1)(0, 1, 1, 12)",2022-11-01,2023-05-01,6,922.8,813.075627116858,913.9795634254399,1026.0911623991026,1138.2027613727653,1239.1066976813472
RO1_PRICE,validation,Steel Reinforcement Bars (16-32mm High Tensile),SARIMA,"(1, 1, 1)(0, 1, 1, 12)",2022-12-01,2023-06-01,6,885.5,692.3739571049466,793.7733366155683,906.4354089564089,1019.0974812972495,1120.4968608078711
RO1_PRICE,validation,Steel Reinforcement Bars (16-32mm High Tensile),SARIMA,"(1, 1, 1)(0, 1, 1, 12)",2023-01-01,2023-07-01,6,859.2,662.1399483752905,763.5464190430591,876.2163701743157,988.8863213055722,1090.2927919733409
RO1_PRICE,validation,Steel Reinforcement Bars (16-32mm High Tensile),SARIMA,"(1, 1, 1)(0, 1, 1, 12)",2023-02-01,2023-08-01,6,832.6,770.5701399361749,871.3708033663628,983.367658674407,1095.3645139824514,1196.1651774126392
RO1_PRICE,validation,Steel Reinforcement Bars (16-32mm High Tensile),SARIMA,"(1, 1, 1)(0, 1, 1, 12)",2023-03-01,2023-09-01,6,830.1,726.6102093387954,827.232492352776,939.0311540678031,1050.82981578283,1151.4520987968108
RO1_PRICE,validation,Steel Reinforcement Bars (16-32mm High Tensile),SARIMA,"(1, 1, 1)(0, 1, 1, 12)",2023-04-01,2023-10-01,6,827.4,676.0798825268595,776.5655635078396,888.2124504467477,999.8593373856557,1100.345018366636
RO1_PRICE,validation,Steel Reinforcement Bars (16-32mm High Tensile),SARIMA,"(1, 1, 1)(0, 1, 1, 12)",2023-05-01,2023-11-01,6,826.7,644.5872046267068,744.9383559144622,856.4357705971967,967.9331852799311,1068.2843365676865
RO1_PRICE,validation,Steel Reinforcement Bars (16-32mm High Tensile),SARIMA,"(1, 1, 1)(0, 1, 1, 12)",2023-06-01,2023-12-01,6,819.7,600.7625974734266,701.105404234564,812.5935475424044,924.0816908502447,1024.4244976113823
RO1_PRICE,validation,Steel Reinforcement Bars (16-32mm High Tensile),SARIMA,"(1, 1, 1)(0, 1, 1, 12)",2023-07-01,2024-01-01,6,833.7,601.4423785632068,701.6681384887573,813.0262342645339,924.3843300403104,1024.6100899658609
RO1_PRICE,validation,Steel Reinforcement Bars (16-32mm High Tensile),SARIMA,"(1, 1, 1)(0, 1, 1, 12)",2023-08-01,2024-02-01,6,829.6,571.1372830524169,671.3520040897503,782.6978348592821,894.043665628814,994.2583866661473
RO1_PRICE,validation,Steel Reinforcement Bars (16-32mm High Tensile),SARIMA,"(1, 1, 1)(0, 1, 1, 12)",2023-09-01,2024-03-01,6,821.7,655.4933462935575,755.373485139475,866.3475708033152,977.3216564671554,1077.201795313073
RO1_PRICE,validation,Steel Reinforcement Bars (16-32mm High Tensile),SARIMA,"(1, 1, 1)(0, 1, 1, 12)",2023-10-01,2024-04-01,6,819.4,671.5595192388009,771.2485439248626,882.0102878820085,992.7720318391544,1092.461056525216
RO1_PRICE,validation,Steel Reinforcement Bars (16-32mm High Tensile),SARIMA,"(1, 1, 1)(0, 1, 1, 12)",2023-11-01,2024-05-01,6,812.5,687.4096601334934,786.921709784629,897.486821629393,1008.0519334741571,1107.5639831252927
RO1_PRICE,validation,Steel Reinforcement Bars (16-32mm High Tensile),SARIMA,"(1, 1, 1)(0, 1, 1, 12)",2023-12-01,2024-06-01,6,805.7,632.958444886404,732.2691917130717,842.6106415050493,952.952091297027,1052.2628381236946
RO1_PRICE,validation,Steel Reinforcement Bars (16-32mm High Tensile),SARIMA,"(1, 1, 1)(0, 1, 1, 12)",2021-07-01,2022-07-01,12,1187.79,780.5546501568426,947.5267782933631,1133.0449350099955,1318.5630917266278,1485.5352198631483
RO1_PRICE,validation,Steel Reinforcement Bars (16-32mm High Tensile),SARIMA,"(1, 1, 1)(0, 1, 1, 12)",2021-08-01,2022-08-01,12,1106.3,787.2761463516806,953.8883066107674,1139.006512881514,1324.1247191522607,1490.7368794113474
RO1_PRICE,validation,Steel Reinforcement Bars (16-32mm High Tensile),SARIMA,"(1, 1, 1)(0, 1, 1, 12)",2021-09-01,2022-09-01,12,1072.6,791.2793996189569,957.5444049462274,1142.2768968839027,1327.009388821578,1493.2743941488486
RO1_PRICE,validation,Steel Reinforcement Bars (16-32mm High Tensile),SARIMA,"(1, 1, 1)(0, 1, 1, 12)",2021-10-01,2022-10-01,12,1040.5,824.3610981526414,990.3948194378077,1174.870338013234,1359.3458565886604,1525.3795778738267
RO1_PRICE,validation,Steel Reinforcement Bars (16-32mm High Tensile),SARIMA,"(1, 1, 1)(0, 1, 1, 12)",2021-11-01,2022-11-01,12,1004.5,812.2719905247668,977.9403169985067,1162.00985541038,1346.0793938222532,1511.747720295993
RO1_PRICE,validation,Steel Reinforcement Bars (16-32mm High Tensile),SARIMA,"(1, 1, 1)(0, 1, 1, 12)",2021-12-01,2022-12-01,12,952.3,757.3813852225915,922.5930110907193,1106.1551219728,1289.7172328548809,1454.9288587230087
RO1_PRICE,validation,Steel Reinforcement Bars (16-32mm High Tensile),SARIMA,"(1, 1, 1)(0, 1, 1, 12)",2022-01-01,2023-01-01,12,922.6,753.9029950859729,918.841958552104,1102.1011217099813,1285.3602848678586,1450.2992483339897
RO1_PRICE,validation,Steel Reinforcement Bars (16-32mm High Tensile),SARIMA,"(1, 1, 1)(0, 1, 1, 12)",2022-02-01,2023-02-01,12,942.1,884.1216954745748,1048.5952188328545,1231.337244239454,1414.0792696460537,1578.5527930043334
RO1_PRICE,validation,Steel Reinforcement Bars (16-32mm High Tensile),SARIMA,"(1, 1, 1)(0, 1, 1, 12)",2022-03-01,2023-03-01,12,946.6,1076.5085404064052,1243.1409423829368,1428.2816386713353,1613.4223349597337,1780.0547369362653
RO1_PRICE,validation,Steel Reinforcement Bars (16-32mm High Tensile),SARIMA,"(1, 1, 1)(0, 1, 1, 12)",2022-04-01,2023-04-01,12,940.1,981.7481936575549,1145.9389046135268,1328.3667049086762,1510.7945052038256,1674.9852161597973
RO1_PRICE,validation,Steel Reinforcement Bars (16-32mm High Tensile),SARIMA,"(1, 1, 1)(0, 1, 1, 12)",2022-05-01,2023-05-01,12,922.8,887.3247457397545,1050.3571498879264,1231.497987225284,1412.6388245626417,1575.6712287108137
RO1_PRICE,validation,Steel Reinforcement Bars (16-32mm High Tensile),SARIMA,"(1, 1, 1)(0, 1, 1, 12)",2022-06-01,2023-06-01,12,885.5,947.5455844102696,1110.0552748081282,1290.6153392193046,1471.175403630481,1633.6850940283396
RO1_PRICE,validation,Steel Reinforcement Bars (16-32mm High Tensile),SARIMA,"(1, 1, 1)(0, 1, 1, 12)",2022-07-01,2023-07-01,12,859.2,773.2407274462606,936.9313948467071,1118.8036104479654,1300.6758260492238,1464.36649344967
RO1_PRICE,validation,Steel Reinforcement Bars (16-32mm High Tensile),SARIMA,"(1, 1, 1)(0, 1, 1, 12)",2022-08-01,2023-08-01,12,832.6,636.4980955389977,802.2852637575746,986.4868439760011,1170.6884241944274,1336.4755924130045
RO1_PRICE,validation,Steel Reinforcement Bars (16-32mm High Tensile),SARIMA,"(1, 1, 1)(0, 1, 1, 12)",2022-09-01,2023-09-01,12,830.1,724.0558669692708,887.45632710821,1069.0061013725729,1250.5558756369358,1413.9563357758748
RO1_PRICE,validation,Steel Reinforcement Bars (16-32mm High Tensile),SARIMA,"(1, 1, 1)(0, 1, 1, 12)",2022-10-01,2023-10-01,12,827.4,686.46095068923,849.9069864650978,1031.507398570929,1213.10781067676,1376.5538464526278
RO1_PRICE,validation,Steel Reinforcement Bars (16-32mm High Tensile),SARIMA,"(1, 1, 1)(0, 1, 1, 12)",2022-11-01,2023-11-01,12,826.7,642.6553178461284,806.0121068259909,987.5133592620464,1169.0146116981018,1332.3714006779644
RO1_PRICE,validation,Steel Reinforcement Bars (16-32mm High Tensile),SARIMA,"(1, 1, 1)(0, 1, 1, 12)",2022-12-01,2023-12-01,12,819.7,529.0617295624872,693.5086933981582,876.2212092468895,1058.933725095621,1223.3806889312918
RO1_PRICE,validation,Steel Reinforcement Bars (16-32mm High Tensile),SARIMA,"(1, 1, 1)(0, 1, 1, 12)",2023-01-01,2024-01-01,12,833.7,517.1640848797285,681.7441662372413,864.6045853172149,1047.4650043971883,1212.0450857547012
RO1_PRICE,validation,Steel Reinforcement Bars (16-32mm High Tensile),SARIMA,"(1, 1, 1)(0, 1, 1, 12)",2023-02-01,2024-02-01,12,829.6,637.9288051321705,800.9046540695063,981.9826544616557,1163.060654853805,1326.0365037911408
RO1_PRICE,validation,Steel Reinforcement Bars (16-32mm High Tensile),SARIMA,"(1, 1, 1)(0, 1, 1, 12)",2023-03-01,2024-03-01,12,821.7,613.7866069377758,776.5796500400638,957.4545398775738,1138.3294297150837,1301.1224728173718
RO1_PRICE,validation,Steel Reinforcement Bars (16-32mm High Tensile),SARIMA,"(1, 1, 1)(0, 1, 1, 12)",2023-04-01,2024-04-01,12,819.4,585.5378128657678,748.0593967398892,928.6326756666728,1109.2059545934562,1271.7275384675777
RO1_PRICE,validation,Steel Reinforcement Bars (16-32mm High Tensile),SARIMA,"(1, 1, 1)(0, 1, 1, 12)",2023-05-01,2024-05-01,12,812.5,567.2078898334149,729.524237302659,909.8694836832391,1090.2147300638192,1252.5310775330631
RO1_PRICE,validation,Steel Reinforcement Bars (16-32mm High Tensile),SARIMA,"(1, 1, 1)(0, 1, 1, 12)",2023-06-01,2024-06-01,12,805.7,509.94067285849553,672.3316616036341,852.7598398607704,1033.1880181179067,1195.5790068630454
RO1_DEMAND,validation,Cement,ETS,ETS_AAd_A,2022-05-01,2022-06-01,1,311.95,273.43867648565015,315.4426175945194,365.6884628258439,415.3474066745,461.4696469714754
RO1_DEMAND,validation,Cement,ETS,ETS_AAd_A,2022-06-01,2022-07-01,1,342.23,283.1122509642728,325.0837656913503,375.2908219205499,424.91142984571644,470.9980644987099
RO1_DEMAND,validation,Cement,ETS,ETS_AAd_A,2022-07-01,2022-08-01,1,402.46,280.38423972088606,322.2972770416624,372.43438157992625,421.985854891548,468.0082786892226
RO1_DEMAND,validation,Cement,ETS,ETS_AAd_A,2022-08-01,2022-09-01,1,346.61,271.600453584815,313.44509524072123,363.5003836945692,412.9709965823446,458.91831882509035
RO1_DEMAND,validation,Cement,ETS,ETS_AAd_A,2022-09-01,2022-10-01,1,368.78,286.8951099824344,328.66750836237344,378.63637815246227,428.0215817979144,473.88957763351755
RO1_DEMAND,validation,Cement,ETS,ETS_AAd_A,2022-10-01,2022-11-01,1,296.3,254.59860410736786,296.2942770890251,346.17136662265204,395.4658620596729,441.24960991370534
RO1_DEMAND,validation,Cement,ETS,ETS_AAd_A,2022-11-01,2022-12-01,1,375.31,287.8761489706563,329.5357919070808,379.36978167367056,428.62168077458955,474.36586599806253
RO1_DEMAND,validation,Cement,ETS,ETS_AAd_A,2022-12-01,2023-01-01,1,440.73,258.5836840134632,300.16816992053623,349.91225554086844,399.0753006294765,444.7369600118915
RO1_DEMAND,validation,Cement,ETS,ETS_AAd_A,2023-01-01,2023-02-01,1,282.49,189.15786365980057,230.7775371149371,280.56371469253327,329.7683600792878,375.46865699200123
RO1_DEMAND,validation,Cement,ETS,ETS_AAd_A,2023-02-01,2023-03-01,1,427.87,303.41005414733536,344.9531662560638,394.64775981890404,443.76189094671315,489.37812001428466
RO1_DEMAND,validation,Cement,ETS,ETS_AAd_A,2023-03-01,2023-04-01,1,315.7,265.2826973019541,306.76133214958,356.37879689077226,405.4167001074835,450.96213020591654
RO1_DEMAND,validation,Cement,ETS,ETS_AAd_A,2023-04-01,2023-05-01,1,398.82,247.62457503598222,289.0555058505724,338.61590619738763,387.59741156581754,433.09046046342206
RO1_DEMAND,validation,Cement,ETS,ETS_AAd_A,2023-05-01,2023-06-01,1,335.0,264.1786851748529,305.5827277899274,355.1109640046219,404.060680937141,449.52420536712475
RO1_DEMAND,validation,Cement,ETS,ETS_AAd_A,2023-06-01,2023-07-01,1,425.98,283.92294883517974,325.2584519344179,374.7046999876679,423.573386429274,468.9616513494168
RO1_DEMAND,validation,Cement,ETS,ETS_AAd_A,2023-07-01,2023-08-01,1,378.3,307.04180506598476,348.3360472380856,397.7329382523457,446.55284417455863,491.8958027175838
RO1_DEMAND,validation,Cement,ETS,ETS_AAd_A,2023-08-01,2023-09-01,1,446.33,282.7268592113893,323.9555186331817,373.27395842037,422.0163294725437,467.28727516893576
RO1_DEMAND,validation,Cement,ETS,ETS_AAd_A,2023-09-01,2023-10-01,1,335.47,322.8111775481179,364.035882602758,413.3495921071519,462.0872881290503,507.3538917502178
RO1_DEMAND,validation,Cement,ETS,ETS_AAd_A,2023-10-01,2023-11-01,1,381.97,269.5874260687866,310.8329239714689,360.1715062424905,408.9337845022961,454.22321961756967
RO1_DEMAND,validation,Cement,ETS,ETS_AAd_A,2023-11-01,2023-12-01,1,467.38,324.44960422235425,365.6265251340044,414.88307441510017,463.56427787913475,508.77841233509565
RO1_DEMAND,validation,Cement,ETS,ETS_AAd_A,2023-12-01,2024-01-01,1,434.45,314.3944616660669,355.5328689210935,404.743347495991,453.3790183871007,498.55086309408546
RO1_DEMAND,validation,Cement,ETS,ETS_AAd_A,2024-01-01,2024-02-01,1,367.77,225.02929386398156,266.1046786323982,315.2397686122089,363.80093149189986,408.90357463839274
RO1_DEMAND,validation,Cement,ETS,ETS_AAd_A,2024-02-01,2024-03-01,1,318.63,354.5155060388145,395.5515086969765,444.63948911124425,493.15409269316115,538.2134924890395
RO1_DEMAND,validation,Cement,ETS,ETS_AAd_A,2024-03-01,2024-04-01,1,395.86,268.93450205771677,310.1332161573775,359.41583482917724,408.1228031779138,453.36086754682395
RO1_DEMAND,validation,Cement,ETS,ETS_AAd_A,2024-04-01,2024-05-01,1,330.62,276.34385778763067,317.4860453152586,366.7010459180191,415.3411860170146,460.5171816354781
RO1_DEMAND,validation,Cement,ETS,ETS_AAd_A,2022-03-01,2022-06-01,3,311.95,251.24230901101168,298.9929914195987,350.83197541095353,403.01237928891334,454.0153762455691
RO1_DEMAND,validation,Cement,ETS,ETS_AAd_A,2022-04-01,2022-07-01,3,342.23,295.4451443022777,343.12453247936827,394.9929015876605,447.1990509007843,498.0980436181081
RO1_DEMAND,validation,Cement,ETS,ETS_AAd_A,2022-05-01,2022-08-01,3,402.46,303.66669741319015,351.25334317728584,403.02485123096426,455.11787533440724,505.940175174712
RO1_DEMAND,validation,Cement,ETS,ETS_AAd_A,2022-06-01,2022-09-01,3,346.61,270.9458883606007,318.55404627241546,370.2268474734325,422.37357466883486,473.01708193214944
RO1_DEMAND,validation,Cement,ETS,ETS_AAd_A,2022-07-01,2022-10-01,3,368.78,281.79268189769743,329.33731795375826,380.935304668101,433.0116202587967,483.58123538384643
RO1_DEMAND,validation,Cement,ETS,ETS_AAd_A,2022-08-01,2022-11-01,3,296.3,260.7213996217055,308.34772881766986,359.748668891924,411.7177934579914,462.10559692012475
RO1_DEMAND,validation,Cement,ETS,ETS_AAd_A,2022-09-01,2022-12-01,3,375.31,303.47652344254766,351.0040323611533,402.3221091457333,454.20903491294854,504.5244061537097
RO1_DEMAND,validation,Cement,ETS,ETS_AAd_A,2022-10-01,2023-01-01,3,440.73,272.7689466214058,320.04033160915367,371.39754602357334,423.17740705909296,473.52396771628503
RO1_DEMAND,validation,Cement,ETS,ETS_AAd_A,2022-11-01,2023-02-01,3,282.49,163.55389424934774,210.79346953589905,262.1048331006307,313.73571781364933,364.20447337144407
RO1_DEMAND,validation,Cement,ETS,ETS_AAd_A,2022-12-01,2023-03-01,3,427.87,276.10908818262453,323.2265468373448,374.4752876698659,426.02063643764745,476.38565470340404
RO1_DEMAND,validation,Cement,ETS,ETS_AAd_A,2023-01-01,2023-04-01,3,315.7,253.87912429442494,301.4564089050537,352.42881863425276,404.15111623176597,454.0621351765219
RO1_DEMAND,validation,Cement,ETS,ETS_AAd_A,2023-02-01,2023-05-01,3,398.82,248.29271633249718,295.7900216462557,346.6622832726598,398.29027666741456,448.10365069230545
RO1_DEMAND,validation,Cement,ETS,ETS_AAd_A,2023-03-01,2023-06-01,3,335.0,257.642569963322,304.86652661118643,355.81381382329585,407.3282997044948,457.2545361246338
RO1_DEMAND,validation,Cement,ETS,ETS_AAd_A,2023-04-01,2023-07-01,3,425.98,271.3475355343262,318.7136996851649,369.4510263981495,420.939284222469,470.6203722959333
RO1_DEMAND,validation,Cement,ETS,ETS_AAd_A,2023-05-01,2023-08-01,3,378.3,296.89299176399624,344.2320287991846,395.01100324990415,446.3635164608156,495.9427994565467
RO1_DEMAND,validation,Cement,ETS,ETS_AAd_A,2023-06-01,2023-09-01,3,446.33,272.34993533204613,319.60513717617744,370.287469940848,421.5762139732615,471.0801605077331
RO1_DEMAND,validation,Cement,ETS,ETS_AAd_A,2023-07-01,2023-10-01,3,335.47,306.57156416644233,353.77307848025697,404.38475135585225,455.6567651237001,505.12796278791063
RO1_DEMAND,validation,Cement,ETS,ETS_AAd_A,2023-08-01,2023-11-01,3,381.97,269.83428846749285,317.0450309568805,367.64494100029344,418.7332487344704,467.99031524804525
RO1_DEMAND,validation,Cement,ETS,ETS_AAd_A,2023-09-01,2023-12-01,3,467.38,338.7501292233,385.89688012145757,436.4852539582763,487.5658100731424,536.9189981475811
RO1_DEMAND,validation,Cement,ETS,ETS_AAd_A,2023-10-01,2024-01-01,3,434.45,292.6275404287921,339.8969307508136,390.49020121410183,441.4977365969885,490.5315711147284
RO1_DEMAND,validation,Cement,ETS,ETS_AAd_A,2023-11-01,2024-02-01,3,367.77,201.02455113598157,248.20326705160863,298.70825292337906,349.6331612447415,398.56675446799073
RO1_DEMAND,validation,Cement,ETS,ETS_AAd_A,2023-12-01,2024-03-01,3,318.63,330.2849336962569,377.4247283118194,427.8842706733617,478.7606081337458,527.6564969024959
RO1_DEMAND,validation,Cement,ETS,ETS_AAd_A,2024-01-01,2024-04-01,3,395.86,288.2740922433497,335.35288350937185,385.7843205842878,436.5746087838604,485.46517620211165
RO1_DEMAND,validation,Cement,ETS,ETS_AAd_A,2024-02-01,2024-05-01,3,330.62,300.1179151025191,347.09863200062455,397.46552690057774,448.3095386967165,497.35291987120365
RO1_DEMAND,validation,Cement,ETS,ETS_AAd_A,2021-12-01,2022-06-01,6,311.95,229.08905020186094,283.4363522709164,337.00689936500385,397.4494899906265,448.2577069391913
RO1_DEMAND,validation,Cement,ETS,ETS_AAd_A,2022-01-01,2022-07-01,6,342.23,270.95051125946287,325.2217408637767,378.81458438928007,439.0172068809902,489.6348501339493
RO1_DEMAND,validation,Cement,ETS,ETS_AAd_A,2022-02-01,2022-08-01,6,402.46,293.00538238884957,347.3086347414908,400.8200699195944,461.0980187113681,511.76058025545024
RO1_DEMAND,validation,Cement,ETS,ETS_AAd_A,2022-03-01,2022-09-01,6,346.61,257.6566337243984,311.6718667565029,365.0631773321146,424.84070312802055,475.3454995983077
RO1_DEMAND,validation,Cement,ETS,ETS_AAd_A,2022-04-01,2022-10-01,6,368.78,296.7565901464746,350.64557308629804,404.0654619232622,463.8216653261194,514.1288211721424
RO1_DEMAND,validation,Cement,ETS,ETS_AAd_A,2022-05-01,2022-11-01,6,296.3,268.7144748020731,322.50455945858346,375.82804608993825,435.4672857178292,485.696140541833
RO1_DEMAND,validation,Cement,ETS,ETS_AAd_A,2022-06-01,2022-12-01,6,375.31,301.1898288309313,354.92098717731704,408.1188368600085,467.7154879138285,517.8415913106527
RO1_DEMAND,validation,Cement,ETS,ETS_AAd_A,2022-07-01,2023-01-01,6,440.73,263.9049340749974,317.560850122689,370.68237158997397,430.1954659077459,480.2509657395249
RO1_DEMAND,validation,Cement,ETS,ETS_AAd_A,2022-08-01,2023-02-01,6,282.49,177.20238001768027,230.75516728532793,283.67062330720194,342.99509028385546,392.9245733247319
RO1_DEMAND,validation,Cement,ETS,ETS_AAd_A,2022-09-01,2023-03-01,6,427.87,286.2465097378333,339.7006698025026,392.5381121809177,451.7880933065911,501.6458867946436
RO1_DEMAND,validation,Cement,ETS,ETS_AAd_A,2022-10-01,2023-04-01,6,315.7,236.05240854117525,289.4345383565476,342.30656180291726,401.51452977743685,451.3220716064412
RO1_DEMAND,validation,Cement,ETS,ETS_AAd_A,2022-11-01,2023-05-01,6,398.82,215.84324545717212,269.2749548582408,322.1197573698373,381.27141746200016,431.2169479382896
RO1_DEMAND,validation,Cement,ETS,ETS_AAd_A,2022-12-01,2023-06-01,6,335.0,214.59644550502694,267.87569626738673,320.6603154598908,379.7045910388663,429.4923141128758
RO1_DEMAND,validation,Cement,ETS,ETS_AAd_A,2023-01-01,2023-07-01,6,425.98,265.5471671220184,318.5989713031724,371.2802694659988,430.1195904264116,479.7423412708643
RO1_DEMAND,validation,Cement,ETS,ETS_AAd_A,2023-02-01,2023-08-01,6,378.3,274.9875953739266,327.92582063731396,380.5166142478357,439.24372716361887,488.77129631319013
RO1_DEMAND,validation,Cement,ETS,ETS_AAd_A,2023-03-01,2023-09-01,6,446.33,265.0184602922608,318.09743133999825,370.54865564809336,429.3277733755216,478.84184303862645
RO1_DEMAND,validation,Cement,ETS,ETS_AAd_A,2023-04-01,2023-10-01,6,335.47,273.9850431979713,326.78667230610006,379.23275717308934,437.80280282914345,487.19811926131604
RO1_DEMAND,validation,Cement,ETS,ETS_AAd_A,2023-05-01,2023-11-01,6,381.97,259.63557036868764,312.136170721955,364.58056734286777,423.0177141484953,472.28164919325116
RO1_DEMAND,validation,Cement,ETS,ETS_AAd_A,2023-06-01,2023-12-01,6,467.38,302.83257117153624,355.2692349923347,407.6286628817614,465.9846117087247,515.1735590473011
RO1_DEMAND,validation,Cement,ETS,ETS_AAd_A,2023-07-01,2024-01-01,6,434.45,292.58298133476364,345.02426171771606,397.33586924789057,455.67200893378464,504.8238359588571
RO1_DEMAND,validation,Cement,ETS,ETS_AAd_A,2023-08-01,2024-02-01,6,367.77,189.79016201557837,241.8146947603112,294.0600714607836,352.1302806292724,401.0884849988533
RO1_DEMAND,validation,Cement,ETS,ETS_AAd_A,2023-09-01,2024-03-01,6,318.63,324.23620763129406,376.46795600910446,428.6687684960566,486.82272512314603,535.8474895292287
RO1_DEMAND,validation,Cement,ETS,ETS_AAd_A,2023-10-01,2024-04-01,6,395.86,253.5831180280709,304.9742705665047,357.5353271213135,415.23491336206644,463.6001299257609
RO1_DEMAND,validation,Cement,ETS,ETS_AAd_A,2023-11-01,2024-05-01,6,330.62,256.96339173569146,308.2657283396656,360.73288420926843,418.2822737983177,466.54583939544557
RO1_DEMAND,validation,Cement,ETS,ETS_AAd_A,2021-06-01,2022-06-01,12,311.95,224.19458431371913,290.49012726514496,355.11315773732247,419.6355160368271,481.8660297787211
RO1_DEMAND,validation,Cement,ETS,ETS_AAd_A,2021-07-01,2022-07-01,12,342.23,249.55906518267594,315.7251601028804,380.1783650850155,444.48969346375617,506.56161095562925
RO1_DEMAND,validation,Cement,ETS,ETS_AAd_A,2021-08-01,2022-08-01,12,402.46,259.4085656183711,325.4702467892774,389.9538969936974,454.4753373369782,516.6133986816162
RO1_DEMAND,validation,Cement,ETS,ETS_AAd_A,2021-09-01,2022-09-01,12,346.61,252.75049933592175,318.950048204792,383.55188021283334,447.97509852612103,510.4659680955978
RO1_DEMAND,validation,Cement,ETS,ETS_AAd_A,2021-10-01,2022-10-01,12,368.78,276.45002908918076,342.52428748089403,407.0028153895943,471.30437740345974,533.6767188982075
RO1_DEMAND,validation,Cement,ETS,ETS_AAd_A,2021-11-01,2022-11-01,12,296.3,230.56200148924262,296.3347424671726,360.38847059612215,424.25741640341585,485.93919026366854
RO1_DEMAND,validation,Cement,ETS,ETS_AAd_A,2021-12-01,2022-12-01,12,375.31,266.52144642339846,332.2215469302363,396.24823920916896,460.1600636452152,521.81811962474
RO1_DEMAND,validation,Cement,ETS,ETS_AAd_A,2022-01-01,2023-01-01,12,440.73,255.3978784071866,320.8199799644931,384.5922607632899,448.0568933934995,509.3344612749432
RO1_DEMAND,validation,Cement,ETS,ETS_AAd_A,2022-02-01,2023-02-01,12,282.49,175.10014159998317,240.60803761109997,304.4825707339986,368.0567865737918,429.5079742705544
RO1_DEMAND,validation,Cement,ETS,ETS_AAd_A,2022-03-01,2023-03-01,12,427.87,270.9454623916962,336.2324631731038,399.60056396495986,462.6812064176855,523.6498828929602
RO1_DEMAND,validation,Cement,ETS,ETS_AAd_A,2022-04-01,2023-04-01,12,315.7,242.47441251800686,307.73593163410703,370.9960429466905,433.97697537788747,494.7504637932164
RO1_DEMAND,validation,Cement,ETS,ETS_AAd_A,2022-05-01,2023-05-01,12,398.82,237.900476879653,303.0276993257375,366.1828140265364,429.04394908823303,489.70245511690223
RO1_DEMAND,validation,Cement,ETS,ETS_AAd_A,2022-06-01,2023-06-01,12,335.0,222.91923685886164,288.06462265758705,351.1118568798381,413.87530819531486,474.4067465016886
RO1_DEMAND,validation,Cement,ETS,ETS_AAd_A,2022-07-01,2023-07-01,12,425.98,239.25029072776252,304.30654600842706,367.2661367536143,429.9393584985269,490.3838556451299
RO1_DEMAND,validation,Cement,ETS,ETS_AAd_A,2022-08-01,2023-08-01,12,378.3,256.48234613423597,321.51713060362465,384.2851534623933,446.80340579551677,506.9936489309501
RO1_DEMAND,validation,Cement,ETS,ETS_AAd_A,2022-09-01,2023-09-01,12,446.33,233.17081213555326,298.09162504453144,360.75936386341226,423.17179261055503,483.281402982752
RO1_DEMAND,validation,Cement,ETS,ETS_AAd_A,2022-10-01,2023-10-01,12,335.47,250.48461671996756,315.1842593764534,377.81500762320735,440.1959476647313,500.35761998815354
RO1_DEMAND,validation,Cement,ETS,ETS_AAd_A,2022-11-01,2023-11-01,12,381.97,205.45801622249564,270.05844613088794,332.75339489290786,395.15646248095385,455.43475578307476
RO1_DEMAND,validation,Cement,ETS,ETS_AAd_A,2022-12-01,2023-12-01,12,467.38,253.3382228134551,317.81472250048023,380.3745070769787,442.62657208875925,502.68212746473847
RO1_DEMAND,validation,Cement,ETS,ETS_AAd_A,2023-01-01,2024-01-01,12,434.45,254.15249181443212,318.35264338610716,380.758440213718,443.0276587422364,502.83775383534754
RO1_DEMAND,validation,Cement,ETS,ETS_AAd_A,2023-02-01,2024-02-01,12,367.77,157.08045349147952,221.14508574186635,283.43916775941045,345.5936190284099,405.2917900502872
RO1_DEMAND,validation,Cement,ETS,ETS_AAd_A,2023-03-01,2024-03-01,12,318.63,280.7545552601601,345.20773550362554,407.42163279393253,469.3986160257758,529.0479056354086
RO1_DEMAND,validation,Cement,ETS,ETS_AAd_A,2023-04-01,2024-04-01,12,395.86,220.01080400159233,283.9090946883598,346.0336747944347,408.0204782411726,467.5581689819718
RO1_DEMAND,validation,Cement,ETS,ETS_AAd_A,2023-05-01,2024-05-01,12,330.62,233.96539042837782,297.5396341396589,359.7454449080548,421.6128213830085,481.05866108688895
RO1_DEMAND,validation,Cement,SARIMA,"(0, 1, 1)(0, 1, 1, 12)",2022-05-01,2022-06-01,1,311.95,274.7418893137261,319.2631312964188,368.7294634294747,418.19579556253063,462.7170375452233
RO1_DEMAND,validation,Cement,SARIMA,"(0, 1, 1)(0, 1, 1, 12)",2022-06-01,2022-07-01,1,342.23,283.59561036316865,328.0811104926962,377.5077308319885,426.9343511712808,471.4198513008084
RO1_DEMAND,validation,Cement,SARIMA,"(0, 1, 1)(0, 1, 1, 12)",2022-07-01,2022-08-01,1,402.46,280.3923214851044,324.810896868738,374.1631589565332,423.51542104432843,467.93399642796203
RO1_DEMAND,validation,Cement,SARIMA,"(0, 1, 1)(0, 1, 1, 12)",2022-08-01,2022-09-01,1,346.61,272.32729238136324,316.67175200987845,365.9416661128532,415.211580215828,459.5560398443432
RO1_DEMAND,validation,Cement,SARIMA,"(0, 1, 1)(0, 1, 1, 12)",2022-09-01,2022-10-01,1,368.78,287.22378030333687,331.4885018419076,380.6698211378824,429.85114043385727,474.115861972428
RO1_DEMAND,validation,Cement,SARIMA,"(0, 1, 1)(0, 1, 1, 12)",2022-10-01,2022-11-01,1,296.3,255.00420811128882,299.1859387677195,348.2750491684091,397.3641595690987,441.54589022552943
RO1_DEMAND,validation,Cement,SARIMA,"(0, 1, 1)(0, 1, 1, 12)",2022-11-01,2022-12-01,1,375.31,287.58175326683,331.72128020834816,380.7634992177347,429.80571822712125,473.9452451686394
RO1_DEMAND,validation,Cement,SARIMA,"(0, 1, 1)(0, 1, 1, 12)",2022-12-01,2023-01-01,1,440.73,259.32865184321116,303.3848937463842,352.3345770315854,401.28426031678663,445.34050221995966
RO1_DEMAND,validation,Cement,SARIMA,"(0, 1, 1)(0, 1, 1, 12)",2023-01-01,2023-02-01,1,282.49,190.00730277456393,234.08589823395374,283.0604179430042,332.0349376520547,376.1135331114445
RO1_DEMAND,validation,Cement,SARIMA,"(0, 1, 1)(0, 1, 1, 12)",2023-02-01,2023-03-01,1,427.87,304.15204614915905,348.135673076206,397.00467585100535,445.8736786258047,489.85730555285164
RO1_DEMAND,validation,Cement,SARIMA,"(0, 1, 1)(0, 1, 1, 12)",2023-03-01,2023-04-01,1,315.7,266.7251287521822,310.6353791068864,359.4228551825945,408.21033125830263,452.12058161300683
RO1_DEMAND,validation,Cement,SARIMA,"(0, 1, 1)(0, 1, 1, 12)",2023-04-01,2023-05-01,1,398.82,248.36383073163273,292.21907261480675,340.94543028497037,389.671787955134,433.527029838308
RO1_DEMAND,validation,Cement,SARIMA,"(0, 1, 1)(0, 1, 1, 12)",2023-05-01,2023-06-01,1,335.0,265.9336555658327,309.75790796507874,358.4498340687285,407.1417601723782,450.9660125716243
RO1_DEMAND,validation,Cement,SARIMA,"(0, 1, 1)(0, 1, 1, 12)",2023-06-01,2023-07-01,1,425.98,285.08395641382026,328.83405336744846,377.4435873872512,426.053121407054,469.8032183606822
RO1_DEMAND,validation,Cement,SARIMA,"(0, 1, 1)(0, 1, 1, 12)",2023-07-01,2023-08-01,1,378.3,308.92822612543205,352.6336266687932,401.19349973178157,449.7533727947699,493.4587733381311
RO1_DEMAND,validation,Cement,SARIMA,"(0, 1, 1)(0, 1, 1, 12)",2023-08-01,2023-09-01,1,446.33,283.99237296159686,327.624233749315,376.10239880471835,424.5805638601217,468.21242464783984
RO1_DEMAND,validation,Cement,SARIMA,"(0, 1, 1)(0, 1, 1, 12)",2023-09-01,2023-10-01,1,335.47,325.2968720050831,368.92509937202857,417.3992274331631,465.87335549429764,509.5015828612431
RO1_DEMAND,validation,Cement,SARIMA,"(0, 1, 1)(0, 1, 1, 12)",2023-10-01,2023-11-01,1,381.97,270.49138159738277,314.14317000535635,362.6434760936301,411.1437821819039,454.79557058987746
RO1_DEMAND,validation,Cement,SARIMA,"(0, 1, 1)(0, 1, 1, 12)",2023-11-01,2023-12-01,1,467.38,325.6234248338083,369.20108076157743,417.61902028224586,466.0369598029143,509.6146157306834
RO1_DEMAND,validation,Cement,SARIMA,"(0, 1, 1)(0, 1, 1, 12)",2023-12-01,2024-01-01,1,434.45,317.25898750641454,360.7947437403163,409.166129659135,457.5375155779537,501.0732718118554
RO1_DEMAND,validation,Cement,SARIMA,"(0, 1, 1)(0, 1, 1, 12)",2024-01-01,2024-02-01,1,367.77,226.65925461323206,270.108468759071,318.3837001350028,366.6589315109346,410.10814565677356
RO1_DEMAND,validation,Cement,SARIMA,"(0, 1, 1)(0, 1, 1, 12)",2024-02-01,2024-03-01,1,318.63,356.7342168036086,400.1330103300206,448.3522207371778,496.57143114433495,539.970224670747
RO1_DEMAND,validation,Cement,SARIMA,"(0, 1, 1)(0, 1, 1, 12)",2024-03-01,2024-04-01,1,395.86,269.2683270321106,312.84113246295755,361.25368272939414,409.66623299583074,453.23903842667767
RO1_DEMAND,validation,Cement,SARIMA,"(0, 1, 1)(0, 1, 1, 12)",2024-04-01,2024-05-01,1,330.62,277.3995837228843,320.90963262447104,369.25245583070773,417.5952790369444,461.10532793853116
RO1_DEMAND,validation,Cement,SARIMA,"(0, 1, 1)(0, 1, 1, 12)",2022-03-01,2022-06-01,3,311.95,245.82758552809716,294.3133512692002,348.1845571265595,402.05576298391884,450.54152872502186
RO1_DEMAND,validation,Cement,SARIMA,"(0, 1, 1)(0, 1, 1, 12)",2022-04-01,2022-07-01,3,342.23,291.6646933075455,340.10931837936624,393.9348139662959,447.76030955322557,496.2049346250463
RO1_DEMAND,validation,Cement,SARIMA,"(0, 1, 1)(0, 1, 1, 12)",2022-05-01,2022-08-01,3,402.46,299.61861484293354,347.96715202428913,401.68588698882735,455.40462195336556,503.75315913472116
RO1_DEMAND,validation,Cement,SARIMA,"(0, 1, 1)(0, 1, 1, 12)",2022-06-01,2022-09-01,3,346.61,266.10877088931466,314.38840831878895,368.03059065679054,421.6727729947921,469.9524104242664
RO1_DEMAND,validation,Cement,SARIMA,"(0, 1, 1)(0, 1, 1, 12)",2022-07-01,2022-10-01,3,368.78,276.1650309506807,324.38721401385055,377.9655603796388,431.5439067454271,479.7660898085969
RO1_DEMAND,validation,Cement,SARIMA,"(0, 1, 1)(0, 1, 1, 12)",2022-08-01,2022-11-01,3,296.3,256.0058782758027,304.12472752950663,357.5882625308321,411.05179753215754,459.1706467858615
RO1_DEMAND,validation,Cement,SARIMA,"(0, 1, 1)(0, 1, 1, 12)",2022-09-01,2022-12-01,3,375.31,298.4742285501295,346.50997573300947,399.8811783003493,453.2523808676891,501.28812805056907
RO1_DEMAND,validation,Cement,SARIMA,"(0, 1, 1)(0, 1, 1, 12)",2022-10-01,2023-01-01,3,440.73,268.3202114045326,316.271304793795,369.5484508504689,422.82559690714277,470.7766902964052
RO1_DEMAND,validation,Cement,SARIMA,"(0, 1, 1)(0, 1, 1, 12)",2022-11-01,2023-02-01,3,282.49,157.24033908615814,205.15104408521844,258.38331570813693,311.6155873310554,359.5262923301157
RO1_DEMAND,validation,Cement,SARIMA,"(0, 1, 1)(0, 1, 1, 12)",2022-12-01,2023-03-01,3,427.87,269.89270187532964,317.7159470904885,370.85104454381764,423.9861419971468,471.80938721230564
RO1_DEMAND,validation,Cement,SARIMA,"(0, 1, 1)(0, 1, 1, 12)",2023-01-01,2023-04-01,3,315.7,249.5086567627767,297.30087805746473,350.4015056827806,403.5021333080965,451.29435460278455
RO1_DEMAND,validation,Cement,SARIMA,"(0, 1, 1)(0, 1, 1, 12)",2023-02-01,2023-05-01,3,398.82,244.06185334590342,291.7525562249351,344.74038952011017,397.7282228152852,445.41892569431695
RO1_DEMAND,validation,Cement,SARIMA,"(0, 1, 1)(0, 1, 1, 12)",2023-03-01,2023-06-01,3,335.0,253.78842064950817,301.41445195853885,354.33043044421686,407.24640892989487,454.87244023892555
RO1_DEMAND,validation,Cement,SARIMA,"(0, 1, 1)(0, 1, 1, 12)",2023-04-01,2023-07-01,3,425.98,266.9309280969282,314.46491877367487,367.278633434636,420.0923480955971,467.6263387723438
RO1_DEMAND,validation,Cement,SARIMA,"(0, 1, 1)(0, 1, 1, 12)",2023-05-01,2023-08-01,3,378.3,293.53598569828364,341.03213903026796,393.80381365416594,446.5754882780639,494.07164161004823
RO1_DEMAND,validation,Cement,SARIMA,"(0, 1, 1)(0, 1, 1, 12)",2023-06-01,2023-09-01,3,446.33,268.48177707083335,315.8803520054951,368.54360994567077,421.2068678858464,468.6054428205082
RO1_DEMAND,validation,Cement,SARIMA,"(0, 1, 1)(0, 1, 1, 12)",2023-07-01,2023-10-01,3,335.47,303.45467774825624,350.81424592544823,403.4341645261422,456.05408312683613,503.4136513040281
RO1_DEMAND,validation,Cement,SARIMA,"(0, 1, 1)(0, 1, 1, 12)",2023-08-01,2023-11-01,3,381.97,266.22739016847567,313.4894128050429,366.00095122819107,418.51248965133925,465.7745122879065
RO1_DEMAND,validation,Cement,SARIMA,"(0, 1, 1)(0, 1, 1, 12)",2023-09-01,2023-12-01,3,467.38,336.28062322988205,383.5563026727655,436.08301479922994,488.60972692569436,535.8854063685778
RO1_DEMAND,validation,Cement,SARIMA,"(0, 1, 1)(0, 1, 1, 12)",2023-10-01,2024-01-01,3,434.45,289.3811932929386,336.59226172387184,389.04718632523026,441.50211092658867,488.71317935752194
RO1_DEMAND,validation,Cement,SARIMA,"(0, 1, 1)(0, 1, 1, 12)",2023-11-01,2024-02-01,3,367.77,197.0306281524709,244.14139538414486,296.48487807115066,348.82836075815646,395.9391279898304
RO1_DEMAND,validation,Cement,SARIMA,"(0, 1, 1)(0, 1, 1, 12)",2023-12-01,2024-03-01,3,318.63,326.98416839493655,374.04860336311793,426.3406075416112,478.6326117201044,525.6970466882858
RO1_DEMAND,validation,Cement,SARIMA,"(0, 1, 1)(0, 1, 1, 12)",2024-01-01,2024-04-01,3,395.86,285.13367437198053,332.1365259372246,384.3601064840327,436.58368703084085,483.5865385960849
RO1_DEMAND,validation,Cement,SARIMA,"(0, 1, 1)(0, 1, 1, 12)",2024-02-01,2024-05-01,3,330.62,297.8175006280503,344.80711160087344,397.01598088822067,449.2248501755679,496.214461148391
RO1_DEMAND,validation,Cement,SARIMA,"(0, 1, 1)(0, 1, 1, 12)",2021-12-01,2022-06-01,6,311.95,221.61361825653606,275.7226287104809,335.84166769745093,395.960706684421,450.06971713836583
RO1_DEMAND,validation,Cement,SARIMA,"(0, 1, 1)(0, 1, 1, 12)",2022-01-01,2022-07-01,6,342.23,264.9301751421885,318.8820951479314,378.82659524201284,438.7710953360943,492.7230153418372
RO1_DEMAND,validation,Cement,SARIMA,"(0, 1, 1)(0, 1, 1, 12)",2022-02-01,2022-08-01,6,402.46,288.12917062438476,342.0499409890809,401.95983157046174,461.8697221518426,515.7904925165387
RO1_DEMAND,validation,Cement,SARIMA,"(0, 1, 1)(0, 1, 1, 12)",2022-03-01,2022-09-01,6,346.61,250.9727444443783,304.72728106890474,364.4524738962079,424.17766672351104,477.9322033480375
RO1_DEMAND,validation,Cement,SARIMA,"(0, 1, 1)(0, 1, 1, 12)",2022-04-01,2022-10-01,6,368.78,291.61697736276307,345.3012444215128,404.94836265959157,464.5954808976703,518.2797479564201
RO1_DEMAND,validation,Cement,SARIMA,"(0, 1, 1)(0, 1, 1, 12)",2022-05-01,2022-11-01,6,296.3,263.5343444160987,317.1136040017853,376.64405131363486,436.17449862548443,489.75375821117103
RO1_DEMAND,validation,Cement,SARIMA,"(0, 1, 1)(0, 1, 1, 12)",2022-06-01,2022-12-01,6,375.31,294.8569009009825,348.3252459422,407.7324591426286,467.1396723430572,520.6080173842747
RO1_DEMAND,validation,Cement,SARIMA,"(0, 1, 1)(0, 1, 1, 12)",2022-07-01,2023-01-01,6,440.73,257.61695754465563,311.03909303342925,370.39496406622925,429.75083509902925,483.17297058780287
RO1_DEMAND,validation,Cement,SARIMA,"(0, 1, 1)(0, 1, 1, 12)",2022-08-01,2023-02-01,6,282.49,170.81333897048398,224.08186912923043,283.2670734884573,342.4522778476842,395.7208080064306
RO1_DEMAND,validation,Cement,SARIMA,"(0, 1, 1)(0, 1, 1, 12)",2022-09-01,2023-03-01,6,427.87,279.3568210674351,332.533583342902,391.61682692135776,450.70007049981353,503.87683277528043
RO1_DEMAND,validation,Cement,SARIMA,"(0, 1, 1)(0, 1, 1, 12)",2022-10-01,2023-04-01,6,315.7,229.22472569601388,282.3106564947196,341.2929797080303,400.27530292134105,453.36123372004676
RO1_DEMAND,validation,Cement,SARIMA,"(0, 1, 1)(0, 1, 1, 12)",2022-11-01,2023-05-01,6,398.82,208.17594068627548,261.25661415717315,320.23309609760145,379.20957803802975,432.29025150892744
RO1_DEMAND,validation,Cement,SARIMA,"(0, 1, 1)(0, 1, 1, 12)",2022-12-01,2023-06-01,6,335.0,207.11602617181592,260.10788186595926,318.985680808147,377.8634797503347,430.85533544447804
RO1_DEMAND,validation,Cement,SARIMA,"(0, 1, 1)(0, 1, 1, 12)",2023-01-01,2023-07-01,6,425.98,259.6183817147736,312.4942968970863,371.24327751322375,429.9922581293612,482.8681733116739
RO1_DEMAND,validation,Cement,SARIMA,"(0, 1, 1)(0, 1, 1, 12)",2023-02-01,2023-08-01,6,378.3,269.10226632254603,321.8674548157878,380.49341004149005,439.1193652671923,491.8845537604341
RO1_DEMAND,validation,Cement,SARIMA,"(0, 1, 1)(0, 1, 1, 12)",2023-03-01,2023-09-01,6,446.33,260.0882620167706,312.79906225081066,371.3645881718935,429.93011409297634,482.6409143270164
RO1_DEMAND,validation,Cement,SARIMA,"(0, 1, 1)(0, 1, 1, 12)",2023-04-01,2023-10-01,6,335.47,267.95683147911046,320.52843769045535,378.9393089466874,437.35018020291943,489.9217864142643
RO1_DEMAND,validation,Cement,SARIMA,"(0, 1, 1)(0, 1, 1, 12)",2023-05-01,2023-11-01,6,381.97,254.49862186396626,307.0234758202787,365.3824019269054,423.7413280335321,476.26618198984454
RO1_DEMAND,validation,Cement,SARIMA,"(0, 1, 1)(0, 1, 1, 12)",2023-06-01,2023-12-01,6,467.38,297.1741066326686,349.57116286327755,407.7880964183946,466.0050299735117,518.4020862041206
RO1_DEMAND,validation,Cement,SARIMA,"(0, 1, 1)(0, 1, 1, 12)",2023-07-01,2024-01-01,6,434.45,288.6296502862823,340.9944452524845,399.1755342006431,457.35662314880165,509.72141811500387
RO1_DEMAND,validation,Cement,SARIMA,"(0, 1, 1)(0, 1, 1, 12)",2023-08-01,2024-02-01,6,367.77,183.96355754226227,236.1880918203994,294.2133409610401,352.2385901016808,404.46312437981794
RO1_DEMAND,validation,Cement,SARIMA,"(0, 1, 1)(0, 1, 1, 12)",2023-09-01,2024-03-01,6,318.63,320.0019908384017,372.25864339053913,430.31957826541554,488.38051314029195,540.6371656924293
RO1_DEMAND,validation,Cement,SARIMA,"(0, 1, 1)(0, 1, 1, 12)",2023-10-01,2024-04-01,6,395.86,246.89135233416854,298.9691517517718,356.83136780924985,414.6935838667279,466.77138328433114
RO1_DEMAND,validation,Cement,SARIMA,"(0, 1, 1)(0, 1, 1, 12)",2023-11-01,2024-05-01,6,330.62,250.79059723843795,302.76555333217925,360.51350299031026,418.26145264844126,470.23640874218256
RO1_DEMAND,validation,Cement,SARIMA,"(0, 1, 1)(0, 1, 1, 12)",2021-06-01,2022-06-01,12,311.95,217.72093563827823,281.9730911534823,353.3619007068051,424.7507102601279,489.002865775332
RO1_DEMAND,validation,Cement,SARIMA,"(0, 1, 1)(0, 1, 1, 12)",2021-07-01,2022-07-01,12,342.23,241.83668315766351,305.9347525306063,377.1523611930563,448.3699698555063,512.4680392284491
RO1_DEMAND,validation,Cement,SARIMA,"(0, 1, 1)(0, 1, 1, 12)",2021-08-01,2022-08-01,12,402.46,252.6104784673865,316.6033143515764,387.7040009679569,458.80468758433744,522.7975234685273
RO1_DEMAND,validation,Cement,SARIMA,"(0, 1, 1)(0, 1, 1, 12)",2021-09-01,2022-09-01,12,346.61,248.41525725269224,312.48632330412977,383.67392931591706,454.86153532770436,518.9326013791419
RO1_DEMAND,validation,Cement,SARIMA,"(0, 1, 1)(0, 1, 1, 12)",2021-10-01,2022-10-01,12,368.78,271.54279093239506,335.5257110786067,406.6153805902001,477.7050501017935,541.6879702480052
RO1_DEMAND,validation,Cement,SARIMA,"(0, 1, 1)(0, 1, 1, 12)",2021-11-01,2022-11-01,12,296.3,222.81790883993204,286.40253620869134,357.0496735280491,427.6968108474068,491.2814382161661
RO1_DEMAND,validation,Cement,SARIMA,"(0, 1, 1)(0, 1, 1, 12)",2021-12-01,2022-12-01,12,375.31,257.646980482967,321.1995817653917,391.81113577770327,462.42268979001483,525.9752910724395
RO1_DEMAND,validation,Cement,SARIMA,"(0, 1, 1)(0, 1, 1, 12)",2022-01-01,2023-01-01,12,440.73,248.65408661731652,311.9469322616778,382.2698789015608,452.5928255414438,515.885671185805
RO1_DEMAND,validation,Cement,SARIMA,"(0, 1, 1)(0, 1, 1, 12)",2022-02-01,2023-02-01,12,282.49,169.02350214135984,232.31213002756624,302.63039043192543,372.9486508362846,436.23727872249106
RO1_DEMAND,validation,Cement,SARIMA,"(0, 1, 1)(0, 1, 1, 12)",2022-03-01,2023-03-01,12,427.87,262.91758621528817,325.8996228580395,395.87723813206435,465.8548534060892,528.8368900488406
RO1_DEMAND,validation,Cement,SARIMA,"(0, 1, 1)(0, 1, 1, 12)",2022-04-01,2023-04-01,12,315.7,236.44073999757615,299.2993495172907,369.1398282966792,438.9803070760677,501.8389165957822
RO1_DEMAND,validation,Cement,SARIMA,"(0, 1, 1)(0, 1, 1, 12)",2022-05-01,2023-05-01,12,398.82,231.7568197718557,294.489024549307,364.18905848292013,433.8890924165333,496.62129719398456
RO1_DEMAND,validation,Cement,SARIMA,"(0, 1, 1)(0, 1, 1, 12)",2022-06-01,2023-06-01,12,335.0,215.56053654068953,278.11022673188086,347.60747370940294,417.104720686925,479.6544108781163
RO1_DEMAND,validation,Cement,SARIMA,"(0, 1, 1)(0, 1, 1, 12)",2022-07-01,2023-07-01,12,425.98,231.00448905096752,293.5205222152618,362.9803737923648,432.4402253694678,494.956258533762
RO1_DEMAND,validation,Cement,SARIMA,"(0, 1, 1)(0, 1, 1, 12)",2022-08-01,2023-08-01,12,378.3,249.3262380016249,311.6374565268263,380.86974417013295,450.10203181343957,512.413250338641
RO1_DEMAND,validation,Cement,SARIMA,"(0, 1, 1)(0, 1, 1, 12)",2022-09-01,2023-09-01,12,446.33,225.45478362898126,287.66536049031254,356.7858279383659,425.9062953864193,488.11687224775056
RO1_DEMAND,validation,Cement,SARIMA,"(0, 1, 1)(0, 1, 1, 12)",2022-10-01,2023-10-01,12,335.47,242.66813627874677,304.78225692988315,373.79555452558486,442.8088521212866,504.92297277242295
RO1_DEMAND,validation,Cement,SARIMA,"(0, 1, 1)(0, 1, 1, 12)",2022-11-01,2023-11-01,12,381.97,196.37536029829778,258.5188490762341,327.5647767929684,396.6107045097027,458.75419328763905
RO1_DEMAND,validation,Cement,SARIMA,"(0, 1, 1)(0, 1, 1, 12)",2022-12-01,2023-12-01,12,467.38,244.27028770516083,306.3209784816822,375.26380088160914,444.2066232815361,506.25731405805743
RO1_DEMAND,validation,Cement,SARIMA,"(0, 1, 1)(0, 1, 1, 12)",2023-01-01,2024-01-01,12,434.45,248.17863226109955,309.9799398086088,378.64567933561136,447.31141886261395,509.1127264101232
RO1_DEMAND,validation,Cement,SARIMA,"(0, 1, 1)(0, 1, 1, 12)",2023-02-01,2024-02-01,12,367.77,150.05660178798993,211.73716052529932,280.26873935767577,348.8003181900522,410.4808769273616
RO1_DEMAND,validation,Cement,SARIMA,"(0, 1, 1)(0, 1, 1, 12)",2023-03-01,2024-03-01,12,318.63,274.73142880514433,336.3645578972654,404.8434389503942,473.32232000352303,534.9554490956441
RO1_DEMAND,validation,Cement,SARIMA,"(0, 1, 1)(0, 1, 1, 12)",2023-04-01,2024-04-01,12,395.86,212.8041589649479,274.2162377027893,342.4495157638186,410.682793824848,472.0948725626894
RO1_DEMAND,validation,Cement,SARIMA,"(0, 1, 1)(0, 1, 1, 12)",2023-05-01,2024-05-01,12,330.62,228.119205460844,289.4648613122835,357.62433872414704,425.78381613601056,487.1294719874501
RO1_DEMAND,validation,Granite,ETS,ETS_AAd_A,2022-05-01,2022-06-01,1,1588.6,1312.9455875690185,1419.8278375992534,1547.682244857741,1674.0432365302277,1791.404814735445
RO1_DEMAND,validation,Granite,ETS,ETS_AAd_A,2022-06-01,2022-07-01,1,1771.9,1452.8192957396545,1559.4386709642984,1686.9786228062644,1813.0288320886834,1930.1017617854177
RO1_DEMAND,validation,Granite,ETS,ETS_AAd_A,2022-07-01,2022-08-01,1,1491.5,1452.6660845710312,1559.2035278378446,1686.6454712462214,1812.5988168918984,1929.5817815675584
RO1_DEMAND,validation,Granite,ETS,ETS_AAd_A,2022-08-01,2022-09-01,1,1550.1,1301.5093433258473,1408.0035033521476,1535.393670595086,1661.2958448517584,1778.2312825581132
RO1_DEMAND,validation,Granite,ETS,ETS_AAd_A,2022-09-01,2022-10-01,1,1554.5,1370.2919119130754,1476.5864442919926,1603.7378134695707,1729.403978964438,1846.1202164224478
RO1_DEMAND,validation,Granite,ETS,ETS_AAd_A,2022-10-01,2022-11-01,1,1531.9,1228.5198505351811,1334.6307086595186,1461.5623634978,1587.011381047645,1703.5259358091641
RO1_DEMAND,validation,Granite,ETS,ETS_AAd_A,2022-11-01,2022-12-01,1,1692.1,1298.1365978647211,1404.0732597522288,1530.796538020965,1656.03961296364,1772.3628923238084
RO1_DEMAND,validation,Granite,ETS,ETS_AAd_A,2022-12-01,2023-01-01,1,1309.6,1365.9936412065244,1471.8716453750455,1598.5247562596746,1723.698483415058,1839.9573539283674
RO1_DEMAND,validation,Granite,ETS,ETS_AAd_A,2023-01-01,2023-02-01,1,1455.1,939.3577749456446,1045.5486874442215,1172.5761047179303,1298.1197661409512,1414.7222242512516
RO1_DEMAND,validation,Granite,ETS,ETS_AAd_A,2023-02-01,2023-03-01,1,1561.4,1465.5522039890043,1572.0635357210892,1699.4742440572782,1825.3967194750041,1942.351012496351
RO1_DEMAND,validation,Granite,ETS,ETS_AAd_A,2023-03-01,2023-04-01,1,1395.2,1268.7213163723684,1375.162051096303,1502.4883100629409,1628.3273225300231,1745.204096821265
RO1_DEMAND,validation,Granite,ETS,ETS_AAd_A,2023-04-01,2023-05-01,1,1844.9,1123.2779485406152,1229.507153071746,1356.5803759410846,1482.1693079231113,1598.8138124290663
RO1_DEMAND,validation,Granite,ETS,ETS_AAd_A,2023-05-01,2023-06-01,1,1659.3,1543.263701318119,1650.5902208140583,1778.9760709377983,1905.862297906514,2023.7117042181633
RO1_DEMAND,validation,Granite,ETS,ETS_AAd_A,2023-06-01,2023-07-01,1,1674.3,1546.5309738154172,1653.7504130863892,1782.008171981806,1908.7678039039959,2026.4996312519427
RO1_DEMAND,validation,Granite,ETS,ETS_AAd_A,2023-07-01,2023-08-01,1,1755.2,1374.6107335099957,1481.713718272471,1609.8321722584928,1736.4541264355544,1854.0580814295568
RO1_DEMAND,validation,Granite,ETS,ETS_AAd_A,2023-08-01,2023-09-01,1,1729.4,1515.8916107598266,1622.9120260709076,1750.9317090424468,1877.4560459092713,1994.9693358852332
RO1_DEMAND,validation,Granite,ETS,ETS_AAd_A,2023-09-01,2023-10-01,1,1742.2,1549.4067974149025,1656.3462388085338,1784.2690593710572,1910.6976652394642,2028.1220421663215
RO1_DEMAND,validation,Granite,ETS,ETS_AAd_A,2023-10-01,2023-11-01,1,1621.1,1417.814233012053,1524.4893421129257,1652.095963787417,1778.212064159031,1895.3461921901178
RO1_DEMAND,validation,Granite,ETS,ETS_AAd_A,2023-11-01,2023-12-01,1,1531.7,1411.463112493288,1517.9537046821997,1645.3396040159728,1771.2375602151992,1888.1690802736132
RO1_DEMAND,validation,Granite,ETS,ETS_AAd_A,2023-12-01,2024-01-01,1,1664.5,1228.6064433316437,1334.9617764154502,1462.1858764541614,1587.9239232704085,1704.706922671396
RO1_DEMAND,validation,Granite,ETS,ETS_AAd_A,2024-01-01,2024-02-01,1,1201.2,1241.4564739094078,1347.8352914299087,1475.087483960427,1600.853295131454,1717.6620815134688
RO1_DEMAND,validation,Granite,ETS,ETS_AAd_A,2024-02-01,2024-03-01,1,1688.6,1283.5182723326616,1390.231941380352,1517.8846891341782,1644.0463768050618,1761.2228454138665
RO1_DEMAND,validation,Granite,ETS,ETS_AAd_A,2024-03-01,2024-04-01,1,1470.5,1346.4335626974253,1452.997326787172,1580.4707556219296,1706.4552189254644,1823.4670850634182
RO1_DEMAND,validation,Granite,ETS,ETS_AAd_A,2024-04-01,2024-05-01,1,1911.9,1220.5202143223062,1326.9721574995924,1454.3118242131586,1580.1640878167038,1697.0531695001855
RO1_DEMAND,validation,Granite,ETS,ETS_AAd_A,2022-03-01,2022-06-01,3,1588.6,1218.1825912975833,1386.6981202825784,1576.76561302749,1787.1161239039484,1969.6261350001278
RO1_DEMAND,validation,Granite,ETS,ETS_AAd_A,2022-04-01,2022-07-01,3,1771.9,1411.0230547568976,1579.0992455097564,1768.1781555214136,1977.7256518415948,2159.8083959440783
RO1_DEMAND,validation,Granite,ETS,ETS_AAd_A,2022-05-01,2022-08-01,3,1491.5,1231.649393638386,1399.745791659819,1588.955146296977,1798.5576330016625,1980.6352402302834
RO1_DEMAND,validation,Granite,ETS,ETS_AAd_A,2022-06-01,2022-09-01,3,1550.1,1283.5897878771832,1451.107406001996,1639.4897267098656,1848.3658260686266,2029.5564503051723
RO1_DEMAND,validation,Granite,ETS,ETS_AAd_A,2022-07-01,2022-10-01,3,1554.5,1412.7260483110103,1580.2566457747866,1769.0316448584417,1978.0691598533879,2159.5173601331658
RO1_DEMAND,validation,Granite,ETS,ETS_AAd_A,2022-08-01,2022-11-01,3,1531.9,1142.8170229582977,1309.9841087220768,1497.966935753543,1705.9094710444997,1887.0846417208493
RO1_DEMAND,validation,Granite,ETS,ETS_AAd_A,2022-09-01,2022-12-01,3,1692.1,1168.442727572978,1335.2770035699054,1522.900252910344,1730.4587326849264,1911.2491497525339
RO1_DEMAND,validation,Granite,ETS,ETS_AAd_A,2022-10-01,2023-01-01,3,1309.6,1051.833222251598,1218.3877940398836,1405.6900103656021,1612.8847884241509,1793.3852312261051
RO1_DEMAND,validation,Granite,ETS,ETS_AAd_A,2022-11-01,2023-02-01,3,1455.1,941.0587728367659,1107.2721495478938,1294.2418055185167,1501.1362948769993,1681.1632982232961
RO1_DEMAND,validation,Granite,ETS,ETS_AAd_A,2022-12-01,2023-03-01,3,1561.4,1360.02128387058,1526.2963837659686,1713.2202873253877,1920.1288179730147,2100.240273168055
RO1_DEMAND,validation,Granite,ETS,ETS_AAd_A,2023-01-01,2023-04-01,3,1395.2,1037.3415886909982,1202.3100154847534,1389.8001476277273,1596.650381187243,1776.219992423008
RO1_DEMAND,validation,Granite,ETS,ETS_AAd_A,2023-02-01,2023-05-01,3,1844.9,1224.8780031402578,1388.0739263689713,1576.2600067160374,1781.475659738407,1961.149626947624
RO1_DEMAND,validation,Granite,ETS,ETS_AAd_A,2023-03-01,2023-06-01,3,1659.3,1111.8457378997418,1275.65500809657,1464.1443550901542,1667.9747006486555,1846.644486267189
RO1_DEMAND,validation,Granite,ETS,ETS_AAd_A,2023-04-01,2023-07-01,3,1674.3,1129.6916504093792,1293.3941812866476,1481.4363074128132,1684.767006011993,1862.8186603277456
RO1_DEMAND,validation,Granite,ETS,ETS_AAd_A,2023-05-01,2023-08-01,3,1755.2,1459.4285236178941,1624.3710603682014,1812.3642358186335,2016.165689126618,2196.5179534979457
RO1_DEMAND,validation,Granite,ETS,ETS_AAd_A,2023-06-01,2023-09-01,3,1729.4,1379.6838877993412,1544.038144474675,1730.1877351491014,1932.224562688423,2111.7803527597175
RO1_DEMAND,validation,Granite,ETS,ETS_AAd_A,2023-07-01,2023-10-01,3,1742.2,1346.4439465731266,1510.714496557289,1696.802934309223,1898.6736823327344,2078.1453987198215
RO1_DEMAND,validation,Granite,ETS,ETS_AAd_A,2023-08-01,2023-11-01,3,1621.1,1366.5953226396773,1530.535444675791,1716.1336397436357,1917.5255597621974,2096.4465248781166
RO1_DEMAND,validation,Granite,ETS,ETS_AAd_A,2023-09-01,2023-12-01,3,1531.7,1366.1643804907073,1530.2451619605029,1716.225786859536,1917.7659251315717,2097.0773341038634
RO1_DEMAND,validation,Granite,ETS,ETS_AAd_A,2023-10-01,2024-01-01,3,1664.5,1246.4114349069428,1409.8225666114092,1594.8199655536523,1795.5595222315746,1973.900326986554
RO1_DEMAND,validation,Granite,ETS,ETS_AAd_A,2023-11-01,2024-02-01,3,1201.2,1065.7390647412585,1228.8678246757959,1413.563538539836,1613.979874085662,1792.0390153721598
RO1_DEMAND,validation,Granite,ETS,ETS_AAd_A,2023-12-01,2024-03-01,3,1688.6,1241.2272688827004,1404.1495247379412,1588.6557085480733,1788.876560418817,1966.7755424694258
RO1_DEMAND,validation,Granite,ETS,ETS_AAd_A,2024-01-01,2024-04-01,3,1470.5,1331.796220675857,1494.8267410981941,1678.9222652958401,1878.6667984675123,2055.9687074076573
RO1_DEMAND,validation,Granite,ETS,ETS_AAd_A,2024-02-01,2024-05-01,3,1911.9,1067.5625493914072,1230.7996698616644,1415.5879206389084,1615.68793736104,1792.852681888213
RO1_DEMAND,validation,Granite,ETS,ETS_AAd_A,2021-12-01,2022-06-01,6,1588.6,1202.960345813729,1449.5869391436372,1715.844595805283,1987.9679706947063,2222.767382940713
RO1_DEMAND,validation,Granite,ETS,ETS_AAd_A,2022-01-01,2022-07-01,6,1771.9,1160.2502694578136,1404.159724048298,1667.7437476850964,1936.7417221844153,2170.268199491759
RO1_DEMAND,validation,Granite,ETS,ETS_AAd_A,2022-02-01,2022-08-01,6,1491.5,1052.0888330634093,1296.07046142308,1559.8291409863527,1828.6337603706456,2061.9960811892806
RO1_DEMAND,validation,Granite,ETS,ETS_AAd_A,2022-03-01,2022-09-01,6,1550.1,1145.4964170510639,1389.789720416385,1653.661966922309,1922.586911718474,2155.9574315020377
RO1_DEMAND,validation,Granite,ETS,ETS_AAd_A,2022-04-01,2022-10-01,6,1554.5,1290.0824224330916,1533.1246389987953,1795.9412616737727,2063.7842927565734,2296.3434880691957
RO1_DEMAND,validation,Granite,ETS,ETS_AAd_A,2022-05-01,2022-11-01,6,1531.9,1091.817461557242,1335.1114718010622,1598.057434123234,1866.0352122400318,2098.649821205636
RO1_DEMAND,validation,Granite,ETS,ETS_AAd_A,2022-06-01,2022-12-01,6,1692.1,1131.827561528176,1373.8234910560425,1635.2630940341132,1902.1700824385082,2133.871934621113
RO1_DEMAND,validation,Granite,ETS,ETS_AAd_A,2022-07-01,2023-01-01,6,1309.6,1135.4512054689453,1378.1219962710177,1640.3258312055577,1907.548688419831,2139.4784415572262
RO1_DEMAND,validation,Granite,ETS,ETS_AAd_A,2022-08-01,2023-02-01,6,1455.1,788.6676549097376,1029.9472533818896,1290.2693873255319,1556.4534831623678,1787.5849336243273
RO1_DEMAND,validation,Granite,ETS,ETS_AAd_A,2022-09-01,2023-03-01,6,1561.4,1089.6083228986447,1330.3970551038567,1590.1743429805204,1855.818443469427,2086.4907043440307
RO1_DEMAND,validation,Granite,ETS,ETS_AAd_A,2022-10-01,2023-04-01,6,1395.2,968.0580591483426,1208.4477362990237,1467.8012247709125,1733.0043993884524,1963.2895030586553
RO1_DEMAND,validation,Granite,ETS,ETS_AAd_A,2022-11-01,2023-05-01,6,1844.9,982.7892017204144,1222.6498115472048,1481.3793868853427,1746.0042405476956,1975.8209591920079
RO1_DEMAND,validation,Granite,ETS,ETS_AAd_A,2022-12-01,2023-06-01,6,1659.3,1118.575831914123,1358.609898627726,1617.647637897605,1882.451643889608,2112.3469242298047
RO1_DEMAND,validation,Granite,ETS,ETS_AAd_A,2023-01-01,2023-07-01,6,1674.3,985.7445985920772,1224.4479558794935,1482.1024495667893,1746.878240462444,1975.673037945796
RO1_DEMAND,validation,Granite,ETS,ETS_AAd_A,2023-02-01,2023-08-01,6,1755.2,1138.4403921922803,1374.3540868336283,1633.6864943750138,1896.169436106304,2124.3208524321053
RO1_DEMAND,validation,Granite,ETS,ETS_AAd_A,2023-03-01,2023-09-01,6,1729.4,1044.0154863775945,1278.3848568628864,1536.738066984089,1797.9781140029029,2025.6525584712085
RO1_DEMAND,validation,Granite,ETS,ETS_AAd_A,2023-04-01,2023-10-01,6,1742.2,1009.4350289366938,1243.0794733291439,1500.7430460079358,1761.080122841678,1988.2292152228652
RO1_DEMAND,validation,Granite,ETS,ETS_AAd_A,2023-05-01,2023-11-01,6,1621.1,1323.2882691286634,1556.0889533455809,1815.346033660625,2075.8996707438296,2303.176895630162
RO1_DEMAND,validation,Granite,ETS,ETS_AAd_A,2023-06-01,2023-12-01,6,1531.7,1242.9489203251428,1473.9507891451794,1730.1487152300372,1990.6241376933237,2215.272631638623
RO1_DEMAND,validation,Granite,ETS,ETS_AAd_A,2023-07-01,2024-01-01,6,1664.5,1069.9090279105105,1300.5287857250516,1556.7100448830524,1816.828268209515,2041.2384612028893
RO1_DEMAND,validation,Granite,ETS,ETS_AAd_A,2023-08-01,2024-02-01,6,1201.2,1023.9597929659784,1254.5472893820017,1509.985656849196,1770.0895984538968,1994.254263611659
RO1_DEMAND,validation,Granite,ETS,ETS_AAd_A,2023-09-01,2024-03-01,6,1688.6,1283.1656579703374,1513.332538066966,1769.423105176402,2029.0809120403728,2253.2754224657424
RO1_DEMAND,validation,Granite,ETS,ETS_AAd_A,2023-10-01,2024-04-01,6,1470.5,1179.9864362838805,1409.830068670737,1664.441555426477,1923.706199783685,2147.1449522927305
RO1_DEMAND,validation,Granite,ETS,ETS_AAd_A,2023-11-01,2024-05-01,6,1911.9,1117.1535845050569,1346.5983718973841,1600.7947100239335,1859.6114648375556,2082.6884075114385
RO1_DEMAND,validation,Granite,ETS,ETS_AAd_A,2021-06-01,2022-06-01,12,1588.6,577.6763430262387,908.0294512043099,1308.7084209545962,1676.4012282390777,2038.7489266683701
RO1_DEMAND,validation,Granite,ETS,ETS_AAd_A,2021-07-01,2022-07-01,12,1771.9,864.1285208258353,1194.8182980002496,1595.0421982673843,1962.8536164713955,2324.8055711545326
RO1_DEMAND,validation,Granite,ETS,ETS_AAd_A,2021-08-01,2022-08-01,12,1491.5,774.5743192379375,1104.3094998560327,1505.8627283238902,1873.3494088318953,2236.458032398407
RO1_DEMAND,validation,Granite,ETS,ETS_AAd_A,2021-09-01,2022-09-01,12,1550.1,774.7074516196458,1104.2726046893501,1502.5825180149227,1868.9790648518701,2229.210193912834
RO1_DEMAND,validation,Granite,ETS,ETS_AAd_A,2021-10-01,2022-10-01,12,1554.5,810.1797789476227,1139.0187908570178,1537.0568709404397,1902.8258150912711,2262.7999798829833
RO1_DEMAND,validation,Granite,ETS,ETS_AAd_A,2021-11-01,2022-11-01,12,1531.9,852.3538944104797,1180.8422255667058,1579.953398372983,1945.7765004753583,2306.6936945305774
RO1_DEMAND,validation,Granite,ETS,ETS_AAd_A,2021-12-01,2022-12-01,12,1692.1,1039.5176179510804,1367.3402234654045,1769.343359716435,2136.4195817169166,2500.104589346673
RO1_DEMAND,validation,Granite,ETS,ETS_AAd_A,2022-01-01,2023-01-01,12,1309.6,817.2179386681644,1146.2779296101871,1542.5085020606496,1907.4087480787691,2264.9735241237518
RO1_DEMAND,validation,Granite,ETS,ETS_AAd_A,2022-02-01,2023-02-01,12,1455.1,616.2427696908725,944.5972727517675,1340.7695910071802,1705.5295618122245,2063.515482369699
RO1_DEMAND,validation,Granite,ETS,ETS_AAd_A,2022-03-01,2023-03-01,12,1561.4,975.4018115530458,1303.26709269534,1699.967446415404,2064.606115604793,2423.3733947482283
RO1_DEMAND,validation,Granite,ETS,ETS_AAd_A,2022-04-01,2023-04-01,12,1395.2,981.7292893511692,1309.0369592797892,1703.8381876375877,2067.30699578815,2423.856405756972
RO1_DEMAND,validation,Granite,ETS,ETS_AAd_A,2022-05-01,2023-05-01,12,1844.9,828.1933544074403,1155.4373253092608,1550.3245370956333,1913.952485203768,2271.0301099815524
RO1_DEMAND,validation,Granite,ETS,ETS_AAd_A,2022-06-01,2023-06-01,12,1659.3,869.1655032725687,1195.760820614034,1588.823006204366,1950.8568784826584,2305.538937482391
RO1_DEMAND,validation,Granite,ETS,ETS_AAd_A,2022-07-01,2023-07-01,12,1674.3,1046.7983854085116,1372.9125474624752,1766.8297191532924,2129.323778701273,2485.586188966262
RO1_DEMAND,validation,Granite,ETS,ETS_AAd_A,2022-08-01,2023-08-01,12,1755.2,800.1200121256775,1126.132944302855,1518.0665288676719,1879.3886965116008,2232.651990283669
RO1_DEMAND,validation,Granite,ETS,ETS_AAd_A,2022-09-01,2023-09-01,12,1729.4,836.127787969344,1161.5173862092292,1552.6444421837336,1913.2798578788634,2265.8018810759677
RO1_DEMAND,validation,Granite,ETS,ETS_AAd_A,2022-10-01,2023-10-01,12,1742.2,848.7675421735954,1173.6002626203797,1564.0831560234326,1924.0995675741876,2276.0473272747245
RO1_DEMAND,validation,Granite,ETS,ETS_AAd_A,2022-11-01,2023-11-01,12,1621.1,814.2720542672478,1138.528968687609,1528.1205096476974,1887.5130108298627,2238.6074809266224
RO1_DEMAND,validation,Granite,ETS,ETS_AAd_A,2022-12-01,2023-12-01,12,1531.7,964.1814932864636,1288.355795168885,1678.301899626803,2037.5703377983746,2389.0980944751996
RO1_DEMAND,validation,Granite,ETS,ETS_AAd_A,2023-01-01,2024-01-01,12,1664.5,636.8271498861037,959.6282847332918,1347.4749297909298,1707.6187821780209,2056.155836822036
RO1_DEMAND,validation,Granite,ETS,ETS_AAd_A,2023-02-01,2024-02-01,12,1201.2,717.6488162153055,1037.8416452388196,1422.9640950080134,1783.3108716226498,2128.6854046068024
RO1_DEMAND,validation,Granite,ETS,ETS_AAd_A,2023-03-01,2024-03-01,12,1688.6,881.647634900785,1199.5485404264211,1582.3274860874208,1941.448014917388,2284.061093287693
RO1_DEMAND,validation,Granite,ETS,ETS_AAd_A,2023-04-01,2024-04-01,12,1470.5,713.9740903558384,1030.6400494343554,1412.2636397731371,1770.4589651701967,2112.00513000555
RO1_DEMAND,validation,Granite,ETS,ETS_AAd_A,2023-05-01,2024-05-01,12,1911.9,1082.3894989343448,1397.8639603273675,1779.3944942307262,2139.3910835323672,2478.8656358535377
RO1_DEMAND,validation,Granite,SARIMA,"(1, 1, 1)(0, 1, 1, 12)",2022-05-01,2022-06-01,1,1588.6,1262.0009680446879,1372.9599366590712,1496.2434065306916,1619.526876402312,1730.4858450166953
RO1_DEMAND,validation,Granite,SARIMA,"(1, 1, 1)(0, 1, 1, 12)",2022-06-01,2022-07-01,1,1771.9,1455.5092310608777,1566.270218270386,1689.3337164275265,1812.397214584667,1923.1582017941753
RO1_DEMAND,validation,Granite,SARIMA,"(1, 1, 1)(0, 1, 1, 12)",2022-07-01,2022-08-01,1,1491.5,1466.8633832575144,1577.458188473788,1700.3370463714518,1823.2159042691158,1933.8107094853892
RO1_DEMAND,validation,Granite,SARIMA,"(1, 1, 1)(0, 1, 1, 12)",2022-08-01,2022-09-01,1,1550.1,1315.3931812769,1426.0048010984385,1548.9023412433107,1671.799881388183,1782.4115012097216
RO1_DEMAND,validation,Granite,SARIMA,"(1, 1, 1)(0, 1, 1, 12)",2022-09-01,2022-10-01,1,1554.5,1423.5694623555582,1533.9616376791337,1656.615359054861,1779.2690804305885,1889.661255754164
RO1_DEMAND,validation,Granite,SARIMA,"(1, 1, 1)(0, 1, 1, 12)",2022-10-01,2022-11-01,1,1531.9,1244.183203938232,1354.3666947388767,1476.788552458906,1599.2104101789353,1709.39390097958
RO1_DEMAND,validation,Granite,SARIMA,"(1, 1, 1)(0, 1, 1, 12)",2022-11-01,2022-12-01,1,1692.1,1361.7039135593532,1471.6955710982159,1593.904288137103,1716.1130051759903,1826.104662714853
RO1_DEMAND,validation,Granite,SARIMA,"(1, 1, 1)(0, 1, 1, 12)",2022-12-01,2023-01-01,1,1309.6,1335.301480843287,1445.1966840996272,1567.298233427947,1689.3997827562669,1799.294986012607
RO1_DEMAND,validation,Granite,SARIMA,"(1, 1, 1)(0, 1, 1, 12)",2023-01-01,2023-02-01,1,1455.1,926.3857110221554,1036.5649913053044,1158.982170834708,1281.3993503641118,1391.5786306472608
RO1_DEMAND,validation,Granite,SARIMA,"(1, 1, 1)(0, 1, 1, 12)",2023-02-01,2023-03-01,1,1561.4,1509.201368904586,1619.724725481176,1742.5241987529032,1865.3236720246305,1975.8470286012205
RO1_DEMAND,validation,Granite,SARIMA,"(1, 1, 1)(0, 1, 1, 12)",2023-03-01,2023-04-01,1,1395.2,1237.262668167686,1347.7437349385953,1470.4962211659256,1593.248707393256,1703.7297741641653
RO1_DEMAND,validation,Granite,SARIMA,"(1, 1, 1)(0, 1, 1, 12)",2023-04-01,2023-05-01,1,1844.9,1026.530862442589,1136.8578625591008,1259.4391695479899,1382.020476536879,1492.3474766533907
RO1_DEMAND,validation,Granite,SARIMA,"(1, 1, 1)(0, 1, 1, 12)",2023-05-01,2023-06-01,1,1659.3,1538.8375667408463,1650.2473585535759,1774.0317257288104,1897.816092904045,2009.2258847167745
RO1_DEMAND,validation,Granite,SARIMA,"(1, 1, 1)(0, 1, 1, 12)",2023-06-01,2023-07-01,1,1674.3,1521.8361647124143,1633.1522416530067,1756.8324848014959,1880.512727949985,1991.8288048905774
RO1_DEMAND,validation,Granite,SARIMA,"(1, 1, 1)(0, 1, 1, 12)",2023-07-01,2023-08-01,1,1755.2,1365.3919634458096,1476.5085620728394,1599.9671703326194,1723.4257785923994,1834.5423772194292
RO1_DEMAND,validation,Granite,SARIMA,"(1, 1, 1)(0, 1, 1, 12)",2023-08-01,2023-09-01,1,1729.4,1527.298962520124,1638.3820650521773,1761.8034567185855,1885.2248483849937,1996.307950917047
RO1_DEMAND,validation,Granite,SARIMA,"(1, 1, 1)(0, 1, 1, 12)",2023-09-01,2023-10-01,1,1742.2,1552.499425876634,1663.3612319524443,1786.5367471896047,1909.7122624267652,2020.5740685025755
RO1_DEMAND,validation,Granite,SARIMA,"(1, 1, 1)(0, 1, 1, 12)",2023-10-01,2023-11-01,1,1621.1,1413.427998889912,1524.0603074061282,1646.9808341928085,1769.9013609794888,1880.533669495705
RO1_DEMAND,validation,Granite,SARIMA,"(1, 1, 1)(0, 1, 1, 12)",2023-11-01,2023-12-01,1,1531.7,1437.7141904112766,1548.1357272958667,1670.8220714975623,1793.508415699258,1903.929952583848
RO1_DEMAND,validation,Granite,SARIMA,"(1, 1, 1)(0, 1, 1, 12)",2023-12-01,2024-01-01,1,1664.5,1213.352757216074,1323.539814146018,1445.9656340946037,1568.3914540431895,1678.5785109731335
RO1_DEMAND,validation,Granite,SARIMA,"(1, 1, 1)(0, 1, 1, 12)",2024-01-01,2024-02-01,1,1201.2,1255.5071294514164,1365.5934605818322,1487.9073668543404,1610.2212731268485,1720.3076042572643
RO1_DEMAND,validation,Granite,SARIMA,"(1, 1, 1)(0, 1, 1, 12)",2024-02-01,2024-03-01,1,1688.6,1293.1311829984763,1403.4780692889865,1526.0814712609454,1648.6848732329042,1759.0317595234144
RO1_DEMAND,validation,Granite,SARIMA,"(1, 1, 1)(0, 1, 1, 12)",2024-03-01,2024-04-01,1,1470.5,1363.2632118273143,1473.6051322217468,1596.2030167226342,1718.8009012235216,1829.142821617954
RO1_DEMAND,validation,Granite,SARIMA,"(1, 1, 1)(0, 1, 1, 12)",2024-04-01,2024-05-01,1,1911.9,1204.985142740568,1315.278917502818,1437.8233087109256,1560.3676999190332,1670.6614746812832
RO1_DEMAND,validation,Granite,SARIMA,"(1, 1, 1)(0, 1, 1, 12)",2022-03-01,2022-06-01,3,1588.6,997.8914492541844,1160.8624894712348,1341.9351470260285,1523.0078045808223,1685.9788447978726
RO1_DEMAND,validation,Granite,SARIMA,"(1, 1, 1)(0, 1, 1, 12)",2022-04-01,2022-07-01,3,1771.9,1242.2010053380136,1405.214036604787,1586.333349264419,1767.452661924051,1930.4656931908244
RO1_DEMAND,validation,Granite,SARIMA,"(1, 1, 1)(0, 1, 1, 12)",2022-05-01,2022-08-01,3,1491.5,1224.8781729786747,1387.6061236875498,1568.4086911502004,1749.211258612851,1911.9392093217261
RO1_DEMAND,validation,Granite,SARIMA,"(1, 1, 1)(0, 1, 1, 12)",2022-06-01,2022-09-01,3,1550.1,1320.859884497344,1483.4638030425951,1664.12856176659,1844.793320490585,2007.3972390358363
RO1_DEMAND,validation,Granite,SARIMA,"(1, 1, 1)(0, 1, 1, 12)",2022-07-01,2022-10-01,3,1554.5,1460.1031596310409,1622.6247029773829,1803.1979368748614,1983.77117077234,2146.292714118682
RO1_DEMAND,validation,Granite,SARIMA,"(1, 1, 1)(0, 1, 1, 12)",2022-08-01,2022-11-01,3,1531.9,1218.135773169934,1380.2786116601085,1560.4310769680028,1740.5835422758971,1902.7263807660715
RO1_DEMAND,validation,Granite,SARIMA,"(1, 1, 1)(0, 1, 1, 12)",2022-09-01,2022-12-01,3,1692.1,1279.9664289529233,1441.7897110227782,1621.5871259475562,1801.3845408723341,1963.207822942189
RO1_DEMAND,validation,Granite,SARIMA,"(1, 1, 1)(0, 1, 1, 12)",2022-10-01,2023-01-01,3,1309.6,1108.4237300165728,1269.985336648457,1449.49201116373,1628.998685679003,1790.5602923108872
RO1_DEMAND,validation,Granite,SARIMA,"(1, 1, 1)(0, 1, 1, 12)",2022-11-01,2023-02-01,3,1455.1,963.9307172715482,1125.1472676146093,1304.2705595415403,1483.3938514684712,1644.6104018115323
RO1_DEMAND,validation,Granite,SARIMA,"(1, 1, 1)(0, 1, 1, 12)",2022-12-01,2023-03-01,3,1561.4,1336.7529126494874,1497.7801166411996,1676.6930310250318,1855.605945408864,2016.6331494005763
RO1_DEMAND,validation,Granite,SARIMA,"(1, 1, 1)(0, 1, 1, 12)",2023-01-01,2023-04-01,3,1395.2,1073.7065208410422,1235.0492759143194,1414.3127904591202,1593.5763050039209,1754.919060077198
RO1_DEMAND,validation,Granite,SARIMA,"(1, 1, 1)(0, 1, 1, 12)",2023-02-01,2023-05-01,3,1844.9,1101.8876896856384,1263.1740182793255,1442.3748389086782,1621.5756595380308,1782.861988131718
RO1_DEMAND,validation,Granite,SARIMA,"(1, 1, 1)(0, 1, 1, 12)",2023-03-01,2023-06-01,3,1659.3,1002.1909483512225,1163.232635238663,1342.1616411711238,1521.0906471035846,1682.1323339910252
RO1_DEMAND,validation,Granite,SARIMA,"(1, 1, 1)(0, 1, 1, 12)",2023-04-01,2023-07-01,3,1674.3,1115.9554564864266,1276.8330310864035,1455.5796963527623,1634.3263616191211,1795.203936219098
RO1_DEMAND,validation,Granite,SARIMA,"(1, 1, 1)(0, 1, 1, 12)",2023-05-01,2023-08-01,3,1755.2,1402.8186828966955,1564.6117902992319,1744.3756789779054,1924.139567656579,2085.9326750591154
RO1_DEMAND,validation,Granite,SARIMA,"(1, 1, 1)(0, 1, 1, 12)",2023-06-01,2023-09-01,3,1729.4,1351.6522462227463,1512.8984612912068,1692.0547128817475,1871.2109644722882,2032.4571795407487
RO1_DEMAND,validation,Granite,SARIMA,"(1, 1, 1)(0, 1, 1, 12)",2023-07-01,2023-10-01,3,1742.2,1368.916576512358,1529.7584544353508,1708.4654581019633,1887.1724617685759,2048.0143396915687
RO1_DEMAND,validation,Granite,SARIMA,"(1, 1, 1)(0, 1, 1, 12)",2023-08-01,2023-11-01,3,1621.1,1365.7598390304356,1526.588116722878,1705.280009545958,1883.9719023690377,2044.8001800614802
RO1_DEMAND,validation,Granite,SARIMA,"(1, 1, 1)(0, 1, 1, 12)",2023-09-01,2023-12-01,3,1531.7,1384.5249688785957,1544.9921768270979,1723.2828949506063,1901.5736130741147,2062.040821022617
RO1_DEMAND,validation,Granite,SARIMA,"(1, 1, 1)(0, 1, 1, 12)",2023-10-01,2024-01-01,3,1664.5,1233.8297021185274,1393.944647426475,1571.843976181679,1749.7433049368829,1909.8582502448305
RO1_DEMAND,validation,Granite,SARIMA,"(1, 1, 1)(0, 1, 1, 12)",2023-11-01,2024-02-01,3,1201.2,1066.3215598371928,1226.1275998458023,1403.6837123865826,1581.2398249273629,1741.0458649359723
RO1_DEMAND,validation,Granite,SARIMA,"(1, 1, 1)(0, 1, 1, 12)",2023-12-01,2024-03-01,3,1688.6,1276.0230641128198,1435.5436229621148,1612.782545208656,1790.0214674551974,1949.5420263044923
RO1_DEMAND,validation,Granite,SARIMA,"(1, 1, 1)(0, 1, 1, 12)",2024-01-01,2024-04-01,3,1470.5,1320.2579499808312,1479.4080843381603,1656.2354380809088,1833.0627918236573,1992.2129261809864
RO1_DEMAND,validation,Granite,SARIMA,"(1, 1, 1)(0, 1, 1, 12)",2024-02-01,2024-05-01,3,1911.9,1097.969228342543,1257.266254496785,1434.2568156904074,1611.2473768840298,1770.5444030382719
RO1_DEMAND,validation,Granite,SARIMA,"(1, 1, 1)(0, 1, 1, 12)",2021-12-01,2022-06-01,6,1588.6,928.4639143237307,1121.438164887086,1335.8465674021222,1550.2549699171584,1743.2292204805137
RO1_DEMAND,validation,Granite,SARIMA,"(1, 1, 1)(0, 1, 1, 12)",2022-01-01,2022-07-01,6,1771.9,1021.7222453121603,1213.8133481368873,1427.2405093968268,1640.6676706567664,1832.7587734814933
RO1_DEMAND,validation,Granite,SARIMA,"(1, 1, 1)(0, 1, 1, 12)",2022-02-01,2022-08-01,6,1491.5,1012.3393890581006,1204.1004033343816,1417.1608122522125,1630.2212211700435,1821.9822354463245
RO1_DEMAND,validation,Granite,SARIMA,"(1, 1, 1)(0, 1, 1, 12)",2022-03-01,2022-09-01,6,1550.1,1107.8579914993645,1299.492638135822,1512.4126434313816,1725.3326487269412,1916.9672953633988
RO1_DEMAND,validation,Granite,SARIMA,"(1, 1, 1)(0, 1, 1, 12)",2022-04-01,2022-10-01,6,1554.5,1285.7276845601482,1477.704823034114,1691.0053616264227,1904.3059002187313,2096.283038692697
RO1_DEMAND,validation,Granite,SARIMA,"(1, 1, 1)(0, 1, 1, 12)",2022-05-01,2022-11-01,6,1531.9,1196.7313613357676,1388.4783504570978,1601.5231764095367,1814.5680023619757,2006.314991483306
RO1_DEMAND,validation,Granite,SARIMA,"(1, 1, 1)(0, 1, 1, 12)",2022-06-01,2022-12-01,6,1692.1,1289.7144483310624,1481.5093767106518,1694.6074666594589,1907.7055566082659,2099.5004849878555
RO1_DEMAND,validation,Granite,SARIMA,"(1, 1, 1)(0, 1, 1, 12)",2022-07-01,2023-01-01,6,1309.6,1206.41613758512,1398.3000252546663,1611.496955433156,1824.6938856116458,2016.577773281192
RO1_DEMAND,validation,Granite,SARIMA,"(1, 1, 1)(0, 1, 1, 12)",2022-08-01,2023-02-01,6,1455.1,921.7151222877667,1112.6788688580668,1324.8534554720554,1537.028042086044,1727.9917886563442
RO1_DEMAND,validation,Granite,SARIMA,"(1, 1, 1)(0, 1, 1, 12)",2022-09-01,2023-03-01,6,1561.4,1236.68665545651,1427.2767330545803,1639.0361463116503,1850.7955595687204,2041.3856371667907
RO1_DEMAND,validation,Granite,SARIMA,"(1, 1, 1)(0, 1, 1, 12)",2022-10-01,2023-04-01,6,1395.2,1090.0948659174435,1280.3761224919529,1491.7924131711068,1703.2087038502607,1893.48996042477
RO1_DEMAND,validation,Granite,SARIMA,"(1, 1, 1)(0, 1, 1, 12)",2022-11-01,2023-05-01,6,1844.9,965.3564792895672,1155.2039294898989,1366.1382297925297,1577.0725300951606,1766.9199802954922
RO1_DEMAND,validation,Granite,SARIMA,"(1, 1, 1)(0, 1, 1, 12)",2022-12-01,2023-06-01,6,1659.3,1016.6773290093504,1206.2825466866561,1416.9477090698626,1627.6128714530691,1817.218089130375
RO1_DEMAND,validation,Granite,SARIMA,"(1, 1, 1)(0, 1, 1, 12)",2023-01-01,2023-07-01,6,1674.3,1052.7212280407314,1242.4741666056188,1453.3034576196246,1664.1327486336304,1853.8856871985179
RO1_DEMAND,validation,Granite,SARIMA,"(1, 1, 1)(0, 1, 1, 12)",2023-02-01,2023-08-01,6,1755.2,1129.818691998944,1319.1306547420863,1529.469989602812,1739.8093244635375,1929.1212872066799
RO1_DEMAND,validation,Granite,SARIMA,"(1, 1, 1)(0, 1, 1, 12)",2023-03-01,2023-09-01,6,1729.4,1111.549500186136,1300.3778021180333,1510.1797547031679,1719.9817072883025,1908.8100092201998
RO1_DEMAND,validation,Granite,SARIMA,"(1, 1, 1)(0, 1, 1, 12)",2023-04-01,2023-10-01,6,1742.2,1177.5163482462779,1366.171145540555,1575.7803218766694,1785.3894982127838,1974.044295507061
RO1_DEMAND,validation,Granite,SARIMA,"(1, 1, 1)(0, 1, 1, 12)",2023-05-01,2023-11-01,6,1621.1,1309.398968191527,1498.8814978012072,1709.4103448339952,1919.9391918667832,2109.4217214764635
RO1_DEMAND,validation,Granite,SARIMA,"(1, 1, 1)(0, 1, 1, 12)",2023-06-01,2023-12-01,6,1531.7,1305.292262794892,1493.7625453463445,1703.166712407211,1912.5708794680775,2101.04116201953
RO1_DEMAND,validation,Granite,SARIMA,"(1, 1, 1)(0, 1, 1, 12)",2023-07-01,2024-01-01,6,1664.5,1147.1503685457546,1335.020685320226,1543.7582468447026,1752.4958083691793,1940.3661251436506
RO1_DEMAND,validation,Granite,SARIMA,"(1, 1, 1)(0, 1, 1, 12)",2023-08-01,2024-02-01,6,1201.2,1059.5359053565053,1247.4919061270941,1456.324668792008,1665.1574314569218,1853.1134322275107
RO1_DEMAND,validation,Granite,SARIMA,"(1, 1, 1)(0, 1, 1, 12)",2023-09-01,2024-03-01,6,1688.6,1328.9903887798873,1516.4778189707552,1724.7899657028684,1933.1021124349816,2120.5895426258494
RO1_DEMAND,validation,Granite,SARIMA,"(1, 1, 1)(0, 1, 1, 12)",2023-10-01,2024-04-01,6,1470.5,1213.0599405415203,1400.0995789149838,1607.914196427791,1815.7288139405982,2002.7684523140617
RO1_DEMAND,validation,Granite,SARIMA,"(1, 1, 1)(0, 1, 1, 12)",2023-11-01,2024-05-01,6,1911.9,1139.8472084457394,1326.5193418136978,1533.9256345841286,1741.3319273545594,1928.0040607225178
RO1_DEMAND,validation,Granite,SARIMA,"(1, 1, 1)(0, 1, 1, 12)",2021-06-01,2022-06-01,12,1588.6,703.1798096000919,921.4202454825904,1163.9012142395552,1406.38218299652,1624.6226188790185
RO1_DEMAND,validation,Granite,SARIMA,"(1, 1, 1)(0, 1, 1, 12)",2021-07-01,2022-07-01,12,1771.9,929.5470630052159,1148.6413392789532,1392.0709867003193,1635.5006341216854,1854.5949103954226
RO1_DEMAND,validation,Granite,SARIMA,"(1, 1, 1)(0, 1, 1, 12)",2021-08-01,2022-08-01,12,1491.5,896.7239613825058,1115.027237948348,1357.5780272668092,1600.1288165852702,1818.4320931511124
RO1_DEMAND,validation,Granite,SARIMA,"(1, 1, 1)(0, 1, 1, 12)",2021-09-01,2022-09-01,12,1550.1,947.2502020363548,1164.9612896877563,1406.8541141287185,1648.7469385696807,1866.458026221082
RO1_DEMAND,validation,Granite,SARIMA,"(1, 1, 1)(0, 1, 1, 12)",2021-10-01,2022-10-01,12,1554.5,1038.3308489811066,1255.5348980331892,1496.864365778758,1738.1938335243267,1955.3978825764093
RO1_DEMAND,validation,Granite,SARIMA,"(1, 1, 1)(0, 1, 1, 12)",2021-11-01,2022-11-01,12,1531.9,1003.2644169662335,1220.484784741404,1461.8323837730802,1703.1799828047565,1920.400350579927
RO1_DEMAND,validation,Granite,SARIMA,"(1, 1, 1)(0, 1, 1, 12)",2021-12-01,2022-12-01,12,1692.1,1128.1632248323951,1346.1243045039168,1588.2948882289234,1830.4654719539299,2048.426551625452
RO1_DEMAND,validation,Granite,SARIMA,"(1, 1, 1)(0, 1, 1, 12)",2022-01-01,2023-01-01,12,1309.6,974.5402233657162,1191.2898493967768,1432.1144201743878,1672.9389909519987,1889.6886169830593
RO1_DEMAND,validation,Granite,SARIMA,"(1, 1, 1)(0, 1, 1, 12)",2022-02-01,2023-02-01,12,1455.1,795.5570506250568,1011.9643880136,1252.4086512588485,1492.852914504097,1709.26025189264
RO1_DEMAND,validation,Granite,SARIMA,"(1, 1, 1)(0, 1, 1, 12)",2022-03-01,2023-03-01,12,1561.4,1139.4625017143326,1355.7916462414541,1596.1490315407766,1836.506416840099,2052.8355613672206
RO1_DEMAND,validation,Granite,SARIMA,"(1, 1, 1)(0, 1, 1, 12)",2022-04-01,2023-04-01,12,1395.2,1082.9859974580042,1300.0696824636532,1541.265417015074,1782.461151566495,1999.5448365721438
RO1_DEMAND,validation,Granite,SARIMA,"(1, 1, 1)(0, 1, 1, 12)",2022-05-01,2023-05-01,12,1844.9,932.4942557485263,1149.4425141322868,1390.4877798746709,1631.533045617055,1848.4813040008155
RO1_DEMAND,validation,Granite,SARIMA,"(1, 1, 1)(0, 1, 1, 12)",2022-06-01,2023-06-01,12,1659.3,976.099023649379,1193.34500727056,1434.721067366892,1676.0971274632238,1893.3431110844049
RO1_DEMAND,validation,Granite,SARIMA,"(1, 1, 1)(0, 1, 1, 12)",2022-07-01,2023-07-01,12,1674.3,1155.6774381583218,1373.2509320565753,1614.990879848335,1856.7308276400947,2074.304321538348
RO1_DEMAND,validation,Granite,SARIMA,"(1, 1, 1)(0, 1, 1, 12)",2022-08-01,2023-08-01,12,1755.2,1032.6449482918606,1248.5760201378903,1488.491117788013,1728.4062154381359,1944.3372872841655
RO1_DEMAND,validation,Granite,SARIMA,"(1, 1, 1)(0, 1, 1, 12)",2022-09-01,2023-09-01,12,1729.4,1091.8660527867137,1307.373106649788,1546.8170895366836,1786.2610724235792,2001.7681262866536
RO1_DEMAND,validation,Granite,SARIMA,"(1, 1, 1)(0, 1, 1, 12)",2022-10-01,2023-10-01,12,1742.2,1152.3831248033732,1367.4291493569951,1606.3608952098632,1845.2926410627313,2060.3386656163534
RO1_DEMAND,validation,Granite,SARIMA,"(1, 1, 1)(0, 1, 1, 12)",2022-11-01,2023-11-01,12,1621.1,1085.9697087584514,1300.5752946150546,1539.0176810992095,1777.4600675833644,1992.0656534399677
RO1_DEMAND,validation,Granite,SARIMA,"(1, 1, 1)(0, 1, 1, 12)",2022-12-01,2023-12-01,12,1531.7,1192.1396875234886,1406.5220063410516,1644.7163269354044,1882.9106475297572,2097.29296634732
RO1_DEMAND,validation,Granite,SARIMA,"(1, 1, 1)(0, 1, 1, 12)",2023-01-01,2024-01-01,12,1664.5,963.1282566872916,1177.1982217443147,1415.0454946334871,1652.8927675226596,1866.9627325796828
RO1_DEMAND,validation,Granite,SARIMA,"(1, 1, 1)(0, 1, 1, 12)",2023-02-01,2024-02-01,12,1201.2,919.2795735627687,1132.9351040614342,1370.3219100678741,1607.708716074314,1821.3642465729795
RO1_DEMAND,validation,Granite,SARIMA,"(1, 1, 1)(0, 1, 1, 12)",2023-03-01,2024-03-01,12,1688.6,1148.7415512214216,1361.6369252902794,1598.1791423150248,1834.7213593397703,2047.616733408628
RO1_DEMAND,validation,Granite,SARIMA,"(1, 1, 1)(0, 1, 1, 12)",2023-04-01,2024-04-01,12,1470.5,1012.9104993396757,1225.5348800714783,1461.776003824346,1698.0171275772136,1910.6415083090162
RO1_DEMAND,validation,Granite,SARIMA,"(1, 1, 1)(0, 1, 1, 12)",2023-05-01,2024-05-01,12,1911.9,1131.8089173105398,1346.0740384608184,1584.1381439381407,1822.202249415463,2036.4673705657417
RO1_DEMAND,validation,Ready-Mixed Concrete,ETS,ETS_AAd_A,2022-05-01,2022-06-01,1,1030.0,801.7897052205271,854.1034924970526,916.6821551074929,978.5298616867923,1035.9727826107835
RO1_DEMAND,validation,Ready-Mixed Concrete,ETS,ETS_AAd_A,2022-06-01,2022-07-01,1,990.7,932.5900800316484,984.9457204528044,1047.5744485231048,1109.4716357678903,1166.9605133507778
RO1_DEMAND,validation,Ready-Mixed Concrete,ETS,ETS_AAd_A,2022-07-01,2022-08-01,1,982.6,858.9402338162599,911.2408435663982,973.8037429904825,1035.6358705068262,1093.0643219067085
RO1_DEMAND,validation,Ready-Mixed Concrete,ETS,ETS_AAd_A,2022-08-01,2022-09-01,1,993.4,870.1872967741041,922.3906389150618,984.8371851325686,1046.5543185170504,1103.875965652254
RO1_DEMAND,validation,Ready-Mixed Concrete,ETS,ETS_AAd_A,2022-09-01,2022-10-01,1,930.7,896.3654935681814,948.4671980525447,1010.792163536718,1072.3891363232062,1129.5991806826485
RO1_DEMAND,validation,Ready-Mixed Concrete,ETS,ETS_AAd_A,2022-10-01,2022-11-01,1,959.9,788.1091256907844,840.1977623020616,902.5070957690657,964.0886191296509,1021.2843143693024
RO1_DEMAND,validation,Ready-Mixed Concrete,ETS,ETS_AAd_A,2022-11-01,2022-12-01,1,992.6,877.0665372316714,929.0948945583865,991.3321208963259,1052.8423793820377,1109.971885221978
RO1_DEMAND,validation,Ready-Mixed Concrete,ETS,ETS_AAd_A,2022-12-01,2023-01-01,1,808.1,829.624176558439,881.5562485500363,943.678296694724,1005.0747223370445,1062.0985024939623
RO1_DEMAND,validation,Ready-Mixed Concrete,ETS,ETS_AAd_A,2023-01-01,2023-02-01,1,897.3,562.5332949398902,614.5968433675655,676.8761659128054,738.4280288970575,795.5961761685384
RO1_DEMAND,validation,Ready-Mixed Concrete,ETS,ETS_AAd_A,2023-02-01,2023-03-01,1,1070.7,951.4735712288784,1003.9811510042063,1066.7916315737418,1128.8684483403777,1186.5241622538256
RO1_DEMAND,validation,Ready-Mixed Concrete,ETS,ETS_AAd_A,2023-03-01,2023-04-01,1,918.4,899.3867525497662,952.3167863953262,1015.6326138744578,1078.2088747979626,1136.328462520089
RO1_DEMAND,validation,Ready-Mixed Concrete,ETS,ETS_AAd_A,2023-04-01,2023-05-01,1,1041.6,796.925907080468,849.3107037846903,911.9743091081198,973.9059662189559,1031.4268587284967
RO1_DEMAND,validation,Ready-Mixed Concrete,ETS,ETS_AAd_A,2023-05-01,2023-06-01,1,1020.3,935.3547764287935,987.8248187216819,1050.590396301564,1112.622834572195,1170.237330620378
RO1_DEMAND,validation,Ready-Mixed Concrete,ETS,ETS_AAd_A,2023-06-01,2023-07-01,1,1046.0,931.9763797420505,984.3615858117557,1047.0256808252989,1108.957821906377,1166.4791639178613
RO1_DEMAND,validation,Ready-Mixed Concrete,ETS,ETS_AAd_A,2023-07-01,2023-08-01,1,1113.5,910.2368838169039,962.527799599749,1025.07910293148,1086.8997698047322,1144.3175767870398
RO1_DEMAND,validation,Ready-Mixed Concrete,ETS,ETS_AAd_A,2023-08-01,2023-09-01,1,1081.8,992.8184374441302,1045.0988220286958,1107.6375277578006,1169.4457441759241,1226.8519874229057
RO1_DEMAND,validation,Ready-Mixed Concrete,ETS,ETS_AAd_A,2023-09-01,2023-10-01,1,1101.2,981.8011743566457,1034.5254818695607,1097.5952159299036,1159.9282579522455,1217.821948791861
RO1_DEMAND,validation,Ready-Mixed Concrete,ETS,ETS_AAd_A,2023-10-01,2023-11-01,1,1070.0,936.0245314998924,988.6555938357856,1051.6137863928902,1113.8365897831504,1171.6278931717886
RO1_DEMAND,validation,Ready-Mixed Concrete,ETS,ETS_AAd_A,2023-11-01,2023-12-01,1,1101.6,991.4281840520487,1043.4391961685458,1105.6556738642123,1167.1454260641442,1224.255886073323
RO1_DEMAND,validation,Ready-Mixed Concrete,ETS,ETS_AAd_A,2023-12-01,2024-01-01,1,1071.7,933.2527196531994,985.1719173050574,1047.2785649405328,1108.6597699607564,1165.6694135063124
RO1_DEMAND,validation,Ready-Mixed Concrete,ETS,ETS_AAd_A,2024-01-01,2024-02-01,1,874.95,820.9731880588764,872.8052776330372,934.8077250702736,996.0859470126015,1052.9999419217368
RO1_DEMAND,validation,Ready-Mixed Concrete,ETS,ETS_AAd_A,2024-02-01,2024-03-01,1,1112.0,957.9283026813736,1009.714986528075,1071.6631188440556,1132.887660098077,1189.7517974505768
RO1_DEMAND,validation,Ready-Mixed Concrete,ETS,ETS_AAd_A,2024-03-01,2024-04-01,1,1114.9,912.3563773240744,964.0641147381543,1025.9178099577496,1087.049017196888,1143.826467770961
RO1_DEMAND,validation,Ready-Mixed Concrete,ETS,ETS_AAd_A,2024-04-01,2024-05-01,1,1151.8,982.8127878522401,1034.513415593049,1096.3586060977682,1157.4814079621628,1214.2510517911928
RO1_DEMAND,validation,Ready-Mixed Concrete,ETS,ETS_AAd_A,2022-03-01,2022-06-01,3,1030.0,839.5050082600632,922.7920870690241,1020.3547981616598,1125.0366643388231,1216.8929852427002
RO1_DEMAND,validation,Ready-Mixed Concrete,ETS,ETS_AAd_A,2022-04-01,2022-07-01,3,990.7,860.5708598328764,943.7719123382958,1041.0853948555523,1145.5348722061538,1237.1990693520636
RO1_DEMAND,validation,Ready-Mixed Concrete,ETS,ETS_AAd_A,2022-05-01,2022-08-01,3,982.6,748.0081799826991,831.2296290045205,928.6342406615236,1033.163535067702,1124.8918295661335
RO1_DEMAND,validation,Ready-Mixed Concrete,ETS,ETS_AAd_A,2022-06-01,2022-09-01,3,993.4,855.6550063125999,939.2625852738898,1036.0044688435735,1140.2231912681523,1231.8730920468402
RO1_DEMAND,validation,Ready-Mixed Concrete,ETS,ETS_AAd_A,2022-07-01,2022-10-01,3,930.7,822.7370226625217,906.163247726102,1002.2457873218501,1106.092234642405,1197.4925894570554
RO1_DEMAND,validation,Ready-Mixed Concrete,ETS,ETS_AAd_A,2022-08-01,2022-11-01,3,959.9,792.7617176324566,876.033054461138,971.9026821391908,1075.5375411781624,1166.764678778764
RO1_DEMAND,validation,Ready-Mixed Concrete,ETS,ETS_AAd_A,2022-09-01,2022-12-01,3,992.6,839.2194110959041,922.3287702293414,1017.9927148770964,1121.4155377730008,1212.4632624153912
RO1_DEMAND,validation,Ready-Mixed Concrete,ETS,ETS_AAd_A,2022-10-01,2023-01-01,3,808.1,717.9970212049574,801.0819743487056,896.6878370305824,1000.0642543063929,1091.0855582915483
RO1_DEMAND,validation,Ready-Mixed Concrete,ETS,ETS_AAd_A,2022-11-01,2023-02-01,3,897.3,627.6931799902413,710.3437230690487,805.7402402937626,908.8726083580812,999.6338612184105
RO1_DEMAND,validation,Ready-Mixed Concrete,ETS,ETS_AAd_A,2022-12-01,2023-03-01,3,1070.7,820.6445410964415,903.1317451197773,998.3486886040696,1101.286944241607,1191.8749154310888
RO1_DEMAND,validation,Ready-Mixed Concrete,ETS,ETS_AAd_A,2023-01-01,2023-04-01,3,918.4,618.9438468214146,701.6130385234386,797.0632091991562,900.2536648872647,991.0572335901194
RO1_DEMAND,validation,Ready-Mixed Concrete,ETS,ETS_AAd_A,2023-02-01,2023-05-01,3,1041.6,802.5132154791369,885.3036001394414,980.1600445981106,1084.2065013950146,1174.194883348742
RO1_DEMAND,validation,Ready-Mixed Concrete,ETS,ETS_AAd_A,2023-03-01,2023-06-01,3,1020.3,855.5321371534469,939.3883817923568,1036.3411087513612,1141.1535250485,1233.320525962184
RO1_DEMAND,validation,Ready-Mixed Concrete,ETS,ETS_AAd_A,2023-04-01,2023-07-01,3,1046.0,787.6979515099565,870.2112999592482,964.8014602231112,1068.5526544953907,1158.2888623814308
RO1_DEMAND,validation,Ready-Mixed Concrete,ETS,ETS_AAd_A,2023-05-01,2023-08-01,3,1113.5,882.3149059609369,964.6650548107356,1058.9957410396087,1162.5071586994793,1252.222985517387
RO1_DEMAND,validation,Ready-Mixed Concrete,ETS,ETS_AAd_A,2023-06-01,2023-09-01,3,1081.8,859.1444612705777,941.256250331463,1035.118020334457,1138.3737187628358,1227.8629583594275
RO1_DEMAND,validation,Ready-Mixed Concrete,ETS,ETS_AAd_A,2023-07-01,2023-10-01,3,1101.2,873.1798666763995,955.1527979864973,1048.848360083683,1151.9215890645453,1241.2526820947533
RO1_DEMAND,validation,Ready-Mixed Concrete,ETS,ETS_AAd_A,2023-08-01,2023-11-01,3,1070.0,918.9381557487959,1000.8735584823164,1094.5506009388014,1197.588323800558,1286.8945387045628
RO1_DEMAND,validation,Ready-Mixed Concrete,ETS,ETS_AAd_A,2023-09-01,2023-12-01,3,1101.6,908.0124133628022,991.472876522738,1087.278658769043,1191.6030737073306,1282.407502589055
RO1_DEMAND,validation,Ready-Mixed Concrete,ETS,ETS_AAd_A,2023-10-01,2024-01-01,3,1071.7,854.7933555179627,938.1065556456207,1033.743790723699,1137.883415459938,1228.5279121751066
RO1_DEMAND,validation,Ready-Mixed Concrete,ETS,ETS_AAd_A,2023-11-01,2024-02-01,3,874.95,747.0674272130736,828.5534055412836,921.687889986367,1024.061925947331,1112.8652254216647
RO1_DEMAND,validation,Ready-Mixed Concrete,ETS,ETS_AAd_A,2023-12-01,2024-03-01,3,1112.0,934.3967282240767,1015.7361434166955,1108.7111102116019,1210.907740238954,1299.5553435490083
RO1_DEMAND,validation,Ready-Mixed Concrete,ETS,ETS_AAd_A,2024-01-01,2024-04-01,3,1114.9,874.5864744710982,955.7963502448806,1048.6028519531978,1150.6195690337452,1239.115720730413
RO1_DEMAND,validation,Ready-Mixed Concrete,ETS,ETS_AAd_A,2024-02-01,2024-05-01,3,1151.8,813.1179479646389,894.3115575522406,986.9379578341795,1088.8101087364907,1177.1954437243207
RO1_DEMAND,validation,Ready-Mixed Concrete,ETS,ETS_AAd_A,2021-12-01,2022-06-01,6,1030.0,781.6297611573698,908.1365606853226,1040.8812647319976,1178.0280845037696,1297.7820528136915
RO1_DEMAND,validation,Ready-Mixed Concrete,ETS,ETS_AAd_A,2022-01-01,2022-07-01,6,990.7,802.179446852432,928.4767589637537,1060.941696614272,1197.7883368666362,1317.2683733945498
RO1_DEMAND,validation,Ready-Mixed Concrete,ETS,ETS_AAd_A,2022-02-01,2022-08-01,6,982.6,674.6279615731405,801.047252563438,933.734023830736,1070.827284745025,1190.5411690416793
RO1_DEMAND,validation,Ready-Mixed Concrete,ETS,ETS_AAd_A,2022-03-01,2022-09-01,6,993.4,786.1122890225075,911.7002773864481,1044.2554325473843,1180.6524836027759,1299.664967772851
RO1_DEMAND,validation,Ready-Mixed Concrete,ETS,ETS_AAd_A,2022-04-01,2022-10-01,6,930.7,798.8165626457221,924.0986404751778,1056.3169921628025,1192.3780132213542,1311.1443415213419
RO1_DEMAND,validation,Ready-Mixed Concrete,ETS,ETS_AAd_A,2022-05-01,2022-11-01,6,959.9,673.0728515129227,798.464343665723,930.8051927094173,1066.9881246107948,1185.834935982619
RO1_DEMAND,validation,Ready-Mixed Concrete,ETS,ETS_AAd_A,2022-06-01,2022-12-01,6,992.6,813.7196190063623,938.2134904533364,1070.198468572773,1205.9409734176895,1324.10839914005
RO1_DEMAND,validation,Ready-Mixed Concrete,ETS,ETS_AAd_A,2022-07-01,2023-01-01,6,808.1,714.8772104020941,838.5992897124967,970.4262312813958,1105.5944656892316,1223.265772479395
RO1_DEMAND,validation,Ready-Mixed Concrete,ETS,ETS_AAd_A,2022-08-01,2023-02-01,6,897.3,577.7985349290569,701.2570967145504,832.8499999033411,967.7423589149706,1085.1652788879971
RO1_DEMAND,validation,Ready-Mixed Concrete,ETS,ETS_AAd_A,2022-09-01,2023-03-01,6,1070.7,778.4268492629908,901.6264572233171,1032.9693443113629,1167.5854539262207,1284.7633274872217
RO1_DEMAND,validation,Ready-Mixed Concrete,ETS,ETS_AAd_A,2022-10-01,2023-04-01,6,918.4,628.7268826609538,751.8585309214238,883.1808174576112,1017.7360053062615,1134.8517291596468
RO1_DEMAND,validation,Ready-Mixed Concrete,ETS,ETS_AAd_A,2022-11-01,2023-05-01,6,1041.6,667.1658421325939,789.7248729922981,920.7702396565085,1055.0848998993724,1171.7433618613206
RO1_DEMAND,validation,Ready-Mixed Concrete,ETS,ETS_AAd_A,2022-12-01,2023-06-01,6,1020.3,691.4857365473705,813.8047525673863,944.6026666035261,1078.666828879226,1195.1000224072134
RO1_DEMAND,validation,Ready-Mixed Concrete,ETS,ETS_AAd_A,2023-01-01,2023-07-01,6,1046.0,593.3808401464222,715.9753955335955,847.0916893357094,981.4902694969388,1098.193994659937
RO1_DEMAND,validation,Ready-Mixed Concrete,ETS,ETS_AAd_A,2023-02-01,2023-08-01,6,1113.5,769.6365038674537,891.1187368916073,1021.9856816090771,1155.7822219445045,1271.0981516526747
RO1_DEMAND,validation,Ready-Mixed Concrete,ETS,ETS_AAd_A,2023-03-01,2023-09-01,6,1081.8,769.8508692638877,894.2059342959329,1027.2692984312012,1163.8498408803816,1282.2296878739744
RO1_DEMAND,validation,Ready-Mixed Concrete,ETS,ETS_AAd_A,2023-04-01,2023-10-01,6,1101.2,727.596469950897,848.685227786684,979.1590189443205,1112.5239238797053,1227.5205901911263
RO1_DEMAND,validation,Ready-Mixed Concrete,ETS,ETS_AAd_A,2023-05-01,2023-11-01,6,1070.0,810.0378049182906,930.7741706211451,1060.8823725242632,1193.9424164165416,1308.682286938436
RO1_DEMAND,validation,Ready-Mixed Concrete,ETS,ETS_AAd_A,2023-06-01,2023-12-01,6,1101.6,819.6542850095162,939.8187948062307,1069.5625497560113,1202.1400260949017,1316.5328886298155
RO1_DEMAND,validation,Ready-Mixed Concrete,ETS,ETS_AAd_A,2023-07-01,2024-01-01,6,1071.7,764.5779043309698,884.5378095577184,1014.0618772249929,1146.4068702039726,1260.598917366796
RO1_DEMAND,validation,Ready-Mixed Concrete,ETS,ETS_AAd_A,2023-08-01,2024-02-01,6,874.95,708.0244437120398,827.9347187423787,957.3981406889609,1089.7020219375127,1203.8591135695688
RO1_DEMAND,validation,Ready-Mixed Concrete,ETS,ETS_AAd_A,2023-09-01,2024-03-01,6,1112.0,876.2139674481516,998.9467703819723,1130.5301241995899,1265.591978691001,1381.8283519560807
RO1_DEMAND,validation,Ready-Mixed Concrete,ETS,ETS_AAd_A,2023-10-01,2024-04-01,6,1114.9,817.7371867331852,940.2536301314437,1071.60447791709,1206.4292751786318,1322.460719508862
RO1_DEMAND,validation,Ready-Mixed Concrete,ETS,ETS_AAd_A,2023-11-01,2024-05-01,6,1151.8,790.1488309874089,909.3209838777053,1037.8960514477144,1169.3944704412897,1282.8919067922122
RO1_DEMAND,validation,Ready-Mixed Concrete,ETS,ETS_AAd_A,2021-06-01,2022-06-01,12,1030.0,622.0964276958082,790.8100505317763,1002.1364956218843,1195.4619679866719,1389.075295629898
RO1_DEMAND,validation,Ready-Mixed Concrete,ETS,ETS_AAd_A,2021-07-01,2022-07-01,12,990.7,621.9947272375582,787.6749507720483,993.9766043485622,1180.82704688974,1369.2685577717273
RO1_DEMAND,validation,Ready-Mixed Concrete,ETS,ETS_AAd_A,2021-08-01,2022-08-01,12,982.6,581.4107027681005,746.8277119330844,952.8411752805118,1139.5301931726776,1327.717699073286
RO1_DEMAND,validation,Ready-Mixed Concrete,ETS,ETS_AAd_A,2021-09-01,2022-09-01,12,993.4,585.7513917106871,750.8696989834312,956.5268724544629,1142.932587848361,1330.798302172985
RO1_DEMAND,validation,Ready-Mixed Concrete,ETS,ETS_AAd_A,2021-10-01,2022-10-01,12,930.7,645.4659340989679,810.3112157762802,1015.6131672862989,1201.6587444137124,1389.1964275894074
RO1_DEMAND,validation,Ready-Mixed Concrete,ETS,ETS_AAd_A,2021-11-01,2022-11-01,12,959.9,637.9538083479786,802.5442373549149,1007.5712860373928,1193.4747126673878,1380.766061326001
RO1_DEMAND,validation,Ready-Mixed Concrete,ETS,ETS_AAd_A,2021-12-01,2022-12-01,12,992.6,723.9803954855427,888.4014419639662,1093.270163241548,1279.162576380856,1466.2606712299519
RO1_DEMAND,validation,Ready-Mixed Concrete,ETS,ETS_AAd_A,2022-01-01,2023-01-01,12,808.1,669.0883669656171,833.1770056300559,1037.6106978242424,1223.055923031903,1409.7817556989833
RO1_DEMAND,validation,Ready-Mixed Concrete,ETS,ETS_AAd_A,2022-02-01,2023-02-01,12,897.3,421.9197532418776,586.2610613852315,791.0422149041221,976.8848248690573,1163.888796690197
RO1_DEMAND,validation,Ready-Mixed Concrete,ETS,ETS_AAd_A,2022-03-01,2023-03-01,12,1070.7,718.8842237122573,882.9086046870971,1086.6437725821866,1271.0132521259052,1456.5583612164326
RO1_DEMAND,validation,Ready-Mixed Concrete,ETS,ETS_AAd_A,2022-04-01,2023-04-01,12,918.4,635.5031858628065,799.177753002753,1002.4088970742548,1186.3715453741925,1371.3635103583072
RO1_DEMAND,validation,Ready-Mixed Concrete,ETS,ETS_AAd_A,2022-05-01,2023-05-01,12,1041.6,533.4837129620566,697.276134388692,900.6886850742876,1084.7906706816284,1269.9952581985294
RO1_DEMAND,validation,Ready-Mixed Concrete,ETS,ETS_AAd_A,2022-06-01,2023-06-01,12,1020.3,658.510908912136,821.8086126110429,1023.8276704503104,1207.355930710674,1391.2650627408536
RO1_DEMAND,validation,Ready-Mixed Concrete,ETS,ETS_AAd_A,2022-07-01,2023-07-01,12,1046.0,633.8858037856326,796.560458185952,997.2693704828662,1180.108908371198,1363.2126382095191
RO1_DEMAND,validation,Ready-Mixed Concrete,ETS,ETS_AAd_A,2022-08-01,2023-08-01,12,1113.5,621.3788816081665,783.7301206682167,984.0058511545121,1166.4662573992803,1349.2085787470996
RO1_DEMAND,validation,Ready-Mixed Concrete,ETS,ETS_AAd_A,2022-09-01,2023-09-01,12,1081.8,633.0765059946417,795.1000451710281,994.9525337848994,1177.0356490476725,1359.4108810355444
RO1_DEMAND,validation,Ready-Mixed Concrete,ETS,ETS_AAd_A,2022-10-01,2023-10-01,12,1101.2,577.4014273760729,739.3611801038606,939.0971148308822,1121.0905960519954,1303.3975573896107
RO1_DEMAND,validation,Ready-Mixed Concrete,ETS,ETS_AAd_A,2022-11-01,2023-11-01,12,1070.0,597.1837871021153,758.6504120305855,957.3842187298859,1138.656817585327,1320.4913347393556
RO1_DEMAND,validation,Ready-Mixed Concrete,ETS,ETS_AAd_A,2022-12-01,2023-12-01,12,1101.6,635.0831914591308,796.2415297920619,994.5838870385334,1175.5053536295666,1356.9953358718255
RO1_DEMAND,validation,Ready-Mixed Concrete,ETS,ETS_AAd_A,2023-01-01,2024-01-01,12,1071.7,460.76182113205766,622.3036767942511,821.0869901594783,1002.4259992527761,1184.354708770226
RO1_DEMAND,validation,Ready-Mixed Concrete,ETS,ETS_AAd_A,2023-02-01,2024-02-01,12,874.95,521.0925187442308,680.8930079512999,878.8062410523369,1058.9450633539782,1238.9854799719446
RO1_DEMAND,validation,Ready-Mixed Concrete,ETS,ETS_AAd_A,2023-03-01,2024-03-01,12,1112.0,708.5407677656023,872.8953837865317,1074.5189962264064,1258.3460199261312,1443.074712514261
RO1_DEMAND,validation,Ready-Mixed Concrete,ETS,ETS_AAd_A,2023-04-01,2024-04-01,12,1114.9,570.9088743632552,730.3130061858651,927.5983844680688,1107.2300809962826,1286.5821005084606
RO1_DEMAND,validation,Ready-Mixed Concrete,ETS,ETS_AAd_A,2023-05-01,2024-05-01,12,1151.8,674.4763722544517,834.3338620175057,1030.9933825516518,1210.4248489749755,1388.534958038463
RO1_DEMAND,validation,Ready-Mixed Concrete,SARIMA,"(0, 1, 1)(0, 1, 1, 12)",2022-05-01,2022-06-01,1,1030.0,798.4995971953771,854.390869091205,916.4901299342139,978.5893907772228,1034.4806626730506
RO1_DEMAND,validation,Ready-Mixed Concrete,SARIMA,"(0, 1, 1)(0, 1, 1, 12)",2022-06-01,2022-07-01,1,990.7,947.6996933126334,1003.6423453775011,1065.7986933185691,1127.9550412596373,1183.8976933245049
RO1_DEMAND,validation,Ready-Mixed Concrete,SARIMA,"(0, 1, 1)(0, 1, 1, 12)",2022-07-01,2022-08-01,1,982.6,879.4017576379918,935.2873744444253,997.3803520725517,1059.473329700678,1115.3589465071116
RO1_DEMAND,validation,Ready-Mixed Concrete,SARIMA,"(0, 1, 1)(0, 1, 1, 12)",2022-08-01,2022-09-01,1,993.4,881.7595468930863,937.5281870000474,999.4911950224251,1061.4542030448029,1117.222843151764
RO1_DEMAND,validation,Ready-Mixed Concrete,SARIMA,"(0, 1, 1)(0, 1, 1, 12)",2022-09-01,2022-10-01,1,930.7,911.9718800207124,967.6284591764683,1029.4669593463107,1091.305459516153,1146.9620386719089
RO1_DEMAND,validation,Ready-Mixed Concrete,SARIMA,"(0, 1, 1)(0, 1, 1, 12)",2022-10-01,2022-11-01,1,959.9,789.7902599353704,845.425859149226,907.2410490804508,969.0562390116756,1024.6918382255312
RO1_DEMAND,validation,Ready-Mixed Concrete,SARIMA,"(0, 1, 1)(0, 1, 1, 12)",2022-11-01,2022-12-01,1,992.6,889.7240917023979,945.2898538276606,1007.0274496832108,1068.765045538761,1124.3308076640237
RO1_DEMAND,validation,Ready-Mixed Concrete,SARIMA,"(0, 1, 1)(0, 1, 1, 12)",2022-12-01,2023-01-01,1,808.1,832.974911565015,888.430051920326,950.0447389581996,1011.6594259960731,1067.1145663513842
RO1_DEMAND,validation,Ready-Mixed Concrete,SARIMA,"(0, 1, 1)(0, 1, 1, 12)",2023-01-01,2023-02-01,1,897.3,544.8599821149393,600.4670282015315,662.250493535379,724.0339588692264,779.6410049558186
RO1_DEMAND,validation,Ready-Mixed Concrete,SARIMA,"(0, 1, 1)(0, 1, 1, 12)",2023-02-01,2023-03-01,1,1070.7,966.6119967451366,1022.7018729372086,1085.0217975722314,1147.3417222072542,1203.4315983993263
RO1_DEMAND,validation,Ready-Mixed Concrete,SARIMA,"(0, 1, 1)(0, 1, 1, 12)",2023-03-01,2023-04-01,1,918.4,844.4493164546998,900.4252447128171,962.6185649204731,1024.811885128129,1080.7878133862464
RO1_DEMAND,validation,Ready-Mixed Concrete,SARIMA,"(0, 1, 1)(0, 1, 1, 12)",2023-04-01,2023-05-01,1,1041.6,777.9899732108674,833.9415633296696,896.1078420975713,958.2741208654729,1014.2257109842751
RO1_DEMAND,validation,Ready-Mixed Concrete,SARIMA,"(0, 1, 1)(0, 1, 1, 12)",2023-05-01,2023-06-01,1,1020.3,942.5900017895569,998.5924641024939,1060.8152655714555,1123.0380670404172,1179.040529353354
RO1_DEMAND,validation,Ready-Mixed Concrete,SARIMA,"(0, 1, 1)(0, 1, 1, 12)",2023-06-01,2023-07-01,1,1046.0,938.0123424697664,993.9192708920934,1056.0359272727237,1118.152583653354,1174.059512075681
RO1_DEMAND,validation,Ready-Mixed Concrete,SARIMA,"(0, 1, 1)(0, 1, 1, 12)",2023-07-01,2023-08-01,1,1113.5,924.6404838813571,980.4393389381489,1042.4359179634264,1104.4324969887039,1160.2313520454957
RO1_DEMAND,validation,Ready-Mixed Concrete,SARIMA,"(0, 1, 1)(0, 1, 1, 12)",2023-08-01,2023-09-01,1,1081.8,1003.1818824998438,1058.9785623351588,1120.9727245314523,1182.9668867277458,1238.7635665630607
RO1_DEMAND,validation,Ready-Mixed Concrete,SARIMA,"(0, 1, 1)(0, 1, 1, 12)",2023-09-01,2023-10-01,1,1101.2,991.5663875009376,1047.263923213452,1109.1479290913435,1171.031934969235,1226.7294706817493
RO1_DEMAND,validation,Ready-Mixed Concrete,SARIMA,"(0, 1, 1)(0, 1, 1, 12)",2023-10-01,2023-11-01,1,1070.0,959.9193561712798,1015.5098637800965,1077.2749536644237,1139.0400435487509,1194.6305511575677
RO1_DEMAND,validation,Ready-Mixed Concrete,SARIMA,"(0, 1, 1)(0, 1, 1, 12)",2023-11-01,2023-12-01,1,1101.6,1000.6385849853827,1056.122715463066,1117.7696126316096,1179.416509800153,1234.9006402778364
RO1_DEMAND,validation,Ready-Mixed Concrete,SARIMA,"(0, 1, 1)(0, 1, 1, 12)",2023-12-01,2024-01-01,1,1071.7,930.2068298452214,985.5849329720139,1047.1140260560173,1108.6431191400209,1164.0212222668133
RO1_DEMAND,validation,Ready-Mixed Concrete,SARIMA,"(0, 1, 1)(0, 1, 1, 12)",2024-01-01,2024-02-01,1,874.95,822.0121826095373,877.2863259782148,938.6999122233618,1000.1134984685089,1055.3876418371865
RO1_DEMAND,validation,Ready-Mixed Concrete,SARIMA,"(0, 1, 1)(0, 1, 1, 12)",2024-02-01,2024-03-01,1,1112.0,966.5664441059499,1021.77316453441,1083.111838997997,1144.450513461584,1199.6572338900442
RO1_DEMAND,validation,Ready-Mixed Concrete,SARIMA,"(0, 1, 1)(0, 1, 1, 12)",2024-03-01,2024-04-01,1,1114.9,883.4381434826886,938.5598190498644,999.8040024982157,1061.048185946567,1116.169861513743
RO1_DEMAND,validation,Ready-Mixed Concrete,SARIMA,"(0, 1, 1)(0, 1, 1, 12)",2024-04-01,2024-05-01,1,1151.8,981.1039541014263,1036.1106806007028,1097.2271472891914,1158.34361397768,1213.3503404769565
RO1_DEMAND,validation,Ready-Mixed Concrete,SARIMA,"(0, 1, 1)(0, 1, 1, 12)",2022-03-01,2022-06-01,3,1030.0,764.4851298602907,858.0641938354551,962.0373278530429,1066.010461870631,1159.5895258457952
RO1_DEMAND,validation,Ready-Mixed Concrete,SARIMA,"(0, 1, 1)(0, 1, 1, 12)",2022-04-01,2022-07-01,3,990.7,844.6512382371235,938.118217679728,1041.9668176441837,1145.8154176086396,1239.282397051244
RO1_DEMAND,validation,Ready-Mixed Concrete,SARIMA,"(0, 1, 1)(0, 1, 1, 12)",2022-05-01,2022-08-01,3,982.6,764.6448573438281,858.0332122230114,961.7944545892778,1065.5556969555444,1158.9440518347276
RO1_DEMAND,validation,Ready-Mixed Concrete,SARIMA,"(0, 1, 1)(0, 1, 1, 12)",2022-06-01,2022-09-01,3,993.4,888.2289912716428,981.3845276289445,1084.887091714524,1188.3896558001038,1281.5451921574054
RO1_DEMAND,validation,Ready-Mixed Concrete,SARIMA,"(0, 1, 1)(0, 1, 1, 12)",2022-07-01,2022-10-01,3,930.7,853.638232086654,946.4383267503414,1049.5459693088644,1152.6536118673876,1245.4537065310749
RO1_DEMAND,validation,Ready-Mixed Concrete,SARIMA,"(0, 1, 1)(0, 1, 1, 12)",2022-08-01,2022-11-01,3,959.9,810.3707469706557,903.0099987597061,1005.9389332071412,1108.8678676545762,1201.5071194436268
RO1_DEMAND,validation,Ready-Mixed Concrete,SARIMA,"(0, 1, 1)(0, 1, 1, 12)",2022-09-01,2022-12-01,3,992.6,855.9221775371075,948.3793019033426,1051.105879561382,1153.8324572194213,1246.2895815856564
RO1_DEMAND,validation,Ready-Mixed Concrete,SARIMA,"(0, 1, 1)(0, 1, 1, 12)",2022-10-01,2023-01-01,3,808.1,719.0564415459041,811.501648616631,914.2149852941521,1016.9283219716733,1109.3735290424002
RO1_DEMAND,validation,Ready-Mixed Concrete,SARIMA,"(0, 1, 1)(0, 1, 1, 12)",2022-11-01,2023-02-01,3,897.3,613.9838920089728,706.1470954759716,808.5471056759845,910.9471158759975,1003.1103193429963
RO1_DEMAND,validation,Ready-Mixed Concrete,SARIMA,"(0, 1, 1)(0, 1, 1, 12)",2022-12-01,2023-03-01,3,1070.7,808.7428535839621,900.6971220434843,1002.8649902812834,1105.0328585190825,1196.987126978605
RO1_DEMAND,validation,Ready-Mixed Concrete,SARIMA,"(0, 1, 1)(0, 1, 1, 12)",2023-01-01,2023-04-01,3,918.4,559.888344507886,652.1446587201651,754.6481217181254,857.1515847160856,949.4078989283647
RO1_DEMAND,validation,Ready-Mixed Concrete,SARIMA,"(0, 1, 1)(0, 1, 1, 12)",2023-02-01,2023-05-01,3,1041.6,756.7794289155164,848.7794774167114,950.9982106044894,1053.2169437922673,1145.2169922934625
RO1_DEMAND,validation,Ready-Mixed Concrete,SARIMA,"(0, 1, 1)(0, 1, 1, 12)",2023-03-01,2023-06-01,3,1020.3,776.7593681789384,868.4774849119852,970.3829714367996,1072.2884579616139,1164.0065746946607
RO1_DEMAND,validation,Ready-Mixed Concrete,SARIMA,"(0, 1, 1)(0, 1, 1, 12)",2023-04-01,2023-07-01,3,1046.0,767.7718581679442,859.4372707312533,961.2841990971093,1063.1311274629654,1154.7965400262744
RO1_DEMAND,validation,Ready-Mixed Concrete,SARIMA,"(0, 1, 1)(0, 1, 1, 12)",2023-05-01,2023-08-01,3,1113.5,895.7143491999814,987.2719203235997,1088.9990290205542,1190.7261377175087,1282.283708841127
RO1_DEMAND,validation,Ready-Mixed Concrete,SARIMA,"(0, 1, 1)(0, 1, 1, 12)",2023-06-01,2023-09-01,3,1081.8,872.4025142103819,963.6342889534021,1064.9994142183427,1166.3645394832834,1257.5963142263035
RO1_DEMAND,validation,Ready-Mixed Concrete,SARIMA,"(0, 1, 1)(0, 1, 1, 12)",2023-07-01,2023-10-01,3,1101.2,887.0574480296999,978.1209224389162,1079.2990538142146,1180.477185189513,1271.5406595987292
RO1_DEMAND,validation,Ready-Mixed Concrete,SARIMA,"(0, 1, 1)(0, 1, 1, 12)",2023-08-01,2023-11-01,3,1070.0,928.2989723378023,1019.3338493719481,1120.4802069873429,1221.6265646027375,1312.6614416368834
RO1_DEMAND,validation,Ready-Mixed Concrete,SARIMA,"(0, 1, 1)(0, 1, 1, 12)",2023-09-01,2023-12-01,3,1101.6,940.1252140363607,1030.9164854893816,1131.792179618118,1232.6678737468546,1323.4591451998756
RO1_DEMAND,validation,Ready-Mixed Concrete,SARIMA,"(0, 1, 1)(0, 1, 1, 12)",2023-10-01,2024-01-01,3,1071.7,877.0428842579279,967.6672607143661,1068.3575223851421,1169.047784055918,1259.6721605123564
RO1_DEMAND,validation,Ready-Mixed Concrete,SARIMA,"(0, 1, 1)(0, 1, 1, 12)",2023-11-01,2024-02-01,3,874.95,740.0547248803483,830.5077100728993,931.0075436063055,1031.5073771397117,1121.9603623322628
RO1_DEMAND,validation,Ready-Mixed Concrete,SARIMA,"(0, 1, 1)(0, 1, 1, 12)",2023-12-01,2024-03-01,3,1112.0,928.3588634123907,1018.6377742279178,1118.9441984904627,1219.2506227530075,1309.5295335685346
RO1_DEMAND,validation,Ready-Mixed Concrete,SARIMA,"(0, 1, 1)(0, 1, 1, 12)",2024-01-01,2024-04-01,3,1114.9,841.3889745218269,931.4792282118518,1031.5760407112525,1131.6728532106533,1221.7631069006782
RO1_DEMAND,validation,Ready-Mixed Concrete,SARIMA,"(0, 1, 1)(0, 1, 1, 12)",2024-02-01,2024-05-01,3,1151.8,774.2127526321489,864.1602648601438,964.098481232045,1064.036697603946,1153.9842098319411
RO1_DEMAND,validation,Ready-Mixed Concrete,SARIMA,"(0, 1, 1)(0, 1, 1, 12)",2021-12-01,2022-06-01,6,1030.0,702.1489964562847,833.9356623685294,980.3602160514071,1126.7847697342847,1258.5714356465294
RO1_DEMAND,validation,Ready-Mixed Concrete,SARIMA,"(0, 1, 1)(0, 1, 1, 12)",2022-01-01,2022-07-01,6,990.7,730.2599142555857,861.7435099746338,1007.8313306696464,1153.919151364659,1285.402747083707
RO1_DEMAND,validation,Ready-Mixed Concrete,SARIMA,"(0, 1, 1)(0, 1, 1, 12)",2022-02-01,2022-08-01,6,982.6,626.9597890405448,758.6678742544573,905.0051190764442,1051.3423638984311,1183.0504491123436
RO1_DEMAND,validation,Ready-Mixed Concrete,SARIMA,"(0, 1, 1)(0, 1, 1, 12)",2022-03-01,2022-09-01,6,993.4,748.0243332946784,879.1226162970391,1024.7823265896925,1170.4420368823457,1301.5403198847066
RO1_DEMAND,validation,Ready-Mixed Concrete,SARIMA,"(0, 1, 1)(0, 1, 1, 12)",2022-04-01,2022-10-01,6,930.7,818.6596317140524,949.6523820605826,1095.1948379108235,1240.7372937610644,1371.7300441075945
RO1_DEMAND,validation,Ready-Mixed Concrete,SARIMA,"(0, 1, 1)(0, 1, 1, 12)",2022-05-01,2022-11-01,6,959.9,709.4447986297452,840.2794677167471,985.6462838107818,1131.0130999048165,1261.8477689918186
RO1_DEMAND,validation,Ready-Mixed Concrete,SARIMA,"(0, 1, 1)(0, 1, 1, 12)",2022-06-01,2022-12-01,6,992.6,868.3238447638441,998.7098653991956,1143.578200491084,1288.4465355829725,1418.832556218324
RO1_DEMAND,validation,Ready-Mixed Concrete,SARIMA,"(0, 1, 1)(0, 1, 1, 12)",2022-07-01,2023-01-01,6,808.1,753.9743901434808,883.7620633496217,1027.9655910069873,1172.169118664353,1301.9567918704938
RO1_DEMAND,validation,Ready-Mixed Concrete,SARIMA,"(0, 1, 1)(0, 1, 1, 12)",2022-08-01,2023-02-01,6,897.3,584.1982832235361,713.7739744222172,857.741974679172,1001.7099749361269,1131.2856661348078
RO1_DEMAND,validation,Ready-Mixed Concrete,SARIMA,"(0, 1, 1)(0, 1, 1, 12)",2022-09-01,2023-03-01,6,1070.7,787.2765742665392,916.5966151088686,1060.2805692594245,1203.9645234099803,1333.2845642523098
RO1_DEMAND,validation,Ready-Mixed Concrete,SARIMA,"(0, 1, 1)(0, 1, 1, 12)",2022-10-01,2023-04-01,6,918.4,578.5887869244609,707.8977999950143,851.569501490499,995.2412029859836,1124.550216056537
RO1_DEMAND,validation,Ready-Mixed Concrete,SARIMA,"(0, 1, 1)(0, 1, 1, 12)",2022-11-01,2023-05-01,6,1041.6,601.9089265456089,730.7562607151194,873.9150034331584,1017.0737461511974,1145.921080320708
RO1_DEMAND,validation,Ready-Mixed Concrete,SARIMA,"(0, 1, 1)(0, 1, 1, 12)",2022-12-01,2023-06-01,6,1020.3,622.3939571004967,750.9433843285777,893.7711308063226,1036.5988772840674,1165.1483045121486
RO1_DEMAND,validation,Ready-Mixed Concrete,SARIMA,"(0, 1, 1)(0, 1, 1, 12)",2023-01-01,2023-07-01,6,1046.0,521.4195703549326,650.4151281351305,793.7385580458375,937.0619879565445,1066.0575457367424
RO1_DEMAND,validation,Ready-Mixed Concrete,SARIMA,"(0, 1, 1)(0, 1, 1, 12)",2023-02-01,2023-08-01,6,1113.5,741.9115861122145,870.1337016761543,1012.5977811318575,1155.0618605875607,1283.2839761515004
RO1_DEMAND,validation,Ready-Mixed Concrete,SARIMA,"(0, 1, 1)(0, 1, 1, 12)",2023-03-01,2023-09-01,6,1081.8,743.9204718216888,871.7116117630903,1013.6968460128578,1155.6820802626253,1283.4732202040268
RO1_DEMAND,validation,Ready-Mixed Concrete,SARIMA,"(0, 1, 1)(0, 1, 1, 12)",2023-04-01,2023-10-01,6,1101.2,729.2349555659114,856.9475192880383,998.8454496534731,1140.7433800189078,1268.4559437410348
RO1_DEMAND,validation,Ready-Mixed Concrete,SARIMA,"(0, 1, 1)(0, 1, 1, 12)",2023-05-01,2023-11-01,6,1070.0,832.3224837127136,959.8080056318927,1101.4536760707722,1243.0993465096517,1370.5848684288308
RO1_DEMAND,validation,Ready-Mixed Concrete,SARIMA,"(0, 1, 1)(0, 1, 1, 12)",2023-06-01,2023-12-01,6,1101.6,842.8846079788074,969.8480465098548,1110.9136444007017,1251.9792422915486,1378.9426808225962
RO1_DEMAND,validation,Ready-Mixed Concrete,SARIMA,"(0, 1, 1)(0, 1, 1, 12)",2023-07-01,2024-01-01,6,1071.7,778.072267441276,904.8047478188687,1045.6137344334159,1186.422721047963,1313.1552014255558
RO1_DEMAND,validation,Ready-Mixed Concrete,SARIMA,"(0, 1, 1)(0, 1, 1, 12)",2023-08-01,2024-02-01,6,874.95,713.466327204873,840.148825758849,980.9022789386236,1121.6557321183982,1248.3382306723743
RO1_DEMAND,validation,Ready-Mixed Concrete,SARIMA,"(0, 1, 1)(0, 1, 1, 12)",2023-09-01,2024-03-01,6,1112.0,881.1110636076985,1007.4177995703683,1147.7537532304316,1288.0897068904949,1414.3964428531647
RO1_DEMAND,validation,Ready-Mixed Concrete,SARIMA,"(0, 1, 1)(0, 1, 1, 12)",2023-10-01,2024-04-01,6,1114.9,763.2267798915038,889.3006938786128,1029.377965420701,1169.4552369627893,1295.5291509498982
RO1_DEMAND,validation,Ready-Mixed Concrete,SARIMA,"(0, 1, 1)(0, 1, 1, 12)",2023-11-01,2024-05-01,6,1151.8,747.3387901221754,873.1713806478301,1012.9805243038983,1152.7896679599664,1278.6222584856212
RO1_DEMAND,validation,Ready-Mixed Concrete,SARIMA,"(0, 1, 1)(0, 1, 1, 12)",2021-06-01,2022-06-01,12,1030.0,617.8979188139685,805.4416612603925,1013.8163749967595,1222.1910887331264,1409.7348311795504
RO1_DEMAND,validation,Ready-Mixed Concrete,SARIMA,"(0, 1, 1)(0, 1, 1, 12)",2021-07-01,2022-07-01,12,990.7,602.9708613591151,789.8200685688664,997.423103233281,1205.0261378976957,1391.875345107447
RO1_DEMAND,validation,Ready-Mixed Concrete,SARIMA,"(0, 1, 1)(0, 1, 1, 12)",2021-08-01,2022-08-01,12,982.6,557.050406746544,743.8068101595381,951.3067330680997,1158.8066559766612,1345.5630593896553
RO1_DEMAND,validation,Ready-Mixed Concrete,SARIMA,"(0, 1, 1)(0, 1, 1, 12)",2021-09-01,2022-09-01,12,993.4,559.7761822919396,746.2109972718305,953.3536120835465,1160.4962268952627,1346.9310418751534
RO1_DEMAND,validation,Ready-Mixed Concrete,SARIMA,"(0, 1, 1)(0, 1, 1, 12)",2021-10-01,2022-10-01,12,930.7,623.5513776550006,809.6177310558254,1016.3509583024902,1223.084185549155,1409.1505389499798
RO1_DEMAND,validation,Ready-Mixed Concrete,SARIMA,"(0, 1, 1)(0, 1, 1, 12)",2021-11-01,2022-11-01,12,959.9,617.915848411582,803.6897289050469,1010.0979975177856,1216.5062661305244,1402.2801466239894
RO1_DEMAND,validation,Ready-Mixed Concrete,SARIMA,"(0, 1, 1)(0, 1, 1, 12)",2021-12-01,2022-12-01,12,992.6,709.2439154090613,894.8299680235655,1101.0295462262718,1307.2291244289781,1492.8151770434824
RO1_DEMAND,validation,Ready-Mixed Concrete,SARIMA,"(0, 1, 1)(0, 1, 1, 12)",2022-01-01,2023-01-01,12,808.1,651.3011389034235,836.4567012493305,1042.1779735095668,1247.899245769803,1433.0548081157099
RO1_DEMAND,validation,Ready-Mixed Concrete,SARIMA,"(0, 1, 1)(0, 1, 1, 12)",2022-02-01,2023-02-01,12,897.3,389.27054139452656,574.7572718841373,780.8464959951935,986.9357201062498,1172.4224505958605
RO1_DEMAND,validation,Ready-Mixed Concrete,SARIMA,"(0, 1, 1)(0, 1, 1, 12)",2022-03-01,2023-03-01,12,1070.7,703.700756809447,888.2154530793533,1093.224676601583,1298.2339001238129,1482.7485963937193
RO1_DEMAND,validation,Ready-Mixed Concrete,SARIMA,"(0, 1, 1)(0, 1, 1, 12)",2022-04-01,2023-04-01,12,918.4,618.6924270533202,803.0937123665854,1007.9769280822288,1212.8601437978723,1397.2614291111374
RO1_DEMAND,validation,Ready-Mixed Concrete,SARIMA,"(0, 1, 1)(0, 1, 1, 12)",2022-05-01,2023-05-01,12,1041.6,507.8183770898505,691.9615024222342,896.5578836564245,1101.1542648906147,1285.2973902229983
RO1_DEMAND,validation,Ready-Mixed Concrete,SARIMA,"(0, 1, 1)(0, 1, 1, 12)",2022-06-01,2023-06-01,12,1020.3,649.8100117260018,833.2313277334282,1037.025726403454,1240.8201250734796,1424.241441080906
RO1_DEMAND,validation,Ready-Mixed Concrete,SARIMA,"(0, 1, 1)(0, 1, 1, 12)",2022-07-01,2023-07-01,12,1046.0,614.6254817894985,797.12967614351,999.9050860725685,1202.680496001627,1385.1846903556384
RO1_DEMAND,validation,Ready-Mixed Concrete,SARIMA,"(0, 1, 1)(0, 1, 1, 12)",2022-08-01,2023-08-01,12,1113.5,602.3195860746547,784.5330643394909,986.9854675871736,1189.4378708348563,1371.6513490996927
RO1_DEMAND,validation,Ready-Mixed Concrete,SARIMA,"(0, 1, 1)(0, 1, 1, 12)",2022-09-01,2023-09-01,12,1081.8,612.8210179607283,794.6776615037289,996.7335954688657,1198.7895294340024,1380.646172977003
RO1_DEMAND,validation,Ready-Mixed Concrete,SARIMA,"(0, 1, 1)(0, 1, 1, 12)",2022-10-01,2023-10-01,12,1101.2,546.0094676490223,727.8576427425618,929.9041676455286,1131.9506925484952,1313.7988676420348
RO1_DEMAND,validation,Ready-Mixed Concrete,SARIMA,"(0, 1, 1)(0, 1, 1, 12)",2022-11-01,2023-11-01,12,1070.0,573.2665713429718,754.4206368914513,955.6959556967533,1156.9712745020554,1338.1253400505348
RO1_DEMAND,validation,Ready-Mixed Concrete,SARIMA,"(0, 1, 1)(0, 1, 1, 12)",2022-12-01,2023-12-01,12,1101.6,609.4267609062501,790.1577521751049,990.963004740094,1191.7682573050831,1372.4992485739378
RO1_DEMAND,validation,Ready-Mixed Concrete,SARIMA,"(0, 1, 1)(0, 1, 1, 12)",2023-01-01,2024-01-01,12,1071.7,417.19351128982265,598.5691078948813,800.090563787437,1001.6120196799926,1182.9876162850512
RO1_DEMAND,validation,Ready-Mixed Concrete,SARIMA,"(0, 1, 1)(0, 1, 1, 12)",2023-02-01,2024-02-01,12,874.95,506.9732230890585,686.958986434887,886.9362366730414,1086.9134869111958,1266.8992502570245
RO1_DEMAND,validation,Ready-Mixed Concrete,SARIMA,"(0, 1, 1)(0, 1, 1, 12)",2023-03-01,2024-03-01,12,1112.0,698.4724270954905,877.8225478439003,1077.093553007983,1276.3645581720657,1455.7146789204755
RO1_DEMAND,validation,Ready-Mixed Concrete,SARIMA,"(0, 1, 1)(0, 1, 1, 12)",2023-04-01,2024-04-01,12,1114.9,544.2626623699311,723.4972890175108,922.6399718505744,1121.7826546836382,1301.0172813312176
RO1_DEMAND,validation,Ready-Mixed Concrete,SARIMA,"(0, 1, 1)(0, 1, 1, 12)",2023-05-01,2024-05-01,12,1151.8,666.3092645305253,845.1644762183046,1043.885601485094,1242.6067267518833,1421.4619384396626
RO1_DEMAND,validation,Steel Reinforcement Bars,ETS,ETS_AAd_A,2022-05-01,2022-06-01,1,121.6,1.2149694097192998,24.50747034787886,52.37036526423523,79.90780498173356,105.48403180775578
RO1_DEMAND,validation,Steel Reinforcement Bars,ETS,ETS_AAd_A,2022-06-01,2022-07-01,1,178.9,26.207183329358532,49.577061849148905,77.53251717503727,105.1614361413849,130.82262707599696
RO1_DEMAND,validation,Steel Reinforcement Bars,ETS,ETS_AAd_A,2022-07-01,2022-08-01,1,102.45,32.088100969498726,55.67673061275879,83.8938598388545,111.78139619848568,137.6827858291142
RO1_DEMAND,validation,Steel Reinforcement Bars,ETS,ETS_AAd_A,2022-08-01,2022-09-01,1,174.43,44.638820240442776,68.18999882245365,96.36232843742721,124.20558847206247,150.06585513182895
RO1_DEMAND,validation,Steel Reinforcement Bars,ETS,ETS_AAd_A,2022-09-01,2022-10-01,1,108.27,52.81874915046867,76.47387830340492,104.77055540007991,132.73671046380872,158.71111958460764
RO1_DEMAND,validation,Steel Reinforcement Bars,ETS,ETS_AAd_A,2022-10-01,2022-11-01,1,51.21,53.236670239529666,76.84775227719736,105.09173944815957,133.00582003587323,158.9318634180968
RO1_DEMAND,validation,Steel Reinforcement Bars,ETS,ETS_AAd_A,2022-11-01,2022-12-01,1,70.5,29.453971493868814,53.098059939607374,81.38152995022202,109.33463219451757,135.29691811599332
RO1_DEMAND,validation,Steel Reinforcement Bars,ETS,ETS_AAd_A,2022-12-01,2023-01-01,1,79.16,46.093451946814056,69.69813239652026,97.93446187657409,125.84097421976759,151.7599883668659
RO1_DEMAND,validation,Steel Reinforcement Bars,ETS,ETS_AAd_A,2023-01-01,2023-02-01,1,100.49,13.213209180952603,36.78536627281841,64.98279074631066,92.85085251657861,118.73415453557706
RO1_DEMAND,validation,Steel Reinforcement Bars,ETS,ETS_AAd_A,2023-02-01,2023-03-01,1,57.1,68.20744322092433,91.76553933037022,119.94614381202788,147.7975820579785,173.6654444779093
RO1_DEMAND,validation,Steel Reinforcement Bars,ETS,ETS_AAd_A,2023-03-01,2023-04-01,1,67.2,50.55804916646076,74.17962337784739,102.43616146957811,130.36264637583437,156.30021064263994
RO1_DEMAND,validation,Steel Reinforcement Bars,ETS,ETS_AAd_A,2023-04-01,2023-05-01,1,152.2,12.941033469256885,36.55433806779332,64.80098390473972,92.71769210363621,118.64617595891437
RO1_DEMAND,validation,Steel Reinforcement Bars,ETS,ETS_AAd_A,2023-05-01,2023-06-01,1,135.08,34.076929342941256,57.83256029451811,86.24945939147821,114.33443219096299,140.41919686376036
RO1_DEMAND,validation,Steel Reinforcement Bars,ETS,ETS_AAd_A,2023-06-01,2023-07-01,1,141.5,57.696803245208194,81.46452424950715,109.89588567790277,137.99515188018273,164.09319198147878
RO1_DEMAND,validation,Steel Reinforcement Bars,ETS,ETS_AAd_A,2023-07-01,2023-08-01,1,173.95,49.98660784881015,73.73346397957012,102.13986648318543,130.21446529578412,156.2895948156983
RO1_DEMAND,validation,Steel Reinforcement Bars,ETS,ETS_AAd_A,2023-08-01,2023-09-01,1,140.71,74.62545908880168,98.45048719483104,126.95040037547146,155.11741760472253,181.2783835136203
RO1_DEMAND,validation,Steel Reinforcement Bars,ETS,ETS_AAd_A,2023-09-01,2023-10-01,1,162.59,66.99339351619938,90.77934860106626,119.23252195391382,147.35334530438396,173.47140725656695
RO1_DEMAND,validation,Steel Reinforcement Bars,ETS,ETS_AAd_A,2023-10-01,2023-11-01,1,187.13,73.09698041519317,96.88205313615083,125.33417098993684,153.4539511702028,179.5710442466285
RO1_DEMAND,validation,Steel Reinforcement Bars,ETS,ETS_AAd_A,2023-11-01,2023-12-01,1,122.5,75.44187063320362,99.27047262284283,127.77466094524364,155.9459033800544,182.110793575919
RO1_DEMAND,validation,Steel Reinforcement Bars,ETS,ETS_AAd_A,2023-12-01,2024-01-01,1,179.85,92.15263421028641,115.94017927442808,144.39525458815007,172.5179576834594,198.63776550529758
RO1_DEMAND,validation,Steel Reinforcement Bars,ETS,ETS_AAd_A,2024-01-01,2024-02-01,1,60.8,72.70841199973604,96.48800261966069,124.93356268880139,153.0468616832504,179.15793516307397
RO1_DEMAND,validation,Steel Reinforcement Bars,ETS,ETS_AAd_A,2024-02-01,2024-03-01,1,91.23,103.33770959514203,127.17006381010431,155.67874060972602,183.85441909367188,210.0234294038264
RO1_DEMAND,validation,Steel Reinforcement Bars,ETS,ETS_AAd_A,2024-03-01,2024-04-01,1,111.96,84.58835692760617,108.48590172831427,137.07256064093428,165.32531036037733,191.56590290261525
RO1_DEMAND,validation,Steel Reinforcement Bars,ETS,ETS_AAd_A,2024-04-01,2024-05-01,1,160.55,52.6054208658398,76.47847910720046,105.03584677145804,133.25964738175608,159.4733525666543
RO1_DEMAND,validation,Steel Reinforcement Bars,ETS,ETS_AAd_A,2022-03-01,2022-06-01,3,121.6,-2.560225599279729,23.62235160405977,50.2766093413258,77.13303144549232,103.63865534436096
RO1_DEMAND,validation,Steel Reinforcement Bars,ETS,ETS_AAd_A,2022-04-01,2022-07-01,3,178.9,23.4019737201942,49.12076875666762,75.87994957164908,102.72315316629034,129.08781429178617
RO1_DEMAND,validation,Steel Reinforcement Bars,ETS,ETS_AAd_A,2022-05-01,2022-08-01,3,102.45,7.086497334530731,32.796450570230995,59.55548236090178,86.40172115845098,112.73275608119347
RO1_DEMAND,validation,Steel Reinforcement Bars,ETS,ETS_AAd_A,2022-06-01,2022-09-01,3,174.43,27.04546957225404,52.928746014597756,79.62084143629974,106.72747620860892,132.83024963125035
RO1_DEMAND,validation,Steel Reinforcement Bars,ETS,ETS_AAd_A,2022-07-01,2022-10-01,3,108.27,35.19400579418045,61.43472120810902,88.48460054822105,115.65646477736334,142.38596684720594
RO1_DEMAND,validation,Steel Reinforcement Bars,ETS,ETS_AAd_A,2022-08-01,2022-11-01,3,51.21,38.024981013508665,64.5006073127773,91.58454012536613,118.78560825923793,145.51005187958714
RO1_DEMAND,validation,Steel Reinforcement Bars,ETS,ETS_AAd_A,2022-09-01,2022-12-01,3,70.5,40.98582405464531,67.69979360085628,95.08380412039452,122.8827769966854,149.84053876761524
RO1_DEMAND,validation,Steel Reinforcement Bars,ETS,ETS_AAd_A,2022-10-01,2023-01-01,3,79.16,60.28837321670154,86.9180716709689,114.27625887206509,142.0419047840748,168.94740711777862
RO1_DEMAND,validation,Steel Reinforcement Bars,ETS,ETS_AAd_A,2022-11-01,2023-02-01,3,100.49,19.718499858787666,46.420278978929595,73.51896444113565,100.84283005640125,128.02618964552477
RO1_DEMAND,validation,Steel Reinforcement Bars,ETS,ETS_AAd_A,2022-12-01,2023-03-01,3,57.1,66.87901694752617,93.50642612173897,120.59279689332163,147.894747623799,174.89254831035646
RO1_DEMAND,validation,Steel Reinforcement Bars,ETS,ETS_AAd_A,2023-01-01,2023-04-01,3,67.2,56.79813862815413,83.36041379922527,110.4382789722667,137.66933473783328,164.42458569156764
RO1_DEMAND,validation,Steel Reinforcement Bars,ETS,ETS_AAd_A,2023-02-01,2023-05-01,3,152.2,31.014485855391985,57.58034999167416,84.6235035780774,111.8663495248197,138.75055001439335
RO1_DEMAND,validation,Steel Reinforcement Bars,ETS,ETS_AAd_A,2023-03-01,2023-06-01,3,135.08,28.057979822560597,54.307641051278125,81.4006979243179,108.60832153005676,135.3786727093126
RO1_DEMAND,validation,Steel Reinforcement Bars,ETS,ETS_AAd_A,2023-04-01,2023-07-01,3,141.5,38.01212893277514,64.354279534239,91.44670562536271,118.65835701165697,145.40151422753533
RO1_DEMAND,validation,Steel Reinforcement Bars,ETS,ETS_AAd_A,2023-05-01,2023-08-01,3,173.95,38.78542520760627,65.09900094219188,92.2253227853926,119.78350000173535,146.3117008796108
RO1_DEMAND,validation,Steel Reinforcement Bars,ETS,ETS_AAd_A,2023-06-01,2023-09-01,3,140.71,58.22506848412532,84.45482378040978,111.7349368061492,139.2210802416902,165.95137681739695
RO1_DEMAND,validation,Steel Reinforcement Bars,ETS,ETS_AAd_A,2023-07-01,2023-10-01,3,162.59,53.03541997606186,79.46590383283157,106.69454667473335,134.04975981318222,160.956810146981
RO1_DEMAND,validation,Steel Reinforcement Bars,ETS,ETS_AAd_A,2023-08-01,2023-11-01,3,187.13,62.81439158298208,89.74894316905977,117.1014826655582,144.75634705506505,172.09842928981635
RO1_DEMAND,validation,Steel Reinforcement Bars,ETS,ETS_AAd_A,2023-09-01,2023-12-01,3,122.5,54.323482560124134,81.15469423442894,108.55576768659154,136.27848453395205,163.60406437756956
RO1_DEMAND,validation,Steel Reinforcement Bars,ETS,ETS_AAd_A,2023-10-01,2024-01-01,3,179.85,80.93371679966921,107.79488519467539,135.3261973444353,163.28245818054938,190.3884004233586
RO1_DEMAND,validation,Steel Reinforcement Bars,ETS,ETS_AAd_A,2023-11-01,2024-02-01,3,60.8,66.08590853785412,93.20735423174101,120.89516148594336,149.37567684904994,176.56147769192387
RO1_DEMAND,validation,Steel Reinforcement Bars,ETS,ETS_AAd_A,2023-12-01,2024-03-01,3,91.23,109.96669554175547,137.03301518447765,164.7001244381089,192.93266684093314,220.1607531648086
RO1_DEMAND,validation,Steel Reinforcement Bars,ETS,ETS_AAd_A,2024-01-01,2024-04-01,3,111.96,111.37246515224244,138.67458390213432,166.45071091871478,194.9954638197498,222.3119676179294
RO1_DEMAND,validation,Steel Reinforcement Bars,ETS,ETS_AAd_A,2024-02-01,2024-05-01,3,160.55,70.69157196578138,97.61912052456813,125.16215360565798,153.33412227826392,180.4785155152707
RO1_DEMAND,validation,Steel Reinforcement Bars,ETS,ETS_AAd_A,2021-12-01,2022-06-01,6,121.6,-6.817774054043215,18.92485327795591,47.6883252603774,76.82237458766943,102.03157237101871
RO1_DEMAND,validation,Steel Reinforcement Bars,ETS,ETS_AAd_A,2022-01-01,2022-07-01,6,178.9,13.38086376469321,39.21584602500168,68.1379468634604,96.88486622275627,121.84546954390142
RO1_DEMAND,validation,Steel Reinforcement Bars,ETS,ETS_AAd_A,2022-02-01,2022-08-01,6,102.45,3.454667262460475,29.281509189334834,58.130954462237625,86.83000561887141,111.73276575027299
RO1_DEMAND,validation,Steel Reinforcement Bars,ETS,ETS_AAd_A,2022-03-01,2022-09-01,6,174.43,8.776931072841698,34.62589564436017,63.38040075639676,92.14619087319025,117.06815525167572
RO1_DEMAND,validation,Steel Reinforcement Bars,ETS,ETS_AAd_A,2022-04-01,2022-10-01,6,108.27,12.598469483978354,38.25545791045489,66.95645464922102,95.9143551002697,120.99401621444535
RO1_DEMAND,validation,Steel Reinforcement Bars,ETS,ETS_AAd_A,2022-05-01,2022-11-01,6,51.21,6.456310851373278,32.126835379498544,60.75972798932487,89.7667574557418,114.8032797131205
RO1_DEMAND,validation,Steel Reinforcement Bars,ETS,ETS_AAd_A,2022-06-01,2022-12-01,6,70.5,4.7688042139450095,30.83467001222553,59.116757661081934,88.01505117358032,113.46993522107154
RO1_DEMAND,validation,Steel Reinforcement Bars,ETS,ETS_AAd_A,2022-07-01,2023-01-01,6,79.16,39.11889457361166,65.2222290266058,94.32858022919943,123.54117912107867,148.89437212535057
RO1_DEMAND,validation,Steel Reinforcement Bars,ETS,ETS_AAd_A,2022-08-01,2023-02-01,6,100.49,12.746450152859614,38.844972259960784,68.0879286615104,97.15110395672637,122.40250376279069
RO1_DEMAND,validation,Steel Reinforcement Bars,ETS,ETS_AAd_A,2022-09-01,2023-03-01,6,57.1,76.76309459227963,103.52305049681081,132.90911746055735,162.37515611015863,188.25578104108024
RO1_DEMAND,validation,Steel Reinforcement Bars,ETS,ETS_AAd_A,2022-10-01,2023-04-01,6,67.2,70.52720745713738,97.24966881021338,126.569461514692,155.97848086395672,181.8151063962542
RO1_DEMAND,validation,Steel Reinforcement Bars,ETS,ETS_AAd_A,2022-11-01,2023-05-01,6,152.2,28.472826850379764,54.54541041519943,83.89769057629803,113.1979088367817,138.70288091156795
RO1_DEMAND,validation,Steel Reinforcement Bars,ETS,ETS_AAd_A,2022-12-01,2023-06-01,6,135.08,33.77334264331236,59.997698355362196,89.28769998113904,118.50730447686107,143.87575132385794
RO1_DEMAND,validation,Steel Reinforcement Bars,ETS,ETS_AAd_A,2023-01-01,2023-07-01,6,141.5,46.47329548656117,72.71119065017535,101.93346869485322,131.0406366397308,156.2857722644594
RO1_DEMAND,validation,Steel Reinforcement Bars,ETS,ETS_AAd_A,2023-02-01,2023-08-01,6,173.95,39.17340073230319,65.4065274396517,94.57125770028446,123.75554289335963,149.03526223087323
RO1_DEMAND,validation,Steel Reinforcement Bars,ETS,ETS_AAd_A,2023-03-01,2023-09-01,6,140.71,40.540428467450056,66.69787653901535,95.83229102028008,125.09530277670143,150.48306017808517
RO1_DEMAND,validation,Steel Reinforcement Bars,ETS,ETS_AAd_A,2023-04-01,2023-10-01,6,162.59,24.476860891780717,50.522852031971,79.71678164395016,108.92542137044575,134.31089599188104
RO1_DEMAND,validation,Steel Reinforcement Bars,ETS,ETS_AAd_A,2023-05-01,2023-11-01,6,187.13,35.51711378575793,62.02041952499884,90.76255781581636,120.13540625074226,146.01238043872286
RO1_DEMAND,validation,Steel Reinforcement Bars,ETS,ETS_AAd_A,2023-06-01,2023-12-01,6,122.5,32.07744729600647,58.38502581887632,87.38485290025653,116.99138948243824,142.59232011085967
RO1_DEMAND,validation,Steel Reinforcement Bars,ETS,ETS_AAd_A,2023-07-01,2024-01-01,6,179.85,55.4330445662335,81.70270808369244,111.01054603855346,140.41423347661953,165.93799806543785
RO1_DEMAND,validation,Steel Reinforcement Bars,ETS,ETS_AAd_A,2023-08-01,2024-02-01,6,60.8,40.21381595639606,66.54796576528537,95.97669814581299,125.74294678115825,151.5179056172627
RO1_DEMAND,validation,Steel Reinforcement Bars,ETS,ETS_AAd_A,2023-09-01,2024-03-01,6,91.23,87.89305510466419,114.41447080152278,143.94974947743412,173.63764366889922,199.46699624467047
RO1_DEMAND,validation,Steel Reinforcement Bars,ETS,ETS_AAd_A,2023-10-01,2024-04-01,6,111.96,89.94851848146581,116.84604010994761,146.39535991034273,176.01610441415207,202.04009518035141
RO1_DEMAND,validation,Steel Reinforcement Bars,ETS,ETS_AAd_A,2023-11-01,2024-05-01,6,160.55,75.86748338981162,102.67135372300893,132.52045978564763,162.50760472463682,188.82782628741114
RO1_DEMAND,validation,Steel Reinforcement Bars,ETS,ETS_AAd_A,2021-06-01,2022-06-01,12,121.6,25.400164731997155,54.913359006276465,83.79153783656878,113.36848492817539,139.7178314167259
RO1_DEMAND,validation,Steel Reinforcement Bars,ETS,ETS_AAd_A,2021-07-01,2022-07-01,12,178.9,37.416802444173875,66.85719334833942,95.54423681798096,125.05284182052242,151.4390226786093
RO1_DEMAND,validation,Steel Reinforcement Bars,ETS,ETS_AAd_A,2021-08-01,2022-08-01,12,102.45,18.39051318692889,47.94462168916445,76.64205404847064,105.60780953523447,132.17213756301433
RO1_DEMAND,validation,Steel Reinforcement Bars,ETS,ETS_AAd_A,2021-09-01,2022-09-01,12,174.43,22.27595587301271,51.7233048771469,80.45482222606526,109.57224142677687,135.98929189619773
RO1_DEMAND,validation,Steel Reinforcement Bars,ETS,ETS_AAd_A,2021-10-01,2022-10-01,12,108.27,13.009874408235234,42.410809394260305,71.00359940859742,100.22636277077864,126.60732866241007
RO1_DEMAND,validation,Steel Reinforcement Bars,ETS,ETS_AAd_A,2021-11-01,2022-11-01,12,51.21,3.569415962783817,33.03703119964517,61.91286235738644,91.49447653949115,117.94478336916677
RO1_DEMAND,validation,Steel Reinforcement Bars,ETS,ETS_AAd_A,2021-12-01,2022-12-01,12,70.5,-16.596274495195274,12.71348246576239,41.907187620059375,71.74645310858989,99.13583373196165
RO1_DEMAND,validation,Steel Reinforcement Bars,ETS,ETS_AAd_A,2022-01-01,2023-01-01,12,79.16,8.381914105859162,37.787071008605466,66.61285036950207,96.22080540595019,122.75200041771993
RO1_DEMAND,validation,Steel Reinforcement Bars,ETS,ETS_AAd_A,2022-02-01,2023-02-01,12,100.49,-20.83546948788523,8.46892965096832,37.222155145073565,66.79240105998277,93.28540636044251
RO1_DEMAND,validation,Steel Reinforcement Bars,ETS,ETS_AAd_A,2022-03-01,2023-03-01,12,57.1,24.50279395309652,53.736189066937726,82.52278446309994,112.02066954861428,139.00007191025932
RO1_DEMAND,validation,Steel Reinforcement Bars,ETS,ETS_AAd_A,2022-04-01,2023-04-01,12,67.2,28.93587668969128,58.355142775946625,87.01623554426703,116.33632774878325,142.76442595377048
RO1_DEMAND,validation,Steel Reinforcement Bars,ETS,ETS_AAd_A,2022-05-01,2023-05-01,12,152.2,-8.570802957128802,20.866240947753134,49.49210980695525,78.73483288479854,105.14422044611737
RO1_DEMAND,validation,Steel Reinforcement Bars,ETS,ETS_AAd_A,2022-06-01,2023-06-01,12,135.08,9.763250347853203,39.12691482327827,67.74493360706172,96.740211245601,122.7939677782885
RO1_DEMAND,validation,Steel Reinforcement Bars,ETS,ETS_AAd_A,2022-07-01,2023-07-01,12,141.5,40.62012384880784,70.3756501251714,99.43804879135055,129.27549956644296,156.12678177166634
RO1_DEMAND,validation,Steel Reinforcement Bars,ETS,ETS_AAd_A,2022-08-01,2023-08-01,12,173.95,30.635410496337187,60.39171056464356,89.55557400015968,119.47826553153438,146.2406810702514
RO1_DEMAND,validation,Steel Reinforcement Bars,ETS,ETS_AAd_A,2022-09-01,2023-09-01,12,140.71,56.52654186535711,86.92555131815361,116.29147089237412,147.2472347586329,176.1734577439065
RO1_DEMAND,validation,Steel Reinforcement Bars,ETS,ETS_AAd_A,2022-10-01,2023-10-01,12,162.59,46.847257273313296,77.22063669781573,106.45203949581258,137.4348438249376,166.33607178314426
RO1_DEMAND,validation,Steel Reinforcement Bars,ETS,ETS_AAd_A,2022-11-01,2023-11-01,12,187.13,34.389804371743004,64.18154266495031,93.44824965353716,123.66350040907304,151.29520395887383
RO1_DEMAND,validation,Steel Reinforcement Bars,ETS,ETS_AAd_A,2022-12-01,2023-12-01,12,122.5,21.521434977353206,51.136474035205985,80.48130456277092,110.45496550819749,138.03260212948007
RO1_DEMAND,validation,Steel Reinforcement Bars,ETS,ETS_AAd_A,2023-01-01,2024-01-01,12,179.85,36.74173104970288,66.39941135700548,95.57959795195498,125.5667877373628,152.47211317903893
RO1_DEMAND,validation,Steel Reinforcement Bars,ETS,ETS_AAd_A,2023-02-01,2024-02-01,12,60.8,14.818472948548044,44.48767464902119,73.69523215809474,103.63291038239231,130.95814786171704
RO1_DEMAND,validation,Steel Reinforcement Bars,ETS,ETS_AAd_A,2023-03-01,2024-03-01,12,91.23,49.97111609663782,79.77517740585286,108.88356741893571,138.72849617564245,165.62329578615999
RO1_DEMAND,validation,Steel Reinforcement Bars,ETS,ETS_AAd_A,2023-04-01,2024-04-01,12,111.96,38.046219775897676,67.92079524032815,97.03212019140646,126.9685226640124,153.73501398713606
RO1_DEMAND,validation,Steel Reinforcement Bars,ETS,ETS_AAd_A,2023-05-01,2024-05-01,12,160.55,24.86793897665474,54.692263373994244,83.7765381010791,113.25019626462014,139.7146291167819
RO1_DEMAND,validation,Steel Reinforcement Bars,SARIMA,"(1, 1, 1)(0, 1, 1, 12)",2022-05-01,2022-06-01,1,121.6,-3.944782347440544,20.705351386113694,48.09343959044219,75.48152779477068,100.13166152832491
RO1_DEMAND,validation,Steel Reinforcement Bars,SARIMA,"(1, 1, 1)(0, 1, 1, 12)",2022-06-01,2022-07-01,1,178.9,38.66777794061048,63.42712876225383,90.93656508072796,118.44600139920209,143.20535222084544
RO1_DEMAND,validation,Steel Reinforcement Bars,SARIMA,"(1, 1, 1)(0, 1, 1, 12)",2022-07-01,2022-08-01,1,102.45,36.622891004116944,61.54750716481472,89.24056527342054,116.93362338202637,141.85823954272414
RO1_DEMAND,validation,Steel Reinforcement Bars,SARIMA,"(1, 1, 1)(0, 1, 1, 12)",2022-08-01,2022-09-01,1,174.43,37.15699788674075,62.0323316116862,89.6706333562131,117.30893510074,142.18426882568545
RO1_DEMAND,validation,Steel Reinforcement Bars,SARIMA,"(1, 1, 1)(0, 1, 1, 12)",2022-09-01,2022-10-01,1,108.27,64.88011966110838,89.89607993111228,117.69062797683827,145.48517602256425,170.50113629256816
RO1_DEMAND,validation,Steel Reinforcement Bars,SARIMA,"(1, 1, 1)(0, 1, 1, 12)",2022-10-01,2022-11-01,1,51.21,34.56464674217952,59.53269017083746,87.27399912701361,115.01530808318975,139.9833515118477
RO1_DEMAND,validation,Steel Reinforcement Bars,SARIMA,"(1, 1, 1)(0, 1, 1, 12)",2022-11-01,2022-12-01,1,70.5,-6.0803809997295275,18.887536870986796,46.62870632317417,74.36987577536155,99.33779364607787
RO1_DEMAND,validation,Steel Reinforcement Bars,SARIMA,"(1, 1, 1)(0, 1, 1, 12)",2022-12-01,2023-01-01,1,79.16,44.21645913634718,69.14077246139466,96.8334940976068,124.52621573381894,149.45052905886644
RO1_DEMAND,validation,Steel Reinforcement Bars,SARIMA,"(1, 1, 1)(0, 1, 1, 12)",2023-01-01,2023-02-01,1,100.49,3.0037226387776172,27.8865217548708,55.53311809095828,83.17971442704577,108.06251354313895
RO1_DEMAND,validation,Steel Reinforcement Bars,SARIMA,"(1, 1, 1)(0, 1, 1, 12)",2023-02-01,2023-03-01,1,57.1,86.22974501601755,111.11608514621425,138.7666158060522,166.41714646589014,191.30348659608683
RO1_DEMAND,validation,Steel Reinforcement Bars,SARIMA,"(1, 1, 1)(0, 1, 1, 12)",2023-03-01,2023-04-01,1,67.2,47.96299389044897,72.95620583086827,100.72547883087245,128.49475183087662,153.48796377129594
RO1_DEMAND,validation,Steel Reinforcement Bars,SARIMA,"(1, 1, 1)(0, 1, 1, 12)",2023-04-01,2023-05-01,1,152.2,-11.976892125010309,12.985952433327522,40.721485067134424,68.45701770094132,93.41986225927916
RO1_DEMAND,validation,Steel Reinforcement Bars,SARIMA,"(1, 1, 1)(0, 1, 1, 12)",2023-05-01,2023-06-01,1,135.08,53.91814241166105,79.07747512738558,107.03132036930168,134.98516561121778,160.1444983269423
RO1_DEMAND,validation,Steel Reinforcement Bars,SARIMA,"(1, 1, 1)(0, 1, 1, 12)",2023-06-01,2023-07-01,1,141.5,68.48531424945384,93.62761581066218,121.56253820343056,149.49746059619895,174.6397621574073
RO1_DEMAND,validation,Steel Reinforcement Bars,SARIMA,"(1, 1, 1)(0, 1, 1, 12)",2023-07-01,2023-08-01,1,173.95,44.21204853061039,69.32339624466101,97.22392666595444,125.12445708724786,150.23580480129849
RO1_DEMAND,validation,Steel Reinforcement Bars,SARIMA,"(1, 1, 1)(0, 1, 1, 12)",2023-08-01,2023-09-01,1,140.71,82.53930746125225,107.72767581491289,135.7137817585947,163.69988770227653,188.88825605593718
RO1_DEMAND,validation,Steel Reinforcement Bars,SARIMA,"(1, 1, 1)(0, 1, 1, 12)",2023-09-01,2023-10-01,1,162.59,64.85564965151633,89.99737685344948,117.93166109136403,145.8659453292786,171.00767253121174
RO1_DEMAND,validation,Steel Reinforcement Bars,SARIMA,"(1, 1, 1)(0, 1, 1, 12)",2023-10-01,2023-11-01,1,187.13,64.87619737263816,90.0358875542909,117.99012996680564,145.94437237932038,171.10406256097312
RO1_DEMAND,validation,Steel Reinforcement Bars,SARIMA,"(1, 1, 1)(0, 1, 1, 12)",2023-11-01,2023-12-01,1,122.5,66.17325382081759,91.37679097475211,119.3797505568095,147.38271013886688,172.5862472928014
RO1_DEMAND,validation,Steel Reinforcement Bars,SARIMA,"(1, 1, 1)(0, 1, 1, 12)",2023-12-01,2024-01-01,1,179.85,82.45651005894045,107.61083025272687,135.55910621885522,163.50738218498358,188.66170237876997
RO1_DEMAND,validation,Steel Reinforcement Bars,SARIMA,"(1, 1, 1)(0, 1, 1, 12)",2024-01-01,2024-02-01,1,60.8,68.86692585670801,94.03044859901044,121.98894926465508,149.9474499302997,175.11097267260214
RO1_DEMAND,validation,Steel Reinforcement Bars,SARIMA,"(1, 1, 1)(0, 1, 1, 12)",2024-02-01,2024-03-01,1,91.23,89.02837721683736,114.23807721017258,142.24788415423296,170.25769109829335,195.46739109162857
RO1_DEMAND,validation,Steel Reinforcement Bars,SARIMA,"(1, 1, 1)(0, 1, 1, 12)",2024-03-01,2024-04-01,1,111.96,73.67139032482012,98.88730746242047,126.90402210513079,154.92073674784112,180.13665388544146
RO1_DEMAND,validation,Steel Reinforcement Bars,SARIMA,"(1, 1, 1)(0, 1, 1, 12)",2024-04-01,2024-05-01,1,160.55,41.09704940432614,66.2645336912299,94.22743592053901,122.19033814984812,147.35782243675186
RO1_DEMAND,validation,Steel Reinforcement Bars,SARIMA,"(1, 1, 1)(0, 1, 1, 12)",2022-03-01,2022-06-01,3,121.6,-6.647671834864617,19.675192427162827,48.921805690669224,78.16841895417562,104.49128321620307
RO1_DEMAND,validation,Steel Reinforcement Bars,SARIMA,"(1, 1, 1)(0, 1, 1, 12)",2022-04-01,2022-07-01,3,178.9,17.8616950908308,44.19454872522824,73.45226090667693,102.70997308812562,129.04282672252305
RO1_DEMAND,validation,Steel Reinforcement Bars,SARIMA,"(1, 1, 1)(0, 1, 1, 12)",2022-05-01,2022-08-01,3,102.45,-9.462985246129435,16.840299450632422,46.06515839563115,75.29001734062987,101.59330203739174
RO1_DEMAND,validation,Steel Reinforcement Bars,SARIMA,"(1, 1, 1)(0, 1, 1, 12)",2022-06-01,2022-09-01,3,174.43,13.289122054097724,39.66748890306552,68.97576957021045,98.28405023735537,124.66241708632316
RO1_DEMAND,validation,Steel Reinforcement Bars,SARIMA,"(1, 1, 1)(0, 1, 1, 12)",2022-07-01,2022-10-01,3,108.27,29.526275640945613,56.2077270770924,85.85275672486178,115.49778637263115,142.17923780877794
RO1_DEMAND,validation,Steel Reinforcement Bars,SARIMA,"(1, 1, 1)(0, 1, 1, 12)",2022-08-01,2022-11-01,3,51.21,17.907536100999685,44.564814547520065,74.18298624882932,103.80115795013859,130.45843639665895
RO1_DEMAND,validation,Steel Reinforcement Bars,SARIMA,"(1, 1, 1)(0, 1, 1, 12)",2022-09-01,2022-12-01,3,70.5,4.976523571978845,31.853683159613812,61.71615877230986,91.57863438500591,118.45579397264088
RO1_DEMAND,validation,Steel Reinforcement Bars,SARIMA,"(1, 1, 1)(0, 1, 1, 12)",2022-10-01,2023-01-01,3,79.16,39.03657180565518,65.84105060270593,95.62277258035898,125.40449455801203,152.2089733550628
RO1_DEMAND,validation,Steel Reinforcement Bars,SARIMA,"(1, 1, 1)(0, 1, 1, 12)",2022-11-01,2023-02-01,3,100.49,0.4194397015673701,27.21455444408914,56.98587227732,86.75719011055085,113.55230485307263
RO1_DEMAND,validation,Steel Reinforcement Bars,SARIMA,"(1, 1, 1)(0, 1, 1, 12)",2022-12-01,2023-03-01,3,57.1,70.4058270936082,97.13404574677955,126.83103716801371,156.52802858924787,183.25624724241922
RO1_DEMAND,validation,Steel Reinforcement Bars,SARIMA,"(1, 1, 1)(0, 1, 1, 12)",2023-01-01,2023-04-01,3,67.2,64.80140820433145,91.47824442108458,121.11814622503769,150.7580480289908,177.43488424574394
RO1_DEMAND,validation,Steel Reinforcement Bars,SARIMA,"(1, 1, 1)(0, 1, 1, 12)",2023-02-01,2023-05-01,3,152.2,8.625316625101462,35.2923619608961,64.92138538527578,94.55040880965547,121.2174541454501
RO1_DEMAND,validation,Steel Reinforcement Bars,SARIMA,"(1, 1, 1)(0, 1, 1, 12)",2023-03-01,2023-06-01,3,135.08,22.099795278849783,48.795362731891196,78.45607629926857,108.11678986664595,134.81235731968735
RO1_DEMAND,validation,Steel Reinforcement Bars,SARIMA,"(1, 1, 1)(0, 1, 1, 12)",2023-04-01,2023-07-01,3,141.5,38.60076872386387,65.3073287293671,94.98025582060075,124.65318291183439,151.35974291733763
RO1_DEMAND,validation,Steel Reinforcement Bars,SARIMA,"(1, 1, 1)(0, 1, 1, 12)",2023-05-01,2023-08-01,3,173.95,29.48019593806832,56.26147241609097,86.01741493279036,115.77335744948975,142.55463392751238
RO1_DEMAND,validation,Steel Reinforcement Bars,SARIMA,"(1, 1, 1)(0, 1, 1, 12)",2023-06-01,2023-09-01,3,140.71,49.71302818217362,76.53306457077147,106.33207216213131,136.13107975349115,162.951116142089
RO1_DEMAND,validation,Steel Reinforcement Bars,SARIMA,"(1, 1, 1)(0, 1, 1, 12)",2023-07-01,2023-10-01,3,162.59,45.78984779615297,72.59911611877831,102.38615960706946,132.1732030953606,158.98247141798595
RO1_DEMAND,validation,Steel Reinforcement Bars,SARIMA,"(1, 1, 1)(0, 1, 1, 12)",2023-08-01,2023-11-01,3,187.13,44.82847431387722,71.76843888346231,101.7006953908145,131.6329518981667,158.57291646775178
RO1_DEMAND,validation,Steel Reinforcement Bars,SARIMA,"(1, 1, 1)(0, 1, 1, 12)",2023-09-01,2023-12-01,3,122.5,28.059879337884823,54.95883462796324,84.84552684846552,114.73221906896781,141.6311743590462
RO1_DEMAND,validation,Steel Reinforcement Bars,SARIMA,"(1, 1, 1)(0, 1, 1, 12)",2023-10-01,2024-01-01,3,179.85,62.68928773177018,89.63735508115872,119.57861436514311,149.5198736491275,176.46794099851604
RO1_DEMAND,validation,Steel Reinforcement Bars,SARIMA,"(1, 1, 1)(0, 1, 1, 12)",2023-11-01,2024-02-01,3,60.8,47.90227591114989,74.96954708964583,105.04325048209536,135.1169538745449,162.18422505304082
RO1_DEMAND,validation,Steel Reinforcement Bars,SARIMA,"(1, 1, 1)(0, 1, 1, 12)",2023-12-01,2024-03-01,3,91.23,97.34979180229215,124.36901614641313,154.38933601762,184.40965588882688,211.42888023294785
RO1_DEMAND,validation,Steel Reinforcement Bars,SARIMA,"(1, 1, 1)(0, 1, 1, 12)",2024-01-01,2024-04-01,3,111.96,102.05082881255369,129.1131058413002,159.18126037079747,189.24941490029474,216.31169192904127
RO1_DEMAND,validation,Steel Reinforcement Bars,SARIMA,"(1, 1, 1)(0, 1, 1, 12)",2024-02-01,2024-05-01,3,160.55,52.90821066368692,79.94579607789937,109.9865164310114,140.02723678412343,167.06482219833586
RO1_DEMAND,validation,Steel Reinforcement Bars,SARIMA,"(1, 1, 1)(0, 1, 1, 12)",2021-12-01,2022-06-01,6,121.6,-4.472225678186078,22.61630597871511,52.71363130620661,82.81095663369811,109.8994882905993
RO1_DEMAND,validation,Steel Reinforcement Bars,SARIMA,"(1, 1, 1)(0, 1, 1, 12)",2022-01-01,2022-07-01,6,178.9,15.379924470425053,42.39594959600324,72.41271490314234,102.42948021028144,129.44550533585965
RO1_DEMAND,validation,Steel Reinforcement Bars,SARIMA,"(1, 1, 1)(0, 1, 1, 12)",2022-02-01,2022-08-01,6,102.45,-7.311115059042507,19.653733848784427,49.61363866255317,79.57354347632192,106.53839238414885
RO1_DEMAND,validation,Steel Reinforcement Bars,SARIMA,"(1, 1, 1)(0, 1, 1, 12)",2022-03-01,2022-09-01,6,174.43,-0.6350693968872889,26.351336222094865,56.33519210699758,86.3190479919003,113.30545361088245
RO1_DEMAND,validation,Steel Reinforcement Bars,SARIMA,"(1, 1, 1)(0, 1, 1, 12)",2022-04-01,2022-10-01,6,108.27,11.6725869800025,38.6288645553673,68.57924599648261,98.52962743759792,125.48590501296272
RO1_DEMAND,validation,Steel Reinforcement Bars,SARIMA,"(1, 1, 1)(0, 1, 1, 12)",2022-05-01,2022-11-01,6,51.21,-6.049671212777078,20.887748043681718,50.81717652335812,80.74660500303452,107.68402425949333
RO1_DEMAND,validation,Steel Reinforcement Bars,SARIMA,"(1, 1, 1)(0, 1, 1, 12)",2022-06-01,2022-12-01,6,70.5,-22.100053145866198,4.883555252063651,34.864303221295984,64.84505119052832,91.82865958845817
RO1_DEMAND,validation,Steel Reinforcement Bars,SARIMA,"(1, 1, 1)(0, 1, 1, 12)",2022-07-01,2023-01-01,6,79.16,25.912888447919507,53.18815487724485,83.49295609404587,113.79775731084689,141.07302374017223
RO1_DEMAND,validation,Steel Reinforcement Bars,SARIMA,"(1, 1, 1)(0, 1, 1, 12)",2022-08-01,2023-02-01,6,100.49,-5.212420727266412,22.040780964986542,52.321066656976384,82.60135234896623,109.85455404121919
RO1_DEMAND,validation,Steel Reinforcement Bars,SARIMA,"(1, 1, 1)(0, 1, 1, 12)",2022-09-01,2023-03-01,6,57.1,71.67967214840414,99.19311527905042,129.76254810290493,160.33198092675946,187.84542405740572
RO1_DEMAND,validation,Steel Reinforcement Bars,SARIMA,"(1, 1, 1)(0, 1, 1, 12)",2022-10-01,2023-04-01,6,67.2,67.57453084394578,95.00722258305768,125.48693474827921,155.96664691350074,183.39933865261264
RO1_DEMAND,validation,Steel Reinforcement Bars,SARIMA,"(1, 1, 1)(0, 1, 1, 12)",2022-11-01,2023-05-01,6,152.2,-1.0860526788506277,26.307784210076555,56.744325815838735,87.18086742160091,114.57470431052809
RO1_DEMAND,validation,Steel Reinforcement Bars,SARIMA,"(1, 1, 1)(0, 1, 1, 12)",2022-12-01,2023-06-01,6,135.08,28.809303077182804,56.1504366844633,86.52842111800081,116.90640555153831,144.24753915881882
RO1_DEMAND,validation,Steel Reinforcement Bars,SARIMA,"(1, 1, 1)(0, 1, 1, 12)",2023-01-01,2023-07-01,6,141.5,47.64014827013527,74.91938825643186,105.22860438351245,135.53782051059304,162.8170604968896
RO1_DEMAND,validation,Steel Reinforcement Bars,SARIMA,"(1, 1, 1)(0, 1, 1, 12)",2023-02-01,2023-08-01,6,173.95,25.493132589110317,52.7842060678759,83.1065700642139,113.4289340605519,140.72000753931746
RO1_DEMAND,validation,Steel Reinforcement Bars,SARIMA,"(1, 1, 1)(0, 1, 1, 12)",2023-03-01,2023-09-01,6,140.71,35.01165243633626,62.29665286076728,92.61226925282926,122.92788564489125,150.21288606932228
RO1_DEMAND,validation,Steel Reinforcement Bars,SARIMA,"(1, 1, 1)(0, 1, 1, 12)",2023-04-01,2023-10-01,6,162.59,25.144251853620133,52.43426223365384,82.75544505011861,113.07662786658338,140.36663824661707
RO1_DEMAND,validation,Steel Reinforcement Bars,SARIMA,"(1, 1, 1)(0, 1, 1, 12)",2023-05-01,2023-11-01,6,187.13,25.632093276653116,53.010560872944936,83.43002607876195,113.84949128457897,141.2279588808708
RO1_DEMAND,validation,Steel Reinforcement Bars,SARIMA,"(1, 1, 1)(0, 1, 1, 12)",2023-06-01,2023-12-01,6,122.5,11.291377993912363,38.71403871160737,69.18260568377173,99.65117265593608,127.07383337363109
RO1_DEMAND,validation,Steel Reinforcement Bars,SARIMA,"(1, 1, 1)(0, 1, 1, 12)",2023-07-01,2024-01-01,6,179.85,42.50506561268142,69.92483190706957,100.39018296480174,130.8555340225339,158.27530031692206
RO1_DEMAND,validation,Steel Reinforcement Bars,SARIMA,"(1, 1, 1)(0, 1, 1, 12)",2023-08-01,2024-02-01,6,60.8,26.737071686745708,54.33547242773871,84.99929932470275,115.66312622166679,143.2615269626598
RO1_DEMAND,validation,Steel Reinforcement Bars,SARIMA,"(1, 1, 1)(0, 1, 1, 12)",2023-09-01,2024-03-01,6,91.23,77.33042631618761,104.89082480418352,135.51242843906317,166.13403207394282,193.69443056193873
RO1_DEMAND,validation,Steel Reinforcement Bars,SARIMA,"(1, 1, 1)(0, 1, 1, 12)",2023-10-01,2024-04-01,6,111.96,80.75683202199033,108.41103083026985,139.13685343098922,169.8626760317086,197.5168748399881
RO1_DEMAND,validation,Steel Reinforcement Bars,SARIMA,"(1, 1, 1)(0, 1, 1, 12)",2023-11-01,2024-05-01,6,160.55,53.70418889767796,81.56286477473662,112.5158762441258,143.468887713515,171.32756359057365
RO1_DEMAND,validation,Steel Reinforcement Bars,SARIMA,"(1, 1, 1)(0, 1, 1, 12)",2021-06-01,2022-06-01,12,121.6,14.918454331813265,43.02060327238696,74.24413099174886,105.46765871111077,133.56980765168447
RO1_DEMAND,validation,Steel Reinforcement Bars,SARIMA,"(1, 1, 1)(0, 1, 1, 12)",2021-07-01,2022-07-01,12,178.9,29.546644967260193,57.59809058710667,88.76528323602474,119.93247588494282,147.9839215047893
RO1_DEMAND,validation,Steel Reinforcement Bars,SARIMA,"(1, 1, 1)(0, 1, 1, 12)",2021-08-01,2022-08-01,12,102.45,2.2359616515652263,30.348666743570774,61.58392311356148,92.81917948355219,120.93188457555775
RO1_DEMAND,validation,Steel Reinforcement Bars,SARIMA,"(1, 1, 1)(0, 1, 1, 12)",2021-09-01,2022-09-01,12,174.43,11.586906156740078,39.700219720410885,70.9361521465974,102.1720845727839,130.28539813645472
RO1_DEMAND,validation,Steel Reinforcement Bars,SARIMA,"(1, 1, 1)(0, 1, 1, 12)",2021-10-01,2022-10-01,12,108.27,14.262900464787549,42.35278324795655,73.56268237590557,104.77258150385458,132.86246428702358
RO1_DEMAND,validation,Steel Reinforcement Bars,SARIMA,"(1, 1, 1)(0, 1, 1, 12)",2021-11-01,2022-11-01,12,51.21,-5.862144592319652,22.372523873088145,53.74329040560146,85.11405693811479,113.34872540352258
RO1_DEMAND,validation,Steel Reinforcement Bars,SARIMA,"(1, 1, 1)(0, 1, 1, 12)",2021-12-01,2022-12-01,12,70.5,-34.52498100152138,-6.2723122071553625,25.118453997673882,56.50922020250313,84.76188899686915
RO1_DEMAND,validation,Steel Reinforcement Bars,SARIMA,"(1, 1, 1)(0, 1, 1, 12)",2022-01-01,2023-01-01,12,79.16,7.613392058931538,35.75160673135443,67.01520609721192,98.2788054630694,126.4170201354923
RO1_DEMAND,validation,Steel Reinforcement Bars,SARIMA,"(1, 1, 1)(0, 1, 1, 12)",2022-02-01,2023-02-01,12,100.49,-26.407345764573442,1.6868229545482052,32.90148406850419,64.11614518246017,92.21031390158183
RO1_DEMAND,validation,Steel Reinforcement Bars,SARIMA,"(1, 1, 1)(0, 1, 1, 12)",2022-03-01,2023-03-01,12,57.1,33.118224353574654,61.299597242208755,92.61114851961003,123.92269979701129,152.1040726856454
RO1_DEMAND,validation,Steel Reinforcement Bars,SARIMA,"(1, 1, 1)(0, 1, 1, 12)",2022-04-01,2023-04-01,12,67.2,39.046942766180514,67.1281153131531,98.32833673631535,129.5285581594776,157.6097307064502
RO1_DEMAND,validation,Steel Reinforcement Bars,SARIMA,"(1, 1, 1)(0, 1, 1, 12)",2022-05-01,2023-05-01,12,152.2,-30.703356360706472,-2.6153322371543837,28.592501785019543,59.80033580719347,87.88835993074557
RO1_DEMAND,validation,Steel Reinforcement Bars,SARIMA,"(1, 1, 1)(0, 1, 1, 12)",2022-06-01,2023-06-01,12,135.08,6.397226769296182,34.47931416773252,65.68055205729019,96.88178994684785,124.96387734528419
RO1_DEMAND,validation,Steel Reinforcement Bars,SARIMA,"(1, 1, 1)(0, 1, 1, 12)",2022-07-01,2023-07-01,12,141.5,38.31841252316029,66.65066370681315,98.12985172390754,129.60903974100194,157.94129092465477
RO1_DEMAND,validation,Steel Reinforcement Bars,SARIMA,"(1, 1, 1)(0, 1, 1, 12)",2022-08-01,2023-08-01,12,173.95,10.828176481711147,39.13922970528621,70.59486524973936,102.0505007941925,130.36155401776756
RO1_DEMAND,validation,Steel Reinforcement Bars,SARIMA,"(1, 1, 1)(0, 1, 1, 12)",2022-09-01,2023-09-01,12,140.71,42.162674968733604,70.80289263401939,102.62425377090736,134.44561490779532,163.08583257308112
RO1_DEMAND,validation,Steel Reinforcement Bars,SARIMA,"(1, 1, 1)(0, 1, 1, 12)",2022-10-01,2023-10-01,12,162.59,35.72185525944146,64.26890714138605,95.9867543290454,127.70460151670474,156.25165339864932
RO1_DEMAND,validation,Steel Reinforcement Bars,SARIMA,"(1, 1, 1)(0, 1, 1, 12)",2022-11-01,2023-11-01,12,187.13,12.383742442569307,40.83359495854895,72.44344659384222,104.05329822913549,132.50315074511514
RO1_DEMAND,validation,Steel Reinforcement Bars,SARIMA,"(1, 1, 1)(0, 1, 1, 12)",2022-12-01,2023-12-01,12,122.5,-2.8670409755009345,25.561985012481358,57.14869686314114,88.73540871380092,117.16443470178322
RO1_DEMAND,validation,Steel Reinforcement Bars,SARIMA,"(1, 1, 1)(0, 1, 1, 12)",2023-01-01,2024-01-01,12,179.85,27.452629866342754,55.80022181278943,87.29645453110372,118.79268724941801,147.14027919586468
RO1_DEMAND,validation,Steel Reinforcement Bars,SARIMA,"(1, 1, 1)(0, 1, 1, 12)",2023-02-01,2024-02-01,12,60.8,7.941957495657718,36.3465439861487,67.9061017807617,99.4656595753747,127.87024606586569
RO1_DEMAND,validation,Steel Reinforcement Bars,SARIMA,"(1, 1, 1)(0, 1, 1, 12)",2023-03-01,2024-03-01,12,91.23,48.615299740989435,76.95712207285521,108.44694433048987,139.93676658812453,168.2785889199903
RO1_DEMAND,validation,Steel Reinforcement Bars,SARIMA,"(1, 1, 1)(0, 1, 1, 12)",2023-04-01,2024-04-01,12,111.96,42.53872744489565,70.86734139042244,102.34248817189135,133.81763495336025,162.14624889888705
RO1_DEMAND,validation,Steel Reinforcement Bars,SARIMA,"(1, 1, 1)(0, 1, 1, 12)",2023-05-01,2024-05-01,12,160.55,15.576240351231775,44.03831816897008,75.66175300208735,107.28518783520462,135.74726565294293
RO1_PRICE,test,Cement In Bulk (Ordinary Portland Cement),ETS,ETS_AAd_N,2024-06-01,2024-07-01,1,109.0,107.87619650984797,108.51430123948465,109.27761322022471,110.03200926264508,110.73267731659406
RO1_PRICE,test,Cement In Bulk (Ordinary Portland Cement),ETS,ETS_AAd_N,2024-07-01,2024-08-01,1,108.4,107.19442178150122,107.83156464340026,108.59372602121587,109.34698490043887,110.04659677980618
RO1_PRICE,test,Cement In Bulk (Ordinary Portland Cement),ETS,ETS_AAd_N,2024-08-01,2024-09-01,1,108.0,106.55559401636866,107.19173735184012,107.95270307875111,108.70478027298381,109.40329462681285
RO1_PRICE,test,Cement In Bulk (Ordinary Portland Cement),ETS,ETS_AAd_N,2024-09-01,2024-10-01,1,107.4,106.20726953547805,106.84236572599428,107.60207883988932,108.35291805237173,109.05028259335046
RO1_PRICE,test,Cement In Bulk (Ordinary Portland Cement),ETS,ETS_AAd_N,2024-10-01,2024-11-01,1,106.4,105.56996636848953,106.20407670583043,106.9626105250031,107.71228421762751,108.4085662469216
RO1_PRICE,test,Cement In Bulk (Ordinary Portland Cement),ETS,ETS_AAd_N,2024-11-01,2024-12-01,1,105.8,104.40797807483384,105.04138279026407,105.79907253222923,106.54791200697039,107.24341923127089
RO1_PRICE,test,Cement In Bulk (Ordinary Portland Cement),ETS,ETS_AAd_N,2024-12-01,2025-01-01,1,104.4,103.85789269085866,104.49026704302115,105.24672424651692,105.9943455795717,106.68872141807901
RO1_PRICE,test,Cement In Bulk (Ordinary Portland Cement),ETS,ETS_AAd_N,2025-01-01,2025-02-01,1,104.2,102.21491817370934,102.84697174851372,103.60304523255215,104.35028732822127,105.04431093858042
RO1_PRICE,test,Cement In Bulk (Ordinary Portland Cement),ETS,ETS_AAd_N,2025-02-01,2025-03-01,1,103.9,102.29101353503674,102.92230617529464,103.6774694161881,104.42381190089408,105.1169999704664
RO1_PRICE,test,Cement In Bulk (Ordinary Portland Cement),ETS,ETS_AAd_N,2025-03-01,2025-04-01,1,103.6,102.12759762105429,102.75789743613359,103.5118730422731,104.25704176450597,104.94913966681659
RO1_PRICE,test,Cement In Bulk (Ordinary Portland Cement),ETS,ETS_AAd_N,2025-04-01,2025-05-01,1,103.3,101.89258375595331,102.52187073041428,103.2746347589825,104.01860605559136,104.70959181277587
RO1_PRICE,test,Cement In Bulk (Ordinary Portland Cement),ETS,ETS_AAd_N,2025-05-01,2025-06-01,1,102.8,101.6248722327286,102.25315042053981,103.00470772096452,103.74748638473292,104.43736444823345
RO1_PRICE,test,Cement In Bulk (Ordinary Portland Cement),ETS,ETS_AAd_N,2025-06-01,2025-07-01,1,101.1,101.07222057523212,101.69955050251545,102.44997347719676,103.1916310648217,103.88046789507658
RO1_PRICE,test,Cement In Bulk (Ordinary Portland Cement),ETS,ETS_AAd_N,2025-07-01,2025-08-01,1,101.5,98.92207950014703,99.55011208859112,100.30137559877936,101.04386390395617,101.7334722881664
RO1_PRICE,test,Cement In Bulk (Ordinary Portland Cement),ETS,ETS_AAd_N,2025-08-01,2025-09-01,1,102.2,99.79280958181191,100.42098371804997,101.17241655017231,101.91507219950225,102.6048360096367
RO1_PRICE,test,Cement In Bulk (Ordinary Portland Cement),ETS,ETS_AAd_N,2025-09-01,2025-10-01,1,104.0,100.88787966128501,101.51587964729512,102.26710415788459,103.00955391900115,103.69912650425412
RO1_PRICE,test,Cement In Bulk (Ordinary Portland Cement),ETS,ETS_AAd_N,2025-10-01,2025-11-01,1,110.0,103.27598533799954,103.90542183709023,104.65836472962226,105.40251280095738,106.09366274299501
RO1_PRICE,test,Cement In Bulk (Ordinary Portland Cement),ETS,ETS_AAd_N,2025-11-01,2025-12-01,1,115.9,111.17106499009246,111.82279171400698,112.60239856132763,113.3728991365869,114.088524760631
RO1_PRICE,test,Cement In Bulk (Ordinary Portland Cement),ETS,ETS_AAd_N,2025-12-01,2026-01-01,1,118.6,118.24319859200443,118.90185992895388,119.68976208105055,120.46846106698801,121.19170121196325
RO1_PRICE,test,Cement In Bulk (Ordinary Portland Cement),ETS,ETS_AAd_N,2026-01-01,2026-02-01,1,119.2,119.87014111175645,120.52872237878088,121.31652874984,122.09513307351946,122.81828529807045
RO1_PRICE,test,Cement In Bulk (Ordinary Portland Cement),ETS,ETS_AAd_N,2026-02-01,2026-03-01,1,121.9,119.04357494527494,119.70466452178681,120.49547137629989,121.27704113600045,122.00294759860303
RO1_PRICE,test,Cement In Bulk (Ordinary Portland Cement),ETS,ETS_AAd_N,2026-03-01,2026-04-01,1,124.7,122.11634860412579,122.77779889632731,123.56903724522486,124.35103345919862,125.07733600405628
RO1_PRICE,test,Cement In Bulk (Ordinary Portland Cement),ETS,ETS_AAd_N,2026-04-01,2026-05-01,1,125.8,125.108389670217,125.76973021084319,126.56083727299662,127.3427037337336,128.0688857663632
RO1_PRICE,test,Cement In Bulk (Ordinary Portland Cement),ETS,ETS_AAd_N,2026-05-01,2026-06-01,1,124.15,125.5842677975939,126.24510595290266,127.0356120529978,127.81688457127106,128.5425149619423
RO1_PRICE,test,Cement In Bulk (Ordinary Portland Cement),ETS,ETS_AAd_N,2024-04-01,2024-07-01,3,109.0,106.28262316552511,107.71148522437798,109.38452671016005,111.27633875124806,112.86894417849666
RO1_PRICE,test,Cement In Bulk (Ordinary Portland Cement),ETS,ETS_AAd_N,2024-05-01,2024-08-01,3,108.4,106.59693054528182,108.0230270823116,109.69394610505861,111.58376317208365,113.17397119893229
RO1_PRICE,test,Cement In Bulk (Ordinary Portland Cement),ETS,ETS_AAd_N,2024-06-01,2024-09-01,3,108.0,105.61956795043842,107.04341607444024,108.71196124488841,110.5989933673282,112.18662878844587
RO1_PRICE,test,Cement In Bulk (Ordinary Portland Cement),ETS,ETS_AAd_N,2024-07-01,2024-10-01,3,107.4,104.80994493418089,106.23207792398462,107.89775258383102,109.7817889185356,111.3672264556066
RO1_PRICE,test,Cement In Bulk (Ordinary Portland Cement),ETS,ETS_AAd_N,2024-08-01,2024-11-01,3,106.4,104.11003824071443,105.53002267074973,107.19336824892154,109.07480841006274,110.65808170355399
RO1_PRICE,test,Cement In Bulk (Ordinary Portland Cement),ETS,ETS_AAd_N,2024-09-01,2024-12-01,3,105.8,103.85170783993645,105.26935541478413,106.92996624589603,108.80831183931451,110.38898162956066
RO1_PRICE,test,Cement In Bulk (Ordinary Portland Cement),ETS,ETS_AAd_N,2024-10-01,2025-01-01,3,104.4,103.14516794219062,104.56048365172234,106.218887839669,108.09447620372008,109.67280794611929
RO1_PRICE,test,Cement In Bulk (Ordinary Portland Cement),ETS,ETS_AAd_N,2024-11-01,2025-02-01,3,104.2,101.70917923227448,103.1231362832619,104.77982991730944,106.65351869057834,108.23042752958747
RO1_PRICE,test,Cement In Bulk (Ordinary Portland Cement),ETS,ETS_AAd_N,2024-12-01,2025-03-01,3,103.9,101.25630945791649,102.66801380921726,104.32206731312411,106.1927639549872,107.7671989028692
RO1_PRICE,test,Cement In Bulk (Ordinary Portland Cement),ETS,ETS_AAd_N,2025-01-01,2025-04-01,3,103.6,99.1905716273456,100.60026470058116,102.2564790855005,104.12665885042841,105.70189795235845
RO1_PRICE,test,Cement In Bulk (Ordinary Portland Cement),ETS,ETS_AAd_N,2025-02-01,2025-05-01,3,103.3,99.76309905391723,101.1709104681565,102.82373824139864,104.6910953811254,106.26270740790359
RO1_PRICE,test,Cement In Bulk (Ordinary Portland Cement),ETS,ETS_AAd_N,2025-03-01,2025-06-01,3,102.8,99.80591402479571,101.2119078334099,102.86159369008146,104.72609004622572,106.29508013933999
RO1_PRICE,test,Cement In Bulk (Ordinary Portland Cement),ETS,ETS_AAd_N,2025-04-01,2025-07-01,3,101.1,99.67019181161346,101.07393512756803,102.72105681749363,104.58260128443304,106.14915306245483
RO1_PRICE,test,Cement In Bulk (Ordinary Portland Cement),ETS,ETS_AAd_N,2025-05-01,2025-08-01,3,101.5,99.45150901497504,100.85301014177051,102.49742196995815,104.35595611365349,105.919945218426
RO1_PRICE,test,Cement In Bulk (Ordinary Portland Cement),ETS,ETS_AAd_N,2025-06-01,2025-09-01,3,102.2,98.80550811104686,100.20498434499024,101.84637819851704,103.70192227584684,105.26318151080879
RO1_PRICE,test,Cement In Bulk (Ordinary Portland Cement),ETS,ETS_AAd_N,2025-07-01,2025-10-01,3,104.0,95.89335927059892,97.29539955367025,98.93723146098898,100.79410701149463,102.35700983271619
RO1_PRICE,test,Cement In Bulk (Ordinary Portland Cement),ETS,ETS_AAd_N,2025-08-01,2025-11-01,3,110.0,97.61203887519514,99.0118422723352,100.65172546896761,102.50613242952372,104.06644840360848
RO1_PRICE,test,Cement In Bulk (Ordinary Portland Cement),ETS,ETS_AAd_N,2025-09-01,2025-12-01,3,115.9,99.32881353998386,100.73403508588085,102.37157132880634,104.22062874066296,105.7814456873814
RO1_PRICE,test,Cement In Bulk (Ordinary Portland Cement),ETS,ETS_AAd_N,2025-10-01,2026-01-01,3,118.6,102.67403220819146,104.08055512886791,105.72933030785082,107.59227508333782,109.16302070180421
RO1_PRICE,test,Cement In Bulk (Ordinary Portland Cement),ETS,ETS_AAd_N,2025-11-01,2026-02-01,3,119.2,113.63442889163423,115.1398328320642,116.89823665719325,118.86370893883992,120.55730323430525
RO1_PRICE,test,Cement In Bulk (Ordinary Portland Cement),ETS,ETS_AAd_N,2025-12-01,2026-03-01,3,121.9,122.27853372284696,123.84466096803466,125.67725029533847,127.73359804267703,129.51374201923593
RO1_PRICE,test,Cement In Bulk (Ordinary Portland Cement),ETS,ETS_AAd_N,2026-01-01,2026-04-01,3,124.7,122.11779920201234,123.67922013041914,125.47799263772697,127.50574403265352,129.2409303255259
RO1_PRICE,test,Cement In Bulk (Ordinary Portland Cement),ETS,ETS_AAd_N,2026-02-01,2026-05-01,3,125.8,119.08977298711454,120.61809681588754,122.42863579173012,124.43898138947335,126.17070243006188
RO1_PRICE,test,Cement In Bulk (Ordinary Portland Cement),ETS,ETS_AAd_N,2026-03-01,2026-06-01,3,124.15,122.80899546692466,124.33385766007545,126.13212759662284,128.1389890757676,129.8591515570618
RO1_PRICE,test,Cement In Bulk (Ordinary Portland Cement),ETS,ETS_AAd_N,2024-01-01,2024-07-01,6,109.0,101.80364738877155,104.64554623468061,107.91950347790797,111.1664989615011,114.19579481067827
RO1_PRICE,test,Cement In Bulk (Ordinary Portland Cement),ETS,ETS_AAd_N,2024-02-01,2024-08-01,6,108.4,103.11369137691838,105.95151445237407,109.22141867408428,112.46279736377431,115.49098082296473
RO1_PRICE,test,Cement In Bulk (Ordinary Portland Cement),ETS,ETS_AAd_N,2024-03-01,2024-09-01,6,108.0,104.33815964837618,107.17382673764001,110.43607150409568,113.668637925405,116.69243582805575
RO1_PRICE,test,Cement In Bulk (Ordinary Portland Cement),ETS,ETS_AAd_N,2024-04-01,2024-10-01,6,107.4,103.01041623476823,105.83987887481877,109.09455901731963,112.31877981559893,115.33106138380931
RO1_PRICE,test,Cement In Bulk (Ordinary Portland Cement),ETS,ETS_AAd_N,2024-05-01,2024-11-01,6,106.4,103.5347289576893,106.35984346686709,109.61136241523053,112.83328421515577,115.84426936992442
RO1_PRICE,test,Cement In Bulk (Ordinary Portland Cement),ETS,ETS_AAd_N,2024-06-01,2024-12-01,6,105.8,102.30528535406206,105.12585084389661,108.37348105316102,111.59193594378515,114.59801677981105
RO1_PRICE,test,Cement In Bulk (Ordinary Portland Cement),ETS,ETS_AAd_N,2024-07-01,2025-01-01,6,104.4,101.36418544566614,104.18082734870791,107.4231748241765,110.63614536487259,113.63647472469928
RO1_PRICE,test,Cement In Bulk (Ordinary Portland Cement),ETS,ETS_AAd_N,2024-08-01,2025-02-01,6,104.2,100.59995667906122,103.41263090625313,106.6509392476404,109.86124025413919,112.85821890889368
RO1_PRICE,test,Cement In Bulk (Ordinary Portland Cement),ETS,ETS_AAd_N,2024-09-01,2025-03-01,6,103.9,100.4370891800381,103.24513715455244,106.47812036800013,109.68316517543644,112.67522239528984
RO1_PRICE,test,Cement In Bulk (Ordinary Portland Cement),ETS,ETS_AAd_N,2024-10-01,2025-04-01,6,103.6,99.65703231558709,102.46078418548805,105.68983289663667,108.89270721711588,111.88125720281292
RO1_PRICE,test,Cement In Bulk (Ordinary Portland Cement),ETS,ETS_AAd_N,2024-11-01,2025-05-01,6,103.3,97.93110353976432,100.73212758857107,103.95973252089814,107.16210852793408,110.14782551455852
RO1_PRICE,test,Cement In Bulk (Ordinary Portland Cement),ETS,ETS_AAd_N,2024-12-01,2025-06-01,6,102.8,97.58099271390664,100.37758518483618,103.60031147711089,106.79784642973462,109.77893700085808
RO1_PRICE,test,Cement In Bulk (Ordinary Portland Cement),ETS,ETS_AAd_N,2025-01-01,2025-07-01,6,101.1,95.05643701776052,97.85314980837532,101.08844696226194,104.28919970985427,107.27910185647745
RO1_PRICE,test,Cement In Bulk (Ordinary Portland Cement),ETS,ETS_AAd_N,2025-02-01,2025-08-01,6,101.5,96.15837286275867,98.94923179938931,102.17447267275398,105.36976769258958,108.35020792448823
RO1_PRICE,test,Cement In Bulk (Ordinary Portland Cement),ETS,ETS_AAd_N,2025-03-01,2025-09-01,6,102.2,96.42238584796868,99.20884512592632,102.42598358898505,105.61443865002664,108.58849034077534
RO1_PRICE,test,Cement In Bulk (Ordinary Portland Cement),ETS,ETS_AAd_N,2025-04-01,2025-10-01,6,104.0,96.3921163498884,99.17420551395782,102.38622093914157,105.56963412180963,108.5392564407877
RO1_PRICE,test,Cement In Bulk (Ordinary Portland Cement),ETS,ETS_AAd_N,2025-05-01,2025-11-01,6,110.0,96.22628345630967,99.0038571747139,102.21059926967237,105.3888170909676,108.35342134428988
RO1_PRICE,test,Cement In Bulk (Ordinary Portland Cement),ETS,ETS_AAd_N,2025-06-01,2025-12-01,6,115.9,95.48429246992261,98.25728966886142,101.45797512940504,104.63113066330203,107.58929085568296
RO1_PRICE,test,Cement In Bulk (Ordinary Portland Cement),ETS,ETS_AAd_N,2025-07-01,2026-01-01,6,118.6,91.7669057476749,94.54404552215009,97.7456561042625,100.92265474662747,103.87858021759918
RO1_PRICE,test,Cement In Bulk (Ordinary Portland Cement),ETS,ETS_AAd_N,2025-08-01,2026-02-01,6,119.2,94.3876699316728,97.15802111595733,100.34742922930754,103.51966017703629,106.46768285978546
RO1_PRICE,test,Cement In Bulk (Ordinary Portland Cement),ETS,ETS_AAd_N,2025-09-01,2026-03-01,6,121.9,96.78513566770845,99.55072934956263,102.72824976190732,105.87375066372078,108.8152904777161
RO1_PRICE,test,Cement In Bulk (Ordinary Portland Cement),ETS,ETS_AAd_N,2025-10-01,2026-04-01,6,124.7,101.09799440050445,103.88739616773233,107.09022528286181,110.26150515356689,113.2327409098653
RO1_PRICE,test,Cement In Bulk (Ordinary Portland Cement),ETS,ETS_AAd_N,2025-11-01,2026-05-01,6,125.8,114.97285819536619,117.96390908578996,121.44595996361437,124.85868487884923,128.08265923692537
RO1_PRICE,test,Cement In Bulk (Ordinary Portland Cement),ETS,ETS_AAd_N,2025-12-01,2026-06-01,6,124.15,124.94266742756696,128.1317967856075,131.81792165251517,135.4763695497138,138.92782700607762
RO1_PRICE,test,Cement In Bulk (Ordinary Portland Cement),ETS,ETS_AAd_N,2023-07-01,2024-07-01,12,109.0,99.21108101096014,104.45106475707092,110.62859208474347,116.75736045509845,122.63842500726017
RO1_PRICE,test,Cement In Bulk (Ordinary Portland Cement),ETS,ETS_AAd_N,2023-08-01,2024-08-01,12,108.4,98.810260556255,104.04376381909768,110.21325528041054,116.33337947690845,122.20702561362353
RO1_PRICE,test,Cement In Bulk (Ordinary Portland Cement),ETS,ETS_AAd_N,2023-09-01,2024-09-01,12,108.0,97.9279009157456,103.16279442217544,109.33201728375303,115.44960138623247,121.32406356363924
RO1_PRICE,test,Cement In Bulk (Ordinary Portland Cement),ETS,ETS_AAd_N,2023-10-01,2024-10-01,12,107.4,98.99244659908287,104.21142015730646,110.36027735229027,116.4625676254862,122.31569218638083
RO1_PRICE,test,Cement In Bulk (Ordinary Portland Cement),ETS,ETS_AAd_N,2023-11-01,2024-11-01,12,106.4,96.46443368389001,101.694039140455,107.85057581244814,113.9544149178593,119.82272387138303
RO1_PRICE,test,Cement In Bulk (Ordinary Portland Cement),ETS,ETS_AAd_N,2023-12-01,2024-12-01,12,105.8,97.48683113098001,102.70101326519124,108.84679475485234,114.94008841509805,120.79112574255969
RO1_PRICE,test,Cement In Bulk (Ordinary Portland Cement),ETS,ETS_AAd_N,2024-01-01,2025-01-01,12,104.4,95.28857331469241,100.51811226671013,106.65777822531797,112.75827611089272,118.62091938084139
RO1_PRICE,test,Cement In Bulk (Ordinary Portland Cement),ETS,ETS_AAd_N,2024-02-01,2025-02-01,12,104.2,97.1737703327059,102.3852949952791,108.52385390917053,114.60642415852604,120.44696558497184
RO1_PRICE,test,Cement In Bulk (Ordinary Portland Cement),ETS,ETS_AAd_N,2024-03-01,2025-03-01,12,103.9,98.82735393479426,104.02764773004351,110.14733594321436,116.22059121726177,122.04187001660658
RO1_PRICE,test,Cement In Bulk (Ordinary Portland Cement),ETS,ETS_AAd_N,2024-04-01,2025-04-01,12,103.6,97.19425560823592,102.3797216870143,108.490689698745,114.54965810775143,120.36694426721124
RO1_PRICE,test,Cement In Bulk (Ordinary Portland Cement),ETS,ETS_AAd_N,2024-05-01,2025-05-01,12,103.3,97.94550123313238,103.12724130548995,109.23018673750524,115.28300312355852,121.08890205621915
RO1_PRICE,test,Cement In Bulk (Ordinary Portland Cement),ETS,ETS_AAd_N,2024-06-01,2025-06-01,12,102.8,96.45399973480102,101.62778242982279,107.7254997106119,113.7699154073436,119.57174691056964
RO1_PRICE,test,Cement In Bulk (Ordinary Portland Cement),ETS,ETS_AAd_N,2024-07-01,2025-07-01,12,101.1,95.37268706659277,100.54169317723436,106.63020123312673,112.66528992556746,118.4609831825388
RO1_PRICE,test,Cement In Bulk (Ordinary Portland Cement),ETS,ETS_AAd_N,2024-08-01,2025-08-01,12,101.5,94.54231587072113,99.70766634487661,105.78737487317179,111.8168403052064,117.60754781973773
RO1_PRICE,test,Cement In Bulk (Ordinary Portland Cement),ETS,ETS_AAd_N,2024-09-01,2025-09-01,12,102.2,94.48424447404985,99.64113811119547,105.71084144457598,111.73042442545788,117.5116431169191
RO1_PRICE,test,Cement In Bulk (Ordinary Portland Cement),ETS,ETS_AAd_N,2024-10-01,2025-10-01,12,104.0,93.62756733227366,98.7817687079708,104.84179110098367,110.85662434575188,116.63421156712742
RO1_PRICE,test,Cement In Bulk (Ordinary Portland Cement),ETS,ETS_AAd_N,2024-11-01,2025-11-01,12,110.0,91.58883283141849,96.74634849523419,102.79815189739892,108.81480889862561,114.59759004074984
RO1_PRICE,test,Cement In Bulk (Ordinary Portland Cement),ETS,ETS_AAd_N,2024-12-01,2025-12-01,12,115.9,91.3509935994341,96.50057142096128,102.54364748685842,108.55104675283269,114.32568144403646
RO1_PRICE,test,Cement In Bulk (Ordinary Portland Cement),ETS,ETS_AAd_N,2025-01-01,2026-01-01,12,118.6,88.32707367811999,93.48753258727909,99.55337547415783,105.57140966394319,111.37406871331137
RO1_PRICE,test,Cement In Bulk (Ordinary Portland Cement),ETS,ETS_AAd_N,2025-02-01,2026-02-01,12,119.2,90.00618171018691,95.15231820300458,101.19519319505076,107.1995090255148,112.97430780858856
RO1_PRICE,test,Cement In Bulk (Ordinary Portland Cement),ETS,ETS_AAd_N,2025-03-01,2026-03-01,12,121.9,90.510849980479,95.64669336882854,101.67377177997149,107.66548157767838,113.42425791036334
RO1_PRICE,test,Cement In Bulk (Ordinary Portland Cement),ETS,ETS_AAd_N,2025-04-01,2026-04-01,12,124.7,90.59687552602432,95.7249009829524,101.74151738810322,107.72382085973152,113.47268872853759
RO1_PRICE,test,Cement In Bulk (Ordinary Portland Cement),ETS,ETS_AAd_N,2025-05-01,2026-05-01,12,125.8,90.49052317382356,95.6100010918457,101.61729390216007,107.58978572723575,113.32969061672259
RO1_PRICE,test,Cement In Bulk (Ordinary Portland Cement),ETS,ETS_AAd_N,2025-06-01,2026-06-01,12,124.15,89.64718611962269,94.7564973576147,100.75765693040941,106.71955116691775,112.45324392625629
RO1_PRICE,test,Cement In Bulk (Ordinary Portland Cement),SARIMA,"(1, 1, 1)(0, 1, 1, 12)",2024-06-01,2024-07-01,1,109.0,107.91492788732593,108.56350905945237,109.28412982937891,110.00475059930545,110.6533317714319
RO1_PRICE,test,Cement In Bulk (Ordinary Portland Cement),SARIMA,"(1, 1, 1)(0, 1, 1, 12)",2024-07-01,2024-08-01,1,108.4,107.29531476177424,107.94281822207996,108.66224157593062,109.38166492978128,110.02916839008701
RO1_PRICE,test,Cement In Bulk (Ordinary Portland Cement),SARIMA,"(1, 1, 1)(0, 1, 1, 12)",2024-08-01,2024-09-01,1,108.0,106.42179491121259,107.06821353444353,107.78643155554376,108.50464957664398,109.15106819987493
RO1_PRICE,test,Cement In Bulk (Ordinary Portland Cement),SARIMA,"(1, 1, 1)(0, 1, 1, 12)",2024-09-01,2024-10-01,1,107.4,106.28570754465224,106.9310334794999,107.64803744447595,108.36504140945199,109.01036734429965
RO1_PRICE,test,Cement In Bulk (Ordinary Portland Cement),SARIMA,"(1, 1, 1)(0, 1, 1, 12)",2024-10-01,2024-11-01,1,106.4,105.50192776997217,106.14617091257472,106.86197181675456,107.5777727209344,108.22201586353695
RO1_PRICE,test,Cement In Bulk (Ordinary Portland Cement),SARIMA,"(1, 1, 1)(0, 1, 1, 12)",2024-11-01,2024-12-01,1,105.8,104.38630821301064,105.02963013591602,105.74440749813078,106.45918486034554,107.10250678325093
RO1_PRICE,test,Cement In Bulk (Ordinary Portland Cement),SARIMA,"(1, 1, 1)(0, 1, 1, 12)",2024-12-01,2025-01-01,1,104.4,104.38302677204496,105.02521937708481,105.73874198516127,106.45226459323773,107.09445719827758
RO1_PRICE,test,Cement In Bulk (Ordinary Portland Cement),SARIMA,"(1, 1, 1)(0, 1, 1, 12)",2025-01-01,2025-02-01,1,104.2,101.9963571455965,102.63909061743671,103.35321416779587,104.06733771815503,104.71007118999523
RO1_PRICE,test,Cement In Bulk (Ordinary Portland Cement),SARIMA,"(1, 1, 1)(0, 1, 1, 12)",2025-02-01,2025-03-01,1,103.9,102.66341515074095,103.30549398496484,104.01889018540489,104.73228638584493,105.37436522006882
RO1_PRICE,test,Cement In Bulk (Ordinary Portland Cement),SARIMA,"(1, 1, 1)(0, 1, 1, 12)",2025-03-01,2025-04-01,1,103.6,102.35612236428483,102.99703042094805,103.70912580251847,104.42122118408889,105.06212924075211
RO1_PRICE,test,Cement In Bulk (Ordinary Portland Cement),SARIMA,"(1, 1, 1)(0, 1, 1, 12)",2025-04-01,2025-05-01,1,103.3,102.16137813347943,102.80116934811088,103.51202383710005,104.22287832608922,104.86266954072066
RO1_PRICE,test,Cement In Bulk (Ordinary Portland Cement),SARIMA,"(1, 1, 1)(0, 1, 1, 12)",2025-05-01,2025-06-01,1,102.8,101.55953407649179,102.19825479788062,102.9079198911583,103.61758498443598,104.25630570582481
RO1_PRICE,test,Cement In Bulk (Ordinary Portland Cement),SARIMA,"(1, 1, 1)(0, 1, 1, 12)",2025-06-01,2025-07-01,1,101.1,101.09658012909232,101.73421655205254,102.44267691105479,103.15113727005703,103.78877369301726
RO1_PRICE,test,Cement In Bulk (Ordinary Portland Cement),SARIMA,"(1, 1, 1)(0, 1, 1, 12)",2025-07-01,2025-08-01,1,101.5,98.99202944177117,99.63035678114449,100.33958479844296,101.04881281574143,101.68714015511475
RO1_PRICE,test,Cement In Bulk (Ordinary Portland Cement),SARIMA,"(1, 1, 1)(0, 1, 1, 12)",2025-08-01,2025-09-01,1,102.2,99.6843777171607,100.322935784837,101.0324201580312,101.7419045312254,102.3804625989017
RO1_PRICE,test,Cement In Bulk (Ordinary Portland Cement),SARIMA,"(1, 1, 1)(0, 1, 1, 12)",2025-09-01,2025-10-01,1,104.0,100.95591655082261,101.59471905269565,102.30447501002864,103.01423096736163,103.65303346923467
RO1_PRICE,test,Cement In Bulk (Ordinary Portland Cement),SARIMA,"(1, 1, 1)(0, 1, 1, 12)",2025-10-01,2025-11-01,1,110.0,103.2101461498322,103.85066157213255,104.56232070842015,105.27397984470774,105.91449526700809
RO1_PRICE,test,Cement In Bulk (Ordinary Portland Cement),SARIMA,"(1, 1, 1)(0, 1, 1, 12)",2025-11-01,2025-12-01,1,115.9,111.2341722318333,111.90143173713759,112.64280549129188,113.38417924544618,114.05143875075046
RO1_PRICE,test,Cement In Bulk (Ordinary Portland Cement),SARIMA,"(1, 1, 1)(0, 1, 1, 12)",2025-12-01,2026-01-01,1,118.6,118.76765825038201,119.44280144069467,120.1929345412573,120.94306764181994,121.61821083213259
RO1_PRICE,test,Cement In Bulk (Ordinary Portland Cement),SARIMA,"(1, 1, 1)(0, 1, 1, 12)",2026-01-01,2026-02-01,1,119.2,119.76256909001611,120.43862992263318,121.18978259041786,121.94093525820254,122.61699609081961
RO1_PRICE,test,Cement In Bulk (Ordinary Portland Cement),SARIMA,"(1, 1, 1)(0, 1, 1, 12)",2026-02-01,2026-03-01,1,121.9,119.54763621932209,120.22573138304575,120.9791443403845,121.73255729772323,122.4106524614469
RO1_PRICE,test,Cement In Bulk (Ordinary Portland Cement),SARIMA,"(1, 1, 1)(0, 1, 1, 12)",2026-03-01,2026-04-01,1,124.7,122.42102591140248,123.09866641508272,123.85157421210438,124.60448200912604,125.28212251280628
RO1_PRICE,test,Cement In Bulk (Ordinary Portland Cement),SARIMA,"(1, 1, 1)(0, 1, 1, 12)",2026-04-01,2026-05-01,1,125.8,125.44148865720823,126.11862681677748,126.87097647302113,127.62332612926478,128.30046428883404
RO1_PRICE,test,Cement In Bulk (Ordinary Portland Cement),SARIMA,"(1, 1, 1)(0, 1, 1, 12)",2026-05-01,2026-06-01,1,124.15,125.57412310551061,126.25114964733204,127.00337528815429,127.75560092897653,128.43262747079797
RO1_PRICE,test,Cement In Bulk (Ordinary Portland Cement),SARIMA,"(1, 1, 1)(0, 1, 1, 12)",2024-04-01,2024-07-01,3,109.0,106.38082763449314,107.93000632215247,109.65125631618896,111.37250631022546,112.92168499788478
RO1_PRICE,test,Cement In Bulk (Ordinary Portland Cement),SARIMA,"(1, 1, 1)(0, 1, 1, 12)",2024-05-01,2024-08-01,3,108.4,106.36515994446914,107.91147935344596,109.62955248127946,111.34762560911297,112.89394501808978
RO1_PRICE,test,Cement In Bulk (Ordinary Portland Cement),SARIMA,"(1, 1, 1)(0, 1, 1, 12)",2024-06-01,2024-09-01,3,108.0,105.36171421340343,106.90566175327517,108.6210995623327,110.33653737139024,111.88048491126197
RO1_PRICE,test,Cement In Bulk (Ordinary Portland Cement),SARIMA,"(1, 1, 1)(0, 1, 1, 12)",2024-07-01,2024-10-01,3,107.4,104.54389012773977,106.0855519347769,107.79845012870851,109.51134832264012,111.05301012967725
RO1_PRICE,test,Cement In Bulk (Ordinary Portland Cement),SARIMA,"(1, 1, 1)(0, 1, 1, 12)",2024-08-01,2024-11-01,3,106.4,103.59054762740664,105.12993912169863,106.84031483334321,108.5506905449878,110.09008203927979
RO1_PRICE,test,Cement In Bulk (Ordinary Portland Cement),SARIMA,"(1, 1, 1)(0, 1, 1, 12)",2024-09-01,2024-12-01,3,105.8,103.54670223762727,105.08322820538365,106.79042010900685,108.49761201263004,110.03413798038642
RO1_PRICE,test,Cement In Bulk (Ordinary Portland Cement),SARIMA,"(1, 1, 1)(0, 1, 1, 12)",2024-10-01,2025-01-01,3,104.4,103.20187812562885,104.73585296112178,106.44021037158534,108.1445677820489,109.67854261754182
RO1_PRICE,test,Cement In Bulk (Ordinary Portland Cement),SARIMA,"(1, 1, 1)(0, 1, 1, 12)",2024-11-01,2025-02-01,3,104.2,101.84864546359769,103.38063674998871,105.08279029339224,106.78494383679576,108.31693512318678
RO1_PRICE,test,Cement In Bulk (Ordinary Portland Cement),SARIMA,"(1, 1, 1)(0, 1, 1, 12)",2024-12-01,2025-03-01,3,103.9,101.89163525907479,103.42086260835164,105.11994521695648,106.81902782556132,108.34825517483817
RO1_PRICE,test,Cement In Bulk (Ordinary Portland Cement),SARIMA,"(1, 1, 1)(0, 1, 1, 12)",2025-01-01,2025-04-01,3,103.6,99.21107579629579,100.74257546355366,102.44418278240819,104.14579010126272,105.6772897685206
RO1_PRICE,test,Cement In Bulk (Ordinary Portland Cement),SARIMA,"(1, 1, 1)(0, 1, 1, 12)",2025-02-01,2025-05-01,3,103.3,100.63693558310513,102.16383381583377,103.86032860685718,105.55682339788059,107.08372163060923
RO1_PRICE,test,Cement In Bulk (Ordinary Portland Cement),SARIMA,"(1, 1, 1)(0, 1, 1, 12)",2025-03-01,2025-06-01,3,102.8,100.16217243148357,101.68619448043553,103.37949362246901,105.0727927645025,106.59681481345446
RO1_PRICE,test,Cement In Bulk (Ordinary Portland Cement),SARIMA,"(1, 1, 1)(0, 1, 1, 12)",2025-04-01,2025-07-01,3,101.1,99.73377632069524,101.25513685020404,102.94547885090697,104.63582085160989,106.15718138111869
RO1_PRICE,test,Cement In Bulk (Ordinary Portland Cement),SARIMA,"(1, 1, 1)(0, 1, 1, 12)",2025-05-01,2025-08-01,3,101.5,99.13996759614656,100.65882449230946,102.3463847745986,104.03394505688775,105.55280195305065
RO1_PRICE,test,Cement In Bulk (Ordinary Portland Cement),SARIMA,"(1, 1, 1)(0, 1, 1, 12)",2025-06-01,2025-09-01,3,102.2,98.51116633873946,100.02751159127196,101.71228125513969,103.39705091900741,104.91339617153992
RO1_PRICE,test,Cement In Bulk (Ordinary Portland Cement),SARIMA,"(1, 1, 1)(0, 1, 1, 12)",2025-07-01,2025-10-01,3,104.0,95.56423274685194,97.08291135103526,98.77027353799092,100.45763572494657,101.97631432912989
RO1_PRICE,test,Cement In Bulk (Ordinary Portland Cement),SARIMA,"(1, 1, 1)(0, 1, 1, 12)",2025-08-01,2025-11-01,3,110.0,97.09023290680503,98.60544974711064,100.28896566307037,101.9724815790301,103.48769841933571
RO1_PRICE,test,Cement In Bulk (Ordinary Portland Cement),SARIMA,"(1, 1, 1)(0, 1, 1, 12)",2025-09-01,2025-12-01,3,115.9,98.99585361985883,100.51288259406908,102.19841192235974,103.8839412506504,105.40097022486064
RO1_PRICE,test,Cement In Bulk (Ordinary Portland Cement),SARIMA,"(1, 1, 1)(0, 1, 1, 12)",2025-10-01,2026-01-01,3,118.6,102.72388938883881,104.25086629317457,105.94744849406511,107.64403069495566,109.17100759929141
RO1_PRICE,test,Cement In Bulk (Ordinary Portland Cement),SARIMA,"(1, 1, 1)(0, 1, 1, 12)",2025-11-01,2026-02-01,3,119.2,113.97151986024495,115.596042170251,117.40100439874313,119.20596662723526,120.8304889372413
RO1_PRICE,test,Cement In Bulk (Ordinary Portland Cement),SARIMA,"(1, 1, 1)(0, 1, 1, 12)",2025-12-01,2026-03-01,3,121.9,123.27835888336872,124.97650145405349,126.86326113707017,128.75002082008683,130.4481633907716
RO1_PRICE,test,Cement In Bulk (Ordinary Portland Cement),SARIMA,"(1, 1, 1)(0, 1, 1, 12)",2026-01-01,2026-04-01,3,124.7,122.67962294666071,124.3564010392836,126.21942323608934,128.08244543289507,129.75922352551797
RO1_PRICE,test,Cement In Bulk (Ordinary Portland Cement),SARIMA,"(1, 1, 1)(0, 1, 1, 12)",2026-02-01,2026-05-01,3,125.8,120.43066036624296,122.10701191797155,123.9695601968764,125.83210847578125,127.50846002750984
RO1_PRICE,test,Cement In Bulk (Ordinary Portland Cement),SARIMA,"(1, 1, 1)(0, 1, 1, 12)",2026-03-01,2026-06-01,3,124.15,123.46631977555684,125.13761182489311,126.99453862931476,128.8514654337364,130.5227574830727
RO1_PRICE,test,Cement In Bulk (Ordinary Portland Cement),SARIMA,"(1, 1, 1)(0, 1, 1, 12)",2024-01-01,2024-07-01,6,109.0,101.91465235874111,104.86996692238809,108.15353596163116,111.43710500087424,114.39241956452122
RO1_PRICE,test,Cement In Bulk (Ordinary Portland Cement),SARIMA,"(1, 1, 1)(0, 1, 1, 12)",2024-02-01,2024-08-01,6,108.4,104.24206119782606,107.18592579700217,110.45677309443832,113.72762039187447,116.67148499105058
RO1_PRICE,test,Cement In Bulk (Ordinary Portland Cement),SARIMA,"(1, 1, 1)(0, 1, 1, 12)",2024-03-01,2024-09-01,6,108.0,104.65830796104117,107.59696828167733,110.86203324781934,114.12709821396135,117.0657585345975
RO1_PRICE,test,Cement In Bulk (Ordinary Portland Cement),SARIMA,"(1, 1, 1)(0, 1, 1, 12)",2024-04-01,2024-10-01,6,107.4,102.77910520206079,105.71328361428336,108.97336885478649,112.23345409528962,115.16763250751218
RO1_PRICE,test,Cement In Bulk (Ordinary Portland Cement),SARIMA,"(1, 1, 1)(0, 1, 1, 12)",2024-05-01,2024-11-01,6,106.4,102.64715891681487,105.57577478516028,108.82967963556915,112.08358448597802,115.01220035432343
RO1_PRICE,test,Cement In Bulk (Ordinary Portland Cement),SARIMA,"(1, 1, 1)(0, 1, 1, 12)",2024-06-01,2024-12-01,6,105.8,101.47219118615176,104.39696253359178,107.6465958421584,110.89622915072503,113.82100049816505
RO1_PRICE,test,Cement In Bulk (Ordinary Portland Cement),SARIMA,"(1, 1, 1)(0, 1, 1, 12)",2024-07-01,2025-01-01,6,104.4,100.92840137615912,103.84956324478904,107.0951861603456,110.34080907590217,113.2619709445321
RO1_PRICE,test,Cement In Bulk (Ordinary Portland Cement),SARIMA,"(1, 1, 1)(0, 1, 1, 12)",2024-08-01,2025-02-01,6,104.2,99.86106305772846,102.77865233362493,106.02030583928054,109.26195934493614,112.17954862083262
RO1_PRICE,test,Cement In Bulk (Ordinary Portland Cement),SARIMA,"(1, 1, 1)(0, 1, 1, 12)",2024-09-01,2025-03-01,6,103.9,100.49702582335905,103.40853239162034,106.6434275674821,109.87832274334387,112.78982931160516
RO1_PRICE,test,Cement In Bulk (Ordinary Portland Cement),SARIMA,"(1, 1, 1)(0, 1, 1, 12)",2024-10-01,2025-04-01,6,103.6,99.95281872385827,102.85995341652665,106.0899911212018,109.32002882587696,112.22716351854534
RO1_PRICE,test,Cement In Bulk (Ordinary Portland Cement),SARIMA,"(1, 1, 1)(0, 1, 1, 12)",2024-11-01,2025-05-01,6,103.3,98.90383173313441,101.80829352955666,105.0353614524472,108.26242937533775,111.16689117176
RO1_PRICE,test,Cement In Bulk (Ordinary Portland Cement),SARIMA,"(1, 1, 1)(0, 1, 1, 12)",2024-12-01,2025-06-01,6,102.8,98.89290080063117,101.79178513208727,105.01265608647044,108.23352704085362,111.13241137230972
RO1_PRICE,test,Cement In Bulk (Ordinary Portland Cement),SARIMA,"(1, 1, 1)(0, 1, 1, 12)",2025-01-01,2025-07-01,6,101.1,95.20892463889659,98.11523879619652,101.34436482650557,104.57349085681462,107.47980501411455
RO1_PRICE,test,Cement In Bulk (Ordinary Portland Cement),SARIMA,"(1, 1, 1)(0, 1, 1, 12)",2025-02-01,2025-08-01,6,101.5,97.18902400402939,100.08202696916538,103.29636329857335,106.51069962798132,109.40370259311732
RO1_PRICE,test,Cement In Bulk (Ordinary Portland Cement),SARIMA,"(1, 1, 1)(0, 1, 1, 12)",2025-03-01,2025-09-01,6,102.2,96.56507686873823,99.45295362900066,102.66159437262607,105.87023511625148,108.75811187651391
RO1_PRICE,test,Cement In Bulk (Ordinary Portland Cement),SARIMA,"(1, 1, 1)(0, 1, 1, 12)",2025-04-01,2025-10-01,6,104.0,96.08244377782665,98.96554055861215,102.16887039800704,105.37220023740194,108.25529701818743
RO1_PRICE,test,Cement In Bulk (Ordinary Portland Cement),SARIMA,"(1, 1, 1)(0, 1, 1, 12)",2025-05-01,2025-11-01,6,110.0,95.18061360266869,98.05943072387953,101.25800555077907,104.45658037767862,107.33539749888946
RO1_PRICE,test,Cement In Bulk (Ordinary Portland Cement),SARIMA,"(1, 1, 1)(0, 1, 1, 12)",2025-06-01,2025-12-01,6,115.9,94.55590151398053,97.43022503981265,100.62380715600654,103.81738927220042,106.69171279803254
RO1_PRICE,test,Cement In Bulk (Ordinary Portland Cement),SARIMA,"(1, 1, 1)(0, 1, 1, 12)",2025-07-01,2026-01-01,6,118.6,91.09594715878136,93.97780331189738,97.17975472388056,100.38170613586375,103.26356228897977
RO1_PRICE,test,Cement In Bulk (Ordinary Portland Cement),SARIMA,"(1, 1, 1)(0, 1, 1, 12)",2025-08-01,2026-02-01,6,119.2,93.60729755915486,96.47616348494171,99.66368181125766,102.85120013757361,105.72006606336046
RO1_PRICE,test,Cement In Bulk (Ordinary Portland Cement),SARIMA,"(1, 1, 1)(0, 1, 1, 12)",2025-09-01,2026-03-01,6,121.9,96.79296629904682,99.663797288954,102.85349894417338,106.04320059939276,108.91403158929994
RO1_PRICE,test,Cement In Bulk (Ordinary Portland Cement),SARIMA,"(1, 1, 1)(0, 1, 1, 12)",2025-10-01,2026-04-01,6,124.7,101.54878531208698,104.44149752423107,107.65551080595607,110.86952408768107,113.76223629982516
RO1_PRICE,test,Cement In Bulk (Ordinary Portland Cement),SARIMA,"(1, 1, 1)(0, 1, 1, 12)",2025-11-01,2026-05-01,6,125.8,116.72638812346096,119.8358058343771,123.29059465829124,126.74538348220538,129.85480119312152
RO1_PRICE,test,Cement In Bulk (Ordinary Portland Cement),SARIMA,"(1, 1, 1)(0, 1, 1, 12)",2025-12-01,2026-06-01,6,124.15,127.66550336708858,130.97906489397863,134.66067231850147,138.3422797430243,141.65584126991436
RO1_PRICE,test,Cement In Bulk (Ordinary Portland Cement),SARIMA,"(1, 1, 1)(0, 1, 1, 12)",2023-07-01,2024-07-01,12,109.0,98.86865315591317,104.58924785240426,110.94524388156337,117.30123991072249,123.02183460721358
RO1_PRICE,test,Cement In Bulk (Ordinary Portland Cement),SARIMA,"(1, 1, 1)(0, 1, 1, 12)",2023-08-01,2024-08-01,12,108.4,98.50341409620636,104.2170394485818,110.56529203044653,116.91354461231126,122.6271699646867
RO1_PRICE,test,Cement In Bulk (Ordinary Portland Cement),SARIMA,"(1, 1, 1)(0, 1, 1, 12)",2023-09-01,2024-09-01,12,108.0,98.18752663319447,103.89101160508459,110.22799748802751,116.56498337097044,122.26846834286056
RO1_PRICE,test,Cement In Bulk (Ordinary Portland Cement),SARIMA,"(1, 1, 1)(0, 1, 1, 12)",2023-10-01,2024-10-01,12,107.4,99.45961827192231,105.14323016600514,111.45813561669723,117.77304106738933,123.45665296147216
RO1_PRICE,test,Cement In Bulk (Ordinary Portland Cement),SARIMA,"(1, 1, 1)(0, 1, 1, 12)",2023-11-01,2024-11-01,12,106.4,97.05085773376852,102.73725371021445,109.05525247853934,115.37325124686424,121.05964722331017
RO1_PRICE,test,Cement In Bulk (Ordinary Portland Cement),SARIMA,"(1, 1, 1)(0, 1, 1, 12)",2023-12-01,2024-12-01,12,105.8,98.50792884677288,104.17345852018748,110.46827331092842,116.76308810166937,122.42861777508396
RO1_PRICE,test,Cement In Bulk (Ordinary Portland Cement),SARIMA,"(1, 1, 1)(0, 1, 1, 12)",2024-01-01,2025-01-01,12,104.4,94.82715874588872,100.50809364077683,106.82002475101056,113.1319558612443,118.8128907561324
RO1_PRICE,test,Cement In Bulk (Ordinary Portland Cement),SARIMA,"(1, 1, 1)(0, 1, 1, 12)",2024-02-01,2025-02-01,12,104.2,97.86366074752216,103.51106363796549,109.78573825680134,116.06041287563718,121.70781576608051
RO1_PRICE,test,Cement In Bulk (Ordinary Portland Cement),SARIMA,"(1, 1, 1)(0, 1, 1, 12)",2024-03-01,2025-03-01,12,103.9,98.96992781136211,104.60504444242412,110.86606813509158,117.12709182775905,122.76220845882105
RO1_PRICE,test,Cement In Bulk (Ordinary Portland Cement),SARIMA,"(1, 1, 1)(0, 1, 1, 12)",2024-04-01,2025-04-01,12,103.6,96.83344782891118,102.46531600031837,108.72273041846765,114.98014483661693,120.61201300802412
RO1_PRICE,test,Cement In Bulk (Ordinary Portland Cement),SARIMA,"(1, 1, 1)(0, 1, 1, 12)",2024-05-01,2025-05-01,12,103.3,97.35037463482875,102.97100548918992,109.21593443225971,115.46086337532951,121.08149422969068
RO1_PRICE,test,Cement In Bulk (Ordinary Portland Cement),SARIMA,"(1, 1, 1)(0, 1, 1, 12)",2024-06-01,2025-06-01,12,102.8,96.19123314896454,101.80686412321076,108.04623783647614,114.28561154974152,119.90124252398773
RO1_PRICE,test,Cement In Bulk (Ordinary Portland Cement),SARIMA,"(1, 1, 1)(0, 1, 1, 12)",2024-07-01,2025-07-01,12,101.1,95.23977124878428,100.85051519630112,107.08445906806674,113.31840293983235,118.92914688734919
RO1_PRICE,test,Cement In Bulk (Ordinary Portland Cement),SARIMA,"(1, 1, 1)(0, 1, 1, 12)",2024-08-01,2025-08-01,12,101.5,94.37557357024959,99.98150792976574,106.21010800008132,112.4387080703969,118.04464242991305
RO1_PRICE,test,Cement In Bulk (Ordinary Portland Cement),SARIMA,"(1, 1, 1)(0, 1, 1, 12)",2024-09-01,2025-09-01,12,102.2,94.94170888387802,100.53371750099498,106.74684506048109,112.9599726199672,118.55198123708416
RO1_PRICE,test,Cement In Bulk (Ordinary Portland Cement),SARIMA,"(1, 1, 1)(0, 1, 1, 12)",2024-10-01,2025-10-01,12,104.0,94.04046593935183,99.62596807886413,105.83186646935417,112.0377648598442,117.6232669993565
RO1_PRICE,test,Cement In Bulk (Ordinary Portland Cement),SARIMA,"(1, 1, 1)(0, 1, 1, 12)",2024-11-01,2025-11-01,12,110.0,92.2227845745904,97.80685982176735,104.01117283127887,110.2154858407904,115.79956108796733
RO1_PRICE,test,Cement In Bulk (Ordinary Portland Cement),SARIMA,"(1, 1, 1)(0, 1, 1, 12)",2024-12-01,2025-12-01,12,115.9,92.20136812941635,97.77414796689568,103.96591095617421,110.15767394545274,115.73045378293207
RO1_PRICE,test,Cement In Bulk (Ordinary Portland Cement),SARIMA,"(1, 1, 1)(0, 1, 1, 12)",2025-01-01,2026-01-01,12,118.6,87.72117819524951,93.32082399420958,99.54243701719103,105.76405004017249,111.36369583913256
RO1_PRICE,test,Cement In Bulk (Ordinary Portland Cement),SARIMA,"(1, 1, 1)(0, 1, 1, 12)",2025-02-01,2026-02-01,12,119.2,90.39465171333218,95.95879022949423,102.14095208341999,108.32311393734575,113.8872524535078
RO1_PRICE,test,Cement In Bulk (Ordinary Portland Cement),SARIMA,"(1, 1, 1)(0, 1, 1, 12)",2025-03-01,2026-03-01,12,121.9,90.18172436882524,95.73759643259083,101.91057365775075,108.08355088291066,113.63942294667625
RO1_PRICE,test,Cement In Bulk (Ordinary Portland Cement),SARIMA,"(1, 1, 1)(0, 1, 1, 12)",2025-04-01,2026-04-01,12,124.7,89.98328620172737,95.5310564265826,101.69503192051086,107.85900741443912,113.40677763929435
RO1_PRICE,test,Cement In Bulk (Ordinary Portland Cement),SARIMA,"(1, 1, 1)(0, 1, 1, 12)",2025-05-01,2026-05-01,12,125.8,89.5117279962764,95.05313840873218,101.21004768935538,107.36695696997857,112.90836738243435
RO1_PRICE,test,Cement In Bulk (Ordinary Portland Cement),SARIMA,"(1, 1, 1)(0, 1, 1, 12)",2025-06-01,2026-06-01,12,124.15,89.12006979624098,94.65367201736906,100.80190583054406,106.95013964371906,112.48374186484713
RO1_PRICE,test,Concreting Sand,ETS,ETS_A_N_N,2024-06-01,2024-07-01,1,27.5,25.123200814336435,26.38806095080926,27.901108654874957,29.39648306106954,30.78535709565736
RO1_PRICE,test,Concreting Sand,ETS,ETS_A_N_N,2024-07-01,2024-08-01,1,27.7,24.627667596216476,25.890563798932387,27.401262211265234,28.894314766852887,30.281032312733405
RO1_PRICE,test,Concreting Sand,ETS,ETS_A_N_N,2024-08-01,2024-09-01,1,27.6,24.83232434230318,26.093173080004266,27.60142227906008,29.092054229639754,30.476523565687568
RO1_PRICE,test,Concreting Sand,ETS,ETS_A_N_N,2024-09-01,2024-10-01,1,27.7,24.736988544940438,25.99578654571057,27.50158261756635,28.989790094931973,30.372007628434158
RO1_PRICE,test,Concreting Sand,ETS,ETS_A_N_N,2024-10-01,2024-11-01,1,27.7,24.841629990035866,26.098387256548733,27.601742166576784,29.087536996338017,30.467513710685825
RO1_PRICE,test,Concreting Sand,ETS,ETS_A_N_N,2024-11-01,2024-12-01,1,27.7,24.846258933848347,26.10098096458605,27.60190129016635,29.08528997287543,30.463031905652635
RO1_PRICE,test,Concreting Sand,ETS,ETS_A_N_N,2024-12-01,2025-01-01,1,27.4,24.850865459960733,26.10356211079732,27.60205964169789,29.083053829411345,30.458571802816497
RO1_PRICE,test,Concreting Sand,ETS,ETS_A_N_N,2025-01-01,2025-02-01,1,27.6,24.555359506646315,25.806080234074358,27.302214131012178,28.780872293414586,30.15422061292891
RO1_PRICE,test,Concreting Sand,ETS,ETS_A_N_N,2025-02-01,2025-03-01,1,27.3,24.75988183164331,26.008614197120938,27.502369580895767,28.97867701258482,30.34984202012285
RO1_PRICE,test,Concreting Sand,ETS,ETS_A_N_N,2025-03-01,2025-04-01,1,26.8,24.464332443508262,25.71110798414461,27.20252257999517,28.67651656555633,30.045532890300176
RO1_PRICE,test,Concreting Sand,ETS,ETS_A_N_N,2025-04-01,2025-05-01,1,27.1,23.968601979333332,25.21350030798822,26.70266935020269,28.174444011530966,29.54139907202646
RO1_PRICE,test,Concreting Sand,ETS,ETS_A_N_N,2025-05-01,2025-06-01,1,26.7,24.273010164225575,25.51597031365218,27.002820872149073,28.472304131029745,29.837130982463293
RO1_PRICE,test,Concreting Sand,ETS,ETS_A_N_N,2025-06-01,2025-07-01,1,26.7,23.877327671089077,25.11838952008612,26.602969298578373,28.0702083015166,29.432950732625372
RO1_PRICE,test,Concreting Sand,ETS,ETS_A_N_N,2025-07-01,2025-08-01,1,26.7,23.8817833464145,25.120886138390684,26.60312245878661,28.068045376614098,29.428636673893852
RO1_PRICE,test,Concreting Sand,ETS,ETS_A_N_N,2025-08-01,2025-09-01,1,26.4,23.88621799377801,25.123370976848424,26.603274901904207,28.065892668157545,29.424342986459823
RO1_PRICE,test,Concreting Sand,ETS,ETS_A_N_N,2025-09-01,2025-10-01,1,26.7,23.590542690064726,24.825794209066622,26.303423569717783,27.76379333983276,29.120155763990603
RO1_PRICE,test,Concreting Sand,ETS,ETS_A_N_N,2025-10-01,2025-11-01,1,27.0,23.894846948593024,25.12820598362586,26.603571522023643,28.061703912676762,29.41598830324836
RO1_PRICE,test,Concreting Sand,ETS,ETS_A_N_N,2025-11-01,2025-12-01,1,26.8,24.19913095112485,25.430606412199214,26.90371878665332,28.359624331658885,29.711840472241644
RO1_PRICE,test,Concreting Sand,ETS,ETS_A_N_N,2025-12-01,2026-01-01,1,26.7,24.003444110288843,25.23302318120332,26.70386706075059,28.157530608220235,29.507664426041305
RO1_PRICE,test,Concreting Sand,ETS,ETS_A_N_N,2026-01-01,2026-02-01,1,26.4,23.90776666243689,25.135445209388912,26.60401564910281,28.05543231186966,29.403479267825578
RO1_PRICE,test,Concreting Sand,ETS,ETS_A_N_N,2026-02-01,2026-03-01,1,27.8,23.611990610907878,24.837811989553096,26.30416085222329,27.753381887288775,29.099389587863957
RO1_PRICE,test,Concreting Sand,ETS,ETS_A_N_N,2026-03-01,2026-04-01,1,29.0,25.014361929429608,26.239140684617855,27.70424234296697,29.15223074180028,30.49709359433615
RO1_PRICE,test,Concreting Sand,ETS,ETS_A_N_N,2026-04-01,2026-05-01,1,28.6,26.21722917577496,27.440747272292953,28.904340908804997,30.35083890039399,31.694317492296527
RO1_PRICE,test,Concreting Sand,ETS,ETS_A_N_N,2026-05-01,2026-06-01,1,28.6,25.82133124353892,27.043045768968717,28.504481942362567,29.948847671286877,31.290345859995657
RO1_PRICE,test,Concreting Sand,ETS,ETS_A_N_N,2024-04-01,2024-07-01,3,27.5,23.202113590947654,25.28641459745699,27.77548286184623,30.403630367198083,32.78522211088752
RO1_PRICE,test,Concreting Sand,ETS,ETS_A_N_N,2024-05-01,2024-08-01,3,27.7,23.20987228262986,25.290731006019556,27.775688502509453,30.399495546591393,32.77715402294969
RO1_PRICE,test,Concreting Sand,ETS,ETS_A_N_N,2024-06-01,2024-09-01,3,27.6,23.31757615091949,25.395016915225547,27.875892691533224,30.495389945133358,32.8691429476141
RO1_PRICE,test,Concreting Sand,ETS,ETS_A_N_N,2024-07-01,2024-10-01,3,27.7,22.824846505405343,24.899061651378307,27.376085400459175,29.991515390862265,32.361582694412576
RO1_PRICE,test,Concreting Sand,ETS,ETS_A_N_N,2024-08-01,2024-11-01,3,27.7,23.032426067400024,25.103278401025094,27.57628628604982,30.187476021875728,32.553700864045325
RO1_PRICE,test,Concreting Sand,ETS,ETS_A_N_N,2024-09-01,2024-12-01,3,27.7,22.940017756700783,25.007501904093722,27.476487507580053,30.08343021276313,32.4458064531729
RO1_PRICE,test,Concreting Sand,ETS,ETS_A_N_N,2024-10-01,2025-01-01,3,27.4,23.047572409351847,25.11170479917657,27.576687740203432,30.179404130058764,32.53795054064722
RO1_PRICE,test,Concreting Sand,ETS,ETS_A_N_N,2024-11-01,2025-02-01,3,27.6,23.055106711476714,25.115896374590093,27.57688743778946,30.175388899551358,32.53011579927634
RO1_PRICE,test,Concreting Sand,ETS,ETS_A_N_N,2024-12-01,2025-03-01,3,27.3,23.06260452635439,25.120067650312603,27.577086166832995,30.17139311179775,32.522318997100015
RO1_PRICE,test,Concreting Sand,ETS,ETS_A_N_N,2025-01-01,2025-04-01,3,26.8,22.769919261222483,24.824137074716973,27.277280047705922,29.867494899171373,32.21471258465894
RO1_PRICE,test,Concreting Sand,ETS,ETS_A_N_N,2025-02-01,2025-05-01,3,27.1,22.977280030782598,25.02823210441314,27.47747513712009,30.063572135142223,32.40705827750203
RO1_PRICE,test,Concreting Sand,ETS,ETS_A_N_N,2025-03-01,2025-06-01,3,26.7,22.68452406706936,24.732262198243614,27.177667147033446,29.75971160426495,32.09952538894001
RO1_PRICE,test,Concreting Sand,ETS,ETS_A_N_N,2025-04-01,2025-07-01,3,26.7,22.191473377641415,24.23612832469034,26.677851340911097,29.256008133816657,31.592298969630573
RO1_PRICE,test,Concreting Sand,ETS,ETS_A_N_N,2025-05-01,2025-08-01,3,26.7,22.498648369800172,24.54011999845581,26.978041501956753,29.552184368722124,31.884837838925545
RO1_PRICE,test,Concreting Sand,ETS,ETS_A_N_N,2025-06-01,2025-09-01,3,26.4,22.105675755784183,24.144029564072525,26.57822777247067,29.148439301202405,31.477530246021136
RO1_PRICE,test,Concreting Sand,ETS,ETS_A_N_N,2025-07-01,2025-10-01,3,26.7,22.11292804203273,24.148064241672213,26.578419987993087,29.144574353139863,31.469988751160102
RO1_PRICE,test,Concreting Sand,ETS,ETS_A_N_N,2025-08-01,2025-11-01,3,27.0,22.120146098365897,24.15207987871279,26.578611302056547,29.140727656259312,31.46248286334541
RO1_PRICE,test,Concreting Sand,ETS,ETS_A_N_N,2025-09-01,2025-12-01,3,26.8,21.827185189959824,23.855995953892574,26.27879787702434,28.83697634136744,31.15516308589265
RO1_PRICE,test,Concreting Sand,ETS,ETS_A_N_N,2025-10-01,2026-01-01,3,26.7,22.13419102444195,24.15989352112068,26.578983557459193,29.133242729529194,31.44787786437507
RO1_PRICE,test,Concreting Sand,ETS,ETS_A_N_N,2025-11-01,2026-02-01,3,26.4,22.44116388362813,24.46377274709708,26.879168372589923,29.429526704820887,31.740626951333752
RO1_PRICE,test,Concreting Sand,ETS,ETS_A_N_N,2025-12-01,2026-03-01,3,27.8,22.248184194947072,24.26767837552771,26.67935445268911,29.225785403012516,31.53332670912864
RO1_PRICE,test,Concreting Sand,ETS,ETS_A_N_N,2026-01-01,2026-04-01,3,29.0,22.15521980037356,24.17159250859587,26.579540929453803,29.122035936856324,31.426010544701178
RO1_PRICE,test,Concreting Sand,ETS,ETS_A_N_N,2026-02-01,2026-05-01,3,28.6,21.862094910662517,23.875417355037083,26.279723156658292,28.818372009739974,31.118861284529203
RO1_PRICE,test,Concreting Sand,ETS,ETS_A_N_N,2026-03-01,2026-06-01,3,28.6,23.265954604518615,25.27756461570878,27.679825432905528,30.216315035961603,32.51484762756502
RO1_PRICE,test,Concreting Sand,ETS,ETS_A_N_N,2024-01-01,2024-07-01,6,27.5,21.41229990109164,24.612013079857036,28.104440888077583,31.62983492726492,34.63933977797098
RO1_PRICE,test,Concreting Sand,ETS,ETS_A_N_N,2024-02-01,2024-08-01,6,27.7,21.62336119770548,24.81778212711133,28.30443354294958,31.823996664394073,34.82852386578319
RO1_PRICE,test,Concreting Sand,ETS,ETS_A_N_N,2024-03-01,2024-09-01,6,27.6,21.434367176420075,24.62352232602698,28.104426240519224,31.618187607969627,34.61776205610797
RO1_PRICE,test,Concreting Sand,ETS,ETS_A_N_N,2024-04-01,2024-10-01,6,27.7,21.245318283926473,24.429233903873303,27.904418968561046,31.41240750401063,34.407053888586255
RO1_PRICE,test,Concreting Sand,ETS,ETS_A_N_N,2024-05-01,2024-11-01,6,27.7,21.256308679394696,24.4349659710297,27.90441166753194,31.40660665891963,34.396307298774744
RO1_PRICE,test,Concreting Sand,ETS,ETS_A_N_N,2024-06-01,2024-12-01,6,27.7,21.367221415440756,24.5406575354308,28.004404419562785,31.500846805524194,34.48563664853159
RO1_PRICE,test,Concreting Sand,ETS,ETS_A_N_N,2024-07-01,2025-01-01,6,27.4,20.877520063247353,24.046028825546422,27.504397589809674,30.99541108997345,33.97556648419007
RO1_PRICE,test,Concreting Sand,ETS,ETS_A_N_N,2024-08-01,2025-02-01,6,27.6,21.088256719826838,24.25162855097826,27.704390449817446,31.189744159420062,34.165067989573636
RO1_PRICE,test,Concreting Sand,ETS,ETS_A_N_N,2024-09-01,2025-03-01,6,27.3,20.99901054885291,24.15723723987253,27.604383313333123,31.08406818784394,34.0545527329369
RO1_PRICE,test,Concreting Sand,ETS,ETS_A_N_N,2024-10-01,2025-04-01,6,26.8,21.10971191757775,24.262818564399147,27.704376204228918,31.178419893955873,34.14408875808323
RO1_PRICE,test,Concreting Sand,ETS,ETS_A_N_N,2024-11-01,2025-05-01,6,27.1,21.12038445737605,24.268384855264966,27.704369118741564,31.172786823093126,34.13365298145511
RO1_PRICE,test,Concreting Sand,ETS,ETS_A_N_N,2024-12-01,2025-06-01,6,26.7,21.131005312633754,24.273924189214842,27.70436206608363,31.167181029570695,34.12326773984765
RO1_PRICE,test,Concreting Sand,ETS,ETS_A_N_N,2025-01-01,2025-07-01,6,26.7,20.841366828300504,23.97932826608327,27.404355190110515,30.861712124905377,33.81313609346861
RO1_PRICE,test,Concreting Sand,ETS,ETS_A_N_N,2025-02-01,2025-08-01,6,26.7,21.0517935583048,24.184766349951033,27.60434825890372,31.05620878124822,34.002940655893156
RO1_PRICE,test,Concreting Sand,ETS,ETS_A_N_N,2025-03-01,2025-09-01,6,26.4,20.76205492629934,23.89011819597335,27.304341452414732,30.750792740078143,33.69290694139907
RO1_PRICE,test,Concreting Sand,ETS,ETS_A_N_N,2025-04-01,2025-10-01,6,26.7,20.271898809300378,23.39525229950148,26.80433491867859,30.245597044829065,33.183281441546406
RO1_PRICE,test,Concreting Sand,ETS,ETS_A_N_N,2025-05-01,2025-11-01,6,27.0,20.58206238251018,23.700553131137973,27.104328157744742,30.5402325911275,33.473343314038786
RO1_PRICE,test,Concreting Sand,ETS,ETS_A_N_N,2025-06-01,2025-12-01,6,26.8,20.192016858316528,23.305744918188424,26.704321558026226,30.134978535273863,33.063609689513676
RO1_PRICE,test,Concreting Sand,ETS,ETS_A_N_N,2025-07-01,2026-01-01,6,26.7,20.20228991818859,23.311102855722595,26.70431473035343,30.129556302524488,33.053564515990765
RO1_PRICE,test,Concreting Sand,ETS,ETS_A_N_N,2025-08-01,2026-02-01,6,26.4,20.212514487987555,23.31643550598813,26.704307940844345,30.12415967242663,33.04356676862316
RO1_PRICE,test,Concreting Sand,ETS,ETS_A_N_N,2025-09-01,2026-03-01,6,27.8,19.922485547586042,23.0216359395056,26.404301324149127,29.818896854375357,32.73381691641299
RO1_PRICE,test,Concreting Sand,ETS,ETS_A_N_N,2025-10-01,2026-04-01,6,29.0,20.23240950318246,23.32681179939504,26.704294725312845,30.113658877797487,33.0241130967225
RO1_PRICE,test,Concreting Sand,ETS,ETS_A_N_N,2025-11-01,2026-05-01,6,28.6,20.542286744666406,23.631963299698505,27.004288166443164,30.4084455710546,33.31445497251904
RO1_PRICE,test,Concreting Sand,ETS,ETS_A_N_N,2025-12-01,2026-06-01,6,28.6,20.352231200261862,23.437149859256717,26.80428157039625,30.203196799415167,33.10473114002156
RO1_PRICE,test,Concreting Sand,ETS,ETS_A_N_N,2023-07-01,2024-07-01,12,27.5,19.389920401348196,23.705174908779952,29.031324440009712,33.91788760757807,38.82006340910388
RO1_PRICE,test,Concreting Sand,ETS,ETS_A_N_N,2023-08-01,2024-08-01,12,27.7,19.805735475605186,24.11388846963818,29.431272881175747,34.30979434604761,39.203902751530464
RO1_PRICE,test,Concreting Sand,ETS,ETS_A_N_N,2023-09-01,2024-09-01,12,27.6,19.921976901266262,24.222836941556352,29.531219946087177,34.40148292259376,39.28730645373175
RO1_PRICE,test,Concreting Sand,ETS,ETS_A_N_N,2023-10-01,2024-10-01,12,27.7,19.738034523204814,24.03168414391144,29.33116761011415,34.19326555934398,39.07089797583507
RO1_PRICE,test,Concreting Sand,ETS,ETS_A_N_N,2023-11-01,2024-11-01,12,27.7,20.053842075251108,24.340393560958017,29.631116077294095,34.48517614950224,39.35474500784825
RO1_PRICE,test,Concreting Sand,ETS,ETS_A_N_N,2023-12-01,2024-12-01,12,27.7,18.3601452129695,22.643866387589174,27.93109556186524,32.78195061015468,37.648304204488156
RO1_PRICE,test,Concreting Sand,ETS,ETS_A_N_N,2024-01-01,2025-01-01,12,27.4,18.575977139661134,22.85258922486389,28.131043928665456,32.97384869522994,37.83212628708188
RO1_PRICE,test,Concreting Sand,ETS,ETS_A_N_N,2024-02-01,2025-02-01,12,27.6,18.791729646542606,23.06126831725334,28.330992582742173,33.16578746561009,38.01602958208109
RO1_PRICE,test,Concreting Sand,ETS,ETS_A_N_N,2024-03-01,2025-03-01,12,27.3,18.607403372103853,22.869904006506964,28.130941499589653,32.95776656076254,37.80001339185277
RO1_PRICE,test,Concreting Sand,ETS,ETS_A_N_N,2024-04-01,2025-04-01,12,26.8,18.422998957538063,22.67849664054734,27.930890665158078,32.74978563454001,37.5840770370911
RO1_PRICE,test,Concreting Sand,ETS,ETS_A_N_N,2024-05-01,2025-05-01,12,27.1,18.43865049462888,22.687120100698152,27.930839645359917,32.741776070963084,37.56808350208278
RO1_PRICE,test,Concreting Sand,ETS,ETS_A_N_N,2024-06-01,2025-06-01,12,26.7,18.554191435501618,22.795682626785474,28.0307889875495,32.833823106440605,37.65220298287372
RO1_PRICE,test,Concreting Sand,ETS,ETS_A_N_N,2024-07-01,2025-07-01,12,26.7,18.068857842539064,22.303763319331647,27.53074119078174,32.32631769394941,37.13721612747825
RO1_PRICE,test,Concreting Sand,ETS,ETS_A_N_N,2024-08-01,2025-08-01,12,26.7,18.284148030614638,22.51218768519145,27.73069134134021,32.51849303681186,37.32159182203124
RO1_PRICE,test,Concreting Sand,ETS,ETS_A_N_N,2024-09-01,2025-09-01,12,26.4,18.19946266782922,22.42062552838156,27.630641427155474,32.410655890533846,37.205942563350405
RO1_PRICE,test,Concreting Sand,ETS,ETS_A_N_N,2024-10-01,2025-10-01,12,26.7,18.314702598946244,22.529022207722083,27.730591749003352,32.50285696328881,37.29036962805909
RO1_PRICE,test,Concreting Sand,ETS,ETS_A_N_N,2024-11-01,2025-11-01,12,27.0,18.32990147259498,22.53739626780953,27.730542209164625,32.49507905365944,37.27483865639537
RO1_PRICE,test,Concreting Sand,ETS,ETS_A_N_N,2024-12-01,2025-12-01,12,26.8,18.345026742387002,22.545729774020828,27.730492907745607,32.48733880801008,37.25938289384714
RO1_PRICE,test,Concreting Sand,ETS,ETS_A_N_N,2025-01-01,2026-01-01,12,26.7,18.059782682090063,22.253859793995446,27.430444814657648,32.1797875710773,36.94430454042572
RO1_PRICE,test,Concreting Sand,ETS,ETS_A_N_N,2025-02-01,2026-02-01,12,26.4,18.27463149926132,22.462040980924755,27.6303964068721,32.37218878676144,37.12913125602662
RO1_PRICE,test,Concreting Sand,ETS,ETS_A_N_N,2025-03-01,2026-03-01,12,27.8,17.989244816364913,22.170092422064496,27.330348781658117,32.06471054040103,36.81419864758694
RO1_PRICE,test,Concreting Sand,ETS,ETS_A_N_N,2025-04-01,2026-04-01,12,29.0,17.503263590668386,21.677816288453677,26.830303089895153,31.557536540190846,36.299873563889776
RO1_PRICE,test,Concreting Sand,ETS,ETS_A_N_N,2025-05-01,2026-05-01,12,28.6,17.817737645423495,21.985790992105176,27.130255899177698,31.850129531029015,36.58508322156628
RO1_PRICE,test,Concreting Sand,ETS,ETS_A_N_N,2025-06-01,2026-06-01,12,28.6,17.43191391292467,21.593601635203925,26.730209701534243,31.442874946095785,36.170597218450546
RO1_PRICE,test,Concreting Sand,SARIMA,"(0, 1, 1)(0, 1, 1, 12)",2024-06-01,2024-07-01,1,27.5,25.25589447298702,26.566700146015197,28.02310041465802,29.479500683300845,30.790306356329022
RO1_PRICE,test,Concreting Sand,SARIMA,"(0, 1, 1)(0, 1, 1, 12)",2024-07-01,2024-08-01,1,27.7,24.406947488123482,25.715547632813962,27.16949739934986,28.62344716588576,29.93204731057624
RO1_PRICE,test,Concreting Sand,SARIMA,"(0, 1, 1)(0, 1, 1, 12)",2024-08-01,2024-09-01,1,27.6,25.00619153892603,26.31260216138903,27.764119209768523,29.215636258148017,30.52204688061102
RO1_PRICE,test,Concreting Sand,SARIMA,"(0, 1, 1)(0, 1, 1, 12)",2024-09-01,2024-10-01,1,27.7,24.5376752760948,25.84178066038785,27.290736421797746,28.73969218320764,30.043797567500693
RO1_PRICE,test,Concreting Sand,SARIMA,"(0, 1, 1)(0, 1, 1, 12)",2024-10-01,2024-11-01,1,27.7,24.929678043799047,26.231560731685143,27.678046916016743,29.124533100348344,30.42641578823444
RO1_PRICE,test,Concreting Sand,SARIMA,"(0, 1, 1)(0, 1, 1, 12)",2024-11-01,2024-12-01,1,27.7,25.082448993985736,26.382037567739605,27.825974824715143,29.26991208169068,30.56950065544455
RO1_PRICE,test,Concreting Sand,SARIMA,"(0, 1, 1)(0, 1, 1, 12)",2024-12-01,2025-01-01,1,27.4,24.811488950212368,26.10880326554437,27.550213656299597,28.991624047054824,30.288938362386826
RO1_PRICE,test,Concreting Sand,SARIMA,"(0, 1, 1)(0, 1, 1, 12)",2025-01-01,2025-02-01,1,27.6,25.201787736912518,26.49676218275618,27.935572808632795,29.37438343450941,30.669357880353072
RO1_PRICE,test,Concreting Sand,SARIMA,"(0, 1, 1)(0, 1, 1, 12)",2025-02-01,2025-03-01,1,27.3,25.96867508031138,27.260645002355343,28.696117384158825,30.131589765962307,31.423559688006268
RO1_PRICE,test,Concreting Sand,SARIMA,"(0, 1, 1)(0, 1, 1, 12)",2025-03-01,2025-04-01,1,26.8,24.233020143139676,25.5236520485834,26.957637796802565,28.39162354502173,29.682255450465455
RO1_PRICE,test,Concreting Sand,SARIMA,"(0, 1, 1)(0, 1, 1, 12)",2025-04-01,2025-05-01,1,27.1,23.8512101714307,25.139613464805752,26.57112306321698,28.00263266162821,29.29103595500326
RO1_PRICE,test,Concreting Sand,SARIMA,"(0, 1, 1)(0, 1, 1, 12)",2025-05-01,2025-06-01,1,26.7,24.27027703463046,25.556594350156193,26.985786275732575,28.41497820130896,29.70129551683469
RO1_PRICE,test,Concreting Sand,SARIMA,"(0, 1, 1)(0, 1, 1, 12)",2025-06-01,2025-07-01,1,26.7,23.81519855978195,25.099342964369765,26.52612062813844,27.952898291907115,29.237042696494928
RO1_PRICE,test,Concreting Sand,SARIMA,"(0, 1, 1)(0, 1, 1, 12)",2025-07-01,2025-08-01,1,26.7,23.880407772517355,25.162365463489873,26.586713529674185,28.011061595858497,29.293019286831015
RO1_PRICE,test,Concreting Sand,SARIMA,"(0, 1, 1)(0, 1, 1, 12)",2025-08-01,2025-09-01,1,26.4,23.940854216334753,25.220633229986255,26.64256062749259,28.064488024998923,29.344267038650425
RO1_PRICE,test,Concreting Sand,SARIMA,"(0, 1, 1)(0, 1, 1, 12)",2025-09-01,2025-10-01,1,26.7,23.384595815264966,24.662224783420932,26.081763324286094,27.501301865151255,28.77893083330722
RO1_PRICE,test,Concreting Sand,SARIMA,"(0, 1, 1)(0, 1, 1, 12)",2025-10-01,2025-11-01,1,27.0,24.051360746702102,25.327012029889087,26.744353219171654,28.16169440845422,29.437345691641205
RO1_PRICE,test,Concreting Sand,SARIMA,"(0, 1, 1)(0, 1, 1, 12)",2025-11-01,2025-12-01,1,26.8,24.50082814636982,25.774353372365884,27.18933235775528,28.604311343144676,29.87783656914074
RO1_PRICE,test,Concreting Sand,SARIMA,"(0, 1, 1)(0, 1, 1, 12)",2025-12-01,2026-01-01,1,26.7,23.882266047106093,25.15371528654196,26.566387700144112,27.979060113746264,29.25050935318213
RO1_PRICE,test,Concreting Sand,SARIMA,"(0, 1, 1)(0, 1, 1, 12)",2026-01-01,2026-02-01,1,26.4,24.624506453099254,25.89375552160188,27.303983385562407,28.714211249522936,29.98346031802556
RO1_PRICE,test,Concreting Sand,SARIMA,"(0, 1, 1)(0, 1, 1, 12)",2026-02-01,2026-03-01,1,27.8,24.6014389890762,25.868228410332406,27.27572342762912,28.683218444925835,29.95000786618204
RO1_PRICE,test,Concreting Sand,SARIMA,"(0, 1, 1)(0, 1, 1, 12)",2026-03-01,2026-04-01,1,29.0,25.32474722838874,26.589491833000253,27.994714910548815,29.399937988097378,30.66468259270889
RO1_PRICE,test,Concreting Sand,SARIMA,"(0, 1, 1)(0, 1, 1, 12)",2026-04-01,2026-05-01,1,28.6,26.46053951844637,27.7236641311384,29.12708728005125,30.5305104289641,31.793635041656128
RO1_PRICE,test,Concreting Sand,SARIMA,"(0, 1, 1)(0, 1, 1, 12)",2026-05-01,2026-06-01,1,28.6,25.511512201922496,26.77267758864782,28.173923895269734,29.57517020189165,30.836335588616972
RO1_PRICE,test,Concreting Sand,SARIMA,"(0, 1, 1)(0, 1, 1, 12)",2024-04-01,2024-07-01,3,27.5,21.598726719514076,24.336829018847066,27.37905946259216,30.421289906337254,33.159392205670244
RO1_PRICE,test,Concreting Sand,SARIMA,"(0, 1, 1)(0, 1, 1, 12)",2024-05-01,2024-08-01,3,27.7,21.641907477575096,24.37517101784826,27.41202524897875,30.44887948010924,33.182143020382405
RO1_PRICE,test,Concreting Sand,SARIMA,"(0, 1, 1)(0, 1, 1, 12)",2024-06-01,2024-09-01,3,27.6,21.994643897314013,24.72314151412698,27.75470045828199,30.786259402437004,33.51475701924997
RO1_PRICE,test,Concreting Sand,SARIMA,"(0, 1, 1)(0, 1, 1, 12)",2024-07-01,2024-10-01,3,27.7,21.067891992210484,23.791628474618022,26.817897452785108,29.844166430952193,32.56790291335973
RO1_PRICE,test,Concreting Sand,SARIMA,"(0, 1, 1)(0, 1, 1, 12)",2024-08-01,2024-11-01,3,27.7,21.62203679369673,24.340883346954914,27.361719258822923,30.38255517069093,33.10140172394912
RO1_PRICE,test,Concreting Sand,SARIMA,"(0, 1, 1)(0, 1, 1, 12)",2024-09-01,2024-12-01,3,27.7,21.540230477253484,24.25416186705476,27.26953667547596,30.284911483897158,32.99884287369843
RO1_PRICE,test,Concreting Sand,SARIMA,"(0, 1, 1)(0, 1, 1, 12)",2024-10-01,2025-01-01,3,27.4,21.965230343490326,24.674382859488233,27.68444799216249,30.694513124836746,33.40366564083465
RO1_PRICE,test,Concreting Sand,SARIMA,"(0, 1, 1)(0, 1, 1, 12)",2024-11-01,2025-02-01,3,27.6,22.58289522977271,25.287246911329653,28.291977968394228,31.296709025458803,34.001060707015746
RO1_PRICE,test,Concreting Sand,SARIMA,"(0, 1, 1)(0, 1, 1, 12)",2024-12-01,2025-03-01,3,27.3,23.62536771603555,26.324237075212295,29.322876874089943,32.32151667296759,35.02038603214433
RO1_PRICE,test,Concreting Sand,SARIMA,"(0, 1, 1)(0, 1, 1, 12)",2025-01-01,2025-04-01,3,26.8,23.506495905170485,26.19991338545848,29.192495751078425,32.18507811669837,34.87849559698636
RO1_PRICE,test,Concreting Sand,SARIMA,"(0, 1, 1)(0, 1, 1, 12)",2025-02-01,2025-05-01,3,27.1,22.900860238779554,25.589371164688544,28.576501992172265,31.563632819655986,34.25214374556497
RO1_PRICE,test,Concreting Sand,SARIMA,"(0, 1, 1)(0, 1, 1, 12)",2025-03-01,2025-06-01,3,26.7,20.83566117280379,23.521889411337135,26.506484007420948,29.49107860350476,32.17730684203811
RO1_PRICE,test,Concreting Sand,SARIMA,"(0, 1, 1)(0, 1, 1, 12)",2025-04-01,2025-07-01,3,26.7,20.550786561469383,23.232594091091467,26.21227695862662,29.191959826161774,31.87376735578386
RO1_PRICE,test,Concreting Sand,SARIMA,"(0, 1, 1)(0, 1, 1, 12)",2025-05-01,2025-08-01,3,26.7,21.078591960218706,23.75617820929355,26.731170927671197,29.706163646048843,32.383749895123685
RO1_PRICE,test,Concreting Sand,SARIMA,"(0, 1, 1)(0, 1, 1, 12)",2025-06-01,2025-09-01,3,26.4,20.629137083922743,23.302068755173163,26.27188989966049,29.241711044147817,31.914642715398237
RO1_PRICE,test,Concreting Sand,SARIMA,"(0, 1, 1)(0, 1, 1, 12)",2025-07-01,2025-10-01,3,26.7,20.61564415491288,23.2839524349622,26.248636656161906,29.213320877361614,31.881629157410934
RO1_PRICE,test,Concreting Sand,SARIMA,"(0, 1, 1)(0, 1, 1, 12)",2025-08-01,2025-11-01,3,27.0,20.63596261279602,23.299784374568787,26.259483748237166,29.219183121905544,31.88300488367831
RO1_PRICE,test,Concreting Sand,SARIMA,"(0, 1, 1)(0, 1, 1, 12)",2025-09-01,2025-12-01,3,26.8,20.44731996882116,23.106659572750512,26.061378943645355,29.016098314540198,31.67543791846955
RO1_PRICE,test,Concreting Sand,SARIMA,"(0, 1, 1)(0, 1, 1, 12)",2025-10-01,2026-01-01,3,26.7,21.133916375672097,23.78899002058183,26.73896960129264,29.68894918200345,32.34402282691319
RO1_PRICE,test,Concreting Sand,SARIMA,"(0, 1, 1)(0, 1, 1, 12)",2025-11-01,2026-02-01,3,26.4,22.03807804264201,24.68886414909359,27.634079963297467,30.579295777501343,33.23008188395292
RO1_PRICE,test,Concreting Sand,SARIMA,"(0, 1, 1)(0, 1, 1, 12)",2025-12-01,2026-03-01,3,27.8,22.684326018441823,25.330062598170677,28.269668021584508,31.209273444998338,33.85501002472719
RO1_PRICE,test,Concreting Sand,SARIMA,"(0, 1, 1)(0, 1, 1, 12)",2026-01-01,2026-04-01,3,29.0,22.910308226427013,25.550869133966106,28.484724009817715,31.418578885669323,34.059139793208416
RO1_PRICE,test,Concreting Sand,SARIMA,"(0, 1, 1)(0, 1, 1, 12)",2026-02-01,2026-05-01,3,28.6,21.58746258917995,24.22387984793102,27.153130829145756,30.08238181036049,32.71879906911156
RO1_PRICE,test,Concreting Sand,SARIMA,"(0, 1, 1)(0, 1, 1, 12)",2026-03-01,2026-06-01,3,28.6,22.00071985599425,24.632484842587957,27.55656681167587,30.480648780763786,33.112413767357495
RO1_PRICE,test,Concreting Sand,SARIMA,"(0, 1, 1)(0, 1, 1, 12)",2024-01-01,2024-07-01,6,27.5,21.21345175781269,25.250396831109526,29.73573589411757,34.221074957125616,38.25802003042245
RO1_PRICE,test,Concreting Sand,SARIMA,"(0, 1, 1)(0, 1, 1, 12)",2024-02-01,2024-08-01,6,27.7,20.202311232225135,24.23058014761762,28.706279369295483,33.181978590973344,37.21024750636583
RO1_PRICE,test,Concreting Sand,SARIMA,"(0, 1, 1)(0, 1, 1, 12)",2024-03-01,2024-09-01,6,27.6,18.493552748859834,22.51934210155465,26.992286349056478,31.465230596558307,35.49101994925312
RO1_PRICE,test,Concreting Sand,SARIMA,"(0, 1, 1)(0, 1, 1, 12)",2024-04-01,2024-10-01,6,27.7,18.36597275570546,22.384350323196394,26.849059539233092,31.31376875526979,35.33214632276072
RO1_PRICE,test,Concreting Sand,SARIMA,"(0, 1, 1)(0, 1, 1, 12)",2024-05-01,2024-11-01,6,27.7,18.45149844448182,22.46278961078616,26.91962532062416,31.37646103046216,35.3877521967665
RO1_PRICE,test,Concreting Sand,SARIMA,"(0, 1, 1)(0, 1, 1, 12)",2024-06-01,2024-12-01,6,27.7,19.01852947553298,23.02283101783455,27.471900747951224,31.920970478067897,35.92527202036947
RO1_PRICE,test,Concreting Sand,SARIMA,"(0, 1, 1)(0, 1, 1, 12)",2024-07-01,2025-01-01,6,27.4,18.244962905844954,22.242236920884842,26.683498558007713,31.124760195130584,35.12203421017047
RO1_PRICE,test,Concreting Sand,SARIMA,"(0, 1, 1)(0, 1, 1, 12)",2024-08-01,2025-02-01,6,27.6,19.524151581310495,23.514143979583956,27.947315211826076,32.3804864440682,36.370478842341655
RO1_PRICE,test,Concreting Sand,SARIMA,"(0, 1, 1)(0, 1, 1, 12)",2024-09-01,2025-03-01,6,27.3,20.522229858150844,24.504455455440567,28.928997207911607,33.35353896038265,37.33576455767237
RO1_PRICE,test,Concreting Sand,SARIMA,"(0, 1, 1)(0, 1, 1, 12)",2024-10-01,2025-04-01,6,26.8,21.129794512367347,25.10444657740206,29.520573585691164,33.93670059398026,37.91135265901498
RO1_PRICE,test,Concreting Sand,SARIMA,"(0, 1, 1)(0, 1, 1, 12)",2024-11-01,2025-05-01,6,27.1,20.99089424615093,24.95803860728526,29.36582401147362,33.77360941566198,37.74075377679631
RO1_PRICE,test,Concreting Sand,SARIMA,"(0, 1, 1)(0, 1, 1, 12)",2024-12-01,2025-06-01,6,26.7,20.57595041422455,24.535659887395695,28.935184591276055,33.334709295156415,37.29441876832756
RO1_PRICE,test,Concreting Sand,SARIMA,"(0, 1, 1)(0, 1, 1, 12)",2025-01-01,2025-07-01,6,26.7,20.30694557584941,24.25926212173119,28.650572746658543,33.0418833715859,36.994199917467675
RO1_PRICE,test,Concreting Sand,SARIMA,"(0, 1, 1)(0, 1, 1, 12)",2025-02-01,2025-08-01,6,26.7,19.72471250460154,23.670146330676637,28.053809754205872,32.43747317773511,36.3829070038102
RO1_PRICE,test,Concreting Sand,SARIMA,"(0, 1, 1)(0, 1, 1, 12)",2025-03-01,2025-09-01,6,26.4,17.839208714371523,21.781411055578918,26.161484064810846,30.541557074042775,34.48375941525017
RO1_PRICE,test,Concreting Sand,SARIMA,"(0, 1, 1)(0, 1, 1, 12)",2025-04-01,2025-10-01,6,26.7,17.401666055463963,21.33743211731197,25.710353952894785,30.0832757884776,34.01904185032561
RO1_PRICE,test,Concreting Sand,SARIMA,"(0, 1, 1)(0, 1, 1, 12)",2025-05-01,2025-11-01,6,27.0,17.962039693522442,21.891639157473495,26.25770945509112,30.623779752708746,34.5533792166598
RO1_PRICE,test,Concreting Sand,SARIMA,"(0, 1, 1)(0, 1, 1, 12)",2025-06-01,2025-12-01,6,26.8,17.722629716291895,21.64536715568788,26.00381324583442,30.36225933598096,34.28499677537694
RO1_PRICE,test,Concreting Sand,SARIMA,"(0, 1, 1)(0, 1, 1, 12)",2025-07-01,2026-01-01,6,26.7,17.84104469392122,21.756980010969713,26.107868449346764,30.458756887723816,34.37469220477231
RO1_PRICE,test,Concreting Sand,SARIMA,"(0, 1, 1)(0, 1, 1, 12)",2025-08-01,2026-02-01,6,26.4,18.566335591385624,22.47567359918103,26.81923194800612,31.16279029683121,35.07212830462662
RO1_PRICE,test,Concreting Sand,SARIMA,"(0, 1, 1)(0, 1, 1, 12)",2025-09-01,2026-03-01,6,27.8,19.406277529888364,23.30855814524308,27.64427521869224,31.9799922921414,35.882272907496116
RO1_PRICE,test,Concreting Sand,SARIMA,"(0, 1, 1)(0, 1, 1, 12)",2025-10-01,2026-04-01,6,29.0,20.26114567125716,24.156653897727313,28.48484635544297,32.81303881315863,36.708547039628776
RO1_PRICE,test,Concreting Sand,SARIMA,"(0, 1, 1)(0, 1, 1, 12)",2025-11-01,2026-05-01,6,28.6,20.44002485577957,24.328858693601735,28.64963542096165,32.970412148321564,36.85924598614373
RO1_PRICE,test,Concreting Sand,SARIMA,"(0, 1, 1)(0, 1, 1, 12)",2025-12-01,2026-06-01,6,28.6,19.67899790263222,23.560965099463534,27.874112490157056,32.187259880850576,36.069227077681894
RO1_PRICE,test,Concreting Sand,SARIMA,"(0, 1, 1)(0, 1, 1, 12)",2023-07-01,2024-07-01,12,27.5,17.263756623611094,23.135896774788684,29.660270806468287,36.18464483814789,42.05678498932548
RO1_PRICE,test,Concreting Sand,SARIMA,"(0, 1, 1)(0, 1, 1, 12)",2023-08-01,2024-08-01,12,27.7,17.95777126650462,23.819174515944912,30.331619070283708,36.84406362462251,42.70546687406279
RO1_PRICE,test,Concreting Sand,SARIMA,"(0, 1, 1)(0, 1, 1, 12)",2023-09-01,2024-09-01,12,27.6,17.898880906596403,23.749027272637502,30.24896461225789,36.74890195187828,42.599048317919376
RO1_PRICE,test,Concreting Sand,SARIMA,"(0, 1, 1)(0, 1, 1, 12)",2023-10-01,2024-10-01,12,27.7,17.741776706596138,23.580688938956904,30.0681443404482,36.555599741939496,42.39451197430026
RO1_PRICE,test,Concreting Sand,SARIMA,"(0, 1, 1)(0, 1, 1, 12)",2023-11-01,2024-11-01,12,27.7,18.193089179807473,24.021435561581843,30.497151535979484,36.97286751037713,42.801213892151495
RO1_PRICE,test,Concreting Sand,SARIMA,"(0, 1, 1)(0, 1, 1, 12)",2023-12-01,2024-12-01,12,27.7,15.706231528798515,21.53047391225889,28.00163004657497,34.47278618089105,40.29702856435142
RO1_PRICE,test,Concreting Sand,SARIMA,"(0, 1, 1)(0, 1, 1, 12)",2024-01-01,2025-01-01,12,27.4,16.806353179991227,22.616188384553435,29.07133709713689,35.52648580972035,41.336321014282554
RO1_PRICE,test,Concreting Sand,SARIMA,"(0, 1, 1)(0, 1, 1, 12)",2024-02-01,2025-02-01,12,27.6,16.560517609024405,22.357787774914854,28.7989758172986,35.24016385968235,41.03743402557279
RO1_PRICE,test,Concreting Sand,SARIMA,"(0, 1, 1)(0, 1, 1, 12)",2024-03-01,2025-03-01,12,27.3,16.137949973323007,21.93167244979332,28.368918751665213,34.8061650535371,40.59988753000742
RO1_PRICE,test,Concreting Sand,SARIMA,"(0, 1, 1)(0, 1, 1, 12)",2024-04-01,2025-04-01,12,26.8,16.343216986576756,22.125846080813677,28.550766829632728,34.975687578451776,40.7583166726887
RO1_PRICE,test,Concreting Sand,SARIMA,"(0, 1, 1)(0, 1, 1, 12)",2024-05-01,2025-05-01,12,27.1,16.393755219259994,22.16584142518176,28.579048259657586,34.99225509413341,40.76434130005518
RO1_PRICE,test,Concreting Sand,SARIMA,"(0, 1, 1)(0, 1, 1, 12)",2024-06-01,2025-06-01,12,26.7,16.580366682320914,22.342026737897054,28.743649362389107,35.145271986881156,40.9069320424573
RO1_PRICE,test,Concreting Sand,SARIMA,"(0, 1, 1)(0, 1, 1, 12)",2024-07-01,2025-07-01,12,26.7,15.836574149849596,21.587730843549362,27.977683470441338,34.36763609733332,40.11879279103308
RO1_PRICE,test,Concreting Sand,SARIMA,"(0, 1, 1)(0, 1, 1, 12)",2024-08-01,2025-08-01,12,26.7,16.380275709344573,22.120577251466695,28.498469016860174,34.876360782253656,40.616662324375774
RO1_PRICE,test,Concreting Sand,SARIMA,"(0, 1, 1)(0, 1, 1, 12)",2024-09-01,2025-09-01,12,26.4,16.100912798634198,21.830413611678516,28.196304982921948,34.56219635416538,40.2916971672097
RO1_PRICE,test,Concreting Sand,SARIMA,"(0, 1, 1)(0, 1, 1, 12)",2024-10-01,2025-10-01,12,26.7,16.403563449905796,22.122534989631596,28.476727573781535,34.83092015793147,40.54989169765727
RO1_PRICE,test,Concreting Sand,SARIMA,"(0, 1, 1)(0, 1, 1, 12)",2024-11-01,2025-11-01,12,27.0,16.318483875289445,22.0270447358829,28.369670299690245,34.71229586349759,40.420856724091045
RO1_PRICE,test,Concreting Sand,SARIMA,"(0, 1, 1)(0, 1, 1, 12)",2024-12-01,2025-12-01,12,26.8,16.292678797856276,21.990933416154046,28.322107996526558,34.65328257689907,40.35153719519684
RO1_PRICE,test,Concreting Sand,SARIMA,"(0, 1, 1)(0, 1, 1, 12)",2025-01-01,2026-01-01,12,26.7,16.000085974955688,21.688092900243575,28.007881549688516,34.32767019913346,40.015677124421345
RO1_PRICE,test,Concreting Sand,SARIMA,"(0, 1, 1)(0, 1, 1, 12)",2025-02-01,2026-02-01,12,26.4,16.152574191370928,21.830752108452756,28.13962001618415,34.44848792391554,40.126665840997376
RO1_PRICE,test,Concreting Sand,SARIMA,"(0, 1, 1)(0, 1, 1, 12)",2025-03-01,2026-03-01,12,27.8,15.49936132494254,21.172773089270994,27.476345455265548,33.7799178212601,39.453329585588556
RO1_PRICE,test,Concreting Sand,SARIMA,"(0, 1, 1)(0, 1, 1, 12)",2025-04-01,2026-04-01,12,29.0,15.358772699696134,21.02257817253771,27.315477251263196,33.60837632998869,39.27218180283026
RO1_PRICE,test,Concreting Sand,SARIMA,"(0, 1, 1)(0, 1, 1, 12)",2025-05-01,2026-05-01,12,28.6,15.895683048131103,21.550310441051842,27.833012006646754,34.11571357224167,39.770340965162404
RO1_PRICE,test,Concreting Sand,SARIMA,"(0, 1, 1)(0, 1, 1, 12)",2025-06-01,2026-06-01,12,28.6,15.27542446948726,20.919820131159927,27.19115350050349,33.46248686984705,39.106882531519716
RO1_PRICE,test,Granite (20mm Aggregate),ETS,ETS_A_N_N,2024-06-01,2024-07-01,1,23.0,17.995942550636723,19.844366558301424,22.055483519213794,24.240773317788133,26.270427059832073
RO1_PRICE,test,Granite (20mm Aggregate),ETS,ETS_A_N_N,2024-07-01,2024-08-01,1,22.8,18.802396612223745,20.64798291802236,22.855705370585945,25.037640310689703,27.064178126848983
RO1_PRICE,test,Granite (20mm Aggregate),ETS,ETS_A_N_N,2024-08-01,2024-09-01,1,22.5,18.609233398109488,20.451813738414174,22.655940402749525,24.834321555572053,26.857558684720175
RO1_PRICE,test,Granite (20mm Aggregate),ETS,ETS_A_N_N,2024-09-01,2024-10-01,1,22.4,18.316002162270465,20.155606438718237,22.356173083683846,24.531035800282083,26.551005075778285
RO1_PRICE,test,Granite (20mm Aggregate),ETS,ETS_A_N_N,2024-10-01,2024-11-01,1,22.4,18.22279299061308,20.059411500142872,22.25640651876825,24.427739327748036,26.44443009518936
RO1_PRICE,test,Granite (20mm Aggregate),ETS,ETS_A_N_N,2024-11-01,2024-12-01,1,22.6,18.229557701271514,20.06320192786265,22.25663905748371,24.424455535720675,26.43788040503944
RO1_PRICE,test,Granite (20mm Aggregate),ETS,ETS_A_N_N,2024-12-01,2025-01-01,1,22.6,18.436262160386775,20.266958594553707,22.45686952358475,24.621200989353678,26.63138904834118
RO1_PRICE,test,Granite (20mm Aggregate),ETS,ETS_A_N_N,2025-01-01,2025-02-01,1,22.2,18.442961665432662,20.270712487982458,22.457099825142862,24.61794885669172,26.62490249997344
RO1_PRICE,test,Granite (20mm Aggregate),ETS,ETS_A_N_N,2025-02-01,2025-03-01,1,22.3,18.04951932879222,19.87438690544901,22.05732525370315,24.21476558258929,26.218553290570615
RO1_PRICE,test,Granite (20mm Aggregate),ETS,ETS_A_N_N,2025-03-01,2025-04-01,1,22.2,18.156147946745207,19.978101074566396,22.1575531084114,24.31154784511604,26.312135355544935
RO1_PRICE,test,Granite (20mm Aggregate),ETS,ETS_A_N_N,2025-04-01,2025-05-01,1,22.0,18.06274487356675,19.88179749097479,22.057779883794133,24.2083455069457,26.205748124844817
RO1_PRICE,test,Granite (20mm Aggregate),ETS,ETS_A_N_N,2025-05-01,2025-06-01,1,22.0,17.869289895864867,19.685464823388273,21.858004873495247,24.005168362546474,25.999411145895415
RO1_PRICE,test,Granite (20mm Aggregate),ETS,ETS_A_N_N,2025-06-01,2025-07-01,1,21.7,17.875831005629976,19.68912996155089,21.858229724384483,24.001993110765625,25.993077946316436
RO1_PRICE,test,Granite (20mm Aggregate),ETS,ETS_A_N_N,2025-07-01,2025-08-01,1,21.7,17.582279981356063,19.39274347809459,21.55845141531666,23.698862594628512,25.686833966863507
RO1_PRICE,test,Granite (20mm Aggregate),ETS,ETS_A_N_N,2025-08-01,2025-09-01,1,21.7,17.588759477395747,19.396374091965342,21.55867414676582,23.695717249751407,25.68056041962004
RO1_PRICE,test,Granite (20mm Aggregate),ETS,ETS_A_N_N,2025-09-01,2025-10-01,1,21.9,17.5952084861073,19.39998762502608,21.558895834515212,23.69258671096179,25.67431639943152
RO1_PRICE,test,Granite (20mm Aggregate),ETS,ETS_A_N_N,2025-10-01,2025-11-01,1,22.3,17.801600181844105,19.603569042952742,21.75911554922599,23.889483989151397,25.868127864598847
RO1_PRICE,test,Granite (20mm Aggregate),ETS,ETS_A_N_N,2025-11-01,2025-12-01,1,22.8,18.207880902856317,20.007088279100127,22.1593314491277,24.286435137741186,26.262046777042467
RO1_PRICE,test,Granite (20mm Aggregate),ETS,ETS_A_N_N,2025-12-01,2026-01-01,1,22.7,18.714071495352467,20.510557014750173,22.659544252257575,24.78343003958093,26.75605295610535
RO1_PRICE,test,Granite (20mm Aggregate),ETS,ETS_A_N_N,2026-01-01,2026-02-01,1,22.6,18.620394641905158,20.41410002817892,22.5597616220686,24.680360611271375,26.64993081501183
RO1_PRICE,test,Granite (20mm Aggregate),ETS,ETS_A_N_N,2026-02-01,2026-03-01,1,23.8,18.526688472710124,20.31762661136553,22.459977975503474,24.577305400408527,26.543837040236976
RO1_PRICE,test,Granite (20mm Aggregate),ETS,ETS_A_N_N,2026-03-01,2026-04-01,1,25.0,19.731993584998907,21.520599183519856,23.66016032256231,25.77473011386195,27.738700518393347
RO1_PRICE,test,Granite (20mm Aggregate),ETS,ETS_A_N_N,2026-04-01,2026-05-01,1,24.5,20.937273033653604,22.723557384246433,24.860341806127092,26.972167313974314,28.93358888256548
RO1_PRICE,test,Granite (20mm Aggregate),ETS,ETS_A_N_N,2026-05-01,2026-06-01,1,24.3,20.44332274764738,22.226947194111872,24.360549792391353,26.469230642231135,28.427731514951024
RO1_PRICE,test,Granite (20mm Aggregate),ETS,ETS_A_N_N,2024-04-01,2024-07-01,3,23.0,15.434699475029037,18.480612369100236,22.118035705292755,25.958703799331026,29.43906531039029
RO1_PRICE,test,Granite (20mm Aggregate),ETS,ETS_A_N_N,2024-05-01,2024-08-01,3,22.8,15.245992451934162,18.286895016261393,21.918335026283223,25.752685469667163,29.22732201110154
RO1_PRICE,test,Granite (20mm Aggregate),ETS,ETS_A_N_N,2024-06-01,2024-09-01,3,22.5,15.357263474230331,18.393165446722545,22.01863375956588,25.846678831069536,29.315601529738082
RO1_PRICE,test,Granite (20mm Aggregate),ETS,ETS_A_N_N,2024-07-01,2024-10-01,3,22.4,16.16776843783337,19.199009691433783,22.81891218271555,26.641080436672034,30.104677642718492
RO1_PRICE,test,Granite (20mm Aggregate),ETS,ETS_A_N_N,2024-08-01,2024-11-01,3,22.4,15.978896326961854,19.005200500901736,22.619207141121972,26.435150107294678,29.89310604170104
RO1_PRICE,test,Granite (20mm Aggregate),ETS,ETS_A_N_N,2024-09-01,2024-12-01,3,22.6,15.689913508908315,18.711329714451338,22.319499152186914,26.12927875620208,29.581649535133767
RO1_PRICE,test,Granite (20mm Aggregate),ETS,ETS_A_N_N,2024-10-01,2025-01-01,3,22.6,15.600966606438542,18.617478907012725,22.21979211083996,26.023388257873584,29.470155671672714
RO1_PRICE,test,Granite (20mm Aggregate),ETS,ETS_A_N_N,2024-11-01,2025-02-01,3,22.2,15.611977192569803,18.62360444977582,22.22008394418206,26.01752041730031,29.458706017859967
RO1_PRICE,test,Granite (20mm Aggregate),ETS,ETS_A_N_N,2024-12-01,2025-03-01,3,22.3,15.82288971117742,18.829675433758243,22.42037317680089,26.211704837270894,29.647358339129767
RO1_PRICE,test,Granite (20mm Aggregate),ETS,ETS_A_N_N,2025-01-01,2025-04-01,3,22.2,15.833794162550088,18.83574193232269,22.420662201400713,26.20589356562549,29.63601906148694
RO1_PRICE,test,Granite (20mm Aggregate),ETS,ETS_A_N_N,2025-02-01,2025-05-01,3,22.0,15.444467743349827,18.441679991479425,22.020945109693862,25.800205335703126,29.2249198668278
RO1_PRICE,test,Granite (20mm Aggregate),ETS,ETS_A_N_N,2025-03-01,2025-06-01,3,22.0,15.555256821851838,18.54768229977501,22.121231066189715,25.89445553338227,29.313700541454875
RO1_PRICE,test,Granite (20mm Aggregate),ETS,ETS_A_N_N,2025-04-01,2025-07-01,3,21.7,15.465994311718623,18.453655912280325,22.021515665486845,25.788733240026062,29.202534883173644
RO1_PRICE,test,Granite (20mm Aggregate),ETS,ETS_A_N_N,2025-05-01,2025-08-01,3,21.7,15.276647320093245,18.25958252435153,21.821798024157488,25.58305596685114,28.991457072178857
RO1_PRICE,test,Granite (20mm Aggregate),ETS,ETS_A_N_N,2025-06-01,2025-09-01,3,21.7,15.287293963037092,18.265505593145374,21.822080209760983,25.577382079133226,28.98038587132757
RO1_PRICE,test,Granite (20mm Aggregate),ETS,ETS_A_N_N,2025-07-01,2025-10-01,3,21.9,14.997790639282941,17.971345233944252,21.52235842776105,25.271788124134254,28.669470632533244
RO1_PRICE,test,Granite (20mm Aggregate),ETS,ETS_A_N_N,2025-08-01,2025-11-01,3,22.3,15.008336997546415,17.977212510481785,21.522637953875694,25.266167678542804,28.658503712333875
RO1_PRICE,test,Granite (20mm Aggregate),ETS,ETS_A_N_N,2025-09-01,2025-12-01,3,22.8,15.01883373028689,17.98305218072709,21.522916169021286,25.26057368658361,28.647588405673154
RO1_PRICE,test,Granite (20mm Aggregate),ETS,ETS_A_N_N,2025-10-01,2026-01-01,3,22.7,15.229237179401585,18.188839952966944,21.723191908789847,25.45502940341583,28.836770096391916
RO1_PRICE,test,Granite (20mm Aggregate),ETS,ETS_A_N_N,2025-11-01,2026-02-01,3,22.6,15.639460000441927,18.594527235995795,22.123462861024308,25.849581381820173,29.226139618016916
RO1_PRICE,test,Granite (20mm Aggregate),ETS,ETS_A_N_N,2025-12-01,2026-03-01,3,23.8,16.149536122815974,19.100132906496423,22.623729926471796,26.344211542184258,29.715661691190597
RO1_PRICE,test,Granite (20mm Aggregate),ETS,ETS_A_N_N,2026-01-01,2026-04-01,3,25.0,16.059827990329516,19.005858607589406,22.524002720383017,26.238726742134844,29.604959437321625
RO1_PRICE,test,Granite (20mm Aggregate),ETS,ETS_A_N_N,2026-02-01,2026-05-01,3,24.5,15.97007214766104,18.91155776200595,22.424274241035583,26.13326735442268,29.49430677791619
RO1_PRICE,test,Granite (20mm Aggregate),ETS,ETS_A_N_N,2026-03-01,2026-06-01,3,24.3,17.178707028889274,20.11636161573955,23.624503089082808,27.328665563650702,30.685327527543816
RO1_PRICE,test,Granite (20mm Aggregate),ETS,ETS_A_N_N,2024-01-01,2024-07-01,6,23.0,12.526549773154128,17.202632281614612,22.306489931875095,27.458524655323473,31.856635425034245
RO1_PRICE,test,Granite (20mm Aggregate),ETS,ETS_A_N_N,2024-02-01,2024-08-01,6,22.8,12.442836361336466,17.111126601471312,22.206479134845022,27.349928458674075,31.740710174806047
RO1_PRICE,test,Granite (20mm Aggregate),ETS,ETS_A_N_N,2024-03-01,2024-09-01,6,22.5,12.658993420236882,17.319553354308955,22.406468401460817,27.54140059472465,31.924911536167254
RO1_PRICE,test,Granite (20mm Aggregate),ETS,ETS_A_N_N,2024-04-01,2024-10-01,6,22.4,12.575118235035463,17.2279632944313,22.306457698434578,27.432889763194027,31.809144444008403
RO1_PRICE,test,Granite (20mm Aggregate),ETS,ETS_A_N_N,2024-05-01,2024-11-01,6,22.4,12.391115038162907,17.036306468316578,22.106447077430808,27.224446492949205,31.59350251780821
RO1_PRICE,test,Granite (20mm Aggregate),ETS,ETS_A_N_N,2024-06-01,2024-12-01,6,22.6,12.50708074448242,17.144633420731175,22.2064364711121,27.316019626803858,31.677890986773903
RO1_PRICE,test,Granite (20mm Aggregate),ETS,ETS_A_N_N,2024-07-01,2025-01-01,6,22.6,13.321961310662225,17.95239441270674,23.00642657940392,28.10816549935989,32.46334051128075
RO1_PRICE,test,Granite (20mm Aggregate),ETS,ETS_A_N_N,2024-08-01,2025-02-01,6,22.2,13.137724256953723,17.76061562438362,22.806416127110076,27.899845681579173,32.24792728054788
RO1_PRICE,test,Granite (20mm Aggregate),ETS,ETS_A_N_N,2024-09-01,2025-03-01,6,22.3,12.853330389147759,17.46875504285447,22.506405765526885,27.59160861135637,31.93266735861514
RO1_PRICE,test,Granite (20mm Aggregate),ETS,ETS_A_N_N,2024-10-01,2025-04-01,6,22.2,12.768987398588568,17.376920994343347,22.406395365685935,27.483344680784537,31.817357679257807
RO1_PRICE,test,Granite (20mm Aggregate),ETS,ETS_A_N_N,2024-11-01,2025-05-01,6,22.0,12.784584188875352,17.385055539092935,22.406385007323927,27.47511253676049,31.802106886096574
RO1_PRICE,test,Granite (20mm Aggregate),ETS,ETS_A_N_N,2024-12-01,2025-06-01,6,22.0,13.000042064513352,17.593117631842784,22.606374739715513,27.666953710999426,31.986991922946586
RO1_PRICE,test,Granite (20mm Aggregate),ETS,ETS_A_N_N,2025-01-01,2025-07-01,6,21.7,13.01548851021464,17.60117376613198,22.60636448566143,27.65880092717959,31.97188814795963
RO1_PRICE,test,Granite (20mm Aggregate),ETS,ETS_A_N_N,2025-02-01,2025-08-01,6,21.7,12.630607920334809,17.209059335611723,22.20635445175381,27.25082076056026,31.557104159472427
RO1_PRICE,test,Granite (20mm Aggregate),ETS,ETS_A_N_N,2025-03-01,2025-09-01,6,21.7,12.74589094162458,17.317030230494733,22.30634429578211,27.34275421784138,31.64216016285044
RO1_PRICE,test,Granite (20mm Aggregate),ETS,ETS_A_N_N,2025-04-01,2025-10-01,6,21.9,12.661100881888416,17.22496301477423,22.206334198776773,27.234726263954464,31.527287646651015
RO1_PRICE,test,Granite (20mm Aggregate),ETS,ETS_A_N_N,2025-05-01,2025-11-01,6,22.3,12.476191152480343,17.03283338432042,22.006324179745615,27.026761470639446,31.312532142417606
RO1_PRICE,test,Granite (20mm Aggregate),ETS,ETS_A_N_N,2025-06-01,2025-12-01,6,22.8,12.49127240813138,17.04069904996253,22.006314162227397,27.018801428670457,31.2977854442956
RO1_PRICE,test,Granite (20mm Aggregate),ETS,ETS_A_N_N,2025-07-01,2026-01-01,6,22.7,12.20614122884139,16.748453923188016,21.706304293229717,26.71095352336893,30.98324648318181
RO1_PRICE,test,Granite (20mm Aggregate),ETS,ETS_A_N_N,2025-08-01,2026-02-01,6,22.6,12.221080429181852,16.7562454988103,21.706294368550612,26.703068457335583,30.968638686060206
RO1_PRICE,test,Granite (20mm Aggregate),ETS,ETS_A_N_N,2025-09-01,2026-03-01,6,23.8,12.235949331780036,16.76400041260594,21.70628449502524,26.695220501982828,30.954099636033337
RO1_PRICE,test,Granite (20mm Aggregate),ETS,ETS_A_N_N,2025-10-01,2026-04-01,6,25.0,12.450686096869344,16.971686408323396,21.90627470626206,26.887442285574267,31.139689786275067
RO1_PRICE,test,Granite (20mm Aggregate),ETS,ETS_A_N_N,2025-11-01,2026-05-01,6,24.5,12.86516699746153,17.37923895726457,22.306265087402792,27.27979911700374,31.52553012490154
RO1_PRICE,test,Granite (20mm Aggregate),ETS,ETS_A_N_N,2025-12-01,2026-06-01,6,24.3,13.379440094849668,17.886683126631493,22.806255608023974,27.77226563131716,32.01157365976125
RO1_PRICE,test,Granite (20mm Aggregate),ETS,ETS_A_N_N,2023-07-01,2024-07-01,12,23.0,4.447821995674555,10.757730652633121,18.545803633608692,25.691098813930566,32.85922330686804
RO1_PRICE,test,Granite (20mm Aggregate),ETS,ETS_A_N_N,2023-08-01,2024-08-01,12,22.8,4.471740613872233,10.770908992990485,18.5457256699205,25.678858636863396,32.83478205798929
RO1_PRICE,test,Granite (20mm Aggregate),ETS,ETS_A_N_N,2023-09-01,2024-09-01,12,22.5,4.595514357427363,10.884007511706939,18.645648176962002,25.766692596077114,32.910488846305
RO1_PRICE,test,Granite (20mm Aggregate),ETS,ETS_A_N_N,2023-10-01,2024-10-01,12,22.4,5.517318751548076,11.796020981573792,19.54557709271156,26.65553433962097,33.7882079939813
RO1_PRICE,test,Granite (20mm Aggregate),ETS,ETS_A_N_N,2023-11-01,2024-11-01,12,22.4,6.339402157870281,12.608188183640532,20.345505112464515,27.444233320995437,34.56564206005113
RO1_PRICE,test,Granite (20mm Aggregate),ETS,ETS_A_N_N,2023-12-01,2024-12-01,12,22.6,7.260980567475206,13.52007714845404,21.245434775284416,28.33319072622302,35.44359215117827
RO1_PRICE,test,Granite (20mm Aggregate),ETS,ETS_A_N_N,2024-01-01,2025-01-01,12,22.6,8.381528481529816,14.63139834480406,22.34536779555062,29.42267547772197,36.52259525155303
RO1_PRICE,test,Granite (20mm Aggregate),ETS,ETS_A_N_N,2024-02-01,2025-02-01,12,22.2,8.304722372579738,14.544177393325693,22.24529221207909,29.31080620147818,36.39889460153257
RO1_PRICE,test,Granite (20mm Aggregate),ETS,ETS_A_N_N,2024-03-01,2025-03-01,12,22.3,8.527731809119562,14.756854803685862,22.445217207419788,29.49903128468417,36.575382391229816
RO1_PRICE,test,Granite (20mm Aggregate),ETS,ETS_A_N_N,2024-04-01,2025-04-01,12,22.2,8.450695322708711,14.669506916085936,22.345142361418006,29.387279882138678,36.45191712538801
RO1_PRICE,test,Granite (20mm Aggregate),ETS,ETS_A_N_N,2024-05-01,2025-05-01,12,22.0,8.273476534817304,14.482058585268643,22.145068106645212,29.175621766530647,36.228638138356146
RO1_PRICE,test,Granite (20mm Aggregate),ETS,ETS_A_N_N,2024-06-01,2025-06-01,12,22.0,8.396213464168078,14.594585853490265,22.244993990233937,29.26398630328776,36.30540438962561
RO1_PRICE,test,Granite (20mm Aggregate),ETS,ETS_A_N_N,2024-07-01,2025-07-01,12,21.7,9.217405036753446,15.40626168032524,23.044924904994673,30.053141656000946,37.08374975222797
RO1_PRICE,test,Granite (20mm Aggregate),ETS,ETS_A_N_N,2024-08-01,2025-08-01,12,21.7,9.039853205236124,15.218629859885695,22.844851749245592,29.841653993294738,36.86081111306392
RO1_PRICE,test,Granite (20mm Aggregate),ETS,ETS_A_N_N,2024-09-01,2025-09-01,12,21.7,8.762078058828925,14.930874994559527,22.544779307945532,29.53028059006808,36.53810064118781
RO1_PRICE,test,Granite (20mm Aggregate),ETS,ETS_A_N_N,2024-10-01,2025-10-01,12,21.9,8.684375369130837,14.843160048393969,22.44470662598502,29.418870100895045,36.41531612035826
RO1_PRICE,test,Granite (20mm Aggregate),ETS,ETS_A_N_N,2024-11-01,2025-11-01,12,22.3,8.706586920080866,14.855397852428505,22.444634225055502,29.407503500692705,36.39261923576702
RO1_PRICE,test,Granite (20mm Aggregate),ETS,ETS_A_N_N,2024-12-01,2025-12-01,12,22.8,8.92860064187515,15.06752665869697,22.644562467463025,29.596238135854172,36.57012449995919
RO1_PRICE,test,Granite (20mm Aggregate),ETS,ETS_A_N_N,2025-01-01,2026-01-01,12,22.7,8.950598083650496,15.079646497908396,22.64449076891581,29.58498111120634,36.54764641194593
RO1_PRICE,test,Granite (20mm Aggregate),ETS,ETS_A_N_N,2025-02-01,2026-02-01,12,22.6,8.572129789409267,14.691509733846,22.244420591443625,29.173962428047297,36.125644242479524
RO1_PRICE,test,Granite (20mm Aggregate),ETS,ETS_A_N_N,2025-03-01,2026-03-01,12,23.8,8.693894501214182,14.803501342121756,22.3443496410242,29.262824485482646,36.20340394858336
RO1_PRICE,test,Granite (20mm Aggregate),ETS,ETS_A_N_N,2025-04-01,2026-04-01,12,25.0,8.615555133150579,14.715435610634376,22.244279040322056,29.151739820794436,36.081270029828936
RO1_PRICE,test,Granite (20mm Aggregate),ETS,ETS_A_N_N,2025-05-01,2026-05-01,12,24.5,8.437045342901804,14.527275981684094,22.04420899362284,28.940742366154264,35.85931025403491
RO1_PRICE,test,Granite (20mm Aggregate),ETS,ETS_A_N_N,2025-06-01,2026-06-01,12,24.3,8.458522716278416,14.539109278323199,22.044138984279385,28.92975147367644,35.837363586056654
RO1_PRICE,test,Granite (20mm Aggregate),SARIMA,"(1, 1, 1)(0, 1, 1, 12)",2024-06-01,2024-07-01,1,23.0,17.609522210457072,19.51391355541103,21.62983060052469,23.745747645638353,25.65013899059231
RO1_PRICE,test,Granite (20mm Aggregate),SARIMA,"(1, 1, 1)(0, 1, 1, 12)",2024-07-01,2024-08-01,1,22.8,18.395169115416365,20.296763538173472,22.40957299966686,24.522382461160248,26.423976883917355
RO1_PRICE,test,Granite (20mm Aggregate),SARIMA,"(1, 1, 1)(0, 1, 1, 12)",2024-08-01,2024-09-01,1,22.5,18.32997988449963,20.228196900558068,22.337253818005863,24.446310735453658,26.344527751512096
RO1_PRICE,test,Granite (20mm Aggregate),SARIMA,"(1, 1, 1)(0, 1, 1, 12)",2024-09-01,2024-10-01,1,22.4,18.259588836239644,20.154412782503513,22.259699753069007,24.3649867236345,26.25981066989837
RO1_PRICE,test,Granite (20mm Aggregate),SARIMA,"(1, 1, 1)(0, 1, 1, 12)",2024-10-01,2024-11-01,1,22.4,18.18479404656611,20.076250760435038,22.177796491345035,24.279342222255032,26.17079893612396
RO1_PRICE,test,Granite (20mm Aggregate),SARIMA,"(1, 1, 1)(0, 1, 1, 12)",2024-11-01,2024-12-01,1,22.6,18.044205105911292,19.932323824264934,22.03016079981537,24.127997775365806,26.016116493719448
RO1_PRICE,test,Granite (20mm Aggregate),SARIMA,"(1, 1, 1)(0, 1, 1, 12)",2024-12-01,2025-01-01,1,22.6,18.409942843172256,20.29484028506357,22.389098188596208,24.483356092128844,26.36825353402016
RO1_PRICE,test,Granite (20mm Aggregate),SARIMA,"(1, 1, 1)(0, 1, 1, 12)",2025-01-01,2025-02-01,1,22.2,18.436683575458023,20.317363700550406,22.40693585893767,24.49650801732493,26.377188142417314
RO1_PRICE,test,Granite (20mm Aggregate),SARIMA,"(1, 1, 1)(0, 1, 1, 12)",2025-02-01,2025-03-01,1,22.3,19.89752023693768,21.774858529836376,23.86071767003583,25.946576810235282,27.823915103133977
RO1_PRICE,test,Granite (20mm Aggregate),SARIMA,"(1, 1, 1)(0, 1, 1, 12)",2025-03-01,2025-04-01,1,22.2,18.1395810483699,20.01438296309598,22.09742400300186,24.180465042907738,26.055266957633815
RO1_PRICE,test,Granite (20mm Aggregate),SARIMA,"(1, 1, 1)(0, 1, 1, 12)",2025-04-01,2025-05-01,1,22.0,17.56192370928207,19.43342154294909,21.5127915089185,23.59216147488791,25.46365930855493
RO1_PRICE,test,Granite (20mm Aggregate),SARIMA,"(1, 1, 1)(0, 1, 1, 12)",2025-05-01,2025-06-01,1,22.0,17.716878206028717,19.585177191543515,21.66099300497597,23.736808818408427,25.605107803923225
RO1_PRICE,test,Granite (20mm Aggregate),SARIMA,"(1, 1, 1)(0, 1, 1, 12)",2025-06-01,2025-07-01,1,21.7,17.86995801536496,19.73505462904317,21.807312374869515,23.87957012069586,25.744666734374068
RO1_PRICE,test,Granite (20mm Aggregate),SARIMA,"(1, 1, 1)(0, 1, 1, 12)",2025-07-01,2025-08-01,1,21.7,17.74775453135186,19.60960914641597,21.678264796409458,23.746920446402946,25.608775061467057
RO1_PRICE,test,Granite (20mm Aggregate),SARIMA,"(1, 1, 1)(0, 1, 1, 12)",2025-08-01,2025-09-01,1,21.7,17.789222457148476,19.647862505869956,21.712946539275787,23.77803057268162,25.6366706214031
RO1_PRICE,test,Granite (20mm Aggregate),SARIMA,"(1, 1, 1)(0, 1, 1, 12)",2025-09-01,2025-10-01,1,21.9,17.91656708901062,19.772019536866594,21.83356191428758,23.895104291708563,25.750556739564537
RO1_PRICE,test,Granite (20mm Aggregate),SARIMA,"(1, 1, 1)(0, 1, 1, 12)",2025-10-01,2025-11-01,1,22.3,18.050628702953613,19.90290349849896,21.960915273501854,24.018927048504747,25.871201844050095
RO1_PRICE,test,Granite (20mm Aggregate),SARIMA,"(1, 1, 1)(0, 1, 1, 12)",2025-11-01,2025-12-01,1,22.8,18.212586053056665,20.061748915887563,22.116303107715023,24.170857299542483,26.02002016237338
RO1_PRICE,test,Granite (20mm Aggregate),SARIMA,"(1, 1, 1)(0, 1, 1, 12)",2025-12-01,2026-01-01,1,22.7,18.783796936544285,20.62998642790914,22.681236988167843,24.732487548426544,26.5786770397914
RO1_PRICE,test,Granite (20mm Aggregate),SARIMA,"(1, 1, 1)(0, 1, 1, 12)",2026-01-01,2026-02-01,1,22.6,18.710894760786694,20.55313544846544,22.59999860114146,24.646861753817483,26.48910244149623
RO1_PRICE,test,Granite (20mm Aggregate),SARIMA,"(1, 1, 1)(0, 1, 1, 12)",2026-02-01,2026-03-01,1,23.8,20.34593835354216,22.185022421195765,24.228378339849826,26.271734258503887,28.110818326157492
RO1_PRICE,test,Granite (20mm Aggregate),SARIMA,"(1, 1, 1)(0, 1, 1, 12)",2026-03-01,2026-04-01,1,25.0,19.499056735270102,21.335064883198545,23.375003231722854,25.414941580247163,27.250949728175605
RO1_PRICE,test,Granite (20mm Aggregate),SARIMA,"(1, 1, 1)(0, 1, 1, 12)",2026-04-01,2026-05-01,1,24.5,19.951831951405033,21.785635932510903,23.82312529167044,25.860614650829977,27.694418631935847
RO1_PRICE,test,Granite (20mm Aggregate),SARIMA,"(1, 1, 1)(0, 1, 1, 12)",2026-05-01,2026-06-01,1,24.3,19.903975973709066,21.73485199869328,23.769088186028878,25.803324373364475,27.63420039834869
RO1_PRICE,test,Granite (20mm Aggregate),SARIMA,"(1, 1, 1)(0, 1, 1, 12)",2024-04-01,2024-07-01,3,23.0,14.836818205826336,17.514614131410184,20.489839815612065,23.465065499813946,26.142861425397793
RO1_PRICE,test,Granite (20mm Aggregate),SARIMA,"(1, 1, 1)(0, 1, 1, 12)",2024-05-01,2024-08-01,3,22.8,15.22500764244483,17.898454920972572,20.868848942578648,23.839242964184724,26.512690242712466
RO1_PRICE,test,Granite (20mm Aggregate),SARIMA,"(1, 1, 1)(0, 1, 1, 12)",2024-06-01,2024-09-01,3,22.5,15.564102985245077,18.23337803932541,21.199136416662405,24.1648947939994,26.834169848079732
RO1_PRICE,test,Granite (20mm Aggregate),SARIMA,"(1, 1, 1)(0, 1, 1, 12)",2024-07-01,2024-10-01,3,22.4,16.26671848450809,18.932998378038533,21.895428914552713,24.857859451066894,27.524139344597337
RO1_PRICE,test,Granite (20mm Aggregate),SARIMA,"(1, 1, 1)(0, 1, 1, 12)",2024-08-01,2024-11-01,3,22.4,16.350712480262438,19.01261719962769,21.97018660000197,24.92775600037625,27.589660719741502
RO1_PRICE,test,Granite (20mm Aggregate),SARIMA,"(1, 1, 1)(0, 1, 1, 12)",2024-09-01,2024-12-01,3,22.6,16.1634505882492,18.820687846152296,21.77307135797937,24.72545486980644,27.382692127709536
RO1_PRICE,test,Granite (20mm Aggregate),SARIMA,"(1, 1, 1)(0, 1, 1, 12)",2024-10-01,2025-01-01,3,22.6,16.213744171795895,18.866314252185404,21.81351219095275,24.760710129720096,27.413280210109605
RO1_PRICE,test,Granite (20mm Aggregate),SARIMA,"(1, 1, 1)(0, 1, 1, 12)",2024-11-01,2025-02-01,3,22.2,16.306231874207867,18.95385699570544,21.89556072613449,24.837264456563542,27.484889578061114
RO1_PRICE,test,Granite (20mm Aggregate),SARIMA,"(1, 1, 1)(0, 1, 1, 12)",2024-12-01,2025-03-01,3,22.3,18.311681370372277,20.954925335025624,23.89176128212402,26.828597229222414,29.47184119387576
RO1_PRICE,test,Granite (20mm Aggregate),SARIMA,"(1, 1, 1)(0, 1, 1, 12)",2025-01-01,2025-04-01,3,22.2,17.859660494961297,20.498417463316155,23.430268031766147,26.36211860021614,29.000875568570997
RO1_PRICE,test,Granite (20mm Aggregate),SARIMA,"(1, 1, 1)(0, 1, 1, 12)",2025-02-01,2025-05-01,3,22.0,16.829607322871087,19.463456706860658,22.389854592784886,25.316252478709114,27.950101862698684
RO1_PRICE,test,Granite (20mm Aggregate),SARIMA,"(1, 1, 1)(0, 1, 1, 12)",2025-03-01,2025-06-01,3,22.0,15.670032679665121,18.30006912040239,21.222230549549508,24.144391978696625,26.774428419433896
RO1_PRICE,test,Granite (20mm Aggregate),SARIMA,"(1, 1, 1)(0, 1, 1, 12)",2025-04-01,2025-07-01,3,21.7,15.705739032883416,18.33097736331145,21.24780774355702,24.164638123802586,26.789876454230622
RO1_PRICE,test,Granite (20mm Aggregate),SARIMA,"(1, 1, 1)(0, 1, 1, 12)",2025-05-01,2025-08-01,3,21.7,16.021994323438413,18.642447729894688,21.553961712216974,24.46547569453926,27.085929100995536
RO1_PRICE,test,Granite (20mm Aggregate),SARIMA,"(1, 1, 1)(0, 1, 1, 12)",2025-06-01,2025-09-01,3,21.7,16.239671723770293,18.855507289839096,21.761890516230704,24.66827374262231,27.284109308691114
RO1_PRICE,test,Granite (20mm Aggregate),SARIMA,"(1, 1, 1)(0, 1, 1, 12)",2025-07-01,2025-10-01,3,21.9,16.318240060878157,18.9294250240853,21.83064109305881,24.731857162032316,27.34304212523946
RO1_PRICE,test,Granite (20mm Aggregate),SARIMA,"(1, 1, 1)(0, 1, 1, 12)",2025-08-01,2025-11-01,3,22.3,16.414902267220718,19.021571183619866,21.91776959671981,24.813968009819757,27.420636926218904
RO1_PRICE,test,Granite (20mm Aggregate),SARIMA,"(1, 1, 1)(0, 1, 1, 12)",2025-09-01,2025-12-01,3,22.8,16.32092128035938,18.923072560594235,21.814251551930386,24.705430543266537,27.307581823501394
RO1_PRICE,test,Granite (20mm Aggregate),SARIMA,"(1, 1, 1)(0, 1, 1, 12)",2025-10-01,2026-01-01,3,22.7,16.463041851649063,19.06071163121802,21.946911349952565,24.83311106868711,27.430780848256067
RO1_PRICE,test,Granite (20mm Aggregate),SARIMA,"(1, 1, 1)(0, 1, 1, 12)",2025-11-01,2026-02-01,3,22.6,16.69412682308881,19.287101183778567,22.168083951245837,25.049066718713107,27.642041079402865
RO1_PRICE,test,Granite (20mm Aggregate),SARIMA,"(1, 1, 1)(0, 1, 1, 12)",2025-12-01,2026-03-01,3,23.8,18.75195026463749,21.340748419403408,24.217091118892228,27.093433818381047,29.682231973146965
RO1_PRICE,test,Granite (20mm Aggregate),SARIMA,"(1, 1, 1)(0, 1, 1, 12)",2026-01-01,2026-04-01,3,25.0,18.24982225671416,20.834281643312313,23.705803656367483,26.577325669422653,29.161785056020804
RO1_PRICE,test,Granite (20mm Aggregate),SARIMA,"(1, 1, 1)(0, 1, 1, 12)",2026-02-01,2026-05-01,3,24.5,17.384858168204442,19.964770468741722,22.831240339059907,25.69771020937809,28.27762250991537
RO1_PRICE,test,Granite (20mm Aggregate),SARIMA,"(1, 1, 1)(0, 1, 1, 12)",2026-03-01,2026-06-01,3,24.3,16.81676695890173,19.392214838876168,22.25372441382727,25.115233988778375,27.69068186875281
RO1_PRICE,test,Granite (20mm Aggregate),SARIMA,"(1, 1, 1)(0, 1, 1, 12)",2024-01-01,2024-07-01,6,23.0,14.12433818729106,17.17062671836303,20.55527444022363,23.93992216208423,26.986210693156202
RO1_PRICE,test,Granite (20mm Aggregate),SARIMA,"(1, 1, 1)(0, 1, 1, 12)",2024-02-01,2024-08-01,6,22.8,14.220396053052324,17.261769180798055,20.640955532699603,24.020141884601152,27.06151501234688
RO1_PRICE,test,Granite (20mm Aggregate),SARIMA,"(1, 1, 1)(0, 1, 1, 12)",2024-03-01,2024-09-01,6,22.5,13.860791901492295,16.894746334048584,20.26568997698938,23.636633619930173,26.670588052486462
RO1_PRICE,test,Granite (20mm Aggregate),SARIMA,"(1, 1, 1)(0, 1, 1, 12)",2024-04-01,2024-10-01,6,22.4,14.17603171345251,17.204463478878402,20.569271037685724,23.934078596493045,26.962510361918937
RO1_PRICE,test,Granite (20mm Aggregate),SARIMA,"(1, 1, 1)(0, 1, 1, 12)",2024-05-01,2024-11-01,6,22.4,14.532282815801361,17.555983348580313,20.91553416442428,24.275084980268247,27.2987855130472
RO1_PRICE,test,Granite (20mm Aggregate),SARIMA,"(1, 1, 1)(0, 1, 1, 12)",2024-06-01,2024-12-01,6,22.6,14.65768999077699,17.67701183259247,21.031697604878325,24.38638337716418,27.40570521897966
RO1_PRICE,test,Granite (20mm Aggregate),SARIMA,"(1, 1, 1)(0, 1, 1, 12)",2024-07-01,2025-01-01,6,22.6,15.165253232420355,18.182055183491915,21.533941174214483,24.88582716493705,27.90262911600861
RO1_PRICE,test,Granite (20mm Aggregate),SARIMA,"(1, 1, 1)(0, 1, 1, 12)",2024-08-01,2025-02-01,6,22.2,15.308341721480566,18.32051911799661,21.667266892860336,25.014014667724062,28.026192064240107
RO1_PRICE,test,Granite (20mm Aggregate),SARIMA,"(1, 1, 1)(0, 1, 1, 12)",2024-09-01,2025-03-01,6,22.3,17.11515219144149,20.12227026123123,23.463396756789443,26.804523252347657,29.811641322137397
RO1_PRICE,test,Granite (20mm Aggregate),SARIMA,"(1, 1, 1)(0, 1, 1, 12)",2024-10-01,2025-04-01,6,22.2,16.667503710279284,19.669527948788367,23.00499482797612,26.340461707163872,29.342485945672955
RO1_PRICE,test,Granite (20mm Aggregate),SARIMA,"(1, 1, 1)(0, 1, 1, 12)",2024-11-01,2025-05-01,6,22.0,15.870725957324655,18.86769584143996,22.197546965944635,25.52739809044931,28.524367974564615
RO1_PRICE,test,Granite (20mm Aggregate),SARIMA,"(1, 1, 1)(0, 1, 1, 12)",2024-12-01,2025-06-01,6,22.0,15.696711564272793,18.689052272347162,22.013760046187166,25.33846782002717,28.33080852810154
RO1_PRICE,test,Granite (20mm Aggregate),SARIMA,"(1, 1, 1)(0, 1, 1, 12)",2025-01-01,2025-07-01,6,21.7,15.623694661439902,18.610974779103586,21.93005986959299,25.249144960082397,28.23642507774608
RO1_PRICE,test,Granite (20mm Aggregate),SARIMA,"(1, 1, 1)(0, 1, 1, 12)",2025-02-01,2025-08-01,6,21.7,15.544389792801175,18.52583216846547,21.838431103767178,25.151030039068885,28.13247241473318
RO1_PRICE,test,Granite (20mm Aggregate),SARIMA,"(1, 1, 1)(0, 1, 1, 12)",2025-03-01,2025-09-01,6,21.7,15.068348326071252,18.044699167739346,21.351641039120402,24.65858291050146,27.63493375216955
RO1_PRICE,test,Granite (20mm Aggregate),SARIMA,"(1, 1, 1)(0, 1, 1, 12)",2025-04-01,2025-10-01,6,21.9,15.293572387699534,18.26435900955485,21.565118628755535,24.86587824795622,27.836664869811536
RO1_PRICE,test,Granite (20mm Aggregate),SARIMA,"(1, 1, 1)(0, 1, 1, 12)",2025-05-01,2025-11-01,6,22.3,15.56941867401605,18.534665201975553,21.82926937464119,25.123873547306825,28.08912007526633
RO1_PRICE,test,Granite (20mm Aggregate),SARIMA,"(1, 1, 1)(0, 1, 1, 12)",2025-06-01,2025-12-01,6,22.8,15.602438155390033,18.562407258096442,21.85114782815911,25.13988839822178,28.099857500928188
RO1_PRICE,test,Granite (20mm Aggregate),SARIMA,"(1, 1, 1)(0, 1, 1, 12)",2025-07-01,2026-01-01,6,22.7,15.674776956786378,18.629381185101323,21.9121609902194,25.19494079533748,28.149545023652426
RO1_PRICE,test,Granite (20mm Aggregate),SARIMA,"(1, 1, 1)(0, 1, 1, 12)",2025-08-01,2026-02-01,6,22.6,15.750212533488972,18.699642235158134,21.976672765496513,25.253703295834892,28.203132997504056
RO1_PRICE,test,Granite (20mm Aggregate),SARIMA,"(1, 1, 1)(0, 1, 1, 12)",2025-09-01,2026-03-01,6,23.8,17.495333575247997,20.439699987795333,23.711104836319105,26.982509684842878,29.926876097390213
RO1_PRICE,test,Granite (20mm Aggregate),SARIMA,"(1, 1, 1)(0, 1, 1, 12)",2025-10-01,2026-04-01,6,25.0,17.082605574130504,20.022011193610034,23.287904240876532,26.55379728814303,29.49320290762256
RO1_PRICE,test,Granite (20mm Aggregate),SARIMA,"(1, 1, 1)(0, 1, 1, 12)",2025-11-01,2026-05-01,6,24.5,16.381011573749937,19.31553804604251,22.576010006552938,25.836481967063367,28.77100843935594
RO1_PRICE,test,Granite (20mm Aggregate),SARIMA,"(1, 1, 1)(0, 1, 1, 12)",2025-12-01,2026-06-01,6,24.3,16.2756056196153,19.20556447940043,22.460961490801484,25.71635850220254,28.64631736198767
RO1_PRICE,test,Granite (20mm Aggregate),SARIMA,"(1, 1, 1)(0, 1, 1, 12)",2023-07-01,2024-07-01,12,23.0,12.37533199083746,15.719888314491346,19.435933208474548,23.15197810245775,26.496534426111637
RO1_PRICE,test,Granite (20mm Aggregate),SARIMA,"(1, 1, 1)(0, 1, 1, 12)",2023-08-01,2024-08-01,12,22.8,12.358202269686242,15.696350744731536,19.405276053693854,23.11420136265617,26.452349837701465
RO1_PRICE,test,Granite (20mm Aggregate),SARIMA,"(1, 1, 1)(0, 1, 1, 12)",2023-09-01,2024-09-01,12,22.5,12.395384908279606,15.727042372293953,19.428755696746475,23.130469021198998,26.462126485213343
RO1_PRICE,test,Granite (20mm Aggregate),SARIMA,"(1, 1, 1)(0, 1, 1, 12)",2023-10-01,2024-10-01,12,22.4,12.72059257750057,16.04513069593914,19.738933910584787,23.432737125230435,26.757275243669007
RO1_PRICE,test,Granite (20mm Aggregate),SARIMA,"(1, 1, 1)(0, 1, 1, 12)",2023-11-01,2024-11-01,12,22.4,13.010394605914268,16.328485933728405,20.01512629594635,23.701766658164292,27.01985798597843
RO1_PRICE,test,Granite (20mm Aggregate),SARIMA,"(1, 1, 1)(0, 1, 1, 12)",2023-12-01,2024-12-01,12,22.6,13.21731865245956,16.530566546576637,20.21182550231862,23.893084458060606,27.206332352177682
RO1_PRICE,test,Granite (20mm Aggregate),SARIMA,"(1, 1, 1)(0, 1, 1, 12)",2024-01-01,2025-01-01,12,22.6,13.676774294558548,16.987210841897845,20.665346187262905,24.343481532627965,27.653918079967262
RO1_PRICE,test,Granite (20mm Aggregate),SARIMA,"(1, 1, 1)(0, 1, 1, 12)",2024-02-01,2025-02-01,12,22.2,13.863991955645915,17.169648372069155,20.8424726449438,24.515296917818446,27.820953334241686
RO1_PRICE,test,Granite (20mm Aggregate),SARIMA,"(1, 1, 1)(0, 1, 1, 12)",2024-03-01,2025-03-01,12,22.3,15.406327318067614,18.703682322560724,22.367283124089518,26.030883925618312,29.32823893011142
RO1_PRICE,test,Granite (20mm Aggregate),SARIMA,"(1, 1, 1)(0, 1, 1, 12)",2024-04-01,2025-04-01,12,22.2,15.079464440615567,18.371144119477485,22.028439222195253,25.68573432491302,28.97741400377494
RO1_PRICE,test,Granite (20mm Aggregate),SARIMA,"(1, 1, 1)(0, 1, 1, 12)",2024-05-01,2025-05-01,12,22.0,14.454016636925738,17.74095113006393,21.392973986937022,25.044996843810114,28.33193133694831
RO1_PRICE,test,Granite (20mm Aggregate),SARIMA,"(1, 1, 1)(0, 1, 1, 12)",2024-06-01,2025-06-01,12,22.0,14.31341049160108,17.595957506600485,21.243105556725727,24.89025360685097,28.172800621850374
RO1_PRICE,test,Granite (20mm Aggregate),SARIMA,"(1, 1, 1)(0, 1, 1, 12)",2024-07-01,2025-07-01,12,21.7,14.530158111100695,17.810803998564317,21.455839757973397,25.100875517382477,28.381521404846097
RO1_PRICE,test,Granite (20mm Aggregate),SARIMA,"(1, 1, 1)(0, 1, 1, 12)",2024-08-01,2025-08-01,12,21.7,14.635727622387977,17.91148508083174,21.551089440694522,25.190693800557305,28.46645125900107
RO1_PRICE,test,Granite (20mm Aggregate),SARIMA,"(1, 1, 1)(0, 1, 1, 12)",2024-09-01,2025-09-01,12,21.7,14.719589852552588,17.98959055237997,21.622798735473054,25.25600691856614,28.52600761839352
RO1_PRICE,test,Granite (20mm Aggregate),SARIMA,"(1, 1, 1)(0, 1, 1, 12)",2024-10-01,2025-10-01,12,21.9,14.909580890816677,18.173771893274996,21.80052508080075,25.427278268326504,28.691469270784822
RO1_PRICE,test,Granite (20mm Aggregate),SARIMA,"(1, 1, 1)(0, 1, 1, 12)",2024-11-01,2025-11-01,12,22.3,15.0583037216683,18.316862088892844,21.937357009738463,25.557851930584082,28.816410297808623
RO1_PRICE,test,Granite (20mm Aggregate),SARIMA,"(1, 1, 1)(0, 1, 1, 12)",2024-12-01,2025-12-01,12,22.8,15.11608148296554,18.3698950102776,21.985118069499944,25.600341128722288,28.854154656034346
RO1_PRICE,test,Granite (20mm Aggregate),SARIMA,"(1, 1, 1)(0, 1, 1, 12)",2025-01-01,2026-01-01,12,22.7,15.279577934288818,18.52787656668447,22.136972177267356,25.746067787850244,28.994366420245896
RO1_PRICE,test,Granite (20mm Aggregate),SARIMA,"(1, 1, 1)(0, 1, 1, 12)",2025-02-01,2026-02-01,12,22.6,15.299374804041665,18.541449644421853,22.14363017022153,25.74581069602121,28.987885536401397
RO1_PRICE,test,Granite (20mm Aggregate),SARIMA,"(1, 1, 1)(0, 1, 1, 12)",2025-03-01,2026-03-01,12,23.8,16.67126759666069,19.906485057440587,23.50104653665117,27.095608015861753,30.33082547664165
RO1_PRICE,test,Granite (20mm Aggregate),SARIMA,"(1, 1, 1)(0, 1, 1, 12)",2025-04-01,2026-04-01,12,25.0,16.269297824434908,19.498689221428823,23.086777520794655,26.674865820160488,29.904257217154402
RO1_PRICE,test,Granite (20mm Aggregate),SARIMA,"(1, 1, 1)(0, 1, 1, 12)",2025-05-01,2026-05-01,12,24.5,15.583714808958828,18.807440116424413,22.389232978960045,25.971025841495678,29.194751148961263
RO1_PRICE,test,Granite (20mm Aggregate),SARIMA,"(1, 1, 1)(0, 1, 1, 12)",2025-06-01,2026-06-01,12,24.3,15.35333527399851,18.571476537732742,22.147065122275237,25.72265370681773,28.940794970551963
RO1_PRICE,test,Ready Mixed Concrete,ETS,ETS_A_N_N,2024-06-01,2024-07-01,1,120.5,112.31958547834782,115.69648096031563,119.73598209449575,123.72829945079286,127.43628448184991
RO1_PRICE,test,Ready Mixed Concrete,ETS,ETS_A_N_N,2024-07-01,2024-08-01,1,119.9,112.83209181655016,116.20348855335162,120.23641199288454,124.22222848592348,127.92417564436197
RO1_PRICE,test,Ready Mixed Concrete,ETS,ETS_A_N_N,2024-08-01,2024-09-01,1,120.5,112.24449501908963,115.61043837012458,119.6368383747136,123.61620763041205,127.31216672291875
RO1_PRICE,test,Ready Mixed Concrete,ETS,ETS_A_N_N,2024-09-01,2024-10-01,1,120.3,112.85683731621701,116.21735404507677,120.23726262979554,124.21021628927203,127.90021670348906
RO1_PRICE,test,Ready Mixed Concrete,ETS,ETS_A_N_N,2024-10-01,2024-11-01,1,120.3,112.66924004939855,116.0243035968918,120.0376889911735,124.00419565496036,127.68820822768612
RO1_PRICE,test,Ready Mixed Concrete,ETS,ETS_A_N_N,2024-11-01,2024-12-01,1,120.5,112.68159756052482,116.03122780316136,120.03811378363284,123.99819695063177,127.6762435071792
RO1_PRICE,test,Ready Mixed Concrete,ETS,ETS_A_N_N,2024-12-01,2025-01-01,1,119.9,112.8938801797633,116.2381100457238,120.23853600164782,124.19223460103152,127.86435129804266
RO1_PRICE,test,Ready Mixed Concrete,ETS,ETS_A_N_N,2025-01-01,2025-02-01,1,119.2,112.3059833029585,115.64489171893308,119.63895206378966,123.5863594062325,127.25263290880764
RO1_PRICE,test,Ready Mixed Concrete,ETS,ETS_A_N_N,2025-02-01,2025-03-01,1,119.6,111.61797921574048,114.95161331501015,118.93936443045017,122.8805362390318,126.54101830165999
RO1_PRICE,test,Ready Mixed Concrete,ETS,ETS_A_N_N,2025-03-01,2025-04-01,1,119.9,112.03004083858093,115.35837172213479,119.33977903865855,123.2746811476716,126.92934003792277
RO1_PRICE,test,Ready Mixed Concrete,ETS,ETS_A_N_N,2025-04-01,2025-05-01,1,120.0,112.34207088525363,115.6651124442432,119.64019257868786,123.56884141087494,127.21769238186609
RO1_PRICE,test,Ready Mixed Concrete,ETS,ETS_A_N_N,2025-05-01,2025-06-01,1,120.4,112.45407340535064,115.77183774321131,119.74060517391683,123.66301503850232,127.30607138035671
RO1_PRICE,test,Ready Mixed Concrete,ETS,ETS_A_N_N,2025-06-01,2025-07-01,1,119.8,112.86596300037202,116.17849976429619,120.14101388009809,124.05724347222046,127.69455969981645
RO1_PRICE,test,Ready Mixed Concrete,ETS,ETS_A_N_N,2025-07-01,2025-08-01,1,120.4,112.27772181216399,115.58508851294232,119.54141810924904,123.45153542074544,127.0831746835503
RO1_PRICE,test,Ready Mixed Concrete,ETS,ETS_A_N_N,2025-08-01,2025-09-01,1,120.7,112.88942487308981,116.19164600863763,120.14182039028177,124.04585438368696,127.67184358152744
RO1_PRICE,test,Ready Mixed Concrete,ETS,ETS_A_N_N,2025-09-01,2025-10-01,1,120.6,113.20117280301704,116.4982286553298,120.44222423529118,124.34015159909539,127.96046908070447
RO1_PRICE,test,Ready Mixed Concrete,ETS,ETS_A_N_N,2025-10-01,2025-11-01,1,124.9,113.112895191992,116.4047969914737,120.34262720375708,124.23446121504787,127.84911931192063
RO1_PRICE,test,Ready Mixed Concrete,ETS,ETS_A_N_N,2025-11-01,2025-12-01,1,129.5,117.41773398217221,120.70750825194241,124.64279347616545,128.53211222637142,132.1444341987282
RO1_PRICE,test,Ready Mixed Concrete,ETS,ETS_A_N_N,2025-12-01,2026-01-01,1,128.6,122.0215622110442,125.30965329772172,129.24292506904155,133.1302538846728,136.74072764533764
RO1_PRICE,test,Ready Mixed Concrete,ETS,ETS_A_N_N,2026-01-01,2026-02-01,1,130.0,121.13284986736436,124.41597807622657,128.3433131667487,132.2247746455479,135.8297989403503
RO1_PRICE,test,Ready Mixed Concrete,ETS,ETS_A_N_N,2026-02-01,2026-03-01,1,143.0,122.54366236674639,125.82203656188761,129.7436848184759,133.61952588894692,137.21933006017454
RO1_PRICE,test,Ready Mixed Concrete,ETS,ETS_A_N_N,2026-03-01,2026-04-01,1,145.6,135.4934363808294,138.7938936706529,142.74195810935032,146.64390680519844,150.26795922010388
RO1_PRICE,test,Ready Mixed Concrete,ETS,ETS_A_N_N,2026-04-01,2026-05-01,1,144.4,138.10250459408806,141.39897487449323,145.34226998314972,149.23950505757085,152.85917955455707
RO1_PRICE,test,Ready Mixed Concrete,ETS,ETS_A_N_N,2026-05-01,2026-06-01,1,143.3,136.91345566431613,140.20511104466246,144.14264648608832,148.03418916962067,151.64857668706026
RO1_PRICE,test,Ready Mixed Concrete,ETS,ETS_A_N_N,2024-04-01,2024-07-01,3,120.5,106.65863579307606,112.22283545854049,118.86759202718378,125.8836311810297,132.2414710237992
RO1_PRICE,test,Ready Mixed Concrete,ETS,ETS_A_N_N,2024-05-01,2024-08-01,3,119.9,107.87845619438306,113.43386218567781,120.06811736549349,127.07306835464544,133.4208602524522
RO1_PRICE,test,Ready Mixed Concrete,ETS,ETS_A_N_N,2024-06-01,2024-09-01,3,120.5,107.49896888035344,113.04527406363138,119.66866107596826,126.66213662764197,132.99952963912375
RO1_PRICE,test,Ready Mixed Concrete,ETS,ETS_A_N_N,2024-07-01,2024-10-01,3,120.3,108.01932483734278,113.5565987316808,120.1692005960872,127.15128836863332,133.47836192860254
RO1_PRICE,test,Ready Mixed Concrete,ETS,ETS_A_N_N,2024-08-01,2024-11-01,3,120.3,107.43951290680566,112.96783001171838,119.56973569537175,126.54052962709997,132.85736886118315
RO1_PRICE,test,Ready Mixed Concrete,ETS,ETS_A_N_N,2024-09-01,2024-12-01,3,120.5,108.05960186505074,113.57900613779003,120.17026813435629,127.12982365206992,133.43647878728697
RO1_PRICE,test,Ready Mixed Concrete,ETS,ETS_A_N_N,2024-10-01,2025-01-01,3,119.9,107.87978917336874,113.39023699239488,119.97080320911486,126.91906530931847,133.21548650224534
RO1_PRICE,test,Ready Mixed Concrete,ETS,ETS_A_N_N,2024-11-01,2025-02-01,3,119.2,107.89990288533515,113.40142689636956,119.97133631870125,126.9083461652052,133.19457071793036
RO1_PRICE,test,Ready Mixed Concrete,ETS,ETS_A_N_N,2024-12-01,2025-03-01,3,119.6,108.1198946994773,113.6125489846615,120.17186619739456,127.09769198372987,133.37378169230936
RO1_PRICE,test,Ready Mixed Concrete,ETS,ETS_A_N_N,2025-01-01,2025-04-01,3,119.9,107.5395943474286,113.02350853810972,119.57238834675024,126.48719352833935,132.75329651386753
RO1_PRICE,test,Ready Mixed Concrete,ETS,ETS_A_N_N,2025-02-01,2025-05-01,3,120.0,106.85911950083603,112.3343710099995,118.87290586098624,125.77678804980744,132.0329927669395
RO1_PRICE,test,Ready Mixed Concrete,ETS,ETS_A_N_N,2025-03-01,2025-06-01,3,120.4,107.27875161848122,112.74529298160382,119.27342619289419,126.16632553973767,132.4125777539287
RO1_PRICE,test,Ready Mixed Concrete,ETS,ETS_A_N_N,2025-04-01,2025-07-01,3,119.8,107.59833232993553,113.05618636222314,119.57394517969226,126.45589045282429,132.6922162334884
RO1_PRICE,test,Ready Mixed Concrete,ETS,ETS_A_N_N,2025-05-01,2025-08-01,3,120.4,107.71786823680782,113.16705481727263,119.67446298039866,126.54547924576516,132.77190130732365
RO1_PRICE,test,Ready Mixed Concrete,ETS,ETS_A_N_N,2025-06-01,2025-09-01,3,120.7,108.1372203457921,113.57782101633617,120.07497590230224,126.93516597813618,133.15177749308197
RO1_PRICE,test,Ready Mixed Concrete,ETS,ETS_A_N_N,2025-07-01,2025-10-01,3,120.6,107.55635957321927,112.98846879113272,119.47548320065349,126.32496619052513,132.5318750889036
RO1_PRICE,test,Ready Mixed Concrete,ETS,ETS_A_N_N,2025-08-01,2025-11-01,3,124.9,108.17540807829302,113.59906607961977,120.07598806250166,126.91481470104969,133.11206695790457
RO1_PRICE,test,Ready Mixed Concrete,ETS,ETS_A_N_N,2025-09-01,2025-12-01,3,129.5,108.49452960039369,113.90970399974555,120.37649488142017,127.20462433309497,133.39218294380328
RO1_PRICE,test,Ready Mixed Concrete,ETS,ETS_A_N_N,2025-10-01,2026-01-01,3,128.6,108.4136095498134,113.8203187923121,120.27700059990838,127.09445612262732,133.2723421631993
RO1_PRICE,test,Ready Mixed Concrete,ETS,ETS_A_N_N,2025-11-01,2026-02-01,3,130.0,112.72148545058671,118.12470038029736,124.57720928626408,131.39025874219703,137.56415206460605
RO1_PRICE,test,Ready Mixed Concrete,ETS,ETS_A_N_N,2025-12-01,2026-03-01,3,143.0,117.32771647231898,122.72816689623984,129.17737443469463,135.98693805582144,142.15767256184847
RO1_PRICE,test,Ready Mixed Concrete,ETS,ETS_A_N_N,2026-01-01,2026-04-01,3,145.6,116.44608878118409,121.83838803930843,128.27786147120253,135.0771470825856,141.23856779511462
RO1_PRICE,test,Ready Mixed Concrete,ETS,ETS_A_N_N,2026-02-01,2026-05-01,3,144.4,117.86368777353658,123.24817890994595,129.6783278978636,136.46776805240393,142.62026694502683
RO1_PRICE,test,Ready Mixed Concrete,ETS,ETS_A_N_N,2026-03-01,2026-06-01,3,143.3,130.7819375271476,136.2026985401797,142.6761609451965,149.51133469841955,155.70527675997045
RO1_PRICE,test,Ready Mixed Concrete,ETS,ETS_A_N_N,2024-01-01,2024-07-01,6,120.5,100.24720263920167,108.78882831694706,118.1118549064362,127.52288476034076,135.55674982071122
RO1_PRICE,test,Ready Mixed Concrete,ETS,ETS_A_N_N,2024-02-01,2024-08-01,6,119.9,100.17697336056183,108.7043553320093,118.01183517927882,127.40717153990033,135.42763961722866
RO1_PRICE,test,Ready Mixed Concrete,ETS,ETS_A_N_N,2024-03-01,2024-09-01,6,120.5,100.20660434655366,108.71980944706107,118.01181550166905,127.39153200716162,135.398665963749
RO1_PRICE,test,Ready Mixed Concrete,ETS,ETS_A_N_N,2024-04-01,2024-10-01,6,120.3,101.4348222658043,109.93452656573396,119.21179674598798,128.5766382801247,136.57107399703966
RO1_PRICE,test,Ready Mixed Concrete,ETS,ETS_A_N_N,2024-05-01,2024-11-01,6,120.3,102.6628983942318,111.14916974159935,120.41177810235476,129.76181941902036,137.7436207110239
RO1_PRICE,test,Ready Mixed Concrete,ETS,ETS_A_N_N,2024-06-01,2024-12-01,6,120.5,102.29195515246516,110.76432437882983,120.01175883140314,129.34648300813234,137.31520859670385
RO1_PRICE,test,Ready Mixed Concrete,ETS,ETS_A_N_N,2024-07-01,2025-01-01,6,119.9,102.8207899154229,111.27936321603875,120.51173967058737,129.8312637116535,137.78701347922436
RO1_PRICE,test,Ready Mixed Concrete,ETS,ETS_A_N_N,2024-08-01,2025-02-01,6,119.2,102.24938684879685,110.69427802688492,119.91172069752173,129.21616998953755,137.15905097424735
RO1_PRICE,test,Ready Mixed Concrete,ETS,ETS_A_N_N,2024-09-01,2025-03-01,6,119.6,102.87784340275614,111.30911960609428,120.51170178337799,129.8011503087171,137.7312256667151
RO1_PRICE,test,Ready Mixed Concrete,ETS,ETS_A_N_N,2024-10-01,2025-04-01,6,119.9,102.70643925981004,111.12403385344417,120.31168280655375,129.5860571478638,137.50326420533938
RO1_PRICE,test,Ready Mixed Concrete,ETS,ETS_A_N_N,2024-11-01,2025-05-01,6,120.0,102.73493087187072,111.13889372442455,120.31166388404117,129.57101898579327,137.47540464690837
RO1_PRICE,test,Ready Mixed Concrete,ETS,ETS_A_N_N,2024-12-01,2025-06-01,6,120.4,102.96324981240397,111.35366353813254,120.51164507618911,129.75607196148022,137.64771392944996
RO1_PRICE,test,Ready Mixed Concrete,ETS,ETS_A_N_N,2025-01-01,2025-07-01,6,119.8,102.3911548855089,110.7682175053649,119.91162655807209,129.14134340329707,137.0204279276333
RO1_PRICE,test,Ready Mixed Concrete,ETS,ETS_A_N_N,2025-02-01,2025-08-01,6,120.4,101.71881278677138,110.08264255450645,119.21160819364896,128.42674528894565,136.2933835937548
RO1_PRICE,test,Ready Mixed Concrete,ETS,ETS_A_N_N,2025-03-01,2025-09-01,6,120.7,102.14662221318483,110.4971466234188,119.61158971071399,128.81206717078624,136.66619106080162
RO1_PRICE,test,Ready Mixed Concrete,ETS,ETS_A_N_N,2025-04-01,2025-10-01,6,120.6,102.47435881390624,110.81161271846241,119.91157129403139,129.09742751807414,136.93906977333754
RO1_PRICE,test,Ready Mixed Concrete,ETS,ETS_A_N_N,2025-05-01,2025-11-01,6,124.9,102.60203194711855,110.92604571257888,120.01155292098476,129.182821366424,137.01201054836275
RO1_PRICE,test,Ready Mixed Concrete,ETS,ETS_A_N_N,2025-06-01,2025-12-01,6,129.5,103.02944472881128,111.34034291613646,120.41153471336608,129.56835261952415,137.38520588451902
RO1_PRICE,test,Ready Mixed Concrete,ETS,ETS_A_N_N,2025-07-01,2026-01-01,6,128.6,102.45655595001743,110.75448284932699,119.81151672537953,128.95404306885808,136.75869612964024
RO1_PRICE,test,Ready Mixed Concrete,ETS,ETS_A_N_N,2025-08-01,2026-02-01,6,130.0,103.08353867423892,111.36855574890515,120.4114987899157,129.53980129009895,137.3323119563241
RO1_PRICE,test,Ready Mixed Concrete,ETS,ETS_A_N_N,2025-09-01,2026-03-01,6,143.0,103.41062481972135,111.6826825987979,120.71148080814267,129.8255049587141,137.60582670025764
RO1_PRICE,test,Ready Mixed Concrete,ETS,ETS_A_N_N,2025-10-01,2026-04-01,6,145.6,103.33765207576897,111.59677873546974,120.61146286696561,129.71123971203798,137.47939903016655
RO1_PRICE,test,Ready Mixed Concrete,ETS,ETS_A_N_N,2025-11-01,2026-05-01,6,144.4,107.64880852711701,115.90259737954712,124.91145539304259,134.0053511253767,141.76848994448687
RO1_PRICE,test,Ready Mixed Concrete,ETS,ETS_A_N_N,2025-12-01,2026-06-01,6,143.3,112.2576349378736,120.50720081428538,129.51144952749172,138.60069245076113,146.35985933048124
RO1_PRICE,test,Ready Mixed Concrete,ETS,ETS_A_N_N,2023-07-01,2024-07-01,12,120.5,90.62730081720373,102.15522103463772,116.38368119994134,129.43781514178977,142.53365721425607
RO1_PRICE,test,Ready Mixed Concrete,ETS,ETS_A_N_N,2023-08-01,2024-08-01,12,119.9,90.77098635113359,102.2792902619658,116.48353878875973,129.51545936609887,142.58901710206254
RO1_PRICE,test,Ready Mixed Concrete,ETS,ETS_A_N_N,2023-09-01,2024-09-01,12,120.5,91.01441154620746,102.50321605818169,116.68339724111267,129.6932368394308,142.74464304735335
RO1_PRICE,test,Ready Mixed Concrete,ETS,ETS_A_N_N,2023-10-01,2024-10-01,12,120.3,90.85761641674353,102.32702046646031,116.48325641909713,129.47112707348901,142.50049414641896
RO1_PRICE,test,Ready Mixed Concrete,ETS,ETS_A_N_N,2023-11-01,2024-11-01,12,120.3,89.8993905183777,101.3500365726978,115.48312026670965,128.4497495020277,141.4578072892688
RO1_PRICE,test,Ready Mixed Concrete,ETS,ETS_A_N_N,2023-12-01,2024-12-01,12,120.5,89.94221271588562,101.37363013186179,115.48298067110241,128.42783553465804,141.41404938073103
RO1_PRICE,test,Ready Mixed Concrete,ETS,ETS_A_N_N,2024-01-01,2025-01-01,12,119.9,92.67564669781683,104.09205109404425,118.18287165134305,131.11072587931346,144.07988477254565
RO1_PRICE,test,Ready Mixed Concrete,ETS,ETS_A_N_N,2024-02-01,2025-02-01,12,119.2,92.61804347223953,104.01541028506853,118.08273349922831,130.9890297046826,143.93656169723147
RO1_PRICE,test,Ready Mixed Concrete,ETS,ETS_A_N_N,2024-03-01,2025-03-01,12,119.6,92.66024126640656,104.03865982537485,118.08259595234338,130.96743529140753,143.89344186259433
RO1_PRICE,test,Ready Mixed Concrete,ETS,ETS_A_N_N,2024-04-01,2025-04-01,12,119.9,93.90042670456805,105.26080061900575,119.2824649483683,132.14687066174864,145.05237832154734
RO1_PRICE,test,Ready Mixed Concrete,ETS,ETS_A_N_N,2024-05-01,2025-05-01,12,120.0,95.14041020936851,106.48283016229232,120.48233462054267,133.3264093970352,146.2115211623337
RO1_PRICE,test,Ready Mixed Concrete,ETS,ETS_A_N_N,2024-06-01,2025-06-01,12,120.4,94.78179022910365,106.10562914823811,120.08219976464062,132.90523351211064,145.76923702202063
RO1_PRICE,test,Ready Mixed Concrete,ETS,ETS_A_N_N,2024-07-01,2025-07-01,12,119.8,95.32285411887068,106.62825394065867,120.58206590180248,133.384219348057,146.22727584391305
RO1_PRICE,test,Ready Mixed Concrete,ETS,ETS_A_N_N,2024-08-01,2025-08-01,12,120.4,94.76357930042876,106.05069212982578,119.98193317289665,132.76337856049338,145.58566083517016
RO1_PRICE,test,Ready Mixed Concrete,ETS,ETS_A_N_N,2024-09-01,2025-09-01,12,120.7,95.40410458074635,106.67302016485841,120.5818010611925,133.34264001910879,146.14425002628982
RO1_PRICE,test,Ready Mixed Concrete,ETS,ETS_A_N_N,2024-10-01,2025-10-01,12,120.6,95.24482823140184,106.49545750854324,120.38166833279178,133.12180000821522,145.90263657286198
RO1_PRICE,test,Ready Mixed Concrete,ETS,ETS_A_N_N,2024-11-01,2025-11-01,12,124.9,95.28540343200444,106.51781305463629,120.38153607332023,133.10103594301853,145.86117478304786
RO1_PRICE,test,Ready Mixed Concrete,ETS,ETS_A_N_N,2024-12-01,2025-12-01,12,129.5,95.52573272929928,106.74003311641933,120.58140461538028,133.2803977170322,146.01996426962
RO1_PRICE,test,Ready Mixed Concrete,ETS,ETS_A_N_N,2025-01-01,2026-01-01,12,128.6,94.96547262739035,106.16192844609586,119.98127509356024,132.66006113428318,145.37935606411503
RO1_PRICE,test,Ready Mixed Concrete,ETS,ETS_A_N_N,2025-02-01,2026-02-01,12,130.0,94.30486052992872,105.483629833581,119.2811467086189,131.93990466690246,144.63910752430664
RO1_PRICE,test,Ready Mixed Concrete,ETS,ETS_A_N_N,2025-03-01,2026-03-01,12,143.0,94.74446422858499,105.90545010931525,119.6810176023418,132.31963774041236,144.99863843700163
RO1_PRICE,test,Ready Mixed Concrete,ETS,ETS_A_N_N,2025-04-01,2026-04-01,12,145.6,95.08396420783649,106.22721324723517,119.980888852082,132.59942391859755,145.2582753715624
RO1_PRICE,test,Ready Mixed Concrete,ETS,ETS_A_N_N,2025-05-01,2026-05-01,12,144.4,95.22337380172011,106.34892658657861,120.0807603979318,132.67925635308296,145.31800466945762
RO1_PRICE,test,Ready Mixed Concrete,ETS,ETS_A_N_N,2025-06-01,2026-06-01,12,143.3,95.66241262947254,106.77043564312231,120.48063314483375,133.05927851314772,145.67811281979766
RO1_PRICE,test,Ready Mixed Concrete,SARIMA,"(0, 1, 1)(0, 1, 1, 12)",2024-06-01,2024-07-01,1,120.5,111.80782308571307,115.37250234069074,119.33311979253737,123.293737244384,126.85841649936168
RO1_PRICE,test,Ready Mixed Concrete,SARIMA,"(0, 1, 1)(0, 1, 1, 12)",2024-07-01,2024-08-01,1,119.9,112.83697012431509,116.39553011850576,120.3493486273531,124.30316713620043,127.8617271303911
RO1_PRICE,test,Ready Mixed Concrete,SARIMA,"(0, 1, 1)(0, 1, 1, 12)",2024-08-01,2024-09-01,1,120.5,112.16324104130017,115.7155005153072,119.66231868880594,123.60913686230468,127.16139633631171
RO1_PRICE,test,Ready Mixed Concrete,SARIMA,"(0, 1, 1)(0, 1, 1, 12)",2024-09-01,2024-10-01,1,120.3,112.98108094717927,116.52716625986382,120.4671244918825,124.40708272390118,127.95316803658574
RO1_PRICE,test,Ready Mixed Concrete,SARIMA,"(0, 1, 1)(0, 1, 1, 12)",2024-10-01,2024-11-01,1,120.3,112.67897335049567,116.21879451981744,120.15179283377648,124.08479114773553,127.6246123170573
RO1_PRICE,test,Ready Mixed Concrete,SARIMA,"(0, 1, 1)(0, 1, 1, 12)",2024-11-01,2024-12-01,1,120.5,112.76827174898297,116.30186366015519,120.22794081605923,124.15401797196327,127.6876098831355
RO1_PRICE,test,Ready Mixed Concrete,SARIMA,"(0, 1, 1)(0, 1, 1, 12)",2024-12-01,2025-01-01,1,119.9,113.32140887595185,116.8488021901686,120.76799225483025,124.6871823194919,128.21457563370865
RO1_PRICE,test,Ready Mixed Concrete,SARIMA,"(0, 1, 1)(0, 1, 1, 12)",2025-01-01,2025-02-01,1,119.2,113.61792733546645,117.13915333405802,121.05149106330633,124.96382879255464,128.4850547911462
RO1_PRICE,test,Ready Mixed Concrete,SARIMA,"(0, 1, 1)(0, 1, 1, 12)",2025-02-01,2025-03-01,1,119.6,114.67020472452623,118.18357492177164,122.08718428538468,125.99079364899772,129.50416384624313
RO1_PRICE,test,Ready Mixed Concrete,SARIMA,"(0, 1, 1)(0, 1, 1, 12)",2025-03-01,2025-04-01,1,119.9,111.5490830368339,115.05735902324416,118.95530834877412,122.85325767430409,126.36153366071434
RO1_PRICE,test,Ready Mixed Concrete,SARIMA,"(0, 1, 1)(0, 1, 1, 12)",2025-04-01,2025-05-01,1,120.0,112.13333547969606,115.63569290277572,119.52706627475132,123.41843964672692,126.92079706980658
RO1_PRICE,test,Ready Mixed Concrete,SARIMA,"(0, 1, 1)(0, 1, 1, 12)",2025-05-01,2025-06-01,1,120.4,112.078434234402,115.5747879559377,119.45949077962273,123.34419360330776,126.84054732484346
RO1_PRICE,test,Ready Mixed Concrete,SARIMA,"(0, 1, 1)(0, 1, 1, 12)",2025-06-01,2025-07-01,1,119.8,112.63565453450443,116.12615613599722,120.00435682944435,123.88255752289147,127.37305912438427
RO1_PRICE,test,Ready Mixed Concrete,SARIMA,"(0, 1, 1)(0, 1, 1, 12)",2025-07-01,2025-08-01,1,120.4,111.97567554116907,115.46020119873336,119.33176218461594,123.20332317049852,126.68784882806281
RO1_PRICE,test,Ready Mixed Concrete,SARIMA,"(0, 1, 1)(0, 1, 1, 12)",2025-08-01,2025-09-01,1,120.7,113.19043282775361,116.6692167457222,120.53439824205745,124.3995797383927,127.87836365636129
RO1_PRICE,test,Ready Mixed Concrete,SARIMA,"(0, 1, 1)(0, 1, 1, 12)",2025-09-01,2025-10-01,1,120.6,113.18449922132287,116.65737408167006,120.51599018598395,124.37460629029785,127.84748115064504
RO1_PRICE,test,Ready Mixed Concrete,SARIMA,"(0, 1, 1)(0, 1, 1, 12)",2025-10-01,2025-11-01,1,124.9,113.19385313003843,116.66082709442968,120.5128868749251,124.36494665542052,127.83192061981177
RO1_PRICE,test,Ready Mixed Concrete,SARIMA,"(0, 1, 1)(0, 1, 1, 12)",2025-11-01,2025-12-01,1,129.5,118.48671291360749,121.95130212985323,125.80071228202371,129.65012243419417,133.11471165043992
RO1_PRICE,test,Ready Mixed Concrete,SARIMA,"(0, 1, 1)(0, 1, 1, 12)",2025-12-01,2026-01-01,1,128.6,123.21135495703554,126.67254246047975,130.5181730627597,134.36380366503965,137.82499116848388
RO1_PRICE,test,Ready Mixed Concrete,SARIMA,"(0, 1, 1)(0, 1, 1, 12)",2026-01-01,2026-02-01,1,130.0,122.13758894467507,125.59349860784683,129.43326514640717,133.27303168496752,136.72894134813924
RO1_PRICE,test,Ready Mixed Concrete,SARIMA,"(0, 1, 1)(0, 1, 1, 12)",2026-02-01,2026-03-01,1,143.0,126.0477815743153,129.49583531973707,133.32687336332907,137.15791140692107,140.60596515234283
RO1_PRICE,test,Ready Mixed Concrete,SARIMA,"(0, 1, 1)(0, 1, 1, 12)",2026-03-01,2026-04-01,1,145.6,137.84310689720132,141.3019528386513,145.14498179555568,148.98801075246007,152.44685669391004
RO1_PRICE,test,Ready Mixed Concrete,SARIMA,"(0, 1, 1)(0, 1, 1, 12)",2026-04-01,2026-05-01,1,144.4,137.8520805222185,141.30520696986193,145.1418811539058,148.9785553379497,152.43168178559313
RO1_PRICE,test,Ready Mixed Concrete,SARIMA,"(0, 1, 1)(0, 1, 1, 12)",2026-05-01,2026-06-01,1,143.3,136.34317842171592,139.79068313829177,143.62111117097587,147.45153920365996,150.8990439202358
RO1_PRICE,test,Ready Mixed Concrete,SARIMA,"(0, 1, 1)(0, 1, 1, 12)",2024-04-01,2024-07-01,3,120.5,102.56821821350209,109.72827078178071,117.68360901269295,125.6389472436052,132.79899981188382
RO1_PRICE,test,Ready Mixed Concrete,SARIMA,"(0, 1, 1)(0, 1, 1, 12)",2024-05-01,2024-08-01,3,119.9,103.89950944738317,111.0489164726183,118.9924267323313,126.93593699204429,134.08534401727943
RO1_PRICE,test,Ready Mixed Concrete,SARIMA,"(0, 1, 1)(0, 1, 1, 12)",2024-06-01,2024-09-01,3,120.5,103.71646573688712,110.85305338756969,118.78232039145435,126.71158739533901,133.8481750460216
RO1_PRICE,test,Ready Mixed Concrete,SARIMA,"(0, 1, 1)(0, 1, 1, 12)",2024-07-01,2024-10-01,3,120.3,104.95121262011143,112.07542823420854,119.99094900722353,127.90646978023852,135.03068539433565
RO1_PRICE,test,Ready Mixed Concrete,SARIMA,"(0, 1, 1)(0, 1, 1, 12)",2024-08-01,2024-11-01,3,120.3,104.31690108554906,111.42827087547985,119.32951900522535,127.23076713497085,134.34213692490164
RO1_PRICE,test,Ready Mixed Concrete,SARIMA,"(0, 1, 1)(0, 1, 1, 12)",2024-09-01,2024-12-01,3,120.5,105.26514999427471,112.36390307995832,120.25113313529882,128.13836319063932,135.23711627632292
RO1_PRICE,test,Ready Mixed Concrete,SARIMA,"(0, 1, 1)(0, 1, 1, 12)",2024-10-01,2025-01-01,3,119.9,105.29327673937222,112.37942004695785,120.25263972334798,128.12585939973812,135.21200270732373
RO1_PRICE,test,Ready Mixed Concrete,SARIMA,"(0, 1, 1)(0, 1, 1, 12)",2024-11-01,2025-02-01,3,119.2,106.84927942379869,113.92291055285966,121.78222829051121,129.64154602816276,136.71517715722374
RO1_PRICE,test,Ready Mixed Concrete,SARIMA,"(0, 1, 1)(0, 1, 1, 12)",2024-12-01,2025-03-01,3,119.6,110.51896009386357,117.57823787663895,125.42160800449878,133.2649781323586,140.324255915134
RO1_PRICE,test,Ready Mixed Concrete,SARIMA,"(0, 1, 1)(0, 1, 1, 12)",2025-01-01,2025-04-01,3,119.9,109.40370282417331,116.4488351734372,124.27648869769197,132.10414222194674,139.14927457121064
RO1_PRICE,test,Ready Mixed Concrete,SARIMA,"(0, 1, 1)(0, 1, 1, 12)",2025-02-01,2025-05-01,3,120.0,106.57068904797912,113.60446092448987,121.41949213873332,129.23452335297677,136.26829522948753
RO1_PRICE,test,Ready Mixed Concrete,SARIMA,"(0, 1, 1)(0, 1, 1, 12)",2025-03-01,2025-06-01,3,120.4,102.88959169310782,109.91497885625337,117.72069404520882,125.52640923416426,132.55179639730983
RO1_PRICE,test,Ready Mixed Concrete,SARIMA,"(0, 1, 1)(0, 1, 1, 12)",2025-04-01,2025-07-01,3,119.8,103.46613791378611,110.47887211548682,118.27052894565837,126.06218577582992,133.07491997753064
RO1_PRICE,test,Ready Mixed Concrete,SARIMA,"(0, 1, 1)(0, 1, 1, 12)",2025-05-01,2025-08-01,3,120.4,103.64916217597661,110.65013423257766,118.42872246559904,126.20731069862042,133.20828275522146
RO1_PRICE,test,Ready Mixed Concrete,SARIMA,"(0, 1, 1)(0, 1, 1, 12)",2025-06-01,2025-09-01,3,120.7,104.71979018487565,111.70910537165668,119.47474197600668,127.24037858035669,134.22969376713772
RO1_PRICE,test,Ready Mixed Concrete,SARIMA,"(0, 1, 1)(0, 1, 1, 12)",2025-07-01,2025-10-01,3,120.6,104.27306778820099,111.25030957143746,119.00253174790728,126.75475392437711,133.73199570761358
RO1_PRICE,test,Ready Mixed Concrete,SARIMA,"(0, 1, 1)(0, 1, 1, 12)",2025-08-01,2025-11-01,3,124.9,105.5018258024834,112.46742253524033,120.20670621518417,127.94598989512801,134.91158662788493
RO1_PRICE,test,Ready Mixed Concrete,SARIMA,"(0, 1, 1)(0, 1, 1, 12)",2025-09-01,2025-12-01,3,129.5,105.63594127388355,112.5897792868035,120.31599817531269,128.04221706382188,134.99605507674184
RO1_PRICE,test,Ready Mixed Concrete,SARIMA,"(0, 1, 1)(0, 1, 1, 12)",2025-10-01,2026-01-01,3,128.6,105.93934572478956,112.8813727164106,120.59446870276376,128.30756468911693,135.24959168073798
RO1_PRICE,test,Ready Mixed Concrete,SARIMA,"(0, 1, 1)(0, 1, 1, 12)",2025-11-01,2026-02-01,3,130.0,112.60072602467328,119.53813466107422,127.24609931948028,134.95406397788634,141.89147261428727
RO1_PRICE,test,Ready Mixed Concrete,SARIMA,"(0, 1, 1)(0, 1, 1, 12)",2025-12-01,2026-03-01,3,143.0,120.34512984156748,127.28041868071283,134.98602809046835,142.69163750022386,149.62692633936922
RO1_PRICE,test,Ready Mixed Concrete,SARIMA,"(0, 1, 1)(0, 1, 1, 12)",2026-01-01,2026-04-01,3,145.6,117.95382834174488,124.87491487505865,132.56474449193254,140.25457410880642,147.1756606421202
RO1_PRICE,test,Ready Mixed Concrete,SARIMA,"(0, 1, 1)(0, 1, 1, 12)",2026-02-01,2026-05-01,3,144.4,118.11554530210803,125.02349344012653,132.69872534596567,140.37395725180482,147.28190538982332
RO1_PRICE,test,Ready Mixed Concrete,SARIMA,"(0, 1, 1)(0, 1, 1, 12)",2026-03-01,2026-06-01,3,143.3,129.3356349467621,136.27001390873193,143.97461237888737,151.67921084904282,158.61358981101264
RO1_PRICE,test,Ready Mixed Concrete,SARIMA,"(0, 1, 1)(0, 1, 1, 12)",2024-01-01,2024-07-01,6,120.5,99.27239778197881,109.76117068740587,121.41495888158403,133.0687470757622,143.55751998118924
RO1_PRICE,test,Ready Mixed Concrete,SARIMA,"(0, 1, 1)(0, 1, 1, 12)",2024-02-01,2024-08-01,6,119.9,96.35519207888534,106.82309855265584,118.45370262633809,130.08430670002033,140.55221317379085
RO1_PRICE,test,Ready Mixed Concrete,SARIMA,"(0, 1, 1)(0, 1, 1, 12)",2024-03-01,2024-09-01,6,120.5,92.59577536057427,103.05492319990014,114.67579579482806,126.29666838975598,136.75581622908186
RO1_PRICE,test,Ready Mixed Concrete,SARIMA,"(0, 1, 1)(0, 1, 1, 12)",2024-04-01,2024-10-01,6,120.3,94.87301846571607,105.31197321011564,116.91040981053992,128.5088464109642,138.94780115536378
RO1_PRICE,test,Ready Mixed Concrete,SARIMA,"(0, 1, 1)(0, 1, 1, 12)",2024-05-01,2024-11-01,6,120.3,96.51818325379278,106.94200476433943,118.52362724326397,130.10524972218852,140.52907123273516
RO1_PRICE,test,Ready Mixed Concrete,SARIMA,"(0, 1, 1)(0, 1, 1, 12)",2024-06-01,2024-12-01,6,120.5,96.37793731147377,106.78307070268737,118.34392932425524,129.90478794582313,140.3099213370367
RO1_PRICE,test,Ready Mixed Concrete,SARIMA,"(0, 1, 1)(0, 1, 1, 12)",2024-07-01,2025-01-01,6,119.9,98.05355054221633,108.44061443244533,119.98139652655401,131.5221786206627,141.9092425108917
RO1_PRICE,test,Ready Mixed Concrete,SARIMA,"(0, 1, 1)(0, 1, 1, 12)",2024-08-01,2025-02-01,6,119.2,98.89011895124001,109.25834791268733,120.77820303348338,132.29805815427943,142.66628711572673
RO1_PRICE,test,Ready Mixed Concrete,SARIMA,"(0, 1, 1)(0, 1, 1, 12)",2024-09-01,2025-03-01,6,119.6,103.26492678013676,113.61334370408574,125.11118621284581,136.60902872160588,146.95744564555486
RO1_PRICE,test,Ready Mixed Concrete,SARIMA,"(0, 1, 1)(0, 1, 1, 12)",2024-10-01,2025-04-01,6,119.9,103.0209205053392,113.34958805901725,124.82548758358068,136.30138710814413,146.63005466182216
RO1_PRICE,test,Ready Mixed Concrete,SARIMA,"(0, 1, 1)(0, 1, 1, 12)",2024-11-01,2025-05-01,6,120.0,102.65686157897952,112.96604835376488,124.42030331865294,135.874558283541,146.18374505832637
RO1_PRICE,test,Ready Mixed Concrete,SARIMA,"(0, 1, 1)(0, 1, 1, 12)",2024-12-01,2025-06-01,6,120.4,102.38374359290464,112.67352734586294,124.10622414482079,135.53892094377863,145.82870469673693
RO1_PRICE,test,Ready Mixed Concrete,SARIMA,"(0, 1, 1)(0, 1, 1, 12)",2025-01-01,2025-07-01,6,119.8,100.75094878208148,111.02159508644971,122.43302879062453,133.84446249479936,144.1151087991676
RO1_PRICE,test,Ready Mixed Concrete,SARIMA,"(0, 1, 1)(0, 1, 1, 12)",2025-02-01,2025-08-01,6,120.4,98.09155165801566,108.34675578856213,119.74103211650248,131.1353084444428,141.39051257498932
RO1_PRICE,test,Ready Mixed Concrete,SARIMA,"(0, 1, 1)(0, 1, 1, 12)",2025-03-01,2025-09-01,6,120.7,94.95757793748548,105.20102273558035,116.58223359142673,127.9634444472731,138.20688924536796
RO1_PRICE,test,Ready Mixed Concrete,SARIMA,"(0, 1, 1)(0, 1, 1, 12)",2025-04-01,2025-10-01,6,120.6,95.93410069375336,106.15889121130604,117.5193758071491,128.87986040299216,139.10465092054486
RO1_PRICE,test,Ready Mixed Concrete,SARIMA,"(0, 1, 1)(0, 1, 1, 12)",2025-05-01,2025-11-01,6,124.9,96.44412689282444,106.65183428829468,117.99333829525102,129.33484230220736,139.5425496976776
RO1_PRICE,test,Ready Mixed Concrete,SARIMA,"(0, 1, 1)(0, 1, 1, 12)",2025-06-01,2025-12-01,6,129.5,97.5398474157314,107.73057431572732,119.05321175940936,130.3758492030914,140.56657610308733
RO1_PRICE,test,Ready Mixed Concrete,SARIMA,"(0, 1, 1)(0, 1, 1, 12)",2025-07-01,2026-01-01,6,128.6,97.50181643334346,107.67491225081113,118.97796028176866,130.2810083127262,140.45410413019385
RO1_PRICE,test,Ready Mixed Concrete,SARIMA,"(0, 1, 1)(0, 1, 1, 12)",2025-08-01,2026-02-01,6,130.0,100.11813600123418,110.27417283198216,121.55826709019323,132.8423613484043,142.99839817915228
RO1_PRICE,test,Ready Mixed Concrete,SARIMA,"(0, 1, 1)(0, 1, 1, 12)",2025-09-01,2026-03-01,6,143.0,103.5581549092927,113.69583829363222,124.95954054040345,136.22324278717468,146.36092617151422
RO1_PRICE,test,Ready Mixed Concrete,SARIMA,"(0, 1, 1)(0, 1, 1, 12)",2025-10-01,2026-04-01,6,145.6,103.633473311417,113.75271333515254,124.9959236692848,136.2391340034171,146.3583740271526
RO1_PRICE,test,Ready Mixed Concrete,SARIMA,"(0, 1, 1)(0, 1, 1, 12)",2025-11-01,2026-05-01,6,144.4,108.47013990730089,118.58156747966652,129.81609761313445,141.05062774660237,151.16205531896802
RO1_PRICE,test,Ready Mixed Concrete,SARIMA,"(0, 1, 1)(0, 1, 1, 12)",2025-12-01,2026-06-01,6,143.3,112.40314034655682,122.51451754657141,133.74899171270022,144.98346587882904,155.0948430788436
RO1_PRICE,test,Ready Mixed Concrete,SARIMA,"(0, 1, 1)(0, 1, 1, 12)",2023-07-01,2024-07-01,12,120.5,85.93695855516954,101.15391968551393,118.06106826915037,134.9682168527868,150.1851779831312
RO1_PRICE,test,Ready Mixed Concrete,SARIMA,"(0, 1, 1)(0, 1, 1, 12)",2023-08-01,2024-08-01,12,119.9,86.35481582050261,101.54238094912623,118.41686844066939,135.29135593221255,150.47892106083617
RO1_PRICE,test,Ready Mixed Concrete,SARIMA,"(0, 1, 1)(0, 1, 1, 12)",2023-09-01,2024-09-01,12,120.5,86.53507382137298,101.69357659280129,118.53577369554195,135.3779707982826,150.53647356971092
RO1_PRICE,test,Ready Mixed Concrete,SARIMA,"(0, 1, 1)(0, 1, 1, 12)",2023-10-01,2024-10-01,12,120.3,86.34454556566186,101.47419975697544,118.2843439927705,135.09448822856558,150.22414241987914
RO1_PRICE,test,Ready Mixed Concrete,SARIMA,"(0, 1, 1)(0, 1, 1, 12)",2023-11-01,2024-11-01,12,120.3,85.16407065818501,100.26550772881069,117.04430069492805,133.82309366104542,148.9245307316711
RO1_PRICE,test,Ready Mixed Concrete,SARIMA,"(0, 1, 1)(0, 1, 1, 12)",2023-12-01,2024-12-01,12,120.5,85.50981466438512,100.58233629949054,117.32900211745303,134.0756679354155,149.14818957052094
RO1_PRICE,test,Ready Mixed Concrete,SARIMA,"(0, 1, 1)(0, 1, 1, 12)",2024-01-01,2025-01-01,12,119.9,88.85987988399347,103.9102046443841,120.63220812302136,137.35421160165862,152.40453636204924
RO1_PRICE,test,Ready Mixed Concrete,SARIMA,"(0, 1, 1)(0, 1, 1, 12)",2024-02-01,2025-02-01,12,119.2,87.7234155008003,102.74382037434357,119.4325806864773,136.121340998611,151.14174587215427
RO1_PRICE,test,Ready Mixed Concrete,SARIMA,"(0, 1, 1)(0, 1, 1, 12)",2024-03-01,2025-03-01,12,119.6,87.41472792547574,102.4225301323277,119.09728796680014,135.77204580127258,150.77984800812453
RO1_PRICE,test,Ready Mixed Concrete,SARIMA,"(0, 1, 1)(0, 1, 1, 12)",2024-04-01,2025-04-01,12,119.9,89.85525919247712,104.83271942050122,121.47376511363545,138.1148108067697,153.09227103479378
RO1_PRICE,test,Ready Mixed Concrete,SARIMA,"(0, 1, 1)(0, 1, 1, 12)",2024-05-01,2025-05-01,12,120.0,91.0391344774716,105.99420492515601,122.6103739468106,139.2265429684652,154.1816134161496
RO1_PRICE,test,Ready Mixed Concrete,SARIMA,"(0, 1, 1)(0, 1, 1, 12)",2024-06-01,2025-06-01,12,120.4,90.37594133550851,105.30325058908188,121.88857490858643,138.47389922809097,153.40120848166436
RO1_PRICE,test,Ready Mixed Concrete,SARIMA,"(0, 1, 1)(0, 1, 1, 12)",2024-07-01,2025-07-01,12,119.8,91.25488945154581,106.155311195916,122.71076154063357,139.26621188535114,154.16663362972133
RO1_PRICE,test,Ready Mixed Concrete,SARIMA,"(0, 1, 1)(0, 1, 1, 12)",2024-08-01,2025-08-01,12,120.4,90.34092033244126,105.213406342768,121.73781805879881,138.26222977482962,153.13471578515635
RO1_PRICE,test,Ready Mixed Concrete,SARIMA,"(0, 1, 1)(0, 1, 1, 12)",2024-09-01,2025-09-01,12,120.7,91.31842640291687,106.16344665821906,122.65734192637412,139.15123719452916,153.99625744983138
RO1_PRICE,test,Ready Mixed Concrete,SARIMA,"(0, 1, 1)(0, 1, 1, 12)",2024-10-01,2025-10-01,12,120.6,90.94969200549991,105.76736457427084,122.23087457721807,138.69438458016532,153.51205714893624
RO1_PRICE,test,Ready Mixed Concrete,SARIMA,"(0, 1, 1)(0, 1, 1, 12)",2024-11-01,2025-11-01,12,124.9,91.0821695295142,105.87289232064884,122.30645916405919,138.74002600746954,153.53074879860418
RO1_PRICE,test,Ready Mixed Concrete,SARIMA,"(0, 1, 1)(0, 1, 1, 12)",2024-12-01,2025-12-01,12,129.5,91.37861174504533,106.14249142544364,122.54623362398706,138.9499758225305,153.7138555029288
RO1_PRICE,test,Ready Mixed Concrete,SARIMA,"(0, 1, 1)(0, 1, 1, 12)",2025-01-01,2026-01-01,12,128.6,90.54559887429699,105.28299167385711,121.65730502481311,138.0316183757691,152.76901117532924
RO1_PRICE,test,Ready Mixed Concrete,SARIMA,"(0, 1, 1)(0, 1, 1, 12)",2025-02-01,2026-02-01,12,130.0,89.59054709727772,104.30622988729684,120.65642184148263,137.00661379566841,151.72229658568753
RO1_PRICE,test,Ready Mixed Concrete,SARIMA,"(0, 1, 1)(0, 1, 1, 12)",2025-03-01,2026-03-01,12,143.0,89.77442230665177,104.47298639436413,120.80415822745083,137.1353300605375,151.8338941482499
RO1_PRICE,test,Ready Mixed Concrete,SARIMA,"(0, 1, 1)(0, 1, 1, 12)",2025-04-01,2026-04-01,12,145.6,90.92529739758007,105.59602530833214,121.89626912787944,138.19651294742673,152.8672408581788
RO1_PRICE,test,Ready Mixed Concrete,SARIMA,"(0, 1, 1)(0, 1, 1, 12)",2025-05-01,2026-05-01,12,144.4,90.99735230578285,105.6427672468592,121.9148865193478,138.1870057918364,152.83242073291277
RO1_PRICE,test,Ready Mixed Concrete,SARIMA,"(0, 1, 1)(0, 1, 1, 12)",2025-06-01,2026-06-01,12,143.3,91.59540922003447,106.21560814804965,122.4597105993175,138.70381305058535,153.32401197860054
RO1_PRICE,test,Steel Reinforcement Bars (16-32mm High Tensile),ETS,ETS_AAd_N,2024-06-01,2024-07-01,1,801.2,758.0103068313954,776.6815957641712,799.0165164696834,821.0905520058147,841.5924775889337
RO1_PRICE,test,Steel Reinforcement Bars (16-32mm High Tensile),ETS,ETS_AAd_N,2024-07-01,2024-08-01,1,786.2,755.1188643685653,773.7592308932773,796.0571616762074,818.0946393540721,838.562610724857
RO1_PRICE,test,Steel Reinforcement Bars (16-32mm High Tensile),ETS,ETS_AAd_N,2024-08-01,2024-09-01,1,771.9,733.2019902662275,751.8154647414516,774.0812267868573,796.086911477201,816.5253541529202
RO1_PRICE,test,Steel Reinforcement Bars (16-32mm High Tensile),ETS,ETS_AAd_N,2024-09-01,2024-10-01,1,753.6,718.622966008311,737.2062022224457,759.4357927337842,781.4057283951112,801.8109680830316
RO1_PRICE,test,Steel Reinforcement Bars (16-32mm High Tensile),ETS,ETS_AAd_N,2024-10-01,2024-11-01,1,751.1,697.6184632392601,716.1728199133687,738.3678642164185,760.3036571897342,780.677185827463
RO1_PRICE,test,Steel Reinforcement Bars (16-32mm High Tensile),ETS,ETS_AAd_N,2024-11-01,2024-12-01,1,735.9,705.6274098896713,724.1552732882524,746.318625874128,768.2230973083915,788.5675351230243
RO1_PRICE,test,Steel Reinforcement Bars (16-32mm High Tensile),ETS,ETS_AAd_N,2024-12-01,2025-01-01,1,724.1,683.0670575653504,701.5689711653868,723.7012821507114,745.5750745687968,765.8910183228119
RO1_PRICE,test,Steel Reinforcement Bars (16-32mm High Tensile),ETS,ETS_AAd_N,2025-01-01,2025-02-01,1,706.3,672.7717758293869,691.2436625154328,713.340054783768,735.1783480368601,755.4613208718166
RO1_PRICE,test,Steel Reinforcement Bars (16-32mm High Tensile),ETS,ETS_AAd_N,2025-02-01,2025-03-01,1,701.3,651.1164728539769,669.5606115828452,691.6238112619844,713.4292996350813,733.6818039493487
RO1_PRICE,test,Steel Reinforcement Bars (16-32mm High Tensile),ETS,ETS_AAd_N,2025-03-01,2025-04-01,1,701.0,654.4353339263149,672.8517361130287,694.8817568578215,716.6544538462757,736.8765021740694
RO1_PRICE,test,Steel Reinforcement Bars (16-32mm High Tensile),ETS,ETS_AAd_N,2025-04-01,2025-05-01,1,696.6,658.384334391464,676.7717606200623,698.7671198195701,720.5055601302215,740.6957915363704
RO1_PRICE,test,Steel Reinforcement Bars (16-32mm High Tensile),ETS,ETS_AAd_N,2025-05-01,2025-06-01,1,688.6,651.7539960738111,670.1123206200189,692.0728678806762,713.7769028766457,733.9351793101702
RO1_PRICE,test,Steel Reinforcement Bars (16-32mm High Tensile),ETS,ETS_AAd_N,2025-06-01,2025-07-01,1,689.3,641.0937015214788,659.4233962842678,681.3496960998357,703.0198836812613,723.1467233087233
RO1_PRICE,test,Steel Reinforcement Bars (16-32mm High Tensile),ETS,ETS_AAd_N,2025-07-01,2025-08-01,1,681.5,647.4597765217135,665.7615279848306,687.6544015391121,709.291553297881,729.3877099096991
RO1_PRICE,test,Steel Reinforcement Bars (16-32mm High Tensile),ETS,ETS_AAd_N,2025-08-01,2025-09-01,1,684.2,634.5997577556384,652.8741496498426,674.7342952117282,696.339101260535,716.4052158196666
RO1_PRICE,test,Steel Reinforcement Bars (16-32mm High Tensile),ETS,ETS_AAd_N,2025-09-01,2025-10-01,1,678.0,643.8995229741716,662.1468975413497,683.97472450654,705.5475894590995,725.5840377627231
RO1_PRICE,test,Steel Reinforcement Bars (16-32mm High Tensile),ETS,ETS_AAd_N,2025-10-01,2025-11-01,1,666.2,632.4844184660914,650.7046151698312,672.4999315018763,694.0406655648388,714.0472713366624
RO1_PRICE,test,Steel Reinforcement Bars (16-32mm High Tensile),ETS,ETS_AAd_N,2025-11-01,2025-12-01,1,660.3,616.3026198905822,634.495914336928,656.2590497205738,677.767978727771,697.7450445957835
RO1_PRICE,test,Steel Reinforcement Bars (16-32mm High Tensile),ETS,ETS_AAd_N,2025-12-01,2026-01-01,1,648.0,613.9530237112302,632.1179825026051,653.8472222827286,675.3226516072299,695.2686036356109
RO1_PRICE,test,Steel Reinforcement Bars (16-32mm High Tensile),ETS,ETS_AAd_N,2026-01-01,2026-02-01,1,637.1,597.7747753734932,615.9128897483045,637.6100177702364,659.0537104209974,678.9701860574329
RO1_PRICE,test,Steel Reinforcement Bars (16-32mm High Tensile),ETS,ETS_AAd_N,2026-02-01,2026-03-01,1,663.1,587.4208784829058,605.5308279528497,627.1942646255046,648.6046594620038,668.4902087501983
RO1_PRICE,test,Steel Reinforcement Bars (16-32mm High Tensile),ETS,ETS_AAd_N,2026-03-01,2026-04-01,1,701.9,638.5634361928732,656.6802447217397,678.3518863200268,699.7703902437424,719.6634710910118
RO1_PRICE,test,Steel Reinforcement Bars (16-32mm High Tensile),ETS,ETS_AAd_N,2026-04-01,2026-05-01,1,703.9,689.1972975178563,707.3003409458825,728.9555164910284,750.3577466949059,770.2357128345569
RO1_PRICE,test,Steel Reinforcement Bars (16-32mm High Tensile),ETS,ETS_AAd_N,2026-05-01,2026-06-01,1,708.0,667.4985891204211,685.5941233827527,707.2403163332342,728.6336688644997,748.503389598233
RO1_PRICE,test,Steel Reinforcement Bars (16-32mm High Tensile),ETS,ETS_AAd_N,2024-04-01,2024-07-01,3,801.2,692.2826705257266,745.8693432692066,807.4012523493803,876.4614360791347,937.3446680769708
RO1_PRICE,test,Steel Reinforcement Bars (16-32mm High Tensile),ETS,ETS_AAd_N,2024-05-01,2024-08-01,3,786.2,678.9004496763167,732.4003443397858,793.8280644683177,862.7751333833173,923.553637097596
RO1_PRICE,test,Steel Reinforcement Bars (16-32mm High Tensile),ETS,ETS_AAd_N,2024-06-01,2024-09-01,3,771.9,671.6759073346964,725.0866522596698,786.415248944482,855.2483386561546,915.9299331254458
RO1_PRICE,test,Steel Reinforcement Bars (16-32mm High Tensile),ETS,ETS_AAd_N,2024-07-01,2024-10-01,3,753.6,671.1305546622003,724.4529486981903,785.6794138741253,854.3984491421477,914.9787433914066
RO1_PRICE,test,Steel Reinforcement Bars (16-32mm High Tensile),ETS,ETS_AAd_N,2024-08-01,2024-11-01,3,751.1,639.2803565135306,692.5261363146179,753.6625990590335,822.2823262588024,882.772835794221
RO1_PRICE,test,Steel Reinforcement Bars (16-32mm High Tensile),ETS,ETS_AAd_N,2024-09-01,2024-12-01,3,735.9,624.3157228277546,677.4724786790077,738.5231179120271,807.0327305345941,867.444231525545
RO1_PRICE,test,Steel Reinforcement Bars (16-32mm High Tensile),ETS,ETS_AAd_N,2024-10-01,2025-01-01,3,724.1,599.4331379041611,652.5050619166451,713.4727079802285,781.8770504437895,842.2116286422294
RO1_PRICE,test,Steel Reinforcement Bars (16-32mm High Tensile),ETS,ETS_AAd_N,2024-11-01,2025-02-01,3,706.3,622.6268728269325,675.6284693235027,736.4799119155261,804.7836425857198,864.9904673842866
RO1_PRICE,test,Steel Reinforcement Bars (16-32mm High Tensile),ETS,ETS_AAd_N,2024-12-01,2025-03-01,3,701.3,589.5294898581061,642.4640110353196,703.1900282942902,771.3940409388514,831.4591689831548
RO1_PRICE,test,Steel Reinforcement Bars (16-32mm High Tensile),ETS,ETS_AAd_N,2025-01-01,2025-04-01,3,701.0,581.4258509062006,634.2739174004416,694.9050238910626,762.9987148714881,822.9715607313638
RO1_PRICE,test,Steel Reinforcement Bars (16-32mm High Tensile),ETS,ETS_AAd_N,2025-02-01,2025-05-01,3,696.6,554.2389970966532,607.0067077785889,667.5531238436668,735.5451704417096,795.4370439019233
RO1_PRICE,test,Steel Reinforcement Bars (16-32mm High Tensile),ETS,ETS_AAd_N,2025-03-01,2025-06-01,3,688.6,569.5856532174585,622.2775449647748,682.7094383128598,750.5968709340991,810.3651776505748
RO1_PRICE,test,Steel Reinforcement Bars (16-32mm High Tensile),ETS,ETS_AAd_N,2025-04-01,2025-07-01,3,689.3,579.6700706052129,632.2774160520769,692.625164289148,760.4068870841056,820.0967655562197
RO1_PRICE,test,Steel Reinforcement Bars (16-32mm High Tensile),ETS,ETS_AAd_N,2025-05-01,2025-08-01,3,681.5,569.8616972917862,622.3867536428604,682.6325138669202,750.3063059373869,809.8924707989049
RO1_PRICE,test,Steel Reinforcement Bars (16-32mm High Tensile),ETS,ETS_AAd_N,2025-06-01,2025-09-01,3,684.2,555.393090319453,607.8355294538989,667.9920286385833,735.5607566120639,795.0606937588353
RO1_PRICE,test,Steel Reinforcement Bars (16-32mm High Tensile),ETS,ETS_AAd_N,2025-07-01,2025-10-01,3,678.0,569.955288360016,622.3194454114839,682.3731437736228,749.8377458993155,809.2311436104519
RO1_PRICE,test,Steel Reinforcement Bars (16-32mm High Tensile),ETS,ETS_AAd_N,2025-08-01,2025-11-01,3,666.2,549.8484367552896,602.1364792870331,662.0859791018772,729.4482730979225,788.73229707876
RO1_PRICE,test,Steel Reinforcement Bars (16-32mm High Tensile),ETS,ETS_AAd_N,2025-09-01,2025-12-01,3,660.3,568.6943673343391,620.9077815848984,680.7508287027495,748.0117356464795,807.1823244973731
RO1_PRICE,test,Steel Reinforcement Bars (16-32mm High Tensile),ETS,ETS_AAd_N,2025-10-01,2026-01-01,3,648.0,549.8115188179888,601.9497438433036,661.6864883779306,728.845484742026,787.9030029614613
RO1_PRICE,test,Steel Reinforcement Bars (16-32mm High Tensile),ETS,ETS_AAd_N,2025-11-01,2026-02-01,3,637.1,527.3297095598138,579.3885177538194,639.0532748573528,706.1147452976049,765.1086154392012
RO1_PRICE,test,Steel Reinforcement Bars (16-32mm High Tensile),ETS,ETS_AAd_N,2025-12-01,2026-03-01,3,663.1,530.12618472137,582.104983329082,641.6696812820016,708.6259858022571,767.5176144045479
RO1_PRICE,test,Steel Reinforcement Bars (16-32mm High Tensile),ETS,ETS_AAd_N,2026-01-01,2026-04-01,3,701.9,508.39207272541876,560.2946153769238,619.767564531915,686.6245447304739,745.4237345300094
RO1_PRICE,test,Steel Reinforcement Bars (16-32mm High Tensile),ETS,ETS_AAd_N,2026-02-01,2026-05-01,3,703.9,498.846888411627,550.6681832432037,610.0531349601326,676.8067383170867,735.5209461685937
RO1_PRICE,test,Steel Reinforcement Bars (16-32mm High Tensile),ETS,ETS_AAd_N,2026-03-01,2026-06-01,3,708.0,586.2175608117008,638.0630776298129,697.4399160770482,764.2157162395747,822.9077089605968
RO1_PRICE,test,Steel Reinforcement Bars (16-32mm High Tensile),ETS,ETS_AAd_N,2024-01-01,2024-07-01,6,801.2,626.17818766916,736.7962082717838,865.7782280992967,991.8496601812187,1110.7266275366749
RO1_PRICE,test,Steel Reinforcement Bars (16-32mm High Tensile),ETS,ETS_AAd_N,2024-02-01,2024-08-01,6,786.2,583.0792393734353,693.3602518900868,822.1640797948398,947.9061171657971,1066.5336268113697
RO1_PRICE,test,Steel Reinforcement Bars (16-32mm High Tensile),ETS,ETS_AAd_N,2024-03-01,2024-09-01,6,771.9,561.2702549473001,671.4242728446084,800.0189106722285,925.6006486859465,1044.0596089607134
RO1_PRICE,test,Steel Reinforcement Bars (16-32mm High Tensile),ETS,ETS_AAd_N,2024-04-01,2024-10-01,6,753.6,571.8014599481166,681.7543868340225,810.1363986302833,935.4945172517469,1053.7488392624675
RO1_PRICE,test,Steel Reinforcement Bars (16-32mm High Tensile),ETS,ETS_AAd_N,2024-05-01,2024-11-01,6,751.1,555.1959180919029,664.9607836706839,793.1333646116607,918.2796583832381,1036.3370480798549
RO1_PRICE,test,Steel Reinforcement Bars (16-32mm High Tensile),ETS,ETS_AAd_N,2024-06-01,2024-12-01,6,735.9,547.8419837008821,657.4310677482476,785.3911572477704,910.3351955595563,1028.1997287473796
RO1_PRICE,test,Steel Reinforcement Bars (16-32mm High Tensile),ETS,ETS_AAd_N,2024-07-01,2025-01-01,6,724.1,549.4136253600277,658.819925813375,786.568116627293,911.3041494218762,1028.9728972186233
RO1_PRICE,test,Steel Reinforcement Bars (16-32mm High Tensile),ETS,ETS_AAd_N,2024-08-01,2025-02-01,6,706.3,509.0179471361396,618.2625791696615,745.8265361687364,870.379403714661,987.8766555024514
RO1_PRICE,test,Steel Reinforcement Bars (16-32mm High Tensile),ETS,ETS_AAd_N,2024-09-01,2025-03-01,6,701.3,493.78388265532186,602.881951469878,730.2381459855264,854.6145862289948,971.9349831551048
RO1_PRICE,test,Steel Reinforcement Bars (16-32mm High Tensile),ETS,ETS_AAd_N,2024-10-01,2025-04-01,6,701.0,465.6001022830387,574.5558434928878,701.7136514048,825.9196216688761,943.0700442585882
RO1_PRICE,test,Steel Reinforcement Bars (16-32mm High Tensile),ETS,ETS_AAd_N,2024-11-01,2025-05-01,6,696.6,502.0674925605807,610.8008950953761,737.7782830507597,861.7509292577686,978.7037842796752
RO1_PRICE,test,Steel Reinforcement Bars (16-32mm High Tensile),ETS,ETS_AAd_N,2024-12-01,2025-06-01,6,688.6,459.9380906724914,568.4271340313878,695.2282591241676,818.9500820986356,935.6973620185051
RO1_PRICE,test,Steel Reinforcement Bars (16-32mm High Tensile),ETS,ETS_AAd_N,2025-01-01,2025-07-01,6,689.3,453.8108765525895,562.1321937510517,688.727389113205,812.2554163839569,928.8170108576285
RO1_PRICE,test,Steel Reinforcement Bars (16-32mm High Tensile),ETS,ETS_AAd_N,2025-02-01,2025-08-01,6,681.5,421.89148060563906,530.0647114481392,656.4694880193094,779.8242212550591,896.2173583777633
RO1_PRICE,test,Steel Reinforcement Bars (16-32mm High Tensile),ETS,ETS_AAd_N,2025-03-01,2025-09-01,6,684.2,447.76854420955107,555.7253420308181,681.9409516640783,805.0651102711323,921.2588218927184
RO1_PRICE,test,Steel Reinforcement Bars (16-32mm High Tensile),ETS,ETS_AAd_N,2025-04-01,2025-10-01,6,678.0,463.2409172419667,571.052908507044,697.0695035714682,820.0209431306259,936.0432037957362
RO1_PRICE,test,Steel Reinforcement Bars (16-32mm High Tensile),ETS,ETS_AAd_N,2025-05-01,2025-11-01,6,666.2,450.75795143825343,558.3844767370497,684.2018804503923,806.9462900745098,922.7781932150109
RO1_PRICE,test,Steel Reinforcement Bars (16-32mm High Tensile),ETS,ETS_AAd_N,2025-06-01,2025-12-01,6,660.3,433.0557752977062,540.5252040456523,666.1462113199427,788.7082112141915,904.3643506551031
RO1_PRICE,test,Steel Reinforcement Bars (16-32mm High Tensile),ETS,ETS_AAd_N,2025-07-01,2026-01-01,6,648.0,454.81257859362256,562.0927640372877,687.5227001487001,809.8765547008165,925.3448504050883
RO1_PRICE,test,Steel Reinforcement Bars (16-32mm High Tensile),ETS,ETS_AAd_N,2025-08-01,2026-02-01,6,637.1,428.5044248919119,535.5912003390325,660.8341960276579,782.9774457130055,898.2581375714589
RO1_PRICE,test,Steel Reinforcement Bars (16-32mm High Tensile),ETS,ETS_AAd_N,2025-09-01,2026-03-01,6,663.1,455.720321811157,562.6079583799342,687.6664918722659,809.59493978168,924.686677564087
RO1_PRICE,test,Steel Reinforcement Bars (16-32mm High Tensile),ETS,ETS_AAd_N,2025-10-01,2026-04-01,6,701.9,430.4466857396807,537.1357927381675,662.0087372120888,783.7226098757587,898.6250841419923
RO1_PRICE,test,Steel Reinforcement Bars (16-32mm High Tensile),ETS,ETS_AAd_N,2025-11-01,2026-05-01,6,703.9,402.55374068465767,509.12245764568104,633.8103891968262,755.3756857047517,870.1253552700834
RO1_PRICE,test,Steel Reinforcement Bars (16-32mm High Tensile),ETS,ETS_AAd_N,2025-12-01,2026-06-01,6,708.0,409.8958153200848,516.2822173533566,640.776230449578,762.1384954136288,876.7020328063837
RO1_PRICE,test,Steel Reinforcement Bars (16-32mm High Tensile),ETS,ETS_AAd_N,2023-07-01,2024-07-01,12,801.2,304.8954976152215,507.91399817520403,753.8457352825376,995.9878196930738,1220.5386762814467
RO1_PRICE,test,Steel Reinforcement Bars (16-32mm High Tensile),ETS,ETS_AAd_N,2023-08-01,2024-08-01,12,786.2,281.22577338865017,483.91572717576634,729.4551769587074,971.2052976475131,1195.3980745292556
RO1_PRICE,test,Steel Reinforcement Bars (16-32mm High Tensile),ETS,ETS_AAd_N,2023-09-01,2024-09-01,12,771.9,356.40682628806667,558.7771830398631,803.8855834577337,1045.2661248517793,1269.0537202944804
RO1_PRICE,test,Steel Reinforcement Bars (16-32mm High Tensile),ETS,ETS_AAd_N,2023-10-01,2024-10-01,12,753.6,362.78509048763146,564.8296790528946,809.5538760122135,1050.541496391264,1273.9826644978307
RO1_PRICE,test,Steel Reinforcement Bars (16-32mm High Tensile),ETS,ETS_AAd_N,2023-11-01,2024-11-01,12,751.1,370.18161800787277,571.8875146388939,816.203817360376,1056.7864801194205,1279.8562121387686
RO1_PRICE,test,Steel Reinforcement Bars (16-32mm High Tensile),ETS,ETS_AAd_N,2023-12-01,2024-12-01,12,735.9,344.76108613098376,546.1279205905225,790.0282571420618,1030.208724985864,1252.896446516029
RO1_PRICE,test,Steel Reinforcement Bars (16-32mm High Tensile),ETS,ETS_AAd_N,2024-01-01,2025-01-01,12,724.1,424.0203574939392,625.076521945808,868.553406435766,1108.3831451071562,1330.6644192587626
RO1_PRICE,test,Steel Reinforcement Bars (16-32mm High Tensile),ETS,ETS_AAd_N,2024-02-01,2025-02-01,12,706.3,371.1112326522306,571.7023271177355,814.5175206635613,1053.8339007310785,1275.4696762226865
RO1_PRICE,test,Steel Reinforcement Bars (16-32mm High Tensile),ETS,ETS_AAd_N,2024-03-01,2025-03-01,12,701.3,345.83625003884396,546.1545599952792,788.6674422404183,1027.6466507881387,1249.0182160357801
RO1_PRICE,test,Steel Reinforcement Bars (16-32mm High Tensile),ETS,ETS_AAd_N,2024-04-01,2025-04-01,12,701.0,359.995921016524,559.9637359235298,802.0421520348018,1040.6074844994832,1261.5781927520668
RO1_PRICE,test,Steel Reinforcement Bars (16-32mm High Tensile),ETS,ETS_AAd_N,2024-05-01,2025-05-01,12,696.6,341.09563431285966,540.7283984902998,782.396553790257,1020.5641201460064,1241.158382925669
RO1_PRICE,test,Steel Reinforcement Bars (16-32mm High Tensile),ETS,ETS_AAd_N,2024-06-01,2025-06-01,12,688.6,333.8325849426599,533.1406845984236,774.4191271066891,1012.1979664046823,1232.4378939355968
RO1_PRICE,test,Steel Reinforcement Bars (16-32mm High Tensile),ETS,ETS_AAd_N,2024-07-01,2025-07-01,12,689.3,337.2398111809807,536.2165326803813,777.0931159597205,1014.4769079739667,1234.349722651489
RO1_PRICE,test,Steel Reinforcement Bars (16-32mm High Tensile),ETS,ETS_AAd_N,2024-08-01,2025-08-01,12,681.5,290.4020195615526,489.08783160103474,729.6101666167538,966.6477712597689,1186.1963523295265
RO1_PRICE,test,Steel Reinforcement Bars (16-32mm High Tensile),ETS,ETS_AAd_N,2024-09-01,2025-09-01,12,684.2,275.12521684603354,473.5193246188952,713.7053174145725,950.3878557756921,1169.6364833481568
RO1_PRICE,test,Steel Reinforcement Bars (16-32mm High Tensile),ETS,ETS_AAd_N,2024-10-01,2025-10-01,12,678.0,244.54616190663918,442.659310653441,682.5199386352124,918.8610835058091,1137.8189238051748
RO1_PRICE,test,Steel Reinforcement Bars (16-32mm High Tensile),ETS,ETS_AAd_N,2024-11-01,2025-11-01,12,666.2,291.5120289782751,489.27518928368335,728.6758316422961,964.6146889518603,1183.1373873088594
RO1_PRICE,test,Steel Reinforcement Bars (16-32mm High Tensile),ETS,ETS_AAd_N,2024-12-01,2025-12-01,12,660.3,242.63093009137307,440.0245629675865,678.9180946836101,914.4468895180254,1132.4946006359748
RO1_PRICE,test,Steel Reinforcement Bars (16-32mm High Tensile),ETS,ETS_AAd_N,2025-01-01,2026-01-01,12,648.0,238.21662609921688,435.2982918083472,673.821732720977,908.9734535299546,1126.6825983711262
RO1_PRICE,test,Steel Reinforcement Bars (16-32mm High Tensile),ETS,ETS_AAd_N,2025-02-01,2026-02-01,12,637.1,202.79677755042601,399.59709900650984,637.793126636002,872.6006729458343,1090.0096259368047
RO1_PRICE,test,Steel Reinforcement Bars (16-32mm High Tensile),ETS,ETS_AAd_N,2025-03-01,2026-03-01,12,663.1,237.0462916453787,433.49662426588924,671.2209455451605,905.6420802128997,1122.625450731809
RO1_PRICE,test,Steel Reinforcement Bars (16-32mm High Tensile),ETS,ETS_AAd_N,2025-04-01,2026-04-01,12,701.9,256.8519183196133,453.01833979134136,690.4215191116102,924.489339501087,1141.1772753980072
RO1_PRICE,test,Steel Reinforcement Bars (16-32mm High Tensile),ETS,ETS_AAd_N,2025-05-01,2026-05-01,12,703.9,242.4948470710681,438.33588800405323,675.3320149700564,909.0201886742445,1125.3379590802317
RO1_PRICE,test,Steel Reinforcement Bars (16-32mm High Tensile),ETS,ETS_AAd_N,2025-06-01,2026-06-01,12,708.0,222.4614213329898,418.00785070717586,654.6570722145686,887.9874672398994,1103.9876087118546
RO1_PRICE,test,Steel Reinforcement Bars (16-32mm High Tensile),SARIMA,"(1, 1, 1)(0, 1, 1, 12)",2024-06-01,2024-07-01,1,801.2,763.8142858605111,783.295320265176,804.9401638329107,826.5850074006454,846.0660418053103
RO1_PRICE,test,Steel Reinforcement Bars (16-32mm High Tensile),SARIMA,"(1, 1, 1)(0, 1, 1, 12)",2024-07-01,2024-08-01,1,786.2,761.5722569558159,781.018895293082,802.6255223327449,824.2321493724079,843.678787709674
RO1_PRICE,test,Steel Reinforcement Bars (16-32mm High Tensile),SARIMA,"(1, 1, 1)(0, 1, 1, 12)",2024-08-01,2024-09-01,1,771.9,721.5846701780239,741.0058109690139,762.5841083836146,784.1624057982154,803.5835465892054
RO1_PRICE,test,Steel Reinforcement Bars (16-32mm High Tensile),SARIMA,"(1, 1, 1)(0, 1, 1, 12)",2024-09-01,2024-10-01,1,753.6,718.7659133809574,738.1555382124353,759.6988191079255,781.2421000034157,800.6317248348936
RO1_PRICE,test,Steel Reinforcement Bars (16-32mm High Tensile),SARIMA,"(1, 1, 1)(0, 1, 1, 12)",2024-10-01,2024-11-01,1,751.1,697.2360686332984,716.5926439279758,738.0992043886486,759.6057648493213,778.9623401439987
RO1_PRICE,test,Steel Reinforcement Bars (16-32mm High Tensile),SARIMA,"(1, 1, 1)(0, 1, 1, 12)",2024-11-01,2024-12-01,1,735.9,720.4218101397815,739.7499470960408,761.2249104980768,782.6998739001128,802.0280108563721
RO1_PRICE,test,Steel Reinforcement Bars (16-32mm High Tensile),SARIMA,"(1, 1, 1)(0, 1, 1, 12)",2024-12-01,2025-01-01,1,724.1,699.1201859849808,718.4358419763691,739.8969381203021,761.3580342642351,780.6736902556235
RO1_PRICE,test,Steel Reinforcement Bars (16-32mm High Tensile),SARIMA,"(1, 1, 1)(0, 1, 1, 12)",2025-01-01,2025-02-01,1,706.3,674.8004967278606,694.0907232129202,715.5235653291122,736.9564074453042,756.2466339303638
RO1_PRICE,test,Steel Reinforcement Bars (16-32mm High Tensile),SARIMA,"(1, 1, 1)(0, 1, 1, 12)",2025-02-01,2025-03-01,1,701.3,657.0335983377079,676.2783965275886,697.6607645096935,719.0431324917985,738.2879306816792
RO1_PRICE,test,Steel Reinforcement Bars (16-32mm High Tensile),SARIMA,"(1, 1, 1)(0, 1, 1, 12)",2025-03-01,2025-04-01,1,701.0,663.8274294288474,683.0395431294841,704.3855962711096,725.7316494127352,744.9437631133719
RO1_PRICE,test,Steel Reinforcement Bars (16-32mm High Tensile),SARIMA,"(1, 1, 1)(0, 1, 1, 12)",2025-04-01,2025-05-01,1,696.6,654.9570387323259,674.1362199643472,695.4456827424082,716.7551455204691,735.9343267524904
RO1_PRICE,test,Steel Reinforcement Bars (16-32mm High Tensile),SARIMA,"(1, 1, 1)(0, 1, 1, 12)",2025-05-01,2025-06-01,1,688.6,645.2457208952035,664.391903299033,685.6647019832221,706.9375006674113,726.0836830712408
RO1_PRICE,test,Steel Reinforcement Bars (16-32mm High Tensile),SARIMA,"(1, 1, 1)(0, 1, 1, 12)",2025-06-01,2025-07-01,1,689.3,646.4761029394942,665.5896502673945,686.8261890128846,708.0627277583746,727.1762750862749
RO1_PRICE,test,Steel Reinforcement Bars (16-32mm High Tensile),SARIMA,"(1, 1, 1)(0, 1, 1, 12)",2025-07-01,2025-08-01,1,681.5,653.2618276146773,672.3428169122794,693.5431813223602,714.7435457324409,733.8245350300431
RO1_PRICE,test,Steel Reinforcement Bars (16-32mm High Tensile),SARIMA,"(1, 1, 1)(0, 1, 1, 12)",2025-08-01,2025-09-01,1,684.2,622.5662111132142,641.6193883088283,662.7888514544118,683.9583145999952,703.0114917956093
RO1_PRICE,test,Steel Reinforcement Bars (16-32mm High Tensile),SARIMA,"(1, 1, 1)(0, 1, 1, 12)",2025-09-01,2025-10-01,1,678.0,642.4492388140076,661.4851043980584,682.6353330863533,703.7855617746482,722.821427358699
RO1_PRICE,test,Steel Reinforcement Bars (16-32mm High Tensile),SARIMA,"(1, 1, 1)(0, 1, 1, 12)",2025-10-01,2025-11-01,1,666.2,630.261122620081,649.2654158888132,670.3805654426048,691.4957149963965,710.5000082651287
RO1_PRICE,test,Steel Reinforcement Bars (16-32mm High Tensile),SARIMA,"(1, 1, 1)(0, 1, 1, 12)",2025-11-01,2025-12-01,1,660.3,628.8481205798873,647.8208056173522,668.900836131414,689.9808666454759,708.9535516829408
RO1_PRICE,test,Steel Reinforcement Bars (16-32mm High Tensile),SARIMA,"(1, 1, 1)(0, 1, 1, 12)",2025-12-01,2026-01-01,1,648.0,630.0801474870326,649.0233072220707,670.0705329815675,691.1177587410642,710.0609184761023
RO1_PRICE,test,Steel Reinforcement Bars (16-32mm High Tensile),SARIMA,"(1, 1, 1)(0, 1, 1, 12)",2026-01-01,2026-02-01,1,637.1,598.4613336247917,617.3885533116705,638.4180685203977,659.4475837291249,678.3748034160037
RO1_PRICE,test,Steel Reinforcement Bars (16-32mm High Tensile),SARIMA,"(1, 1, 1)(0, 1, 1, 12)",2026-02-01,2026-03-01,1,663.1,593.2842796534763,612.1674409897994,633.1480041723754,654.1285673549514,673.0117286912745
RO1_PRICE,test,Steel Reinforcement Bars (16-32mm High Tensile),SARIMA,"(1, 1, 1)(0, 1, 1, 12)",2026-03-01,2026-04-01,1,701.9,646.2789416325583,665.1593029607056,686.1367551309148,707.114207301124,725.9945686292714
RO1_PRICE,test,Steel Reinforcement Bars (16-32mm High Tensile),SARIMA,"(1, 1, 1)(0, 1, 1, 12)",2026-04-01,2026-05-01,1,703.9,681.1413479406422,699.998354315305,720.949857436598,741.9013605578909,760.7583669325538
RO1_PRICE,test,Steel Reinforcement Bars (16-32mm High Tensile),SARIMA,"(1, 1, 1)(0, 1, 1, 12)",2026-05-01,2026-06-01,1,708.0,656.1860230475332,675.0211756401487,695.9483976229789,716.875619605809,735.7107721984245
RO1_PRICE,test,Steel Reinforcement Bars (16-32mm High Tensile),SARIMA,"(1, 1, 1)(0, 1, 1, 12)",2024-04-01,2024-07-01,3,801.2,679.1525556994706,734.2455670247723,795.4579024193467,856.6702378139212,911.7632491392229
RO1_PRICE,test,Steel Reinforcement Bars (16-32mm High Tensile),SARIMA,"(1, 1, 1)(0, 1, 1, 12)",2024-05-01,2024-08-01,3,786.2,680.5302217801736,735.5318795546763,796.6427145219462,857.7535494892162,912.7552072637188
RO1_PRICE,test,Steel Reinforcement Bars (16-32mm High Tensile),SARIMA,"(1, 1, 1)(0, 1, 1, 12)",2024-06-01,2024-09-01,3,771.9,681.5329559787496,736.4364968530657,797.4383168208357,858.4401367886056,913.3436776629218
RO1_PRICE,test,Steel Reinforcement Bars (16-32mm High Tensile),SARIMA,"(1, 1, 1)(0, 1, 1, 12)",2024-07-01,2024-10-01,3,753.6,662.2675211071664,717.0726891880414,777.9652098403269,838.8577304926124,893.6628985734874
RO1_PRICE,test,Steel Reinforcement Bars (16-32mm High Tensile),SARIMA,"(1, 1, 1)(0, 1, 1, 12)",2024-08-01,2024-11-01,3,751.1,613.5316174231917,668.2715289533425,729.0915448400773,789.9115607268121,844.6514722569628
RO1_PRICE,test,Steel Reinforcement Bars (16-32mm High Tensile),SARIMA,"(1, 1, 1)(0, 1, 1, 12)",2024-09-01,2024-12-01,3,735.9,636.8876283390007,691.5198987046632,752.2203174427866,812.92073618091,867.5530065465725
RO1_PRICE,test,Steel Reinforcement Bars (16-32mm High Tensile),SARIMA,"(1, 1, 1)(0, 1, 1, 12)",2024-10-01,2025-01-01,3,724.1,639.9859059761081,694.5218611988533,755.1152668206122,815.708672442371,870.2446276651162
RO1_PRICE,test,Steel Reinforcement Bars (16-32mm High Tensile),SARIMA,"(1, 1, 1)(0, 1, 1, 12)",2024-11-01,2025-02-01,3,706.3,678.5615330059319,733.0071444340953,793.5001715410166,853.9931986479379,908.4388100761013
RO1_PRICE,test,Steel Reinforcement Bars (16-32mm High Tensile),SARIMA,"(1, 1, 1)(0, 1, 1, 12)",2024-12-01,2025-03-01,3,701.3,630.516285459464,684.888069541027,745.2990691059301,805.7100686708333,860.0818527523962
RO1_PRICE,test,Steel Reinforcement Bars (16-32mm High Tensile),SARIMA,"(1, 1, 1)(0, 1, 1, 12)",2025-01-01,2025-04-01,3,701.0,602.6091108464952,656.9371418534533,717.29952857595,777.6619152984467,831.9899463054048
RO1_PRICE,test,Steel Reinforcement Bars (16-32mm High Tensile),SARIMA,"(1, 1, 1)(0, 1, 1, 12)",2025-02-01,2025-05-01,3,696.6,579.0645017704146,633.3077778461248,693.5759956867055,753.8442135272861,808.0874896029964
RO1_PRICE,test,Steel Reinforcement Bars (16-32mm High Tensile),SARIMA,"(1, 1, 1)(0, 1, 1, 12)",2025-03-01,2025-06-01,3,688.6,576.3991298857644,630.543182633789,690.7011561535901,750.8591296733912,805.0031824214158
RO1_PRICE,test,Steel Reinforcement Bars (16-32mm High Tensile),SARIMA,"(1, 1, 1)(0, 1, 1, 12)",2025-04-01,2025-07-01,3,689.3,565.4915205300682,619.5445277183579,679.6013430112874,739.658158304217,793.7111654925067
RO1_PRICE,test,Steel Reinforcement Bars (16-32mm High Tensile),SARIMA,"(1, 1, 1)(0, 1, 1, 12)",2025-05-01,2025-08-01,3,681.5,569.5193284346601,623.4781660349529,683.430352078804,743.3825381226552,797.341375722948
RO1_PRICE,test,Steel Reinforcement Bars (16-32mm High Tensile),SARIMA,"(1, 1, 1)(0, 1, 1, 12)",2025-06-01,2025-09-01,3,684.2,563.92796989718,617.7941303034459,677.6433452562687,737.4925602090916,791.3587206153575
RO1_PRICE,test,Steel Reinforcement Bars (16-32mm High Tensile),SARIMA,"(1, 1, 1)(0, 1, 1, 12)",2025-07-01,2025-10-01,3,678.0,558.397271785678,612.1720535535108,671.9197402048466,731.6674268561824,785.4422086240152
RO1_PRICE,test,Steel Reinforcement Bars (16-32mm High Tensile),SARIMA,"(1, 1, 1)(0, 1, 1, 12)",2025-08-01,2025-11-01,3,666.2,520.8243033425153,574.5174430854296,634.1744195197816,693.8313959541337,747.5245356970479
RO1_PRICE,test,Steel Reinforcement Bars (16-32mm High Tensile),SARIMA,"(1, 1, 1)(0, 1, 1, 12)",2025-09-01,2025-12-01,3,660.3,572.1180454189143,625.7342860808781,685.3058220533377,744.8773580257973,798.493598687761
RO1_PRICE,test,Steel Reinforcement Bars (16-32mm High Tensile),SARIMA,"(1, 1, 1)(0, 1, 1, 12)",2025-10-01,2026-01-01,3,648.0,579.8784905471144,633.3959867837101,692.8578105306337,752.3196342775574,805.837130514153
RO1_PRICE,test,Steel Reinforcement Bars (16-32mm High Tensile),SARIMA,"(1, 1, 1)(0, 1, 1, 12)",2025-11-01,2026-02-01,3,637.1,579.7560345097556,633.1847973945006,692.548031945381,751.9112664962614,805.3400293810064
RO1_PRICE,test,Steel Reinforcement Bars (16-32mm High Tensile),SARIMA,"(1, 1, 1)(0, 1, 1, 12)",2025-12-01,2026-03-01,3,663.1,567.9596706366603,621.3025515340506,680.5703649618548,739.838178389659,793.1810592870493
RO1_PRICE,test,Steel Reinforcement Bars (16-32mm High Tensile),SARIMA,"(1, 1, 1)(0, 1, 1, 12)",2026-01-01,2026-04-01,3,701.9,526.7310906570466,580.0384738259971,639.2668467003313,698.4952195746654,751.8026027436159
RO1_PRICE,test,Steel Reinforcement Bars (16-32mm High Tensile),SARIMA,"(1, 1, 1)(0, 1, 1, 12)",2026-02-01,2026-05-01,3,703.9,521.1412465382225,574.3455391151783,633.4593708573179,692.5732025994575,745.7774951764134
RO1_PRICE,test,Steel Reinforcement Bars (16-32mm High Tensile),SARIMA,"(1, 1, 1)(0, 1, 1, 12)",2026-03-01,2026-06-01,3,708.0,579.6569135745535,632.8235949174781,691.8956378479927,750.9676807785073,804.1343621214319
RO1_PRICE,test,Steel Reinforcement Bars (16-32mm High Tensile),SARIMA,"(1, 1, 1)(0, 1, 1, 12)",2024-01-01,2024-07-01,6,801.2,644.1926616460829,743.2923657906161,853.3993318408156,963.5062978910152,1062.6060020355485
RO1_PRICE,test,Steel Reinforcement Bars (16-32mm High Tensile),SARIMA,"(1, 1, 1)(0, 1, 1, 12)",2024-02-01,2024-08-01,6,786.2,615.3465178806521,714.2914121906632,824.2263732753473,934.1613343600314,1033.1062286700426
RO1_PRICE,test,Steel Reinforcement Bars (16-32mm High Tensile),SARIMA,"(1, 1, 1)(0, 1, 1, 12)",2024-03-01,2024-09-01,6,771.9,583.7411629934095,682.549846290566,792.3334670509021,902.1170878112381,1000.9257711083947
RO1_PRICE,test,Steel Reinforcement Bars (16-32mm High Tensile),SARIMA,"(1, 1, 1)(0, 1, 1, 12)",2024-04-01,2024-10-01,6,753.6,564.2903779413234,662.9187494894627,772.5020308058128,882.0853121221628,980.7136836703021
RO1_PRICE,test,Steel Reinforcement Bars (16-32mm High Tensile),SARIMA,"(1, 1, 1)(0, 1, 1, 12)",2024-05-01,2024-11-01,6,751.1,552.9490657343335,651.4212713476437,760.8310409725829,870.240810597522,968.7130162108322
RO1_PRICE,test,Steel Reinforcement Bars (16-32mm High Tensile),SARIMA,"(1, 1, 1)(0, 1, 1, 12)",2024-06-01,2024-12-01,6,735.9,572.8099965372775,671.0943492219635,780.2954006048756,889.4964519877876,987.7808046724737
RO1_PRICE,test,Steel Reinforcement Bars (16-32mm High Tensile),SARIMA,"(1, 1, 1)(0, 1, 1, 12)",2024-07-01,2025-01-01,6,724.1,580.688519509205,678.799704505359,787.8083540141508,896.8170035229426,994.9281885190967
RO1_PRICE,test,Steel Reinforcement Bars (16-32mm High Tensile),SARIMA,"(1, 1, 1)(0, 1, 1, 12)",2024-08-01,2025-02-01,6,706.3,548.2466856194319,646.2417616516183,755.1214056718056,864.001049691993,961.9961257241794
RO1_PRICE,test,Steel Reinforcement Bars (16-32mm High Tensile),SARIMA,"(1, 1, 1)(0, 1, 1, 12)",2024-09-01,2025-03-01,6,701.3,580.5113050336297,678.2939516279243,786.9375711200071,895.5811906120898,993.3638372063845
RO1_PRICE,test,Steel Reinforcement Bars (16-32mm High Tensile),SARIMA,"(1, 1, 1)(0, 1, 1, 12)",2024-10-01,2025-04-01,6,701.0,576.1428367234198,673.7584908497356,782.2165695860604,890.6746483223851,988.2903024487009
RO1_PRICE,test,Steel Reinforcement Bars (16-32mm High Tensile),SARIMA,"(1, 1, 1)(0, 1, 1, 12)",2024-11-01,2025-05-01,6,696.6,611.188231630566,708.6216556322664,816.8772634700396,925.1328713078127,1022.5662953095132
RO1_PRICE,test,Steel Reinforcement Bars (16-32mm High Tensile),SARIMA,"(1, 1, 1)(0, 1, 1, 12)",2024-12-01,2025-06-01,6,688.6,539.2241874828428,636.5252275953196,744.6337473209519,852.7422670465842,950.043307159061
RO1_PRICE,test,Steel Reinforcement Bars (16-32mm High Tensile),SARIMA,"(1, 1, 1)(0, 1, 1, 12)",2025-01-01,2025-07-01,6,689.3,496.5249389282202,593.7642865089425,701.804261352851,809.8442361967594,907.0835837774817
RO1_PRICE,test,Steel Reinforcement Bars (16-32mm High Tensile),SARIMA,"(1, 1, 1)(0, 1, 1, 12)",2025-02-01,2025-08-01,6,681.5,474.747091725534,571.8957676452433,679.8349996909056,787.774231736568,884.9229076562773
RO1_PRICE,test,Steel Reinforcement Bars (16-32mm High Tensile),SARIMA,"(1, 1, 1)(0, 1, 1, 12)",2025-03-01,2025-09-01,6,684.2,471.9842418659688,568.9371368269502,676.6588420135569,784.3805472001635,881.333442161145
RO1_PRICE,test,Steel Reinforcement Bars (16-32mm High Tensile),SARIMA,"(1, 1, 1)(0, 1, 1, 12)",2025-04-01,2025-10-01,6,678.0,451.8392886920833,548.6418287579737,656.1964787402062,763.7511287224387,860.5536687883291
RO1_PRICE,test,Steel Reinforcement Bars (16-32mm High Tensile),SARIMA,"(1, 1, 1)(0, 1, 1, 12)",2025-05-01,2025-11-01,6,666.2,444.32524608357045,540.9568083099771,648.3214894993671,755.6861706887571,852.3177329151638
RO1_PRICE,test,Steel Reinforcement Bars (16-32mm High Tensile),SARIMA,"(1, 1, 1)(0, 1, 1, 12)",2025-06-01,2025-12-01,6,660.3,455.7618687361155,552.222861364234,659.3980273463889,766.5731933285438,863.0341859566622
RO1_PRICE,test,Steel Reinforcement Bars (16-32mm High Tensile),SARIMA,"(1, 1, 1)(0, 1, 1, 12)",2025-07-01,2026-01-01,6,648.0,478.45853649754656,574.7545278202915,681.7463653729031,788.7382029255148,885.0341942482597
RO1_PRICE,test,Steel Reinforcement Bars (16-32mm High Tensile),SARIMA,"(1, 1, 1)(0, 1, 1, 12)",2025-08-01,2026-02-01,6,637.1,456.4596728210353,552.6073108760509,659.4343171776076,766.2613234791643,862.4089615341798
RO1_PRICE,test,Steel Reinforcement Bars (16-32mm High Tensile),SARIMA,"(1, 1, 1)(0, 1, 1, 12)",2025-09-01,2026-03-01,6,663.1,519.4272298380669,615.4226160294844,722.0804594569339,828.7383028843834,924.733689075801
RO1_PRICE,test,Steel Reinforcement Bars (16-32mm High Tensile),SARIMA,"(1, 1, 1)(0, 1, 1, 12)",2025-10-01,2026-04-01,6,701.9,518.9662144367476,614.7779027842945,721.2316445705419,827.6853863567893,923.4970747043362
RO1_PRICE,test,Steel Reinforcement Bars (16-32mm High Tensile),SARIMA,"(1, 1, 1)(0, 1, 1, 12)",2025-11-01,2026-05-01,6,703.9,509.96590906464127,605.5986384914675,711.8535439241829,818.1084493568983,913.7411787837245
RO1_PRICE,test,Steel Reinforcement Bars (16-32mm High Tensile),SARIMA,"(1, 1, 1)(0, 1, 1, 12)",2025-12-01,2026-06-01,6,708.0,480.66419026742733,576.1365498857101,682.2132728181126,788.2899957505151,883.7623553687979
RO1_PRICE,test,Steel Reinforcement Bars (16-32mm High Tensile),SARIMA,"(1, 1, 1)(0, 1, 1, 12)",2023-07-01,2024-07-01,12,801.2,492.45173801978234,654.6788078383267,834.9248602673257,1015.1709126963246,1177.397982514869
RO1_PRICE,test,Steel Reinforcement Bars (16-32mm High Tensile),SARIMA,"(1, 1, 1)(0, 1, 1, 12)",2023-08-01,2024-08-01,12,786.2,454.6364962611693,616.9592278417601,797.31156743354,977.6639070253198,1139.9866386059107
RO1_PRICE,test,Steel Reinforcement Bars (16-32mm High Tensile),SARIMA,"(1, 1, 1)(0, 1, 1, 12)",2023-09-01,2024-09-01,12,771.9,522.3355504842314,683.9021618280008,863.4143969415254,1042.92663205505,1204.4932433988195
RO1_PRICE,test,Steel Reinforcement Bars (16-32mm High Tensile),SARIMA,"(1, 1, 1)(0, 1, 1, 12)",2023-10-01,2024-10-01,12,753.6,515.8110536878501,677.0616608758721,856.2227924301183,1035.3839239843644,1196.6345311723865
RO1_PRICE,test,Steel Reinforcement Bars (16-32mm High Tensile),SARIMA,"(1, 1, 1)(0, 1, 1, 12)",2023-11-01,2024-11-01,12,751.1,519.3677700787403,680.3567537265237,859.2272025334132,1038.0976513403027,1199.0866349880862
RO1_PRICE,test,Steel Reinforcement Bars (16-32mm High Tensile),SARIMA,"(1, 1, 1)(0, 1, 1, 12)",2023-12-01,2024-12-01,12,735.9,475.4467269356592,636.0814942667764,814.5583830293622,993.0352717919479,1153.6700391230652
RO1_PRICE,test,Steel Reinforcement Bars (16-32mm High Tensile),SARIMA,"(1, 1, 1)(0, 1, 1, 12)",2024-01-01,2025-01-01,12,724.1,506.22382490990964,666.540105806413,844.6631330176834,1022.7861602289539,1183.1024411254573
RO1_PRICE,test,Steel Reinforcement Bars (16-32mm High Tensile),SARIMA,"(1, 1, 1)(0, 1, 1, 12)",2024-02-01,2025-02-01,12,706.3,482.8085357076739,642.9277297956082,820.8317792538431,998.735828712078,1158.8550228000124
RO1_PRICE,test,Steel Reinforcement Bars (16-32mm High Tensile),SARIMA,"(1, 1, 1)(0, 1, 1, 12)",2024-03-01,2025-03-01,12,701.3,471.275846278177,631.1827078670502,808.8508405032594,986.5189731394686,1146.4258347283417
RO1_PRICE,test,Steel Reinforcement Bars (16-32mm High Tensile),SARIMA,"(1, 1, 1)(0, 1, 1, 12)",2024-04-01,2025-04-01,12,701.0,474.40021534174366,634.0135128220518,811.3554744205736,988.6974360190954,1148.3107334994036
RO1_PRICE,test,Steel Reinforcement Bars (16-32mm High Tensile),SARIMA,"(1, 1, 1)(0, 1, 1, 12)",2024-05-01,2025-05-01,12,696.6,475.9232188540394,635.2862962141492,812.3502450928794,989.4141939716096,1148.7772713317195
RO1_PRICE,test,Steel Reinforcement Bars (16-32mm High Tensile),SARIMA,"(1, 1, 1)(0, 1, 1, 12)",2024-06-01,2025-06-01,12,688.6,484.88949450267893,643.9206595400674,820.6158297310609,997.3109999220544,1156.342164959443
RO1_PRICE,test,Steel Reinforcement Bars (16-32mm High Tensile),SARIMA,"(1, 1, 1)(0, 1, 1, 12)",2024-07-01,2025-07-01,12,689.3,473.9975938946559,632.7435401473083,809.1218115612679,985.5000829752275,1144.24602922788
RO1_PRICE,test,Steel Reinforcement Bars (16-32mm High Tensile),SARIMA,"(1, 1, 1)(0, 1, 1, 12)",2024-08-01,2025-08-01,12,681.5,433.64012193671806,592.184882645995,768.3396223149766,944.4943619839582,1103.0391226932352
RO1_PRICE,test,Steel Reinforcement Bars (16-32mm High Tensile),SARIMA,"(1, 1, 1)(0, 1, 1, 12)",2024-09-01,2025-09-01,12,684.2,447.319548727369,605.496915519954,781.2434538742955,956.989992228637,1115.167359021222
RO1_PRICE,test,Steel Reinforcement Bars (16-32mm High Tensile),SARIMA,"(1, 1, 1)(0, 1, 1, 12)",2024-10-01,2025-10-01,12,678.0,420.3348607786679,578.2673234268203,753.7417554963916,929.216187565963,1087.1486502141154
RO1_PRICE,test,Steel Reinforcement Bars (16-32mm High Tensile),SARIMA,"(1, 1, 1)(0, 1, 1, 12)",2024-11-01,2025-11-01,12,666.2,444.8596436495586,602.4965429331345,777.6425826464417,952.788622359749,1110.4255216433248
RO1_PRICE,test,Steel Reinforcement Bars (16-32mm High Tensile),SARIMA,"(1, 1, 1)(0, 1, 1, 12)",2024-12-01,2025-12-01,12,660.3,381.9363517020222,539.3943592867242,714.3416373348518,889.2889153829794,1046.7469229676815
RO1_PRICE,test,Steel Reinforcement Bars (16-32mm High Tensile),SARIMA,"(1, 1, 1)(0, 1, 1, 12)",2025-01-01,2026-01-01,12,648.0,356.28934617305254,513.6533677327279,688.4962204835641,863.3390732344003,1020.7030947940757
RO1_PRICE,test,Steel Reinforcement Bars (16-32mm High Tensile),SARIMA,"(1, 1, 1)(0, 1, 1, 12)",2025-02-01,2026-02-01,12,637.1,340.47805446165665,497.7680571307184,672.5286695202312,847.2892819097441,1004.5792845788058
RO1_PRICE,test,Steel Reinforcement Bars (16-32mm High Tensile),SARIMA,"(1, 1, 1)(0, 1, 1, 12)",2025-03-01,2026-03-01,12,663.1,358.75862892777684,515.7041789317891,690.0820794027964,864.4599798738036,1021.4055298778159
RO1_PRICE,test,Steel Reinforcement Bars (16-32mm High Tensile),SARIMA,"(1, 1, 1)(0, 1, 1, 12)",2025-04-01,2026-04-01,12,701.9,360.81813572988705,517.535445680579,691.6597548818727,865.7840640831664,1022.5013740338584
RO1_PRICE,test,Steel Reinforcement Bars (16-32mm High Tensile),SARIMA,"(1, 1, 1)(0, 1, 1, 12)",2025-05-01,2026-05-01,12,703.9,365.7042949840423,522.134619515469,695.9400670805073,869.7455146455457,1026.1758391769724
RO1_PRICE,test,Steel Reinforcement Bars (16-32mm High Tensile),SARIMA,"(1, 1, 1)(0, 1, 1, 12)",2025-06-01,2026-06-01,12,708.0,366.620640593614,522.7591200986003,696.240306650999,869.7214932033976,1025.8599727083838
RO1_DEMAND,test,Cement,ETS,ETS_AAd_A,2024-05-01,2024-06-01,1,397.81,263.62111525231745,304.714510776801,353.8711455364097,402.4536015400454,447.57602131695245
RO1_DEMAND,test,Cement,ETS,ETS_AAd_A,2024-06-01,2024-07-01,1,412.14,303.63248407189195,344.67739898582875,393.7760403955292,442.30118044610583,487.37036630471016
RO1_DEMAND,test,Cement,ETS,ETS_AAd_A,2024-07-01,2024-08-01,1,399.41,315.08675788229516,356.06400113398536,405.0816925238061,453.5268280989232,498.52170739045226
RO1_DEMAND,test,Cement,ETS,ETS_AAd_A,2024-08-01,2024-09-01,1,337.8,298.12025468251016,339.0278809644036,387.9622953236045,436.3251265933926,481.24356328156233
RO1_DEMAND,test,Cement,ETS,ETS_AAd_A,2024-09-01,2024-10-01,1,410.73,299.1877884928752,340.06460815476413,388.96217109907434,437.2885814004346,482.1731910168327
RO1_DEMAND,test,Cement,ETS,ETS_AAd_A,2024-10-01,2024-11-01,1,408.36,276.82474983492034,317.63634763473965,366.45589105276883,414.70519314235844,459.5181861838452
RO1_DEMAND,test,Cement,ETS,ETS_AAd_A,2024-11-01,2024-12-01,1,370.42,338.5498771025731,379.31123392128853,428.07067820351824,476.2605831509904,521.0184093071313
RO1_DEMAND,test,Cement,ETS,ETS_AAd_A,2024-12-01,2025-01-01,1,314.17,297.90456606470434,338.6485067945187,387.3871176481615,435.5564325138945,480.29513501125183
RO1_DEMAND,test,Cement,ETS,ETS_AAd_A,2025-01-01,2025-02-01,1,379.05,181.39304992813217,222.14831996343955,270.9004831294453,319.0831920084654,363.8343345992176
RO1_DEMAND,test,Cement,ETS,ETS_AAd_A,2025-02-01,2025-03-01,1,382.02,318.91806297641534,359.75480977749964,408.60443686843973,456.8834712357324,501.72407902595353
RO1_DEMAND,test,Cement,ETS,ETS_AAd_A,2025-03-01,2025-04-01,1,372.25,266.5885372601738,307.36765806764845,356.1483519423288,404.35925827436233,449.1365900991751
RO1_DEMAND,test,Cement,ETS,ETS_AAd_A,2025-04-01,2025-05-01,1,356.5,265.8758663846848,306.58962509872924,355.2921316999351,403.4257640323916,448.1313253018728
RO1_DEMAND,test,Cement,ETS,ETS_AAd_A,2025-05-01,2025-06-01,1,454.02,266.09912263141774,306.74479783677907,355.3658617602316,403.4190027138922,448.0498051901543
RO1_DEMAND,test,Cement,ETS,ETS_AAd_A,2025-06-01,2025-07-01,1,431.58,319.42907141276027,360.1305070402322,408.8182725508559,456.9373359774434,501.6293659366453
RO1_DEMAND,test,Cement,ETS,ETS_AAd_A,2025-07-01,2025-08-01,1,427.22,331.3316044245835,371.97050260000776,420.58345972232803,468.62858856711944,513.2519495558687
RO1_DEMAND,test,Cement,ETS,ETS_AAd_A,2025-08-01,2025-09-01,1,414.73,315.7407013397534,356.3123371555285,404.84483387285786,452.81044213808525,497.35994599265166
RO1_DEMAND,test,Cement,ETS,ETS_AAd_A,2025-09-01,2025-10-01,1,553.71,335.15785410617997,375.66309367647915,424.11616604966247,472.0032776943631,516.4798754475539
RO1_DEMAND,test,Cement,ETS,ETS_AAd_A,2025-10-01,2025-11-01,1,373.57,342.6569346413812,383.3088426807606,431.9373624287182,479.9978721184152,524.6355185302873
RO1_DEMAND,test,Cement,ETS,ETS_AAd_A,2025-11-01,2025-12-01,1,628.44,373.0733018916742,413.7091844064262,462.318534142977,510.36009773841215,554.9801473944027
RO1_DEMAND,test,Cement,ETS,ETS_AAd_A,2025-12-01,2026-01-01,1,455.63,391.06324159084187,431.98478657042756,480.9358507179959,529.315137296712,574.2488573488386
RO1_DEMAND,test,Cement,ETS,ETS_AAd_A,2026-01-01,2026-02-01,1,396.88,293.21087037422694,334.0763023828894,382.9602432182627,431.2731905250274,476.145295979562
RO1_DEMAND,test,Cement,ETS,ETS_AAd_A,2026-02-01,2026-03-01,1,444.92,401.37302381926213,442.17357475785707,490.9799037282721,539.216145722862,584.0170088076242
RO1_DEMAND,test,Cement,ETS,ETS_AAd_A,2026-03-01,2026-04-01,1,420.73,344.7700938736427,385.53625469075456,434.30144559945666,482.4970300493832,527.260131214549
RO1_DEMAND,test,Cement,ETS,ETS_AAd_A,2026-04-01,2026-05-01,1,455.34,335.42399080886844,376.1280309849767,424.81891210199876,472.9410547428472,517.635944615069
RO1_DEMAND,test,Cement,ETS,ETS_AAd_A,2024-03-01,2024-06-01,3,397.81,262.45877598850007,309.530631021253,359.84304685137533,410.6987709643903,459.923489559952
RO1_DEMAND,test,Cement,ETS,ETS_AAd_A,2024-04-01,2024-07-01,3,412.14,300.53570734393986,347.45205293935794,397.6355426337722,448.3909940847513,497.59352931948644
RO1_DEMAND,test,Cement,ETS,ETS_AAd_A,2024-05-01,2024-08-01,3,399.41,297.2014328500639,344.00904818220465,394.13444179049156,444.7878155513861,493.95695834720647
RO1_DEMAND,test,Cement,ETS,ETS_AAd_A,2024-06-01,2024-09-01,3,337.8,293.6602413385833,340.315341470186,390.38414814879394,440.89698163076713,490.057862028145
RO1_DEMAND,test,Cement,ETS,ETS_AAd_A,2024-07-01,2024-10-01,3,410.73,313.49445070124915,360.0749849459096,410.06074370645604,460.4922236782527,509.5707316379446
RO1_DEMAND,test,Cement,ETS,ETS_AAd_A,2024-08-01,2024-11-01,3,408.36,283.65934359652476,330.1489837453637,380.0523085155287,430.38848488294974,479.3902005973466
RO1_DEMAND,test,Cement,ETS,ETS_AAd_A,2024-09-01,2024-12-01,3,370.42,320.25669589801356,366.68977832206497,416.5589455005103,466.8407118730861,515.8175991056174
RO1_DEMAND,test,Cement,ETS,ETS_AAd_A,2024-10-01,2025-01-01,3,314.17,301.4288929258849,347.72838467277114,397.5209243478829,447.7239476024766,496.60906934555396
RO1_DEMAND,test,Cement,ETS,ETS_AAd_A,2024-11-01,2025-02-01,3,379.05,216.33984182074428,262.62460590480856,312.35375854130587,362.4822309365729,411.3291577769997
RO1_DEMAND,test,Cement,ETS,ETS_AAd_A,2024-12-01,2025-03-01,3,382.02,309.07513188167263,355.19906062873974,404.86509358755006,454.98422492588156,503.75615141047734
RO1_DEMAND,test,Cement,ETS,ETS_AAd_A,2025-01-01,2025-04-01,3,372.25,244.09464338689742,290.3895069621856,340.1103925259906,390.2425463824589,439.0738805245383
RO1_DEMAND,test,Cement,ETS,ETS_AAd_A,2025-02-01,2025-05-01,3,356.5,267.7466611547516,314.0546404177936,363.8203745981217,413.9910252101805,462.7361309588118
RO1_DEMAND,test,Cement,ETS,ETS_AAd_A,2025-03-01,2025-06-01,3,454.02,260.7522742521033,307.019590133504,356.7018638070284,406.8009021324463,455.4906238774203
RO1_DEMAND,test,Cement,ETS,ETS_AAd_A,2025-04-01,2025-07-01,3,431.58,292.39422004131046,338.4710567235058,388.13606620157225,438.1586445646451,486.69757968354526
RO1_DEMAND,test,Cement,ETS,ETS_AAd_A,2025-05-01,2025-08-01,3,427.22,298.56389038932343,344.5488290393723,394.1387464230911,444.0781647754488,492.52603282172805
RO1_DEMAND,test,Cement,ETS,ETS_AAd_A,2025-06-01,2025-09-01,3,414.73,307.11587378647704,353.1908986495039,402.8343694669355,452.8414065551478,501.37374020487186
RO1_DEMAND,test,Cement,ETS,ETS_AAd_A,2025-07-01,2025-10-01,3,553.71,330.04653145143124,376.1906221537054,425.65309432253855,475.64350050589735,524.1487285040538
RO1_DEMAND,test,Cement,ETS,ETS_AAd_A,2025-08-01,2025-11-01,3,373.57,304.4546103212879,350.52802961433446,399.8918986284923,449.823481894047,498.2404279873176
RO1_DEMAND,test,Cement,ETS,ETS_AAd_A,2025-09-01,2025-12-01,3,628.44,353.6737286941945,399.6811818567564,448.9365788058795,498.8260140343266,547.1504909769158
RO1_DEMAND,test,Cement,ETS,ETS_AAd_A,2025-10-01,2026-01-01,3,455.63,362.4238928951515,408.51468661896587,458.1100232507267,508.11704624704487,556.8035759054646
RO1_DEMAND,test,Cement,ETS,ETS_AAd_A,2025-11-01,2026-02-01,3,396.88,255.5414522614412,301.5151259094656,351.09319537435533,401.0205880496829,449.4566596757078
RO1_DEMAND,test,Cement,ETS,ETS_AAd_A,2025-12-01,2026-03-01,3,444.92,403.9878363215006,450.31910201251316,500.21649085844,550.5487878300098,599.543478139927
RO1_DEMAND,test,Cement,ETS,ETS_AAd_A,2026-01-01,2026-04-01,3,420.73,352.5072414638034,398.94364343906557,448.609509570028,498.92772286671845,547.7214737201272
RO1_DEMAND,test,Cement,ETS,ETS_AAd_A,2026-02-01,2026-05-01,3,455.34,350.5733726829955,396.9423191728579,446.50869053578975,496.6876363021658,545.4806510280114
RO1_DEMAND,test,Cement,ETS,ETS_AAd_A,2023-12-01,2024-06-01,6,397.81,268.39022608847733,319.64603073050694,372.0669179956302,429.5858616806316,477.81343595075384
RO1_DEMAND,test,Cement,ETS,ETS_AAd_A,2024-01-01,2024-07-01,6,412.14,304.5496868018328,355.752189855781,408.0666843581515,465.6383782180725,513.9695193970988
RO1_DEMAND,test,Cement,ETS,ETS_AAd_A,2024-02-01,2024-08-01,6,399.41,324.69050395368515,376.519588159603,428.49966999692106,486.3119415592609,535.0520743762175
RO1_DEMAND,test,Cement,ETS,ETS_AAd_A,2024-03-01,2024-09-01,6,337.8,275.25298746666226,326.52755089046184,378.79762835649376,435.8735605261322,483.82939719377407
RO1_DEMAND,test,Cement,ETS,ETS_AAd_A,2024-04-01,2024-10-01,6,410.73,299.9477980038127,351.12463548021253,403.33573288673983,460.1036223076266,507.9585733458497
RO1_DEMAND,test,Cement,ETS,ETS_AAd_A,2024-05-01,2024-11-01,6,408.36,262.1145601499057,313.216828513545,365.4263033068361,422.0138102393486,469.85995019271763
RO1_DEMAND,test,Cement,ETS,ETS_AAd_A,2024-06-01,2024-12-01,6,370.42,324.0783908304117,375.07092339706304,427.3470813428948,483.6809146390979,531.6105390498561
RO1_DEMAND,test,Cement,ETS,ETS_AAd_A,2024-07-01,2025-01-01,6,314.17,304.2903449528316,355.19852630384815,407.3872289370422,463.6315669968086,511.4778090337409
RO1_DEMAND,test,Cement,ETS,ETS_AAd_A,2024-08-01,2025-02-01,6,379.05,206.21527562100457,257.0383593278678,309.14471943001473,365.27661291906935,413.0633307821744
RO1_DEMAND,test,Cement,ETS,ETS_AAd_A,2024-09-01,2025-03-01,6,382.02,301.33796323768007,352.1253227324689,404.20402824528725,460.2626966916088,508.0193237037846
RO1_DEMAND,test,Cement,ETS,ETS_AAd_A,2024-10-01,2025-04-01,6,372.25,262.04880859505334,312.762173777761,364.789777631563,420.67352246381415,468.3609357633907
RO1_DEMAND,test,Cement,ETS,ETS_AAd_A,2024-11-01,2025-05-01,6,356.5,268.2288094638014,318.87474278556306,370.8155710744211,426.6912410666046,474.3127320634813
RO1_DEMAND,test,Cement,ETS,ETS_AAd_A,2024-12-01,2025-06-01,6,454.02,252.898138252513,303.5519662689662,355.518285935482,411.1442788378813,458.8391793319095
RO1_DEMAND,test,Cement,ETS,ETS_AAd_A,2025-01-01,2025-07-01,6,431.58,260.48707284819176,311.1234305779487,363.047356223716,418.93911925436976,466.55373706674675
RO1_DEMAND,test,Cement,ETS,ETS_AAd_A,2025-02-01,2025-08-01,6,427.22,295.1428537926136,345.3743206263024,397.616124024394,453.0238988906524,500.48127540035625
RO1_DEMAND,test,Cement,ETS,ETS_AAd_A,2025-03-01,2025-09-01,6,414.73,270.79044040838414,320.94770205678094,373.13612288118475,428.50729244135306,475.88094876182845
RO1_DEMAND,test,Cement,ETS,ETS_AAd_A,2025-04-01,2025-10-01,6,553.71,292.27967235790595,342.408996547114,394.4407275925329,449.6361362771795,496.89229575561984
RO1_DEMAND,test,Cement,ETS,ETS_AAd_A,2025-05-01,2025-11-01,6,373.57,265.3790071593657,315.42621301306576,367.36864140275276,422.4697512566603,469.63150580889294
RO1_DEMAND,test,Cement,ETS,ETS_AAd_A,2025-06-01,2025-12-01,6,628.44,337.64557563668654,387.76160041773926,439.7761851381025,494.9565208933734,542.2109486991843
RO1_DEMAND,test,Cement,ETS,ETS_AAd_A,2025-07-01,2026-01-01,6,455.63,317.6366793026233,367.67557782129575,419.730926199205,475.0295324121395,522.178313284412
RO1_DEMAND,test,Cement,ETS,ETS_AAd_A,2025-08-01,2026-02-01,6,396.88,228.72175670960883,278.7046147825121,330.6831105509292,385.9287313400831,432.9782907264773
RO1_DEMAND,test,Cement,ETS,ETS_AAd_A,2025-09-01,2026-03-01,6,444.92,335.67401997182554,385.6422471640146,437.5393500562962,492.718100782875,539.6846915000506
RO1_DEMAND,test,Cement,ETS,ETS_AAd_A,2025-10-01,2026-04-01,6,420.73,325.6758376165086,376.1944916122895,428.03543599380157,483.6553188092513,531.1791456255071
RO1_DEMAND,test,Cement,ETS,ETS_AAd_A,2025-11-01,2026-05-01,6,455.34,304.6094399895898,354.64464522798056,406.57449475749706,461.66230417052674,508.81250349508383
RO1_DEMAND,test,Cement,ETS,ETS_AAd_A,2023-06-01,2024-06-01,12,397.81,225.74744874616897,289.26120503112213,351.34817787782254,413.1199434174325,472.4739665609533
RO1_DEMAND,test,Cement,ETS,ETS_AAd_A,2023-07-01,2024-07-01,12,412.14,267.5882372755416,331.1384047143604,393.1188652155945,454.8495290475298,514.1615196792181
RO1_DEMAND,test,Cement,ETS,ETS_AAd_A,2023-08-01,2024-08-01,12,399.41,269.20713811229257,332.213331969775,394.25957612298106,455.6707996396383,514.9294099903866
RO1_DEMAND,test,Cement,ETS,ETS_AAd_A,2023-09-01,2024-09-01,12,337.8,273.0829140199869,336.2774305286209,398.2362702273597,459.8151286740323,519.0073257602571
RO1_DEMAND,test,Cement,ETS,ETS_AAd_A,2023-10-01,2024-10-01,12,410.73,267.3579612536116,330.13831395557304,391.73144534053495,453.1995862408051,511.3204700353123
RO1_DEMAND,test,Cement,ETS,ETS_AAd_A,2023-11-01,2024-11-01,12,408.36,245.20753444426677,307.77358103336735,369.27834763906094,430.65237576709995,488.62914012529285
RO1_DEMAND,test,Cement,ETS,ETS_AAd_A,2023-12-01,2024-12-01,12,370.42,309.2666723610671,371.82156525514785,433.2627539632238,494.5758928000779,552.5188910547494
RO1_DEMAND,test,Cement,ETS,ETS_AAd_A,2024-01-01,2025-01-01,12,314.17,292.008992966042,354.7580260153804,416.17161729666714,477.36075620511724,535.443520849174
RO1_DEMAND,test,Cement,ETS,ETS_AAd_A,2024-02-01,2025-02-01,12,379.05,209.70730577624502,272.3953452325285,334.1400133934235,395.29151839131157,454.2720068242351
RO1_DEMAND,test,Cement,ETS,ETS_AAd_A,2024-03-01,2025-03-01,12,382.02,284.85155679713085,347.4579378970901,408.27903393668606,469.4653668095121,527.3751395805172
RO1_DEMAND,test,Cement,ETS,ETS_AAd_A,2024-04-01,2025-04-01,12,372.25,249.54054031707193,311.8338951190375,372.60934957652853,433.5287639441233,491.6385678749846
RO1_DEMAND,test,Cement,ETS,ETS_AAd_A,2024-05-01,2025-05-01,12,356.5,235.24166543796755,297.2692787384849,358.0267244291622,418.7513577410833,476.9369171547705
RO1_DEMAND,test,Cement,ETS,ETS_AAd_A,2024-06-01,2025-06-01,12,454.02,247.12352137278847,308.9782941928129,369.4978404014597,429.9748976293315,488.05549154164675
RO1_DEMAND,test,Cement,ETS,ETS_AAd_A,2024-07-01,2025-07-01,12,431.58,279.20835541294764,340.9629898575406,401.3867265924441,461.768635626799,519.7537277205362
RO1_DEMAND,test,Cement,ETS,ETS_AAd_A,2024-08-01,2025-08-01,12,427.22,283.6907626385928,345.3312814564565,405.63254381313965,465.88909827872544,523.7743958594851
RO1_DEMAND,test,Cement,ETS,ETS_AAd_A,2024-09-01,2025-09-01,12,414.73,253.3989620772199,314.9734386841312,375.1957303167478,435.3651765297967,493.2045314342456
RO1_DEMAND,test,Cement,ETS,ETS_AAd_A,2024-10-01,2025-10-01,12,553.71,276.22794745886654,337.6285513373468,397.6497072101097,457.6417223326724,515.3701349481319
RO1_DEMAND,test,Cement,ETS,ETS_AAd_A,2024-11-01,2025-11-01,12,373.57,259.8880287843669,321.27191811703494,381.2984082628739,441.2646613713454,498.9385976671417
RO1_DEMAND,test,Cement,ETS,ETS_AAd_A,2024-12-01,2025-12-01,12,628.44,292.2721103167467,353.44293495784916,412.9872556557141,472.7235580370153,530.2973192221541
RO1_DEMAND,test,Cement,ETS,ETS_AAd_A,2025-01-01,2026-01-01,12,455.63,246.1692272240525,307.56046545167624,367.60346194136196,427.59370540262205,485.26105551082026
RO1_DEMAND,test,Cement,ETS,ETS_AAd_A,2025-02-01,2026-02-01,12,396.88,185.9528075760964,245.93781327865395,305.30408555777603,364.74838612033955,422.18776274459543
RO1_DEMAND,test,Cement,ETS,ETS_AAd_A,2025-03-01,2026-03-01,12,444.92,283.7888166552773,343.73758270853244,403.0044450165823,462.37648686900724,519.7363274859191
RO1_DEMAND,test,Cement,ETS,ETS_AAd_A,2025-04-01,2026-04-01,12,420.73,244.33919015958,304.0497449263337,363.2197471915772,422.4778727706383,479.7197084371255
RO1_DEMAND,test,Cement,ETS,ETS_AAd_A,2025-05-01,2026-05-01,12,455.34,239.28022838400847,298.8839452220958,357.93565278204517,417.09735350760315,474.23454706307575
RO1_DEMAND,test,Cement,SARIMA,"(0, 1, 1)(0, 1, 1, 12)",2024-05-01,2024-06-01,1,397.81,264.29626301131543,307.7496126515983,356.0294388620987,404.3092650725991,447.76261471288194
RO1_DEMAND,test,Cement,SARIMA,"(0, 1, 1)(0, 1, 1, 12)",2024-06-01,2024-07-01,1,412.14,304.8836307508086,348.2850512278642,396.5071803679058,444.7293095079474,488.130729985003
RO1_DEMAND,test,Cement,SARIMA,"(0, 1, 1)(0, 1, 1, 12)",2024-07-01,2024-08-01,1,399.41,316.63600099526536,359.96275596273387,408.1019263008275,456.2410966389211,499.5678516063896
RO1_DEMAND,test,Cement,SARIMA,"(0, 1, 1)(0, 1, 1, 12)",2024-08-01,2024-09-01,1,337.8,299.44985526643995,342.70077583126493,390.75568864236203,438.8106014534591,482.0615220182841
RO1_DEMAND,test,Cement,SARIMA,"(0, 1, 1)(0, 1, 1, 12)",2024-09-01,2024-10-01,1,410.73,299.7463563560585,342.96241053518554,390.9785842604349,438.99475798568426,482.2108121648113
RO1_DEMAND,test,Cement,SARIMA,"(0, 1, 1)(0, 1, 1, 12)",2024-10-01,2024-11-01,1,408.36,277.9497640375285,321.0957139803154,369.03399680934757,416.97227963837975,460.11822958116664
RO1_DEMAND,test,Cement,SARIMA,"(0, 1, 1)(0, 1, 1, 12)",2024-11-01,2024-12-01,1,370.42,340.0218848435902,383.1150342246842,430.99465179629766,478.8742693679111,521.9674187490051
RO1_DEMAND,test,Cement,SARIMA,"(0, 1, 1)(0, 1, 1, 12)",2024-12-01,2025-01-01,1,314.17,299.55651105924545,342.62852909934185,390.48466821694876,438.3408073345557,481.4128253746521
RO1_DEMAND,test,Cement,SARIMA,"(0, 1, 1)(0, 1, 1, 12)",2025-01-01,2025-02-01,1,379.05,180.76069097627723,223.82926480852234,271.6815771611533,319.5338895137843,362.60246334602937
RO1_DEMAND,test,Cement,SARIMA,"(0, 1, 1)(0, 1, 1, 12)",2025-02-01,2025-03-01,1,382.02,320.0520498473701,363.20824457944354,411.15791011315594,459.1075756468683,502.2637703789418
RO1_DEMAND,test,Cement,SARIMA,"(0, 1, 1)(0, 1, 1, 12)",2025-03-01,2025-04-01,1,372.25,267.540313496942,310.63005815339255,358.50589282874046,406.38172750408836,449.4714721605389
RO1_DEMAND,test,Cement,SARIMA,"(0, 1, 1)(0, 1, 1, 12)",2025-04-01,2025-05-01,1,356.5,267.1441735801266,310.15986850991607,357.95342856285333,405.7469886157906,448.76268354558005
RO1_DEMAND,test,Cement,SARIMA,"(0, 1, 1)(0, 1, 1, 12)",2025-05-01,2025-06-01,1,454.02,267.39597095967014,310.3365520813437,358.0466552401206,405.75675839889743,448.697339520571
RO1_DEMAND,test,Cement,SARIMA,"(0, 1, 1)(0, 1, 1, 12)",2025-06-01,2025-07-01,1,431.58,322.0031913796458,365.0052043639286,412.783562782084,460.5619212002394,503.5639341845222
RO1_DEMAND,test,Cement,SARIMA,"(0, 1, 1)(0, 1, 1, 12)",2025-07-01,2025-08-01,1,427.22,333.8450400412781,376.7780780611816,424.47980028625454,472.1815225113275,515.1145605312311
RO1_DEMAND,test,Cement,SARIMA,"(0, 1, 1)(0, 1, 1, 12)",2025-08-01,2025-09-01,1,414.73,318.10961658091156,360.9693074683489,408.5895357041709,456.20976393999285,499.0694548274302
RO1_DEMAND,test,Cement,SARIMA,"(0, 1, 1)(0, 1, 1, 12)",2025-09-01,2025-10-01,1,553.71,337.5127480389999,380.30003480174423,427.8398167984145,475.3795987950848,518.1668855578291
RO1_DEMAND,test,Cement,SARIMA,"(0, 1, 1)(0, 1, 1, 12)",2025-10-01,2025-11-01,1,373.57,346.36913517133985,389.3148544120568,437.03066639412384,484.7464783761909,527.6921976169078
RO1_DEMAND,test,Cement,SARIMA,"(0, 1, 1)(0, 1, 1, 12)",2025-11-01,2025-12-01,1,628.44,375.511010617908,418.44142082893893,466.14022336757273,513.8390259062065,556.7694361172374
RO1_DEMAND,test,Cement,SARIMA,"(0, 1, 1)(0, 1, 1, 12)",2025-12-01,2026-01-01,1,455.63,396.29321886684414,439.5303212989346,487.5698811613522,535.6094410237698,578.8465434558602
RO1_DEMAND,test,Cement,SARIMA,"(0, 1, 1)(0, 1, 1, 12)",2026-01-01,2026-02-01,1,396.88,296.2143664944441,339.37847944585445,387.3369426961213,435.29540594638814,478.4595188977985
RO1_DEMAND,test,Cement,SARIMA,"(0, 1, 1)(0, 1, 1, 12)",2026-02-01,2026-03-01,1,444.92,404.20938145431876,447.2953855533585,495.16706419785453,543.0387428423505,586.1247469413903
RO1_DEMAND,test,Cement,SARIMA,"(0, 1, 1)(0, 1, 1, 12)",2026-03-01,2026-04-01,1,420.73,346.93753576672987,389.98378369064545,437.8112903382373,485.6387969858292,528.6850449097448
RO1_DEMAND,test,Cement,SARIMA,"(0, 1, 1)(0, 1, 1, 12)",2026-04-01,2026-05-01,1,455.34,337.532577042157,380.50947347710235,428.25992558545516,476.010377693808,518.9872741287533
RO1_DEMAND,test,Cement,SARIMA,"(0, 1, 1)(0, 1, 1, 12)",2024-03-01,2024-06-01,3,397.81,257.8667625880464,304.8904516738214,357.1371842187659,409.38391676371043,456.40760584948544
RO1_DEMAND,test,Cement,SARIMA,"(0, 1, 1)(0, 1, 1, 12)",2024-04-01,2024-07-01,3,412.14,296.54541379489615,343.47571270189945,395.6186819780007,447.761651254102,494.6919501611053
RO1_DEMAND,test,Cement,SARIMA,"(0, 1, 1)(0, 1, 1, 12)",2024-05-01,2024-08-01,3,399.41,292.748238706116,339.6216997509648,391.7015180357223,443.7813363204798,490.6547973653286
RO1_DEMAND,test,Cement,SARIMA,"(0, 1, 1)(0, 1, 1, 12)",2024-06-01,2024-09-01,3,337.8,289.98960086958186,336.78438496327294,388.77678744326244,440.76918992325193,487.563974016943
RO1_DEMAND,test,Cement,SARIMA,"(0, 1, 1)(0, 1, 1, 12)",2024-07-01,2024-10-01,3,410.73,309.91860481077276,356.6348693004073,408.5400307996818,460.44519229895633,507.16145678859084
RO1_DEMAND,test,Cement,SARIMA,"(0, 1, 1)(0, 1, 1, 12)",2024-08-01,2024-11-01,3,408.36,280.0410131351201,326.67292575890843,378.4843662111913,430.29580666347414,476.92771928726245
RO1_DEMAND,test,Cement,SARIMA,"(0, 1, 1)(0, 1, 1, 12)",2024-09-01,2024-12-01,3,370.42,315.83775180875944,362.4269791529838,414.19099316067366,465.9550071683635,512.5442345125879
RO1_DEMAND,test,Cement,SARIMA,"(0, 1, 1)(0, 1, 1, 12)",2024-10-01,2025-01-01,3,314.17,298.30983449457506,344.8124136807082,396.48015529400874,448.1478969073093,494.6504760934424
RO1_DEMAND,test,Cement,SARIMA,"(0, 1, 1)(0, 1, 1, 12)",2024-11-01,2025-02-01,3,379.05,212.61436481215108,259.0392716779082,310.6207137041766,362.202155730445,408.6270625962021
RO1_DEMAND,test,Cement,SARIMA,"(0, 1, 1)(0, 1, 1, 12)",2024-12-01,2025-03-01,3,382.02,304.58196454666313,350.9607640097159,402.49097736413256,454.02119071854924,500.399990181602
RO1_DEMAND,test,Cement,SARIMA,"(0, 1, 1)(0, 1, 1, 12)",2025-01-01,2025-04-01,3,372.25,238.19405473727647,284.61925449860075,336.20102195310875,387.78278940761675,434.207989168941
RO1_DEMAND,test,Cement,SARIMA,"(0, 1, 1)(0, 1, 1, 12)",2025-02-01,2025-05-01,3,356.5,264.3220355599659,310.71305185168114,362.2568389896967,413.80062612771223,460.19164241942747
RO1_DEMAND,test,Cement,SARIMA,"(0, 1, 1)(0, 1, 1, 12)",2025-03-01,2025-06-01,3,454.02,256.85948307346507,303.1692742062258,354.6228142956086,406.07635438499136,452.3861455177521
RO1_DEMAND,test,Cement,SARIMA,"(0, 1, 1)(0, 1, 1, 12)",2025-04-01,2025-07-01,3,431.58,288.84689918185234,335.0763621688532,386.4406518563867,437.80494154392017,484.03440453092105
RO1_DEMAND,test,Cement,SARIMA,"(0, 1, 1)(0, 1, 1, 12)",2025-05-01,2025-08-01,3,427.22,294.98512393202566,341.13384165130276,392.4084174842013,443.6829933170999,489.831711036377
RO1_DEMAND,test,Cement,SARIMA,"(0, 1, 1)(0, 1, 1, 12)",2025-06-01,2025-09-01,3,414.73,304.9168013953686,351.1372084398145,402.4914363176981,453.8456641955817,500.0660712400276
RO1_DEMAND,test,Cement,SARIMA,"(0, 1, 1)(0, 1, 1, 12)",2025-07-01,2025-10-01,3,553.71,327.8735986144753,374.0410452952951,425.3364303642104,476.6318154331257,522.7992621139455
RO1_DEMAND,test,Cement,SARIMA,"(0, 1, 1)(0, 1, 1, 12)",2025-08-01,2025-11-01,3,373.57,302.2013990036366,348.29265962118546,399.50339644261635,450.71413326404723,496.8053938815961
RO1_DEMAND,test,Cement,SARIMA,"(0, 1, 1)(0, 1, 1, 12)",2025-09-01,2025-12-01,3,628.44,351.4620601310529,397.48009215349214,448.609466689281,499.7388412250699,545.7568732475091
RO1_DEMAND,test,Cement,SARIMA,"(0, 1, 1)(0, 1, 1, 12)",2025-10-01,2026-01-01,3,455.63,362.12995284909573,408.39519171612505,459.7992310037376,511.2032702913501,557.4685091583794
RO1_DEMAND,test,Cement,SARIMA,"(0, 1, 1)(0, 1, 1, 12)",2025-11-01,2026-02-01,3,396.88,253.29569308049645,299.41644801669395,350.65995516746284,401.90346231823173,448.02421725442923
RO1_DEMAND,test,Cement,SARIMA,"(0, 1, 1)(0, 1, 1, 12)",2025-12-01,2026-03-01,3,444.92,403.5517635331082,450.0978831035421,501.8140012448797,553.5301193862173,600.0762389566512
RO1_DEMAND,test,Cement,SARIMA,"(0, 1, 1)(0, 1, 1, 12)",2026-01-01,2026-04-01,3,420.73,351.2324279292578,397.6461165954795,449.21509438761063,500.78407217974177,547.1977608459634
RO1_DEMAND,test,Cement,SARIMA,"(0, 1, 1)(0, 1, 1, 12)",2026-02-01,2026-05-01,3,455.34,349.3008064317302,395.64274847516685,447.13201056050144,498.62127264583603,544.9632146892726
RO1_DEMAND,test,Cement,SARIMA,"(0, 1, 1)(0, 1, 1, 12)",2023-12-01,2024-06-01,6,397.81,263.2143236075309,315.1411085469683,372.8355365553898,430.5299645638113,482.4567495032487
RO1_DEMAND,test,Cement,SARIMA,"(0, 1, 1)(0, 1, 1, 12)",2024-01-01,2024-07-01,6,412.14,299.2585161454246,351.137445978332,408.7787034890662,466.41996099980037,518.2988908327077
RO1_DEMAND,test,Cement,SARIMA,"(0, 1, 1)(0, 1, 1, 12)",2024-02-01,2024-08-01,6,399.41,320.92863747796673,372.84080172973427,430.51898509267676,488.19716845561925,540.1093327073868
RO1_DEMAND,test,Cement,SARIMA,"(0, 1, 1)(0, 1, 1, 12)",2024-03-01,2024-09-01,6,337.8,268.6509656957609,320.42143131720314,377.94217721438065,435.46292311155815,487.2333887330004
RO1_DEMAND,test,Cement,SARIMA,"(0, 1, 1)(0, 1, 1, 12)",2024-04-01,2024-10-01,6,410.73,294.18276311023976,345.82037255766045,403.1935055999981,460.56663864233576,512.2042480897564
RO1_DEMAND,test,Cement,SARIMA,"(0, 1, 1)(0, 1, 1, 12)",2024-05-01,2024-11-01,6,408.36,255.67379753994322,307.2539279550469,364.56319761944053,421.87246728383417,473.45259769893784
RO1_DEMAND,test,Cement,SARIMA,"(0, 1, 1)(0, 1, 1, 12)",2024-06-01,2024-12-01,6,370.42,318.6434801881662,370.110467246701,427.29402642761664,484.4775856085323,535.9445726670671
RO1_DEMAND,test,Cement,SARIMA,"(0, 1, 1)(0, 1, 1, 12)",2024-07-01,2025-01-01,6,314.17,299.9367953990343,351.319727253122,408.40989499939826,465.50006274567454,516.8829945997622
RO1_DEMAND,test,Cement,SARIMA,"(0, 1, 1)(0, 1, 1, 12)",2024-08-01,2025-02-01,6,379.05,200.65395361424646,251.92999997838976,308.9014101853357,365.8728203922816,417.1488667564249
RO1_DEMAND,test,Cement,SARIMA,"(0, 1, 1)(0, 1, 1, 12)",2024-09-01,2025-03-01,6,382.02,294.7248529857193,345.9450188298291,402.8543417220317,459.76366461423424,510.9838304583441
RO1_DEMAND,test,Cement,SARIMA,"(0, 1, 1)(0, 1, 1, 12)",2024-10-01,2025-04-01,6,372.25,256.0718453275968,307.1810959269574,363.967183929677,420.75327193239656,471.8625225317572
RO1_DEMAND,test,Cement,SARIMA,"(0, 1, 1)(0, 1, 1, 12)",2024-11-01,2025-05-01,6,356.5,263.03348332668736,314.06228005314625,370.75897796203384,427.4556758709214,478.4844725973803
RO1_DEMAND,test,Cement,SARIMA,"(0, 1, 1)(0, 1, 1, 12)",2024-12-01,2025-06-01,6,454.02,246.51955961789577,297.4739780352231,354.08803624272,410.7020944502169,461.6565128675443
RO1_DEMAND,test,Cement,SARIMA,"(0, 1, 1)(0, 1, 1, 12)",2025-01-01,2025-07-01,6,431.58,252.54106418388508,303.58906975144475,360.307110077378,417.0251504033113,468.07315597087097
RO1_DEMAND,test,Cement,SARIMA,"(0, 1, 1)(0, 1, 1, 12)",2025-02-01,2025-08-01,6,427.22,289.7498000336029,340.60869753251546,397.1166250647316,453.6245525969477,504.48345009586023
RO1_DEMAND,test,Cement,SARIMA,"(0, 1, 1)(0, 1, 1, 12)",2025-03-01,2025-09-01,6,414.73,265.16570891480256,315.92395901844014,372.32005998739606,428.716160956352,479.47441105998956
RO1_DEMAND,test,Cement,SARIMA,"(0, 1, 1)(0, 1, 1, 12)",2025-04-01,2025-10-01,6,553.71,286.70323840130607,337.3725617960442,393.6698587352376,449.967155674431,500.6364790691691
RO1_DEMAND,test,Cement,SARIMA,"(0, 1, 1)(0, 1, 1, 12)",2025-05-01,2025-11-01,6,373.57,259.8780397566977,310.4588400223903,366.6577813383393,422.8567226542883,473.4375229199809
RO1_DEMAND,test,Cement,SARIMA,"(0, 1, 1)(0, 1, 1, 12)",2025-06-01,2025-12-01,6,628.44,333.82219606905926,384.4882789812683,440.78197550910943,497.07567203695055,547.7417549491596
RO1_DEMAND,test,Cement,SARIMA,"(0, 1, 1)(0, 1, 1, 12)",2025-07-01,2026-01-01,6,455.63,314.60777823221383,365.24085706992713,421.49788367487207,477.754910279817,528.3879891175303
RO1_DEMAND,test,Cement,SARIMA,"(0, 1, 1)(0, 1, 1, 12)",2025-08-01,2026-02-01,6,396.88,224.69711990705287,275.2394908404962,331.3957343783053,387.55197791611437,438.0943488495577
RO1_DEMAND,test,Cement,SARIMA,"(0, 1, 1)(0, 1, 1, 12)",2025-09-01,2026-03-01,6,444.92,331.7018962431307,382.1667807651428,438.2369312742545,494.30708178336624,544.7719663053783
RO1_DEMAND,test,Cement,SARIMA,"(0, 1, 1)(0, 1, 1, 12)",2025-10-01,2026-04-01,6,420.73,323.51550960880695,374.33979688657473,430.8092699503595,487.2787430141443,538.1030302919121
RO1_DEMAND,test,Cement,SARIMA,"(0, 1, 1)(0, 1, 1, 12)",2025-11-01,2026-05-01,6,455.34,301.0381266137981,351.5803055232325,407.7363357084264,463.8923658936203,514.4345448030547
RO1_DEMAND,test,Cement,SARIMA,"(0, 1, 1)(0, 1, 1, 12)",2023-06-01,2024-06-01,12,397.81,219.38685310379816,280.55129822772494,348.50943736522714,416.46757650272934,477.6320216266561
RO1_DEMAND,test,Cement,SARIMA,"(0, 1, 1)(0, 1, 1, 12)",2023-07-01,2024-07-01,12,412.14,262.31434312636156,323.45286918210434,391.3822103531018,459.3115515240993,520.4500775798421
RO1_DEMAND,test,Cement,SARIMA,"(0, 1, 1)(0, 1, 1, 12)",2023-08-01,2024-08-01,12,399.41,263.0612670830443,324.0177226903586,391.74477037464067,459.47181805892274,520.428273666237
RO1_DEMAND,test,Cement,SARIMA,"(0, 1, 1)(0, 1, 1, 12)",2023-09-01,2024-09-01,12,337.8,268.7946729886768,329.8181745554726,397.61971516834774,465.4212557812229,526.4447573480187
RO1_DEMAND,test,Cement,SARIMA,"(0, 1, 1)(0, 1, 1, 12)",2023-10-01,2024-10-01,12,410.73,260.74722962799797,321.41660674078815,388.82468937544496,456.23277201010177,516.902149122892
RO1_DEMAND,test,Cement,SARIMA,"(0, 1, 1)(0, 1, 1, 12)",2023-11-01,2024-11-01,12,408.36,239.06920262572135,299.6113267427136,366.87802206033376,434.14471737795395,494.6868414949462
RO1_DEMAND,test,Cement,SARIMA,"(0, 1, 1)(0, 1, 1, 12)",2023-12-01,2024-12-01,12,370.42,304.4587656666803,364.948879665601,432.157787966053,499.36669626650496,559.8568102654257
RO1_DEMAND,test,Cement,SARIMA,"(0, 1, 1)(0, 1, 1, 12)",2024-01-01,2025-01-01,12,314.17,288.5823364579472,349.04505355621313,416.2235219109931,483.40199026577307,543.8647073640391
RO1_DEMAND,test,Cement,SARIMA,"(0, 1, 1)(0, 1, 1, 12)",2024-02-01,2025-02-01,12,379.05,205.98474804200276,266.55926438364963,333.8619498145717,401.16463524549374,461.7391515871406
RO1_DEMAND,test,Cement,SARIMA,"(0, 1, 1)(0, 1, 1, 12)",2024-03-01,2025-03-01,12,382.02,278.13618763380276,338.28530730876287,405.11534615873825,471.94538500871363,532.0945046836737
RO1_DEMAND,test,Cement,SARIMA,"(0, 1, 1)(0, 1, 1, 12)",2024-04-01,2025-04-01,12,372.25,244.0034752986715,303.95008352703167,370.5551174572846,437.16015138753755,497.1067596158977
RO1_DEMAND,test,Cement,SARIMA,"(0, 1, 1)(0, 1, 1, 12)",2024-05-01,2025-05-01,12,356.5,228.69250662616327,288.5751604727174,355.10913644162656,421.6431124105357,481.52576625708986
RO1_DEMAND,test,Cement,SARIMA,"(0, 1, 1)(0, 1, 1, 12)",2024-06-01,2025-06-01,12,454.02,241.50563330559277,301.21544253257304,367.5573755804295,433.89930862828595,493.6091178552662
RO1_DEMAND,test,Cement,SARIMA,"(0, 1, 1)(0, 1, 1, 12)",2024-07-01,2025-07-01,12,431.58,274.16073060390084,333.7731887274642,400.0069576316291,466.24072653579407,525.8531846593575
RO1_DEMAND,test,Cement,SARIMA,"(0, 1, 1)(0, 1, 1, 12)",2024-08-01,2025-08-01,12,427.22,278.30298824990075,337.7971667330136,403.8995183694083,470.001870005803,529.4960484889159
RO1_DEMAND,test,Cement,SARIMA,"(0, 1, 1)(0, 1, 1, 12)",2024-09-01,2025-09-01,12,414.73,246.7049866303197,306.12675138133505,372.14864610405425,438.17054082677345,497.5923055777888
RO1_DEMAND,test,Cement,SARIMA,"(0, 1, 1)(0, 1, 1, 12)",2024-10-01,2025-10-01,12,553.71,270.16758593792036,329.4430371108565,395.30236682580573,461.161696540755,520.437147713691
RO1_DEMAND,test,Cement,SARIMA,"(0, 1, 1)(0, 1, 1, 12)",2024-11-01,2025-11-01,12,373.57,254.9527415955439,314.1243442922307,379.8682908105553,445.6122373288799,504.78384002556675
RO1_DEMAND,test,Cement,SARIMA,"(0, 1, 1)(0, 1, 1, 12)",2024-12-01,2025-12-01,12,628.44,285.41425143611974,344.46571008702927,410.07616784790775,475.68662560878624,534.7380842596958
RO1_DEMAND,test,Cement,SARIMA,"(0, 1, 1)(0, 1, 1, 12)",2025-01-01,2026-01-01,12,455.63,238.67812933559586,297.8989334858145,363.6975463910917,429.4961592963689,488.71696344658756
RO1_DEMAND,test,Cement,SARIMA,"(0, 1, 1)(0, 1, 1, 12)",2025-02-01,2026-02-01,12,396.88,179.13887835709747,237.92818454673295,303.24737189058396,368.566559234435,427.35586542407043
RO1_DEMAND,test,Cement,SARIMA,"(0, 1, 1)(0, 1, 1, 12)",2025-03-01,2026-03-01,12,444.92,276.3970768807394,335.04715231939343,400.2116441906011,465.3761360618087,524.0262115004628
RO1_DEMAND,test,Cement,SARIMA,"(0, 1, 1)(0, 1, 1, 12)",2025-04-01,2026-04-01,12,420.73,237.2274487511457,295.76862562127616,360.81212327670033,425.8556209321245,484.396797802255
RO1_DEMAND,test,Cement,SARIMA,"(0, 1, 1)(0, 1, 1, 12)",2025-05-01,2026-05-01,12,455.34,232.24453361057653,290.6794247685849,355.60483128138395,420.530237794183,478.9651289521914
RO1_DEMAND,test,Granite,ETS,ETS_AAd_A,2024-05-01,2024-06-01,1,1704.7,1590.873705782942,1698.2302011225777,1826.6519088721334,1953.5735746282496,2071.4558957814493
RO1_DEMAND,test,Granite,ETS,ETS_AAd_A,2024-06-01,2024-07-01,1,1951.4,1589.4511229253405,1696.708201686401,1825.0109855947967,1951.8151166110106,2069.588273833267
RO1_DEMAND,test,Granite,ETS,ETS_AAd_A,2024-07-01,2024-08-01,1,1870.9,1615.8249502736824,1722.959160727839,1851.114967429583,1977.773838020412,2095.4120802459724
RO1_DEMAND,test,Granite,ETS,ETS_AAd_A,2024-08-01,2024-09-01,1,1821.8,1651.852032531277,1758.807150337571,1886.7487232976946,2013.1958625245343,2130.6374528664364
RO1_DEMAND,test,Granite,ETS,ETS_AAd_A,2024-09-01,2024-10-01,1,1803.3,1649.0772178269792,1755.8710175499464,1883.6196190118276,2009.8760407623968,2127.140496501997
RO1_DEMAND,test,Granite,ETS,ETS_AAd_A,2024-10-01,2024-11-01,1,1706.4,1483.2936169119846,1590.0720858692757,1717.802348402497,1844.0406454340095,1961.2882672946978
RO1_DEMAND,test,Granite,ETS,ETS_AAd_A,2024-11-01,2024-12-01,1,1760.4,1486.0408187774449,1592.5290173001601,1719.9120532887785,1845.8071795884262,1962.7360712923432
RO1_DEMAND,test,Granite,ETS,ETS_AAd_A,2024-12-01,2025-01-01,1,1589.2,1440.6185807230709,1546.9193719972707,1674.0782281742918,1799.7517932159917,1916.474903226067
RO1_DEMAND,test,Granite,ETS,ETS_AAd_A,2025-01-01,2025-02-01,1,1672.6,1198.9769233966242,1305.1461070382566,1432.1475318752018,1557.6655044685936,1674.2441033043851
RO1_DEMAND,test,Granite,ETS,ETS_AAd_A,2025-02-01,2025-03-01,1,1925.7,1677.1090338904648,1783.5007587498621,1910.7683912637592,2036.5494620699678,2153.3724212979214
RO1_DEMAND,test,Granite,ETS,ETS_AAd_A,2025-03-01,2025-04-01,1,1668.0,1600.9288698286118,1707.1438533519256,1834.2000648042647,1959.7721840727695,2076.4010732644824
RO1_DEMAND,test,Granite,ETS,ETS_AAd_A,2025-04-01,2025-05-01,1,1863.3,1447.0043843470944,1553.1778500111998,1680.184397077935,1805.707432070424,1922.2907327619043
RO1_DEMAND,test,Granite,ETS,ETS_AAd_A,2025-05-01,2025-06-01,1,1765.6,1584.4191466788207,1690.472492383822,1817.3353498653655,1942.7163736525536,2059.167777158388
RO1_DEMAND,test,Granite,ETS,ETS_AAd_A,2025-06-01,2025-07-01,1,2113.3,1647.9646817786572,1753.8665736222772,1880.5482593595098,2005.7502275962077,2122.035327864677
RO1_DEMAND,test,Granite,ETS,ETS_AAd_A,2025-07-01,2025-08-01,1,2098.6,1756.8205984150622,1862.7971474452584,1989.568139408123,2114.8583707205757,2231.2254479799717
RO1_DEMAND,test,Granite,ETS,ETS_AAd_A,2025-08-01,2025-09-01,1,2107.6,1859.7469461845267,1965.5965593111391,2092.215708337427,2217.355870329192,2333.5835661854894
RO1_DEMAND,test,Granite,ETS,ETS_AAd_A,2025-09-01,2025-10-01,1,2147.9,1917.9124590522422,2023.5967297429115,2150.0180932703333,2274.962780015596,2391.00892234714
RO1_DEMAND,test,Granite,ETS,ETS_AAd_A,2025-10-01,2025-11-01,1,2010.2,1820.0900967423943,1925.604459271751,2051.8225757001746,2176.5663893935453,2292.4259648259463
RO1_DEMAND,test,Granite,ETS,ETS_AAd_A,2025-11-01,2025-12-01,1,2282.5,1796.1220126267215,1901.4603170494868,2027.4678297073601,2152.003499607588,2267.6697552208466
RO1_DEMAND,test,Granite,ETS,ETS_AAd_A,2025-12-01,2026-01-01,1,2383.6,1918.4211064415774,2023.9121307921987,2150.1023296851304,2274.818551936442,2390.652500985715
RO1_DEMAND,test,Granite,ETS,ETS_AAd_A,2026-01-01,2026-02-01,1,1726.7,1945.1129939999894,2050.696953874225,2176.9983238576015,2301.8244186548427,2417.7604151415494
RO1_DEMAND,test,Granite,ETS,ETS_AAd_A,2026-02-01,2026-03-01,1,1890.0,1860.3996713843417,1966.8523466144707,2094.1928890223853,2220.046018091647,2336.9359036024894
RO1_DEMAND,test,Granite,ETS,ETS_AAd_A,2026-03-01,2026-04-01,1,2102.3,1599.565378885812,1706.0747023563893,1833.4830083752186,1959.4031095360815,2076.355197394832
RO1_DEMAND,test,Granite,ETS,ETS_AAd_A,2026-04-01,2026-05-01,1,2054.7,1803.5288477702866,1910.2110292324965,2037.8261109886798,2163.9505726231955,2281.092466429123
RO1_DEMAND,test,Granite,ETS,ETS_AAd_A,2024-03-01,2024-06-01,3,1704.7,1212.8888746949228,1374.059242522213,1557.501776802492,1756.6027549500548,1933.6986696506992
RO1_DEMAND,test,Granite,ETS,ETS_AAd_A,2024-04-01,2024-07-01,3,1951.4,1219.9701037730106,1380.7487967499999,1564.0662856735075,1762.6452561286285,1939.796539326562
RO1_DEMAND,test,Granite,ETS,ETS_AAd_A,2024-05-01,2024-08-01,3,1870.9,1513.75392167908,1675.0228947433607,1859.0139753193498,2058.989400740524,2237.7319385220244
RO1_DEMAND,test,Granite,ETS,ETS_AAd_A,2024-06-01,2024-09-01,3,1821.8,1431.1599388522952,1591.313915818353,1774.6515331332982,1972.4331307878533,2149.572117757033
RO1_DEMAND,test,Granite,ETS,ETS_AAd_A,2024-07-01,2024-10-01,3,1803.3,1585.6278883971788,1745.409616107716,1928.6239301923588,2125.849735194242,2302.7875513711247
RO1_DEMAND,test,Granite,ETS,ETS_AAd_A,2024-08-01,2024-11-01,3,1706.4,1510.0732816205007,1669.6561909728812,1852.5615745653554,2049.550879427093,2226.186141044974
RO1_DEMAND,test,Granite,ETS,ETS_AAd_A,2024-09-01,2024-12-01,3,1760.4,1465.5342384331416,1624.7807606768588,1807.413995963207,2003.9755827121237,2180.3539216242316
RO1_DEMAND,test,Granite,ETS,ETS_AAd_A,2024-10-01,2025-01-01,3,1589.2,1313.9673321418113,1474.086026205674,1656.243583645455,1854.80085422014,2031.6278381524985
RO1_DEMAND,test,Granite,ETS,ETS_AAd_A,2024-11-01,2025-02-01,3,1672.6,1141.2937101288815,1300.4328500974257,1482.3375259554768,1678.9226703246288,1854.8537916416515
RO1_DEMAND,test,Granite,ETS,ETS_AAd_A,2024-12-01,2025-03-01,3,1925.7,1455.2443936418342,1614.00683135781,1795.6774461174284,1991.7560757371434,2167.3326337868607
RO1_DEMAND,test,Granite,ETS,ETS_AAd_A,2025-01-01,2025-04-01,3,1668.0,1301.0947552650957,1459.5509755498515,1641.092303856552,1836.7150482419502,2012.0477878609577
RO1_DEMAND,test,Granite,ETS,ETS_AAd_A,2025-02-01,2025-05-01,3,1863.3,1476.401130243966,1635.4682454730387,1817.143862836092,2013.6707748479166,2189.476065874101
RO1_DEMAND,test,Granite,ETS,ETS_AAd_A,2025-03-01,2025-06-01,3,1765.6,1479.3317689733465,1638.203330478099,1819.51595874166,2015.8305195912026,2191.375706111835
RO1_DEMAND,test,Granite,ETS,ETS_AAd_A,2025-04-01,2025-07-01,3,2113.3,1446.6278619049012,1604.9891111081076,1786.5599365041912,1982.033997765976,2157.3838638235516
RO1_DEMAND,test,Granite,ETS,ETS_AAd_A,2025-05-01,2025-08-01,3,2098.6,1519.7266393799537,1677.3437113780556,1857.463472885584,2051.9013810466504,2226.4835561767068
RO1_DEMAND,test,Granite,ETS,ETS_AAd_A,2025-06-01,2025-09-01,3,2107.6,1491.5675041652376,1649.0564222025719,1828.6858093432334,2022.8408097909642,2196.825735495471
RO1_DEMAND,test,Granite,ETS,ETS_AAd_A,2025-07-01,2025-10-01,3,2147.9,1722.6341770861259,1880.355556200801,2059.8195053672707,2254.1048233269985,2427.776539309612
RO1_DEMAND,test,Granite,ETS,ETS_AAd_A,2025-08-01,2025-11-01,3,2010.2,1714.263164068467,1871.5129580582511,2051.441807777309,2245.5096742978913,2419.894860903029
RO1_DEMAND,test,Granite,ETS,ETS_AAd_A,2025-09-01,2025-12-01,3,2282.5,1735.5086008500975,1892.4614257840376,2072.19866837688,2266.000183096335,2440.163780551978
RO1_DEMAND,test,Granite,ETS,ETS_AAd_A,2025-10-01,2026-01-01,3,2383.6,1652.8435904633736,1809.5388673358534,1988.9925400444695,2182.4899137867546,2356.3786712064034
RO1_DEMAND,test,Granite,ETS,ETS_AAd_A,2025-11-01,2026-02-01,3,1726.7,1454.5589941453918,1611.0351172080802,1790.1286633216178,1983.2598407051837,2156.8165840985594
RO1_DEMAND,test,Granite,ETS,ETS_AAd_A,2025-12-01,2026-03-01,3,1890.0,1938.917309320998,2095.751790595755,2274.788717313336,2468.1927989131436,2641.6585847993383
RO1_DEMAND,test,Granite,ETS,ETS_AAd_A,2026-01-01,2026-04-01,3,2102.3,2030.4939711002405,2187.916306881938,2368.481319708372,2562.788645497555,2737.170835145314
RO1_DEMAND,test,Granite,ETS,ETS_AAd_A,2026-02-01,2026-05-01,3,2054.7,1662.779153238917,1820.775330136239,1998.8765892149486,2193.1234440229036,2366.96429804606
RO1_DEMAND,test,Granite,ETS,ETS_AAd_A,2023-12-01,2024-06-01,6,1704.7,1019.3717608458636,1248.5219622653326,1502.4575978346115,1760.9406199770326,1983.757750247474
RO1_DEMAND,test,Granite,ETS,ETS_AAd_A,2024-01-01,2024-07-01,6,1951.4,1292.7253395361217,1521.1766007014407,1774.5400015694627,2033.237245541627,2255.1614133289277
RO1_DEMAND,test,Granite,ETS,ETS_AAd_A,2024-02-01,2024-08-01,6,1870.9,983.9143133552683,1212.032951033026,1465.4483418245588,1724.517340382471,1946.3817710926799
RO1_DEMAND,test,Granite,ETS,ETS_AAd_A,2024-03-01,2024-09-01,6,1821.8,1153.7382447689176,1380.0162871378284,1630.8271411581122,1887.6822423678932,2107.0447424105314
RO1_DEMAND,test,Granite,ETS,ETS_AAd_A,2024-04-01,2024-10-01,6,1803.3,1107.9376199255344,1333.1570792524296,1583.8170552199426,1839.691111070219,2058.4290135523574
RO1_DEMAND,test,Granite,ETS,ETS_AAd_A,2024-05-01,2024-11-01,6,1706.4,1383.8154914565976,1609.4703281508132,1861.1462014850263,2117.882395577379,2337.125155430578
RO1_DEMAND,test,Granite,ETS,ETS_AAd_A,2024-06-01,2024-12-01,6,1760.4,1294.239600063937,1516.768213366368,1767.1276780926173,2022.5872521815763,2239.70007008085
RO1_DEMAND,test,Granite,ETS,ETS_AAd_A,2024-07-01,2025-01-01,6,1589.2,1317.6368153329652,1539.8007518622085,1789.8062473965356,2044.628287090315,2261.3225077882353
RO1_DEMAND,test,Granite,ETS,ETS_AAd_A,2024-08-01,2025-02-01,6,1672.6,1164.6214010267788,1386.449579693724,1636.0618846937327,1890.5849530808314,2106.9794927012604
RO1_DEMAND,test,Granite,ETS,ETS_AAd_A,2024-09-01,2025-03-01,6,1925.7,1395.4933781519835,1616.9199328231766,1866.1210892901827,2120.069408019972,2336.0627672526766
RO1_DEMAND,test,Granite,ETS,ETS_AAd_A,2024-10-01,2025-04-01,6,1668.0,1234.4518314117863,1457.7500459893797,1706.7370894470469,1962.2250276011678,2179.068133796533
RO1_DEMAND,test,Granite,ETS,ETS_AAd_A,2024-11-01,2025-05-01,6,1863.3,1217.177437796923,1438.179591506159,1686.7810794808806,1940.5904671994099,2156.2473954450984
RO1_DEMAND,test,Granite,ETS,ETS_AAd_A,2024-12-01,2025-06-01,6,1765.6,1242.855371313479,1463.4187208372705,1711.5560488741835,1964.7894826574077,2179.991922508582
RO1_DEMAND,test,Granite,ETS,ETS_AAd_A,2025-01-01,2025-07-01,6,2113.3,1280.5610567660901,1500.7851375722903,1748.5798776770048,2001.318143608286,2216.16467407993
RO1_DEMAND,test,Granite,ETS,ETS_AAd_A,2025-02-01,2025-08-01,6,2098.6,1399.275463459094,1620.118440538538,1868.5107908734221,2122.181136159463,2337.7042732887285
RO1_DEMAND,test,Granite,ETS,ETS_AAd_A,2025-03-01,2025-09-01,6,2107.6,1427.2634944077645,1647.8018920428945,1895.7737038296675,2149.1091891120914,2364.332928071385
RO1_DEMAND,test,Granite,ETS,ETS_AAd_A,2025-04-01,2025-10-01,6,2147.9,1333.685903867477,1553.8659574190276,1801.6339738645138,2054.1939014545646,2268.956232100043
RO1_DEMAND,test,Granite,ETS,ETS_AAd_A,2025-05-01,2025-11-01,6,2010.2,1388.0826486050696,1606.5023917208669,1851.6830142506547,2102.9870480229274,2316.687002856832
RO1_DEMAND,test,Granite,ETS,ETS_AAd_A,2025-06-01,2025-12-01,6,2282.5,1356.4368485809464,1574.469666226793,1818.7834190347785,2069.8092592964463,2282.8827089469387
RO1_DEMAND,test,Granite,ETS,ETS_AAd_A,2025-07-01,2026-01-01,6,2383.6,1455.317495186687,1673.410060913042,1917.3005463666132,2168.6225125471015,2381.3737416448766
RO1_DEMAND,test,Granite,ETS,ETS_AAd_A,2025-08-01,2026-02-01,6,1726.7,1376.4600510239018,1594.5100979068416,1839.6091346101675,2090.394514480636,2303.795193403955
RO1_DEMAND,test,Granite,ETS,ETS_AAd_A,2025-09-01,2026-03-01,6,1890.0,1670.715513262956,1888.4646751620135,2133.4870251788507,2383.85592037573,2596.9710776582315
RO1_DEMAND,test,Granite,ETS,ETS_AAd_A,2025-10-01,2026-04-01,6,2102.3,1573.7532512318608,1791.156374147791,2035.8159086249368,2285.779772758787,2498.5571641414094
RO1_DEMAND,test,Granite,ETS,ETS_AAd_A,2025-11-01,2026-05-01,6,2054.7,1538.2426880122637,1755.250327913751,1999.2493369072758,2248.8165096823323,2461.1994611000882
RO1_DEMAND,test,Granite,ETS,ETS_AAd_A,2023-06-01,2024-06-01,12,1704.7,988.9490306325836,1301.468262288573,1678.9448764544045,2035.7878315423613,2372.538041907825
RO1_DEMAND,test,Granite,ETS,ETS_AAd_A,2023-07-01,2024-07-01,12,1951.4,1003.1690539705132,1315.480662926793,1692.936409899935,2049.410005334731,2385.991787353786
RO1_DEMAND,test,Granite,ETS,ETS_AAd_A,2023-08-01,2024-08-01,12,1870.9,1048.177596226231,1359.97352706064,1735.815598119313,2092.2383030548453,2427.67564713233
RO1_DEMAND,test,Granite,ETS,ETS_AAd_A,2023-09-01,2024-09-01,12,1821.8,1046.1464447292922,1358.093342826423,1735.3038869468137,2091.369682148551,2427.484427573879
RO1_DEMAND,test,Granite,ETS,ETS_AAd_A,2023-10-01,2024-10-01,12,1803.3,1065.2426732839183,1376.031562260102,1750.6517507120934,2105.926741333441,2440.2752494278407
RO1_DEMAND,test,Granite,ETS,ETS_AAd_A,2023-11-01,2024-11-01,12,1706.4,944.2139068891493,1254.4747550138632,1628.5332059900793,1983.172141879338,2317.0034871524736
RO1_DEMAND,test,Granite,ETS,ETS_AAd_A,2023-12-01,2024-12-01,12,1760.4,866.4728207630455,1176.3630574285294,1550.1586916945284,1904.2941812978154,2237.8520615020598
RO1_DEMAND,test,Granite,ETS,ETS_AAd_A,2024-01-01,2025-01-01,12,1589.2,955.252100397043,1264.2943708379416,1636.8237577052564,1991.0384659250692,2323.7317236863237
RO1_DEMAND,test,Granite,ETS,ETS_AAd_A,2024-02-01,2025-02-01,12,1672.6,563.6263710548865,872.9094257661278,1244.9922689812665,1599.2038975967637,1932.155767480101
RO1_DEMAND,test,Granite,ETS,ETS_AAd_A,2024-03-01,2025-03-01,12,1925.7,989.1680415991588,1295.462197388788,1662.9852661154148,2014.5374543484184,2344.069826773426
RO1_DEMAND,test,Granite,ETS,ETS_AAd_A,2024-04-01,2025-04-01,12,1668.0,817.9788593653342,1123.3882546895536,1489.7863158443965,1840.226263234499,2168.9436315397543
RO1_DEMAND,test,Granite,ETS,ETS_AAd_A,2024-05-01,2025-05-01,12,1863.3,1162.950827122747,1468.0706833885647,1836.4211911847387,2187.664497426387,2517.559377140089
RO1_DEMAND,test,Granite,ETS,ETS_AAd_A,2024-06-01,2025-06-01,12,1765.6,1058.37618660108,1359.8327374174262,1727.6186395422133,2074.3266706540135,2401.6386297801732
RO1_DEMAND,test,Granite,ETS,ETS_AAd_A,2024-07-01,2025-07-01,12,2113.3,1264.3197476695725,1565.136591438523,1932.4179214508085,2278.3954429973865,2605.1559870828073
RO1_DEMAND,test,Granite,ETS,ETS_AAd_A,2024-08-01,2025-08-01,12,2098.6,1202.630492622743,1503.0523288813042,1869.7966029030913,2215.272804048113,2541.5894819534924
RO1_DEMAND,test,Granite,ETS,ETS_AAd_A,2024-09-01,2025-09-01,12,2107.6,1169.5699671938942,1469.4146466827297,1835.4708651980286,2180.318030978268,2505.9990744019356
RO1_DEMAND,test,Granite,ETS,ETS_AAd_A,2024-10-01,2025-10-01,12,2147.9,1150.8875729516385,1452.4481714288418,1818.5175237387148,2166.2410893680517,2492.956023876378
RO1_DEMAND,test,Granite,ETS,ETS_AAd_A,2024-11-01,2025-11-01,12,2010.2,1046.876475408653,1346.333514396361,1711.4816758245902,2055.9329581871675,2380.922751053922
RO1_DEMAND,test,Granite,ETS,ETS_AAd_A,2024-12-01,2025-12-01,12,2282.5,1091.9236839623977,1390.7365783617875,1755.243019799172,2098.922269016234,2423.3225693210625
RO1_DEMAND,test,Granite,ETS,ETS_AAd_A,2025-01-01,2026-01-01,12,2383.6,944.2499369831885,1242.537385133145,1606.5937370670408,1949.62733808958,2273.602714887062
RO1_DEMAND,test,Granite,ETS,ETS_AAd_A,2025-02-01,2026-02-01,12,1726.7,968.094507458787,1267.3677041839765,1632.1843855904112,1976.4474253345538,2301.155892370023
RO1_DEMAND,test,Granite,ETS,ETS_AAd_A,2025-03-01,2026-03-01,12,1890.0,1262.2967313344363,1561.1560310531472,1925.3660277708195,2269.1750532420688,2593.3565776221926
RO1_DEMAND,test,Granite,ETS,ETS_AAd_A,2025-04-01,2026-04-01,12,2102.3,1037.6605996013036,1335.7986897184142,1699.8010188874214,2042.689907442378,2366.5387470240053
RO1_DEMAND,test,Granite,ETS,ETS_AAd_A,2025-05-01,2026-05-01,12,2054.7,1173.8673655027067,1472.2310518694699,1832.0284984390364,2174.1702776125912,2494.41975814202
RO1_DEMAND,test,Granite,SARIMA,"(1, 1, 1)(0, 1, 1, 12)",2024-05-01,2024-06-01,1,1704.7,1604.2518965049603,1715.1199336084803,1838.3023719698056,1961.4848103311308,2072.352847434651
RO1_DEMAND,test,Granite,SARIMA,"(1, 1, 1)(0, 1, 1, 12)",2024-06-01,2024-07-01,1,1951.4,1558.166214583223,1669.0263567893292,1792.2000233464494,1915.3736899035696,2026.2338321096756
RO1_DEMAND,test,Granite,SARIMA,"(1, 1, 1)(0, 1, 1, 12)",2024-07-01,2024-08-01,1,1870.9,1603.152635643507,1714.0057683667037,1837.171646879416,1960.337525392128,2071.190658115325
RO1_DEMAND,test,Granite,SARIMA,"(1, 1, 1)(0, 1, 1, 12)",2024-08-01,2024-09-01,1,1821.8,1623.8985333119722,1734.5676458581402,1857.5290645941097,1980.4904833300793,2091.1595958762473
RO1_DEMAND,test,Granite,SARIMA,"(1, 1, 1)(0, 1, 1, 12)",2024-09-01,2024-10-01,1,1803.3,1627.0938316686318,1737.5402633099584,1860.2542673937746,1982.9682714775909,2093.4147031189173
RO1_DEMAND,test,Granite,SARIMA,"(1, 1, 1)(0, 1, 1, 12)",2024-10-01,2024-11-01,1,1706.4,1474.9011280902141,1585.1123828754282,1707.5650883980097,1830.0177939205912,1940.2290487058053
RO1_DEMAND,test,Granite,SARIMA,"(1, 1, 1)(0, 1, 1, 12)",2024-11-01,2024-12-01,1,1760.4,1492.520280055071,1602.5227049958,1724.743385399886,1846.9640658039718,1956.9664907447009
RO1_DEMAND,test,Granite,SARIMA,"(1, 1, 1)(0, 1, 1, 12)",2024-12-01,2025-01-01,1,1589.2,1440.452943732818,1550.2966525748582,1672.3409878703405,1794.385323165823,1904.229032007863
RO1_DEMAND,test,Granite,SARIMA,"(1, 1, 1)(0, 1, 1, 12)",2025-01-01,2025-02-01,1,1672.6,1198.5305669747179,1308.2251169305214,1430.1037258742983,1551.9823348180753,1661.6768847738788
RO1_DEMAND,test,Granite,SARIMA,"(1, 1, 1)(0, 1, 1, 12)",2025-02-01,2025-03-01,1,1925.7,1693.4007178863465,1803.163776672574,1925.1185039007673,2047.0732311289607,2156.836289915188
RO1_DEMAND,test,Granite,SARIMA,"(1, 1, 1)(0, 1, 1, 12)",2025-03-01,2025-04-01,1,1668.0,1578.5240017398219,1688.0782979455423,1809.8010747904032,1931.523851635264,2041.0781478409845
RO1_DEMAND,test,Granite,SARIMA,"(1, 1, 1)(0, 1, 1, 12)",2025-04-01,2025-05-01,1,1863.3,1430.152006103505,1539.7478104599809,1661.5167058738675,1783.2856012877542,1892.88140564423
RO1_DEMAND,test,Granite,SARIMA,"(1, 1, 1)(0, 1, 1, 12)",2025-05-01,2025-06-01,1,1765.6,1588.620778334629,1698.13735713295,1819.8182271998658,1941.4990972667815,2051.0156760651025
RO1_DEMAND,test,Granite,SARIMA,"(1, 1, 1)(0, 1, 1, 12)",2025-06-01,2025-07-01,1,2113.3,1642.166926344268,1751.5466413434804,1873.0754457931268,1994.6042502427733,2103.983965241986
RO1_DEMAND,test,Granite,SARIMA,"(1, 1, 1)(0, 1, 1, 12)",2025-07-01,2025-08-01,1,2098.6,1759.8022523489465,1869.4718709222645,1991.3227792900552,2113.1736876578457,2222.843306231164
RO1_DEMAND,test,Granite,SARIMA,"(1, 1, 1)(0, 1, 1, 12)",2025-08-01,2025-09-01,1,2107.6,1830.4956099479496,1940.1006150079686,2061.879733071473,2183.6588511349773,2293.263856194996
RO1_DEMAND,test,Granite,SARIMA,"(1, 1, 1)(0, 1, 1, 12)",2025-09-01,2025-10-01,1,2147.9,1882.3194604559721,1991.7571355180394,2113.3503378054806,2234.943540092922,2344.381215154989
RO1_DEMAND,test,Granite,SARIMA,"(1, 1, 1)(0, 1, 1, 12)",2025-10-01,2025-11-01,1,2010.2,1782.249227276321,1891.5151583921481,2012.9175406865204,2134.3199229808924,2243.5858540967197
RO1_DEMAND,test,Granite,SARIMA,"(1, 1, 1)(0, 1, 1, 12)",2025-11-01,2025-12-01,1,2282.5,1777.6568514173453,1886.7253530126409,2007.9083767761063,2129.0914005395716,2238.159902134867
RO1_DEMAND,test,Granite,SARIMA,"(1, 1, 1)(0, 1, 1, 12)",2025-12-01,2026-01-01,1,2383.6,1883.1588889887732,1992.7143468452969,2114.4384143685375,2236.162481891778,2345.717939748302
RO1_DEMAND,test,Granite,SARIMA,"(1, 1, 1)(0, 1, 1, 12)",2026-01-01,2026-02-01,1,1726.7,1892.6067832125582,2002.2296412609905,2124.0285952907684,2245.827549320546,2355.4504073689786
RO1_DEMAND,test,Granite,SARIMA,"(1, 1, 1)(0, 1, 1, 12)",2026-02-01,2026-03-01,1,1890.0,1796.5673205047963,1906.8856376794433,2029.4572972895298,2152.0289568996163,2262.347274074263
RO1_DEMAND,test,Granite,SARIMA,"(1, 1, 1)(0, 1, 1, 12)",2026-03-01,2026-04-01,1,2102.3,1586.0832184985252,1696.2577302415023,1818.6696115765735,1941.0814929116448,2051.256004654622
RO1_DEMAND,test,Granite,SARIMA,"(1, 1, 1)(0, 1, 1, 12)",2026-04-01,2026-05-01,1,2054.7,1831.408533798278,1941.6039690832488,2064.039097992547,2186.474226901845,2296.669662186816
RO1_DEMAND,test,Granite,SARIMA,"(1, 1, 1)(0, 1, 1, 12)",2024-03-01,2024-06-01,3,1704.7,1201.7377686981004,1360.7214939175913,1537.3639550267187,1714.0064161358462,1872.990141355337
RO1_DEMAND,test,Granite,SARIMA,"(1, 1, 1)(0, 1, 1, 12)",2024-04-01,2024-07-01,3,1951.4,1249.1947385075678,1408.092309765337,1584.6390475681208,1761.1857853709046,1920.0833566286738
RO1_DEMAND,test,Granite,SARIMA,"(1, 1, 1)(0, 1, 1, 12)",2024-05-01,2024-08-01,3,1870.9,1459.7390006368319,1619.0689731920236,1796.0961402290452,1973.1233072660668,2132.4532798212585
RO1_DEMAND,test,Granite,SARIMA,"(1, 1, 1)(0, 1, 1, 12)",2024-06-01,2024-09-01,3,1821.8,1389.9527858319523,1548.8378140250961,1725.3706155724412,1901.9034171197864,2060.78844531293
RO1_DEMAND,test,Granite,SARIMA,"(1, 1, 1)(0, 1, 1, 12)",2024-07-01,2024-10-01,3,1803.3,1531.2230663537016,1690.2514346979376,1866.943497559796,2043.6355604216544,2202.6639287658904
RO1_DEMAND,test,Granite,SARIMA,"(1, 1, 1)(0, 1, 1, 12)",2024-08-01,2024-11-01,3,1706.4,1442.0365538880808,1600.8625613121017,1777.3297864999795,1953.7970116878573,2112.6230191118784
RO1_DEMAND,test,Granite,SARIMA,"(1, 1, 1)(0, 1, 1, 12)",2024-09-01,2024-12-01,3,1760.4,1430.5167145639186,1588.9748026852858,1765.0332428165761,1941.0916829478665,2099.5497710692334
RO1_DEMAND,test,Granite,SARIMA,"(1, 1, 1)(0, 1, 1, 12)",2024-10-01,2025-01-01,3,1589.2,1311.4342768671122,1469.5304731902297,1645.186825259929,1820.8431773296284,1978.9393736527459
RO1_DEMAND,test,Granite,SARIMA,"(1, 1, 1)(0, 1, 1, 12)",2024-11-01,2025-02-01,3,1672.6,1140.7983758264616,1298.5829058468328,1473.8929740268707,1649.2030422069085,1806.9875722272798
RO1_DEMAND,test,Granite,SARIMA,"(1, 1, 1)(0, 1, 1, 12)",2024-12-01,2025-03-01,3,1925.7,1454.8141267009532,1612.3598899035874,1787.40467081439,1962.4494517251928,2119.995214927827
RO1_DEMAND,test,Granite,SARIMA,"(1, 1, 1)(0, 1, 1, 12)",2025-01-01,2025-04-01,3,1668.0,1317.8427573020397,1475.2179672078869,1650.073251023606,1824.928534839325,1982.3037447451723
RO1_DEMAND,test,Granite,SARIMA,"(1, 1, 1)(0, 1, 1, 12)",2025-02-01,2025-05-01,3,1863.3,1443.0007533197704,1600.3075124088502,1775.0867423975374,1949.8659723862245,2107.1727314753043
RO1_DEMAND,test,Granite,SARIMA,"(1, 1, 1)(0, 1, 1, 12)",2025-03-01,2025-06-01,3,1765.6,1421.7764399685702,1578.782195838818,1753.2269893982239,1927.6717829576296,2084.6775388278775
RO1_DEMAND,test,Granite,SARIMA,"(1, 1, 1)(0, 1, 1, 12)",2025-04-01,2025-07-01,3,2113.3,1452.8593180979515,1609.7777824779123,1784.1255888541527,1958.4733952303932,2115.391859610354
RO1_DEMAND,test,Granite,SARIMA,"(1, 1, 1)(0, 1, 1, 12)",2025-05-01,2025-08-01,3,2098.6,1502.1172623006555,1658.813068483538,1832.9134854375989,2007.0139023916597,2163.709708574542
RO1_DEMAND,test,Granite,SARIMA,"(1, 1, 1)(0, 1, 1, 12)",2025-06-01,2025-09-01,3,2107.6,1486.2212242698704,1642.6535120302738,1816.461140885238,1990.268769740202,2146.7010575006057
RO1_DEMAND,test,Granite,SARIMA,"(1, 1, 1)(0, 1, 1, 12)",2025-07-01,2025-10-01,3,2147.9,1673.9556705662421,1830.8487643755568,2005.1683822058787,2179.4880000362004,2336.3810938455154
RO1_DEMAND,test,Granite,SARIMA,"(1, 1, 1)(0, 1, 1, 12)",2025-08-01,2025-11-01,3,2010.2,1623.6343824089286,1780.6444949688666,1955.0941291268186,2129.5437632847706,2286.5538758447087
RO1_DEMAND,test,Granite,SARIMA,"(1, 1, 1)(0, 1, 1, 12)",2025-09-01,2025-12-01,3,2282.5,1656.2874701925405,1813.1516137093977,1987.4390656629764,2161.726517616555,2318.590661133412
RO1_DEMAND,test,Granite,SARIMA,"(1, 1, 1)(0, 1, 1, 12)",2025-10-01,2026-01-01,3,2383.6,1570.2130044013802,1726.8852193688804,1900.9594247699038,2075.033630170927,2231.7058451384273
RO1_DEMAND,test,Granite,SARIMA,"(1, 1, 1)(0, 1, 1, 12)",2025-11-01,2026-02-01,3,1726.7,1398.3659593387588,1554.7447530222312,1728.4929460739972,1902.2411391257633,2058.6199328092357
RO1_DEMAND,test,Granite,SARIMA,"(1, 1, 1)(0, 1, 1, 12)",2025-12-01,2026-03-01,3,1890.0,1837.142295830482,1994.3415685050886,2169.0013732836665,2343.6611780622443,2500.860450736851
RO1_DEMAND,test,Granite,SARIMA,"(1, 1, 1)(0, 1, 1, 12)",2026-01-01,2026-04-01,3,2102.3,1859.5743333668702,2017.5662954834127,2193.106835782091,2368.6473760807694,2526.6393381973116
RO1_DEMAND,test,Granite,SARIMA,"(1, 1, 1)(0, 1, 1, 12)",2026-02-01,2026-05-01,3,2054.7,1595.8223915789974,1753.418908605366,1928.5200806991202,2103.6212527928747,2261.217769819243
RO1_DEMAND,test,Granite,SARIMA,"(1, 1, 1)(0, 1, 1, 12)",2023-12-01,2024-06-01,6,1704.7,1088.1809981968145,1274.5208424280097,1481.5579378429459,1688.595033257882,1874.9348774890773
RO1_DEMAND,test,Granite,SARIMA,"(1, 1, 1)(0, 1, 1, 12)",2024-01-01,2024-07-01,6,1951.4,1311.1819277449338,1496.997695776656,1703.4525044854793,1909.9073131943026,2095.723081226025
RO1_DEMAND,test,Granite,SARIMA,"(1, 1, 1)(0, 1, 1, 12)",2024-02-01,2024-08-01,6,1870.9,1136.6895228119895,1322.4006253922255,1528.7391431856227,1735.0776609790198,1920.7887635592558
RO1_DEMAND,test,Granite,SARIMA,"(1, 1, 1)(0, 1, 1, 12)",2024-03-01,2024-09-01,6,1821.8,1242.3923707902557,1427.5443103526545,1633.2615574373954,1838.9788045221362,2024.130744084535
RO1_DEMAND,test,Granite,SARIMA,"(1, 1, 1)(0, 1, 1, 12)",2024-04-01,2024-10-01,6,1803.3,1260.3041641259288,1445.3067718674672,1650.8581004575801,1856.409429047693,2041.4120367892315
RO1_DEMAND,test,Granite,SARIMA,"(1, 1, 1)(0, 1, 1, 12)",2024-05-01,2024-11-01,6,1706.4,1343.8158509753403,1529.152553301093,1735.0750852298959,1940.9976171586989,2126.3343194844515
RO1_DEMAND,test,Granite,SARIMA,"(1, 1, 1)(0, 1, 1, 12)",2024-06-01,2024-12-01,6,1760.4,1308.6574068898615,1493.112442915287,1698.0553795745,1902.998316233713,2087.4533522591382
RO1_DEMAND,test,Granite,SARIMA,"(1, 1, 1)(0, 1, 1, 12)",2024-07-01,2025-01-01,6,1589.2,1290.4148892167273,1475.2092936458312,1680.5292932400437,1885.8492928342562,2070.64369726336
RO1_DEMAND,test,Granite,SARIMA,"(1, 1, 1)(0, 1, 1, 12)",2024-08-01,2025-02-01,6,1672.6,1128.4299516352482,1313.0491575859185,1518.1744989509925,1723.2998403160666,1907.9190462667368
RO1_DEMAND,test,Granite,SARIMA,"(1, 1, 1)(0, 1, 1, 12)",2024-09-01,2025-03-01,6,1925.7,1405.4206201059305,1589.5598102157967,1794.1518191320686,1998.7438280483404,2182.8830181582066
RO1_DEMAND,test,Granite,SARIMA,"(1, 1, 1)(0, 1, 1, 12)",2024-10-01,2025-04-01,6,1668.0,1292.6712569380315,1476.3447116835296,1680.419254797098,1884.4937979106662,2068.1672526561642
RO1_DEMAND,test,Granite,SARIMA,"(1, 1, 1)(0, 1, 1, 12)",2024-11-01,2025-05-01,6,1863.3,1278.9025393365207,1462.2325128194725,1665.9254233132408,1869.618333807009,2052.9483072899607
RO1_DEMAND,test,Granite,SARIMA,"(1, 1, 1)(0, 1, 1, 12)",2024-12-01,2025-06-01,6,1765.6,1283.515047002843,1466.574550645585,1669.9669495104781,1873.3593483753712,2056.4188520181133
RO1_DEMAND,test,Granite,SARIMA,"(1, 1, 1)(0, 1, 1, 12)",2025-01-01,2025-07-01,6,2113.3,1370.7299215075686,1553.5376915974718,1756.6503962090328,1959.7631008205938,2142.570870910497
RO1_DEMAND,test,Granite,SARIMA,"(1, 1, 1)(0, 1, 1, 12)",2025-02-01,2025-08-01,6,2098.6,1405.1179983644197,1587.827856353434,1790.8317735123833,1993.8356906713325,2176.545548660347
RO1_DEMAND,test,Granite,SARIMA,"(1, 1, 1)(0, 1, 1, 12)",2025-03-01,2025-09-01,6,2107.6,1425.445178473507,1607.8035783374291,1810.417000003161,2013.030421668893,2195.388821532815
RO1_DEMAND,test,Granite,SARIMA,"(1, 1, 1)(0, 1, 1, 12)",2025-04-01,2025-10-01,6,2147.9,1425.2224711052427,1607.2929864103453,1809.5865474304985,2011.8801084506517,2193.9506237557543
RO1_DEMAND,test,Granite,SARIMA,"(1, 1, 1)(0, 1, 1, 12)",2025-05-01,2025-11-01,6,2010.2,1412.3325738392182,1594.1673712998931,1796.1990326815167,1998.2306940631402,2180.065491523815
RO1_DEMAND,test,Granite,SARIMA,"(1, 1, 1)(0, 1, 1, 12)",2025-06-01,2025-12-01,6,2282.5,1412.272396296886,1593.7232317975424,1795.3282835655325,1996.9333353335226,2178.3841708341793
RO1_DEMAND,test,Granite,SARIMA,"(1, 1, 1)(0, 1, 1, 12)",2025-07-01,2026-01-01,6,2383.6,1426.2477427839751,1608.3761578525794,1810.734049713568,2013.0919415745568,2195.220356643161
RO1_DEMAND,test,Granite,SARIMA,"(1, 1, 1)(0, 1, 1, 12)",2025-08-01,2026-02-01,6,1726.7,1307.4700763329813,1489.9409468890017,1692.6793316591486,1895.4177164292955,2077.8885869853157
RO1_DEMAND,test,Granite,SARIMA,"(1, 1, 1)(0, 1, 1, 12)",2025-09-01,2026-03-01,6,1890.0,1614.379291716199,1796.7826192059922,1999.4459587258607,2202.1092982457294,2384.5126257355223
RO1_DEMAND,test,Granite,SARIMA,"(1, 1, 1)(0, 1, 1, 12)",2025-10-01,2026-04-01,6,2102.3,1521.226394719928,1703.4736283664188,1905.9635362937968,2108.453444221175,2290.7006778676655
RO1_DEMAND,test,Granite,SARIMA,"(1, 1, 1)(0, 1, 1, 12)",2025-11-01,2026-05-01,6,2054.7,1512.6207863417299,1694.5359004760994,1896.656799513275,2098.7776985504506,2280.69281268482
RO1_DEMAND,test,Granite,SARIMA,"(1, 1, 1)(0, 1, 1, 12)",2023-06-01,2024-06-01,12,1704.7,1089.9290711408944,1302.7639316714085,1539.238913761706,1775.7138958520036,1988.5487563825177
RO1_DEMAND,test,Granite,SARIMA,"(1, 1, 1)(0, 1, 1, 12)",2023-07-01,2024-07-01,12,1951.4,1190.5831225360903,1402.5878631541264,1638.1405217540582,1873.69318035399,2085.697920972026
RO1_DEMAND,test,Granite,SARIMA,"(1, 1, 1)(0, 1, 1, 12)",2023-08-01,2024-08-01,12,1870.9,1192.2520169879722,1404.58932666436,1640.5114936329935,1876.433660601627,2088.770970278015
RO1_DEMAND,test,Granite,SARIMA,"(1, 1, 1)(0, 1, 1, 12)",2023-09-01,2024-09-01,12,1821.8,1221.0361339150022,1432.7727337688787,1668.0274685125196,1903.2822032561605,2115.018803110037
RO1_DEMAND,test,Granite,SARIMA,"(1, 1, 1)(0, 1, 1, 12)",2023-10-01,2024-10-01,12,1803.3,1279.5869513726375,1490.735891898301,1725.3376944635947,1959.9394970288886,2171.088437554552
RO1_DEMAND,test,Granite,SARIMA,"(1, 1, 1)(0, 1, 1, 12)",2023-11-01,2024-11-01,12,1706.4,1180.8566190612594,1391.5423369562939,1625.629465548495,1859.7165941406963,2070.4023120357306
RO1_DEMAND,test,Granite,SARIMA,"(1, 1, 1)(0, 1, 1, 12)",2023-12-01,2024-12-01,12,1760.4,1170.1679403167354,1380.3488497814246,1613.8750995578748,1847.401349334325,2057.582258799014
RO1_DEMAND,test,Granite,SARIMA,"(1, 1, 1)(0, 1, 1, 12)",2024-01-01,2025-01-01,12,1589.2,1149.0605425432086,1358.8987804202677,1592.0442971845332,1825.1898139487987,2035.0280518258578
RO1_DEMAND,test,Granite,SARIMA,"(1, 1, 1)(0, 1, 1, 12)",2024-02-01,2025-02-01,12,1672.6,882.158214288557,1091.5182155407656,1324.1323766943267,1556.7465378478878,1766.1065391000964
RO1_DEMAND,test,Granite,SARIMA,"(1, 1, 1)(0, 1, 1, 12)",2024-03-01,2025-03-01,12,1925.7,1237.7072683389033,1446.48178596321,1678.445432299428,1910.4090786356458,2119.1835962599525
RO1_DEMAND,test,Granite,SARIMA,"(1, 1, 1)(0, 1, 1, 12)",2024-04-01,2025-04-01,12,1668.0,1100.0506269696957,1308.5448009668007,1540.1969651799473,1771.8491293930938,1980.3433033901988
RO1_DEMAND,test,Granite,SARIMA,"(1, 1, 1)(0, 1, 1, 12)",2024-05-01,2025-05-01,12,1863.3,1236.444697886399,1445.6271630857536,1678.0440687952846,1910.4609745048156,2119.6434397041703
RO1_DEMAND,test,Granite,SARIMA,"(1, 1, 1)(0, 1, 1, 12)",2024-06-01,2025-06-01,12,1765.6,1184.9301973278914,1392.865627173929,1623.8969860698103,1854.9283449656916,2062.863774811729
RO1_DEMAND,test,Granite,SARIMA,"(1, 1, 1)(0, 1, 1, 12)",2024-07-01,2025-07-01,12,2113.3,1357.7606217503721,1566.2935121266532,1797.9886930479151,2029.683873969177,2238.216764345458
RO1_DEMAND,test,Granite,SARIMA,"(1, 1, 1)(0, 1, 1, 12)",2024-08-01,2025-08-01,12,2098.6,1305.2601689725543,1513.64888244369,1745.1838723559358,1976.7188622681817,2185.1075757393173
RO1_DEMAND,test,Granite,SARIMA,"(1, 1, 1)(0, 1, 1, 12)",2024-09-01,2025-09-01,12,2107.6,1318.9165985952434,1526.6760348790995,1757.511852150074,1988.3476694210485,2196.107105704905
RO1_DEMAND,test,Granite,SARIMA,"(1, 1, 1)(0, 1, 1, 12)",2024-10-01,2025-10-01,12,2147.9,1357.0397255438538,1564.1611349678235,1794.288058076025,2024.4149811842265,2231.536390608196
RO1_DEMAND,test,Granite,SARIMA,"(1, 1, 1)(0, 1, 1, 12)",2024-11-01,2025-11-01,12,2010.2,1266.077221948447,1472.797732525344,1702.4792279087578,1932.1607232921717,2138.8812338690686
RO1_DEMAND,test,Granite,SARIMA,"(1, 1, 1)(0, 1, 1, 12)",2024-12-01,2025-12-01,12,2282.5,1302.6963692128322,1509.1449270906112,1738.524263281245,1967.903599471879,2174.352157349658
RO1_DEMAND,test,Granite,SARIMA,"(1, 1, 1)(0, 1, 1, 12)",2025-01-01,2026-01-01,12,2383.6,1193.3282110048747,1399.3527174059016,1628.2609016192685,1857.1690858326353,2063.193592233662
RO1_DEMAND,test,Granite,SARIMA,"(1, 1, 1)(0, 1, 1, 12)",2025-02-01,2026-02-01,12,1726.7,1115.409941562836,1321.6203926228152,1550.7351748520614,1779.8499570813076,1986.0604081412869
RO1_DEMAND,test,Granite,SARIMA,"(1, 1, 1)(0, 1, 1, 12)",2025-03-01,2026-03-01,12,1890.0,1408.206238793477,1614.0357188289915,1842.7272145911495,2071.4187103533072,2277.248190388822
RO1_DEMAND,test,Granite,SARIMA,"(1, 1, 1)(0, 1, 1, 12)",2025-04-01,2026-04-01,12,2102.3,1268.0612703257436,1473.2940533123372,1701.3225753322931,1929.351097352249,2134.5838803388424
RO1_DEMAND,test,Granite,SARIMA,"(1, 1, 1)(0, 1, 1, 12)",2025-05-01,2026-05-01,12,2054.7,1331.02200069726,1536.2786852385047,1764.3337636209567,1992.3888420034086,2197.6455265446534
RO1_DEMAND,test,Ready-Mixed Concrete,ETS,ETS_AAd_A,2024-05-01,2024-06-01,1,1090.8,1052.842486160115,1104.4823231251826,1166.2547946461877,1227.3057269278866,1284.0086197165963
RO1_DEMAND,test,Ready-Mixed Concrete,ETS,ETS_AAd_A,2024-06-01,2024-07-01,1,1188.3,1008.8890941623295,1060.509597014116,1122.2589407323976,1183.2870153578758,1239.9686784096812
RO1_DEMAND,test,Ready-Mixed Concrete,ETS,ETS_AAd_A,2024-07-01,2024-08-01,1,1205.9,1049.8585826144176,1101.429537921791,1163.1196120053078,1224.0891093006378,1280.7163668921644
RO1_DEMAND,test,Ready-Mixed Concrete,ETS,ETS_AAd_A,2024-08-01,2024-09-01,1,1153.0,1089.909152518823,1141.4104372308157,1203.0171701358568,1263.9042997272866,1320.4550558321205
RO1_DEMAND,test,Ready-Mixed Concrete,ETS,ETS_AAd_A,2024-09-01,2024-10-01,1,1147.0,1059.8428044945713,1111.2850849062145,1172.8212358404903,1233.63860790059,1290.1245745964438
RO1_DEMAND,test,Ready-Mixed Concrete,ETS,ETS_AAd_A,2024-10-01,2024-11-01,1,1112.7,1004.0626175478984,1055.429108471883,1116.8745987022694,1177.6023690294696,1234.0051154162406
RO1_DEMAND,test,Ready-Mixed Concrete,ETS,ETS_AAd_A,2024-11-01,2024-12-01,1,1167.7,1036.0018800726707,1087.2813733331318,1148.622795444635,1209.2477132305298,1265.5549322206712
RO1_DEMAND,test,Ready-Mixed Concrete,ETS,ETS_AAd_A,2024-12-01,2025-01-01,1,1031.1,999.1043529583585,1050.2991122045576,1111.539174013812,1172.0639154461264,1228.2780926296196
RO1_DEMAND,test,Ready-Mixed Concrete,ETS,ETS_AAd_A,2025-01-01,2025-02-01,1,1046.6,790.5926673161702,841.7788251829234,903.008597872419,963.5231703680183,1019.7279028451528
RO1_DEMAND,test,Ready-Mixed Concrete,ETS,ETS_AAd_A,2025-02-01,2025-03-01,1,1042.1,1109.479820317677,1160.7889939958218,1222.1659203394033,1282.825927646811,1339.165737087286
RO1_DEMAND,test,Ready-Mixed Concrete,ETS,ETS_AAd_A,2025-03-01,2025-04-01,1,1113.2,873.0014767870124,924.5892109553711,986.2993562043544,1047.28869022199,1103.9343717670276
RO1_DEMAND,test,Ready-Mixed Concrete,ETS,ETS_AAd_A,2025-04-01,2025-05-01,1,1142.6,975.7361369334843,1027.3948081752474,1089.1898095857562,1150.2630085944375,1206.9865822767163
RO1_DEMAND,test,Ready-Mixed Concrete,ETS,ETS_AAd_A,2025-05-01,2025-06-01,1,1205.3,1039.5092382915445,1091.1075882593007,1152.8304323122402,1213.8323168042425,1270.4896549804876
RO1_DEMAND,test,Ready-Mixed Concrete,ETS,ETS_AAd_A,2025-06-01,2025-07-01,1,1334.2,1097.227646687394,1149.2320290562466,1211.4405761324215,1272.9224903472186,1330.025670591549
RO1_DEMAND,test,Ready-Mixed Concrete,ETS,ETS_AAd_A,2025-07-01,2025-08-01,1,1282.5,1189.4799856354152,1241.0541582062378,1302.7480808362743,1363.7213817248094,1420.3521720181252
RO1_DEMAND,test,Ready-Mixed Concrete,ETS,ETS_AAd_A,2025-08-01,2025-09-01,1,1283.3,1171.422465916339,1222.9174751926935,1284.51670131243,1345.3964118022766,1401.9402771929817
RO1_DEMAND,test,Ready-Mixed Concrete,ETS,ETS_AAd_A,2025-09-01,2025-10-01,1,1401.3,1183.5740215678966,1234.984304512671,1296.4821795203165,1357.2617227393935,1413.7125547593848
RO1_DEMAND,test,Ready-Mixed Concrete,ETS,ETS_AAd_A,2025-10-01,2025-11-01,1,1306.0,1240.7378135279043,1292.1682353449764,1353.6902008220845,1414.4935531196002,1470.9664985385464
RO1_DEMAND,test,Ready-Mixed Concrete,ETS,ETS_AAd_A,2025-11-01,2025-12-01,1,1432.3,1235.0039497932057,1286.3818370360768,1347.8409597414138,1408.5822033081417,1464.9974633720658
RO1_DEMAND,test,Ready-Mixed Concrete,ETS,ETS_AAd_A,2025-12-01,2026-01-01,1,1513.8,1250.0430932516347,1301.4020045835834,1362.8384279740906,1423.5572373674981,1479.9516610170213
RO1_DEMAND,test,Ready-Mixed Concrete,ETS,ETS_AAd_A,2026-01-01,2026-02-01,1,1123.1,1248.6631241580626,1300.1674684811314,1361.7778613461787,1422.668608147104,1479.2227238442413
RO1_DEMAND,test,Ready-Mixed Concrete,ETS,ETS_AAd_A,2026-02-01,2026-03-01,1,1393.7,1227.058643393444,1279.0870689338542,1341.3243768702027,1402.8347160012056,1459.9642967428897
RO1_DEMAND,test,Ready-Mixed Concrete,ETS,ETS_AAd_A,2026-03-01,2026-04-01,1,1407.7,1197.9466096434423,1249.9146021616198,1312.0796190652272,1373.5185115657848,1430.581734096794
RO1_DEMAND,test,Ready-Mixed Concrete,ETS,ETS_AAd_A,2026-04-01,2026-05-01,1,1315.0,1272.5022534129944,1324.4689386908433,1386.6323918508233,1448.0697388732099,1505.1315259948035
RO1_DEMAND,test,Ready-Mixed Concrete,ETS,ETS_AAd_A,2024-03-01,2024-06-01,3,1090.8,869.9259740728912,951.1047792383082,1043.393773304993,1145.0074538440638,1233.18549431315
RO1_DEMAND,test,Ready-Mixed Concrete,ETS,ETS_AAd_A,2024-04-01,2024-07-01,3,1188.3,971.9427476385409,1052.990560313242,1145.482618034975,1247.195772137407,1335.4414804809746
RO1_DEMAND,test,Ready-Mixed Concrete,ETS,ETS_AAd_A,2024-05-01,2024-08-01,3,1205.9,1003.1197772276474,1084.1044737766715,1176.6414066565853,1278.4411306598295,1366.668493887745
RO1_DEMAND,test,Ready-Mixed Concrete,ETS,ETS_AAd_A,2024-06-01,2024-09-01,3,1153.0,938.5670054312423,1019.5040912415832,1111.8260151337731,1213.367457182914,1301.4664869867065
RO1_DEMAND,test,Ready-Mixed Concrete,ETS,ETS_AAd_A,2024-07-01,2024-10-01,3,1147.0,1012.2090553196714,1093.2743254101892,1185.0796147107822,1286.4024459264404,1374.2669434658985
RO1_DEMAND,test,Ready-Mixed Concrete,ETS,ETS_AAd_A,2024-08-01,2024-11-01,3,1112.7,1016.5647140216735,1097.418557739829,1189.3405834453695,1290.5491029698042,1378.3758805826758
RO1_DEMAND,test,Ready-Mixed Concrete,ETS,ETS_AAd_A,2024-09-01,2024-12-01,3,1167.7,1007.6885872930036,1088.5536621686158,1180.1107650107112,1281.1745577995575,1368.820203779272
RO1_DEMAND,test,Ready-Mixed Concrete,ETS,ETS_AAd_A,2024-10-01,2025-01-01,3,1031.1,931.3335408170776,1012.0132385574439,1103.6245183126998,1204.546286468381,1292.1073201897873
RO1_DEMAND,test,Ready-Mixed Concrete,ETS,ETS_AAd_A,2024-11-01,2025-02-01,3,1046.6,790.913782617445,871.4463833538931,962.9240110425308,1063.6790126842643,1151.1017546035057
RO1_DEMAND,test,Ready-Mixed Concrete,ETS,ETS_AAd_A,2024-12-01,2025-03-01,3,1042.1,999.9523560517054,1080.3588906059636,1171.6727476901067,1272.256672281379,1359.5282501133786
RO1_DEMAND,test,Ready-Mixed Concrete,ETS,ETS_AAd_A,2025-01-01,2025-04-01,3,1113.2,850.225612352558,930.6659577629293,1021.8393608645094,1122.4152954515891,1209.6269060539369
RO1_DEMAND,test,Ready-Mixed Concrete,ETS,ETS_AAd_A,2025-02-01,2025-05-01,3,1142.6,970.726102322209,1051.351129283109,1142.0255643879382,1242.577786237235,1329.7804001999477
RO1_DEMAND,test,Ready-Mixed Concrete,ETS,ETS_AAd_A,2025-03-01,2025-06-01,3,1205.3,831.3441580822802,911.0077749864314,1002.1403094381295,1102.378841831603,1189.5618828042113
RO1_DEMAND,test,Ready-Mixed Concrete,ETS,ETS_AAd_A,2025-04-01,2025-07-01,3,1334.2,967.5414461900673,1046.975411474894,1138.4234434299678,1237.4149477055225,1324.229429122031
RO1_DEMAND,test,Ready-Mixed Concrete,ETS,ETS_AAd_A,2025-05-01,2025-08-01,3,1282.5,997.308230118843,1076.4018184291708,1167.6735135811332,1266.7651649565373,1353.70109119331
RO1_DEMAND,test,Ready-Mixed Concrete,ETS,ETS_AAd_A,2025-06-01,2025-09-01,3,1283.3,1009.2725425859929,1090.5112435985857,1182.2702251924754,1283.7554192933312,1371.8314362655215
RO1_DEMAND,test,Ready-Mixed Concrete,ETS,ETS_AAd_A,2025-07-01,2025-10-01,3,1401.3,1149.9974856499746,1229.2465338325023,1320.2332162874902,1420.1351629151793,1507.2565809685777
RO1_DEMAND,test,Ready-Mixed Concrete,ETS,ETS_AAd_A,2025-08-01,2025-11-01,3,1306.0,1099.506172355049,1178.5154058182948,1269.4388352395167,1368.9107649780312,1455.8591879602302
RO1_DEMAND,test,Ready-Mixed Concrete,ETS,ETS_AAd_A,2025-09-01,2025-12-01,3,1432.3,1134.2543681782313,1213.1341212452123,1303.9076582052348,1403.2172014761531,1490.0229716967062
RO1_DEMAND,test,Ready-Mixed Concrete,ETS,ETS_AAd_A,2025-10-01,2026-01-01,3,1513.8,1166.8080304380112,1245.684814647996,1336.5131655534253,1435.7777329854964,1522.5908450174313
RO1_DEMAND,test,Ready-Mixed Concrete,ETS,ETS_AAd_A,2025-11-01,2026-02-01,3,1123.1,994.2510622525896,1072.9637422987162,1163.8344017188942,1262.5761788699133,1349.1666647365894
RO1_DEMAND,test,Ready-Mixed Concrete,ETS,ETS_AAd_A,2025-12-01,2026-03-01,3,1393.7,1250.7553522968149,1329.6164492646321,1420.4850905061087,1519.0114695181014,1605.4403589921153
RO1_DEMAND,test,Ready-Mixed Concrete,ETS,ETS_AAd_A,2026-01-01,2026-04-01,3,1407.7,1305.7711572791604,1384.887034130882,1475.7673978606913,1575.4694434204139,1662.4694528144603
RO1_DEMAND,test,Ready-Mixed Concrete,ETS,ETS_AAd_A,2026-02-01,2026-05-01,3,1315.0,1096.1064688670454,1176.0668810109992,1267.2018049590133,1365.9991934784807,1453.4278396185416
RO1_DEMAND,test,Ready-Mixed Concrete,ETS,ETS_AAd_A,2023-12-01,2024-06-01,6,1090.8,807.8136526693398,926.7784341559188,1055.1273952288432,1186.402580746578,1299.700291331695
RO1_DEMAND,test,Ready-Mixed Concrete,ETS,ETS_AAd_A,2024-01-01,2024-07-01,6,1188.3,853.1184801306622,971.8760112415121,1100.0074255784525,1231.0396666927898,1344.145683931413
RO1_DEMAND,test,Ready-Mixed Concrete,ETS,ETS_AAd_A,2024-02-01,2024-08-01,6,1205.9,783.4564432622379,902.0493086726387,1030.0509934363556,1160.7887008507391,1273.7829105666576
RO1_DEMAND,test,Ready-Mixed Concrete,ETS,ETS_AAd_A,2024-03-01,2024-09-01,6,1153.0,821.8049300884364,940.0966016619518,1067.8353626402022,1198.0498914155446,1310.825763548528
RO1_DEMAND,test,Ready-Mixed Concrete,ETS,ETS_AAd_A,2024-04-01,2024-10-01,6,1147.0,913.8936067101823,1032.3014163341843,1160.0938600628115,1290.649934098942,1403.4588981696547
RO1_DEMAND,test,Ready-Mixed Concrete,ETS,ETS_AAd_A,2024-05-01,2024-11-01,6,1112.7,929.0966317710559,1047.596974213303,1175.5486909581305,1306.2637713976849,1419.0488298303876
RO1_DEMAND,test,Ready-Mixed Concrete,ETS,ETS_AAd_A,2024-06-01,2024-12-01,6,1167.7,899.2649081966334,1017.4727700876596,1145.0624218528571,1275.3674217282273,1387.9981056188021
RO1_DEMAND,test,Ready-Mixed Concrete,ETS,ETS_AAd_A,2024-07-01,2025-01-01,6,1031.1,904.1628257004102,1022.0460061581558,1149.2494610125202,1278.9369266102306,1391.364843721102
RO1_DEMAND,test,Ready-Mixed Concrete,ETS,ETS_AAd_A,2024-08-01,2025-02-01,6,1046.6,804.2827276523741,922.1030260497807,1049.33327002728,1179.029408941524,1291.3554145020114
RO1_DEMAND,test,Ready-Mixed Concrete,ETS,ETS_AAd_A,2024-09-01,2025-03-01,6,1042.1,952.4920866518564,1070.0720010866123,1196.9372663595614,1326.282487647605,1438.4248137644556
RO1_DEMAND,test,Ready-Mixed Concrete,ETS,ETS_AAd_A,2024-10-01,2025-04-01,6,1113.2,851.5947395375904,969.0672281411112,1095.895439140566,1225.1845148265952,1337.1981551353665
RO1_DEMAND,test,Ready-Mixed Concrete,ETS,ETS_AAd_A,2024-11-01,2025-05-01,6,1142.6,840.8955930723967,958.1787116276766,1084.8127872329926,1213.9017500648129,1325.7308024548172
RO1_DEMAND,test,Ready-Mixed Concrete,ETS,ETS_AAd_A,2024-12-01,2025-06-01,6,1205.3,875.4848379989397,992.5676146741732,1118.9787046758665,1247.841721328818,1359.482552488646
RO1_DEMAND,test,Ready-Mixed Concrete,ETS,ETS_AAd_A,2025-01-01,2025-07-01,6,1334.2,831.3798348187686,948.4011425758315,1074.6958080903753,1203.4517940487842,1315.0506631850662
RO1_DEMAND,test,Ready-Mixed Concrete,ETS,ETS_AAd_A,2025-02-01,2025-08-01,6,1282.5,941.1013967422293,1057.5870683595663,1183.4835043176558,1311.947187242717,1423.4727594932417
RO1_DEMAND,test,Ready-Mixed Concrete,ETS,ETS_AAd_A,2025-03-01,2025-09-01,6,1283.3,787.8785239164342,903.0194832433393,1028.350421712088,1156.6433520477485,1267.4382453064775
RO1_DEMAND,test,Ready-Mixed Concrete,ETS,ETS_AAd_A,2025-04-01,2025-10-01,6,1401.3,911.0931791028462,1024.9450583118069,1150.3919192307567,1277.2749654737822,1387.7957305643426
RO1_DEMAND,test,Ready-Mixed Concrete,ETS,ETS_AAd_A,2025-05-01,2025-11-01,6,1306.0,923.7747750038479,1037.8899290817467,1163.2698027134284,1290.3139266700323,1400.805075061215
RO1_DEMAND,test,Ready-Mixed Concrete,ETS,ETS_AAd_A,2025-06-01,2025-12-01,6,1432.3,955.7142696088691,1073.063752288786,1199.5993400117645,1329.2651888476955,1441.7085425405285
RO1_DEMAND,test,Ready-Mixed Concrete,ETS,ETS_AAd_A,2025-07-01,2026-01-01,6,1513.8,1040.4860053090185,1154.835081107565,1280.6124884974552,1408.2062659217345,1518.7877606255104
RO1_DEMAND,test,Ready-Mixed Concrete,ETS,ETS_AAd_A,2025-08-01,2026-02-01,6,1123.1,891.8247608582167,1005.9420603099334,1131.4646374113634,1258.585908385819,1368.940309379877
RO1_DEMAND,test,Ready-Mixed Concrete,ETS,ETS_AAd_A,2025-09-01,2026-03-01,6,1393.7,1074.9635490173828,1188.8933875928246,1314.2098942000148,1441.1233567161803,1551.2964995815164
RO1_DEMAND,test,Ready-Mixed Concrete,ETS,ETS_AAd_A,2025-10-01,2026-04-01,6,1407.7,1090.7878912967597,1204.7426763369626,1330.078360060036,1456.95304352345,1567.1327548904985
RO1_DEMAND,test,Ready-Mixed Concrete,ETS,ETS_AAd_A,2025-11-01,2026-05-01,6,1315.0,1044.0338582953955,1157.719540484346,1282.5772489435453,1409.1312322553147,1519.1687465306934
RO1_DEMAND,test,Ready-Mixed Concrete,ETS,ETS_AAd_A,2023-06-01,2024-06-01,12,1090.8,670.1025605847428,829.7905088700336,1025.666054343536,1204.513054828466,1381.7324264194278
RO1_DEMAND,test,Ready-Mixed Concrete,ETS,ETS_AAd_A,2023-07-01,2024-07-01,12,1188.3,693.4565184747887,852.8536313847458,1048.3944639608549,1226.931585205405,1403.8543037053544
RO1_DEMAND,test,Ready-Mixed Concrete,ETS,ETS_AAd_A,2023-08-01,2024-08-01,12,1205.9,751.9477139516837,911.3207353074997,1106.7802080964939,1285.2530722730776,1462.0876462108336
RO1_DEMAND,test,Ready-Mixed Concrete,ETS,ETS_AAd_A,2023-09-01,2024-09-01,12,1153.0,724.5029394873588,885.718651328797,1085.4066411324113,1266.6698795499965,1448.87989265253
RO1_DEMAND,test,Ready-Mixed Concrete,ETS,ETS_AAd_A,2023-10-01,2024-10-01,12,1147.0,742.7977199353905,903.7297528043073,1103.0659002270368,1284.0090895321728,1465.8988137936585
RO1_DEMAND,test,Ready-Mixed Concrete,ETS,ETS_AAd_A,2023-11-01,2024-11-01,12,1112.7,719.2812089754643,877.9151639901664,1072.074503528511,1249.4520503194685,1425.0493890788728
RO1_DEMAND,test,Ready-Mixed Concrete,ETS,ETS_AAd_A,2023-12-01,2024-12-01,12,1167.7,752.11222900078,910.4640509468577,1104.2880055605547,1281.3568154890554,1456.6523122455997
RO1_DEMAND,test,Ready-Mixed Concrete,ETS,ETS_AAd_A,2024-01-01,2025-01-01,12,1031.1,719.879834472472,877.9713310148231,1071.4513186226968,1248.2118640931585,1423.192502100981
RO1_DEMAND,test,Ready-Mixed Concrete,ETS,ETS_AAd_A,2024-02-01,2025-02-01,12,1046.6,532.2706687332575,690.266056309999,883.4278457999364,1059.8969950621004,1234.6079417283715
RO1_DEMAND,test,Ready-Mixed Concrete,ETS,ETS_AAd_A,2024-03-01,2025-03-01,12,1042.1,759.6230932911469,917.4617863186434,1110.0255313384637,1286.0194859359253,1460.1762180889245
RO1_DEMAND,test,Ready-Mixed Concrete,ETS,ETS_AAd_A,2024-04-01,2025-04-01,12,1113.2,757.3595331859032,915.0839747929081,1107.9542471073266,1284.158136027844,1458.6008985385483
RO1_DEMAND,test,Ready-Mixed Concrete,ETS,ETS_AAd_A,2024-05-01,2025-05-01,12,1142.6,797.8800949530823,955.2826080123446,1148.4407944447967,1324.7900243513036,1499.5749742935843
RO1_DEMAND,test,Ready-Mixed Concrete,ETS,ETS_AAd_A,2024-06-01,2025-06-01,12,1205.3,750.8500492437399,908.3415439802226,1100.8725854955994,1276.7651009129354,1450.9072181391416
RO1_DEMAND,test,Ready-Mixed Concrete,ETS,ETS_AAd_A,2024-07-01,2025-07-01,12,1334.2,834.2836066731231,991.8062837374812,1183.4820885289764,1358.9932794867416,1532.3209350968407
RO1_DEMAND,test,Ready-Mixed Concrete,ETS,ETS_AAd_A,2024-08-01,2025-08-01,12,1282.5,854.6571956970554,1011.865039755372,1203.6628867658185,1378.9542957937942,1552.4187327120808
RO1_DEMAND,test,Ready-Mixed Concrete,ETS,ETS_AAd_A,2024-09-01,2025-09-01,12,1283.3,812.1973032317117,969.341484559146,1160.496188049648,1335.5677018485003,1508.4252422320683
RO1_DEMAND,test,Ready-Mixed Concrete,ETS,ETS_AAd_A,2024-10-01,2025-10-01,12,1401.3,803.9355160626652,960.7608424293722,1151.925183783122,1326.7514330591114,1499.6254694581853
RO1_DEMAND,test,Ready-Mixed Concrete,ETS,ETS_AAd_A,2024-11-01,2025-11-01,12,1306.0,767.9406094149995,924.4922532537378,1115.3695114281559,1289.9014407261266,1462.520732493258
RO1_DEMAND,test,Ready-Mixed Concrete,ETS,ETS_AAd_A,2024-12-01,2025-12-01,12,1432.3,821.071405386132,977.3697745652036,1167.9070406770952,1342.1493830179052,1514.4579400123826
RO1_DEMAND,test,Ready-Mixed Concrete,ETS,ETS_AAd_A,2025-01-01,2026-01-01,12,1513.8,695.1030445352928,851.4221694488866,1041.75087450714,1215.9558960691002,1388.0632627325542
RO1_DEMAND,test,Ready-Mixed Concrete,ETS,ETS_AAd_A,2025-02-01,2026-02-01,12,1123.1,686.4602186667657,843.5870277811244,1032.8317867625774,1207.100637542886,1377.8803582590951
RO1_DEMAND,test,Ready-Mixed Concrete,ETS,ETS_AAd_A,2025-03-01,2026-03-01,12,1393.7,721.2959491388616,877.6098515940307,1065.5320710201506,1240.3099197029883,1408.9376236503483
RO1_DEMAND,test,Ready-Mixed Concrete,ETS,ETS_AAd_A,2025-04-01,2026-04-01,12,1407.7,758.0002680921008,912.484893416478,1098.3880587533636,1272.7488916489904,1439.1556006478475
RO1_DEMAND,test,Ready-Mixed Concrete,ETS,ETS_AAd_A,2025-05-01,2026-05-01,12,1315.0,796.3218671271027,951.1091842490262,1137.3170640337785,1311.7003502181906,1478.4052128961318
RO1_DEMAND,test,Ready-Mixed Concrete,SARIMA,"(0, 1, 1)(0, 1, 1, 12)",2024-05-01,2024-06-01,1,1090.8,1057.2387514824109,1112.1563669235873,1173.1738247569676,1234.191282590348,1289.1088980315244
RO1_DEMAND,test,Ready-Mixed Concrete,SARIMA,"(0, 1, 1)(0, 1, 1, 12)",2024-06-01,2024-07-01,1,1188.3,1012.7965518937756,1067.6927558371474,1128.686423941969,1189.6800920467906,1244.5762959901624
RO1_DEMAND,test,Ready-Mixed Concrete,SARIMA,"(0, 1, 1)(0, 1, 1, 12)",2024-07-01,2024-08-01,1,1205.9,1063.4122509219046,1118.260973639155,1179.2018866545675,1240.14279966998,1294.9915223872304
RO1_DEMAND,test,Ready-Mixed Concrete,SARIMA,"(0, 1, 1)(0, 1, 1, 12)",2024-08-01,2024-09-01,1,1153.0,1096.310748279945,1151.0869346062404,1211.9472544250814,1272.8075742439223,1327.5837605702177
RO1_DEMAND,test,Ready-Mixed Concrete,SARIMA,"(0, 1, 1)(0, 1, 1, 12)",2024-09-01,2024-10-01,1,1147.0,1064.846385558096,1119.552372080341,1180.3346948203005,1241.11701756026,1295.823004082505
RO1_DEMAND,test,Ready-Mixed Concrete,SARIMA,"(0, 1, 1)(0, 1, 1, 12)",2024-10-01,2024-11-01,1,1112.7,1008.1676028529741,1062.7793181736022,1123.4568987643738,1184.1344793551455,1238.7461946757735
RO1_DEMAND,test,Ready-Mixed Concrete,SARIMA,"(0, 1, 1)(0, 1, 1, 12)",2024-11-01,2024-12-01,1,1167.7,1042.279550173861,1096.7905929377594,1157.3563190090679,1217.9220450803764,1272.4330878442747
RO1_DEMAND,test,Ready-Mixed Concrete,SARIMA,"(0, 1, 1)(0, 1, 1, 12)",2024-12-01,2025-01-01,1,1031.1,1000.0531285702535,1054.4688561978232,1114.9286802326887,1175.3885042675543,1229.8042318951238
RO1_DEMAND,test,Ready-Mixed Concrete,SARIMA,"(0, 1, 1)(0, 1, 1, 12)",2025-01-01,2025-02-01,1,1046.6,788.3075979684659,842.7259281913566,903.188643898575,963.6513596057935,1018.0696898286842
RO1_DEMAND,test,Ready-Mixed Concrete,SARIMA,"(0, 1, 1)(0, 1, 1, 12)",2025-02-01,2025-03-01,1,1042.1,1119.7040134712358,1174.2262554295141,1234.8044246188524,1295.3825938081907,1349.904835766469
RO1_DEMAND,test,Ready-Mixed Concrete,SARIMA,"(0, 1, 1)(0, 1, 1, 12)",2025-03-01,2025-04-01,1,1113.2,861.3489207636097,916.1148227153116,976.9637158473223,1037.8126089793332,1092.5785109310348
RO1_DEMAND,test,Ready-Mixed Concrete,SARIMA,"(0, 1, 1)(0, 1, 1, 12)",2025-04-01,2025-05-01,1,1142.6,980.4153108815337,1035.027961164708,1095.7065805667476,1156.3851999687872,1210.9978502519614
RO1_DEMAND,test,Ready-Mixed Concrete,SARIMA,"(0, 1, 1)(0, 1, 1, 12)",2025-05-01,2025-06-01,1,1205.3,1043.847317049173,1098.387447885944,1158.9854929180397,1219.5835379501352,1274.1236687869064
RO1_DEMAND,test,Ready-Mixed Concrete,SARIMA,"(0, 1, 1)(0, 1, 1, 12)",2025-06-01,2025-07-01,1,1334.2,1115.5631000148628,1170.0346198771288,1230.5564331353185,1291.0782463935082,1345.549766255774
RO1_DEMAND,test,Ready-Mixed Concrete,SARIMA,"(0, 1, 1)(0, 1, 1, 12)",2025-07-01,2025-08-01,1,1282.5,1195.6414777021544,1250.1581934405374,1310.7302225983626,1371.3022517561878,1425.8189674945709
RO1_DEMAND,test,Ready-Mixed Concrete,SARIMA,"(0, 1, 1)(0, 1, 1, 12)",2025-08-01,2025-09-01,1,1283.3,1175.105246936303,1229.5227408540081,1289.984527365449,1350.4463138768897,1404.8638077945948
RO1_DEMAND,test,Ready-Mixed Concrete,SARIMA,"(0, 1, 1)(0, 1, 1, 12)",2025-09-01,2025-10-01,1,1401.3,1187.4101124582578,1241.7358847234168,1302.0957618197879,1362.455638916159,1416.781411181318
RO1_DEMAND,test,Ready-Mixed Concrete,SARIMA,"(0, 1, 1)(0, 1, 1, 12)",2025-10-01,2025-11-01,1,1306.0,1246.5065184661455,1300.85433898649,1361.2387132950987,1421.6230876037075,1475.970908124052
RO1_DEMAND,test,Ready-Mixed Concrete,SARIMA,"(0, 1, 1)(0, 1, 1, 12)",2025-11-01,2025-12-01,1,1432.3,1238.4267114315778,1292.7159238730876,1353.0351803511012,1413.3544368291148,1467.6436492706246
RO1_DEMAND,test,Ready-Mixed Concrete,SARIMA,"(0, 1, 1)(0, 1, 1, 12)",2025-12-01,2026-01-01,1,1513.8,1255.1925033744808,1309.484374906727,1369.8065858276016,1430.1287967484761,1484.4206682807223
RO1_DEMAND,test,Ready-Mixed Concrete,SARIMA,"(0, 1, 1)(0, 1, 1, 12)",2026-01-01,2026-02-01,1,1123.1,1255.8466383716338,1310.2612757282736,1370.7198883929814,1431.1785010576891,1485.593138414329
RO1_DEMAND,test,Ready-Mixed Concrete,SARIMA,"(0, 1, 1)(0, 1, 1, 12)",2026-02-01,2026-03-01,1,1393.7,1227.9278955043662,1282.9131587011748,1344.0057781023625,1405.0983975035501,1460.0836607003587
RO1_DEMAND,test,Ready-Mixed Concrete,SARIMA,"(0, 1, 1)(0, 1, 1, 12)",2026-03-01,2026-04-01,1,1407.7,1201.9392212484959,1256.8589536207635,1317.8787635182778,1378.898573415792,1433.8183057880597
RO1_DEMAND,test,Ready-Mixed Concrete,SARIMA,"(0, 1, 1)(0, 1, 1, 12)",2026-04-01,2026-05-01,1,1315.0,1278.1894870460064,1333.092334401548,1394.0933838196088,1455.0944332376696,1509.9972805932111
RO1_DEMAND,test,Ready-Mixed Concrete,SARIMA,"(0, 1, 1)(0, 1, 1, 12)",2024-03-01,2024-06-01,3,1090.8,827.158879319112,916.9157482254973,1016.6421460261789,1116.3685438268606,1206.1254127332459
RO1_DEMAND,test,Ready-Mixed Concrete,SARIMA,"(0, 1, 1)(0, 1, 1, 12)",2024-04-01,2024-07-01,3,1188.3,964.8307055448876,1054.4690753081077,1154.063811957567,1253.6585486070262,1343.2969183702464
RO1_DEMAND,test,Ready-Mixed Concrete,SARIMA,"(0, 1, 1)(0, 1, 1, 12)",2024-05-01,2024-08-01,3,1205.9,1010.686821848325,1100.3486605125593,1199.9694728149127,1299.5902851172661,1389.2521237815004
RO1_DEMAND,test,Ready-Mixed Concrete,SARIMA,"(0, 1, 1)(0, 1, 1, 12)",2024-06-01,2024-09-01,3,1153.0,944.2641839600474,1033.7350534786801,1133.1436851957042,1232.5523169127282,1322.023186431361
RO1_DEMAND,test,Ready-Mixed Concrete,SARIMA,"(0, 1, 1)(0, 1, 1, 12)",2024-07-01,2024-10-01,3,1147.0,1021.0035264490889,1110.2636123016543,1209.4380480625555,1308.6124838234566,1397.872569676022
RO1_DEMAND,test,Ready-Mixed Concrete,SARIMA,"(0, 1, 1)(0, 1, 1, 12)",2024-08-01,2024-11-01,3,1112.7,1019.2555479136842,1108.4410704215381,1207.5326608930854,1306.6242513646328,1395.8097738724866
RO1_DEMAND,test,Ready-Mixed Concrete,SARIMA,"(0, 1, 1)(0, 1, 1, 12)",2024-09-01,2024-12-01,3,1167.7,1009.7479750936232,1098.7631393812665,1197.6654495019689,1296.5677596226712,1385.5829239103145
RO1_DEMAND,test,Ready-Mixed Concrete,SARIMA,"(0, 1, 1)(0, 1, 1, 12)",2024-10-01,2025-01-01,3,1031.1,927.6114903059939,1016.525775312923,1115.316001228807,1214.1062271446908,1303.02051215162
RO1_DEMAND,test,Ready-Mixed Concrete,SARIMA,"(0, 1, 1)(0, 1, 1, 12)",2024-11-01,2025-02-01,3,1046.6,782.6601326803905,871.4214993406765,970.0418218714028,1068.6621444021291,1157.4235110624152
RO1_DEMAND,test,Ready-Mixed Concrete,SARIMA,"(0, 1, 1)(0, 1, 1, 12)",2024-12-01,2025-03-01,3,1042.1,994.7182224915773,1083.3113393899653,1181.744724220108,1280.178109050251,1368.7712259486389
RO1_DEMAND,test,Ready-Mixed Concrete,SARIMA,"(0, 1, 1)(0, 1, 1, 12)",2025-01-01,2025-04-01,3,1113.2,827.3896814576365,915.9626074508902,1014.3735587195478,1112.7845099882052,1201.357435981459
RO1_DEMAND,test,Ready-Mixed Concrete,SARIMA,"(0, 1, 1)(0, 1, 1, 12)",2025-02-01,2025-05-01,3,1142.6,953.328348848027,1041.7319606701772,1139.9547916023469,1238.1776225345166,1326.5812343566668
RO1_DEMAND,test,Ready-Mixed Concrete,SARIMA,"(0, 1, 1)(0, 1, 1, 12)",2025-03-01,2025-06-01,3,1205.3,807.5482367766739,895.6022689944291,993.4366916062587,1091.2711142180883,1179.3251464358436
RO1_DEMAND,test,Ready-Mixed Concrete,SARIMA,"(0, 1, 1)(0, 1, 1, 12)",2025-04-01,2025-07-01,3,1334.2,964.1700741277947,1051.3669962395254,1148.249107296442,1245.1312183533585,1332.328140465089
RO1_DEMAND,test,Ready-Mixed Concrete,SARIMA,"(0, 1, 1)(0, 1, 1, 12)",2025-05-01,2025-08-01,3,1282.5,993.4609153335446,1080.6735675615787,1177.5731559197316,1274.4727442778844,1361.6853965059186
RO1_DEMAND,test,Ready-Mixed Concrete,SARIMA,"(0, 1, 1)(0, 1, 1, 12)",2025-06-01,2025-09-01,3,1283.3,1038.7558118337488,1125.932334091362,1222.7917794293023,1319.6512247672426,1406.8277470248559
RO1_DEMAND,test,Ready-Mixed Concrete,SARIMA,"(0, 1, 1)(0, 1, 1, 12)",2025-07-01,2025-10-01,3,1401.3,1148.6271146799834,1236.0227660886744,1333.1256798224756,1430.2285935562768,1517.6242449649678
RO1_DEMAND,test,Ready-Mixed Concrete,SARIMA,"(0, 1, 1)(0, 1, 1, 12)",2025-08-01,2025-11-01,3,1306.0,1095.4325528241998,1182.5883588957292,1279.424787046913,1376.2612151980968,1463.4170212696263
RO1_DEMAND,test,Ready-Mixed Concrete,SARIMA,"(0, 1, 1)(0, 1, 1, 12)",2025-09-01,2025-12-01,3,1432.3,1130.3636941122447,1217.3750068794382,1314.0508924791347,1410.7267780788313,1497.7380908460248
RO1_DEMAND,test,Ready-Mixed Concrete,SARIMA,"(0, 1, 1)(0, 1, 1, 12)",2025-10-01,2026-01-01,3,1513.8,1165.2807831734394,1252.3052641005634,1348.9957804819653,1445.6862968633673,1532.7107777904912
RO1_DEMAND,test,Ready-Mixed Concrete,SARIMA,"(0, 1, 1)(0, 1, 1, 12)",2025-11-01,2026-02-01,3,1123.1,990.4389757545505,1077.2249987056284,1173.6505709633363,1270.0761432210443,1356.8621661721222
RO1_DEMAND,test,Ready-Mixed Concrete,SARIMA,"(0, 1, 1)(0, 1, 1, 12)",2025-12-01,2026-03-01,3,1393.7,1248.975031168895,1335.656266176065,1431.9654114203731,1528.2745566646813,1614.9557916718513
RO1_DEMAND,test,Ready-Mixed Concrete,SARIMA,"(0, 1, 1)(0, 1, 1, 12)",2026-01-01,2026-04-01,3,1407.7,1306.7206618078526,1393.8634992927339,1490.685518402618,1587.5075375125023,1674.6503749973836
RO1_DEMAND,test,Ready-Mixed Concrete,SARIMA,"(0, 1, 1)(0, 1, 1, 12)",2026-02-01,2026-05-01,3,1315.0,1089.4020029135015,1176.4917097452762,1273.2546968422162,1370.017683939156,1457.1073907709308
RO1_DEMAND,test,Ready-Mixed Concrete,SARIMA,"(0, 1, 1)(0, 1, 1, 12)",2023-12-01,2024-06-01,6,1090.8,760.3461814976722,885.9415179422538,1025.4870550893472,1165.0325922364407,1290.6279286810222
RO1_DEMAND,test,Ready-Mixed Concrete,SARIMA,"(0, 1, 1)(0, 1, 1, 12)",2024-01-01,2024-07-01,6,1188.3,815.4305520365065,940.7612710806733,1080.0127990843966,1219.2643270881201,1344.5950461322868
RO1_DEMAND,test,Ready-Mixed Concrete,SARIMA,"(0, 1, 1)(0, 1, 1, 12)",2024-02-01,2024-08-01,6,1205.9,759.7497576693536,884.868558519039,1023.8846300232035,1162.900701527368,1288.0195023770534
RO1_DEMAND,test,Ready-Mixed Concrete,SARIMA,"(0, 1, 1)(0, 1, 1, 12)",2024-03-01,2024-09-01,6,1153.0,795.7566604467505,920.5891082362285,1059.287020700961,1197.9849331656933,1322.8173809551713
RO1_DEMAND,test,Ready-Mixed Concrete,SARIMA,"(0, 1, 1)(0, 1, 1, 12)",2024-04-01,2024-10-01,6,1147.0,918.3342149295943,1043.0297771616667,1181.5755998340824,1320.121422506498,1444.8169847385705
RO1_DEMAND,test,Ready-Mixed Concrete,SARIMA,"(0, 1, 1)(0, 1, 1, 12)",2024-05-01,2024-11-01,6,1112.7,940.1540826609995,1064.9507027971804,1203.6088081379733,1342.2669134787661,1467.0635336149471
RO1_DEMAND,test,Ready-Mixed Concrete,SARIMA,"(0, 1, 1)(0, 1, 1, 12)",2024-06-01,2024-12-01,6,1167.7,909.3682277027547,1033.835899172975,1172.128518663857,1310.421138154739,1434.8888096249593
RO1_DEMAND,test,Ready-Mixed Concrete,SARIMA,"(0, 1, 1)(0, 1, 1, 12)",2024-07-01,2025-01-01,6,1031.1,912.7571628765348,1036.8773960307399,1174.7839863281317,1312.6905766255236,1436.8108097797285
RO1_DEMAND,test,Ready-Mixed Concrete,SARIMA,"(0, 1, 1)(0, 1, 1, 12)",2024-08-01,2025-02-01,6,1046.6,801.9041572971237,925.9383333683103,1063.7493079986316,1201.5602826289528,1325.5944587001395
RO1_DEMAND,test,Ready-Mixed Concrete,SARIMA,"(0, 1, 1)(0, 1, 1, 12)",2024-09-01,2025-03-01,6,1042.1,951.4040745796502,1075.1725984749974,1212.688414251326,1350.2042300276548,1473.972753923002
RO1_DEMAND,test,Ready-Mixed Concrete,SARIMA,"(0, 1, 1)(0, 1, 1, 12)",2024-10-01,2025-04-01,6,1113.2,830.2354795120912,953.8788483211977,1091.2556077103181,1228.6323670994386,1352.2757359085451
RO1_DEMAND,test,Ready-Mixed Concrete,SARIMA,"(0, 1, 1)(0, 1, 1, 12)",2024-11-01,2025-05-01,6,1142.6,816.3136265576607,939.742630136245,1076.881214191108,1214.019798245971,1337.4488018245554
RO1_DEMAND,test,Ready-Mixed Concrete,SARIMA,"(0, 1, 1)(0, 1, 1, 12)",2024-12-01,2025-06-01,6,1205.3,846.4461845955548,969.6451603643961,1106.5281668223672,1243.4111732803383,1366.6101490491797
RO1_DEMAND,test,Ready-Mixed Concrete,SARIMA,"(0, 1, 1)(0, 1, 1, 12)",2025-01-01,2025-07-01,6,1334.2,804.7298175168737,927.8999339180548,1064.750875523334,1201.601817128613,1324.771933529794
RO1_DEMAND,test,Ready-Mixed Concrete,SARIMA,"(0, 1, 1)(0, 1, 1, 12)",2025-02-01,2025-08-01,6,1282.5,932.9000326227482,1055.6965471584078,1192.1323899671934,1328.568232775979,1451.3647473116384
RO1_DEMAND,test,Ready-Mixed Concrete,SARIMA,"(0, 1, 1)(0, 1, 1, 12)",2025-03-01,2025-09-01,6,1283.3,768.5035042742909,890.5068860430056,1026.0615007654194,1161.6161154878332,1283.619497256548
RO1_DEMAND,test,Ready-Mixed Concrete,SARIMA,"(0, 1, 1)(0, 1, 1, 12)",2025-04-01,2025-10-01,6,1401.3,904.1116729940596,1024.6705593732759,1158.6202348460306,1292.5699103187853,1413.1287966980017
RO1_DEMAND,test,Ready-Mixed Concrete,SARIMA,"(0, 1, 1)(0, 1, 1, 12)",2025-05-01,2025-11-01,6,1306.0,916.6303939979368,1037.2669446807915,1171.302910833401,1305.3388769860105,1425.9754276688652
RO1_DEMAND,test,Ready-Mixed Concrete,SARIMA,"(0, 1, 1)(0, 1, 1, 12)",2025-06-01,2025-12-01,6,1432.3,998.138801981218,1118.7565649142298,1252.7716565127525,1386.7867481112753,1507.4045110442871
RO1_DEMAND,test,Ready-Mixed Concrete,SARIMA,"(0, 1, 1)(0, 1, 1, 12)",2025-07-01,2026-01-01,6,1513.8,1036.9372088724735,1157.9202157093755,1292.3411198022222,1426.762023895069,1547.745030731971
RO1_DEMAND,test,Ready-Mixed Concrete,SARIMA,"(0, 1, 1)(0, 1, 1, 12)",2025-08-01,2026-02-01,6,1123.1,885.9496208809509,1006.5662534521796,1140.580089136696,1274.5939248212123,1395.210557392441
RO1_DEMAND,test,Ready-Mixed Concrete,SARIMA,"(0, 1, 1)(0, 1, 1, 12)",2025-09-01,2026-03-01,6,1393.7,1069.1879559130687,1189.5924734793145,1323.3706339935163,1457.148794507718,1577.553312073964
RO1_DEMAND,test,Ready-Mixed Concrete,SARIMA,"(0, 1, 1)(0, 1, 1, 12)",2025-10-01,2026-04-01,6,1407.7,1088.1851542578204,1208.5854128931646,1342.3588414259318,1476.132269958699,1596.5325285940432
RO1_DEMAND,test,Ready-Mixed Concrete,SARIMA,"(0, 1, 1)(0, 1, 1, 12)",2025-11-01,2026-05-01,6,1315.0,1038.7908617708617,1158.787641348692,1292.1127753555454,1425.4379093623988,1545.434688940229
RO1_DEMAND,test,Ready-Mixed Concrete,SARIMA,"(0, 1, 1)(0, 1, 1, 12)",2023-06-01,2024-06-01,12,1090.8,657.6582071446097,835.7275825874292,1033.5755867335076,1231.423590879586,1409.4929663224057
RO1_DEMAND,test,Ready-Mixed Concrete,SARIMA,"(0, 1, 1)(0, 1, 1, 12)",2023-07-01,2024-07-01,12,1188.3,680.8080848199303,858.5529205328455,1056.0403374770651,1253.5277544212847,1431.2725901342
RO1_DEMAND,test,Ready-Mixed Concrete,SARIMA,"(0, 1, 1)(0, 1, 1, 12)",2023-08-01,2024-08-01,12,1205.9,747.9676022895605,925.6343687056242,1123.0350449931266,1320.435721280629,1498.1024876966926
RO1_DEMAND,test,Ready-Mixed Concrete,SARIMA,"(0, 1, 1)(0, 1, 1, 12)",2023-09-01,2024-09-01,12,1153.0,722.9518600941941,900.0689338076038,1096.858861594173,1293.6487893807423,1470.7658630941519
RO1_DEMAND,test,Ready-Mixed Concrete,SARIMA,"(0, 1, 1)(0, 1, 1, 12)",2023-10-01,2024-10-01,12,1147.0,739.8437476160871,916.6388935304844,1113.0711361600452,1309.503378789606,1486.2985247040033
RO1_DEMAND,test,Ready-Mixed Concrete,SARIMA,"(0, 1, 1)(0, 1, 1, 12)",2023-11-01,2024-11-01,12,1112.7,708.708553299036,885.1682921028967,1081.2278730817322,1277.2874540605678,1453.7471928644286
RO1_DEMAND,test,Ready-Mixed Concrete,SARIMA,"(0, 1, 1)(0, 1, 1, 12)",2023-12-01,2024-12-01,12,1167.7,740.4437435196323,916.5743853274454,1112.2683156508745,1307.9622459743034,1484.0928877821166
RO1_DEMAND,test,Ready-Mixed Concrete,SARIMA,"(0, 1, 1)(0, 1, 1, 12)",2024-01-01,2025-01-01,12,1031.1,709.962480935733,885.7204413613022,1081.0002956119872,1276.2801498626723,1452.0381102882416
RO1_DEMAND,test,Ready-Mixed Concrete,SARIMA,"(0, 1, 1)(0, 1, 1, 12)",2024-02-01,2025-02-01,12,1046.6,516.1426881041012,691.5941589908091,886.5334811123473,1081.4728032338855,1256.9242741205935
RO1_DEMAND,test,Ready-Mixed Concrete,SARIMA,"(0, 1, 1)(0, 1, 1, 12)",2024-03-01,2025-03-01,12,1042.1,748.6412798784922,923.6727556216322,1118.1454326465653,1312.6181096714984,1487.6495854146383
RO1_DEMAND,test,Ready-Mixed Concrete,SARIMA,"(0, 1, 1)(0, 1, 1, 12)",2024-04-01,2025-04-01,12,1113.2,752.773423935076,927.6278153648943,1121.9037388612146,1316.1796623575349,1491.034053787353
RO1_DEMAND,test,Ready-Mixed Concrete,SARIMA,"(0, 1, 1)(0, 1, 1, 12)",2024-05-01,2025-05-01,12,1142.6,796.8470834008058,971.8886021421965,1166.3724376673188,1360.856273192441,1535.8977919338317
RO1_DEMAND,test,Ready-Mixed Concrete,SARIMA,"(0, 1, 1)(0, 1, 1, 12)",2024-06-01,2025-06-01,12,1205.3,743.062009984445,917.5911066557358,1111.5056040585807,1305.4201014614257,1479.9491981327164
RO1_DEMAND,test,Ready-Mixed Concrete,SARIMA,"(0, 1, 1)(0, 1, 1, 12)",2024-07-01,2025-07-01,12,1334.2,833.4618152535589,1007.4599560840174,1200.78452299973,1394.1090899154424,1568.1072307459008
RO1_DEMAND,test,Ready-Mixed Concrete,SARIMA,"(0, 1, 1)(0, 1, 1, 12)",2024-08-01,2025-08-01,12,1282.5,856.0527741699414,1029.9404730180327,1223.142330873128,1416.3441887282233,1590.2318875763146
RO1_DEMAND,test,Ready-Mixed Concrete,SARIMA,"(0, 1, 1)(0, 1, 1, 12)",2024-09-01,2025-09-01,12,1283.3,807.3882879159635,980.8897216078946,1173.662410831228,1366.4351000545616,1539.9365337464926
RO1_DEMAND,test,Ready-Mixed Concrete,SARIMA,"(0, 1, 1)(0, 1, 1, 12)",2024-10-01,2025-10-01,12,1401.3,797.3618710289552,970.7071322285508,1163.3063024746077,1355.9054727206646,1529.2507339202602
RO1_DEMAND,test,Ready-Mixed Concrete,SARIMA,"(0, 1, 1)(0, 1, 1, 12)",2024-11-01,2025-11-01,12,1306.0,761.0819930743112,934.1340073442991,1126.407358961518,1318.6807105787368,1491.7327248487247
RO1_DEMAND,test,Ready-Mixed Concrete,SARIMA,"(0, 1, 1)(0, 1, 1, 12)",2024-12-01,2025-12-01,12,1432.3,815.5910633248491,988.3234677491528,1180.2417096237964,1372.15995149844,1544.8923559227437
RO1_DEMAND,test,Ready-Mixed Concrete,SARIMA,"(0, 1, 1)(0, 1, 1, 12)",2025-01-01,2026-01-01,12,1513.8,681.9406607059045,854.632025810515,1046.5046700214805,1238.377314232446,1411.0686793370564
RO1_DEMAND,test,Ready-Mixed Concrete,SARIMA,"(0, 1, 1)(0, 1, 1, 12)",2025-02-01,2026-02-01,12,1123.1,687.2736749842907,859.3401654622203,1050.51852859637,1241.6968917305198,1413.7633822084495
RO1_DEMAND,test,Ready-Mixed Concrete,SARIMA,"(0, 1, 1)(0, 1, 1, 12)",2025-03-01,2026-03-01,12,1393.7,707.6107073065631,878.3319306316778,1068.0156042912008,1257.6992779507239,1428.4205012758384
RO1_DEMAND,test,Ready-Mixed Concrete,SARIMA,"(0, 1, 1)(0, 1, 1, 12)",2025-04-01,2026-04-01,12,1407.7,755.3544347148761,923.8488949107917,1111.058473068365,1298.268051225938,1466.7625114218538
RO1_DEMAND,test,Ready-Mixed Concrete,SARIMA,"(0, 1, 1)(0, 1, 1, 12)",2025-05-01,2026-05-01,12,1315.0,794.9192682784408,963.5545024452715,1150.9204907048738,1338.2864789644761,1506.921713131307
RO1_DEMAND,test,Steel Reinforcement Bars,ETS,ETS_AAd_A,2024-05-01,2024-06-01,1,168.8,68.95208130755125,92.8525435161848,121.44269228292868,149.69889109292205,175.94268708192777
RO1_DEMAND,test,Steel Reinforcement Bars,ETS,ETS_AAd_A,2024-06-01,2024-07-01,1,108.58,92.84340866736103,116.75234656637215,145.35263410142437,173.61885325287685,199.87195593592023
RO1_DEMAND,test,Steel Reinforcement Bars,ETS,ETS_AAd_A,2024-07-01,2024-08-01,1,94.39,74.50897834891485,98.41218102357323,127.00560798346066,155.2650466953502,181.51185184085853
RO1_DEMAND,test,Steel Reinforcement Bars,ETS,ETS_AAd_A,2024-08-01,2024-09-01,1,226.32,78.34015909648146,102.23031789279413,130.80814153843838,159.05215919208345,185.28464156511893
RO1_DEMAND,test,Steel Reinforcement Bars,ETS,ETS_AAd_A,2024-09-01,2024-10-01,1,114.09,85.58986741820696,109.64677375965213,138.42406372022418,166.86521780350031,193.28079657517134
RO1_DEMAND,test,Steel Reinforcement Bars,ETS,ETS_AAd_A,2024-10-01,2024-11-01,1,140.53,79.46053164031235,103.49232673975423,132.2395781957013,160.65104464196787,187.03905012629352
RO1_DEMAND,test,Steel Reinforcement Bars,ETS,ETS_AAd_A,2024-11-01,2024-12-01,1,121.23,67.42462237019323,91.41664347144105,120.11631657867296,148.48076041965976,174.8250922425658
RO1_DEMAND,test,Steel Reinforcement Bars,ETS,ETS_AAd_A,2024-12-01,2025-01-01,1,105.3,87.46454907871676,111.41590909437664,140.06694270351736,168.38331518470477,194.6829992838327
RO1_DEMAND,test,Steel Reinforcement Bars,ETS,ETS_AAd_A,2025-01-01,2025-02-01,1,231.33,49.78936560721196,73.73057861646421,102.36947419998017,130.67385043490768,156.96239265888119
RO1_DEMAND,test,Steel Reinforcement Bars,ETS,ETS_AAd_A,2025-02-01,2025-03-01,1,171.69,115.63705559943278,139.9129453571952,168.95218709072083,197.65223319430763,224.30826573012087
RO1_DEMAND,test,Steel Reinforcement Bars,ETS,ETS_AAd_A,2025-03-01,2025-04-01,1,152.83,110.77409721181962,135.0095767646088,164.00047910779978,192.6527504539066,219.2644107442823
RO1_DEMAND,test,Steel Reinforcement Bars,ETS,ETS_AAd_A,2025-04-01,2025-05-01,1,174.15,84.35795773646238,108.55611511565802,137.50237202538318,166.11051942326364,192.681198267293
RO1_DEMAND,test,Steel Reinforcement Bars,ETS,ETS_AAd_A,2025-05-01,2025-06-01,1,109.58,96.92871366308627,121.11433010362771,150.04558532431992,178.6389062618255,205.19581458406842
RO1_DEMAND,test,Steel Reinforcement Bars,ETS,ETS_AAd_A,2025-06-01,2025-07-01,1,155.84,102.1000768114181,126.28584200279026,155.21727516181448,183.81077195922643,210.36784361665593
RO1_DEMAND,test,Steel Reinforcement Bars,ETS,ETS_AAd_A,2025-07-01,2025-08-01,1,125.51,90.45948485015856,114.6051609949022,143.48863893879204,172.03474066652916,198.54779272500994
RO1_DEMAND,test,Steel Reinforcement Bars,ETS,ETS_AAd_A,2025-08-01,2025-09-01,1,131.79,101.80403739513135,125.91880303517566,154.76530529549524,183.27486323765712,209.7539741542401
RO1_DEMAND,test,Steel Reinforcement Bars,ETS,ETS_AAd_A,2025-09-01,2025-10-01,1,146.31,84.82882796807164,108.91786494696368,137.73359013512913,166.2127304996606,192.66359017455397
RO1_DEMAND,test,Steel Reinforcement Bars,ETS,ETS_AAd_A,2025-10-01,2025-11-01,1,167.38,85.63109270901315,109.68148897007572,138.45099145921742,166.8844490333652,193.29287944029156
RO1_DEMAND,test,Steel Reinforcement Bars,ETS,ETS_AAd_A,2025-11-01,2025-12-01,1,276.16,76.70130935038411,100.72871796636367,129.47072223446747,157.87700278316828,184.26019170888142
RO1_DEMAND,test,Steel Reinforcement Bars,ETS,ETS_AAd_A,2025-12-01,2026-01-01,1,235.92,118.9102610749432,143.3667721972214,172.6220763498282,201.53566113482367,228.390024154802
RO1_DEMAND,test,Steel Reinforcement Bars,ETS,ETS_AAd_A,2026-01-01,2026-02-01,1,165.5,105.87642398597477,130.37426518021726,159.6790090840593,188.641456134565,215.54120145583
RO1_DEMAND,test,Steel Reinforcement Bars,ETS,ETS_AAd_A,2026-02-01,2026-03-01,1,187.65,148.35223004748133,172.81829980452665,202.08503816236407,231.00992359426647,257.87478243054204
RO1_DEMAND,test,Steel Reinforcement Bars,ETS,ETS_AAd_A,2026-03-01,2026-04-01,1,232.35,138.75867657562418,163.18270150735458,192.39914511356193,221.27432326647283,248.09301496973123
RO1_DEMAND,test,Steel Reinforcement Bars,ETS,ETS_AAd_A,2026-04-01,2026-05-01,1,262.3,124.17069815259507,148.5930944839492,177.8075899300485,206.68084267852112,233.49774610439601
RO1_DEMAND,test,Steel Reinforcement Bars,ETS,ETS_AAd_A,2024-03-01,2024-06-01,3,168.8,64.58787114017507,91.57440453389289,119.25035178849446,147.3190411239142,174.5108439657291
RO1_DEMAND,test,Steel Reinforcement Bars,ETS,ETS_AAd_A,2024-04-01,2024-07-01,3,108.58,75.23071945563026,102.16609104916233,129.8205041459559,157.88687076117375,185.09322136954844
RO1_DEMAND,test,Steel Reinforcement Bars,ETS,ETS_AAd_A,2024-05-01,2024-08-01,3,94.39,74.08318546016022,101.09744643342586,128.76572655879426,156.65494828098744,183.84444846172525
RO1_DEMAND,test,Steel Reinforcement Bars,ETS,ETS_AAd_A,2024-06-01,2024-09-01,3,226.32,92.29587534885574,119.31922755253757,146.98734745164148,175.01962276587875,202.1476080702813
RO1_DEMAND,test,Steel Reinforcement Bars,ETS,ETS_AAd_A,2024-07-01,2024-10-01,3,114.09,76.36641788611637,103.40145382958579,130.99133651867442,158.90385501243753,186.2150675901419
RO1_DEMAND,test,Steel Reinforcement Bars,ETS,ETS_AAd_A,2024-08-01,2024-11-01,3,140.53,68.80671875916222,95.81570787073258,123.3788692211582,151.27317313856383,178.63050635567146
RO1_DEMAND,test,Steel Reinforcement Bars,ETS,ETS_AAd_A,2024-09-01,2024-12-01,3,121.23,71.82529691074394,98.99368348267546,126.69003901906927,154.627630774826,182.35592950133065
RO1_DEMAND,test,Steel Reinforcement Bars,ETS,ETS_AAd_A,2024-10-01,2025-01-01,3,105.3,86.94418201379774,114.08588843386033,141.68795045140106,169.57926426243307,197.12327908035545
RO1_DEMAND,test,Steel Reinforcement Bars,ETS,ETS_AAd_A,2024-11-01,2025-02-01,3,231.33,57.09451987257193,84.21674919766508,111.76475471920125,139.61410465019924,167.15723059009198
RO1_DEMAND,test,Steel Reinforcement Bars,ETS,ETS_AAd_A,2024-12-01,2025-03-01,3,171.69,101.99651327149944,129.0720799778116,156.57574911115046,184.3783075763886,211.88065032225296
RO1_DEMAND,test,Steel Reinforcement Bars,ETS,ETS_AAd_A,2025-01-01,2025-04-01,3,152.83,90.50992692109114,117.46880658197088,145.0163372001406,172.77772335926448,200.2505041950219
RO1_DEMAND,test,Steel Reinforcement Bars,ETS,ETS_AAd_A,2025-02-01,2025-05-01,3,174.15,87.30328434085237,114.71735319888938,142.54131017007467,170.59721881051308,198.5070481262165
RO1_DEMAND,test,Steel Reinforcement Bars,ETS,ETS_AAd_A,2025-03-01,2025-06-01,3,109.58,94.08225128337654,121.40839742822564,149.23110932059836,177.28478932274794,205.1493322245494
RO1_DEMAND,test,Steel Reinforcement Bars,ETS,ETS_AAd_A,2025-04-01,2025-07-01,3,155.84,104.36601809846806,131.6570647801863,159.43087180672757,187.42505519795515,215.06647825075794
RO1_DEMAND,test,Steel Reinforcement Bars,ETS,ETS_AAd_A,2025-05-01,2025-08-01,3,125.51,98.9050419734148,126.14348279464437,153.97001528819672,182.0166031052319,209.76763854073397
RO1_DEMAND,test,Steel Reinforcement Bars,ETS,ETS_AAd_A,2025-06-01,2025-09-01,3,131.79,106.38780069979326,133.64843103792185,161.42566759223774,189.36849948087087,216.8324379175967
RO1_DEMAND,test,Steel Reinforcement Bars,ETS,ETS_AAd_A,2025-07-01,2025-10-01,3,146.31,93.2727434671943,120.48781411237317,148.21930582755078,176.1156644926478,203.5334175315522
RO1_DEMAND,test,Steel Reinforcement Bars,ETS,ETS_AAd_A,2025-08-01,2025-11-01,3,167.38,89.6491562174404,116.79033351346703,144.515289729558,172.37539839698934,199.7337209631785
RO1_DEMAND,test,Steel Reinforcement Bars,ETS,ETS_AAd_A,2025-09-01,2025-12-01,3,276.16,71.96530673587844,99.07075822482106,126.76879685684591,154.59784245802066,181.93424242494635
RO1_DEMAND,test,Steel Reinforcement Bars,ETS,ETS_AAd_A,2025-10-01,2026-01-01,3,235.92,91.60114341663717,118.65256980772538,146.3103277511044,174.09264794139733,201.396520720798
RO1_DEMAND,test,Steel Reinforcement Bars,ETS,ETS_AAd_A,2025-11-01,2026-02-01,3,165.5,70.93135111523877,97.94133618841423,125.57282362107468,153.3235619062201,180.58713753457883
RO1_DEMAND,test,Steel Reinforcement Bars,ETS,ETS_AAd_A,2025-12-01,2026-03-01,3,187.65,135.3383981315094,162.92305433516935,190.99093321763442,219.28285069508635,247.23276641890078
RO1_DEMAND,test,Steel Reinforcement Bars,ETS,ETS_AAd_A,2026-01-01,2026-04-01,3,232.35,141.77309712813533,169.48347160835388,197.77186939698805,226.37022081610849,254.34577982173022
RO1_DEMAND,test,Steel Reinforcement Bars,ETS,ETS_AAd_A,2026-02-01,2026-05-01,3,262.3,120.87033910304109,148.53032547674582,176.8643176855097,205.54932606351417,233.30075945659144
RO1_DEMAND,test,Steel Reinforcement Bars,ETS,ETS_AAd_A,2023-12-01,2024-06-01,6,168.8,80.54268294041916,107.47814370354257,137.19445488022842,167.13686486412612,193.24321455214547
RO1_DEMAND,test,Steel Reinforcement Bars,ETS,ETS_AAd_A,2024-01-01,2024-07-01,6,108.58,103.93288814985732,131.0412202697045,160.9325028777815,190.8905978586557,217.36727034349482
RO1_DEMAND,test,Steel Reinforcement Bars,ETS,ETS_AAd_A,2024-02-01,2024-08-01,6,94.39,78.82790983981161,105.68333617986156,135.1620864693557,164.95239036627027,191.13093458714974
RO1_DEMAND,test,Steel Reinforcement Bars,ETS,ETS_AAd_A,2024-03-01,2024-09-01,6,226.32,75.95210593805402,103.01129247883135,132.68777179823547,162.48063468601194,188.62330994201977
RO1_DEMAND,test,Steel Reinforcement Bars,ETS,ETS_AAd_A,2024-04-01,2024-10-01,6,114.09,62.490798223095204,89.50757110953231,119.15553111447048,148.88873199339858,175.0107386062577
RO1_DEMAND,test,Steel Reinforcement Bars,ETS,ETS_AAd_A,2024-05-01,2024-11-01,6,140.53,70.98313005802156,97.72221478469326,127.5291411085551,157.18722107886492,183.33380684260064
RO1_DEMAND,test,Steel Reinforcement Bars,ETS,ETS_AAd_A,2024-06-01,2024-12-01,6,121.23,65.81585073893832,92.7592805683495,122.53781464008559,152.25777291077694,178.40529233117016
RO1_DEMAND,test,Steel Reinforcement Bars,ETS,ETS_AAd_A,2024-07-01,2025-01-01,6,105.3,78.70370173512596,105.51052847605325,135.20644431065875,164.9606923099892,191.03606031980772
RO1_DEMAND,test,Steel Reinforcement Bars,ETS,ETS_AAd_A,2024-08-01,2025-02-01,6,231.33,41.610469006337354,68.43184711295358,98.11743349378325,127.90427430239512,153.92969219484166
RO1_DEMAND,test,Steel Reinforcement Bars,ETS,ETS_AAd_A,2024-09-01,2025-03-01,6,171.69,102.5990083219665,129.34225599898124,159.20884049979009,189.1944902160282,215.32516445386253
RO1_DEMAND,test,Steel Reinforcement Bars,ETS,ETS_AAd_A,2024-10-01,2025-04-01,6,152.83,93.3088051533249,119.81354878541033,149.44669958450658,179.46617802566118,205.44110057580212
RO1_DEMAND,test,Steel Reinforcement Bars,ETS,ETS_AAd_A,2024-11-01,2025-05-01,6,174.15,70.31897648910409,96.84815351276745,126.49871029674534,156.4672781048772,182.42786158941604
RO1_DEMAND,test,Steel Reinforcement Bars,ETS,ETS_AAd_A,2024-12-01,2025-06-01,6,109.58,76.79131063905425,103.28208046436501,132.893353285741,162.8051750276195,188.72536885488284
RO1_DEMAND,test,Steel Reinforcement Bars,ETS,ETS_AAd_A,2025-01-01,2025-07-01,6,155.84,83.35068020574545,109.65575415859918,139.27055534269095,169.08059262707997,194.91019613213194
RO1_DEMAND,test,Steel Reinforcement Bars,ETS,ETS_AAd_A,2025-02-01,2025-08-01,6,125.51,92.6098883399487,119.37665777924768,149.51138500457284,179.59808674167135,205.78424301532874
RO1_DEMAND,test,Steel Reinforcement Bars,ETS,ETS_AAd_A,2025-03-01,2025-09-01,6,131.79,107.60582279693637,134.26413877487335,164.30068738046828,194.40700427110673,220.5614111794094
RO1_DEMAND,test,Steel Reinforcement Bars,ETS,ETS_AAd_A,2025-04-01,2025-10-01,6,146.31,92.11874898791987,119.04764424649585,149.0396425904799,179.00829941378322,204.99525435500553
RO1_DEMAND,test,Steel Reinforcement Bars,ETS,ETS_AAd_A,2025-05-01,2025-11-01,6,167.38,98.04064735547553,124.61697350239055,154.52943103523967,184.6486520653116,210.74520096271863
RO1_DEMAND,test,Steel Reinforcement Bars,ETS,ETS_AAd_A,2025-06-01,2025-12-01,6,276.16,76.96820148896134,103.90025964292074,133.87436942501157,163.74349079769195,189.6447657166588
RO1_DEMAND,test,Steel Reinforcement Bars,ETS,ETS_AAd_A,2025-07-01,2026-01-01,6,235.92,95.4435852535627,122.3303983053197,152.25564835972932,182.07468491139758,207.93308233295105
RO1_DEMAND,test,Steel Reinforcement Bars,ETS,ETS_AAd_A,2025-08-01,2026-02-01,6,165.5,66.82682799911828,93.61614196936429,123.54098712201207,153.3098932913063,179.14094128789273
RO1_DEMAND,test,Steel Reinforcement Bars,ETS,ETS_AAd_A,2025-09-01,2026-03-01,6,187.65,103.62600298453293,130.3758027277076,160.27502244627854,190.010362085572,215.81484741485568
RO1_DEMAND,test,Steel Reinforcement Bars,ETS,ETS_AAd_A,2025-10-01,2026-04-01,6,232.35,99.21418354225587,125.90404083212633,155.76542377195202,185.446723525889,211.2143907000454
RO1_DEMAND,test,Steel Reinforcement Bars,ETS,ETS_AAd_A,2025-11-01,2026-05-01,6,262.3,81.36214194377534,107.98627058103054,137.8196733420259,167.4685522950436,193.2340149429386
RO1_DEMAND,test,Steel Reinforcement Bars,ETS,ETS_AAd_A,2023-06-01,2024-06-01,12,168.8,38.2313124807339,68.3556291985648,97.60189140284088,127.12470156431579,154.20050350511144
RO1_DEMAND,test,Steel Reinforcement Bars,ETS,ETS_AAd_A,2023-07-01,2024-07-01,12,108.58,58.756443936458055,88.71648000749167,117.970763400175,148.0225846060385,175.0398561522617
RO1_DEMAND,test,Steel Reinforcement Bars,ETS,ETS_AAd_A,2023-08-01,2024-08-01,12,94.39,59.51941045881589,89.45623293899101,119.28841167620797,149.77557138074337,177.77810326744566
RO1_DEMAND,test,Steel Reinforcement Bars,ETS,ETS_AAd_A,2023-09-01,2024-09-01,12,226.32,71.86519788878675,101.69160580851717,131.60861120604517,162.1574677974568,190.29732043550024
RO1_DEMAND,test,Steel Reinforcement Bars,ETS,ETS_AAd_A,2023-10-01,2024-10-01,12,114.09,70.40135619703372,100.96637824963676,130.46599868827104,161.6266596360863,190.7239959977816
RO1_DEMAND,test,Steel Reinforcement Bars,ETS,ETS_AAd_A,2023-11-01,2024-11-01,12,140.53,80.65901961319932,111.62581607477011,142.6514119734818,174.21926032749033,204.0619421814811
RO1_DEMAND,test,Steel Reinforcement Bars,ETS,ETS_AAd_A,2023-12-01,2024-12-01,12,121.23,66.06806583323248,96.9088209558162,127.56902454389196,159.18094759498413,188.76424923545085
RO1_DEMAND,test,Steel Reinforcement Bars,ETS,ETS_AAd_A,2024-01-01,2025-01-01,12,105.3,92.2532220790331,124.2135814783351,155.6043056343599,187.3179311978575,217.5652640859423
RO1_DEMAND,test,Steel Reinforcement Bars,ETS,ETS_AAd_A,2024-02-01,2025-02-01,12,231.33,49.31779801372992,79.74234417014156,109.45489907997438,141.01080173915068,170.56775719152617
RO1_DEMAND,test,Steel Reinforcement Bars,ETS,ETS_AAd_A,2024-03-01,2025-03-01,12,171.69,82.1206611877939,112.81282098665038,142.53823030837754,173.77012072343217,202.94475672763826
RO1_DEMAND,test,Steel Reinforcement Bars,ETS,ETS_AAd_A,2024-04-01,2025-04-01,12,152.83,72.11447609354869,102.81115721360806,132.38279880970748,163.68637971731016,192.90919007918083
RO1_DEMAND,test,Steel Reinforcement Bars,ETS,ETS_AAd_A,2024-05-01,2025-05-01,12,174.15,57.93570985512133,88.39804224213118,118.41089436591261,149.14736065559762,177.9479302231216
RO1_DEMAND,test,Steel Reinforcement Bars,ETS,ETS_AAd_A,2024-06-01,2025-06-01,12,109.58,72.35583064700154,102.89389707894367,132.86662998432587,163.72817277770557,192.7292759092267
RO1_DEMAND,test,Steel Reinforcement Bars,ETS,ETS_AAd_A,2024-07-01,2025-07-01,12,155.84,78.56938427021905,108.79514618648403,138.7747873894056,169.61727870152112,198.25188086082838
RO1_DEMAND,test,Steel Reinforcement Bars,ETS,ETS_AAd_A,2024-08-01,2025-08-01,12,125.51,61.31721971873685,91.48437171495885,121.48704820199559,152.33632000992802,180.9438552971515
RO1_DEMAND,test,Steel Reinforcement Bars,ETS,ETS_AAd_A,2024-09-01,2025-09-01,12,131.79,91.90723583872514,122.0146118433476,152.17328393899464,183.0624236337185,211.5755683636678
RO1_DEMAND,test,Steel Reinforcement Bars,ETS,ETS_AAd_A,2024-10-01,2025-10-01,12,146.31,74.49330180417498,104.72659936267695,134.80920518315006,165.5871415081381,193.8176162395028
RO1_DEMAND,test,Steel Reinforcement Bars,ETS,ETS_AAd_A,2024-11-01,2025-11-01,12,167.38,75.30933366708881,105.43898113790486,135.4813852822005,166.18423407805017,194.38945409992417
RO1_DEMAND,test,Steel Reinforcement Bars,ETS,ETS_AAd_A,2024-12-01,2025-12-01,12,276.16,61.789175167137664,91.85709131583691,121.84928759265256,152.4999153502497,180.66279910720985
RO1_DEMAND,test,Steel Reinforcement Bars,ETS,ETS_AAd_A,2025-01-01,2026-01-01,12,235.92,74.09297059728817,104.30208680663915,134.08953990817386,164.82798960763427,192.99059843411027
RO1_DEMAND,test,Steel Reinforcement Bars,ETS,ETS_AAd_A,2025-02-01,2026-02-01,12,165.5,69.15877942538238,99.74897927937074,129.80184758738707,160.82698798154206,189.19923733489748
RO1_DEMAND,test,Steel Reinforcement Bars,ETS,ETS_AAd_A,2025-03-01,2026-03-01,12,187.65,110.23856349339232,140.86840592263673,170.94676740683997,201.9971708977544,230.3542577073454
RO1_DEMAND,test,Steel Reinforcement Bars,ETS,ETS_AAd_A,2025-04-01,2026-04-01,12,232.35,102.64502004309752,133.07940582777877,163.1071902029996,193.8257336878567,222.01909514381353
RO1_DEMAND,test,Steel Reinforcement Bars,ETS,ETS_AAd_A,2025-05-01,2026-05-01,12,262.3,85.87848777448303,116.38981214294218,146.48280471961104,177.54165681140358,206.00378383726436
RO1_DEMAND,test,Steel Reinforcement Bars,SARIMA,"(1, 1, 1)(0, 1, 1, 12)",2024-05-01,2024-06-01,1,168.8,81.6815255491135,106.87894746544632,134.87511257455537,162.87127768366443,188.06869959999725
RO1_DEMAND,test,Steel Reinforcement Bars,SARIMA,"(1, 1, 1)(0, 1, 1, 12)",2024-06-01,2024-07-01,1,108.58,102.39344289842079,127.5938506302177,155.5933331970808,183.5928157639439,208.7932234957408
RO1_DEMAND,test,Steel Reinforcement Bars,SARIMA,"(1, 1, 1)(0, 1, 1, 12)",2024-07-01,2024-08-01,1,94.39,63.54563099092612,88.73227230004906,116.71645937186422,144.70064644367937,169.8872877528023
RO1_DEMAND,test,Steel Reinforcement Bars,SARIMA,"(1, 1, 1)(0, 1, 1, 12)",2024-08-01,2024-09-01,1,226.32,72.69579919823153,97.85352348452466,125.80558164456878,153.7576398046129,178.91536409090602
RO1_DEMAND,test,Steel Reinforcement Bars,SARIMA,"(1, 1, 1)(0, 1, 1, 12)",2024-09-01,2024-10-01,1,114.09,105.86492933263428,131.2610232504032,159.4779273769098,187.6948315034164,213.09092542118532
RO1_DEMAND,test,Steel Reinforcement Bars,SARIMA,"(1, 1, 1)(0, 1, 1, 12)",2024-10-01,2024-11-01,1,140.53,70.67206224394195,96.04686771128786,124.24011882380998,152.4333699363321,177.808175403678
RO1_DEMAND,test,Steel Reinforcement Bars,SARIMA,"(1, 1, 1)(0, 1, 1, 12)",2024-11-01,2024-12-01,1,121.23,61.16177438338479,86.49180429016587,114.63530650414637,142.77880871812687,168.10883862490795
RO1_DEMAND,test,Steel Reinforcement Bars,SARIMA,"(1, 1, 1)(0, 1, 1, 12)",2024-12-01,2025-01-01,1,105.3,88.544447302122,113.82297812479786,141.9092611174483,169.99554411009873,195.2740749327746
RO1_DEMAND,test,Steel Reinforcement Bars,SARIMA,"(1, 1, 1)(0, 1, 1, 12)",2025-01-01,2025-02-01,1,231.33,42.01620733516727,67.2641625169507,95.31647375274508,123.36878498853946,148.61674017032288
RO1_DEMAND,test,Steel Reinforcement Bars,SARIMA,"(1, 1, 1)(0, 1, 1, 12)",2025-02-01,2025-03-01,1,171.69,136.14366004093114,161.7845392341558,190.27341757336927,218.76229591258274,244.4031751058074
RO1_DEMAND,test,Steel Reinforcement Bars,SARIMA,"(1, 1, 1)(0, 1, 1, 12)",2025-03-01,2025-04-01,1,152.83,109.24204009378292,134.83947782431082,163.28008954457104,191.72070126483126,217.31813899535916
RO1_DEMAND,test,Steel Reinforcement Bars,SARIMA,"(1, 1, 1)(0, 1, 1, 12)",2025-04-01,2025-05-01,1,174.15,77.85976385815108,103.40629986520986,131.79035607517574,160.1744122851416,185.72094829220038
RO1_DEMAND,test,Steel Reinforcement Bars,SARIMA,"(1, 1, 1)(0, 1, 1, 12)",2025-05-01,2025-06-01,1,109.58,101.94471260168368,127.46857541351068,155.8274400574756,184.18630470144052,209.71016751326752
RO1_DEMAND,test,Steel Reinforcement Bars,SARIMA,"(1, 1, 1)(0, 1, 1, 12)",2025-06-01,2025-07-01,1,155.84,94.30621936343596,119.79395331750825,148.11267617751355,176.43139903751884,201.91913299159114
RO1_DEMAND,test,Steel Reinforcement Bars,SARIMA,"(1, 1, 1)(0, 1, 1, 12)",2025-07-01,2025-08-01,1,125.51,89.54822732717292,114.99362607325888,143.2653114436095,171.53699681396012,196.9823955600461
RO1_DEMAND,test,Steel Reinforcement Bars,SARIMA,"(1, 1, 1)(0, 1, 1, 12)",2025-08-01,2025-09-01,1,131.79,100.3970062674774,125.81218734921606,154.05029870064175,182.28841005206743,207.7035911338061
RO1_DEMAND,test,Steel Reinforcement Bars,SARIMA,"(1, 1, 1)(0, 1, 1, 12)",2025-09-01,2025-10-01,1,146.31,82.86602734224684,108.22561542638127,136.40195892135694,164.5783024163326,189.93789050046703
RO1_DEMAND,test,Steel Reinforcement Bars,SARIMA,"(1, 1, 1)(0, 1, 1, 12)",2025-10-01,2025-11-01,1,167.38,88.46560557922602,113.78695047352494,141.92080300809644,170.05465554266794,195.37600043696688
RO1_DEMAND,test,Steel Reinforcement Bars,SARIMA,"(1, 1, 1)(0, 1, 1, 12)",2025-11-01,2025-12-01,1,276.16,81.48184268793324,106.76727689106801,134.86123004060116,162.9551831901343,188.24061739326908
RO1_DEMAND,test,Steel Reinforcement Bars,SARIMA,"(1, 1, 1)(0, 1, 1, 12)",2025-12-01,2026-01-01,1,235.92,140.81416380686943,166.50941865911966,195.05871230324212,223.60800594736457,249.3032607996148
RO1_DEMAND,test,Steel Reinforcement Bars,SARIMA,"(1, 1, 1)(0, 1, 1, 12)",2026-01-01,2026-02-01,1,165.5,109.4546226014107,135.13410565659092,163.66587568911908,192.19764572164723,217.87712877682745
RO1_DEMAND,test,Steel Reinforcement Bars,SARIMA,"(1, 1, 1)(0, 1, 1, 12)",2026-02-01,2026-03-01,1,187.65,141.49641587855103,167.13139529908597,195.61371856251125,224.09604182593654,249.73102124647147
RO1_DEMAND,test,Steel Reinforcement Bars,SARIMA,"(1, 1, 1)(0, 1, 1, 12)",2026-03-01,2026-04-01,1,232.35,131.14273688288122,156.73537843518773,185.17066125323626,213.6059440712848,239.1985856235913
RO1_DEMAND,test,Steel Reinforcement Bars,SARIMA,"(1, 1, 1)(0, 1, 1, 12)",2026-04-01,2026-05-01,1,262.3,125.11356750320425,150.71658539552197,179.16339708065644,207.6102087657909,233.21322665810862
RO1_DEMAND,test,Steel Reinforcement Bars,SARIMA,"(1, 1, 1)(0, 1, 1, 12)",2024-03-01,2024-06-01,3,168.8,58.64888314544778,85.7323129419119,115.82396973205724,145.91562652220256,172.9990563186667
RO1_DEMAND,test,Steel Reinforcement Bars,SARIMA,"(1, 1, 1)(0, 1, 1, 12)",2024-04-01,2024-07-01,3,108.58,74.61796215752517,101.66418516945834,131.714502520737,161.76481987201566,188.81104288394883
RO1_DEMAND,test,Steel Reinforcement Bars,SARIMA,"(1, 1, 1)(0, 1, 1, 12)",2024-05-01,2024-08-01,3,94.39,69.21139759810973,96.24292142164737,126.27690690744163,156.3108923932359,183.34241621677353
RO1_DEMAND,test,Steel Reinforcement Bars,SARIMA,"(1, 1, 1)(0, 1, 1, 12)",2024-06-01,2024-09-01,3,226.32,85.57918472591192,112.66127167928849,142.7514364732717,172.8416012672549,199.92368822063148
RO1_DEMAND,test,Steel Reinforcement Bars,SARIMA,"(1, 1, 1)(0, 1, 1, 12)",2024-07-01,2024-10-01,3,114.09,72.19057165433713,99.20232554515624,129.21434520038173,159.22636485560722,186.23811874642632
RO1_DEMAND,test,Steel Reinforcement Bars,SARIMA,"(1, 1, 1)(0, 1, 1, 12)",2024-08-01,2024-11-01,3,140.53,63.214199226897954,90.20984111641745,120.20395916845038,150.1980772204833,177.1937191100028
RO1_DEMAND,test,Steel Reinforcement Bars,SARIMA,"(1, 1, 1)(0, 1, 1, 12)",2024-09-01,2024-12-01,3,121.23,58.96391634081198,86.16462654110128,116.38659037458046,146.60855420805964,173.80926440834895
RO1_DEMAND,test,Steel Reinforcement Bars,SARIMA,"(1, 1, 1)(0, 1, 1, 12)",2024-10-01,2025-01-01,3,105.3,79.64133055288474,106.72814652301781,136.8235655979492,166.91898467288058,194.00580064301366
RO1_DEMAND,test,Steel Reinforcement Bars,SARIMA,"(1, 1, 1)(0, 1, 1, 12)",2024-11-01,2025-02-01,3,231.33,48.85574329379883,75.88358707034692,105.91348375676041,135.9433804431739,162.971224219722
RO1_DEMAND,test,Steel Reinforcement Bars,SARIMA,"(1, 1, 1)(0, 1, 1, 12)",2024-12-01,2025-03-01,3,171.69,97.00539880002157,123.97800665442381,153.94653222114562,183.91505778786743,210.88766564226967
RO1_DEMAND,test,Steel Reinforcement Bars,SARIMA,"(1, 1, 1)(0, 1, 1, 12)",2025-01-01,2025-04-01,3,152.83,88.43300568628112,115.3665852743843,145.29174760375358,175.21690993312285,202.15048952122604
RO1_DEMAND,test,Steel Reinforcement Bars,SARIMA,"(1, 1, 1)(0, 1, 1, 12)",2025-02-01,2025-05-01,3,174.15,80.73769597019835,108.00379049777263,138.29840106583825,168.59301163390387,195.85910616147817
RO1_DEMAND,test,Steel Reinforcement Bars,SARIMA,"(1, 1, 1)(0, 1, 1, 12)",2025-03-01,2025-06-01,3,109.58,87.68537173395052,114.86017070841446,145.05334528881866,175.24651986922285,202.4213188436868
RO1_DEMAND,test,Steel Reinforcement Bars,SARIMA,"(1, 1, 1)(0, 1, 1, 12)",2025-04-01,2025-07-01,3,155.84,98.22747187533375,125.34433018536629,155.47312848103235,185.6019267766984,212.71878508673095
RO1_DEMAND,test,Steel Reinforcement Bars,SARIMA,"(1, 1, 1)(0, 1, 1, 12)",2025-05-01,2025-08-01,3,125.51,91.63854994886977,118.72571015785823,148.82151170715008,178.91731325644193,206.0044734654304
RO1_DEMAND,test,Steel Reinforcement Bars,SARIMA,"(1, 1, 1)(0, 1, 1, 12)",2025-06-01,2025-09-01,3,131.79,100.99861453645163,128.00576265194348,158.01266495639615,188.01956726084882,215.0267153763407
RO1_DEMAND,test,Steel Reinforcement Bars,SARIMA,"(1, 1, 1)(0, 1, 1, 12)",2025-07-01,2025-10-01,3,146.31,89.60121731374635,116.5590210591642,146.51109818601003,176.46317531285587,203.4209790582737
RO1_DEMAND,test,Steel Reinforcement Bars,SARIMA,"(1, 1, 1)(0, 1, 1, 12)",2025-08-01,2025-11-01,3,167.38,85.87647703524698,112.80151482397528,142.71718659409518,172.63285836421508,199.55789615294339
RO1_DEMAND,test,Steel Reinforcement Bars,SARIMA,"(1, 1, 1)(0, 1, 1, 12)",2025-09-01,2025-12-01,3,276.16,68.46651094486941,95.3350649954271,125.18797923165899,155.04089346789087,181.90944751844856
RO1_DEMAND,test,Steel Reinforcement Bars,SARIMA,"(1, 1, 1)(0, 1, 1, 12)",2025-10-01,2026-01-01,3,235.92,90.07474071314495,116.89905073229578,146.70280663747016,176.50656254264453,203.3308725617954
RO1_DEMAND,test,Steel Reinforcement Bars,SARIMA,"(1, 1, 1)(0, 1, 1, 12)",2025-11-01,2026-02-01,3,165.5,69.04511580625248,95.82497246091995,125.57933745079103,155.3337024406621,182.11355909532958
RO1_DEMAND,test,Steel Reinforcement Bars,SARIMA,"(1, 1, 1)(0, 1, 1, 12)",2025-12-01,2026-03-01,3,187.65,129.74014262596987,157.01903197940905,187.32785852792875,217.63668507644846,244.91557442988764
RO1_DEMAND,test,Steel Reinforcement Bars,SARIMA,"(1, 1, 1)(0, 1, 1, 12)",2026-01-01,2026-04-01,3,232.35,129.68115709150698,157.06198250986432,187.48406742717657,217.90615234448882,245.28697776284616
RO1_DEMAND,test,Steel Reinforcement Bars,SARIMA,"(1, 1, 1)(0, 1, 1, 12)",2026-02-01,2026-05-01,3,262.3,107.37328593805367,134.70878848166805,165.0805163946512,195.45224430763434,222.78774685124873
RO1_DEMAND,test,Steel Reinforcement Bars,SARIMA,"(1, 1, 1)(0, 1, 1, 12)",2023-12-01,2024-06-01,6,168.8,68.79558128127934,96.60844104326176,127.51054748250175,158.41265392174174,186.22551368372416
RO1_DEMAND,test,Steel Reinforcement Bars,SARIMA,"(1, 1, 1)(0, 1, 1, 12)",2024-01-01,2024-07-01,6,108.58,94.86491616683931,122.79134366002462,153.81963209377105,184.8479205275175,212.7743480207028
RO1_DEMAND,test,Steel Reinforcement Bars,SARIMA,"(1, 1, 1)(0, 1, 1, 12)",2024-02-01,2024-08-01,6,94.39,67.93539436835604,95.74370688594495,126.64076100652889,157.53781512711282,185.34612764470174
RO1_DEMAND,test,Steel Reinforcement Bars,SARIMA,"(1, 1, 1)(0, 1, 1, 12)",2024-03-01,2024-09-01,6,226.32,71.49046251615746,99.28422347051509,130.16510974788986,161.04599602526463,188.83975697962225
RO1_DEMAND,test,Steel Reinforcement Bars,SARIMA,"(1, 1, 1)(0, 1, 1, 12)",2024-04-01,2024-10-01,6,114.09,64.51297014018004,92.25694876496345,123.08252325993034,153.90809775489723,181.65207637968064
RO1_DEMAND,test,Steel Reinforcement Bars,SARIMA,"(1, 1, 1)(0, 1, 1, 12)",2024-05-01,2024-11-01,6,140.53,67.0609411044178,94.82179535162796,125.66611988829939,156.5104444249708,184.271298672181
RO1_DEMAND,test,Steel Reinforcement Bars,SARIMA,"(1, 1, 1)(0, 1, 1, 12)",2024-06-01,2024-12-01,6,121.23,52.38195683867905,80.21286273724685,111.13501974440223,142.0571767515576,169.8880826501254
RO1_DEMAND,test,Steel Reinforcement Bars,SARIMA,"(1, 1, 1)(0, 1, 1, 12)",2024-07-01,2025-01-01,6,105.3,73.6083564414532,101.33424881013283,132.1397281614867,162.94520751284054,190.67109988152018
RO1_DEMAND,test,Steel Reinforcement Bars,SARIMA,"(1, 1, 1)(0, 1, 1, 12)",2024-08-01,2025-02-01,6,231.33,36.70307185791563,64.39643362825302,95.16576912309202,125.93510461793102,153.6284663882684
RO1_DEMAND,test,Steel Reinforcement Bars,SARIMA,"(1, 1, 1)(0, 1, 1, 12)",2024-09-01,2025-03-01,6,171.69,97.89242145602086,125.83563764434102,156.8825795372597,187.92952143017834,215.87273761849852
RO1_DEMAND,test,Steel Reinforcement Bars,SARIMA,"(1, 1, 1)(0, 1, 1, 12)",2024-10-01,2025-04-01,6,152.83,89.21792957896974,117.01994199984969,147.90999625559616,178.80005051134262,206.60206293222257
RO1_DEMAND,test,Steel Reinforcement Bars,SARIMA,"(1, 1, 1)(0, 1, 1, 12)",2024-11-01,2025-05-01,6,174.15,63.0036204555925,90.7572399380009,121.59352612572582,152.42981231345073,180.18343179585912
RO1_DEMAND,test,Steel Reinforcement Bars,SARIMA,"(1, 1, 1)(0, 1, 1, 12)",2024-12-01,2025-06-01,6,109.58,75.77041238875539,103.46959209085945,134.24539173027938,165.0211913696993,192.72037107180336
RO1_DEMAND,test,Steel Reinforcement Bars,SARIMA,"(1, 1, 1)(0, 1, 1, 12)",2025-01-01,2025-07-01,6,155.84,82.35742264881837,109.99916797529286,140.7111538535906,171.4231397318883,199.0648850583628
RO1_DEMAND,test,Steel Reinforcement Bars,SARIMA,"(1, 1, 1)(0, 1, 1, 12)",2025-02-01,2025-08-01,6,125.51,87.11872371932299,115.14489918441082,146.2840148567515,177.4231305290922,205.44930599418
RO1_DEMAND,test,Steel Reinforcement Bars,SARIMA,"(1, 1, 1)(0, 1, 1, 12)",2025-03-01,2025-09-01,6,131.79,102.88850131667827,130.81088621683574,161.83468303623158,192.85847985562742,220.78086475578488
RO1_DEMAND,test,Steel Reinforcement Bars,SARIMA,"(1, 1, 1)(0, 1, 1, 12)",2025-04-01,2025-10-01,6,146.31,88.23908615831547,116.09428200758074,147.04342691343766,177.99257181929457,205.84776766855984
RO1_DEMAND,test,Steel Reinforcement Bars,SARIMA,"(1, 1, 1)(0, 1, 1, 12)",2025-05-01,2025-11-01,6,167.38,92.32933703549419,120.17921941646613,151.12246067328562,182.0657019301051,209.91558431107705
RO1_DEMAND,test,Steel Reinforcement Bars,SARIMA,"(1, 1, 1)(0, 1, 1, 12)",2025-06-01,2025-12-01,6,276.16,70.7922485363884,98.5306181281231,129.349960580151,160.16930303217887,187.90767262391358
RO1_DEMAND,test,Steel Reinforcement Bars,SARIMA,"(1, 1, 1)(0, 1, 1, 12)",2025-07-01,2026-01-01,6,235.92,92.45077935205977,120.14232072749161,150.90963363142794,181.67694653536427,209.3684879107961
RO1_DEMAND,test,Steel Reinforcement Bars,SARIMA,"(1, 1, 1)(0, 1, 1, 12)",2025-08-01,2026-02-01,6,165.5,65.56085099619665,93.20623246506719,123.92225836155478,154.63828425804238,182.28366572691291
RO1_DEMAND,test,Steel Reinforcement Bars,SARIMA,"(1, 1, 1)(0, 1, 1, 12)",2025-09-01,2026-03-01,6,187.65,103.14279525757237,130.72196494745066,161.36442475043117,192.00688455341168,219.58605424328996
RO1_DEMAND,test,Steel Reinforcement Bars,SARIMA,"(1, 1, 1)(0, 1, 1, 12)",2025-10-01,2026-04-01,6,232.35,99.44404653095441,126.9791683014186,157.57268766800348,188.16620703458835,215.70132880505255
RO1_DEMAND,test,Steel Reinforcement Bars,SARIMA,"(1, 1, 1)(0, 1, 1, 12)",2025-11-01,2026-05-01,6,262.3,80.13790975643141,107.63782261438104,138.19222232295715,168.74662203153326,196.2465348894829
RO1_DEMAND,test,Steel Reinforcement Bars,SARIMA,"(1, 1, 1)(0, 1, 1, 12)",2023-06-01,2024-06-01,12,168.8,35.228447068702046,63.73774430726252,95.41364334509419,127.08954238292586,155.59883962148632
RO1_DEMAND,test,Steel Reinforcement Bars,SARIMA,"(1, 1, 1)(0, 1, 1, 12)",2023-07-01,2024-07-01,12,108.58,56.320502928035445,84.8394218277099,116.5260112295822,148.2126006314545,176.73151953112895
RO1_DEMAND,test,Steel Reinforcement Bars,SARIMA,"(1, 1, 1)(0, 1, 1, 12)",2023-08-01,2024-08-01,12,94.39,48.815744787237335,77.60514480413325,109.59225836446002,141.5793719247868,170.36877194168272
RO1_DEMAND,test,Steel Reinforcement Bars,SARIMA,"(1, 1, 1)(0, 1, 1, 12)",2023-09-01,2024-09-01,12,226.32,61.70514091788529,90.46091993231627,122.41067811798342,154.36043630365057,183.11621531808157
RO1_DEMAND,test,Steel Reinforcement Bars,SARIMA,"(1, 1, 1)(0, 1, 1, 12)",2023-10-01,2024-10-01,12,114.09,64.37072838824494,93.30422745590056,125.45144552336818,157.5986635908358,186.53216265849142
RO1_DEMAND,test,Steel Reinforcement Bars,SARIMA,"(1, 1, 1)(0, 1, 1, 12)",2023-11-01,2024-11-01,12,140.53,66.79038644383238,96.08187280693713,128.6268407499133,161.17180869288947,190.46329505599422
RO1_DEMAND,test,Steel Reinforcement Bars,SARIMA,"(1, 1, 1)(0, 1, 1, 12)",2023-12-01,2024-12-01,12,121.23,46.862617556788166,76.11280764023034,108.61189241834686,141.11097719646335,170.36116727990554
RO1_DEMAND,test,Steel Reinforcement Bars,SARIMA,"(1, 1, 1)(0, 1, 1, 12)",2024-01-01,2025-01-01,12,105.3,83.96262734908838,113.46021333565247,146.2341729233474,179.0081325110423,208.50571849760638
RO1_DEMAND,test,Steel Reinforcement Bars,SARIMA,"(1, 1, 1)(0, 1, 1, 12)",2024-02-01,2025-02-01,12,231.33,39.03450796047124,68.24121632319817,100.69198975278013,133.1427631823621,162.34947154508902
RO1_DEMAND,test,Steel Reinforcement Bars,SARIMA,"(1, 1, 1)(0, 1, 1, 12)",2024-03-01,2025-03-01,12,171.69,78.85145150403639,107.91884617939687,140.2148319879904,172.51081779658395,201.57821247194443
RO1_DEMAND,test,Steel Reinforcement Bars,SARIMA,"(1, 1, 1)(0, 1, 1, 12)",2024-04-01,2025-04-01,12,152.83,74.89968731690188,103.89009832206952,136.10054968398117,168.31100104589282,197.30141205106048
RO1_DEMAND,test,Steel Reinforcement Bars,SARIMA,"(1, 1, 1)(0, 1, 1, 12)",2024-05-01,2025-05-01,12,174.15,54.7009668188875,83.77701578070966,116.0826171298727,148.38821847903574,177.4642674408579
RO1_DEMAND,test,Steel Reinforcement Bars,SARIMA,"(1, 1, 1)(0, 1, 1, 12)",2024-06-01,2025-06-01,12,109.58,72.19554167451518,101.37279612661276,133.79084412309976,166.20889211958678,195.38614657168432
RO1_DEMAND,test,Steel Reinforcement Bars,SARIMA,"(1, 1, 1)(0, 1, 1, 12)",2024-07-01,2025-07-01,12,155.84,76.92249983408654,105.93384162793362,138.16754861566602,170.40125560339843,199.41259739724552
RO1_DEMAND,test,Steel Reinforcement Bars,SARIMA,"(1, 1, 1)(0, 1, 1, 12)",2024-08-01,2025-08-01,12,125.51,58.915486670682235,87.86694983296965,120.03412731378589,152.20130479460212,181.15276795688953
RO1_DEMAND,test,Steel Reinforcement Bars,SARIMA,"(1, 1, 1)(0, 1, 1, 12)",2024-09-01,2025-09-01,12,131.79,93.57995413652199,122.87441214322399,155.42268179798123,187.97095145273846,217.26540945944046
RO1_DEMAND,test,Steel Reinforcement Bars,SARIMA,"(1, 1, 1)(0, 1, 1, 12)",2024-10-01,2025-10-01,12,146.31,73.51569465719706,102.62886160223655,134.97570372555975,167.32254584888295,196.43571279392245
RO1_DEMAND,test,Steel Reinforcement Bars,SARIMA,"(1, 1, 1)(0, 1, 1, 12)",2024-11-01,2025-11-01,12,167.38,72.51897558400893,101.59947204441964,133.91001488740778,166.2205577303959,195.30105419080664
RO1_DEMAND,test,Steel Reinforcement Bars,SARIMA,"(1, 1, 1)(0, 1, 1, 12)",2024-12-01,2025-12-01,12,276.16,55.194190374548185,84.2228353437605,116.47576741555291,148.72869948734532,177.75734445655763
RO1_DEMAND,test,Steel Reinforcement Bars,SARIMA,"(1, 1, 1)(0, 1, 1, 12)",2025-01-01,2026-01-01,12,235.92,73.7190786549719,102.65600728248475,134.80703583994355,166.95806439740235,195.8949930249152
RO1_DEMAND,test,Steel Reinforcement Bars,SARIMA,"(1, 1, 1)(0, 1, 1, 12)",2025-02-01,2026-02-01,12,165.5,69.12293752835272,98.55402435792847,131.25409855429865,163.95417275066882,193.38525958024456
RO1_DEMAND,test,Steel Reinforcement Bars,SARIMA,"(1, 1, 1)(0, 1, 1, 12)",2025-03-01,2026-03-01,12,187.65,106.76338346164269,136.07170720478587,168.63538269939667,201.19905819400748,230.50738193715065
RO1_DEMAND,test,Steel Reinforcement Bars,SARIMA,"(1, 1, 1)(0, 1, 1, 12)",2025-04-01,2026-04-01,12,232.35,100.820595544625,130.04367795051874,162.51264413083226,194.98161031114577,224.2046927170395
RO1_DEMAND,test,Steel Reinforcement Bars,SARIMA,"(1, 1, 1)(0, 1, 1, 12)",2025-05-01,2026-05-01,12,262.3,82.72004263466583,111.98473790910128,144.49993900750388,177.01514010590648,206.27983538034192
